{"type":"FeatureCollection","features":[{"type":"Feature","properties":{"id":138171840,"highway":"secondary"},"geometry":{"type":"LineString","coordinates":[[139.296196,36.507044],[139.296277,36.50729],[139.296349,36.507597],[139.296384,36.507848],[139.296386,36.508075],[139.29635,36.508278],[139.296314,36.508377],[139.296279,36.508438],[139.296236,36.50852],[139.296051,36.508816],[139.296014,36.508878],[139.296011,36.508895],[139.296008,36.508915],[139.296019,36.50895],[139.296097,36.509097],[139.296174,36.509336],[139.296264,36.509639],[139.29633,36.509863],[139.296428,36.51011],[139.296533,36.510321],[139.296736,36.510582],[139.297214,36.511191],[139.297302,36.511309],[139.297415,36.511418],[139.297504,36.511482],[139.297597,36.511536],[139.297826,36.511647],[139.298066,36.511766],[139.298293,36.511894],[139.298411,36.511971],[139.298612,36.51213],[139.298769,36.512249],[139.298896,36.512328],[139.29908,36.512441],[139.299189,36.512503],[139.299449,36.512631],[139.299647,36.512721],[139.300015,36.512876],[139.300139,36.512939],[139.300223,36.512993],[139.300283,36.513038],[139.300378,36.513135],[139.300535,36.513321],[139.300608,36.513412],[139.300663,36.513499],[139.300674,36.513518],[139.300703,36.513571],[139.30076,36.513673],[139.300874,36.513878],[139.300978,36.514038],[139.301065,36.514153],[139.301157,36.514259],[139.301321,36.514414],[139.301543,36.514616],[139.301704,36.514763],[139.301816,36.514855],[139.301974,36.514984],[139.302066,36.51505],[139.302205,36.515151],[139.302775,36.515562],[139.302925,36.515668],[139.303673,36.516198],[139.303781,36.516274],[139.303849,36.516323],[139.303853,36.516326]]}},{"type":"Feature","properties":{"id":138172079,"highway":"unclassified"},"geometry":{"type":"LineString","coordinates":[[139.295786,36.508484],[139.295688,36.508476],[139.295337,36.508449],[139.295211,36.508465],[139.295037,36.508574],[139.294382,36.509075],[139.293419,36.509869],[139.293266,36.50992],[139.293043,36.509959],[139.292484,36.509948],[139.29171,36.509869],[139.291661,36.509869]]}},{"type":"Feature","properties":{"id":138172225,"highway":"unclassified"},"geometry":{"type":"LineString","coordinates":[[139.288463,36.51145],[139.287691,36.511474],[139.287612,36.511489],[139.287544,36.511519],[139.286909,36.511722],[139.286225,36.511885],[139.285863,36.512004],[139.285514,36.512105],[139.285242,36.512161],[139.284836,36.512201],[139.284041,36.512178],[139.283901,36.512161]]}},{"type":"Feature","properties":{"id":138172231,"highway":"unclassified"},"geometry":{"type":"LineString","coordinates":[[139.296692,36.512995],[139.296957,36.513192],[139.297142,36.513296],[139.297368,36.513347],[139.297471,36.513382],[139.297703,36.513525],[139.298053,36.513713],[139.298358,36.513905],[139.29861,36.514044],[139.298811,36.514099],[139.29891,36.514116],[139.299088,36.514159],[139.299168,36.514178]]}},{"type":"Feature","properties":{"id":138172530,"highway":"unclassified"},"geometry":{"type":"LineString","coordinates":[[139.291661,36.509869],[139.291633,36.510077],[139.291731,36.510139],[139.29194,36.510241],[139.291996,36.510387],[139.292045,36.510438],[139.292366,36.510596],[139.292505,36.510652],[139.292624,36.51068],[139.293001,36.510674],[139.293224,36.510641],[139.293607,36.510511],[139.293893,36.510398],[139.293977,36.510393],[139.294075,36.510477],[139.294482,36.511122]]}},{"type":"Feature","properties":{"id":138172599,"highway":"unclassified"},"geometry":{"type":"LineString","coordinates":[[139.300978,36.514038],[139.300884,36.51411],[139.30075,36.514245],[139.300703,36.514291],[139.300629,36.514364],[139.300599,36.514392],[139.300578,36.514415],[139.300571,36.514435],[139.300575,36.514448],[139.300579,36.51446],[139.300805,36.514695],[139.300817,36.51473],[139.300806,36.514762],[139.300779,36.514799],[139.300748,36.514821],[139.30071,36.514831],[139.300657,36.514833],[139.300614,36.514824],[139.300406,36.514716],[139.300374,36.514699],[139.300246,36.514649],[139.300207,36.514643],[139.300147,36.514633],[139.299831,36.514584],[139.299704,36.514553],[139.299638,36.514544],[139.299603,36.514539],[139.29952,36.514527],[139.299458,36.514518]]}},{"type":"Feature","properties":{"id":138172885,"highway":"unclassified"},"geometry":{"type":"LineString","coordinates":[[139.288428,36.511111],[139.288801,36.511315]]}},{"type":"Feature","properties":{"id":138172951,"highway":"unclassified"},"geometry":{"type":"LineString","coordinates":[[139.287986,36.510871],[139.288231,36.511004],[139.288428,36.511111]]}},{"type":"Feature","properties":{"id":138173596,"highway":"unclassified"},"geometry":{"type":"LineString","coordinates":[[139.288801,36.511315],[139.288969,36.51142]]}},{"type":"Feature","properties":{"id":138173835,"highway":"unclassified"},"geometry":{"type":"LineString","coordinates":[[139.283901,36.512161],[139.283371,36.512105]]}},{"type":"Feature","properties":{"id":138173964,"highway":"unclassified"},"geometry":{"type":"LineString","coordinates":[[139.294482,36.511122],[139.294704,36.51134],[139.294793,36.511489],[139.294941,36.511699],[139.295093,36.511768],[139.295205,36.511891],[139.295265,36.511986],[139.295293,36.512057],[139.29529,36.512106],[139.295134,36.512375],[139.295058,36.512652],[139.295116,36.51272],[139.295205,36.512728],[139.295367,36.5127],[139.295422,36.512579],[139.2957,36.512477],[139.29579,36.512443],[139.29593,36.512454],[139.295992,36.512471],[139.296282,36.512625],[139.296447,36.512724],[139.296615,36.512906],[139.296692,36.512995]]}},{"type":"Feature","properties":{"id":138173998,"highway":"tertiary"},"geometry":{"type":"LineString","coordinates":[[139.308067,36.512743],[139.307736,36.512587],[139.307331,36.51228],[139.307079,36.512123],[139.3068,36.511987],[139.306567,36.511871],[139.306321,36.511818],[139.305589,36.511719],[139.30535,36.511669],[139.305171,36.511602],[139.30501,36.511511],[139.304734,36.511283],[139.304424,36.510941],[139.304256,36.5108],[139.303644,36.510446],[139.302965,36.510102],[139.302268,36.50987],[139.301101,36.509455],[139.300379,36.509178],[139.29927,36.508616],[139.298883,36.508424],[139.298581,36.508269],[139.298462,36.508154],[139.298296,36.507926],[139.29773,36.507105],[139.297549,36.506799],[139.297403,36.506484],[139.297368,36.506256],[139.297288,36.5061],[139.297205,36.505999],[139.297154,36.505888],[139.297112,36.505669],[139.297069,36.505546],[139.296956,36.505423],[139.296551,36.505057],[139.29639,36.504968],[139.296116,36.504652],[139.29609,36.504555],[139.296043,36.504444],[139.296,36.504383],[139.295851,36.504262],[139.295587,36.504019],[139.294601,36.502903],[139.294196,36.502519],[139.293993,36.502349],[139.293776,36.502076],[139.293331,36.501648],[139.292737,36.50111],[139.292506,36.500958],[139.292362,36.500853],[139.292277,36.500722],[139.292121,36.500489],[139.291943,36.500346],[139.291769,36.500192],[139.291711,36.500089],[139.291613,36.499694],[139.29162,36.499559],[139.291683,36.499438],[139.291741,36.499355],[139.291892,36.499262],[139.292048,36.499169],[139.292214,36.49909],[139.292287,36.499031],[139.292292,36.498932],[139.292274,36.498871],[139.29223,36.498848],[139.29201,36.498702],[139.291105,36.498245],[139.290302,36.497941],[139.28986,36.497784],[139.289236,36.497701],[139.287724,36.49748],[139.287415,36.497456],[139.287219,36.497476],[139.286814,36.497537],[139.2859,36.497737],[139.285553,36.497776],[139.285242,36.497761],[139.284917,36.497707],[139.28453,36.49767],[139.284223,36.497699],[139.284052,36.497763],[139.283211,36.498083],[139.283051,36.498111],[139.282905,36.498107],[139.282729,36.498055],[139.282497,36.497864],[139.282217,36.497696],[139.281885,36.497574],[139.281697,36.497469],[139.281272,36.497219],[139.280972,36.497077],[139.28061,36.496982],[139.280283,36.496863],[139.280036,36.496731],[139.279835,36.496594],[139.279694,36.49661],[139.279624,36.496674]]}},{"type":"Feature","properties":{"id":138174727,"highway":"unclassified"},"geometry":{"type":"LineString","coordinates":[[139.288969,36.51142],[139.288657,36.511444],[139.288463,36.51145]]}},{"type":"Feature","properties":{"id":138174737,"highway":"unclassified"},"geometry":{"type":"LineString","coordinates":[[139.291661,36.509869],[139.291451,36.509874],[139.291312,36.509903]]}},{"type":"Feature","properties":{"id":138175316,"highway":"unclassified"},"geometry":{"type":"LineString","coordinates":[[139.29904,36.520168],[139.299043,36.520339],[139.299091,36.520706],[139.299078,36.52114],[139.299098,36.521383],[139.299126,36.521535],[139.299119,36.521732],[139.299063,36.521906],[139.298973,36.522114],[139.298973,36.522199],[139.299084,36.522289],[139.299189,36.522363],[139.299308,36.522469],[139.299419,36.522622],[139.299475,36.522763],[139.299468,36.522892],[139.299259,36.523269],[139.299238,36.52332],[139.299273,36.523405],[139.299371,36.523489],[139.299433,36.523529],[139.299594,36.523529],[139.299796,36.52341],[139.299942,36.523376],[139.300117,36.523382],[139.300256,36.523416],[139.300389,36.523495],[139.300424,36.523529],[139.300501,36.523658],[139.30057,36.523866],[139.30064,36.524165],[139.300682,36.524407],[139.300682,36.524802],[139.30064,36.524976],[139.300521,36.525246],[139.300431,36.525376],[139.300291,36.525523],[139.300208,36.52568],[139.300187,36.525786]]}},{"type":"Feature","properties":{"id":138177101,"highway":"unclassified"},"geometry":{"type":"LineString","coordinates":[[139.297846,36.515886],[139.297926,36.515923],[139.298136,36.515997],[139.298345,36.516081],[139.298505,36.516216],[139.298721,36.516487],[139.298868,36.516695],[139.299175,36.516988],[139.29928,36.517089],[139.299356,36.517185],[139.299391,36.517258],[139.299405,36.517337],[139.299398,36.517444],[139.299238,36.517783],[139.299238,36.517884],[139.299287,36.517985],[139.299378,36.518115],[139.299378,36.518437],[139.299343,36.518617],[139.299203,36.518893],[139.299203,36.519242],[139.299049,36.519693],[139.299036,36.51985],[139.29904,36.520168]]}},{"type":"Feature","properties":{"id":138177274,"highway":"unclassified"},"geometry":{"type":"LineString","coordinates":[[139.290223,36.511131],[139.289923,36.51126],[139.289728,36.511317],[139.289149,36.511413],[139.289038,36.511418],[139.288969,36.51142]]}},{"type":"Feature","properties":{"id":138182560,"highway":"unclassified"},"geometry":{"type":"LineString","coordinates":[[139.291312,36.509903],[139.291082,36.510077],[139.290796,36.510522],[139.290621,36.510815],[139.290531,36.510922],[139.290405,36.511018],[139.290223,36.511131]]}},{"type":"Feature","properties":{"id":138235638,"highway":"primary"},"geometry":{"type":"LineString","coordinates":[[139.254573,36.514668],[139.254185,36.514834],[139.253792,36.515016],[139.253335,36.515331],[139.252972,36.515484],[139.252742,36.515573],[139.252394,36.515708],[139.252187,36.515774],[139.252004,36.515789],[139.251756,36.515757],[139.250533,36.515518],[139.249731,36.5153],[139.249488,36.515259],[139.24922,36.515252],[139.249016,36.515286],[139.248471,36.515542],[139.248283,36.515634],[139.247718,36.515879],[139.246892,36.516133],[139.24572,36.516484],[139.243451,36.51714],[139.243099,36.517257],[139.242923,36.517319],[139.242783,36.517376],[139.242635,36.517491],[139.242541,36.517641],[139.242436,36.517878],[139.242272,36.518249],[139.242067,36.518734],[139.242035,36.518811],[139.241917,36.519087],[139.241708,36.519527],[139.241656,36.519627],[139.241572,36.519742],[139.241455,36.519854],[139.241314,36.519923],[139.241117,36.519984],[139.240785,36.52008],[139.240326,36.520251],[139.24012,36.520336],[139.239936,36.520446],[139.239797,36.520549],[139.239666,36.520652],[139.239625,36.520687],[139.239286,36.520995],[139.239206,36.521088],[139.239137,36.52122],[139.239039,36.521462],[139.239028,36.521637],[139.239069,36.521981],[139.239084,36.522082],[139.239093,36.522242],[139.239075,36.522341],[139.239058,36.522412],[139.239,36.522528],[139.238942,36.522603],[139.238844,36.522689],[139.238743,36.52276],[139.238693,36.522832],[139.238624,36.522975],[139.238593,36.523206],[139.238551,36.523324],[139.238474,36.523436],[139.238383,36.523527],[139.238132,36.5236],[139.238035,36.523614],[139.237891,36.523701],[139.237828,36.52377],[139.237793,36.523887],[139.237818,36.524003],[139.237789,36.524113],[139.237714,36.524231],[139.237455,36.524451],[139.23735,36.524619],[139.23728,36.524704],[139.23718,36.524743],[139.236998,36.524765],[139.236817,36.524836],[139.236673,36.524954],[139.236582,36.525053],[139.236465,36.525123],[139.236317,36.525218],[139.236166,36.525324],[139.236085,36.525452],[139.235946,36.525564],[139.235817,36.525655],[139.235705,36.525751],[139.235583,36.52584],[139.23545,36.525917],[139.235338,36.525962],[139.23501,36.526021],[139.234929,36.526055],[139.23488,36.52614],[139.234841,36.526285],[139.234852,36.526437],[139.234852,36.52662],[139.234773,36.526705],[139.234605,36.526756],[139.234475,36.526711],[139.234252,36.526601],[139.234069,36.526618],[139.233869,36.526708],[139.233535,36.526784],[139.233391,36.526897],[139.233207,36.527108],[139.233102,36.527158],[139.233023,36.527198],[139.23283,36.52725],[139.232671,36.527315],[139.232495,36.527399],[139.232322,36.527485],[139.232123,36.527618],[139.231871,36.527695],[139.23163,36.527711],[139.231417,36.527681],[139.231183,36.527604],[139.230825,36.527419],[139.230713,36.52734],[139.230546,36.527258],[139.230373,36.527211],[139.230092,36.527184],[139.22979,36.527154],[139.229496,36.527147],[139.22925,36.527151],[139.229044,36.52717],[139.228897,36.527222],[139.228737,36.527309],[139.228364,36.527678],[139.228284,36.527768],[139.228113,36.527875],[139.227913,36.527882],[139.227691,36.527817],[139.227413,36.527718],[139.227161,36.527618],[139.226916,36.527556],[139.226719,36.527517],[139.226507,36.52747],[139.226356,36.527469],[139.226226,36.52752],[139.226184,36.527664],[139.226123,36.528048],[139.226069,36.528117],[139.226024,36.528145],[139.225932,36.528142],[139.225728,36.5281],[139.225523,36.528049],[139.225233,36.528046],[139.224912,36.528072],[139.22456,36.528136],[139.224197,36.528294],[139.223977,36.528356],[139.223737,36.528401],[139.223482,36.528441],[139.223235,36.528514],[139.223063,36.528592],[139.222706,36.528804],[139.222048,36.529134],[139.221821,36.529233],[139.221569,36.529314],[139.22134,36.52931],[139.221155,36.529227],[139.220941,36.529221],[139.220767,36.529291],[139.220495,36.529378],[139.220251,36.529503],[139.220028,36.529654],[139.219861,36.529781],[139.219742,36.529906],[139.219665,36.529973],[139.219623,36.53002],[139.219578,36.530068],[139.219551,36.530158],[139.21956,36.530251],[139.219609,36.530362],[139.219676,36.530469],[139.219664,36.530557],[139.219566,36.530744],[139.219344,36.530866],[139.21924,36.530984],[139.219142,36.531077],[139.218996,36.53119],[139.218847,36.531277],[139.218601,36.531398],[139.218325,36.53149],[139.218078,36.531577],[139.217842,36.531657],[139.217518,36.531796],[139.217237,36.532012],[139.217005,36.532199],[139.216777,36.532453],[139.216508,36.532747],[139.216177,36.533065],[139.215703,36.533395],[139.215535,36.533502],[139.215326,36.533659],[139.215173,36.533794],[139.215056,36.533902],[139.214901,36.534056],[139.214754,36.534189],[139.214514,36.534399],[139.214308,36.534543],[139.21408,36.534715],[139.213682,36.534935],[139.213215,36.535146],[139.21269,36.535414],[139.212539,36.535504],[139.212207,36.535639],[139.211816,36.53576],[139.211291,36.535952],[139.211029,36.536118],[139.210879,36.53621],[139.210757,36.53629],[139.210512,36.536358],[139.21038,36.536366],[139.210228,36.536383],[139.20979,36.536422],[139.208988,36.536494]]}},{"type":"Feature","properties":{"id":138235709,"highway":"primary"},"geometry":{"type":"LineString","coordinates":[[139.208988,36.536494],[139.208808,36.536438],[139.208669,36.536373]]}},{"type":"Feature","properties":{"id":138235710,"highway":"primary"},"geometry":{"type":"LineString","coordinates":[[139.208669,36.536373],[139.208534,36.536334],[139.208378,36.536349],[139.208292,36.536373],[139.208192,36.53642],[139.207987,36.536594],[139.207272,36.537242],[139.207084,36.53738],[139.206814,36.537444]]}},{"type":"Feature","properties":{"id":138236038,"highway":"secondary"},"geometry":{"type":"LineString","coordinates":[[139.279067,36.514055],[139.279107,36.513983],[139.279415,36.513546],[139.279705,36.512994],[139.279789,36.512774],[139.279804,36.512591],[139.27978,36.512504],[139.279783,36.512411],[139.279812,36.512301],[139.280156,36.5118],[139.280432,36.511458],[139.280503,36.511323],[139.280539,36.511169],[139.280536,36.510874],[139.280551,36.510782],[139.280654,36.510655],[139.280796,36.510562],[139.280989,36.510498],[139.281364,36.510418],[139.281483,36.510332],[139.281546,36.510236],[139.281639,36.510128],[139.281737,36.510079],[139.282428,36.509831],[139.282979,36.509743],[139.283092,36.509743],[139.283214,36.509743],[139.283461,36.509755],[139.284264,36.50979],[139.284831,36.509818],[139.285,36.509769],[139.286263,36.509187],[139.286395,36.5091],[139.286615,36.508859],[139.28698,36.508476],[139.287054,36.508399],[139.287703,36.507722],[139.287738,36.507686],[139.288854,36.506526],[139.290261,36.505069],[139.290578,36.504739],[139.290899,36.504404],[139.290988,36.504287],[139.291031,36.504193],[139.291049,36.504098],[139.291042,36.503983],[139.291017,36.503893],[139.29094,36.503748],[139.290845,36.503621],[139.290754,36.503541],[139.290457,36.503371],[139.289889,36.503139],[139.289564,36.503042],[139.289466,36.502997],[139.289373,36.502932],[139.28926,36.502813],[139.289108,36.502616],[139.289005,36.502502],[139.288914,36.502436],[139.288808,36.502383],[139.288689,36.502338],[139.288541,36.502298],[139.288382,36.502265],[139.287965,36.502194],[139.287299,36.502091],[139.2872,36.502086],[139.287035,36.502094],[139.286823,36.502124],[139.286454,36.502175],[139.286355,36.502188],[139.286279,36.502184],[139.286199,36.502171],[139.286063,36.502121],[139.285685,36.501947],[139.28562,36.501917],[139.285012,36.501649],[139.284741,36.501528],[139.28447,36.501387],[139.284173,36.501237],[139.284059,36.501175],[139.284027,36.501156],[139.284003,36.501131],[139.283957,36.501064]]}},{"type":"Feature","properties":{"id":138236048,"highway":"secondary"},"geometry":{"type":"LineString","coordinates":[[139.286405,36.541869],[139.286313,36.541621],[139.2863,36.541518],[139.28634,36.541416],[139.286535,36.541279],[139.286739,36.541169],[139.28701,36.540906],[139.287123,36.540634],[139.287261,36.540487],[139.287417,36.540296],[139.287492,36.54013],[139.287568,36.5398],[139.287598,36.539519],[139.287643,36.539345],[139.2877,36.539291],[139.287754,36.539213],[139.288128,36.538945],[139.288416,36.538721],[139.288597,36.538494],[139.288741,36.538238],[139.288912,36.538039],[139.289062,36.537892],[139.289377,36.537628],[139.289542,36.537542],[139.289938,36.537439],[139.290057,36.537417],[139.290193,36.537382],[139.290319,36.537269],[139.290357,36.537179],[139.290529,36.536792],[139.290609,36.536325],[139.290683,36.536132],[139.290814,36.535912],[139.291041,36.535585]]}},{"type":"Feature","properties":{"id":138236055,"highway":"secondary"},"geometry":{"type":"LineString","coordinates":[[139.287294,36.500804],[139.287303,36.500763],[139.287298,36.5007],[139.287291,36.500643],[139.287272,36.500603],[139.287234,36.500541],[139.287158,36.50049],[139.287044,36.500449],[139.286285,36.500352],[139.285848,36.500314],[139.28561,36.500292],[139.285407,36.500266],[139.285195,36.500223],[139.284976,36.500164],[139.284814,36.500117],[139.284721,36.500098],[139.284643,36.500082],[139.284508,36.500072],[139.284395,36.500072],[139.284281,36.500073],[139.28425,36.500073]]}},{"type":"Feature","properties":{"id":138236063,"highway":"secondary"},"geometry":{"type":"LineString","coordinates":[[139.291153,36.535442],[139.291289,36.535243],[139.291344,36.535049],[139.291355,36.534822],[139.291359,36.534671],[139.291292,36.534362],[139.291052,36.533916],[139.290862,36.533624],[139.290339,36.533074],[139.289879,36.532555],[139.289641,36.532261],[139.289406,36.532017],[139.289019,36.531684],[139.288302,36.531067],[139.287959,36.530739],[139.287303,36.529869],[139.287104,36.529516],[139.286994,36.529194],[139.286824,36.528944],[139.286575,36.528755],[139.28629,36.528621],[139.285832,36.528465],[139.285587,36.528325],[139.285352,36.528074],[139.285093,36.527792],[139.284625,36.527298],[139.284517,36.52718],[139.283978,36.526609],[139.283834,36.526425],[139.283764,36.526285],[139.283736,36.526201],[139.283739,36.52594],[139.283763,36.525663],[139.283738,36.525524],[139.283687,36.525418],[139.283595,36.525326],[139.283301,36.525206],[139.28304,36.525105],[139.282828,36.524967],[139.28271,36.52481],[139.282637,36.524653],[139.282632,36.524404],[139.282612,36.52416],[139.28255,36.524038]]}},{"type":"Feature","properties":{"id":138236086,"highway":"secondary"},"geometry":{"type":"LineString","coordinates":[[139.286918,36.543613],[139.286919,36.543544],[139.286919,36.543475],[139.286929,36.543364],[139.286945,36.543276],[139.286968,36.543168],[139.286971,36.543083],[139.286965,36.542955],[139.286958,36.542818],[139.286963,36.54266],[139.286948,36.542533],[139.286897,36.542434],[139.286794,36.542294],[139.28663,36.542124],[139.286482,36.541952],[139.286405,36.541869]]}},{"type":"Feature","properties":{"id":138236095,"highway":"secondary"},"geometry":{"type":"LineString","coordinates":[[139.286877,36.546509],[139.287013,36.546362],[139.287013,36.546087],[139.286971,36.546002],[139.286859,36.54585],[139.286504,36.54553],[139.286364,36.545366],[139.286315,36.545247],[139.286308,36.545163],[139.286378,36.544905],[139.286378,36.544595],[139.286378,36.544358],[139.28642,36.544229],[139.286469,36.544127],[139.286573,36.543992],[139.286853,36.543756],[139.286916,36.543682],[139.286918,36.543613]]}},{"type":"Feature","properties":{"id":138236101,"highway":"secondary"},"geometry":{"type":"LineString","coordinates":[[139.28939,36.554325],[139.289322,36.554113],[139.289002,36.553516],[139.288493,36.552443],[139.28847,36.552297],[139.288503,36.552126],[139.288739,36.551722],[139.288708,36.551602]]}},{"type":"Feature","properties":{"id":138236104,"highway":"secondary"},"geometry":{"type":"LineString","coordinates":[[139.291041,36.535585],[139.291153,36.535442]]}},{"type":"Feature","properties":{"id":138236110,"highway":"secondary"},"geometry":{"type":"LineString","coordinates":[[139.282238,36.523825],[139.282197,36.523804],[139.282037,36.523681],[139.2818,36.523315],[139.281476,36.52277],[139.281026,36.522066],[139.280789,36.521785],[139.280631,36.521664],[139.280351,36.521466],[139.280216,36.52131],[139.279941,36.520837],[139.279959,36.520639],[139.280072,36.520281],[139.280105,36.520051],[139.280072,36.519796],[139.279979,36.519479],[139.279703,36.51906],[139.279516,36.518698],[139.279046,36.518025],[139.278938,36.517868],[139.278827,36.517661],[139.278805,36.517475],[139.278903,36.51713],[139.279026,36.516804],[139.279111,36.516584],[139.279104,36.516357],[139.279066,36.516161],[139.278996,36.51601],[139.278855,36.51585],[139.278643,36.515753],[139.278455,36.51565],[139.278372,36.515549],[139.278309,36.515409],[139.278314,36.515258],[139.278354,36.51511],[139.278797,36.514576],[139.278831,36.514521]]}},{"type":"Feature","properties":{"id":138236115,"highway":"secondary"},"geometry":{"type":"LineString","coordinates":[[139.278831,36.514521],[139.279067,36.514055]]}},{"type":"Feature","properties":{"id":138236126,"highway":"secondary"},"geometry":{"type":"LineString","coordinates":[[139.286811,36.546571],[139.286877,36.546509]]}},{"type":"Feature","properties":{"id":138236129,"highway":"secondary"},"geometry":{"type":"LineString","coordinates":[[139.283273,36.500073],[139.282797,36.500092],[139.28263,36.500082],[139.282529,36.500071],[139.282435,36.500054],[139.282286,36.500018],[139.282095,36.499962],[139.281994,36.499928],[139.281868,36.499863],[139.281813,36.499821],[139.281775,36.499771],[139.281749,36.499712],[139.281743,36.499663],[139.281743,36.499608],[139.281753,36.499532],[139.281776,36.499377],[139.281774,36.49931],[139.281758,36.499249],[139.281712,36.499161],[139.281634,36.499067],[139.281124,36.498658],[139.281072,36.498609],[139.281033,36.498573],[139.280941,36.498457],[139.28086,36.498314],[139.280826,36.498232],[139.2808,36.498127],[139.280777,36.497786],[139.280767,36.497702],[139.280753,36.497612],[139.280721,36.497523],[139.280682,36.497434],[139.280571,36.497297],[139.280423,36.497173],[139.279912,36.49686],[139.279701,36.496723],[139.279624,36.496674]]}},{"type":"Feature","properties":{"id":138236135,"highway":"secondary"},"geometry":{"type":"LineString","coordinates":[[139.288708,36.551602],[139.288599,36.551326]]}},{"type":"Feature","properties":{"id":138236139,"highway":"secondary"},"geometry":{"type":"LineString","coordinates":[[139.28255,36.524038],[139.282238,36.523825]]}},{"type":"Feature","properties":{"id":138236153,"highway":"secondary"},"geometry":{"type":"LineString","coordinates":[[139.288599,36.551326],[139.28856,36.551225],[139.28856,36.551171],[139.288661,36.550927],[139.288739,36.550771],[139.288781,36.550598],[139.288793,36.550462],[139.288754,36.550303],[139.288587,36.549969],[139.288362,36.549635],[139.288226,36.549449],[139.288144,36.549336],[139.288036,36.549154],[139.287954,36.548991],[139.287892,36.548844],[139.287767,36.548546],[139.287681,36.548348],[139.287576,36.548138],[139.287475,36.547975],[139.287394,36.547855],[139.287312,36.547776],[139.286873,36.547431]]}},{"type":"Feature","properties":{"id":138236163,"highway":"secondary"},"geometry":{"type":"LineString","coordinates":[[139.28855,36.560546],[139.288603,36.560548],[139.289024,36.560504],[139.289236,36.560502],[139.289471,36.560438],[139.289614,36.560389],[139.289718,36.560332],[139.289812,36.560152],[139.289846,36.559905],[139.289784,36.559647],[139.28972,36.559472],[139.289655,36.559336],[139.289656,36.559212],[139.289713,36.559036],[139.289748,36.558957],[139.289806,36.558715],[139.289818,36.558672],[139.289889,36.558471],[139.289939,36.558399],[139.290024,36.558251],[139.290148,36.558027],[139.290209,36.557902],[139.290292,36.557698],[139.290357,36.557545],[139.290427,36.557453],[139.290487,36.55735],[139.29051,36.557254],[139.290505,36.557124],[139.290463,36.557028],[139.290424,36.556965],[139.29037,36.556907],[139.290277,36.55684],[139.290215,36.55677],[139.290168,36.556717],[139.290129,36.556597],[139.290079,36.556495],[139.290013,36.556402],[139.289928,36.556267],[139.289858,36.556147],[139.289804,36.55603],[139.289769,36.55594],[139.28973,36.555852],[139.289702,36.555785]]}},{"type":"Feature","properties":{"id":138236344,"highway":"secondary"},"geometry":{"type":"LineString","coordinates":[[139.289702,36.555785],[139.289653,36.555692],[139.289633,36.555595],[139.289614,36.555475],[139.289594,36.555315],[139.289579,36.555222],[139.289508,36.554921],[139.289466,36.554696],[139.289415,36.554475],[139.28939,36.554325]]}},{"type":"Feature","properties":{"id":138236399,"highway":"secondary"},"geometry":{"type":"LineString","coordinates":[[139.286873,36.547431],[139.286764,36.547316],[139.286694,36.547231],[139.286629,36.547107],[139.286609,36.546975],[139.286629,36.546846],[139.286679,36.54671],[139.286811,36.546571]]}},{"type":"Feature","properties":{"id":138237229,"highway":"primary"},"geometry":{"type":"LineString","coordinates":[[139.242115,36.567086],[139.24231,36.56709],[139.24279,36.566972],[139.243042,36.566871],[139.243321,36.566702],[139.243816,36.566234],[139.244018,36.565919],[139.24413,36.565716],[139.244179,36.565607],[139.24426,36.565466],[139.244303,36.565367],[139.244298,36.565249],[139.244071,36.564933],[139.244034,36.56472],[139.244045,36.56462],[139.244051,36.564523],[139.244084,36.564417],[139.244159,36.564331],[139.244229,36.564297],[139.244347,36.564269],[139.244563,36.564275],[139.24488,36.564343],[139.245074,36.564376],[139.24536,36.564343],[139.247359,36.564123],[139.247623,36.564052],[139.247784,36.563967],[139.247889,36.563881],[139.248092,36.563431],[139.248171,36.563333],[139.248543,36.563015],[139.248791,36.562933],[139.249089,36.562892],[139.250206,36.563065],[139.250388,36.563025],[139.250578,36.562966],[139.250707,36.56289],[139.250889,36.562752],[139.251034,36.562639],[139.251178,36.562551],[139.251323,36.562483],[139.251787,36.562396],[139.252231,36.562225],[139.25242,36.562176],[139.252907,36.562085],[139.253026,36.562037],[139.253098,36.56197],[139.253151,36.561884],[139.253199,36.561774],[139.253253,36.561677],[139.253319,36.561307],[139.253334,36.560946],[139.2534,36.560727],[139.25351,36.560477],[139.253697,36.560181],[139.253929,36.559991],[139.254266,36.55983],[139.255524,36.559172],[139.255606,36.559108],[139.255687,36.559017],[139.25578,36.558909],[139.256127,36.558455],[139.257319,36.556802],[139.257461,36.556656],[139.257675,36.556425],[139.257803,36.556283],[139.257898,36.556092],[139.257869,36.555932],[139.257569,36.555228],[139.257272,36.554699],[139.257142,36.554639],[139.256987,36.554604]]}},{"type":"Feature","properties":{"id":138237230,"highway":"primary"},"geometry":{"type":"LineString","coordinates":[[139.275512,36.495812],[139.275339,36.495771],[139.275157,36.495508],[139.274964,36.49532],[139.274674,36.495127],[139.274441,36.494945],[139.274368,36.494844],[139.274353,36.494682],[139.274421,36.494013],[139.274478,36.493437],[139.274571,36.493199],[139.274698,36.49284],[139.274825,36.492434],[139.274816,36.492287],[139.274727,36.492151],[139.274631,36.492094],[139.274433,36.49205],[139.273526,36.492065],[139.273316,36.492087],[139.27319,36.492161],[139.273052,36.492267],[139.272742,36.492394],[139.27261,36.49249],[139.272505,36.492674],[139.272312,36.493119],[139.272134,36.493285],[139.271983,36.493371],[139.271784,36.493417],[139.271458,36.493377],[139.271294,36.493356],[139.271072,36.493358],[139.2709,36.493407],[139.270681,36.493554],[139.270245,36.494416],[139.269902,36.495334],[139.269526,36.496326],[139.26943,36.4968],[139.26936,36.497062],[139.269272,36.497276],[139.269174,36.49742],[139.268885,36.49773],[139.268671,36.497966],[139.268108,36.498819],[139.267931,36.499015],[139.267434,36.499439],[139.266088,36.500616],[139.265793,36.500962],[139.265553,36.501299],[139.264917,36.502193],[139.264699,36.502422],[139.264302,36.502695],[139.263612,36.503015],[139.263119,36.503252],[139.262836,36.503464],[139.262689,36.503624],[139.262547,36.503819],[139.262315,36.504275],[139.262122,36.504525],[139.261878,36.504738],[139.26101,36.505264],[139.260894,36.505386],[139.260786,36.505541],[139.260661,36.505913],[139.260555,36.506162],[139.26004,36.506722],[139.259886,36.506867],[139.259357,36.507164],[139.259068,36.507344],[139.25849,36.507785],[139.257792,36.508423],[139.25725,36.508857],[139.256803,36.509222],[139.256335,36.509711],[139.256221,36.509835],[139.255609,36.510348]]}},{"type":"Feature","properties":{"id":138237233,"highway":"primary"},"geometry":{"type":"LineString","coordinates":[[139.254573,36.514668],[139.254461,36.515205],[139.254333,36.516071],[139.254236,36.516496],[139.254171,36.5168],[139.25399,36.517349],[139.253659,36.518045],[139.25319,36.518977],[139.253118,36.519193],[139.253124,36.519273],[139.253067,36.519485],[139.253033,36.519692],[139.253013,36.520046],[139.25301,36.520198],[139.253023,36.520547],[139.253121,36.521142],[139.253135,36.521232],[139.253222,36.521646],[139.253227,36.522208],[139.253086,36.522774],[139.253056,36.522834]]}},{"type":"Feature","properties":{"id":138237238,"highway":"primary"},"geometry":{"type":"LineString","coordinates":[[139.254723,36.55091],[139.254878,36.551002],[139.255186,36.5512],[139.255338,36.551433],[139.255505,36.551963],[139.255514,36.552202],[139.255526,36.552359],[139.255495,36.552504],[139.255431,36.552659],[139.255364,36.552808],[139.255338,36.552886],[139.255334,36.552978],[139.255336,36.55306],[139.255394,36.5534],[139.255471,36.553719],[139.25555,36.553994],[139.255597,36.554121],[139.255675,36.554225],[139.255805,36.554311],[139.256024,36.554382],[139.256575,36.554509]]}},{"type":"Feature","properties":{"id":138237245,"highway":"primary"},"geometry":{"type":"LineString","coordinates":[[139.247762,36.531705],[139.247695,36.531543],[139.247668,36.531393],[139.247678,36.531246],[139.24772,36.531085],[139.247785,36.530956],[139.247884,36.530831],[139.247979,36.530728],[139.248153,36.530609],[139.248318,36.530533],[139.248465,36.530473]]}},{"type":"Feature","properties":{"id":138237247,"highway":"primary"},"geometry":{"type":"LineString","coordinates":[[139.234455,36.580195],[139.234452,36.580087],[139.234422,36.579038],[139.234412,36.578907],[139.234369,36.578735],[139.234244,36.578659],[139.233972,36.578469],[139.233867,36.57836],[139.233807,36.578161],[139.233832,36.577442],[139.233853,36.577318],[139.233874,36.577268],[139.233908,36.577218],[139.233937,36.5772],[139.23404,36.57713],[139.234171,36.577121],[139.234475,36.577141],[139.234648,36.57709],[139.234683,36.577028],[139.234679,36.576662],[139.234702,36.576566],[139.234781,36.576503],[139.235489,36.576233],[139.235554,36.576171],[139.235604,36.576033],[139.23558,36.575931],[139.235481,36.575723],[139.235413,36.575611],[139.235388,36.5755],[139.235377,36.575408],[139.235421,36.57529],[139.236053,36.574817],[139.23607,36.574711],[139.236024,36.574583],[139.235971,36.574505],[139.235861,36.574491],[139.235741,36.574519],[139.235437,36.574654],[139.235324,36.574655],[139.235184,36.574629],[139.235049,36.574555],[139.23491,36.574447],[139.234735,36.574208],[139.23462,36.574135],[139.234464,36.574082],[139.234152,36.574039],[139.233996,36.574058],[139.233811,36.574045],[139.233578,36.573983],[139.233354,36.573893],[139.233088,36.573756],[139.232937,36.573642],[139.232818,36.573494],[139.232652,36.573278],[139.232631,36.57317],[139.232666,36.57308],[139.23274,36.573033],[139.232845,36.572967],[139.233038,36.572979],[139.233301,36.573084],[139.233643,36.57325],[139.233901,36.573309],[139.234149,36.573334],[139.234474,36.573337],[139.23468,36.573303],[139.234864,36.573222],[139.234931,36.573134],[139.235029,36.573063],[139.235043,36.572989],[139.235167,36.57239],[139.235277,36.572303],[139.235435,36.572235],[139.235702,36.572194],[139.235846,36.572122],[139.235948,36.571998],[139.236129,36.571641],[139.236345,36.57146],[139.2365,36.571401],[139.236663,36.571368],[139.236868,36.571368],[139.237022,36.571402],[139.237146,36.571464],[139.23762,36.571572],[139.237792,36.571587],[139.237923,36.571549],[139.23804,36.571502],[139.23834,36.571302],[139.238452,36.571191],[139.238558,36.571067],[139.238608,36.570946],[139.238606,36.57081],[139.238504,36.570334],[139.238489,36.57023],[139.238526,36.570164],[139.238577,36.570128],[139.238695,36.570083],[139.238862,36.570072],[139.239297,36.570049],[139.239482,36.569989],[139.239788,36.56982],[139.239867,36.569745],[139.239942,36.569648],[139.239963,36.569555],[139.239928,36.569426],[139.239784,36.569342],[139.23971,36.569316],[139.23963,36.569321],[139.239543,36.569338],[139.239437,36.569389],[139.23939,36.569457],[139.239154,36.569733],[139.239034,36.569778],[139.238897,36.569789],[139.238756,36.569749],[139.238634,36.569672],[139.238578,36.569551],[139.23857,36.569433],[139.23864,36.569297],[139.238689,36.569241],[139.238829,36.56914],[139.238996,36.569055],[139.239404,36.56889],[139.239568,36.568824],[139.239631,36.568785],[139.239666,36.56874],[139.239701,36.568616],[139.239708,36.568448],[139.239715,36.56793],[139.239764,36.567834],[139.239868,36.567755],[139.239994,36.567688],[139.240447,36.567535],[139.24065,36.567445],[139.240789,36.567333],[139.240929,36.567158],[139.241075,36.567028],[139.241177,36.566958],[139.241295,36.566921],[139.241384,36.566917],[139.241544,36.566949]]}},{"type":"Feature","properties":{"id":138237258,"highway":"primary"},"geometry":{"type":"LineString","coordinates":[[139.251673,36.534681],[139.251796,36.534944],[139.25187,36.535235],[139.251864,36.535425],[139.251835,36.535616],[139.251575,36.536406],[139.251114,36.537787],[139.250833,36.538804],[139.250636,36.539672],[139.250465,36.540363],[139.250405,36.541133],[139.250393,36.541804],[139.250442,36.542384],[139.250539,36.542996],[139.250674,36.543559],[139.250906,36.54419],[139.251194,36.5449],[139.25176,36.545795]]}},{"type":"Feature","properties":{"id":138237268,"highway":"primary"},"geometry":{"type":"LineString","coordinates":[[139.25339,36.52396],[139.25349,36.524155],[139.253592,36.524352],[139.253621,36.524487],[139.253515,36.525157],[139.25348,36.525457],[139.253501,36.525632]]}},{"type":"Feature","properties":{"id":138237291,"highway":"primary"},"geometry":{"type":"LineString","coordinates":[[139.249944,36.53322],[139.249227,36.532945],[139.248971,36.532827],[139.248495,36.532524],[139.248333,36.532396],[139.248083,36.532138],[139.247909,36.531945],[139.247861,36.531872],[139.247817,36.531811],[139.247762,36.531705]]}},{"type":"Feature","properties":{"id":138237294,"highway":"primary"},"geometry":{"type":"LineString","coordinates":[[139.253049,36.547792],[139.252918,36.54759]]}},{"type":"Feature","properties":{"id":138237300,"highway":"primary"},"geometry":{"type":"LineString","coordinates":[[139.256575,36.554509],[139.256987,36.554604]]}},{"type":"Feature","properties":{"id":138237303,"highway":"primary"},"geometry":{"type":"LineString","coordinates":[[139.251673,36.534681],[139.251591,36.534552]]}},{"type":"Feature","properties":{"id":138237320,"highway":"primary"},"geometry":{"type":"LineString","coordinates":[[139.25348,36.528518],[139.253314,36.528896],[139.253282,36.528981],[139.25256,36.530547],[139.252476,36.530666],[139.252366,36.530767],[139.252151,36.53089],[139.251923,36.53095],[139.251681,36.53098],[139.25145,36.530959]]}},{"type":"Feature","properties":{"id":138237328,"highway":"primary"},"geometry":{"type":"LineString","coordinates":[[139.25348,36.528518],[139.253779,36.527866]]}},{"type":"Feature","properties":{"id":138237348,"highway":"primary"},"geometry":{"type":"LineString","coordinates":[[139.251219,36.534067],[139.251119,36.533963],[139.251031,36.533872],[139.250969,36.533821],[139.250812,36.533689]]}},{"type":"Feature","properties":{"id":138237353,"highway":"primary"},"geometry":{"type":"LineString","coordinates":[[139.250636,36.530833],[139.25098,36.53089],[139.25145,36.530959]]}},{"type":"Feature","properties":{"id":138237368,"highway":"primary"},"geometry":{"type":"LineString","coordinates":[[139.250812,36.533689],[139.250607,36.53355],[139.25039,36.533425],[139.250194,36.533328],[139.249944,36.53322]]}},{"type":"Feature","properties":{"id":138237371,"highway":"primary"},"geometry":{"type":"LineString","coordinates":[[139.253049,36.547792],[139.253275,36.548095],[139.253441,36.548336],[139.25359,36.548553],[139.253905,36.548941],[139.253989,36.549088],[139.254086,36.549291],[139.254191,36.54957],[139.25438,36.550305]]}},{"type":"Feature","properties":{"id":138237374,"highway":"primary"},"geometry":{"type":"LineString","coordinates":[[139.252918,36.54759],[139.251786,36.545831]]}},{"type":"Feature","properties":{"id":138237379,"highway":"primary"},"geometry":{"type":"LineString","coordinates":[[139.25339,36.52396],[139.253219,36.523633],[139.253116,36.523408],[139.253081,36.523291],[139.25305,36.523161],[139.253043,36.522961],[139.253056,36.522834]]}},{"type":"Feature","properties":{"id":138237382,"highway":"primary"},"geometry":{"type":"LineString","coordinates":[[139.251591,36.534552],[139.251467,36.534363],[139.251357,36.53422],[139.251219,36.534067]]}},{"type":"Feature","properties":{"id":138237392,"highway":"primary"},"geometry":{"type":"LineString","coordinates":[[139.241544,36.566949],[139.241817,36.567036],[139.241851,36.567046],[139.242022,36.567075],[139.242115,36.567086]]}},{"type":"Feature","properties":{"id":138237395,"highway":"primary"},"geometry":{"type":"LineString","coordinates":[[139.25438,36.550305],[139.254454,36.550526],[139.254532,36.550696],[139.25463,36.550818],[139.254723,36.55091]]}},{"type":"Feature","properties":{"id":138237396,"highway":"primary"},"geometry":{"type":"LineString","coordinates":[[139.253779,36.527866],[139.253889,36.52756],[139.253952,36.527213],[139.253962,36.527048],[139.253914,36.526792],[139.253843,36.526498]]}},{"type":"Feature","properties":{"id":138237426,"highway":"primary"},"geometry":{"type":"LineString","coordinates":[[139.253843,36.526498],[139.253586,36.52592],[139.253501,36.525632]]}},{"type":"Feature","properties":{"id":138237434,"highway":"primary"},"geometry":{"type":"LineString","coordinates":[[139.248465,36.530473],[139.248664,36.530441],[139.248861,36.530444],[139.249087,36.530469],[139.249452,36.530522],[139.250027,36.530695],[139.250405,36.53079],[139.250636,36.530833]]}},{"type":"Feature","properties":{"id":138237627,"highway":"unclassified"},"geometry":{"type":"LineString","coordinates":[[139.252632,36.531721],[139.252649,36.531666],[139.252716,36.531597],[139.252837,36.531521],[139.253038,36.531476],[139.253286,36.5313],[139.253524,36.531225],[139.253709,36.531212],[139.253904,36.531164],[139.254008,36.531064]]}},{"type":"Feature","properties":{"id":138237647,"highway":"unclassified"},"geometry":{"type":"LineString","coordinates":[[139.234789,36.562388],[139.234687,36.562385],[139.23451,36.562396],[139.23436,36.562404],[139.234177,36.562407],[139.234029,36.562419],[139.233914,36.562446],[139.233789,36.562477],[139.233611,36.562567],[139.233569,36.562594],[139.233514,36.562627],[139.233465,36.562647],[139.233387,36.562658],[139.233322,36.562656],[139.233216,36.562639],[139.233038,36.562584],[139.232842,36.562519],[139.232714,36.562476],[139.232573,36.562405],[139.232507,36.562364],[139.232455,36.562315],[139.232404,36.56226],[139.23237,36.562172],[139.232341,36.562084],[139.232318,36.562043],[139.232288,36.562008],[139.232239,36.561986],[139.232101,36.561951],[139.231964,36.561928],[139.231862,36.561896],[139.231807,36.561872],[139.231777,36.561844],[139.231747,36.561808],[139.23172,36.56173],[139.231708,36.56162],[139.231678,36.561531],[139.231636,36.561429],[139.231594,36.561356],[139.231539,36.56132],[139.231318,36.561314],[139.231171,36.56132],[139.231118,36.561341],[139.231098,36.561376],[139.231029,36.561553],[139.230945,36.561638],[139.230799,36.561739],[139.230687,36.561795],[139.230506,36.561914],[139.230122,36.562094],[139.229961,36.562139],[139.229878,36.56215],[139.229752,36.562206],[139.229654,36.562206],[139.229331,36.562125],[139.229287,36.562112],[139.229257,36.562116],[139.229194,36.562133],[139.229131,36.562167],[139.228999,36.562336],[139.228859,36.562415],[139.228335,36.562477],[139.228203,36.562494],[139.227582,36.562544],[139.227309,36.562556],[139.227163,36.562556],[139.226975,36.562522],[139.226857,36.562471],[139.226737,36.562353],[139.226758,36.562279],[139.226822,36.562212],[139.226927,36.562133],[139.227003,36.562088],[139.227058,36.562032],[139.227093,36.561976],[139.2271,36.561914],[139.227065,36.561835],[139.227052,36.56184],[139.227017,36.561812],[139.22694,36.561818],[139.226892,36.561835],[139.226472,36.561914],[139.226375,36.561931],[139.226277,36.561931],[139.225977,36.561852],[139.225858,36.561846],[139.225715,36.561863],[139.225562,36.561875],[139.225457,36.561869],[139.225359,36.561818],[139.225262,36.56174],[139.225267,36.561722]]}},{"type":"Feature","properties":{"id":138237759,"highway":"service"},"geometry":{"type":"LineString","coordinates":[[139.236364,36.500013],[139.236732,36.499972],[139.237719,36.499877],[139.23842,36.499786],[139.239206,36.499665],[139.239806,36.499512],[139.240535,36.499307],[139.241112,36.499157],[139.241413,36.499045],[139.241566,36.498955]]}},{"type":"Feature","properties":{"id":138237835,"highway":"unclassified"},"geometry":{"type":"LineString","coordinates":[[139.283926,36.528926],[139.283781,36.528829],[139.283774,36.52878],[139.283771,36.528641],[139.283874,36.528571],[139.28405,36.528562],[139.284202,36.528572],[139.284376,36.528586],[139.284551,36.528524],[139.284758,36.528409]]}},{"type":"Feature","properties":{"id":138237964,"highway":"unclassified"},"geometry":{"type":"LineString","coordinates":[[139.273946,36.515859],[139.274091,36.515792],[139.274209,36.515747],[139.274556,36.515629],[139.274743,36.515589],[139.274858,36.515564],[139.275006,36.515543],[139.275355,36.515507],[139.275617,36.515478],[139.276233,36.515365]]}},{"type":"Feature","properties":{"id":138238009,"highway":"service"},"geometry":{"type":"LineString","coordinates":[[139.270754,36.508766],[139.271238,36.508534],[139.271363,36.508438],[139.271482,36.508308],[139.271788,36.507821],[139.272033,36.507514],[139.272131,36.507458],[139.272905,36.507238],[139.272982,36.507233],[139.27338,36.507338],[139.273538,36.507384],[139.273636,36.507447],[139.273642,36.507528],[139.273648,36.507612]]}},{"type":"Feature","properties":{"id":138238017,"highway":"residential"},"geometry":{"type":"LineString","coordinates":[[139.272384,36.51751],[139.272334,36.517609],[139.272238,36.517755],[139.272132,36.517869],[139.27207,36.517938],[139.272051,36.517981],[139.272058,36.518031],[139.272089,36.51808],[139.272169,36.518167],[139.272371,36.518362]]}},{"type":"Feature","properties":{"id":138238020,"highway":"residential"},"geometry":{"type":"LineString","coordinates":[[139.275745,36.508696],[139.275757,36.50864],[139.275785,36.508598],[139.275954,36.508383],[139.276135,36.508175],[139.276305,36.508026],[139.276352,36.507965],[139.276403,36.507885],[139.276443,36.507788],[139.276495,36.507643],[139.276599,36.507447],[139.276643,36.507387],[139.276761,36.50721],[139.276775,36.507152],[139.276789,36.50705],[139.2768,36.506987],[139.276842,36.506877],[139.276953,36.506736]]}},{"type":"Feature","properties":{"id":138238201,"highway":"residential"},"geometry":{"type":"LineString","coordinates":[[139.267946,36.509728],[139.267525,36.510056],[139.267417,36.510169],[139.267328,36.510263],[139.267038,36.510578],[139.266989,36.510708],[139.266996,36.510866],[139.267031,36.511068],[139.267059,36.511356],[139.266986,36.511379]]}},{"type":"Feature","properties":{"id":138238269,"highway":"unclassified"},"geometry":{"type":"LineString","coordinates":[[139.255421,36.503126],[139.255631,36.502967],[139.256146,36.502602],[139.256689,36.502227],[139.257044,36.501972],[139.257412,36.50166],[139.257649,36.501424],[139.257872,36.501172],[139.257956,36.500996],[139.258012,36.500789],[139.258076,36.500442]]}},{"type":"Feature","properties":{"id":138238270,"highway":"unclassified"},"geometry":{"type":"LineString","coordinates":[[139.257989,36.557933],[139.25794,36.557795],[139.25794,36.55764],[139.25801,36.557443],[139.258063,36.55732],[139.258063,36.557192],[139.258015,36.557096],[139.25795,36.556984],[139.257888,36.556803],[139.257865,36.556605],[139.257755,36.556478]]}},{"type":"Feature","properties":{"id":138238279,"highway":"unclassified"},"geometry":{"type":"LineString","coordinates":[[139.272605,36.516445],[139.27273,36.516422],[139.272842,36.516387],[139.272939,36.516337],[139.273051,36.516244],[139.273121,36.516205],[139.273233,36.516136],[139.273376,36.516086],[139.2735,36.516055],[139.273635,36.516028],[139.273794,36.515935]]}},{"type":"Feature","properties":{"id":138238284,"highway":"unclassified"},"geometry":{"type":"LineString","coordinates":[[139.254059,36.530504],[139.253983,36.530388],[139.253914,36.530056],[139.253921,36.529909],[139.253969,36.529779],[139.254109,36.529549],[139.254158,36.529419],[139.254158,36.52925],[139.254053,36.529143],[139.253809,36.529036],[139.253314,36.528896]]}},{"type":"Feature","properties":{"id":138238295,"highway":"residential"},"geometry":{"type":"LineString","coordinates":[[139.267946,36.509728],[139.268504,36.509774],[139.268892,36.509635],[139.269223,36.509582],[139.269412,36.509535],[139.269587,36.509527],[139.269663,36.509611],[139.269662,36.509732],[139.269959,36.510483]]}},{"type":"Feature","properties":{"id":138238325,"highway":"unclassified"},"geometry":{"type":"LineString","coordinates":[[139.257248,36.504909],[139.257501,36.504896],[139.257985,36.504916],[139.258215,36.504954],[139.258293,36.504996],[139.259839,36.506529],[139.26004,36.506722]]}},{"type":"Feature","properties":{"id":138238361,"highway":"unclassified"},"geometry":{"type":"LineString","coordinates":[[139.235925,36.523073],[139.235995,36.522962],[139.23631,36.522445],[139.236548,36.522039],[139.236827,36.521409],[139.236862,36.521268],[139.236862,36.520908],[139.236813,36.520671],[139.236813,36.520237],[139.236877,36.519842],[139.236877,36.519537]]}},{"type":"Feature","properties":{"id":138238382,"highway":"unclassified"},"geometry":{"type":"LineString","coordinates":[[139.246784,36.508339],[139.246972,36.508201],[139.247077,36.508144],[139.247328,36.508071],[139.247489,36.507987],[139.247733,36.507835],[139.247866,36.507773],[139.247963,36.507744],[139.248106,36.507728],[139.248263,36.507744],[139.248403,36.50779],[139.248721,36.507966]]}},{"type":"Feature","properties":{"id":138238532,"highway":"unclassified"},"geometry":{"type":"LineString","coordinates":[[139.225267,36.561722],[139.225265,36.561596],[139.225304,36.561231],[139.225292,36.561175],[139.225261,36.561144],[139.225084,36.561134]]}},{"type":"Feature","properties":{"id":138238619,"highway":"residential"},"geometry":{"type":"LineString","coordinates":[[139.27389,36.515884],[139.274117,36.515929],[139.274325,36.515948],[139.274511,36.515988],[139.274596,36.516018],[139.274656,36.516063],[139.274711,36.516115],[139.274749,36.516185],[139.274738,36.516315],[139.274704,36.51643],[139.274693,36.516497],[139.274689,36.516546],[139.274704,36.516599]]}},{"type":"Feature","properties":{"id":138238630,"highway":"residential"},"geometry":{"type":"LineString","coordinates":[[139.253071,36.501505],[139.253386,36.501229],[139.253712,36.500942],[139.254125,36.500627],[139.25451,36.500371],[139.254697,36.500213],[139.255062,36.499977],[139.255348,36.499789],[139.255407,36.499789],[139.255595,36.499927],[139.25602,36.500322],[139.256404,36.500657],[139.256867,36.501085]]}},{"type":"Feature","properties":{"id":138238634,"highway":"residential"},"geometry":{"type":"LineString","coordinates":[[139.257792,36.508423],[139.256862,36.507759],[139.256806,36.5078],[139.25676,36.507852],[139.256715,36.507912],[139.256668,36.50795],[139.256646,36.507955],[139.256621,36.50793],[139.256503,36.507811],[139.256482,36.507721],[139.256475,36.507618],[139.256496,36.507417],[139.256497,36.507279]]}},{"type":"Feature","properties":{"id":138238641,"highway":"unclassified"},"geometry":{"type":"LineString","coordinates":[[139.268342,36.518008],[139.268272,36.518232],[139.268237,36.518446],[139.268112,36.518773],[139.267987,36.519038],[139.26791,36.51924],[139.26791,36.519437],[139.267959,36.519623],[139.267987,36.519787],[139.268014,36.519877],[139.268099,36.519978],[139.268237,36.520068],[139.268357,36.520125]]}},{"type":"Feature","properties":{"id":138238645,"highway":"residential"},"geometry":{"type":"LineString","coordinates":[[139.246782,36.545694],[139.247695,36.545616],[139.247865,36.545593],[139.248012,36.545568],[139.248201,36.545507],[139.248383,36.545453],[139.248643,36.545385],[139.248713,36.545379],[139.24879,36.545389],[139.249402,36.545595],[139.249584,36.545687],[139.249702,36.545772],[139.249977,36.54597]]}},{"type":"Feature","properties":{"id":138238661,"highway":"unclassified"},"geometry":{"type":"LineString","coordinates":[[139.248721,36.507966],[139.2488,36.507925],[139.249198,36.507705],[139.24947,36.507463],[139.249561,36.507395],[139.250175,36.507062],[139.250433,36.50691],[139.250677,36.50669],[139.250775,36.506583],[139.250817,36.506505],[139.250921,36.506133],[139.251068,36.5057],[139.251122,36.505481]]}},{"type":"Feature","properties":{"id":138238664,"highway":"residential"},"geometry":{"type":"LineString","coordinates":[[139.277304,36.528818],[139.27735,36.528676],[139.277469,36.528468],[139.277469,36.528389],[139.277426,36.528288],[139.277251,36.528096],[139.277126,36.527995],[139.277014,36.527877],[139.276958,36.527786],[139.276944,36.527657],[139.277077,36.527319],[139.277182,36.527279],[139.277391,36.527234]]}},{"type":"Feature","properties":{"id":138238668,"highway":"unclassified"},"geometry":{"type":"LineString","coordinates":[[139.262286,36.517727],[139.262427,36.517802],[139.26253,36.517827],[139.262616,36.517833],[139.262712,36.517823],[139.262804,36.517778],[139.262877,36.517703],[139.262935,36.517593],[139.262983,36.517445],[139.263032,36.51736],[139.263086,36.517318],[139.263145,36.517301],[139.26327,36.517296]]}},{"type":"Feature","properties":{"id":138238676,"highway":"residential"},"geometry":{"type":"LineString","coordinates":[[139.274704,36.516599],[139.274422,36.516729],[139.274375,36.516748],[139.274282,36.516797],[139.274148,36.516875],[139.273975,36.516986],[139.273761,36.517101],[139.273609,36.517163],[139.273085,36.51741],[139.272952,36.517473],[139.272834,36.517503],[139.272763,36.517513],[139.272384,36.51751]]}},{"type":"Feature","properties":{"id":138238689,"highway":"residential"},"geometry":{"type":"LineString","coordinates":[[139.223895,36.503937],[139.223962,36.503878],[139.224118,36.503723],[139.224439,36.503671],[139.224533,36.503691],[139.224605,36.503733],[139.224647,36.503816],[139.224657,36.503951],[139.224574,36.504137],[139.224502,36.504179],[139.224512,36.504283],[139.224522,36.504376],[139.22446,36.504438]]}},{"type":"Feature","properties":{"id":138238694,"highway":"residential"},"geometry":{"type":"LineString","coordinates":[[139.265059,36.508607],[139.264841,36.508527],[139.264576,36.508369],[139.264499,36.508335],[139.264366,36.508207],[139.264283,36.508151],[139.263821,36.507914],[139.263668,36.507846],[139.263312,36.507621],[139.263291,36.50761],[139.262977,36.507835],[139.262858,36.507914],[139.26252,36.508164]]}},{"type":"Feature","properties":{"id":138238708,"highway":"unclassified"},"geometry":{"type":"LineString","coordinates":[[139.224664,36.501488],[139.224758,36.501399],[139.224829,36.501373],[139.22494,36.501335],[139.225023,36.501313],[139.225084,36.50129],[139.225166,36.501246],[139.225246,36.501185],[139.225346,36.5011],[139.225621,36.50084],[139.225719,36.500756],[139.225815,36.500684],[139.225923,36.50061],[139.226006,36.500541],[139.226065,36.500474],[139.22611,36.500417],[139.22614,36.500341],[139.226184,36.500185],[139.226232,36.499916],[139.226238,36.499816],[139.226227,36.499732],[139.226099,36.499217],[139.226097,36.499022]]}},{"type":"Feature","properties":{"id":138238719,"highway":"unclassified"},"geometry":{"type":"LineString","coordinates":[[139.257989,36.557933],[139.258053,36.558081],[139.258095,36.558151],[139.258217,36.558309],[139.258368,36.558524],[139.258455,36.558693],[139.25856,36.559008],[139.258567,36.559295],[139.258532,36.559459],[139.258336,36.559926],[139.258323,36.560004],[139.258329,36.560134],[139.258392,36.560247],[139.258574,36.560444],[139.258671,36.560591],[139.258699,36.560687],[139.258699,36.561132],[139.258664,36.561334],[139.258608,36.561492],[139.258413,36.561808],[139.258253,36.562038],[139.258204,36.562174],[139.25819,36.562365],[139.258162,36.562399],[139.258036,36.562478],[139.257966,36.562574],[139.257953,36.56263],[139.257959,36.562804],[139.258001,36.563019],[139.258022,36.563463],[139.258071,36.563514],[139.258148,36.563565],[139.258573,36.563734],[139.258853,36.563807],[139.258964,36.563869],[139.259187,36.564168],[139.25932,36.56428],[139.259383,36.564376],[139.259383,36.56451],[139.259292,36.564786],[139.25925,36.564905],[139.259229,36.565045],[139.259159,36.565272],[139.25909,36.56544],[139.259104,36.56557],[139.25918,36.565755],[139.259194,36.565897],[139.259264,36.566127],[139.259285,36.56624],[139.259278,36.566543],[139.259243,36.566742],[139.259259,36.566785],[139.259341,36.567018],[139.259355,36.567767],[139.259271,36.567947],[139.259187,36.568189],[139.259187,36.568234],[139.259208,36.568268],[139.259334,36.568268],[139.259536,36.568015],[139.259662,36.567919],[139.259718,36.567885],[139.259899,36.567902],[139.259983,36.567941],[139.260178,36.568066]]}},{"type":"Feature","properties":{"id":138238740,"highway":"service"},"geometry":{"type":"LineString","coordinates":[[139.281376,36.509403],[139.282082,36.508993],[139.28222,36.508913],[139.282265,36.508759],[139.282321,36.508679],[139.283837,36.507102],[139.284951,36.505931],[139.286069,36.504768],[139.287057,36.503755]]}},{"type":"Feature","properties":{"id":138238764,"highway":"residential"},"geometry":{"type":"LineString","coordinates":[[139.268921,36.506352],[139.268783,36.506641],[139.268755,36.507075],[139.268587,36.507261],[139.26835,36.507508],[139.26789,36.507919],[139.267353,36.508325],[139.267262,36.508449],[139.267185,36.50868],[139.267192,36.50882],[139.267234,36.50904],[139.267324,36.509394],[139.26745,36.509574],[139.267499,36.509614]]}},{"type":"Feature","properties":{"id":138238768,"highway":"unclassified"},"geometry":{"type":"LineString","coordinates":[[139.256413,36.505317],[139.256231,36.505407],[139.256112,36.50543],[139.255966,36.505424],[139.255854,36.505385],[139.255694,36.50525],[139.255554,36.505047],[139.255477,36.504754],[139.255352,36.504585],[139.255072,36.504348],[139.254877,36.504151],[139.25478,36.503982],[139.254667,36.503672],[139.254661,36.50363]]}},{"type":"Feature","properties":{"id":138238775,"highway":"residential"},"geometry":{"type":"LineString","coordinates":[[139.277168,36.526694],[139.277091,36.526834],[139.276923,36.52702],[139.276882,36.52706],[139.276707,36.527313],[139.276644,36.527494],[139.276623,36.527691],[139.27663,36.527815],[139.276651,36.527933],[139.276728,36.528091],[139.276798,36.528186],[139.277169,36.528553],[139.277238,36.528638],[139.277276,36.528713]]}},{"type":"Feature","properties":{"id":138238797,"highway":"unclassified"},"geometry":{"type":"LineString","coordinates":[[139.238217,36.507423],[139.237986,36.507423],[139.237805,36.507457],[139.237114,36.507457],[139.236961,36.507401],[139.236661,36.507254],[139.236333,36.507046],[139.236285,36.506992],[139.236283,36.506888],[139.236388,36.506663],[139.236639,36.506291],[139.236681,36.506201],[139.236674,36.506077],[139.236625,36.506004],[139.236409,36.505857],[139.236225,36.505756],[139.235865,36.505559],[139.235656,36.505463],[139.235496,36.505412],[139.235391,36.505395],[139.235308,36.505395],[139.23484,36.505542],[139.234659,36.50557],[139.234401,36.505564],[139.234122,36.505531],[139.233843,36.505536],[139.233696,36.50557],[139.23355,36.505638],[139.233257,36.506071],[139.233061,36.506263],[139.232733,36.506454],[139.231868,36.506848],[139.231457,36.507096],[139.231275,36.507226],[139.230695,36.507665],[139.230613,36.507727],[139.229957,36.508003],[139.229482,36.508183],[139.228735,36.508493],[139.228484,36.508565],[139.228218,36.508633],[139.227857,36.508695],[139.227494,36.508706],[139.227292,36.50874],[139.226915,36.508853],[139.226671,36.508972],[139.226231,36.50914],[139.225973,36.509213],[139.225555,36.50936],[139.225346,36.509428],[139.225301,36.509432],[139.225269,36.509432],[139.225245,36.509427],[139.225222,36.509414],[139.225186,36.509382]]}},{"type":"Feature","properties":{"id":138238803,"highway":"unclassified"},"geometry":{"type":"LineString","coordinates":[[139.199515,36.505949],[139.199582,36.505882],[139.199918,36.505088],[139.200003,36.504861],[139.200046,36.504609],[139.20009,36.504474],[139.200209,36.504264],[139.200371,36.503951],[139.200455,36.503795],[139.200671,36.503493],[139.200734,36.50339],[139.200771,36.503258],[139.200846,36.50297],[139.200892,36.502804],[139.200919,36.502508],[139.200945,36.502057],[139.200939,36.501975],[139.200923,36.501882],[139.200885,36.501777],[139.200807,36.501542],[139.20079,36.501374],[139.200787,36.501234],[139.200766,36.501163],[139.200762,36.500979],[139.200801,36.500808],[139.200829,36.50074],[139.200848,36.500645],[139.20086,36.500537],[139.20085,36.500242],[139.201026,36.499901],[139.201239,36.499504],[139.201387,36.499134],[139.201478,36.498981],[139.201668,36.498643],[139.201953,36.498234],[139.202093,36.49784],[139.202087,36.497781],[139.202065,36.497733],[139.202015,36.497669],[139.201868,36.497504],[139.201837,36.497436],[139.201828,36.497386],[139.201831,36.497342],[139.201869,36.497288],[139.20215,36.497012],[139.202244,36.496943]]}},{"type":"Feature","properties":{"id":138238804,"highway":"service"},"geometry":{"type":"LineString","coordinates":[[139.267946,36.509728],[139.268045,36.509677],[139.268766,36.509184],[139.269208,36.509046],[139.269334,36.50899],[139.269473,36.508945],[139.269606,36.508928],[139.269843,36.50886],[139.270081,36.508686],[139.27015,36.508658],[139.270269,36.508641],[139.27052,36.508646],[139.270569,36.508658],[139.270639,36.508719],[139.270754,36.508766]]}},{"type":"Feature","properties":{"id":138238808,"highway":"unclassified"},"geometry":{"type":"LineString","coordinates":[[139.276422,36.53832],[139.276512,36.538309],[139.276582,36.538252],[139.276638,36.538173],[139.276401,36.538038],[139.276345,36.537988],[139.276296,36.537909],[139.276254,36.537689],[139.276178,36.537537],[139.276198,36.537436],[139.276247,36.537345],[139.276429,36.537114],[139.27661,36.536821],[139.276631,36.536567],[139.276637,36.536381],[139.276618,36.536266]]}},{"type":"Feature","properties":{"id":138238810,"highway":"unclassified"},"geometry":{"type":"LineString","coordinates":[[139.250864,36.509564],[139.251067,36.509969],[139.25113,36.510037],[139.251164,36.51006],[139.251185,36.510088],[139.25145,36.510076],[139.251626,36.51002],[139.252017,36.509863],[139.252059,36.509851],[139.252197,36.509857],[139.252532,36.509953],[139.252727,36.510014],[139.252854,36.510043],[139.252937,36.510076],[139.253147,36.510138]]}},{"type":"Feature","properties":{"id":138238845,"highway":"unclassified"},"geometry":{"type":"LineString","coordinates":[[139.278797,36.514576],[139.278537,36.51457],[139.278383,36.514566],[139.278308,36.514574],[139.278034,36.514652],[139.277623,36.514837],[139.277469,36.514961],[139.277337,36.515028],[139.277232,36.515056],[139.276904,36.515101],[139.276799,36.515135],[139.276443,36.515304],[139.276233,36.515365]]}},{"type":"Feature","properties":{"id":138238865,"highway":"residential"},"geometry":{"type":"LineString","coordinates":[[139.277816,36.508161],[139.277844,36.508232],[139.278007,36.508627],[139.277998,36.50877],[139.277846,36.5093],[139.277794,36.509405],[139.277749,36.509442],[139.277671,36.509474],[139.27756,36.509503],[139.277016,36.509593],[139.276381,36.509677],[139.276053,36.509705],[139.275544,36.509705],[139.275375,36.509677],[139.275083,36.509536],[139.274706,36.509193]]}},{"type":"Feature","properties":{"id":138238877,"highway":"residential"},"geometry":{"type":"LineString","coordinates":[[139.246782,36.516835],[139.247152,36.516779],[139.247257,36.516768],[139.247494,36.516728],[139.247752,36.516633],[139.247941,36.51652],[139.248122,36.516452],[139.248807,36.516261],[139.249092,36.51616],[139.24947,36.516092],[139.249817,36.515946],[139.250021,36.515839],[139.250282,36.515729],[139.250407,36.51564],[139.250533,36.515518]]}},{"type":"Feature","properties":{"id":138238887,"highway":"service"},"geometry":{"type":"LineString","coordinates":[[139.283146,36.526196],[139.283131,36.526317],[139.283099,36.526514],[139.283173,36.526672],[139.283231,36.526793],[139.283293,36.526854],[139.283363,36.526918],[139.28347,36.527012],[139.283553,36.527088],[139.283616,36.527173],[139.283658,36.527218],[139.283718,36.52733],[139.283856,36.527426]]}},{"type":"Feature","properties":{"id":138238896,"highway":"residential"},"geometry":{"type":"LineString","coordinates":[[139.242755,36.519487],[139.242937,36.519656],[139.243223,36.519435],[139.243508,36.519201],[139.243729,36.518994],[139.243856,36.518892],[139.244067,36.518722],[139.244496,36.518294],[139.244681,36.51812],[139.245019,36.517783],[139.245253,36.517536],[139.245578,36.517368],[139.245734,36.517251],[139.245981,36.517108],[139.246292,36.516978],[139.246707,36.516848],[139.246782,36.516835]]}},{"type":"Feature","properties":{"id":138238944,"highway":"unclassified"},"geometry":{"type":"LineString","coordinates":[[139.250333,36.548851],[139.25059,36.548824],[139.250929,36.548756],[139.251184,36.548695],[139.251277,36.548647],[139.251378,36.548578],[139.251511,36.548481],[139.251806,36.548239],[139.25189,36.548183],[139.251991,36.548139],[139.252137,36.548145],[139.252326,36.548127],[139.252435,36.548101],[139.252688,36.547941],[139.25283,36.547891],[139.253049,36.547792]]}},{"type":"Feature","properties":{"id":138238949,"highway":"unclassified"},"geometry":{"type":"LineString","coordinates":[[139.252836,36.532319],[139.252967,36.5323],[139.253196,36.532261],[139.253326,36.53225],[139.253453,36.532298],[139.253613,36.532365],[139.254039,36.53264],[139.254088,36.532702],[139.254304,36.533198],[139.254339,36.533367],[139.254325,36.533547],[139.25429,36.533677],[139.254158,36.533891],[139.254074,36.534008],[139.253986,36.534263]]}},{"type":"Feature","properties":{"id":138238952,"highway":"service"},"geometry":{"type":"LineString","coordinates":[[139.272827,36.508099],[139.27288,36.508077],[139.273332,36.507784],[139.273422,36.507704],[139.273511,36.507655],[139.273648,36.507612],[139.273739,36.507603],[139.274474,36.507607],[139.274845,36.507559],[139.275347,36.507413],[139.275557,36.507323],[139.275725,36.507233],[139.275934,36.507086],[139.276437,36.506669],[139.276517,36.506608]]}},{"type":"Feature","properties":{"id":138238967,"highway":"unclassified"},"geometry":{"type":"LineString","coordinates":[[139.239333,36.508696],[139.239193,36.508781],[139.238935,36.509045],[139.238677,36.509349],[139.238384,36.5098],[139.238328,36.509958],[139.238294,36.510098],[139.238293,36.510424],[139.238328,36.510683],[139.2383,36.510835],[139.238189,36.511062],[139.237972,36.511427],[139.237944,36.511517],[139.237938,36.511625],[139.237972,36.511787],[139.238035,36.51194],[139.238084,36.512042],[139.238216,36.512283],[139.238231,36.512435],[139.238196,36.512615],[139.238126,36.512926],[139.238049,36.513185],[139.237882,36.513534],[139.237798,36.513714],[139.237749,36.513884]]}},{"type":"Feature","properties":{"id":138238968,"highway":"unclassified"},"geometry":{"type":"LineString","coordinates":[[139.236877,36.519537],[139.236876,36.519357],[139.236764,36.518649],[139.236757,36.518305],[139.2368,36.517966],[139.236793,36.517763],[139.236744,36.517532],[139.236751,36.517448],[139.236807,36.517285],[139.237065,36.516627],[139.237498,36.515539],[139.237519,36.515303],[139.237526,36.514813],[139.237561,36.514689],[139.237651,36.514486],[139.237721,36.514227],[139.237749,36.513884]]}},{"type":"Feature","properties":{"id":138238987,"highway":"residential"},"geometry":{"type":"LineString","coordinates":[[139.244161,36.545985],[139.244315,36.545911],[139.244429,36.545865],[139.244538,36.545836],[139.244698,36.545808],[139.244926,36.545785],[139.245108,36.545768],[139.245251,36.545757],[139.245354,36.545745],[139.245474,36.545717],[139.245662,36.545654],[139.245765,36.545626],[139.245856,36.545614],[139.245982,36.545608],[139.246255,36.545608],[139.246375,36.545626],[139.246782,36.545694]]}},{"type":"Feature","properties":{"id":138238994,"highway":"service"},"geometry":{"type":"LineString","coordinates":[[139.240146,36.497488],[139.239456,36.497785],[139.238857,36.498124],[139.238622,36.49823],[139.238365,36.498372],[139.238172,36.498515],[139.23799,36.498655],[139.237895,36.498702],[139.237738,36.498755],[139.237304,36.498859],[139.237002,36.49892],[139.236903,36.49897],[139.236812,36.499052],[139.236692,36.4993],[139.236564,36.499581],[139.23645,36.499787],[139.236364,36.500013]]}},{"type":"Feature","properties":{"id":138239006,"highway":"unclassified"},"geometry":{"type":"LineString","coordinates":[[139.244823,36.514785],[139.244761,36.514768],[139.244635,36.514768],[139.244244,36.514875],[139.244102,36.51491],[139.243952,36.514949],[139.243776,36.515001],[139.243655,36.515034],[139.243557,36.515052],[139.243454,36.515052],[139.243376,36.515052],[139.243312,36.515039],[139.243265,36.515017],[139.24323,36.514987],[139.243196,36.51494],[139.243157,36.51488],[139.243112,36.51479]]}},{"type":"Feature","properties":{"id":138239041,"highway":"unclassified"},"geometry":{"type":"LineString","coordinates":[[139.283126,36.529523],[139.283107,36.529574],[139.283075,36.529604],[139.283037,36.529626],[139.28299,36.529644],[139.282934,36.529648],[139.282687,36.529673],[139.282637,36.529687],[139.282596,36.529741],[139.28237,36.530002],[139.282123,36.530147],[139.281927,36.530299],[139.281808,36.530366],[139.281634,36.530496],[139.281501,36.530608],[139.281313,36.530817],[139.281229,36.530924]]}},{"type":"Feature","properties":{"id":138239059,"highway":"residential"},"geometry":{"type":"LineString","coordinates":[[139.281397,36.527275],[139.281257,36.527144],[139.281027,36.526987],[139.280859,36.526897],[139.28012,36.526902],[139.279855,36.52693],[139.27966,36.526986],[139.279527,36.527049],[139.279478,36.52706],[139.279374,36.527116],[139.279101,36.527296],[139.278948,36.527358],[139.278801,36.527347],[139.278543,36.527274],[139.27825,36.527263],[139.277593,36.527223],[139.277412,36.527229],[139.277391,36.527234]]}},{"type":"Feature","properties":{"id":138239101,"highway":"unclassified"},"geometry":{"type":"LineString","coordinates":[[139.268342,36.518008],[139.26872,36.518116],[139.268914,36.518166],[139.269099,36.518197],[139.269235,36.518209],[139.269374,36.518236],[139.269475,36.518244],[139.269562,36.518232],[139.269675,36.518178],[139.269825,36.518043],[139.270205,36.517703],[139.2706,36.517367],[139.270917,36.517154],[139.27116,36.516996],[139.271362,36.51688],[139.27155,36.516783],[139.271875,36.51665],[139.27225,36.516534],[139.272478,36.51647]]}},{"type":"Feature","properties":{"id":138239117,"highway":"unclassified"},"geometry":{"type":"LineString","coordinates":[[139.260178,36.568066],[139.260541,36.568341],[139.260625,36.568437],[139.260722,36.568572],[139.26098,36.569034],[139.261113,36.569231],[139.261197,36.569316],[139.261371,36.569428],[139.261497,36.569479],[139.261825,36.569541],[139.261894,36.569564],[139.262034,36.569688],[139.262194,36.569845],[139.262299,36.569919],[139.262481,36.569969],[139.262704,36.569958],[139.26294,36.56989],[139.263059,36.569868],[139.263505,36.569845]]}},{"type":"Feature","properties":{"id":138239131,"highway":"unclassified"},"geometry":{"type":"LineString","coordinates":[[139.268436,36.501915],[139.268459,36.5017],[139.268384,36.501604],[139.268298,36.501566],[139.268124,36.501554],[139.267814,36.50149],[139.267735,36.501458],[139.267681,36.501432],[139.267633,36.501403],[139.267556,36.501337],[139.267532,36.50127],[139.267551,36.501048],[139.267542,36.500982],[139.267465,36.500734],[139.267465,36.500648],[139.267504,36.500562],[139.267714,36.500289],[139.268073,36.499926],[139.268299,36.499764]]}},{"type":"Feature","properties":{"id":138239229,"highway":"unclassified"},"geometry":{"type":"LineString","coordinates":[[139.27389,36.515884],[139.273946,36.515859]]}},{"type":"Feature","properties":{"id":138239235,"highway":"residential"},"geometry":{"type":"LineString","coordinates":[[139.252957,36.524029],[139.25349,36.524155]]}},{"type":"Feature","properties":{"id":138239294,"highway":"residential"},"geometry":{"type":"LineString","coordinates":[[139.283412,36.526198],[139.283736,36.526201]]}},{"type":"Feature","properties":{"id":138239355,"highway":"unclassified"},"geometry":{"type":"LineString","coordinates":[[139.249353,36.547969],[139.249765,36.548315]]}},{"type":"Feature","properties":{"id":138239389,"highway":"service"},"geometry":{"type":"LineString","coordinates":[[139.283615,36.506964],[139.283837,36.507102],[139.284762,36.507685],[139.285683,36.508256],[139.286615,36.508859]]}},{"type":"Feature","properties":{"id":138239400,"highway":"unclassified"},"geometry":{"type":"LineString","coordinates":[[139.284804,36.528386],[139.285163,36.528177]]}},{"type":"Feature","properties":{"id":138239458,"highway":"tertiary"},"geometry":{"type":"LineString","coordinates":[[139.273796,36.50837],[139.274488,36.508496]]}},{"type":"Feature","properties":{"id":138239461,"highway":"unclassified"},"geometry":{"type":"LineString","coordinates":[[139.247,36.508696],[139.246784,36.508684]]}},{"type":"Feature","properties":{"id":138239531,"highway":"unclassified"},"geometry":{"type":"LineString","coordinates":[[139.258077,36.500142],[139.258084,36.500023]]}},{"type":"Feature","properties":{"id":138239696,"highway":"unclassified"},"geometry":{"type":"LineString","coordinates":[[139.285163,36.528177],[139.285352,36.528074]]}},{"type":"Feature","properties":{"id":138239702,"highway":"residential"},"geometry":{"type":"LineString","coordinates":[[139.290931,36.534683],[139.291219,36.534689]]}},{"type":"Feature","properties":{"id":138239754,"highway":"residential"},"geometry":{"type":"LineString","coordinates":[[139.242067,36.518734],[139.242755,36.519487]]}},{"type":"Feature","properties":{"id":138239786,"highway":"unclassified"},"geometry":{"type":"LineString","coordinates":[[139.273794,36.515935],[139.27389,36.515884]]}},{"type":"Feature","properties":{"id":138239880,"highway":"residential"},"geometry":{"type":"LineString","coordinates":[[139.291219,36.534689],[139.291359,36.534671]]}},{"type":"Feature","properties":{"id":138240078,"highway":"residential"},"geometry":{"type":"LineString","coordinates":[[139.283146,36.526196],[139.283202,36.526204]]}},{"type":"Feature","properties":{"id":138240223,"highway":"unclassified"},"geometry":{"type":"LineString","coordinates":[[139.26327,36.517296],[139.264495,36.517311]]}},{"type":"Feature","properties":{"id":138240233,"highway":"unclassified"},"geometry":{"type":"LineString","coordinates":[[139.249765,36.548315],[139.250162,36.5488]]}},{"type":"Feature","properties":{"id":138240251,"highway":"unclassified"},"geometry":{"type":"LineString","coordinates":[[139.279963,36.506684],[139.279748,36.506826],[139.2795,36.507031],[139.279347,36.507176],[139.279279,36.507272],[139.279218,36.507378],[139.279152,36.507526],[139.279116,36.507591],[139.279073,36.507638],[139.279013,36.507675],[139.27895,36.507697],[139.278794,36.507729],[139.278637,36.507754],[139.278542,36.507771],[139.278481,36.507792],[139.278293,36.507893],[139.277816,36.508161],[139.27724,36.508427],[139.277067,36.508514]]}},{"type":"Feature","properties":{"id":138240348,"highway":"residential"},"geometry":{"type":"LineString","coordinates":[[139.275237,36.517341],[139.274964,36.516956]]}},{"type":"Feature","properties":{"id":138240351,"highway":"unclassified"},"geometry":{"type":"LineString","coordinates":[[139.257755,36.556478],[139.257675,36.556425]]}},{"type":"Feature","properties":{"id":138240384,"highway":"unclassified"},"geometry":{"type":"LineString","coordinates":[[139.262052,36.517262],[139.262286,36.517727]]}},{"type":"Feature","properties":{"id":138240511,"highway":"unclassified"},"geometry":{"type":"LineString","coordinates":[[139.248103,36.508679],[139.248868,36.508851]]}},{"type":"Feature","properties":{"id":138240513,"highway":"service"},"geometry":{"type":"LineString","coordinates":[[139.284443,36.527565],[139.28456,36.527361]]}},{"type":"Feature","properties":{"id":138240518,"highway":"unclassified"},"geometry":{"type":"LineString","coordinates":[[139.252587,36.532085],[139.252605,36.531907]]}},{"type":"Feature","properties":{"id":138240529,"highway":"unclassified"},"geometry":{"type":"LineString","coordinates":[[139.272478,36.51647],[139.272605,36.516445]]}},{"type":"Feature","properties":{"id":138240662,"highway":"unclassified"},"geometry":{"type":"LineString","coordinates":[[139.277213,36.528677],[139.277276,36.528713]]}},{"type":"Feature","properties":{"id":138240677,"highway":"unclassified"},"geometry":{"type":"LineString","coordinates":[[139.284758,36.528409],[139.284804,36.528386]]}},{"type":"Feature","properties":{"id":138240741,"highway":"residential"},"geometry":{"type":"LineString","coordinates":[[139.251917,36.532477],[139.251963,36.53246]]}},{"type":"Feature","properties":{"id":138240793,"highway":"unclassified"},"geometry":{"type":"LineString","coordinates":[[139.252588,36.532202],[139.252587,36.532085]]}},{"type":"Feature","properties":{"id":138240795,"highway":"unclassified"},"geometry":{"type":"LineString","coordinates":[[139.258076,36.500442],[139.258077,36.500142]]}},{"type":"Feature","properties":{"id":138240802,"highway":"service"},"geometry":{"type":"LineString","coordinates":[[139.28456,36.527361],[139.284625,36.527298]]}},{"type":"Feature","properties":{"id":138240870,"highway":"unclassified"},"geometry":{"type":"LineString","coordinates":[[139.246784,36.51508],[139.2465,36.514969]]}},{"type":"Feature","properties":{"id":138240997,"highway":"residential"},"geometry":{"type":"LineString","coordinates":[[139.252907,36.522912],[139.253086,36.522774]]}},{"type":"Feature","properties":{"id":138241029,"highway":"unclassified"},"geometry":{"type":"LineString","coordinates":[[139.224479,36.501748],[139.224664,36.501488]]}},{"type":"Feature","properties":{"id":138241080,"highway":"unclassified"},"geometry":{"type":"LineString","coordinates":[[139.249353,36.547969],[139.249788,36.54765],[139.249884,36.547599],[139.250053,36.547474],[139.250251,36.547311],[139.25036,36.547231],[139.250451,36.54712],[139.250511,36.546982],[139.250524,36.546838],[139.250486,36.546723],[139.250422,36.546628],[139.250297,36.546538],[139.250115,36.546439],[139.249987,36.54638],[139.249907,36.546314],[139.249862,36.546259],[139.24983,36.54618],[139.249837,36.546094],[139.249888,36.546022],[139.249977,36.54597]]}},{"type":"Feature","properties":{"id":138241101,"highway":"residential"},"geometry":{"type":"LineString","coordinates":[[139.252957,36.524029],[139.252755,36.524045],[139.252469,36.524141],[139.252086,36.524282],[139.251744,36.524472],[139.251548,36.524562],[139.251423,36.524597],[139.251255,36.524575],[139.251213,36.524557],[139.251095,36.524462],[139.251053,36.524406],[139.251067,36.524292],[139.251102,36.524231],[139.251534,36.523814],[139.251716,36.523634],[139.251821,36.52355],[139.252065,36.523385],[139.252546,36.523115],[139.252838,36.522955],[139.252907,36.522912]]}},{"type":"Feature","properties":{"id":138241128,"highway":"unclassified"},"geometry":{"type":"LineString","coordinates":[[139.266339,36.523486],[139.266632,36.522936],[139.26673,36.522778],[139.2668,36.522643],[139.266849,36.522564],[139.267132,36.522299],[139.267202,36.522217],[139.26735,36.521995],[139.267404,36.521854],[139.267435,36.521741],[139.267422,36.521654],[139.267394,36.521568],[139.267197,36.521258],[139.267177,36.521173],[139.26717,36.52111],[139.267239,36.520987],[139.267295,36.520942],[139.267575,36.520863],[139.267687,36.520818],[139.26786,36.520682],[139.268029,36.520497]]}},{"type":"Feature","properties":{"id":138241159,"highway":"residential"},"geometry":{"type":"LineString","coordinates":[[139.276357,36.525947],[139.276336,36.526005],[139.276307,36.526042],[139.27615,36.526145],[139.276093,36.526203],[139.276093,36.526232],[139.276101,36.526253],[139.276147,36.526261],[139.276245,36.526253],[139.276378,36.526219],[139.276456,36.526207],[139.276555,36.526232],[139.27665,36.526253],[139.27672,36.526253],[139.276881,36.526219],[139.277182,36.526178],[139.27724,36.526191],[139.277265,36.526211],[139.277277,36.526248],[139.277261,36.526418],[139.277215,36.526558],[139.277168,36.526694]]}},{"type":"Feature","properties":{"id":138241227,"highway":"residential"},"geometry":{"type":"LineString","coordinates":[[139.270187,36.516531],[139.270379,36.516516],[139.270469,36.516483],[139.270542,36.516453],[139.270565,36.516419],[139.270587,36.516368],[139.270629,36.51623],[139.270662,36.516111],[139.270717,36.516029],[139.270774,36.515981],[139.27087,36.515929],[139.27096,36.515888],[139.27106,36.515866],[139.271182,36.515851],[139.27151,36.515862],[139.271629,36.515866],[139.271777,36.515855],[139.272057,36.51581],[139.272354,36.515758],[139.27261,36.515733],[139.272927,36.515743],[139.273273,36.515773],[139.273682,36.515799],[139.273946,36.515859]]}},{"type":"Feature","properties":{"id":138241248,"highway":"unclassified"},"geometry":{"type":"LineString","coordinates":[[139.243539,36.551061],[139.24358,36.551092],[139.243643,36.551098],[139.243706,36.551075],[139.244061,36.550879],[139.24411,36.550862],[139.244417,36.550817],[139.244515,36.550749],[139.244564,36.550687],[139.244613,36.550603],[139.244745,36.550451],[139.244906,36.550316],[139.245142,36.550187],[139.245344,36.550029],[139.245533,36.549933],[139.24568,36.549888],[139.245882,36.549854],[139.246007,36.549809],[139.246085,36.549776],[139.24616,36.549697],[139.246244,36.549556],[139.246356,36.549291],[139.246377,36.549207],[139.24642,36.549099],[139.246495,36.549021],[139.246535,36.549],[139.246625,36.548989],[139.246781,36.549004],[139.246936,36.549023],[139.247016,36.549049],[139.247061,36.549081],[139.247083,36.549135],[139.24708,36.549202],[139.24695,36.549503],[139.24696,36.549563],[139.247023,36.549592],[139.247096,36.549592],[139.24717,36.54956],[139.24726,36.549461],[139.247323,36.549362],[139.24742,36.549183],[139.247506,36.549049],[139.247576,36.548988],[139.247656,36.54894],[139.247878,36.548873],[139.248073,36.548834],[139.248275,36.548761],[139.248393,36.548681],[139.248819,36.548329],[139.249078,36.548142],[139.249241,36.54803],[139.249353,36.547969]]}},{"type":"Feature","properties":{"id":138241265,"highway":"tertiary"},"geometry":{"type":"LineString","coordinates":[[139.275686,36.508686],[139.275651,36.508758],[139.275629,36.508786],[139.275595,36.50882],[139.275548,36.508855],[139.275495,36.508892],[139.275413,36.508927],[139.274706,36.509193],[139.274135,36.509377],[139.273906,36.509426],[139.273642,36.509444],[139.273324,36.50956],[139.273247,36.509577],[139.273176,36.509583],[139.273103,36.509582],[139.27304,36.509575],[139.272967,36.509551],[139.272886,36.509516],[139.272432,36.509267],[139.272325,36.50923],[139.272237,36.509211],[139.272023,36.509207],[139.271872,36.509209],[139.271737,36.509227],[139.27163,36.509295],[139.271254,36.509632],[139.270866,36.51003],[139.270807,36.510078],[139.270747,36.510118],[139.270672,36.51014],[139.270502,36.510169],[139.270379,36.510206],[139.270266,36.510309],[139.27013,36.510426],[139.269959,36.510483],[139.269443,36.51065],[139.269265,36.510779],[139.269111,36.510857],[139.268298,36.511165],[139.268166,36.511206],[139.267896,36.511228],[139.267502,36.511356],[139.267334,36.511413],[139.267157,36.511393],[139.266986,36.511379],[139.266859,36.511428],[139.266596,36.511602],[139.266046,36.511739],[139.265648,36.511912],[139.265493,36.511955],[139.265299,36.511934],[139.265175,36.511938],[139.264732,36.512119],[139.264584,36.512153],[139.264369,36.512158],[139.263925,36.512256],[139.263845,36.512246],[139.263487,36.512147],[139.263367,36.512089],[139.263271,36.511995],[139.263149,36.511875],[139.262993,36.511793],[139.262629,36.51163],[139.262355,36.511519],[139.262227,36.511491],[139.261564,36.511478],[139.260772,36.511498],[139.260584,36.511472],[139.259985,36.511323],[139.259476,36.511157],[139.259336,36.511092],[139.259152,36.510948],[139.259061,36.510901],[139.25873,36.510813],[139.258594,36.510773],[139.258489,36.510678],[139.258349,36.510504],[139.258274,36.510458],[139.258189,36.510445],[139.257582,36.510435],[139.257295,36.510439],[139.256953,36.510476],[139.256807,36.510511],[139.256577,36.510626],[139.256487,36.510646],[139.256407,36.51064],[139.256296,36.510609],[139.255609,36.510348]]}},{"type":"Feature","properties":{"id":138241270,"highway":"residential"},"geometry":{"type":"LineString","coordinates":[[139.253124,36.519273],[139.253251,36.519184],[139.253412,36.519136],[139.253481,36.519151],[139.253669,36.519224],[139.253949,36.519303],[139.254151,36.519336],[139.254458,36.519331],[139.254632,36.519297],[139.254696,36.519269],[139.254725,36.519245],[139.25474,36.519213],[139.25475,36.519156],[139.254726,36.519095],[139.254683,36.519022],[139.254645,36.518964],[139.254605,36.51892],[139.254584,36.518891],[139.254486,36.518807],[139.25436,36.518739],[139.254046,36.518734],[139.253977,36.518689],[139.253914,36.518627],[139.253733,36.518328],[139.253659,36.518045]]}},{"type":"Feature","properties":{"id":138241291,"highway":"unclassified"},"geometry":{"type":"LineString","coordinates":[[139.240472,36.508508],[139.24054,36.508499],[139.240805,36.508454],[139.240973,36.508432],[139.241691,36.508324],[139.2419,36.508324],[139.242011,36.508341],[139.242123,36.508375],[139.242381,36.508482],[139.242772,36.508719],[139.242925,36.508792],[139.24312,36.508837],[139.243547,36.508877],[139.243805,36.508877],[139.24409,36.508832],[139.244307,36.508781],[139.244585,36.508736],[139.244844,36.508736],[139.245117,36.508769],[139.245396,36.508826],[139.24564,36.508848],[139.245856,36.508848],[139.246023,36.50882],[139.246268,36.508753],[139.246568,36.508696],[139.246784,36.508684]]}},{"type":"Feature","properties":{"id":138241309,"highway":"unclassified"},"geometry":{"type":"LineString","coordinates":[[139.230373,36.527211],[139.23042,36.527206],[139.230589,36.527184],[139.230833,36.527171],[139.231096,36.52713],[139.231271,36.52713],[139.232016,36.527189],[139.232255,36.527195],[139.232413,36.527184],[139.232547,36.527136],[139.232828,36.526832],[139.233102,36.52657],[139.233429,36.52621],[139.233738,36.525831],[139.233902,36.525666],[139.234205,36.525363],[139.234432,36.525136],[139.234688,36.524851],[139.234892,36.524624],[139.235032,36.524502],[139.235231,36.524354],[139.23551,36.524092],[139.235738,36.523836],[139.235785,36.523719],[139.235837,36.523265],[139.235925,36.523073]]}},{"type":"Feature","properties":{"id":138241323,"highway":"unclassified"},"geometry":{"type":"LineString","coordinates":[[139.242375,36.505473],[139.242277,36.505941],[139.242277,36.506076],[139.242298,36.506144],[139.242382,36.506246],[139.242862,36.506629],[139.243345,36.50699],[139.243518,36.507069],[139.243623,36.507097],[139.243985,36.507153],[139.244167,36.507193],[139.244265,36.507238],[139.244362,36.507316],[139.244467,36.507446],[139.244607,36.507728],[139.24462,36.507857],[139.24462,36.508195],[139.244655,36.508279],[139.244747,36.508358],[139.244858,36.508415],[139.244991,36.508454],[139.245263,36.508505],[139.245577,36.508544],[139.24603,36.508544],[139.246323,36.508499],[139.246568,36.508426],[139.246784,36.508339]]}},{"type":"Feature","properties":{"id":138241331,"highway":"unclassified"},"geometry":{"type":"LineString","coordinates":[[139.218723,36.506192],[139.219067,36.506107],[139.219167,36.506074],[139.219259,36.506031],[139.219451,36.505825],[139.219985,36.505186],[139.220069,36.505103],[139.220308,36.504947],[139.220526,36.504833],[139.220692,36.50476],[139.220972,36.504657],[139.221211,36.504584],[139.221646,36.504491],[139.222041,36.504408],[139.222352,36.504387],[139.222445,36.504418],[139.222601,36.504512],[139.222725,36.504605],[139.222871,36.504657],[139.222995,36.504595],[139.22315,36.504429],[139.223305,36.504273],[139.22344,36.504107],[139.223523,36.504035],[139.22361,36.504003],[139.223786,36.503951],[139.223895,36.503937]]}},{"type":"Feature","properties":{"id":138241354,"highway":"residential"},"geometry":{"type":"LineString","coordinates":[[139.259985,36.511323],[139.259907,36.51162],[139.259823,36.511716],[139.25976,36.511761],[139.259648,36.511806],[139.259523,36.511806],[139.259245,36.511682],[139.259097,36.511704],[139.259021,36.511733],[139.258923,36.511851],[139.25868,36.512228],[139.258616,36.512307],[139.258462,36.512391],[139.25826,36.512437],[139.258066,36.51247],[139.257926,36.512527],[139.257821,36.512606],[139.257776,36.512661],[139.257605,36.512865],[139.257417,36.513017],[139.257256,36.513113],[139.256943,36.513307],[139.255986,36.513918],[139.255666,36.514098],[139.255174,36.514383]]}},{"type":"Feature","properties":{"id":138241375,"highway":"residential"},"geometry":{"type":"LineString","coordinates":[[139.290931,36.534683],[139.290628,36.534686],[139.290418,36.534647],[139.29018,36.534524],[139.289008,36.533786],[139.288917,36.533701],[139.288687,36.533408],[139.288485,36.533279],[139.288338,36.533189],[139.287968,36.532884],[139.287808,36.532806],[139.287368,36.532653],[139.287243,36.532591],[139.287054,36.532411],[139.286873,36.53218],[139.286747,36.531994],[139.286085,36.530919],[139.286002,36.530727],[139.28582,36.530231],[139.285765,36.530141],[139.285674,36.530079],[139.285458,36.529983],[139.285262,36.529871],[139.285067,36.529724],[139.284941,36.529572],[139.284595,36.528948],[139.284519,36.528886],[139.28443,36.528855],[139.283926,36.528926]]}},{"type":"Feature","properties":{"id":138241381,"highway":"residential"},"geometry":{"type":"LineString","coordinates":[[139.26252,36.508164],[139.262216,36.507952],[139.262097,36.507886],[139.261735,36.507885],[139.261463,36.507963],[139.261149,36.508121],[139.260947,36.508172],[139.26085,36.508178],[139.2605,36.508183],[139.260451,36.5082],[139.260423,36.508251],[139.26041,36.508352],[139.260445,36.508482],[139.260583,36.50878],[139.26059,36.508882],[139.260542,36.508913],[139.260353,36.508882],[139.259887,36.508735],[139.259626,36.508558],[139.2595,36.508514],[139.259264,36.508529],[139.259021,36.508441],[139.25898,36.508384],[139.258981,36.508352],[139.259002,36.508189],[139.258991,36.508116],[139.258919,36.508055],[139.25868,36.507959],[139.25849,36.507785]]}},{"type":"Feature","properties":{"id":138241385,"highway":"residential"},"geometry":{"type":"LineString","coordinates":[[139.276233,36.515365],[139.276415,36.515416],[139.276527,36.515473],[139.276569,36.515489],[139.276618,36.515493],[139.277104,36.515559],[139.277167,36.515568],[139.277202,36.515584],[139.277277,36.515629],[139.27737,36.515692],[139.277424,36.515746],[139.277436,36.515772],[139.277417,36.515806],[139.277383,36.515838],[139.277346,36.515899],[139.277318,36.515955],[139.277289,36.51603],[139.277265,36.516148],[139.277231,36.516287],[139.277208,36.516348],[139.277178,36.516379],[139.277149,36.516401],[139.277121,36.51641],[139.277078,36.516419],[139.276703,36.516395],[139.276318,36.516351],[139.276255,36.516345],[139.276193,36.516361],[139.274964,36.516956]]}},{"type":"Feature","properties":{"id":138241574,"highway":"residential"},"geometry":{"type":"LineString","coordinates":[[139.256867,36.501085],[139.257864,36.500296],[139.258077,36.500142]]}},{"type":"Feature","properties":{"id":138241605,"highway":"unclassified"},"geometry":{"type":"LineString","coordinates":[[139.25383,36.503126],[139.253999,36.503057],[139.254069,36.503019]]}},{"type":"Feature","properties":{"id":138241686,"highway":"tertiary"},"geometry":{"type":"LineString","coordinates":[[139.273796,36.50837],[139.272973,36.508235],[139.272564,36.508151],[139.272451,36.508107],[139.272371,36.508076],[139.271974,36.507914],[139.271788,36.507821],[139.271702,36.507769],[139.271483,36.507637]]}},{"type":"Feature","properties":{"id":138241693,"highway":"unclassified"},"geometry":{"type":"LineString","coordinates":[[139.268335,36.520282],[139.268462,36.520203],[139.268357,36.520125]]}},{"type":"Feature","properties":{"id":138241734,"highway":"residential"},"geometry":{"type":"LineString","coordinates":[[139.262448,36.511352],[139.262535,36.511445],[139.262629,36.51163]]}},{"type":"Feature","properties":{"id":138241766,"highway":"unclassified"},"geometry":{"type":"LineString","coordinates":[[139.277276,36.528713],[139.277285,36.528767],[139.277304,36.528818]]}},{"type":"Feature","properties":{"id":138241899,"highway":"unclassified"},"geometry":{"type":"LineString","coordinates":[[139.245304,36.514971],[139.244879,36.514802],[139.244823,36.514785]]}},{"type":"Feature","properties":{"id":138241914,"highway":"unclassified"},"geometry":{"type":"LineString","coordinates":[[139.254661,36.50363],[139.254556,36.503469],[139.254303,36.503126]]}},{"type":"Feature","properties":{"id":138241934,"highway":"unclassified"},"geometry":{"type":"LineString","coordinates":[[139.250162,36.5488],[139.250227,36.548836],[139.250333,36.548851]]}},{"type":"Feature","properties":{"id":138241952,"highway":"residential"},"geometry":{"type":"LineString","coordinates":[[139.276717,36.506527],[139.276777,36.506534],[139.27684,36.50656],[139.276897,36.506611],[139.276953,36.506736]]}},{"type":"Feature","properties":{"id":138242011,"highway":"unclassified"},"geometry":{"type":"LineString","coordinates":[[139.268029,36.520497],[139.268099,36.520423],[139.268335,36.520282]]}},{"type":"Feature","properties":{"id":138242171,"highway":"unclassified"},"geometry":{"type":"LineString","coordinates":[[139.254661,36.50363],[139.255219,36.503267],[139.255421,36.503126]]}},{"type":"Feature","properties":{"id":138242204,"highway":"unclassified"},"geometry":{"type":"LineString","coordinates":[[139.254069,36.503019],[139.254182,36.502954],[139.254303,36.503126]]}},{"type":"Feature","properties":{"id":138242264,"highway":"unclassified"},"geometry":{"type":"LineString","coordinates":[[139.252605,36.531907],[139.252632,36.531721]]}},{"type":"Feature","properties":{"id":138242708,"highway":"residential"},"geometry":{"type":"LineString","coordinates":[[139.288939,36.503768],[139.289404,36.504034],[139.289108,36.504344]]}},{"type":"Feature","properties":{"id":138242711,"highway":"residential"},"geometry":{"type":"LineString","coordinates":[[139.277391,36.527234],[139.2773,36.527049],[139.277168,36.526694]]}},{"type":"Feature","properties":{"id":138242728,"highway":"unclassified"},"geometry":{"type":"LineString","coordinates":[[139.254513,36.519545],[139.254088,36.519573],[139.253033,36.519692]]}},{"type":"Feature","properties":{"id":138242743,"highway":"residential"},"geometry":{"type":"LineString","coordinates":[[139.2877,36.539291],[139.287679,36.539454],[139.287659,36.539617],[139.287662,36.539685],[139.287686,36.539746],[139.287718,36.539799],[139.287768,36.539816],[139.287818,36.5398],[139.287868,36.539748],[139.287983,36.539576],[139.288095,36.539554],[139.288199,36.539542],[139.288304,36.539588],[139.288388,36.539633],[139.28866,36.539745],[139.288751,36.539751],[139.288803,36.539734],[139.288884,36.539677],[139.288993,36.539576],[139.289076,36.539501],[139.289145,36.53944],[139.289184,36.539386],[139.289241,36.539308],[139.289312,36.53923],[139.289351,36.539188],[139.289483,36.539171],[139.289895,36.539159],[139.289999,36.539148],[139.290132,36.539109],[139.290185,36.539066],[139.290271,36.538957]]}},{"type":"Feature","properties":{"id":138242774,"highway":"unclassified"},"geometry":{"type":"LineString","coordinates":[[139.218297,36.506516],[139.21848,36.506369],[139.218667,36.50623],[139.218723,36.506192],[139.218811,36.506121],[139.219026,36.505864],[139.219133,36.505725],[139.219237,36.505624],[139.219358,36.505536],[139.219472,36.505428],[139.21955,36.505342],[139.219643,36.505241],[139.219692,36.505164],[139.21974,36.505073],[139.219767,36.504969],[139.219735,36.504716],[139.219737,36.50464],[139.219762,36.504562],[139.21981,36.504492],[139.22001,36.504277],[139.220136,36.504164],[139.220271,36.504054],[139.220427,36.503915],[139.220515,36.503828],[139.22079,36.503514],[139.220916,36.503358],[139.22132,36.502902],[139.221373,36.502857],[139.221432,36.502824],[139.221492,36.502798],[139.221677,36.502736],[139.224236,36.501928],[139.224327,36.501892],[139.224378,36.501857],[139.224429,36.50181],[139.224479,36.501748]]}},{"type":"Feature","properties":{"id":138242788,"highway":"unclassified"},"geometry":{"type":"LineString","coordinates":[[139.262052,36.517262],[139.261945,36.517055],[139.261784,36.516801],[139.261561,36.516508],[139.261275,36.51617],[139.26117,36.516074],[139.261024,36.516007],[139.260891,36.515979],[139.260598,36.515979],[139.260284,36.516018],[139.259817,36.516103],[139.259335,36.51621],[139.258965,36.516322],[139.25879,36.51643],[139.258624,36.516553],[139.258428,36.516717],[139.258288,36.516869],[139.258113,36.517178],[139.257625,36.518137],[139.257569,36.518272],[139.257569,36.518469],[139.257605,36.518599],[139.257619,36.518734],[139.257605,36.518824],[139.257541,36.518931],[139.256976,36.519584],[139.256815,36.519731],[139.256738,36.519776],[139.256627,36.51981],[139.256432,36.519821],[139.256166,36.519798],[139.255838,36.519748],[139.255595,36.519669]]}},{"type":"Feature","properties":{"id":138242803,"highway":"unclassified"},"geometry":{"type":"LineString","coordinates":[[139.2318,36.572096],[139.231902,36.572018],[139.231942,36.572002],[139.232027,36.572002],[139.232173,36.572024],[139.232278,36.572053],[139.232494,36.572115],[139.232648,36.572132],[139.232857,36.572126],[139.23301,36.572075],[139.233087,36.572019],[139.233157,36.571934],[139.233274,36.571726],[139.233309,36.571681],[139.233483,36.571563],[139.233511,36.571551],[139.233665,36.571422],[139.233721,36.571343],[139.233777,36.571196],[139.233825,36.571134],[139.233923,36.571056],[139.233951,36.571044],[139.234146,36.570864],[139.234293,36.570684],[139.23437,36.570537],[139.234397,36.570402],[139.234405,36.570177],[139.234446,36.570097],[139.234502,36.570031],[139.23469,36.569935],[139.234739,36.569895],[139.234775,36.569832],[139.23481,36.569659],[139.234837,36.569387],[139.234824,36.569331],[139.234781,36.56927],[139.234699,36.569225],[139.234209,36.569027],[139.234083,36.568942],[139.233874,36.568745],[139.233763,36.568565],[139.233714,36.568402],[139.233581,36.56772],[139.233477,36.567382],[139.233421,36.567247],[139.233414,36.567134],[139.233455,36.567055],[139.233525,36.566989],[139.233679,36.566916],[139.233763,36.566831],[139.233804,36.566719],[139.233805,36.566707],[139.233811,36.566617],[139.233742,36.566516],[139.2337,36.566493],[139.233504,36.566313],[139.233428,36.5662],[139.233442,36.566076],[139.233511,36.565907],[139.233665,36.565648],[139.233714,36.565592],[139.233951,36.565417],[139.234195,36.565259],[139.234251,36.565198],[139.234294,36.565119],[139.234294,36.56495],[139.234188,36.564584],[139.234146,36.564364],[139.234146,36.563688],[139.234167,36.563553],[139.234167,36.563249],[139.234139,36.563159],[139.234145,36.563073],[139.234181,36.563012],[139.234243,36.562979],[139.234337,36.562979],[139.234454,36.563001],[139.234537,36.563029],[139.234684,36.563029],[139.234789,36.562956],[139.234848,36.562892],[139.234905,36.562765],[139.234914,36.562672],[139.234916,36.562601],[139.234901,36.562487],[139.234874,36.562449],[139.234842,36.562413],[139.234789,36.562388]]}},{"type":"Feature","properties":{"id":138242806,"highway":"unclassified"},"geometry":{"type":"LineString","coordinates":[[139.258084,36.500023],[139.258071,36.499712],[139.258034,36.499619],[139.257982,36.499544],[139.257932,36.4995],[139.257877,36.499469],[139.257814,36.499444],[139.257736,36.499428],[139.257642,36.499437],[139.257502,36.499488],[139.257384,36.499482],[139.257322,36.499437],[139.257281,36.499371],[139.257266,36.499302],[139.257272,36.499217],[139.257322,36.499031],[139.257336,36.498891],[139.257322,36.498789],[139.257252,36.498676],[139.257031,36.498464],[139.257009,36.498452],[139.25697,36.498447],[139.256936,36.498449],[139.256799,36.498502],[139.256325,36.49871],[139.256136,36.49875],[139.255976,36.49875],[139.255829,36.498716],[139.255599,36.498721],[139.255404,36.498755],[139.255293,36.498755],[139.255174,36.498721],[139.255105,36.498682],[139.254938,36.498502],[139.254716,36.498175],[139.254674,36.498096]]}},{"type":"Feature","properties":{"id":138242829,"highway":"residential"},"geometry":{"type":"LineString","coordinates":[[139.258076,36.500442],[139.258376,36.500437],[139.25882,36.500397],[139.258987,36.500388],[139.259194,36.500328],[139.259298,36.500289],[139.25946,36.500245],[139.259569,36.50021],[139.259702,36.500186],[139.25979,36.500138],[139.259948,36.500029],[139.260111,36.499926],[139.260391,36.499749],[139.260554,36.499616],[139.260712,36.499478],[139.260899,36.499315],[139.261017,36.499168],[139.261204,36.498926],[139.261309,36.498736],[139.261374,36.498584],[139.261418,36.49851],[139.261492,36.498431],[139.2616,36.498347],[139.261674,36.498288],[139.261704,36.498229],[139.261738,36.498121],[139.261758,36.497776],[139.261773,36.497683],[139.261802,36.497634],[139.261876,36.49755],[139.261916,36.497501],[139.26195,36.497432],[139.261999,36.497314],[139.262069,36.497079],[139.262143,36.496898],[139.262172,36.496829],[139.262172,36.496779],[139.262088,36.496646]]}},{"type":"Feature","properties":{"id":138242839,"highway":"service"},"geometry":{"type":"LineString","coordinates":[[139.283219,36.561875],[139.28351,36.561875],[139.283622,36.561857],[139.283882,36.561818],[139.284098,36.561796],[139.284317,36.561784],[139.284537,36.561757],[139.284807,36.561707],[139.284856,36.561687],[139.284928,36.561651],[139.285021,36.561569],[139.285091,36.561488],[139.285172,36.561379],[139.28525,36.561282],[139.285332,36.561197],[139.285433,36.561127],[139.285538,36.561061],[139.285607,36.561018],[139.285734,36.560899],[139.285863,36.560779],[139.286006,36.560674],[139.286138,36.560578],[139.286204,36.560508],[139.286298,36.560364],[139.286379,36.560209],[139.286464,36.560038],[139.286577,36.559868],[139.286678,36.559743],[139.286822,36.559588],[139.286934,36.559503],[139.287082,36.55941],[139.287331,36.559266],[139.287447,36.559188],[139.287562,36.559086],[139.287659,36.558969],[139.287709,36.558868],[139.287721,36.558752],[139.287717,36.558604],[139.287721,36.558539],[139.287768,36.558488],[139.287892,36.558445],[139.288008,36.558407],[139.288109,36.558341],[139.288179,36.558309],[139.288296,36.558306],[139.288377,36.558329],[139.288398,36.5584],[139.288436,36.558574],[139.288589,36.558929],[139.289147,36.559735],[139.289174,36.559863],[139.289169,36.560006],[139.289127,36.560086],[139.28904,36.560131]]}},{"type":"Feature","properties":{"id":138242865,"highway":"unclassified"},"geometry":{"type":"LineString","coordinates":[[139.239333,36.508696],[139.239424,36.508651],[139.239507,36.508628],[139.240472,36.508508]]}},{"type":"Feature","properties":{"id":138243029,"highway":"residential"},"geometry":{"type":"LineString","coordinates":[[139.26109,36.509723],[139.261055,36.509837],[139.260965,36.509982],[139.260737,36.510178]]}},{"type":"Feature","properties":{"id":138243034,"highway":"unclassified"},"geometry":{"type":"LineString","coordinates":[[139.287703,36.507722],[139.286763,36.507129],[139.28627,36.506828],[139.285625,36.507493]]}},{"type":"Feature","properties":{"id":138243076,"highway":"residential"},"geometry":{"type":"LineString","coordinates":[[139.267499,36.509614],[139.267513,36.509625],[139.26761,36.509665],[139.267946,36.509728]]}},{"type":"Feature","properties":{"id":138243144,"highway":"residential"},"geometry":{"type":"LineString","coordinates":[[139.255174,36.514383],[139.255002,36.514467],[139.254926,36.514519],[139.254821,36.514587],[139.254573,36.514668]]}},{"type":"Feature","properties":{"id":138243166,"highway":"service"},"geometry":{"type":"LineString","coordinates":[[139.29215,36.506259],[139.292017,36.506347],[139.291252,36.507148],[139.290721,36.507704]]}},{"type":"Feature","properties":{"id":138243226,"highway":"service"},"geometry":{"type":"LineString","coordinates":[[139.304048,36.546762],[139.303691,36.546555],[139.303312,36.546359],[139.303004,36.546186],[139.302808,36.54606],[139.302546,36.545978],[139.302492,36.545947],[139.302422,36.54587],[139.302365,36.545808],[139.302259,36.545706],[139.301947,36.54562],[139.301541,36.545522],[139.301379,36.545479],[139.301289,36.54544],[139.301198,36.545384],[139.301114,36.545305],[139.300884,36.545029],[139.300549,36.544668],[139.300242,36.544381],[139.299886,36.543953],[139.299592,36.543649],[139.299502,36.54344],[139.299447,36.543373],[139.299342,36.543311],[139.299132,36.543254],[139.299014,36.543204],[139.298902,36.54317],[139.298756,36.543147],[139.298671,36.543108],[139.298595,36.543047],[139.298525,36.54299],[139.298441,36.542888],[139.298155,36.542454],[139.298015,36.542269],[139.297897,36.54215],[139.297799,36.542083],[139.297764,36.542071],[139.297317,36.541801],[139.297024,36.541666],[139.296815,36.541548],[139.296634,36.541407],[139.296251,36.540962],[139.296209,36.540928],[139.296126,36.540816],[139.296091,36.540787],[139.296014,36.540675],[139.295902,36.540545],[139.295616,36.540258],[139.295469,36.540168],[139.295072,36.540004],[139.294632,36.539841],[139.294444,36.539751],[139.294207,36.539588],[139.294088,36.539469],[139.293983,36.539334],[139.293949,36.539232],[139.293928,36.538855],[139.293872,36.538674],[139.293746,36.538482],[139.293607,36.538392],[139.293335,36.538286],[139.293021,36.538219],[139.292925,36.538182],[139.292826,36.53812],[139.292527,36.537941],[139.292281,36.537746],[139.291918,36.537374],[139.291779,36.537244],[139.291639,36.537165],[139.291353,36.537057],[139.29083,36.536872],[139.290529,36.536792]]}},{"type":"Feature","properties":{"id":138243360,"highway":"unclassified"},"geometry":{"type":"LineString","coordinates":[[139.252539,36.520474],[139.252679,36.520322],[139.252832,36.52017],[139.25301,36.520198]]}},{"type":"Feature","properties":{"id":138243423,"highway":"residential"},"geometry":{"type":"LineString","coordinates":[[139.290261,36.505069],[139.290226,36.505043],[139.289773,36.504767],[139.289308,36.504481],[139.289108,36.504344],[139.288825,36.504187],[139.288233,36.504047],[139.287752,36.503923],[139.287057,36.503755]]}},{"type":"Feature","properties":{"id":138243425,"highway":"residential"},"geometry":{"type":"LineString","coordinates":[[139.253124,36.519273],[139.252972,36.519258],[139.252682,36.519259],[139.252585,36.519259]]}},{"type":"Feature","properties":{"id":138243490,"highway":"unclassified"},"geometry":{"type":"LineString","coordinates":[[139.251122,36.505481],[139.251166,36.505306],[139.251228,36.505193],[139.251548,36.504918]]}},{"type":"Feature","properties":{"id":138243494,"highway":"residential"},"geometry":{"type":"LineString","coordinates":[[139.261763,36.511166],[139.261675,36.511253],[139.2616,36.511331],[139.261564,36.511478]]}},{"type":"Feature","properties":{"id":138243661,"highway":"unclassified"},"geometry":{"type":"LineString","coordinates":[[139.254059,36.530504],[139.254102,36.530411],[139.2542,36.530241],[139.254541,36.529751],[139.254618,36.529605],[139.254702,36.529385],[139.25473,36.52925],[139.254744,36.528968],[139.25473,36.528709],[139.254674,36.528388],[139.254611,36.528242],[139.254541,36.528157],[139.254493,36.528123],[139.254228,36.528028],[139.254137,36.52796],[139.254137,36.527898],[139.254151,36.527836],[139.254179,36.527797],[139.254381,36.527391],[139.254472,36.527397],[139.254646,36.527453],[139.254849,36.527453],[139.254946,36.527346],[139.255016,36.527222],[139.255107,36.527019],[139.255121,36.526941],[139.255107,36.526862],[139.25503,36.526676],[139.254814,36.526298],[139.254758,36.526248],[139.254666,36.526219],[139.254331,36.526224],[139.25394,36.526248],[139.253542,36.526244],[139.25329,36.526325],[139.253147,36.526364],[139.252985,36.526377],[139.252888,36.526367],[139.25285,36.526319]]}},{"type":"Feature","properties":{"id":138243666,"highway":"residential"},"geometry":{"type":"LineString","coordinates":[[139.253135,36.521232],[139.252905,36.521342],[139.252825,36.52141],[139.25276,36.521471],[139.2527,36.521573],[139.252658,36.521719],[139.252616,36.52177],[139.252428,36.52191],[139.252372,36.521994],[139.25233,36.522146],[139.252211,36.522405],[139.251995,36.522659],[139.2515,36.522991],[139.251388,36.523002],[139.251339,36.522919],[139.251039,36.522535],[139.250914,36.522315],[139.2509,36.522298],[139.250495,36.522033],[139.249923,36.521859],[139.249302,36.521673],[139.249253,36.521633],[139.249198,36.521538],[139.249204,36.521357],[139.249288,36.521256],[139.249518,36.521217],[139.249951,36.521127],[139.250139,36.521082],[139.250711,36.521043],[139.250851,36.520998],[139.25106,36.520931],[139.2515,36.520649],[139.251507,36.520638],[139.251814,36.520621],[139.251911,36.520598],[139.252016,36.520553],[139.252128,36.520525],[139.252323,36.520508],[139.252456,36.520486],[139.252539,36.520474]]}},{"type":"Feature","properties":{"id":138243671,"highway":"unclassified"},"geometry":{"type":"LineString","coordinates":[[139.243105,36.503126],[139.243108,36.503023],[139.243119,36.502833],[139.243181,36.502721],[139.243223,36.502629],[139.243282,36.502547],[139.243359,36.502467],[139.243755,36.502253],[139.243871,36.502132],[139.243896,36.502034],[139.243874,36.501936],[139.243851,36.501841],[139.24374,36.501751],[139.243594,36.501666],[139.243343,36.501575],[139.2433,36.5015],[139.243318,36.501348],[139.243421,36.501312],[139.243638,36.501299],[139.243752,36.501293],[139.243999,36.501261],[139.244175,36.50125],[139.244334,36.501205],[139.244555,36.501129],[139.244852,36.501008],[139.244977,36.500946],[139.245129,36.500801],[139.245218,36.500768],[139.245308,36.50073],[139.245449,36.500712],[139.245609,36.500694],[139.245754,36.500642],[139.245914,36.500528],[139.246044,36.500387],[139.246086,36.500106],[139.24613,36.500034],[139.246321,36.499813],[139.246512,36.499515],[139.246554,36.499396],[139.246596,36.499257],[139.246626,36.499152],[139.247615,36.49787],[139.247809,36.497723],[139.248209,36.497402],[139.248633,36.49691],[139.249056,36.496735],[139.249333,36.496243],[139.249586,36.496092],[139.249668,36.495874],[139.249892,36.495467],[139.250305,36.495305],[139.250345,36.495136],[139.25028,36.494966],[139.250104,36.494881],[139.24988,36.494876],[139.249668,36.49481],[139.249557,36.494682],[139.249362,36.494564],[139.249009,36.494578],[139.248809,36.494413],[139.248598,36.494394],[139.248215,36.494559],[139.24755,36.494886],[139.24735,36.4949],[139.247232,36.494838],[139.247174,36.494677],[139.247309,36.494431],[139.247609,36.494219],[139.247744,36.494015],[139.247933,36.493897],[139.248009,36.493712],[139.248097,36.493547],[139.248645,36.493258],[139.249004,36.492993],[139.24921,36.492984],[139.249298,36.49288],[139.24948,36.492686],[139.249492,36.492487],[139.249315,36.492208],[139.249274,36.491868],[139.249562,36.491106],[139.249651,36.490709],[139.249415,36.490515],[139.24865,36.490567],[139.248492,36.49034],[139.24825,36.490203],[139.24798,36.490255],[139.247897,36.490363],[139.24768,36.490808],[139.24758,36.490865],[139.24738,36.490893],[139.247127,36.491101],[139.24685,36.491447],[139.246456,36.491598],[139.246083,36.491433]]}},{"type":"Feature","properties":{"id":138243673,"highway":"residential"},"geometry":{"type":"LineString","coordinates":[[139.279107,36.513983],[139.279018,36.513953],[139.278927,36.513924],[139.278767,36.513924],[139.278293,36.513998],[139.27809,36.514009],[139.277923,36.513998],[139.277811,36.513969],[139.27763,36.513851],[139.277497,36.513789],[139.277378,36.513761],[139.277206,36.513765],[139.277117,36.51374],[139.27704,36.513702],[139.276956,36.513653],[139.276869,36.513577],[139.276757,36.513488],[139.276678,36.513424],[139.276611,36.513378],[139.276325,36.513264],[139.276067,36.513147],[139.275849,36.513088],[139.275774,36.513096],[139.27563,36.513179],[139.275439,36.513282],[139.275069,36.513451],[139.274985,36.513519],[139.274769,36.513873],[139.274553,36.514127],[139.274253,36.51438],[139.274178,36.514501],[139.273932,36.514887],[139.273749,36.514978],[139.273625,36.515023],[139.273405,36.515042],[139.273114,36.515056],[139.273053,36.515042],[139.272982,36.51496],[139.272893,36.514818],[139.272744,36.514596],[139.272664,36.514507],[139.272537,36.514349]]}},{"type":"Feature","properties":{"id":138243682,"highway":"unclassified"},"geometry":{"type":"LineString","coordinates":[[139.243105,36.503126],[139.243045,36.503239],[139.242961,36.503294],[139.242926,36.503306],[139.242661,36.503306],[139.242319,36.503238],[139.242152,36.503238],[139.24204,36.503283],[139.241963,36.503351],[139.241921,36.503452],[139.241921,36.503672],[139.241963,36.503852],[139.24204,36.504016],[139.242124,36.504139],[139.242256,36.504264],[139.242424,36.504365],[139.242619,36.504489],[139.242668,36.504572],[139.242661,36.504696],[139.242619,36.504747],[139.242563,36.504781],[139.242389,36.504781],[139.242082,36.504708],[139.241908,36.504708],[139.241817,36.504747],[139.241726,36.504803],[139.241628,36.504916],[139.241614,36.504972],[139.241619,36.50509],[139.241698,36.505163],[139.241782,36.505192],[139.241901,36.505192],[139.242033,36.505096],[139.242131,36.505006],[139.242194,36.504972],[139.242221,36.504967],[139.24225,36.504966],[139.242293,36.504979],[139.242319,36.504995],[139.242368,36.505045],[139.242396,36.50513],[139.242396,36.505293],[139.242375,36.505473]]}},{"type":"Feature","properties":{"id":138243701,"highway":"residential"},"geometry":{"type":"LineString","coordinates":[[139.246355,36.554085],[139.246528,36.553735],[139.246748,36.553302],[139.247041,36.553177],[139.247163,36.553116],[139.247224,36.553074],[139.247281,36.553013],[139.24733,36.55294],[139.247374,36.552831],[139.247413,36.552742],[139.24749,36.552665],[139.247598,36.552588],[139.247714,36.552458],[139.247794,36.552333],[139.247897,36.552157],[139.247977,36.551972],[139.248063,36.55181],[139.248134,36.551717],[139.248198,36.551676],[139.248259,36.551679],[139.248335,36.551714],[139.248383,36.551768],[139.248451,36.551896],[139.248534,36.551992],[139.248588,36.552037],[139.248652,36.552053],[139.248684,36.552002],[139.2487,36.551883],[139.248697,36.5515],[139.248668,36.55133],[139.248659,36.551231],[139.248665,36.551141],[139.248697,36.551065],[139.248749,36.550992],[139.248791,36.550906],[139.248823,36.550819],[139.248858,36.550685],[139.248931,36.550513],[139.249002,36.550359],[139.249095,36.550119],[139.249226,36.549851],[139.249338,36.54965],[139.249501,36.549442],[139.249658,36.549289],[139.249904,36.549123],[139.250084,36.54902],[139.250333,36.548851]]}},{"type":"Feature","properties":{"id":138243704,"highway":"service"},"geometry":{"type":"LineString","coordinates":[[139.270067,36.558068],[139.270192,36.55803],[139.270311,36.557991],[139.270394,36.558005],[139.270576,36.557955],[139.270871,36.558036],[139.270933,36.558071],[139.270999,36.558137],[139.271069,36.558219],[139.271099,36.558327],[139.271108,36.558436],[139.271089,36.558572],[139.271073,36.5587],[139.271112,36.558847],[139.271197,36.558935],[139.27131,36.559002],[139.27145,36.559095],[139.271566,36.559153],[139.271671,36.559195],[139.271756,36.559253],[139.271814,36.559323],[139.271833,36.559377],[139.271779,36.559594],[139.271763,36.559726],[139.271806,36.5598],[139.271888,36.55992],[139.271961,36.560009],[139.272051,36.560068],[139.272183,36.56011],[139.272299,36.560133],[139.272478,36.560161],[139.272536,36.560176],[139.272621,36.560168],[139.272816,36.560149],[139.27306,36.560106],[139.273379,36.560083],[139.273623,36.559998],[139.273732,36.559948],[139.273821,36.559905],[139.273876,36.559862],[139.273919,36.559788],[139.273942,36.559699],[139.273973,36.559579],[139.274004,36.559536],[139.274082,36.559498],[139.274206,36.559471],[139.274509,36.559471],[139.274676,36.559487],[139.274761,36.559526],[139.274869,36.559591],[139.274986,36.559661],[139.275098,36.559703],[139.275191,36.559734],[139.275261,36.559746],[139.275316,36.559734],[139.275393,36.559684],[139.275459,36.559618],[139.275572,36.559509],[139.275677,36.559412],[139.275743,36.559366],[139.27582,36.559335],[139.275953,36.559311],[139.276193,36.559292],[139.276483,36.559346],[139.276588,36.559381],[139.276682,36.559397],[139.276852,36.559401],[139.277097,36.559358],[139.277276,36.55935],[139.27744,36.559385],[139.277688,36.559502],[139.277862,36.559603],[139.278083,36.559712],[139.2782,36.559743],[139.278278,36.559747],[139.278398,36.559751],[139.278553,36.559739],[139.278682,36.559735],[139.278782,36.559766],[139.278907,36.55984],[139.279108,36.559968],[139.27921,36.560003],[139.279405,36.560038],[139.27954,36.560042],[139.279844,36.560111],[139.280045,36.560174],[139.280213,36.56022],[139.280399,36.560274],[139.2805,36.560282],[139.280659,36.560278],[139.280904,36.560243],[139.281048,36.560228],[139.281191,36.560236],[139.281404,36.560263],[139.281672,36.560298],[139.281847,36.560325],[139.282022,36.560325],[139.282181,36.560329],[139.282317,36.560309],[139.282639,36.560193],[139.283187,36.559953],[139.283416,36.559883],[139.283595,36.559836],[139.283731,36.559805],[139.283906,36.559766],[139.284045,36.55972],[139.284194,36.559697],[139.284305,36.559676],[139.284382,36.55963],[139.284406,36.559586],[139.284416,36.559511],[139.284346,36.559462],[139.284111,36.559448],[139.283995,36.559491],[139.28382,36.559572],[139.283762,36.559592],[139.283688,36.559611],[139.283268,36.559665],[139.282993,36.559696],[139.282834,36.559685],[139.282748,36.559638],[139.282721,36.559588],[139.282733,36.559518],[139.282775,36.559464],[139.282899,36.559444],[139.283222,36.559471],[139.283354,36.55946],[139.283474,36.559417],[139.28361,36.559347],[139.283766,36.559242],[139.283882,36.559173],[139.284076,36.559103],[139.284224,36.559048],[139.284406,36.558998],[139.284531,36.558951],[139.284805,36.558823],[139.285011,36.558729],[139.28515,36.558683],[139.285259,36.558656],[139.285387,36.558667],[139.285438,36.55869],[139.285508,36.558799],[139.285515,36.558865],[139.28543,36.55902],[139.285239,36.559343],[139.285134,36.559474],[139.285014,36.559633],[139.284867,36.559921],[139.284808,36.560025],[139.284703,36.560278],[139.284656,36.560428],[139.284671,36.56058],[139.284668,36.560657],[139.284613,36.5607],[139.284431,36.560762],[139.28431,36.560832],[139.284209,36.560906],[139.284151,36.560987],[139.284155,36.561088],[139.28426,36.561298],[139.284268,36.561371],[139.284213,36.561422],[139.284034,36.561476],[139.283289,36.561681],[139.283165,36.561727],[139.283157,36.561793],[139.283179,36.561835],[139.283219,36.561875]]}},{"type":"Feature","properties":{"id":138243711,"highway":"unclassified"},"geometry":{"type":"LineString","coordinates":[[139.239333,36.508696],[139.238949,36.508702],[139.238845,36.508747],[139.238601,36.508949],[139.238433,36.509141],[139.238335,36.509237],[139.238259,36.509288],[139.238091,36.509333],[139.23784,36.509355],[139.23777,36.509389],[139.237622,36.509543],[139.237563,36.509559],[139.237505,36.509552],[139.237435,36.509518],[139.237411,36.509486],[139.237397,36.50944],[139.237393,36.508949],[139.23747,36.508809],[139.237596,36.508713],[139.237749,36.508651],[139.237875,36.5086],[139.238028,36.508369],[139.238161,36.508223],[139.238503,36.507947],[139.238524,36.507941],[139.238663,36.507812],[139.238677,36.507778],[139.23867,36.507688],[139.238594,36.507609],[139.238328,36.507463],[139.238217,36.507423]]}},{"type":"Feature","properties":{"id":138243724,"highway":"residential"},"geometry":{"type":"LineString","coordinates":[[139.270346,36.522413],[139.270186,36.522305],[139.270163,36.522268],[139.270178,36.522205],[139.270342,36.521863],[139.270375,36.521792],[139.27039,36.521743],[139.270364,36.52168],[139.270312,36.52158],[139.270275,36.52151],[139.270264,36.521472],[139.270253,36.521387],[139.270234,36.521308],[139.270208,36.521227],[139.270148,36.521127],[139.270123,36.52105],[139.27013,36.520963],[139.27014,36.52093],[139.270323,36.520775],[139.270483,36.520648],[139.270587,36.520555],[139.270639,36.520488],[139.270688,36.520432],[139.270725,36.520373],[139.270773,36.520269],[139.270818,36.520147],[139.270874,36.52002],[139.270918,36.519908],[139.270981,36.51983],[139.271048,36.519726],[139.271104,36.519648],[139.271156,36.519611],[139.271271,36.519578],[139.271417,36.519529],[139.271536,36.519477],[139.271753,36.519352],[139.271846,36.519281],[139.271894,36.519236],[139.271939,36.519162],[139.271972,36.519055],[139.271983,36.518962],[139.272021,36.518828],[139.272091,36.518695],[139.272162,36.518617],[139.272244,36.518539],[139.272307,36.518449],[139.272371,36.518362]]}},{"type":"Feature","properties":{"id":138243737,"highway":"unclassified"},"geometry":{"type":"LineString","coordinates":[[139.281229,36.530924],[139.281083,36.531132],[139.280985,36.531296],[139.280957,36.531459],[139.280929,36.531769],[139.280894,36.531848],[139.28079,36.531989],[139.280518,36.532225],[139.280294,36.532439],[139.280008,36.532648],[139.279736,36.532912],[139.279624,36.533007],[139.279562,36.53312],[139.279513,36.533232],[139.279478,36.533283],[139.279443,36.533311],[139.279338,36.533362],[139.279122,36.533413],[139.278773,36.53348],[139.278709,36.533497],[139.278648,36.533559],[139.278606,36.533722],[139.278578,36.533976],[139.27855,36.534049],[139.278466,36.534122],[139.278341,36.534167],[139.278068,36.534167],[139.278013,36.534184],[139.277978,36.534207],[139.277922,36.534286],[139.277887,36.534342],[139.277859,36.534466],[139.277859,36.534946],[139.277894,36.535059],[139.277901,36.535171],[139.277859,36.535244],[139.277774,36.535329],[139.277636,36.535391],[139.277266,36.535452],[139.277196,36.535475],[139.276847,36.535694],[139.276694,36.535774],[139.27668,36.535774],[139.276652,36.535829],[139.276603,36.536027],[139.276606,36.536196],[139.276618,36.536266]]}},{"type":"Feature","properties":{"id":138243822,"highway":"unclassified"},"geometry":{"type":"LineString","coordinates":[[139.254734,36.51055],[139.254928,36.510513],[139.255316,36.510348],[139.255413,36.510343],[139.255609,36.510348]]}},{"type":"Feature","properties":{"id":138243835,"highway":"residential"},"geometry":{"type":"LineString","coordinates":[[139.276953,36.506736],[139.27697,36.506811],[139.277016,36.506917],[139.277062,36.506998],[139.277119,36.507058],[139.277133,36.507069],[139.277187,36.507108],[139.2773,36.507173],[139.277386,36.507218],[139.277463,36.507266],[139.277547,36.507325],[139.277606,36.507377],[139.277718,36.507475],[139.277854,36.507548],[139.278138,36.507729],[139.278239,36.507831],[139.278293,36.507893]]}},{"type":"Feature","properties":{"id":138243899,"highway":"unclassified"},"geometry":{"type":"LineString","coordinates":[[139.245933,36.514982],[139.245695,36.515033],[139.245556,36.515044],[139.245451,36.515022],[139.245304,36.514971]]}},{"type":"Feature","properties":{"id":138244062,"highway":"unclassified"},"geometry":{"type":"LineString","coordinates":[[139.252588,36.532202],[139.252693,36.532256],[139.252744,36.532305],[139.252836,36.532319]]}},{"type":"Feature","properties":{"id":138244212,"highway":"unclassified"},"geometry":{"type":"LineString","coordinates":[[139.2465,36.514969],[139.246449,36.514948],[139.24633,36.514932],[139.246156,36.514932],[139.245933,36.514982]]}},{"type":"Feature","properties":{"id":138244222,"highway":"unclassified"},"geometry":{"type":"LineString","coordinates":[[139.254059,36.530504],[139.254059,36.530679],[139.254046,36.530882],[139.254035,36.530996],[139.254008,36.531064]]}},{"type":"Feature","properties":{"id":138244226,"highway":"service"},"geometry":{"type":"LineString","coordinates":[[139.290721,36.507704],[139.289804,36.507121],[139.288854,36.506526]]}},{"type":"Feature","properties":{"id":138244247,"highway":"residential"},"geometry":{"type":"LineString","coordinates":[[139.270295,36.50399],[139.270191,36.504209],[139.270059,36.50448],[139.269955,36.504691],[139.269883,36.504817]]}},{"type":"Feature","properties":{"id":138244287,"highway":"service"},"geometry":{"type":"LineString","coordinates":[[139.284758,36.528409],[139.284728,36.528208],[139.284655,36.528187],[139.284578,36.528036],[139.28458,36.527829],[139.284437,36.527667],[139.284443,36.527565]]}},{"type":"Feature","properties":{"id":138244328,"highway":"unclassified"},"geometry":{"type":"LineString","coordinates":[[139.248103,36.508679],[139.248347,36.508386],[139.248612,36.508156],[139.24868,36.508061],[139.248721,36.507966]]}},{"type":"Feature","properties":{"id":138244425,"highway":"residential"},"geometry":{"type":"LineString","coordinates":[[139.274964,36.516956],[139.274844,36.516794],[139.274763,36.516704],[139.274726,36.516648],[139.274704,36.516599]]}},{"type":"Feature","properties":{"id":138244515,"highway":"unclassified"},"geometry":{"type":"LineString","coordinates":[[139.2818,36.523315],[139.281369,36.523297],[139.28123,36.52333],[139.281083,36.523382],[139.280944,36.5235],[139.280881,36.523595],[139.280839,36.523742],[139.280797,36.523955],[139.280713,36.524135],[139.280713,36.524265],[139.280769,36.524497],[139.280769,36.524648],[139.28072,36.524733],[139.280658,36.524783],[139.280553,36.524823],[139.280392,36.524862],[139.28026,36.524953],[139.280155,36.525167],[139.280057,36.525308],[139.279981,36.52537],[139.279834,36.52542],[139.279435,36.525477],[139.279296,36.525533],[139.27922,36.525595],[139.279156,36.525669],[139.279045,36.525764],[139.278934,36.525815],[139.2788,36.525809],[139.278696,36.525776],[139.278633,36.525703],[139.278521,36.525488],[139.27843,36.525398],[139.278291,36.525297],[139.278165,36.525235],[139.27811,36.525224],[139.277935,36.525229],[139.277795,36.525269],[139.277726,36.525331],[139.277607,36.5255],[139.277475,36.525545],[139.277377,36.525601],[139.27723,36.525697],[139.277195,36.525714],[139.277021,36.525708],[139.276882,36.52568],[139.276791,36.525686],[139.276665,36.525753],[139.27654,36.525866],[139.276421,36.525939],[139.276357,36.525947]]}},{"type":"Feature","properties":{"id":138244616,"highway":"service"},"geometry":{"type":"LineString","coordinates":[[139.225084,36.561134],[139.224995,36.561181],[139.223938,36.561371],[139.222992,36.561476],[139.222677,36.561516],[139.222459,36.56154],[139.222156,36.56161],[139.221268,36.562486],[139.221126,36.562529],[139.220995,36.562525],[139.220897,36.562475],[139.220801,36.562397],[139.220606,36.562312],[139.22026,36.562043],[139.220231,36.562028],[139.220204,36.56203],[139.220174,36.562041],[139.220159,36.562076],[139.220061,36.562307],[139.219908,36.562661],[139.219894,36.562875],[139.219921,36.562988],[139.219991,36.563089],[139.22009,36.563174],[139.220292,36.563275],[139.220571,36.563337],[139.220739,36.56341],[139.220816,36.563472],[139.220885,36.563613],[139.220955,36.563822],[139.221018,36.563929],[139.221129,36.564009],[139.221346,36.564092],[139.221457,36.56412],[139.221687,36.56412],[139.221848,36.564053],[139.222015,36.563957],[139.222288,36.563788],[139.222469,36.563771],[139.222929,36.563777],[139.223013,36.56381],[139.223103,36.563912],[139.223222,36.564126],[139.223285,36.564278],[139.223327,36.564351],[139.223424,36.564419],[139.223718,36.564543],[139.223815,36.56461],[139.223857,36.564661],[139.223892,36.564768],[139.223916,36.56494]]}},{"type":"Feature","properties":{"id":138244624,"highway":"unclassified"},"geometry":{"type":"LineString","coordinates":[[139.277213,36.528677],[139.277056,36.528598],[139.276749,36.528468],[139.27656,36.52835],[139.276142,36.528023],[139.276016,36.52795],[139.275932,36.527933],[139.275772,36.527939],[139.275695,36.52795],[139.275479,36.527944],[139.275242,36.527916],[139.275033,36.527877],[139.274642,36.527786],[139.274551,36.527775],[139.274453,36.527724],[139.274266,36.527567],[139.274113,36.527511],[139.273966,36.527499],[139.273882,36.527505],[139.273806,36.527527],[139.273673,36.527595],[139.273533,36.527702],[139.273464,36.527775],[139.273024,36.528124],[139.272759,36.528316],[139.272466,36.52849],[139.272249,36.528581],[139.272075,36.528626],[139.271887,36.528626],[139.271796,36.528614],[139.271684,36.528595],[139.271594,36.528629],[139.271447,36.528721],[139.271332,36.528816],[139.271356,36.52902],[139.271356,36.529189],[139.271294,36.529341],[139.271189,36.529471],[139.271035,36.529566],[139.270882,36.529628],[139.270614,36.529722],[139.270452,36.529856],[139.270345,36.53],[139.270269,36.530052],[139.270162,36.530021],[139.269945,36.529887],[139.269788,36.529853],[139.26941,36.529903],[139.26911,36.529937],[139.268768,36.529937],[139.26867,36.529925],[139.26857,36.529887],[139.268511,36.529784],[139.268551,36.52965],[139.268677,36.52948],[139.268873,36.529272],[139.269354,36.528861],[139.269396,36.528816],[139.269521,36.528765],[139.269591,36.528761],[139.269726,36.5288],[139.269847,36.528741],[139.269919,36.528671],[139.269981,36.528513],[139.269961,36.528119],[139.269891,36.527893],[139.269745,36.527476],[139.269724,36.527307],[139.269696,36.527262]]}},{"type":"Feature","properties":{"id":138244634,"highway":"residential"},"geometry":{"type":"LineString","coordinates":[[139.277136,36.522912],[139.27718,36.522942],[139.277266,36.52301],[139.277328,36.523077],[139.277402,36.523159],[139.277451,36.523204],[139.277521,36.523237],[139.277608,36.52327],[139.277691,36.5233],[139.277761,36.52334],[139.277847,36.523423],[139.277897,36.523502],[139.277901,36.523567],[139.277893,36.523584],[139.27786,36.523605],[139.277381,36.523678],[139.277117,36.523675],[139.276833,36.523625],[139.276565,36.523547],[139.276449,36.523515],[139.276309,36.523468],[139.276206,36.523415],[139.276057,36.523292],[139.2759,36.523135],[139.275801,36.523048],[139.275727,36.523002],[139.275603,36.522987],[139.275516,36.523007],[139.275491,36.523052],[139.275483,36.523147],[139.275533,36.523245],[139.275768,36.523518],[139.275974,36.52374],[139.276069,36.52386],[139.276185,36.524009],[139.276342,36.524232],[139.276506,36.524463],[139.276555,36.524529],[139.276646,36.524591],[139.276828,36.524764],[139.276968,36.524892],[139.277034,36.524937],[139.277088,36.524974],[139.277133,36.525019],[139.277145,36.525081],[139.277137,36.52516],[139.277104,36.525189],[139.277026,36.525222],[139.276629,36.525267],[139.276572,36.525283],[139.276526,36.525308],[139.276489,36.525337],[139.276456,36.525374],[139.276419,36.525523],[139.276357,36.525947]]}},{"type":"Feature","properties":{"id":138244654,"highway":"unclassified"},"geometry":{"type":"LineString","coordinates":[[139.269696,36.527262],[139.269521,36.526936],[139.269221,36.526434],[139.269088,36.526093],[139.269055,36.525995],[139.268995,36.525904],[139.26892,36.525884],[139.26882,36.525886],[139.268733,36.525927],[139.268563,36.52605],[139.268482,36.526074],[139.268308,36.526074],[139.268036,36.526001],[139.267854,36.526012],[139.267645,36.526068],[139.267561,36.526085],[139.267268,36.526124],[139.267038,36.526124],[139.266947,36.526108],[139.266584,36.526108],[139.266319,36.526141],[139.266095,36.526141],[139.266012,36.526091],[139.265942,36.526017],[139.265907,36.525916],[139.265892,36.525657],[139.265857,36.525572],[139.265795,36.525471],[139.265605,36.525231],[139.26558,36.525142],[139.265575,36.52508],[139.265614,36.525038],[139.265684,36.525015],[139.265824,36.525009],[139.266012,36.525116],[139.266102,36.525139],[139.2662,36.525133],[139.266375,36.525105],[139.266437,36.524936],[139.266542,36.524761],[139.26659,36.524694],[139.266785,36.524546],[139.266844,36.524468],[139.266844,36.524353],[139.266785,36.524291],[139.26673,36.524271],[139.26664,36.524283],[139.266514,36.524339],[139.266242,36.52466],[139.266172,36.524727],[139.266112,36.524771],[139.266034,36.524784],[139.26598,36.524745],[139.265972,36.524667],[139.266072,36.524474],[139.266032,36.524176],[139.26604,36.524069],[139.266194,36.523759],[139.266339,36.523486]]}},{"type":"Feature","properties":{"id":138244720,"highway":"residential"},"geometry":{"type":"LineString","coordinates":[[139.254069,36.503019],[139.254215,36.502893],[139.255329,36.502149],[139.25601,36.501695],[139.256542,36.50134],[139.256867,36.501085]]}},{"type":"Feature","properties":{"id":138244745,"highway":"unclassified"},"geometry":{"type":"LineString","coordinates":[[139.248471,36.515542],[139.247885,36.515084],[139.247815,36.51505],[139.247515,36.51505],[139.247098,36.515067],[139.246784,36.51508]]}},{"type":"Feature","properties":{"id":138244795,"highway":"unclassified"},"geometry":{"type":"LineString","coordinates":[[139.25348,36.525457],[139.253238,36.525756],[139.252921,36.526118],[139.252846,36.526212],[139.25283,36.52627],[139.25285,36.526319]]}},{"type":"Feature","properties":{"id":138244818,"highway":"unclassified"},"geometry":{"type":"LineString","coordinates":[[139.275396,36.538776],[139.275787,36.538472],[139.275954,36.538399],[139.276094,36.538359],[139.27631,36.538331],[139.276422,36.53832]]}},{"type":"Feature","properties":{"id":138244863,"highway":"service"},"geometry":{"type":"LineString","coordinates":[[139.270754,36.508766],[139.271056,36.509018],[139.271175,36.509074],[139.271367,36.509102],[139.271489,36.509139],[139.271593,36.509159],[139.271703,36.509165]]}},{"type":"Feature","properties":{"id":138244894,"highway":"residential"},"geometry":{"type":"LineString","coordinates":[[139.269883,36.504817],[139.269704,36.505098],[139.269446,36.505469],[139.269069,36.505926],[139.268957,36.506247],[139.268921,36.506352]]}},{"type":"Feature","properties":{"id":138244936,"highway":"residential"},"geometry":{"type":"LineString","coordinates":[[139.262448,36.511352],[139.262181,36.511158],[139.262098,36.511124],[139.262008,36.511102],[139.261875,36.51113],[139.261763,36.511166]]}},{"type":"Feature","properties":{"id":138245124,"highway":"unclassified"},"geometry":{"type":"LineString","coordinates":[[139.257989,36.557933],[139.258182,36.558064],[139.258298,36.558142],[139.258388,36.558174],[139.258461,36.558177],[139.258561,36.558171],[139.258654,36.558161],[139.258828,36.558096],[139.258957,36.558049],[139.259136,36.558006],[139.259262,36.557988],[139.259368,36.55797],[139.259506,36.55798],[139.259651,36.558013],[139.259744,36.558025],[139.259837,36.558019],[139.259917,36.557993],[139.260011,36.557922],[139.260115,36.557844],[139.260185,36.557813],[139.260274,36.557802],[139.260325,36.557833],[139.260348,36.557902],[139.260352,36.558007],[139.260317,36.558069],[139.260239,36.558166],[139.260185,36.558268],[139.260162,36.55838],[139.260178,36.558458],[139.260236,36.558504],[139.260302,36.558513],[139.260387,36.558458],[139.260504,36.558373],[139.260624,36.55831],[139.260725,36.558275],[139.260927,36.558244],[139.261238,36.558213],[139.261653,36.558155],[139.261937,36.5581],[139.262061,36.558097],[139.26222,36.55812],[139.262372,36.558166],[139.262473,36.558182],[139.262585,36.558182],[139.262833,36.558135],[139.262984,36.558116],[139.263517,36.558073],[139.263956,36.558077],[139.264328,36.558128],[139.26467,36.558221],[139.264906,36.558314],[139.265127,36.558388],[139.265461,36.558492],[139.265652,36.558555],[139.266424,36.558782],[139.266529,36.558797],[139.266637,36.558782],[139.266933,36.558735],[139.267138,36.558716],[139.267344,36.558739],[139.267528,36.558797],[139.267609,36.558863],[139.267683,36.558945],[139.267695,36.559007],[139.267679,36.559057],[139.267613,36.559103],[139.267454,36.559193],[139.267239,36.559317],[139.267146,36.559395],[139.267076,36.559492],[139.267058,36.559558],[139.267084,36.55962],[139.267128,36.55967],[139.267178,36.55969],[139.267283,36.559683],[139.267598,36.559573],[139.267788,36.559515],[139.267889,36.559495],[139.268262,36.559461],[139.268409,36.55943],[139.268526,36.559375],[139.2686,36.559305],[139.268646,36.559228],[139.268654,36.559092],[139.268654,36.55896],[139.268658,36.558879],[139.268704,36.558786],[139.268759,36.55872],[139.268837,36.558697],[139.269039,36.5587],[139.269131,36.558656],[139.269186,36.55859],[139.269213,36.558516],[139.269213,36.558448],[139.269155,36.558358],[139.269077,36.558281],[139.268988,36.558211],[139.268961,36.55816],[139.268949,36.558106],[139.268968,36.55804],[139.269007,36.558009],[139.269069,36.557998],[139.269298,36.558102],[139.269353,36.558126],[139.269411,36.558126],[139.269488,36.558094],[139.269609,36.558075],[139.269718,36.558079],[139.269873,36.558059],[139.270067,36.558068]]}},{"type":"Feature","properties":{"id":138245125,"highway":"unclassified"},"geometry":{"type":"LineString","coordinates":[[139.236894,36.552182],[139.23699,36.552144],[139.237061,36.552134],[139.237629,36.552106],[139.237705,36.552101],[139.237772,36.552073],[139.238187,36.551863],[139.238252,36.551844],[139.238311,36.551849],[139.238411,36.551897],[139.238477,36.551968],[139.238482,36.552034],[139.238452,36.552091],[139.238257,36.552282],[139.238244,36.552339],[139.238282,36.552434],[139.238382,36.552484],[139.238466,36.552484],[139.238654,36.552293],[139.238772,36.55222],[139.238857,36.552181],[139.238982,36.552074],[139.239267,36.551736],[139.239337,36.551668],[139.239407,36.55164],[139.239714,36.551634],[139.239796,36.551623],[139.23987,36.551618],[139.239903,36.551623],[139.239961,36.551638],[139.240008,36.551668],[139.240043,36.551769],[139.240064,36.551882],[139.240113,36.551972],[139.240183,36.552006],[139.240259,36.552017],[139.240378,36.552006],[139.240503,36.551967],[139.240594,36.551916],[139.240894,36.551629],[139.241006,36.551515],[139.241117,36.551425],[139.241243,36.551368],[139.241333,36.551368],[139.24137,36.55138],[139.241424,36.551443],[139.241494,36.551584],[139.241585,36.551629],[139.241731,36.551628],[139.241836,36.551594],[139.241989,36.551492],[139.242241,36.551143],[139.242275,36.551092],[139.242387,36.550963],[139.242513,36.550862],[139.242583,36.550822],[139.24275,36.550783],[139.242966,36.550788],[139.243231,36.550856],[139.243413,36.550968],[139.243539,36.551061]]}},{"type":"Feature","properties":{"id":138245251,"highway":"unclassified"},"geometry":{"type":"LineString","coordinates":[[139.253147,36.510138],[139.253649,36.510279],[139.253733,36.510308],[139.253796,36.510319],[139.254375,36.510488],[139.254548,36.510545],[139.254734,36.51055]]}},{"type":"Feature","properties":{"id":138245330,"highway":"residential"},"geometry":{"type":"LineString","coordinates":[[139.272384,36.51751],[139.272411,36.517406],[139.272434,36.517291],[139.272437,36.517139],[139.272408,36.516934],[139.2724,36.516786],[139.272478,36.51647]]}},{"type":"Feature","properties":{"id":138245337,"highway":"service"},"geometry":{"type":"LineString","coordinates":[[139.223916,36.56494],[139.224408,36.566338],[139.224317,36.56654]]}},{"type":"Feature","properties":{"id":138245397,"highway":"unclassified"},"geometry":{"type":"LineString","coordinates":[[139.257248,36.504909],[139.257111,36.504945],[139.257024,36.504995],[139.256924,36.505049],[139.256778,36.505131],[139.256596,36.505231],[139.256413,36.505317]]}},{"type":"Feature","properties":{"id":138245431,"highway":"unclassified"},"geometry":{"type":"LineString","coordinates":[[139.265887,36.517674],[139.266096,36.517804],[139.266403,36.517905],[139.266688,36.517939],[139.267924,36.517962],[139.268245,36.517974],[139.268342,36.518008]]}},{"type":"Feature","properties":{"id":138245461,"highway":"unclassified"},"geometry":{"type":"LineString","coordinates":[[139.248103,36.508679],[139.247851,36.508612],[139.2476,36.508578],[139.247468,36.508567],[139.247286,36.508578],[139.247154,36.508629],[139.247,36.508696]]}},{"type":"Feature","properties":{"id":138245591,"highway":"unclassified"},"geometry":{"type":"LineString","coordinates":[[139.254513,36.519545],[139.254788,36.519517],[139.254972,36.519508],[139.255145,36.519514],[139.255331,36.519564],[139.255475,36.519614],[139.255595,36.519669]]}},{"type":"Feature","properties":{"id":138245693,"highway":"service"},"geometry":{"type":"LineString","coordinates":[[139.23464,36.499732],[139.234884,36.499877],[139.23512,36.499959],[139.23538,36.500021],[139.235637,36.500058],[139.235868,36.500054],[139.236161,36.500033],[139.236364,36.500013]]}},{"type":"Feature","properties":{"id":138245733,"highway":"tertiary"},"geometry":{"type":"LineString","coordinates":[[139.277101,36.50025],[139.277198,36.500115],[139.277222,36.500069],[139.277222,36.500035],[139.277209,36.500008],[139.277176,36.499972],[139.276995,36.499802],[139.276943,36.499745]]}},{"type":"Feature","properties":{"id":138245765,"highway":"unclassified"},"geometry":{"type":"LineString","coordinates":[[139.264495,36.517311],[139.264826,36.517319],[139.265024,36.517324],[139.265149,36.517331],[139.26524,36.517333],[139.265313,36.517348],[139.265391,36.517388],[139.265887,36.517674]]}},{"type":"Feature","properties":{"id":138245767,"highway":"unclassified"},"geometry":{"type":"LineString","coordinates":[[139.251548,36.504918],[139.251706,36.504758],[139.251853,36.504597],[139.252066,36.504253],[139.252247,36.504084],[139.252777,36.503689],[139.25332,36.503318],[139.25383,36.503126]]}},{"type":"Feature","properties":{"id":138245770,"highway":"residential"},"geometry":{"type":"LineString","coordinates":[[139.252585,36.519259],[139.252518,36.519287],[139.252482,36.519341],[139.252488,36.519461],[139.252559,36.519582],[139.2527,36.519753],[139.252846,36.51986],[139.253013,36.520046]]}},{"type":"Feature","properties":{"id":138245790,"highway":"residential"},"geometry":{"type":"LineString","coordinates":[[139.260737,36.510178],[139.261037,36.510274],[139.261467,36.510418],[139.261681,36.510527],[139.261638,36.510609],[139.261616,36.510719],[139.261651,36.51091],[139.261763,36.511166]]}},{"type":"Feature","properties":{"id":138245878,"highway":"residential"},"geometry":{"type":"LineString","coordinates":[[139.269696,36.527262],[139.269759,36.527262],[139.269856,36.527262],[139.269961,36.527279],[139.270114,36.527291],[139.270254,36.527324],[139.270317,36.527353],[139.270476,36.527446]]}},{"type":"Feature","properties":{"id":138245881,"highway":"unclassified"},"geometry":{"type":"LineString","coordinates":[[139.253121,36.521142],[139.252909,36.521071],[139.252734,36.52097],[139.252581,36.520835],[139.252484,36.520722],[139.252484,36.520576],[139.252533,36.52048],[139.252539,36.520474]]}},{"type":"Feature","properties":{"id":138245887,"highway":"residential"},"geometry":{"type":"LineString","coordinates":[[139.272371,36.518362],[139.272586,36.518538],[139.272933,36.518759],[139.273135,36.518879],[139.273209,36.518914],[139.273275,36.518935],[139.273337,36.518935],[139.273461,36.51892],[139.274358,36.518753],[139.274556,36.518719],[139.274631,36.518722],[139.274724,36.518737],[139.274808,36.518747],[139.274842,36.518744],[139.27491,36.518716],[139.275261,36.518554],[139.275538,36.51843],[139.275702,36.518356],[139.275829,36.518291],[139.275938,36.518247],[139.276059,36.518223],[139.276174,36.518194],[139.276239,36.518204],[139.276307,36.518247],[139.276335,36.5183],[139.276341,36.518343],[139.276332,36.518399],[139.276233,36.518626],[139.276233,36.518666],[139.27627,36.518753],[139.276397,36.518945],[139.276416,36.518992],[139.276416,36.519041],[139.276394,36.51911],[139.276326,36.519215],[139.276273,36.519302],[139.276238,36.519408],[139.276226,36.519462],[139.276234,36.519532],[139.276292,36.519664],[139.276321,36.519763],[139.276333,36.519833],[139.276325,36.519879],[139.276296,36.519944],[139.276251,36.520019],[139.276222,36.520077],[139.276209,36.520166],[139.276243,36.520311],[139.276349,36.520484],[139.276444,36.520608],[139.276543,36.520711],[139.276614,36.520764],[139.27668,36.52081],[139.276733,36.520872],[139.276828,36.520995],[139.276866,36.521053],[139.276891,36.521135],[139.276907,36.521255],[139.27692,36.521333],[139.276924,36.521565],[139.276907,36.521613],[139.276858,36.521659],[139.276804,36.521692],[139.276713,36.521725],[139.276631,36.52175],[139.276594,36.52177],[139.276569,36.521812],[139.276544,36.521943],[139.276528,36.522035],[139.276474,36.52215],[139.276379,36.52232],[139.276363,36.522348],[139.276404,36.52243],[139.27647,36.522512],[139.276602,36.522607],[139.276775,36.52272],[139.276936,36.522813],[139.277006,36.522842],[139.277093,36.522885],[139.277136,36.522912]]}},{"type":"Feature","properties":{"id":138245962,"highway":"unclassified"},"geometry":{"type":"LineString","coordinates":[[139.277304,36.528818],[139.277311,36.528862],[139.277283,36.528924],[139.277078,36.529273],[139.276603,36.530113],[139.276534,36.530276],[139.276548,36.53049],[139.27661,36.530631],[139.276827,36.530856],[139.276959,36.530997],[139.277044,36.531118],[139.277086,36.531203],[139.277097,36.531294],[139.277086,36.531428],[139.277065,36.531513],[139.276984,36.531646],[139.276911,36.531741],[139.276818,36.531803],[139.276704,36.531823],[139.276589,36.53182],[139.276387,36.531758],[139.276241,36.531741],[139.276066,36.531797],[139.275906,36.531898],[139.2758,36.531982],[139.275625,36.53214],[139.275479,36.532303],[139.275438,36.532387],[139.275438,36.532675],[139.275436,36.532859],[139.275433,36.532928],[139.275401,36.532988],[139.275364,36.533067],[139.275316,36.533133],[139.27525,36.533262],[139.275246,36.533328],[139.275299,36.533379],[139.275389,36.533418],[139.275501,36.533446],[139.275766,36.533441],[139.275849,36.53343],[139.276157,36.533435],[139.276414,36.533486],[139.276945,36.5337],[139.277057,36.533767],[139.277098,36.533813],[139.277091,36.533948],[139.276882,36.534472],[139.276743,36.53463],[139.27661,36.534715],[139.276449,36.534766],[139.276338,36.534816],[139.276233,36.534895],[139.276163,36.535002],[139.276184,36.535024],[139.276212,36.535087],[139.276429,36.535357],[139.276478,36.535442],[139.276484,36.535532],[139.276414,36.535672],[139.276379,36.535779],[139.276345,36.536185],[139.276408,36.536236],[139.276618,36.536266]]}},{"type":"Feature","properties":{"id":138245973,"highway":"unclassified"},"geometry":{"type":"LineString","coordinates":[[139.248868,36.508851],[139.249624,36.508989],[139.249707,36.509023],[139.249889,36.509175],[139.250056,36.509214],[139.250613,36.509304],[139.250732,36.509327],[139.250795,36.509418],[139.250864,36.509564]]}},{"type":"Feature","properties":{"id":138246008,"highway":"residential"},"geometry":{"type":"LineString","coordinates":[[139.260737,36.510178],[139.26066,36.510286],[139.26056,36.510574],[139.260451,36.510696],[139.260325,36.510769],[139.260242,36.510837],[139.260116,36.511017],[139.260032,36.511192],[139.259985,36.511323]]}},{"type":"Feature","properties":{"id":138246079,"highway":"unclassified"},"geometry":{"type":"LineString","coordinates":[[139.249977,36.54597],[139.250093,36.545952],[139.250188,36.545962],[139.250399,36.546025],[139.250528,36.546057],[139.250719,36.546074],[139.25103,36.546077],[139.25118,36.546065],[139.251254,36.546042],[139.251367,36.545995],[139.25144,36.545944],[139.251524,36.545855],[139.251628,36.545765]]}},{"type":"Feature","properties":{"id":173343620,"highway":"primary"},"geometry":{"type":"LineString","coordinates":[[139.221145,36.612337],[139.221836,36.613524],[139.221856,36.613787],[139.221816,36.613899],[139.221748,36.614013],[139.221593,36.614137],[139.221462,36.614273],[139.221371,36.61445],[139.221354,36.614573],[139.221436,36.61479],[139.22161,36.614932],[139.221865,36.615003],[139.222066,36.614998],[139.222348,36.614978],[139.222551,36.614959],[139.22317,36.614908],[139.223397,36.614866],[139.223845,36.614888],[139.224102,36.614947],[139.224993,36.61521],[139.22531,36.615273],[139.225551,36.615281],[139.225758,36.615203],[139.225955,36.615029],[139.226104,36.614816],[139.226365,36.614477],[139.226626,36.614229],[139.226999,36.613966],[139.227204,36.613777],[139.227335,36.61361],[139.227372,36.613457],[139.227324,36.613309],[139.227225,36.613155],[139.227059,36.613029],[139.22636,36.612587],[139.225722,36.612099],[139.225585,36.611944],[139.22554,36.611873],[139.225512,36.611806],[139.225486,36.61165],[139.225502,36.611558],[139.225548,36.611447],[139.225702,36.611135],[139.225746,36.610898],[139.225784,36.610718],[139.225787,36.610566],[139.225773,36.61035],[139.225843,36.610245],[139.225887,36.610162],[139.225943,36.61009],[139.226024,36.61003],[139.226242,36.609989],[139.226462,36.61],[139.226649,36.610081],[139.226774,36.610247],[139.22681,36.610399],[139.226813,36.610724],[139.226882,36.610942],[139.227002,36.611128],[139.227199,36.611283],[139.22757,36.611376],[139.228067,36.611371],[139.228609,36.611504],[139.228748,36.61153],[139.229074,36.611545],[139.229259,36.611503],[139.229516,36.611404],[139.229732,36.611239],[139.2299,36.611078],[139.231127,36.609852],[139.231271,36.609718],[139.231441,36.609624],[139.231571,36.609567],[139.231708,36.609542],[139.23187,36.609551],[139.232039,36.609553],[139.232424,36.609589],[139.232721,36.609602],[139.2329,36.609584],[139.233075,36.609552],[139.233237,36.609503],[139.233423,36.609412],[139.233526,36.609332],[139.233684,36.609172],[139.233935,36.608827],[139.234244,36.608372],[139.234295,36.608254],[139.234307,36.608155],[139.234301,36.608053],[139.234184,36.607787],[139.234146,36.607729],[139.234125,36.607698],[139.234095,36.607614],[139.234079,36.60752],[139.234075,36.607451],[139.234086,36.607343],[139.234107,36.60726],[139.23419,36.607047],[139.234248,36.606902],[139.234252,36.606686],[139.234229,36.606567],[139.234173,36.606364],[139.234128,36.606238],[139.233719,36.605272],[139.233708,36.605147],[139.23375,36.605089],[139.233869,36.604976],[139.233976,36.604905],[139.234101,36.604875],[139.234274,36.604915],[139.235051,36.60541],[139.235142,36.605469],[139.235351,36.605481],[139.235511,36.605417],[139.235583,36.605306],[139.23559,36.60516],[139.23556,36.60502],[139.235355,36.604547],[139.235391,36.60433],[139.235386,36.604023],[139.235311,36.603593],[139.235346,36.603517],[139.235419,36.603454],[139.235638,36.603406],[139.235854,36.603421],[139.235981,36.603478],[139.236138,36.603529],[139.236272,36.603535],[139.236458,36.603517],[139.236589,36.603433],[139.236671,36.603269],[139.236675,36.603137],[139.236645,36.60293],[139.236578,36.602796],[139.23647,36.602721],[139.236067,36.60255],[139.235877,36.602475],[139.235798,36.602449],[139.235765,36.60238],[139.235791,36.602314],[139.235847,36.602272],[139.235948,36.602233],[139.236116,36.602164],[139.236325,36.602137],[139.236427,36.602115],[139.236517,36.602068],[139.236589,36.602012],[139.236615,36.601955],[139.236578,36.601862],[139.236507,36.601766],[139.235541,36.600659],[139.235459,36.600509],[139.234725,36.59912],[139.234676,36.599],[139.234706,36.598937],[139.234758,36.598869],[139.234893,36.598782],[139.235016,36.598725],[139.235105,36.598674],[139.235161,36.598593],[139.23515,36.598467],[139.235105,36.598351],[139.234751,36.59803],[139.234164,36.597653],[139.233802,36.59731],[139.233798,36.597195],[139.233813,36.597042],[139.233859,36.596939],[139.233973,36.596818],[139.234091,36.596736],[139.234236,36.596736],[139.234453,36.596805],[139.234624,36.596876],[139.23501,36.596961],[139.235202,36.596968],[139.235381,36.596944],[139.23553,36.596845],[139.235812,36.596478],[139.235875,36.596253],[139.23587,36.596067],[139.235833,36.595796],[139.235733,36.595039],[139.235364,36.594285],[139.23521,36.593903],[139.235149,36.593646],[139.235096,36.593478],[139.235,36.593345],[139.234857,36.593248],[139.234087,36.592905],[139.233724,36.59271],[139.233391,36.592524],[139.233238,36.592371],[139.233123,36.592181],[139.233028,36.591897],[139.23294,36.590875],[139.232903,36.590662],[139.232833,36.590462],[139.232501,36.58964],[139.232469,36.589575],[139.232321,36.589217],[139.23229,36.588806],[139.232309,36.588608],[139.233091,36.586486],[139.233207,36.58633],[139.233376,36.586252],[139.233518,36.586224],[139.233757,36.586236],[139.233996,36.586379],[139.234151,36.586618],[139.234587,36.587494],[139.234738,36.587602],[139.234858,36.587647],[139.235023,36.58764],[139.235137,36.587594],[139.235232,36.587507],[139.235274,36.587367],[139.235258,36.587198],[139.234915,36.586651],[139.234794,36.586397],[139.234761,36.586242],[139.2348,36.586059],[139.234905,36.585949],[139.235311,36.585673],[139.235437,36.585529],[139.235448,36.58538],[139.235362,36.585186],[139.234847,36.584176],[139.234562,36.58362],[139.234512,36.583501],[139.23443,36.583396],[139.234154,36.583172],[139.233982,36.583009],[139.233857,36.582841],[139.233718,36.582582],[139.233681,36.582447],[139.233722,36.582275],[139.233961,36.5816],[139.233971,36.581393],[139.233602,36.580842],[139.233423,36.580618],[139.233427,36.580542],[139.233488,36.580449],[139.233634,36.580365],[139.233722,36.580341],[139.234161,36.580408],[139.234236,36.580413],[139.234435,36.580274],[139.234455,36.580195]]}},{"type":"Feature","properties":{"id":199701523,"highway":"unclassified"},"geometry":{"type":"LineString","coordinates":[[139.229555,36.578944],[139.229961,36.579003],[139.230178,36.579054],[139.230289,36.57911],[139.230401,36.579212],[139.230471,36.579324],[139.230603,36.579611],[139.230715,36.579792],[139.230792,36.579859],[139.230861,36.579904],[139.230953,36.57994],[139.231064,36.579961],[139.231531,36.579972],[139.231699,36.579989],[139.231845,36.580028],[139.231971,36.580085],[139.232131,36.580226],[139.232319,36.580445],[139.232759,36.581009],[139.233358,36.581741],[139.233525,36.581876],[139.233748,36.582017]]}},{"type":"Feature","properties":{"id":253285605,"highway":"service"},"geometry":{"type":"LineString","coordinates":[[139.223695,36.577813],[139.223728,36.577904],[139.223817,36.578153],[139.223844,36.578227],[139.223964,36.578559],[139.224204,36.57922]]}},{"type":"Feature","properties":{"id":253285606,"highway":"service"},"geometry":{"type":"LineString","coordinates":[[139.221959,36.579787],[139.222203,36.579696],[139.224204,36.57922],[139.225491,36.57896]]}},{"type":"Feature","properties":{"id":253285607,"highway":"service"},"geometry":{"type":"LineString","coordinates":[[139.223817,36.578153],[139.222919,36.578358],[139.223067,36.57877]]}},{"type":"Feature","properties":{"id":253285608,"highway":"service"},"geometry":{"type":"LineString","coordinates":[[139.221849,36.579026],[139.222243,36.578949],[139.223067,36.57877],[139.223964,36.578559],[139.224489,36.578448],[139.224896,36.578359]]}},{"type":"Feature","properties":{"id":253285609,"highway":"service"},"geometry":{"type":"LineString","coordinates":[[139.224896,36.578359],[139.224922,36.578361],[139.224952,36.578374],[139.225027,36.57857],[139.225054,36.578591],[139.225086,36.578593],[139.225357,36.578531]]}},{"type":"Feature","properties":{"id":253285610,"highway":"service"},"geometry":{"type":"LineString","coordinates":[[139.224489,36.578448],[139.224377,36.578102],[139.224265,36.57776]]}},{"type":"Feature","properties":{"id":253285611,"highway":"service"},"geometry":{"type":"LineString","coordinates":[[139.223728,36.577904],[139.224039,36.577813],[139.224265,36.57776],[139.224912,36.577618],[139.224949,36.577615],[139.224984,36.57762],[139.225011,36.57763],[139.225032,36.577639],[139.225057,36.577661],[139.225083,36.577691],[139.225105,36.577727],[139.225357,36.578531],[139.225491,36.57896],[139.225818,36.579853],[139.225818,36.579888],[139.225816,36.579948],[139.2258,36.580002],[139.225773,36.580058],[139.225754,36.580097],[139.225716,36.58014],[139.225684,36.580168],[139.225628,36.580204],[139.225566,36.580235],[139.225483,36.580267],[139.225387,36.580288],[139.22294,36.580848],[139.222868,36.580863],[139.222769,36.580876],[139.22271,36.580876],[139.222643,36.58087],[139.222573,36.580855],[139.222498,36.580829],[139.222432,36.580802],[139.22236,36.580761],[139.222325,36.580718],[139.222291,36.580672],[139.222256,36.580612],[139.222012,36.580002],[139.221993,36.579929],[139.221959,36.579787],[139.221924,36.579619],[139.221809,36.579069],[139.221816,36.579039],[139.221849,36.579026]]}},{"type":"Feature","properties":{"id":253285612,"highway":"service"},"geometry":{"type":"LineString","coordinates":[[139.223844,36.578227],[139.224154,36.578154],[139.224377,36.578102]]}},{"type":"Feature","properties":{"id":253285613,"highway":"service"},"geometry":{"type":"LineString","coordinates":[[139.224154,36.578154],[139.224039,36.577813]]}},{"type":"Feature","properties":{"id":373295618,"highway":"trunk"},"geometry":{"type":"LineString","coordinates":[[139.302611,36.51676],[139.302427,36.516617],[139.302307,36.516524],[139.302091,36.516425],[139.301018,36.515937],[139.300563,36.51573],[139.300262,36.515439],[139.30022,36.515391],[139.299944,36.515074],[139.299927,36.515056],[139.299625,36.514709],[139.299608,36.514689],[139.299458,36.514518],[139.299398,36.514448],[139.299226,36.514246],[139.299168,36.514178],[139.298818,36.513737],[139.29869,36.513558],[139.298491,36.513278],[139.29825,36.512951],[139.29811,36.512761],[139.29782,36.512484],[139.297343,36.512205],[139.296762,36.511789],[139.296445,36.511472],[139.2962,36.51113],[139.295907,36.510579],[139.295812,36.510284],[139.295753,36.509951],[139.295759,36.509472],[139.295805,36.508932],[139.295786,36.508484],[139.295771,36.508389]]}},{"type":"Feature","properties":{"id":373295619,"highway":"trunk"},"geometry":{"type":"LineString","coordinates":[[139.295637,36.507796],[139.295507,36.507175],[139.295373,36.50654],[139.29523,36.506132],[139.295069,36.505824],[139.29446,36.505088],[139.293653,36.504191],[139.292956,36.50358],[139.292546,36.50324],[139.292249,36.502963],[139.291255,36.501891],[139.291183,36.501813],[139.290909,36.501568],[139.290476,36.501354],[139.290151,36.501261],[139.289188,36.50114],[139.28842,36.500997],[139.287903,36.500901],[139.287401,36.500819],[139.287294,36.500804],[139.287115,36.500778]]}},{"type":"Feature","properties":{"id":373310517,"highway":"tertiary"},"geometry":{"type":"LineString","coordinates":[[139.270907,36.507017],[139.270806,36.506821],[139.270756,36.506687],[139.270683,36.506453],[139.270625,36.506125],[139.270628,36.505838],[139.270691,36.505296],[139.270762,36.504584],[139.270745,36.504215],[139.270677,36.503987],[139.27056,36.503763],[139.270453,36.50365]]}},{"type":"Feature","properties":{"id":373310519,"highway":"tertiary"},"geometry":{"type":"LineString","coordinates":[[139.271483,36.507637],[139.271152,36.507335],[139.270907,36.507017]]}},{"type":"Feature","properties":{"id":424476061,"highway":"unclassified"},"geometry":{"type":"LineString","coordinates":[[139.218177,36.506618],[139.218297,36.506516]]}},{"type":"Feature","properties":{"id":424512103,"highway":"trunk"},"geometry":{"type":"LineString","coordinates":[[139.295771,36.508389],[139.295637,36.507796]]}},{"type":"Feature","properties":{"id":424512149,"highway":"secondary"},"geometry":{"type":"LineString","coordinates":[[139.296147,36.506893],[139.296196,36.507044]]}},{"type":"Feature","properties":{"id":424512150,"highway":"secondary"},"geometry":{"type":"LineString","coordinates":[[139.291255,36.501891],[139.291357,36.501928],[139.291465,36.501976],[139.291531,36.502013],[139.291596,36.50206],[139.291687,36.502148],[139.291814,36.502302],[139.291945,36.50246],[139.292044,36.502618],[139.292139,36.502727],[139.292244,36.502834],[139.292392,36.502958],[139.292508,36.503035],[139.292582,36.503076],[139.292674,36.503115],[139.292792,36.50317],[139.292882,36.503221],[139.29294,36.503272],[139.292971,36.50332],[139.293004,36.50338],[139.293025,36.503432],[139.293061,36.503481],[139.293129,36.503544],[139.293306,36.503681],[139.293441,36.503827],[139.293526,36.50391],[139.293645,36.504016],[139.293794,36.504153],[139.29402,36.504388],[139.294195,36.50456],[139.294279,36.504627],[139.294381,36.504717],[139.294523,36.504807],[139.294622,36.504873],[139.294724,36.504931],[139.294792,36.50497],[139.294862,36.505026],[139.294941,36.50511],[139.295063,36.505257],[139.295154,36.505359],[139.295211,36.505411],[139.295269,36.505461],[139.295414,36.505548],[139.295522,36.505616],[139.295619,36.505691],[139.295697,36.505782],[139.29582,36.505934],[139.295869,36.506038],[139.295941,36.506209],[139.296009,36.506399],[139.296052,36.50659],[139.296147,36.506893]]}},{"type":"Feature","properties":{"id":424512152,"highway":"unclassified"},"geometry":{"type":"LineString","coordinates":[[139.296011,36.508895],[139.295984,36.508879],[139.295959,36.508853],[139.295947,36.508827],[139.296033,36.508524],[139.296047,36.508478],[139.296047,36.508446],[139.29601,36.508427],[139.295972,36.508421],[139.295926,36.508424],[139.29582,36.508469],[139.295786,36.508484]]}},{"type":"Feature","properties":{"id":432986725,"highway":"primary"},"geometry":{"type":"LineString","coordinates":[[139.255609,36.510348],[139.255503,36.510499],[139.255185,36.51122],[139.255131,36.511361],[139.255087,36.511476],[139.25497,36.511945],[139.254889,36.512322],[139.254755,36.513469],[139.254726,36.513796],[139.254648,36.514169],[139.254573,36.514668]]}},{"type":"Feature","properties":{"id":621798047,"highway":"residential"},"geometry":{"type":"LineString","coordinates":[[139.254726,36.513796],[139.254778,36.513807],[139.254879,36.51395],[139.254981,36.514252],[139.255002,36.514467]]}},{"type":"Feature","properties":{"id":621798049,"highway":"residential"},"geometry":{"type":"LineString","coordinates":[[139.255131,36.511361],[139.255183,36.511373],[139.255335,36.511332],[139.255398,36.511342],[139.255532,36.511634],[139.255573,36.511641],[139.256082,36.511459],[139.25641,36.51149],[139.2566,36.51161],[139.256886,36.511792],[139.257808,36.512294],[139.257811,36.512337],[139.257555,36.512476],[139.257582,36.512547],[139.257776,36.512661]]}},{"type":"Feature","properties":{"id":712966472,"highway":"unclassified"},"geometry":{"type":"LineString","coordinates":[[139.231691,36.572204],[139.231726,36.572159],[139.2318,36.572096]]}},{"type":"Feature","properties":{"id":712966473,"highway":"unclassified"},"geometry":{"type":"LineString","coordinates":[[139.232845,36.572967],[139.23274,36.572904],[139.232537,36.572792],[139.232473,36.572738],[139.232368,36.572576],[139.232278,36.572531],[139.232138,36.572486],[139.231831,36.572424],[139.231747,36.572385],[139.231695,36.572336],[139.231671,36.572295],[139.231691,36.572204]]}},{"type":"Feature","properties":{"id":769415249,"highway":"unclassified"},"geometry":{"type":"LineString","coordinates":[[139.228476,36.577521],[139.228559,36.577753],[139.228706,36.578282],[139.228796,36.578524],[139.22888,36.57866],[139.229,36.578772],[139.229166,36.57886],[139.229308,36.578907],[139.229555,36.578944]]}},{"type":"Feature","properties":{"id":769415250,"highway":"unclassified"},"geometry":{"type":"LineString","coordinates":[[139.223695,36.577813],[139.22363,36.577669],[139.223613,36.57758],[139.223635,36.577495],[139.223633,36.577381],[139.223726,36.577239],[139.224102,36.576852],[139.224254,36.576772],[139.224417,36.576704],[139.224696,36.576624],[139.225122,36.576544],[139.225683,36.576456],[139.225907,36.576454],[139.226264,36.576527],[139.227369,36.576831],[139.227798,36.576943],[139.228029,36.577021],[139.22816,36.577109],[139.228287,36.577228],[139.228392,36.577363],[139.228476,36.577521]]}},{"type":"Feature","properties":{"id":823852033,"highway":"residential"},"geometry":{"type":"LineString","coordinates":[[139.291046,36.505024],[139.290578,36.504739]]}},{"type":"Feature","properties":{"id":823852035,"highway":"service"},"geometry":{"type":"LineString","coordinates":[[139.290729,36.505365],[139.29099,36.505087],[139.291046,36.505024],[139.291652,36.504376]]}},{"type":"Feature","properties":{"id":890532759,"highway":"primary"},"geometry":{"type":"LineString","coordinates":[[139.206814,36.537444],[139.206661,36.537473],[139.206562,36.537484]]}},{"type":"Feature","properties":{"id":925516033,"highway":"residential"},"geometry":{"type":"LineString","coordinates":[[139.299603,36.514539],[139.299681,36.5145],[139.299888,36.514398],[139.299996,36.514345],[139.300168,36.514133],[139.300251,36.513975]]}},{"type":"Feature","properties":{"id":928730076,"highway":"unclassified"},"geometry":{"type":"LineString","coordinates":[[139.296692,36.512995],[139.296692,36.513044],[139.29669,36.513131],[139.296712,36.513181],[139.296858,36.51335],[139.296887,36.513367],[139.297032,36.513564],[139.297095,36.513677],[139.297095,36.513851],[139.297068,36.513947],[139.296983,36.514082],[139.296887,36.514195],[139.29676,36.514285],[139.296537,36.514375],[139.296293,36.514449],[139.296195,36.514494],[139.296153,36.514556],[139.296153,36.514601],[139.296293,36.514809],[139.296405,36.514944],[139.296474,36.515001],[139.296803,36.515146],[139.297173,36.515287],[139.297216,36.515307],[139.297333,36.51536],[139.297445,36.515456],[139.297473,36.515497],[139.297614,36.515704],[139.29764,36.515743],[139.297759,36.515845]]}},{"type":"Feature","properties":{"id":928730077,"highway":"unclassified"},"geometry":{"type":"LineString","coordinates":[[139.297759,36.515845],[139.297846,36.515886]]}},{"type":"Feature","properties":{"id":1388189063,"highway":"primary"},"geometry":{"type":"LineString","coordinates":[[139.25176,36.545795],[139.251786,36.545831]]}},{"type":"Feature","properties":{"id":1445195101,"highway":"tertiary"},"geometry":{"type":"LineString","coordinates":[[139.26616,36.501697],[139.266367,36.501823],[139.266608,36.50193],[139.266778,36.501986],[139.266968,36.502006],[139.267196,36.501991],[139.267557,36.50192],[139.267791,36.501884],[139.268031,36.501869],[139.268278,36.501879],[139.268436,36.501915],[139.268585,36.501959],[139.268776,36.502066],[139.268897,36.502253],[139.268926,36.502451],[139.26891,36.502819],[139.268808,36.503107],[139.268701,36.503377],[139.268644,36.503563],[139.268606,36.503659],[139.268612,36.50385],[139.268669,36.504079],[139.268736,36.504212],[139.268829,36.50429],[139.268951,36.504347],[139.269084,36.504354],[139.269221,36.504306],[139.269325,36.504221],[139.269523,36.504013],[139.269778,36.503739],[139.269965,36.503592],[139.270095,36.503548],[139.270243,36.503558],[139.270369,36.503592],[139.270453,36.50365]]}},{"type":"Feature","properties":{"id":1455665802,"highway":"service"},"geometry":{"type":"LineString","coordinates":[[139.271923,36.508657],[139.271883,36.508606],[139.271865,36.508546],[139.271908,36.508472],[139.272108,36.508337],[139.272293,36.508251],[139.27241,36.508156],[139.272451,36.508107]]}},{"type":"Feature","properties":{"id":1455665803,"highway":"service"},"geometry":{"type":"LineString","coordinates":[[139.271923,36.508657],[139.272027,36.508545],[139.272241,36.508375],[139.272511,36.508244],[139.272586,36.508207]]}},{"type":"Feature","properties":{"id":1455665804,"highway":"service"},"geometry":{"type":"LineString","coordinates":[[139.272586,36.508207],[139.272827,36.508099]]}},{"type":"Feature","properties":{"id":1455665805,"highway":"service"},"geometry":{"type":"LineString","coordinates":[[139.28248,36.50154],[139.282523,36.501569],[139.282567,36.501576],[139.282721,36.501586],[139.282819,36.501593],[139.282878,36.501618],[139.282998,36.501678],[139.283,36.501869],[139.28261,36.50189],[139.282498,36.501922],[139.282383,36.501938],[139.282327,36.502007],[139.282142,36.502031],[139.282,36.502018],[139.281769,36.501941],[139.281678,36.501889],[139.281482,36.501851],[139.281389,36.501813]]}},{"type":"Feature","properties":{"id":1537430381,"highway":"trunk"},"geometry":{"type":"LineString","coordinates":[[139.277011,36.500206],[139.276897,36.50015]]}},{"type":"Feature","properties":{"id":1537430382,"highway":"trunk"},"geometry":{"type":"LineString","coordinates":[[139.276897,36.50015],[139.276681,36.500039],[139.275977,36.499555],[139.275866,36.499472]]}},{"type":"Feature","properties":{"id":1537430385,"highway":"service"},"geometry":{"type":"LineString","coordinates":[[139.278141,36.499989],[139.278371,36.500144],[139.27863,36.500289],[139.279101,36.500531],[139.279414,36.500648],[139.279642,36.500709],[139.280126,36.500808],[139.280392,36.500842],[139.280621,36.500868],[139.280844,36.500873],[139.281299,36.500884]]}},{"type":"Feature","properties":{"id":1537430397,"highway":"service"},"geometry":{"type":"LineString","coordinates":[[139.277842,36.500315],[139.277374,36.500072],[139.277288,36.500039],[139.277222,36.500035]]}},{"type":"Feature","properties":{"id":1537430407,"highway":"service"},"geometry":{"type":"LineString","coordinates":[[139.278239,36.500733],[139.278316,36.500549]]}},{"type":"Feature","properties":{"id":1558512507,"highway":"service"},"geometry":{"type":"LineString","coordinates":[[139.28842,36.500997],[139.288365,36.501201],[139.288227,36.501506],[139.288132,36.501668],[139.288063,36.501666],[139.287689,36.50165],[139.287708,36.501526],[139.287728,36.50136],[139.287788,36.5012],[139.287889,36.500935],[139.287903,36.500901]]}},{"type":"Feature","properties":{"id":1558512509,"highway":"service"},"geometry":{"type":"LineString","coordinates":[[139.285174,36.501437],[139.285115,36.501449],[139.28508,36.501466],[139.285054,36.501481],[139.285037,36.501504],[139.285027,36.50159],[139.285027,36.501615],[139.285012,36.501649]]}},{"type":"Feature","properties":{"id":1558512514,"highway":"service"},"geometry":{"type":"LineString","coordinates":[[139.282998,36.501678],[139.283059,36.501703],[139.283269,36.501717],[139.283325,36.501736],[139.283333,36.501761],[139.283335,36.501861]]}},{"type":"Feature","properties":{"id":1558512516,"highway":"service"},"geometry":{"type":"LineString","coordinates":[[139.285012,36.501649],[139.284975,36.501682],[139.284939,36.501709],[139.284873,36.50176],[139.284756,36.501814]]}},{"type":"Feature","properties":{"id":1558512517,"highway":"service"},"geometry":{"type":"LineString","coordinates":[[139.284158,36.50187],[139.283639,36.501901],[139.283582,36.501904],[139.283565,36.501901],[139.283535,36.501897],[139.283439,36.501873],[139.283392,36.501863],[139.283335,36.501861],[139.283,36.501869]]}},{"type":"Feature","properties":{"id":1558512518,"highway":"service"},"geometry":{"type":"LineString","coordinates":[[139.283599,36.501199],[139.283606,36.501241],[139.283615,36.501258],[139.283627,36.501291],[139.283644,36.50143],[139.283639,36.501497],[139.28361,36.501548],[139.283594,36.501594],[139.283584,36.501857],[139.283565,36.501901]]}},{"type":"Feature","properties":{"id":1558512519,"highway":"service"},"geometry":{"type":"LineString","coordinates":[[139.284028,36.501412],[139.283644,36.50143]]}},{"type":"Feature","properties":{"id":1558512520,"highway":"service"},"geometry":{"type":"LineString","coordinates":[[139.28403,36.501263],[139.283627,36.501291]]}},{"type":"Feature","properties":{"id":1558512522,"highway":"service"},"geometry":{"type":"LineString","coordinates":[[139.28926,36.502813],[139.289202,36.502817],[139.289177,36.502814],[139.289153,36.502811],[139.289118,36.502798],[139.289084,36.502773],[139.288978,36.502656],[139.288932,36.50263],[139.288888,36.502617],[139.288834,36.502623],[139.288605,36.502653],[139.28852,36.502652],[139.288469,36.502636],[139.288267,36.502553],[139.288188,36.502531],[139.288117,36.502528],[139.287997,36.502534],[139.287922,36.502541],[139.287856,36.502538],[139.287716,36.502493]]}},{"type":"Feature","properties":{"id":1558512532,"highway":"trunk"},"geometry":{"type":"LineString","coordinates":[[139.286686,36.500729],[139.2862,36.500684],[139.285996,36.500673],[139.28597,36.500671],[139.285759,36.500669],[139.285544,36.500681],[139.285319,36.500717],[139.285143,36.500752],[139.284929,36.500797],[139.284481,36.500903],[139.284183,36.500981],[139.284078,36.501014],[139.283957,36.501064],[139.283849,36.501106],[139.283599,36.501199],[139.283376,36.501275],[139.283045,36.50139],[139.282845,36.50146],[139.282732,36.501494],[139.282643,36.501513],[139.28248,36.50154],[139.282376,36.501551],[139.282286,36.501555],[139.282139,36.501554],[139.281793,36.501523],[139.280166,36.501242],[139.278774,36.500885],[139.278239,36.500733],[139.277958,36.500653],[139.27754,36.500475],[139.277101,36.50025],[139.277011,36.500206]]}},{"type":"Feature","properties":{"id":1558512533,"highway":"trunk"},"geometry":{"type":"LineString","coordinates":[[139.287115,36.500778],[139.286835,36.500742],[139.286686,36.500729]]}},{"type":"Feature","properties":{"id":1558512537,"highway":"unclassified"},"geometry":{"type":"LineString","coordinates":[[139.290261,36.505069],[139.290729,36.505365],[139.291198,36.505652]]}},{"type":"Feature","properties":{"id":1558512538,"highway":"service"},"geometry":{"type":"LineString","coordinates":[[139.291198,36.505652],[139.291231,36.505672],[139.29215,36.506259]]}},{"type":"Feature","properties":{"id":1558512539,"highway":"service"},"geometry":{"type":"LineString","coordinates":[[139.290721,36.507704],[139.290718,36.507761],[139.290538,36.507789],[139.290399,36.507879],[139.290299,36.507963],[139.290237,36.508034],[139.29018,36.508216]]}},{"type":"Feature","properties":{"id":1558512540,"highway":"service"},"geometry":{"type":"LineString","coordinates":[[139.291837,36.507528],[139.291252,36.507148]]}},{"type":"Feature","properties":{"id":1558512541,"highway":"service"},"geometry":{"type":"LineString","coordinates":[[139.289144,36.508549],[139.288675,36.508283],[139.287738,36.507686]]}},{"type":"Feature","properties":{"id":1558512542,"highway":"service"},"geometry":{"type":"LineString","coordinates":[[139.28698,36.508476],[139.286654,36.508283]]}},{"type":"Feature","properties":{"id":1558512544,"highway":"tertiary"},"geometry":{"type":"LineString","coordinates":[[139.283214,36.509743],[139.283183,36.509679],[139.283088,36.509653],[139.282918,36.509666],[139.282631,36.509705],[139.282492,36.509707],[139.282353,36.509671],[139.282196,36.509623],[139.281724,36.509498],[139.281376,36.509403],[139.281168,36.50934],[139.281025,36.509279],[139.280925,36.509192],[139.280881,36.509109],[139.280852,36.509017],[139.280822,36.508803],[139.280805,36.508521],[139.280835,36.50835],[139.280889,36.508247],[139.28105,36.508061],[139.281106,36.507941],[139.281136,36.507678],[139.281142,36.507336],[139.28113,36.507135],[139.281074,36.507027],[139.280981,36.506935],[139.280693,36.506789],[139.280438,36.506678],[139.280316,36.506635],[139.280223,36.50662],[139.280139,36.506625],[139.280073,36.506639],[139.279963,36.506684]]}},{"type":"Feature","properties":{"id":1558512545,"highway":"tertiary"},"geometry":{"type":"LineString","coordinates":[[139.277067,36.508514],[139.277011,36.50854],[139.276887,36.508591],[139.276727,36.508643],[139.276619,36.50867],[139.276499,36.508696],[139.27641,36.508709],[139.276311,36.508718],[139.2762,36.508724],[139.276095,36.508724],[139.27602,36.50872],[139.275887,36.50871],[139.275745,36.508696],[139.275686,36.508686],[139.274488,36.508496]]}},{"type":"Feature","properties":{"id":1558512546,"highway":"residential"},"geometry":{"type":"LineString","coordinates":[[139.271737,36.509227],[139.271712,36.509185],[139.271703,36.509165],[139.271685,36.509124],[139.271684,36.509028],[139.271698,36.508948],[139.271765,36.50883],[139.27184,36.508738],[139.271923,36.508657]]}},{"type":"Feature","properties":{"id":1558512547,"highway":"service"},"geometry":{"type":"LineString","coordinates":[[139.276517,36.506608],[139.276582,36.506566],[139.276717,36.506527]]}},{"type":"Feature","properties":{"id":1558512548,"highway":"residential"},"geometry":{"type":"LineString","coordinates":[[139.270453,36.50365],[139.270295,36.50399]]}},{"type":"Feature","properties":{"id":1558512549,"highway":"tertiary"},"geometry":{"type":"LineString","coordinates":[[139.265553,36.501299],[139.265816,36.501491]]}},{"type":"Feature","properties":{"id":1558512550,"highway":"tertiary"},"geometry":{"type":"LineString","coordinates":[[139.265816,36.501491],[139.26616,36.501697]]}},{"type":"Feature","properties":{"id":1558512551,"highway":"service"},"geometry":{"type":"LineString","coordinates":[[139.285625,36.507493],[139.285571,36.507495],[139.285368,36.50768],[139.285333,36.507666],[139.285035,36.507497],[139.284985,36.507523],[139.284945,36.507497],[139.284422,36.507166]]}},{"type":"Feature","properties":{"id":1558512556,"highway":"service"},"geometry":{"type":"LineString","coordinates":[[139.289939,36.558399],[139.289799,36.558416],[139.289751,36.558429],[139.289711,36.55846],[139.289685,36.558528],[139.289683,36.5586],[139.289724,36.558657],[139.289806,36.558715]]}},{"type":"Feature","properties":{"id":1558512560,"highway":"service"},"geometry":{"type":"LineString","coordinates":[[139.251119,36.533963],[139.251047,36.533985],[139.251013,36.533968],[139.250942,36.533902],[139.250969,36.533821]]}},{"type":"Feature","properties":{"id":1558512561,"highway":"service"},"geometry":{"type":"LineString","coordinates":[[139.253275,36.548095],[139.253306,36.548036],[139.253127,36.547765],[139.253049,36.547792]]}},{"type":"Feature","properties":{"id":1558512562,"highway":"service"},"geometry":{"type":"LineString","coordinates":[[139.25359,36.548553],[139.253527,36.548609],[139.253471,36.54873],[139.253472,36.548834],[139.253496,36.54891],[139.253563,36.549014],[139.253641,36.549134]]}},{"type":"Feature","properties":{"id":1558512564,"highway":"service"},"geometry":{"type":"LineString","coordinates":[[139.288869,36.560242],[139.28882,36.560278],[139.288687,36.560297],[139.288589,36.560316],[139.288523,36.560372],[139.288507,36.560443],[139.28855,36.560546]]}},{"type":"Feature","properties":{"id":1558512565,"highway":"service"},"geometry":{"type":"LineString","coordinates":[[139.28904,36.560131],[139.288869,36.560242]]}},{"type":"Feature","properties":{"id":1558512567,"highway":"unclassified"},"geometry":{"type":"LineString","coordinates":[[139.283771,36.528641],[139.283689,36.528654],[139.283584,36.528659],[139.283504,36.528684],[139.283432,36.528729],[139.283377,36.528797],[139.283207,36.529317],[139.283188,36.529365]]}},{"type":"Feature","properties":{"id":1558512568,"highway":"unclassified"},"geometry":{"type":"LineString","coordinates":[[139.283188,36.529365],[139.283126,36.529523]]}},{"type":"Feature","properties":{"id":1558512575,"highway":"residential"},"geometry":{"type":"LineString","coordinates":[[139.283202,36.526204],[139.283412,36.526198]]}},{"type":"Feature","properties":{"id":1558512576,"highway":"service"},"geometry":{"type":"LineString","coordinates":[[139.282674,36.525302],[139.282911,36.525673],[139.283043,36.52593],[139.283146,36.526196]]}},{"type":"Feature","properties":{"id":1558512577,"highway":"service"},"geometry":{"type":"LineString","coordinates":[[139.282197,36.523804],[139.282205,36.524144]]}},{"type":"Feature","properties":{"id":1558512578,"highway":"secondary"},"geometry":{"type":"LineString","coordinates":[[139.28425,36.500073],[139.283273,36.500073]]}},{"type":"Feature","properties":{"id":1558512579,"highway":"service"},"geometry":{"type":"LineString","coordinates":[[139.284979,36.499544],[139.284564,36.499613],[139.284472,36.499643],[139.284349,36.499743],[139.284276,36.499819],[139.284262,36.499852],[139.284281,36.500073]]}},{"type":"Feature","properties":{"id":1558512580,"highway":"service"},"geometry":{"type":"LineString","coordinates":[[139.284721,36.500098],[139.284702,36.500138],[139.284668,36.50016],[139.284625,36.500172],[139.284599,36.500184],[139.284594,36.500206],[139.284625,36.500279]]}},{"type":"Feature","properties":{"id":1558512581,"highway":"service"},"geometry":{"type":"LineString","coordinates":[[139.285996,36.500673],[139.285991,36.500715],[139.285973,36.500772],[139.285945,36.500821],[139.28591,36.500865],[139.285869,36.500916],[139.285849,36.500962],[139.28577,36.501335]]}},{"type":"Feature","properties":{"id":1558512586,"highway":"service"},"geometry":{"type":"LineString","coordinates":[[139.285685,36.501947],[139.285656,36.501978],[139.285603,36.502035],[139.28551,36.502085],[139.285466,36.502108],[139.285428,36.502113]]}}]}