{"type":"FeatureCollection","features":[{"type":"Feature","properties":{"id":154521864,"highway":"residential"},"geometry":{"type":"LineString","coordinates":[[139.547165,34.061434],[139.547132,34.0614],[139.547113,34.061366],[139.547097,34.06133],[139.547093,34.061299],[139.547105,34.061271],[139.547126,34.06124],[139.547151,34.061212],[139.547178,34.061177],[139.54723,34.061117]]}},{"type":"Feature","properties":{"id":154521868,"highway":"unclassified"},"geometry":{"type":"LineString","coordinates":[[139.543151,34.062082],[139.543145,34.06224],[139.543128,34.062359],[139.5431,34.062456],[139.543089,34.062524],[139.54309,34.062654],[139.543111,34.062844],[139.543128,34.062959],[139.543142,34.063021],[139.543169,34.063077],[139.543208,34.063134],[139.543265,34.063204],[139.543311,34.063254],[139.543371,34.063287]]}},{"type":"Feature","properties":{"id":154521871,"highway":"unclassified"},"geometry":{"type":"LineString","coordinates":[[139.55987,34.080785],[139.55993,34.08092],[139.56001,34.081066],[139.560096,34.081207],[139.560131,34.081277],[139.560138,34.081325],[139.560144,34.08163],[139.560131,34.081667],[139.560107,34.081713],[139.560085,34.081766],[139.56008,34.081795],[139.560088,34.081821],[139.56011,34.081835],[139.560152,34.081848],[139.560312,34.081844],[139.560534,34.081857],[139.560907,34.081893],[139.561075,34.081871],[139.561187,34.08187],[139.561258,34.08189]]}},{"type":"Feature","properties":{"id":154521873,"highway":"unclassified"},"geometry":{"type":"LineString","coordinates":[[139.538984,34.058646],[139.538929,34.058584],[139.53882,34.058472],[139.538714,34.058373],[139.53861,34.058274],[139.538523,34.058191],[139.538468,34.058132],[139.538433,34.05804],[139.538394,34.0579],[139.53839,34.057684],[139.538391,34.0576]]}},{"type":"Feature","properties":{"id":154521880,"highway":"unclassified"},"geometry":{"type":"LineString","coordinates":[[139.551913,34.068878],[139.551759,34.068773],[139.551697,34.068651],[139.551655,34.068326],[139.551595,34.068168],[139.551442,34.068084],[139.55129,34.067998],[139.550887,34.067603],[139.550853,34.067545],[139.550853,34.067485],[139.551024,34.067213],[139.55101,34.067127],[139.55044,34.06684],[139.550444,34.066777],[139.550642,34.066728],[139.550725,34.066737],[139.550855,34.066809],[139.550973,34.066801],[139.551045,34.066779]]}},{"type":"Feature","properties":{"id":154521901,"highway":"residential"},"geometry":{"type":"LineString","coordinates":[[139.544854,34.060934],[139.544848,34.060964],[139.544853,34.061016],[139.54486,34.061057],[139.544865,34.061085],[139.544868,34.06111],[139.544871,34.061139],[139.544873,34.061185],[139.544878,34.061208],[139.544888,34.061221],[139.544943,34.061255],[139.545032,34.061308],[139.545147,34.061378],[139.545191,34.061426],[139.545234,34.061473],[139.54526,34.061498],[139.545312,34.061529],[139.545385,34.061558],[139.545454,34.061588],[139.545563,34.061635],[139.545683,34.061693],[139.545809,34.061764],[139.54594,34.061858],[139.54606,34.061954],[139.546136,34.062024],[139.546174,34.062092]]}},{"type":"Feature","properties":{"id":154521920,"highway":"residential"},"geometry":{"type":"LineString","coordinates":[[139.559566,34.089852],[139.559662,34.089741],[139.559709,34.089705],[139.559768,34.089705],[139.559923,34.089793],[139.560117,34.089887],[139.560285,34.089965],[139.560412,34.089996]]}},{"type":"Feature","properties":{"id":154521935,"highway":"unclassified"},"geometry":{"type":"LineString","coordinates":[[139.501536,34.098675],[139.501361,34.098797],[139.5012,34.099041],[139.501112,34.099104],[139.500797,34.099161],[139.500661,34.099152],[139.500353,34.099059],[139.500191,34.098986],[139.499891,34.099013],[139.499703,34.098981],[139.499613,34.098933],[139.499577,34.098863],[139.499569,34.098411],[139.499541,34.098349],[139.499494,34.098313],[139.499428,34.098273],[139.499361,34.098259],[139.499301,34.098257],[139.499236,34.09827],[139.499143,34.098315]]}},{"type":"Feature","properties":{"id":154521937,"highway":"residential"},"geometry":{"type":"LineString","coordinates":[[139.546174,34.062092],[139.546322,34.062056],[139.546444,34.062],[139.546528,34.061973],[139.546597,34.061949],[139.546645,34.061929],[139.546675,34.061906],[139.546704,34.061878],[139.546782,34.061797],[139.546863,34.061712],[139.546932,34.061626],[139.546988,34.061568],[139.547096,34.061488],[139.547165,34.061434]]}},{"type":"Feature","properties":{"id":154521966,"highway":"unclassified"},"geometry":{"type":"LineString","coordinates":[[139.543443,34.063405],[139.543375,34.063429],[139.543331,34.063473],[139.543301,34.063524],[139.543265,34.063585],[139.543228,34.063618],[139.543189,34.063649],[139.543103,34.063654],[139.542997,34.063653],[139.542846,34.063639],[139.542621,34.063596],[139.542452,34.063566],[139.54229,34.063538],[139.542114,34.063494]]}},{"type":"Feature","properties":{"id":154521975,"highway":"unclassified"},"geometry":{"type":"LineString","coordinates":[[139.535818,34.055502],[139.536194,34.055692],[139.53645,34.055824],[139.536614,34.055932],[139.536662,34.05596],[139.536747,34.056075],[139.536957,34.056307],[139.537084,34.056427],[139.537222,34.056553],[139.537362,34.056621]]}},{"type":"Feature","properties":{"id":154521983,"highway":"unclassified"},"geometry":{"type":"LineString","coordinates":[[139.552553,34.063965],[139.552468,34.064077],[139.552395,34.064188],[139.552266,34.064427],[139.552119,34.064652],[139.552048,34.064761],[139.551975,34.064851],[139.551842,34.065058],[139.551713,34.065258],[139.551558,34.065495],[139.551452,34.065654],[139.551393,34.065766],[139.551367,34.065852],[139.551361,34.065942],[139.55135,34.066054],[139.551331,34.066215],[139.551299,34.066293],[139.551233,34.066457],[139.551147,34.066643],[139.551115,34.066717],[139.551045,34.066779]]}},{"type":"Feature","properties":{"id":154521993,"highway":"unclassified"},"geometry":{"type":"LineString","coordinates":[[139.522934,34.065989],[139.522805,34.065967],[139.522555,34.065949],[139.522361,34.065942],[139.522222,34.065981],[139.522088,34.066049],[139.52193,34.066134],[139.52178,34.066272],[139.521539,34.066464],[139.521411,34.066525],[139.5212,34.066625],[139.521074,34.066733],[139.520966,34.06681],[139.520838,34.066873],[139.520562,34.06699],[139.520426,34.067047],[139.520354,34.067101],[139.520269,34.067197],[139.52015,34.067351],[139.520052,34.06751],[139.519992,34.067624]]}},{"type":"Feature","properties":{"id":154521997,"highway":"unclassified"},"geometry":{"type":"LineString","coordinates":[[139.565139,34.093199],[139.565112,34.093179],[139.564685,34.093102],[139.564665,34.093098],[139.564414,34.093058],[139.563976,34.093024],[139.563502,34.092972],[139.562759,34.092956],[139.562518,34.09295],[139.562177,34.092882],[139.561914,34.092802],[139.561603,34.0927],[139.561062,34.092521],[139.560553,34.092287],[139.560458,34.092241]]}},{"type":"Feature","properties":{"id":154522024,"highway":"unclassified"},"geometry":{"type":"LineString","coordinates":[[139.542191,34.056629],[139.542251,34.056616],[139.542381,34.056611],[139.542477,34.056635],[139.542577,34.056686],[139.542695,34.056753],[139.542823,34.056825],[139.542928,34.056898],[139.543052,34.057006],[139.543306,34.057197],[139.543402,34.057303],[139.543491,34.057457],[139.54353,34.057545],[139.543461,34.057545],[139.54337,34.057507],[139.543306,34.057459],[139.543237,34.057403],[139.543167,34.057352],[139.543013,34.057224],[139.542876,34.057116],[139.542731,34.057015],[139.542584,34.056915],[139.542456,34.056816]]}},{"type":"Feature","properties":{"id":154522027,"highway":"residential"},"geometry":{"type":"LineString","coordinates":[[139.539492,34.057223],[139.539538,34.057195],[139.539646,34.057175],[139.539724,34.057164],[139.539848,34.057148],[139.539929,34.057138],[139.540053,34.057122],[139.540123,34.057116],[139.540211,34.057113],[139.540292,34.057122],[139.540394,34.057151],[139.540513,34.05718],[139.540638,34.057202],[139.540715,34.057208],[139.540821,34.057205],[139.540965,34.057181],[139.5411,34.057165],[139.541147,34.057164],[139.541223,34.05718],[139.541342,34.05722],[139.541472,34.057266],[139.541611,34.057315],[139.541742,34.057369],[139.54187,34.057428],[139.542006,34.05751],[139.542089,34.057571],[139.542225,34.057667],[139.542359,34.05777],[139.542462,34.057853],[139.542595,34.057966],[139.542792,34.058019],[139.542922,34.05806],[139.543066,34.058098],[139.543211,34.058127],[139.543416,34.058149],[139.543498,34.058154]]}},{"type":"Feature","properties":{"id":154522059,"highway":"unclassified"},"geometry":{"type":"LineString","coordinates":[[139.562537,34.078382],[139.562446,34.078398],[139.562276,34.078411],[139.562083,34.07841],[139.561846,34.078408],[139.561613,34.07844],[139.561418,34.078473],[139.561298,34.078488],[139.561164,34.078527],[139.56112,34.078541],[139.560969,34.078574],[139.560747,34.078604],[139.560564,34.07862],[139.560482,34.078622],[139.560446,34.078604],[139.56036,34.078548],[139.560295,34.078532],[139.559985,34.078547],[139.559841,34.078552],[139.559373,34.078603],[139.559278,34.078603],[139.559169,34.078586],[139.559003,34.078559],[139.558936,34.078557],[139.558529,34.078652]]}},{"type":"Feature","properties":{"id":154522070,"highway":"residential"},"geometry":{"type":"LineString","coordinates":[[139.538534,34.057529],[139.538594,34.05756],[139.538714,34.057588],[139.538793,34.057603],[139.538842,34.057608],[139.538918,34.057606],[139.53907,34.05759],[139.539324,34.057562],[139.539451,34.05756],[139.539622,34.05756],[139.53974,34.057571],[139.539823,34.057581],[139.539947,34.05762],[139.540141,34.057682],[139.540298,34.057732],[139.540393,34.057763],[139.540643,34.057801]]}},{"type":"Feature","properties":{"id":154522076,"highway":"unclassified"},"geometry":{"type":"LineString","coordinates":[[139.504313,34.079985],[139.504329,34.080097],[139.504404,34.080272],[139.504438,34.080393],[139.504422,34.080706],[139.504234,34.081272],[139.504206,34.081359],[139.503761,34.082629],[139.503759,34.082706],[139.503849,34.082924],[139.503863,34.083025]]}},{"type":"Feature","properties":{"id":154522080,"highway":"unclassified"},"geometry":{"type":"LineString","coordinates":[[139.548465,34.063701],[139.548504,34.063862],[139.548559,34.064024],[139.548572,34.064172],[139.548597,34.064252],[139.548678,34.064438]]}},{"type":"Feature","properties":{"id":154522094,"highway":"residential"},"geometry":{"type":"LineString","coordinates":[[139.547165,34.061434],[139.547225,34.061472],[139.547302,34.061529],[139.547379,34.061582],[139.547451,34.061639],[139.547498,34.061688],[139.547536,34.061741],[139.547562,34.061802],[139.547588,34.061865],[139.547636,34.061948],[139.547693,34.062017],[139.547797,34.062125],[139.547849,34.062199],[139.54788,34.062255],[139.547942,34.062356],[139.547992,34.062441],[139.548034,34.062504],[139.548074,34.062579],[139.548129,34.062678],[139.548172,34.062736],[139.548216,34.062787],[139.548298,34.062888],[139.548383,34.06299],[139.548437,34.063061],[139.548478,34.063138],[139.548499,34.063201],[139.548525,34.063285],[139.548528,34.063347],[139.548496,34.063437],[139.548471,34.063474],[139.548445,34.063513],[139.548433,34.063571],[139.548442,34.06364],[139.548465,34.063701]]}},{"type":"Feature","properties":{"id":154522106,"highway":"unclassified"},"geometry":{"type":"LineString","coordinates":[[139.548632,34.062284],[139.548727,34.062207],[139.548836,34.062119],[139.548924,34.062048],[139.549072,34.061954],[139.549219,34.061861],[139.549289,34.061823],[139.54935,34.06179],[139.549459,34.061732],[139.549568,34.061692],[139.549698,34.061658],[139.54981,34.061617],[139.549955,34.06157],[139.550082,34.061529],[139.550195,34.061489],[139.550286,34.061455],[139.550368,34.061421],[139.550484,34.061367],[139.550619,34.061308],[139.55083,34.061231],[139.55112,34.061156],[139.551351,34.061149],[139.55142,34.061133],[139.5518,34.060996],[139.55195,34.06099],[139.552162,34.060924],[139.552554,34.060847],[139.552641,34.060813]]}},{"type":"Feature","properties":{"id":154522113,"highway":"service"},"geometry":{"type":"LineString","coordinates":[[139.501291,34.084684],[139.501404,34.085116],[139.50232,34.08569],[139.502435,34.085742],[139.502581,34.085735],[139.503207,34.085555],[139.503644,34.085521],[139.503753,34.085534],[139.503931,34.085634]]}},{"type":"Feature","properties":{"id":154522134,"highway":"unclassified"},"geometry":{"type":"LineString","coordinates":[[139.512872,34.071251],[139.512966,34.071284]]}},{"type":"Feature","properties":{"id":154522151,"highway":"unclassified"},"geometry":{"type":"LineString","coordinates":[[139.542069,34.063553],[139.542114,34.063494]]}},{"type":"Feature","properties":{"id":154522166,"highway":"unclassified"},"geometry":{"type":"LineString","coordinates":[[139.562555,34.078283],[139.562537,34.078382]]}},{"type":"Feature","properties":{"id":154522171,"highway":"unclassified"},"geometry":{"type":"LineString","coordinates":[[139.544854,34.060934],[139.544666,34.06087]]}},{"type":"Feature","properties":{"id":154522173,"highway":"unclassified"},"geometry":{"type":"LineString","coordinates":[[139.559847,34.080562],[139.559853,34.080714]]}},{"type":"Feature","properties":{"id":154522186,"highway":"unclassified"},"geometry":{"type":"LineString","coordinates":[[139.548465,34.063701],[139.548744,34.063642]]}},{"type":"Feature","properties":{"id":154522193,"highway":"unclassified"},"geometry":{"type":"LineString","coordinates":[[139.543151,34.062082],[139.54302,34.062098],[139.542886,34.062159],[139.542737,34.062259],[139.542578,34.062395],[139.542415,34.062533],[139.542205,34.062686],[139.542133,34.062758],[139.542141,34.062795],[139.542182,34.062903],[139.542205,34.062964],[139.542185,34.063005],[139.542159,34.063027],[139.542038,34.063082],[139.54193,34.06313],[139.541912,34.063162],[139.54193,34.063208],[139.542004,34.063321],[139.542114,34.063494]]}},{"type":"Feature","properties":{"id":154522202,"highway":"unclassified"},"geometry":{"type":"LineString","coordinates":[[139.545056,34.064295],[139.54525,34.06435],[139.545521,34.064425],[139.54568,34.064467],[139.545731,34.064488],[139.545827,34.064545],[139.545971,34.064639],[139.546105,34.064751],[139.54621,34.06483],[139.546298,34.064835],[139.546381,34.064819],[139.546509,34.064772],[139.54662,34.064718],[139.546724,34.064646],[139.546861,34.064513],[139.547069,34.064325],[139.547216,34.064236],[139.547342,34.064149],[139.547492,34.064023],[139.547621,34.063934],[139.547835,34.063808],[139.547962,34.063758],[139.548155,34.063732],[139.548361,34.06371],[139.548465,34.063701]]}},{"type":"Feature","properties":{"id":154522211,"highway":"unclassified"},"geometry":{"type":"LineString","coordinates":[[139.544666,34.06087],[139.544595,34.060876],[139.544516,34.060886],[139.544482,34.060901],[139.544442,34.060922],[139.544374,34.060982],[139.544327,34.061027],[139.544292,34.061044],[139.544243,34.061046],[139.544198,34.061034],[139.544122,34.061018],[139.544039,34.061002],[139.543975,34.061004],[139.54396,34.061013],[139.543938,34.061026],[139.54385,34.061129],[139.543763,34.061231],[139.543695,34.061295],[139.543634,34.06136],[139.543566,34.06147],[139.543518,34.061573],[139.543462,34.061737],[139.543436,34.061799],[139.543404,34.061859],[139.543376,34.061922],[139.543342,34.061969],[139.543331,34.061991],[139.543299,34.062021],[139.543253,34.062043],[139.543215,34.062061],[139.543151,34.062082]]}},{"type":"Feature","properties":{"id":154522218,"highway":"residential"},"geometry":{"type":"LineString","coordinates":[[139.543371,34.063287],[139.543393,34.063241],[139.543417,34.063203],[139.543438,34.063172],[139.543522,34.063107],[139.543661,34.063004],[139.543763,34.062937],[139.544041,34.062772],[139.544284,34.062629],[139.544315,34.062658],[139.544344,34.062683],[139.54439,34.062697],[139.544433,34.062704],[139.544488,34.0627],[139.544534,34.062686],[139.544649,34.062638],[139.544766,34.062591],[139.544963,34.062486],[139.544977,34.062483],[139.545046,34.062494],[139.545092,34.062507],[139.545167,34.062519],[139.545229,34.062522],[139.545306,34.062511],[139.545446,34.062482],[139.545517,34.062461],[139.545557,34.062421],[139.545591,34.062376],[139.545641,34.062332],[139.545696,34.062292],[139.545767,34.062258],[139.545843,34.062221],[139.545908,34.062192],[139.545976,34.06216],[139.546174,34.062092]]}},{"type":"Feature","properties":{"id":154522228,"highway":"service"},"geometry":{"type":"LineString","coordinates":[[139.523854,34.050355],[139.523739,34.050477],[139.52358,34.050606],[139.523422,34.050677],[139.523231,34.050838],[139.523139,34.050913],[139.523055,34.050988],[139.522958,34.051064],[139.522875,34.051126],[139.522794,34.051195],[139.52273,34.051371],[139.522615,34.051613],[139.522499,34.051915],[139.522446,34.052111],[139.522389,34.052253],[139.522228,34.052337],[139.522041,34.052444],[139.521799,34.052655],[139.521555,34.052875],[139.521279,34.053064],[139.521204,34.053131],[139.521011,34.053308],[139.520547,34.053544]]}},{"type":"Feature","properties":{"id":154522230,"highway":"residential"},"geometry":{"type":"LineString","coordinates":[[139.543607,34.060329],[139.543691,34.060385],[139.543751,34.060419],[139.543809,34.060463],[139.543867,34.060502],[139.543898,34.06052],[139.543978,34.060542],[139.544141,34.060585],[139.544298,34.060621],[139.544384,34.060647],[139.544459,34.060677],[139.54452,34.060724],[139.544598,34.060788],[139.544666,34.06087]]}},{"type":"Feature","properties":{"id":154522231,"highway":"unclassified"},"geometry":{"type":"LineString","coordinates":[[139.535357,34.057524],[139.535324,34.05752],[139.535229,34.057492],[139.535065,34.057445],[139.534935,34.057412],[139.534745,34.057341],[139.534565,34.057289],[139.53447,34.057269],[139.53437,34.057272],[139.534312,34.057278],[139.534225,34.057278],[139.53411,34.057271],[139.533967,34.057267],[139.533844,34.057255],[139.533697,34.057257],[139.533552,34.057257],[139.533348,34.05726],[139.533204,34.057263],[139.53309,34.057261],[139.532959,34.057277],[139.532791,34.057293],[139.532649,34.057305],[139.532592,34.057304],[139.532511,34.057264],[139.532242,34.057066],[139.531889,34.05682],[139.531714,34.056706],[139.531547,34.05662],[139.531505,34.056613],[139.531452,34.056616],[139.531409,34.056642],[139.53124,34.056811],[139.530999,34.05709],[139.530763,34.057422],[139.530651,34.057608],[139.530535,34.057881],[139.53041,34.05821],[139.53041,34.058265],[139.53041,34.058491],[139.53041,34.058748],[139.53041,34.058893],[139.530447,34.059012],[139.530492,34.059135],[139.530569,34.059264],[139.530649,34.059407],[139.530731,34.059552],[139.530792,34.059702],[139.53081,34.059825],[139.530794,34.059908],[139.53076,34.059961],[139.530715,34.059983],[139.530665,34.059972],[139.530622,34.059928],[139.530561,34.059877],[139.530495,34.059822],[139.530373,34.059767],[139.530299,34.059726],[139.530222,34.059693],[139.530121,34.059688],[139.530047,34.059697],[139.529986,34.059726],[139.52998,34.059776],[139.530026,34.059869],[139.530076,34.05997],[139.530179,34.060123],[139.530216,34.060207],[139.530238,34.060281],[139.53024,34.060393],[139.53027,34.060525],[139.530312,34.060624],[139.530354,34.060719],[139.530437,34.060842],[139.530527,34.060971],[139.530633,34.061079],[139.530845,34.061259],[139.53106,34.061467],[139.531126,34.061571],[139.531168,34.061676],[139.531179,34.06181],[139.531174,34.061926],[139.531168,34.06205],[139.531144,34.062133],[139.531097,34.062205],[139.531046,34.062265],[139.530996,34.062302],[139.530919,34.062309],[139.530824,34.062274],[139.530718,34.062221],[139.530625,34.062177],[139.530559,34.062168],[139.53046,34.062194],[139.530368,34.06223],[139.530243,34.06226],[139.530156,34.06226],[139.529983,34.062282],[139.529737,34.062289],[139.529654,34.062313],[139.529514,34.062374],[139.529432,34.06241],[139.5294,34.062447],[139.529395,34.0625],[139.529421,34.062557],[139.529471,34.062596],[139.529546,34.062621],[139.529612,34.062654],[139.529686,34.062719],[139.529734,34.062785],[139.529758,34.062816],[139.529813,34.06282],[139.529875,34.062816],[139.529938,34.062814],[139.529965,34.062834],[139.529965,34.062875],[139.529941,34.062935],[139.529827,34.063148],[139.5298,34.063205],[139.529816,34.063255],[139.529853,34.063282],[139.529906,34.063295],[139.529975,34.063277],[139.530158,34.063235],[139.53024,34.063251],[139.530299,34.063277],[139.530405,34.063378],[139.530458,34.063484],[139.530484,34.063589],[139.530497,34.063673],[139.530476,34.063752],[139.530437,34.063846],[139.530426,34.06393],[139.530439,34.063954],[139.5305,34.063967],[139.53058,34.063973],[139.530651,34.063989],[139.530694,34.064013],[139.530731,34.064053],[139.530731,34.064105],[139.530715,34.064184],[139.530686,34.06425],[139.530665,34.064316],[139.53068,34.064347],[139.530741,34.064375],[139.530818,34.064395],[139.530882,34.064415],[139.530946,34.064443],[139.530996,34.064472],[139.531006,34.064514],[139.531001,34.064566],[139.530988,34.064626],[139.530943,34.064685],[139.530911,34.064768]]}},{"type":"Feature","properties":{"id":154522237,"highway":"unclassified"},"geometry":{"type":"LineString","coordinates":[[139.557787,34.066092],[139.558164,34.065998],[139.558326,34.065964],[139.558393,34.065968],[139.558466,34.065992],[139.558517,34.066019],[139.558592,34.066072],[139.558652,34.066179],[139.558915,34.066914],[139.559037,34.067209],[139.559132,34.067327],[139.559227,34.067446],[139.559316,34.067545],[139.55938,34.06762],[139.559413,34.067692],[139.559517,34.068014],[139.559584,34.068198],[139.559646,34.068301],[139.559717,34.068381],[139.559882,34.068464],[139.560068,34.068537],[139.560285,34.068621],[139.560491,34.068713],[139.560615,34.068777],[139.560735,34.068834],[139.560874,34.068917]]}},{"type":"Feature","properties":{"id":154522238,"highway":"residential"},"geometry":{"type":"LineString","coordinates":[[139.552091,34.062705],[139.55224,34.062771],[139.552523,34.062865],[139.552592,34.062942],[139.552654,34.062992],[139.552807,34.063057],[139.553301,34.063184],[139.553638,34.063416],[139.553898,34.063628],[139.554125,34.063769],[139.554143,34.063805],[139.55413,34.063845],[139.553819,34.064227]]}},{"type":"Feature","properties":{"id":154522240,"highway":"residential"},"geometry":{"type":"LineString","coordinates":[[139.55083,34.061231],[139.550892,34.061375],[139.550922,34.061443],[139.55093,34.061489],[139.55091,34.061536],[139.550913,34.061561],[139.550961,34.061622],[139.551036,34.061714],[139.55114,34.061843],[139.551233,34.061965],[139.551307,34.062051],[139.551352,34.062106],[139.55139,34.062149]]}},{"type":"Feature","properties":{"id":154522242,"highway":"unclassified"},"geometry":{"type":"LineString","coordinates":[[139.557047,34.085104],[139.556933,34.085225],[139.556856,34.085269],[139.556757,34.085262],[139.556639,34.085185],[139.556525,34.085184],[139.556182,34.085288],[139.555861,34.08542],[139.555443,34.08567],[139.555094,34.085985],[139.554903,34.086145],[139.554875,34.086183],[139.554849,34.086219],[139.554798,34.086325],[139.554785,34.086441],[139.554742,34.08652],[139.554675,34.086576],[139.554596,34.086612],[139.554504,34.086628],[139.554416,34.086617],[139.55404,34.086466]]}},{"type":"Feature","properties":{"id":154522255,"highway":"service"},"geometry":{"type":"LineString","coordinates":[[139.550754,34.08302],[139.55045,34.082945],[139.550426,34.082849],[139.550453,34.082756],[139.550882,34.082732],[139.551108,34.082729],[139.551647,34.082754],[139.551982,34.08272],[139.552272,34.082616],[139.552537,34.082469],[139.552773,34.082434],[139.553023,34.082336],[139.55343,34.082016],[139.553733,34.081745],[139.553884,34.081683],[139.554122,34.081727],[139.554514,34.081785],[139.554865,34.081812],[139.555195,34.081807],[139.555396,34.081841],[139.556099,34.081847],[139.556615,34.081982],[139.556825,34.082],[139.556935,34.082005],[139.55704,34.081988],[139.55732,34.081905],[139.557412,34.081893],[139.557515,34.081873],[139.557645,34.081865],[139.557733,34.081861],[139.557825,34.081838],[139.557899,34.081806],[139.558018,34.081738],[139.558177,34.08162],[139.558268,34.081507],[139.558397,34.081374],[139.558512,34.081255],[139.558595,34.081161],[139.558667,34.081075],[139.558776,34.08095],[139.558876,34.080849],[139.558952,34.080757],[139.559092,34.080608],[139.559384,34.080413],[139.559576,34.080322],[139.559725,34.080237]]}},{"type":"Feature","properties":{"id":154522256,"highway":"service"},"geometry":{"type":"LineString","coordinates":[[139.542069,34.063553],[139.542079,34.063617],[139.542058,34.06369],[139.541958,34.063869],[139.541874,34.063963],[139.541734,34.064094],[139.541649,34.064191],[139.541629,34.064277],[139.541625,34.064449],[139.541642,34.064504],[139.541728,34.064679],[139.541747,34.064718],[139.541738,34.06476],[139.541552,34.065019],[139.541544,34.065067],[139.541569,34.065109],[139.541602,34.065161],[139.541677,34.065281],[139.541695,34.065328],[139.541701,34.065373],[139.541702,34.065517],[139.541808,34.065616],[139.541894,34.065651],[139.541976,34.065664],[139.542051,34.065681],[139.542093,34.065724],[139.542074,34.065792],[139.541985,34.065987],[139.541968,34.066075],[139.541954,34.066219],[139.54191,34.066402],[139.541883,34.066483],[139.5417,34.066724],[139.541678,34.066794],[139.541683,34.066863],[139.541707,34.067009],[139.541698,34.06707],[139.541649,34.067114],[139.541577,34.067123],[139.541287,34.067044],[139.541245,34.06703],[139.541191,34.067049],[139.541106,34.067112],[139.541013,34.067162],[139.54088,34.067186],[139.540776,34.067208],[139.540694,34.067228],[139.540617,34.067247],[139.540561,34.06729],[139.540537,34.067343],[139.540528,34.067411],[139.540551,34.067532],[139.540595,34.067595],[139.540855,34.067791],[139.540951,34.067827],[139.541187,34.067878],[139.541405,34.067956],[139.541475,34.068006],[139.541522,34.068071],[139.541576,34.068201],[139.541603,34.068288],[139.541628,34.068434],[139.541632,34.068689],[139.541673,34.068725],[139.541719,34.06872],[139.541836,34.068704],[139.541925,34.068709],[139.541985,34.068727],[139.542037,34.068751],[139.542209,34.068858],[139.542596,34.069028],[139.542885,34.069232],[139.542984,34.069304],[139.543208,34.069563],[139.543414,34.069761],[139.543444,34.069816],[139.543456,34.070067],[139.543484,34.070126],[139.543732,34.070294],[139.543762,34.070336],[139.543792,34.070376],[139.54383,34.070437],[139.543898,34.070526],[139.543943,34.070584],[139.543997,34.070644],[139.54405,34.070689],[139.54421,34.070822],[139.544305,34.070915],[139.544413,34.071039],[139.544469,34.07109],[139.544506,34.071115],[139.544565,34.071152],[139.544647,34.071194],[139.544814,34.071271],[139.544916,34.071316],[139.544983,34.071352],[139.545105,34.071434],[139.545226,34.071512],[139.545373,34.071604],[139.545407,34.071637],[139.545441,34.07168],[139.545477,34.071722],[139.545519,34.071752],[139.545565,34.071784],[139.545624,34.071817],[139.545788,34.071875],[139.545954,34.071912],[139.546251,34.071994],[139.546319,34.072022],[139.546364,34.072042],[139.546415,34.072076],[139.54648,34.072124],[139.546562,34.072187],[139.546697,34.072307],[139.546805,34.072426],[139.546861,34.072487],[139.546909,34.072524],[139.546963,34.072549],[139.546999,34.072564],[139.54703,34.072566]]}},{"type":"Feature","properties":{"id":154522270,"highway":"residential"},"geometry":{"type":"LineString","coordinates":[[139.543607,34.060329],[139.543544,34.06029],[139.543437,34.060232],[139.543347,34.060192],[139.54327,34.060151],[139.543207,34.060124],[139.543159,34.060103],[139.543102,34.060096],[139.543044,34.060096],[139.542993,34.060095],[139.542961,34.060094],[139.542944,34.060075],[139.542887,34.060031],[139.542767,34.059911],[139.542667,34.059825],[139.542629,34.059819],[139.542528,34.059814],[139.542477,34.059801],[139.542427,34.059769],[139.542385,34.059728],[139.542315,34.059672],[139.542153,34.059571],[139.542085,34.059517],[139.542061,34.059485],[139.542035,34.059433],[139.54198,34.059275],[139.541911,34.059076],[139.541879,34.058962],[139.541829,34.058787],[139.541792,34.0587],[139.54173,34.0586],[139.541663,34.058493],[139.541596,34.058387],[139.541538,34.05829],[139.541485,34.058253],[139.541418,34.058212],[139.541317,34.058143],[139.541204,34.058076],[139.54112,34.058021],[139.540924,34.057884],[139.540833,34.057832],[139.540768,34.057814],[139.540643,34.057801]]}},{"type":"Feature","properties":{"id":154522273,"highway":"unclassified"},"geometry":{"type":"LineString","coordinates":[[139.556548,34.069405],[139.556429,34.069453],[139.556265,34.069499],[139.556096,34.069511],[139.555925,34.069602],[139.555733,34.069774],[139.555692,34.069814],[139.555676,34.069855],[139.5557,34.069972],[139.555701,34.070003],[139.555672,34.070045],[139.555341,34.070268],[139.555205,34.07042],[139.555161,34.07043],[139.555111,34.070426],[139.555013,34.070361],[139.554865,34.070189],[139.554539,34.069911],[139.554377,34.069742],[139.554318,34.069647],[139.554162,34.069248],[139.55411,34.069123],[139.554058,34.069039],[139.553963,34.068987],[139.553798,34.068908],[139.553608,34.068684],[139.553328,34.068466],[139.553168,34.068393],[139.55274,34.068125],[139.552566,34.068089],[139.552418,34.068117],[139.552292,34.068216],[139.552206,34.068332],[139.552125,34.068401],[139.551985,34.068543],[139.551891,34.068702],[139.551913,34.068878]]}},{"type":"Feature","properties":{"id":154522291,"highway":"unclassified"},"geometry":{"type":"LineString","coordinates":[[139.543371,34.063287],[139.543399,34.063348],[139.543443,34.063405]]}},{"type":"Feature","properties":{"id":154522305,"highway":"unclassified"},"geometry":{"type":"LineString","coordinates":[[139.504313,34.079985],[139.504436,34.079896],[139.505022,34.079761],[139.505213,34.079687],[139.505418,34.079508],[139.505512,34.07938],[139.505625,34.079143],[139.505642,34.078978],[139.505613,34.078849],[139.505611,34.078699],[139.505677,34.078561],[139.5058,34.078436],[139.506087,34.078217],[139.506256,34.078062],[139.50648,34.07773],[139.506703,34.077586],[139.50701,34.077248],[139.507057,34.077136],[139.507062,34.076991],[139.50702,34.076703],[139.507054,34.076586],[139.507115,34.07651],[139.5079,34.075832],[139.50855,34.075282],[139.508709,34.075087],[139.508918,34.074618],[139.508978,34.074337],[139.508942,34.073825],[139.508942,34.072923],[139.508972,34.072795],[139.509077,34.072616],[139.509247,34.072495],[139.509546,34.072362]]}},{"type":"Feature","properties":{"id":154522308,"highway":"unclassified"},"geometry":{"type":"LineString","coordinates":[[139.552797,34.060772],[139.552847,34.060764],[139.552906,34.060771],[139.552956,34.060788],[139.552998,34.060812],[139.553049,34.060855],[139.553087,34.060913],[139.553176,34.061064],[139.553214,34.061137],[139.553404,34.061358],[139.553739,34.061759],[139.554162,34.062171],[139.554469,34.062537],[139.554535,34.062682],[139.554699,34.063073],[139.554853,34.063652],[139.554883,34.063766],[139.555038,34.064025],[139.555087,34.064074],[139.555173,34.0641],[139.555344,34.064126],[139.556094,34.064224],[139.556336,34.064272],[139.556576,34.064372],[139.556649,34.064434],[139.556756,34.064553],[139.556811,34.064644],[139.557025,34.064866],[139.557096,34.065005],[139.55722,34.06527],[139.557498,34.065732]]}},{"type":"Feature","properties":{"id":154522312,"highway":"unclassified"},"geometry":{"type":"LineString","coordinates":[[139.537979,34.05468],[139.538011,34.054777],[139.538129,34.05501],[139.538249,34.055184],[139.538482,34.055491],[139.538608,34.055641],[139.53879,34.0558],[139.538929,34.055952],[139.539156,34.056229],[139.539259,34.056359],[139.539372,34.056397],[139.539485,34.056419],[139.539656,34.056416],[139.539739,34.056422],[139.539817,34.056482],[139.539919,34.056629],[139.539996,34.056734],[139.540128,34.05686],[139.540141,34.056948],[139.540196,34.05704],[139.540292,34.057122]]}},{"type":"Feature","properties":{"id":154522323,"highway":"residential"},"geometry":{"type":"LineString","coordinates":[[139.538984,34.058646],[139.538989,34.058722],[139.538983,34.058794],[139.53896,34.05887],[139.538932,34.058955],[139.538917,34.059069],[139.538914,34.059226],[139.538926,34.059324],[139.53895,34.059448],[139.538956,34.05959],[139.538965,34.059744],[139.538961,34.059916],[139.538957,34.060152],[139.538944,34.060259],[139.53891,34.060383],[139.538871,34.060517],[139.53882,34.060681],[139.538732,34.060922],[139.538688,34.061055],[139.538618,34.0612],[139.538583,34.061282],[139.538545,34.061359],[139.538499,34.061442],[139.538442,34.061514],[139.538391,34.061576],[139.538323,34.061626],[139.538205,34.061695],[139.538085,34.061767],[139.537925,34.061861],[139.537833,34.061917],[139.537769,34.061954],[139.537727,34.061977]]}},{"type":"Feature","properties":{"id":154522325,"highway":"residential"},"geometry":{"type":"LineString","coordinates":[[139.543096,34.05912],[139.543171,34.059081],[139.543244,34.059025],[139.543335,34.058946],[139.543398,34.058891],[139.543423,34.058843],[139.543466,34.058729],[139.543522,34.058619],[139.543567,34.05853],[139.543643,34.058419],[139.543692,34.058346],[139.543723,34.058273]]}},{"type":"Feature","properties":{"id":154522330,"highway":"residential"},"geometry":{"type":"LineString","coordinates":[[139.544177,34.05982],[139.544141,34.059864],[139.544057,34.059949],[139.543901,34.060085],[139.543607,34.060329]]}},{"type":"Feature","properties":{"id":154522341,"highway":"unclassified"},"geometry":{"type":"LineString","coordinates":[[139.486592,34.058825],[139.486805,34.058813],[139.486876,34.058786],[139.487,34.058664],[139.48709,34.058567],[139.487216,34.058449],[139.487367,34.058315],[139.487464,34.058266],[139.48755,34.058254],[139.487663,34.058263],[139.487802,34.058303],[139.488125,34.058404],[139.488251,34.058421],[139.488349,34.058404],[139.488437,34.05836],[139.488507,34.058301],[139.488622,34.058211],[139.488758,34.058089],[139.488825,34.058026],[139.48888,34.057986],[139.488939,34.057941],[139.489016,34.057886],[139.489065,34.057849],[139.489121,34.057809],[139.489176,34.057788],[139.489207,34.057781],[139.489253,34.057762],[139.489327,34.05775],[139.489411,34.057753],[139.489524,34.057767],[139.489658,34.057778],[139.489826,34.0578],[139.490181,34.057844],[139.490508,34.057886],[139.490789,34.05792],[139.491177,34.057971],[139.491522,34.058011],[139.491868,34.058056],[139.492224,34.058113],[139.492501,34.058172],[139.492724,34.058233],[139.492956,34.05828],[139.493217,34.058357],[139.4934,34.058434],[139.493537,34.058507],[139.493827,34.058674],[139.494079,34.058832],[139.494224,34.058927],[139.494323,34.058961],[139.494567,34.059021],[139.494787,34.059098],[139.494969,34.059152],[139.495093,34.059185],[139.495214,34.059198],[139.495297,34.059207],[139.495683,34.059223],[139.495788,34.059265],[139.495916,34.059347],[139.496085,34.059487],[139.496193,34.059567],[139.496477,34.059734],[139.496574,34.059781],[139.496667,34.059821],[139.496793,34.059854],[139.497009,34.059884],[139.49717,34.059893],[139.497298,34.059882],[139.497681,34.059849],[139.49774,34.059857],[139.497784,34.059888],[139.49781,34.059925],[139.497814,34.059978],[139.497782,34.060107],[139.497781,34.060194],[139.497802,34.060249],[139.497853,34.060315],[139.497927,34.060396],[139.498067,34.060516],[139.498114,34.060539],[139.498153,34.060544],[139.498204,34.060528],[139.498262,34.060512],[139.498325,34.060504],[139.49844,34.060509],[139.498891,34.060628],[139.498945,34.060651],[139.498986,34.060676],[139.499073,34.06077],[139.49911,34.0608],[139.499179,34.060826],[139.499244,34.06084],[139.4998,34.060799],[139.499858,34.060803],[139.499914,34.060824],[139.499964,34.060858],[139.500005,34.060924],[139.500013,34.061015],[139.499989,34.061117],[139.499928,34.061212],[139.49985,34.061278],[139.499202,34.061614],[139.499141,34.061658],[139.499096,34.061718],[139.499072,34.061776],[139.499066,34.061833],[139.499077,34.061912],[139.499111,34.061964],[139.499156,34.061999],[139.499209,34.062022],[139.499279,34.06203],[139.499339,34.062025],[139.499398,34.062005],[139.499999,34.061763],[139.500168,34.061708],[139.500693,34.061572],[139.500813,34.061545],[139.500898,34.061518],[139.50095,34.06149],[139.501,34.061457],[139.501047,34.061416],[139.501087,34.061374],[139.501122,34.061335],[139.501155,34.061286],[139.501401,34.060819],[139.501444,34.060749],[139.501479,34.060704],[139.501516,34.060667],[139.501548,34.060651],[139.50158,34.06064],[139.501697,34.060645],[139.501933,34.060723],[139.502239,34.060807],[139.5025,34.060868],[139.502584,34.060882],[139.502847,34.060895],[139.503359,34.060984],[139.503759,34.061051],[139.504027,34.061088],[139.504263,34.061127],[139.504458,34.061145],[139.504869,34.061178],[139.505081,34.061187],[139.505262,34.061203],[139.505338,34.061213],[139.505399,34.061227],[139.505474,34.061257],[139.505531,34.061288],[139.505812,34.061447],[139.505857,34.061465],[139.505904,34.061478],[139.505951,34.061487],[139.506005,34.061495],[139.506154,34.061508],[139.506626,34.061527],[139.506666,34.061536],[139.50684,34.061619],[139.506874,34.061633],[139.506945,34.061659],[139.507177,34.06171],[139.507223,34.061728],[139.50726,34.061745],[139.507296,34.061769],[139.507703,34.062125],[139.507751,34.062149],[139.507802,34.062169],[139.507937,34.062197],[139.507994,34.062224],[139.508043,34.062267],[139.508173,34.06256],[139.508202,34.062592],[139.508235,34.062609],[139.508267,34.062618],[139.508452,34.062612],[139.508495,34.062628],[139.508529,34.062661],[139.508554,34.062763],[139.508566,34.062954],[139.508581,34.062999],[139.508637,34.063055],[139.508718,34.063117],[139.508955,34.063238],[139.509012,34.063276],[139.509245,34.063449],[139.50937,34.06355],[139.509505,34.063689],[139.509721,34.063975],[139.509785,34.064036],[139.509961,34.064205],[139.509996,34.064236],[139.51004,34.064288],[139.510209,34.064479],[139.510278,34.064545],[139.510335,34.064598],[139.510665,34.064789],[139.510794,34.064869],[139.510864,34.064925],[139.510929,34.064996],[139.511067,34.065163],[139.511132,34.065267],[139.511187,34.065357],[139.51125,34.065449],[139.511291,34.065477],[139.511359,34.065489],[139.511417,34.065466],[139.511459,34.065424],[139.511493,34.065367],[139.511569,34.065142],[139.511617,34.065037],[139.511679,34.064963],[139.511746,34.064909],[139.511837,34.064888],[139.511918,34.064903],[139.512089,34.064982],[139.512155,34.065033],[139.512413,34.065403],[139.512553,34.065664],[139.512576,34.065746],[139.51259,34.06585],[139.512587,34.066134],[139.512604,34.066234],[139.512642,34.066334],[139.512832,34.066819],[139.512836,34.066902],[139.512835,34.066989],[139.512812,34.067052],[139.512768,34.067158],[139.512649,34.067258],[139.512492,34.067355],[139.512426,34.067429],[139.512394,34.067476],[139.512373,34.067547],[139.512372,34.068027],[139.512382,34.068121],[139.512676,34.069278],[139.512684,34.069429],[139.512614,34.069932],[139.512588,34.069995],[139.512488,34.070079],[139.512336,34.070157],[139.512238,34.070281],[139.512213,34.070432],[139.512249,34.070563],[139.512363,34.070669],[139.51257,34.07076],[139.512697,34.070831],[139.512766,34.070968],[139.512872,34.071251]]}},{"type":"Feature","properties":{"id":154522343,"highway":"unclassified"},"geometry":{"type":"LineString","coordinates":[[139.5453,34.060253],[139.545646,34.059988],[139.545813,34.059878],[139.546073,34.059723],[139.546189,34.059645],[139.546322,34.059572]]}},{"type":"Feature","properties":{"id":154522347,"highway":"residential"},"geometry":{"type":"LineString","coordinates":[[139.540643,34.057801],[139.540562,34.057923],[139.540452,34.058086],[139.540323,34.058257]]}},{"type":"Feature","properties":{"id":154522348,"highway":"residential"},"geometry":{"type":"LineString","coordinates":[[139.562555,34.078283],[139.562616,34.078015],[139.562663,34.07779],[139.56269,34.077471],[139.562696,34.077205],[139.562705,34.07699],[139.562718,34.076728],[139.562727,34.076499],[139.562756,34.076079],[139.562798,34.075837],[139.562791,34.07576],[139.562763,34.075637],[139.562729,34.075538],[139.562665,34.075445],[139.562639,34.075377],[139.562634,34.075316],[139.562665,34.075232],[139.562718,34.075135],[139.562782,34.07501],[139.562829,34.074918],[139.562867,34.074825],[139.562893,34.074693],[139.562922,34.074513],[139.562964,34.074156],[139.562986,34.073846],[139.563022,34.073492],[139.563035,34.07333],[139.56303,34.073224],[139.562995,34.073045],[139.56294,34.07281],[139.562895,34.072538],[139.562763,34.072065],[139.562685,34.071865],[139.56251,34.071655],[139.562444,34.071543],[139.562391,34.071451],[139.562322,34.071293],[139.562161,34.070993],[139.561873,34.070516],[139.56182,34.070426],[139.561578,34.069889],[139.561395,34.069577]]}},{"type":"Feature","properties":{"id":154522360,"highway":"unclassified"},"geometry":{"type":"LineString","coordinates":[[139.527444,34.056201],[139.5274,34.056198],[139.527319,34.056198],[139.527076,34.05619],[139.527027,34.056186],[139.526873,34.056168],[139.526746,34.05616],[139.526601,34.056156],[139.52652,34.056154],[139.526482,34.056139],[139.526404,34.056104],[139.526332,34.056075],[139.526287,34.056069],[139.526237,34.056073],[139.5262,34.056085],[139.526172,34.056096],[139.526145,34.056105],[139.526118,34.056115],[139.526094,34.056122],[139.526061,34.056134],[139.526028,34.05615],[139.525989,34.056171],[139.52596,34.056182],[139.525926,34.056198],[139.525885,34.056215],[139.525862,34.056226],[139.525825,34.056242],[139.525772,34.056268],[139.525704,34.056295],[139.525643,34.056317],[139.525611,34.056329],[139.525568,34.056343],[139.525519,34.056359],[139.525486,34.056365],[139.525434,34.056371],[139.525371,34.056372],[139.525304,34.056372],[139.525262,34.056369],[139.525219,34.056367],[139.525174,34.056362],[139.525113,34.056358],[139.525033,34.056353],[139.52489,34.056342],[139.524798,34.056339],[139.524776,34.056346],[139.524745,34.056368],[139.524705,34.056404],[139.524642,34.056461],[139.524563,34.056528],[139.524524,34.05657],[139.524495,34.056593],[139.524461,34.056611],[139.524421,34.056626],[139.524393,34.056636],[139.524361,34.056639],[139.524321,34.056639],[139.524286,34.056638],[139.524251,34.056632],[139.52422,34.056624],[139.52418,34.056609],[139.524125,34.056582],[139.524078,34.056561],[139.524023,34.05654],[139.523976,34.056519],[139.523938,34.056506],[139.523894,34.056487],[139.523833,34.056464],[139.523788,34.056449],[139.523698,34.056426],[139.523618,34.056401],[139.523531,34.056383],[139.523404,34.056355],[139.523293,34.056338],[139.523235,34.056326],[139.523185,34.056322],[139.523037,34.056325],[139.522933,34.056331],[139.522859,34.056339],[139.522799,34.056349],[139.522743,34.056364],[139.522696,34.056375],[139.522631,34.056381],[139.522587,34.05638],[139.522552,34.056371],[139.522517,34.056355],[139.52249,34.056339],[139.522467,34.056325],[139.522443,34.056305],[139.52242,34.056282],[139.52239,34.056251],[139.522276,34.056133],[139.52215,34.056054],[139.522081,34.055986],[139.52204,34.055846],[139.521988,34.055643],[139.521949,34.055499],[139.52192,34.055378],[139.521933,34.055283],[139.521952,34.05512],[139.521991,34.054987],[139.522113,34.05482],[139.522246,34.054657],[139.522354,34.054562],[139.522484,34.054456],[139.522595,34.054404],[139.522734,34.054344],[139.522836,34.054282],[139.522901,34.054237],[139.522944,34.054208],[139.523001,34.054159],[139.523098,34.054066],[139.523242,34.053919],[139.523386,34.053756],[139.523579,34.053571],[139.523766,34.053454],[139.52392,34.053355],[139.524022,34.053292],[139.524162,34.053226],[139.524329,34.053151],[139.524401,34.053093],[139.524528,34.053001],[139.524668,34.052908],[139.524859,34.052833],[139.524994,34.052786],[139.525152,34.052744],[139.525259,34.052744],[139.525322,34.052754],[139.525434,34.052776],[139.525575,34.05281],[139.525746,34.052849],[139.526015,34.052924],[139.526288,34.053019],[139.526459,34.053086],[139.526566,34.053153],[139.526669,34.053207],[139.526826,34.053257],[139.527085,34.053361],[139.527162,34.053404],[139.52734,34.053473],[139.527541,34.053523],[139.527562,34.053523],[139.527598,34.053522],[139.527667,34.053521],[139.527758,34.053503],[139.527833,34.053466],[139.527913,34.053405],[139.527957,34.053356],[139.528005,34.053294],[139.528024,34.053239],[139.528034,34.053116],[139.528041,34.052961],[139.52804,34.052808],[139.528037,34.052697],[139.52804,34.052563],[139.528046,34.052428],[139.528053,34.052376],[139.528057,34.052315],[139.528058,34.052212],[139.528069,34.052144],[139.528095,34.052075],[139.528136,34.052017],[139.528242,34.051952],[139.528349,34.051904],[139.528472,34.05186],[139.528571,34.051823],[139.528664,34.051751]]}},{"type":"Feature","properties":{"id":154522368,"highway":"residential"},"geometry":{"type":"LineString","coordinates":[[139.560412,34.089996],[139.560621,34.090079],[139.560805,34.090119],[139.560984,34.09015],[139.561152,34.090181],[139.561435,34.090253],[139.561872,34.09039],[139.561974,34.090442],[139.562006,34.090481],[139.562003,34.090519],[139.561976,34.090559],[139.561972,34.090594],[139.562025,34.09062],[139.562078,34.090618],[139.562118,34.090593],[139.562128,34.090547],[139.562107,34.090409],[139.561974,34.090134],[139.561915,34.090062],[139.561836,34.09003],[139.561799,34.089985],[139.561788,34.089863],[139.561757,34.089815],[139.56168,34.089791],[139.561623,34.089765],[139.561611,34.089729],[139.561624,34.089576],[139.561631,34.089534],[139.561674,34.089505],[139.561878,34.089445],[139.56197,34.089417],[139.562027,34.089384],[139.56222,34.089164],[139.562545,34.088764],[139.562632,34.088676]]}},{"type":"Feature","properties":{"id":154522371,"highway":"unclassified"},"geometry":{"type":"LineString","coordinates":[[139.530911,34.064768],[139.530845,34.064797],[139.530816,34.064847],[139.530792,34.064902],[139.530776,34.064949],[139.530776,34.064988],[139.530808,34.065034],[139.530842,34.065067],[139.530879,34.065096],[139.530895,34.065124],[139.530887,34.065173],[139.530869,34.065223],[139.530847,34.065267],[139.530829,34.065313],[139.530821,34.065362],[139.530802,34.065397],[139.530784,34.065449],[139.530694,34.065662],[139.530643,34.065697],[139.530582,34.065702],[139.530527,34.065686],[139.530487,34.065667],[139.53046,34.065647],[139.530455,34.065594],[139.530444,34.065438],[139.530434,34.065282],[139.530405,34.065219],[139.53036,34.065151],[139.530291,34.065065],[139.530259,34.065019],[139.530193,34.065006],[139.530137,34.065019],[139.53011,34.065041],[139.530079,34.065087],[139.530039,34.065148],[139.530036,34.065203],[139.530055,34.065243],[139.530079,34.065298],[139.530079,34.065355],[139.530079,34.065401],[139.530055,34.065432],[139.530012,34.065447],[139.52997,34.065452],[139.529906,34.065427],[139.529893,34.06537],[139.52989,34.0653],[139.529882,34.065258],[139.529821,34.065208],[139.529755,34.06517],[139.529681,34.065159],[139.529596,34.065148],[139.529522,34.065129]]}},{"type":"Feature","properties":{"id":154522374,"highway":"residential"},"geometry":{"type":"LineString","coordinates":[[139.547678,34.061457],[139.547723,34.061403],[139.547826,34.061329],[139.547934,34.061265],[139.548028,34.061208],[139.548056,34.061199],[139.548088,34.061203],[139.548132,34.061215],[139.548171,34.061229],[139.548214,34.061246],[139.548246,34.061262],[139.54828,34.061278],[139.548305,34.061283],[139.548352,34.061276],[139.548395,34.061272],[139.548452,34.06127],[139.548498,34.061276],[139.548529,34.061297],[139.548571,34.061322],[139.5486,34.06134],[139.548631,34.061353],[139.548658,34.061354],[139.548696,34.06133],[139.548742,34.061296],[139.548782,34.06127],[139.548855,34.061215],[139.548893,34.061182],[139.548917,34.061164],[139.548973,34.061122],[139.549007,34.061098],[139.549047,34.061065],[139.549126,34.061008],[139.549256,34.060913],[139.54946,34.060779],[139.549647,34.060618],[139.549808,34.060484],[139.54989,34.060558],[139.549919,34.060585],[139.549951,34.060613],[139.550027,34.06068],[139.550095,34.060737],[139.550201,34.060828],[139.55045,34.061092],[139.550552,34.061218],[139.550619,34.061308]]}},{"type":"Feature","properties":{"id":154522411,"highway":"service"},"geometry":{"type":"LineString","coordinates":[[139.520547,34.053544],[139.520477,34.05352],[139.520429,34.053506],[139.520378,34.05348],[139.520316,34.053444],[139.520265,34.053417],[139.520184,34.053393],[139.520109,34.053384],[139.520048,34.053373],[139.519973,34.053413],[139.519903,34.05346],[139.519836,34.053515],[139.519777,34.053566],[139.519664,34.053644],[139.519565,34.053657],[139.519501,34.053635],[139.51946,34.053586],[139.519442,34.053497],[139.519415,34.053393],[139.519393,34.053291],[139.519361,34.053229],[139.519305,34.053191],[139.519264,34.053177],[139.51909,34.053249],[139.519002,34.053271],[139.518873,34.053222],[139.518792,34.053175],[139.518739,34.053164],[139.518613,34.053213],[139.518535,34.053233],[139.518355,34.05322],[139.518192,34.0532],[139.518049,34.053242],[139.517996,34.053306],[139.517966,34.053395],[139.517897,34.053753],[139.5178,34.054202],[139.517639,34.054688],[139.517567,34.054933],[139.517459,34.054993],[139.517395,34.055033],[139.517344,34.055091],[139.517349,34.055157],[139.517395,34.05524],[139.517435,34.055337],[139.517435,34.055428],[139.51743,34.055644],[139.517484,34.05574],[139.517556,34.055804],[139.517631,34.055853],[139.517738,34.0559],[139.517926,34.055946],[139.518186,34.056008],[139.518312,34.056069]]}},{"type":"Feature","properties":{"id":154522427,"highway":"unclassified"},"geometry":{"type":"LineString","coordinates":[[139.540976,34.058821],[139.540887,34.058754],[139.540665,34.058659],[139.540323,34.058257]]}},{"type":"Feature","properties":{"id":154522437,"highway":"unclassified"},"geometry":{"type":"LineString","coordinates":[[139.556216,34.066818],[139.556546,34.066599],[139.556858,34.0664],[139.556949,34.066343],[139.557071,34.066287],[139.557235,34.066235],[139.557787,34.066092]]}},{"type":"Feature","properties":{"id":154522517,"highway":"service"},"geometry":{"type":"LineString","coordinates":[[139.535357,34.057524],[139.535364,34.057618],[139.53531,34.05791],[139.535334,34.058228],[139.535418,34.058734],[139.535433,34.058854],[139.535463,34.058945],[139.535507,34.059007],[139.535909,34.059455],[139.535926,34.059491],[139.535931,34.059527],[139.535872,34.059664],[139.535678,34.060073],[139.535639,34.06016],[139.53549,34.060367],[139.535476,34.060637],[139.535465,34.060713],[139.535281,34.061025],[139.535075,34.060963],[139.534907,34.061473],[139.534552,34.061406],[139.533177,34.061568],[139.533126,34.06158],[139.53309,34.061636],[139.533101,34.061779],[139.533112,34.061847],[139.533195,34.061848],[139.533743,34.061845],[139.533842,34.061852]]}},{"type":"Feature","properties":{"id":154522521,"highway":"service"},"geometry":{"type":"LineString","coordinates":[[139.551913,34.068878],[139.55199,34.068933],[139.552079,34.069027],[139.552349,34.069338],[139.552393,34.069408],[139.552462,34.069609],[139.552556,34.069784],[139.552804,34.070167],[139.552834,34.070307],[139.552906,34.070519],[139.55292,34.070694],[139.552947,34.070829],[139.55299,34.070951],[139.55305,34.071026],[139.553177,34.071147],[139.5533,34.071255],[139.553465,34.071357],[139.553517,34.071411],[139.553602,34.071628],[139.553666,34.071767],[139.5538,34.072018],[139.553954,34.072236],[139.554106,34.072444],[139.554145,34.07254],[139.554159,34.072802],[139.554065,34.072899],[139.553978,34.072992],[139.55388,34.073193],[139.553814,34.0735],[139.553807,34.073747],[139.553834,34.073908],[139.553806,34.073969],[139.553753,34.07401],[139.553472,34.074191],[139.553414,34.074261],[139.553396,34.074339],[139.553414,34.074431],[139.55347,34.07451],[139.553495,34.074596],[139.55356,34.07475],[139.553558,34.074837],[139.553477,34.075086],[139.55348,34.075158],[139.553524,34.075212],[139.553639,34.075237],[139.553906,34.075192],[139.554048,34.075226],[139.554132,34.07528],[139.554241,34.075414],[139.554259,34.07549],[139.554242,34.075757],[139.554306,34.07584],[139.554428,34.075997],[139.554452,34.07606],[139.554448,34.076124],[139.554393,34.076183],[139.554187,34.076354],[139.553897,34.076617],[139.553704,34.076714],[139.553626,34.076729],[139.553447,34.076741],[139.553347,34.076786],[139.553132,34.077023],[139.552859,34.077015],[139.552641,34.077039],[139.552486,34.077008]]}},{"type":"Feature","properties":{"id":154522524,"highway":"service"},"geometry":{"type":"LineString","coordinates":[[139.559528,34.10108],[139.559611,34.10102],[139.559632,34.10096],[139.559604,34.100856],[139.559546,34.10069],[139.559524,34.10055],[139.559526,34.100402],[139.559557,34.100176],[139.559622,34.099987],[139.55967,34.099879],[139.559689,34.099834],[139.559735,34.099759],[139.559852,34.099618],[139.559944,34.09953],[139.560047,34.099443],[139.560124,34.099399],[139.560346,34.099318],[139.560435,34.099291],[139.560512,34.099284],[139.560595,34.099288],[139.560698,34.099315],[139.561145,34.099434],[139.56169,34.099628],[139.561761,34.099646]]}},{"type":"Feature","properties":{"id":154522539,"highway":"unclassified"},"geometry":{"type":"LineString","coordinates":[[139.545622,34.060539],[139.545547,34.060618],[139.545492,34.060666],[139.545424,34.060708],[139.545352,34.060746],[139.545273,34.060767],[139.545167,34.06079],[139.545078,34.06082],[139.544981,34.060866],[139.544915,34.060902],[139.544854,34.060934]]}},{"type":"Feature","properties":{"id":154522545,"highway":"residential"},"geometry":{"type":"LineString","coordinates":[[139.560803,34.088699],[139.560826,34.088873],[139.560826,34.08895],[139.560791,34.089025],[139.560678,34.08923],[139.560412,34.089996]]}},{"type":"Feature","properties":{"id":154522567,"highway":"unclassified"},"geometry":{"type":"LineString","coordinates":[[139.519992,34.067624],[139.519914,34.067742],[139.519873,34.067813],[139.519852,34.067893],[139.519846,34.067968],[139.519852,34.068089],[139.519815,34.068178],[139.519769,34.068271],[139.519732,34.068351],[139.519677,34.068434],[139.519596,34.068491],[139.519518,34.068513],[139.519451,34.068511],[139.519386,34.068486],[139.519119,34.068333],[139.519021,34.068287],[139.518957,34.068279],[139.518909,34.068308],[139.518879,34.068371],[139.518851,34.068472],[139.518862,34.068542],[139.518893,34.068636],[139.518941,34.068749],[139.51899,34.068992],[139.519014,34.069053],[139.519066,34.069178],[139.519142,34.069325],[139.519154,34.069394],[139.519145,34.069494],[139.519096,34.069632],[139.519056,34.069711],[139.518969,34.069791],[139.518659,34.069989],[139.518568,34.070073],[139.518388,34.070318],[139.51825,34.070515],[139.518196,34.070652],[139.518139,34.07074],[139.518024,34.070838],[139.517972,34.070895],[139.517981,34.071046],[139.518041,34.071555],[139.518061,34.071754],[139.518093,34.072057],[139.518102,34.072095],[139.518128,34.072161],[139.518209,34.072297],[139.518278,34.072415],[139.518301,34.07252],[139.518277,34.072564],[139.518235,34.072605],[139.518171,34.072627],[139.51811,34.072626],[139.51804,34.072604],[139.517972,34.072529],[139.51789,34.072445],[139.517829,34.072419],[139.517694,34.072381],[139.517646,34.07234],[139.51755,34.072168],[139.51741,34.07203],[139.517214,34.071883],[139.516917,34.071753],[139.516243,34.071468],[139.515997,34.07141],[139.51575,34.071388],[139.515606,34.071369],[139.515436,34.07138]]}},{"type":"Feature","properties":{"id":154522574,"highway":"unclassified"},"geometry":{"type":"LineString","coordinates":[[139.551182,34.101155],[139.551125,34.100955],[139.551102,34.100884],[139.551011,34.100777],[139.550763,34.100583],[139.550501,34.100389],[139.550353,34.100294],[139.549759,34.100035],[139.549665,34.099998],[139.549594,34.099975],[139.549541,34.099969],[139.549462,34.099986],[139.549316,34.100067],[139.549042,34.100208],[139.548959,34.100237],[139.548881,34.100229],[139.548812,34.100195],[139.548765,34.100156],[139.548745,34.100117],[139.54871,34.10002],[139.54868,34.099859],[139.548643,34.099688],[139.548616,34.099617],[139.548543,34.099554],[139.548403,34.099508],[139.548337,34.099514],[139.548286,34.099546],[139.54806,34.099922],[139.547994,34.099968],[139.547901,34.099976],[139.547795,34.099916],[139.547519,34.09928],[139.547474,34.099245],[139.547405,34.099238],[139.547365,34.099252],[139.547307,34.099291],[139.547282,34.099345],[139.547214,34.099809],[139.54718,34.099866],[139.547109,34.099891],[139.547048,34.099884],[139.546992,34.099831],[139.546909,34.099616],[139.54688,34.099563],[139.546854,34.099549],[139.546814,34.099548],[139.546755,34.099586],[139.546726,34.099639],[139.546683,34.099805],[139.546658,34.09985],[139.546616,34.099882],[139.546577,34.099891],[139.546512,34.099888],[139.546258,34.099813],[139.545726,34.099657],[139.545636,34.099609]]}},{"type":"Feature","properties":{"id":154522595,"highway":"unclassified"},"geometry":{"type":"LineString","coordinates":[[139.562663,34.078839],[139.562648,34.078801],[139.562622,34.07872],[139.56259,34.078599],[139.562571,34.078536],[139.562552,34.078453],[139.562537,34.078382]]}},{"type":"Feature","properties":{"id":154522596,"highway":"residential"},"geometry":{"type":"LineString","coordinates":[[139.539378,34.057216],[139.539235,34.057127],[139.539045,34.057082],[139.538831,34.057034],[139.538711,34.057008],[139.538618,34.05699],[139.53851,34.056968],[139.538412,34.056952],[139.538365,34.056936],[139.538308,34.056918],[139.53823,34.056889],[139.538147,34.056851],[139.538048,34.056814],[139.537975,34.056784],[139.537927,34.056776],[139.537837,34.056771],[139.537739,34.056756],[139.53764,34.056736],[139.537548,34.056708],[139.537462,34.056671],[139.537362,34.056621]]}},{"type":"Feature","properties":{"id":154522602,"highway":"residential"},"geometry":{"type":"LineString","coordinates":[[139.561395,34.069577],[139.561295,34.069428],[139.561164,34.06926],[139.561076,34.069139],[139.561016,34.069069],[139.560972,34.068988],[139.560874,34.068917]]}},{"type":"Feature","properties":{"id":154522603,"highway":"unclassified"},"geometry":{"type":"LineString","coordinates":[[139.515436,34.07138],[139.515251,34.07142],[139.514784,34.07149],[139.514498,34.071455],[139.514095,34.071402],[139.513713,34.071437],[139.513308,34.071393],[139.512966,34.071284]]}},{"type":"Feature","properties":{"id":154522604,"highway":"residential"},"geometry":{"type":"LineString","coordinates":[[139.552091,34.062705],[139.55196,34.062919],[139.551871,34.06304],[139.551766,34.063158],[139.551677,34.063246],[139.551551,34.06341],[139.551472,34.063551],[139.551408,34.063695],[139.551364,34.063822]]}},{"type":"Feature","properties":{"id":154522612,"highway":"service"},"geometry":{"type":"LineString","coordinates":[[139.552486,34.077008],[139.552613,34.077073],[139.552791,34.07709],[139.553017,34.077158],[139.553135,34.077177],[139.553254,34.077217],[139.553306,34.077145],[139.553349,34.077104],[139.553389,34.077008],[139.553446,34.076963],[139.55351,34.076942],[139.554023,34.07695],[139.554111,34.076939],[139.554177,34.076916],[139.554242,34.076875],[139.554374,34.076771],[139.554416,34.076749],[139.554464,34.076744],[139.554529,34.076781],[139.554678,34.076873],[139.554909,34.076875],[139.55501,34.076846],[139.555222,34.076776],[139.55528,34.076738],[139.555324,34.076688],[139.555437,34.076573],[139.555583,34.076451],[139.555617,34.076413],[139.555627,34.076373],[139.55565,34.076338],[139.555705,34.076259],[139.555857,34.076183],[139.556064,34.076041],[139.556153,34.075978],[139.556189,34.075929],[139.556213,34.075868],[139.556237,34.075805],[139.556278,34.075732],[139.556395,34.075574],[139.556494,34.075355],[139.556527,34.075255],[139.556513,34.075142],[139.556446,34.07506],[139.556406,34.075015],[139.556402,34.074951],[139.556458,34.074871],[139.556532,34.0748],[139.556631,34.074748],[139.556719,34.074726],[139.556826,34.07471],[139.556953,34.074718],[139.557194,34.074764],[139.557298,34.074739],[139.557343,34.074704],[139.55742,34.074634],[139.557552,34.074531],[139.557687,34.074487],[139.557757,34.074462],[139.557928,34.074417],[139.5581,34.074371],[139.558261,34.07431]]}},{"type":"Feature","properties":{"id":154522613,"highway":"service"},"geometry":{"type":"LineString","coordinates":[[139.549477,34.08031],[139.549527,34.080406],[139.54954,34.08045],[139.549545,34.080506],[139.549512,34.080557],[139.549311,34.080809],[139.549194,34.080959],[139.549179,34.080998],[139.549174,34.08103],[139.549174,34.08107],[139.549182,34.081128],[139.549227,34.081262],[139.549296,34.081392],[139.549352,34.081583],[139.549382,34.081764],[139.549395,34.081817],[139.549412,34.081858],[139.549449,34.081906],[139.549472,34.081936],[139.549497,34.081964],[139.549559,34.082066],[139.549574,34.082104],[139.549587,34.082147],[139.549597,34.082198],[139.549599,34.082393],[139.549605,34.082553],[139.549612,34.082725],[139.549614,34.082767],[139.549619,34.082812],[139.549631,34.082847],[139.549642,34.08289],[139.549674,34.082948],[139.549709,34.083017],[139.549755,34.083097],[139.549756,34.083149],[139.549887,34.083172],[139.550038,34.083192],[139.550297,34.08333],[139.550448,34.083318],[139.550539,34.083271],[139.550646,34.083129],[139.550754,34.08302],[139.550888,34.082998],[139.551032,34.082987],[139.551121,34.083016]]}},{"type":"Feature","properties":{"id":154522620,"highway":"unclassified"},"geometry":{"type":"LineString","coordinates":[[139.529522,34.065129],[139.52945,34.065121],[139.529359,34.065102],[139.529291,34.065066],[139.529208,34.065001],[139.529152,34.064915],[139.529112,34.064827],[139.529075,34.064761],[139.529055,34.064718],[139.529034,34.064701],[139.528997,34.064692],[139.528821,34.064681],[139.528709,34.064679],[139.528659,34.064697],[139.528639,34.064715],[139.528622,34.064742],[139.528615,34.064791],[139.528603,34.065013],[139.52861,34.065125],[139.528601,34.065227],[139.528606,34.065347],[139.528614,34.065425],[139.528624,34.065527],[139.528623,34.065681],[139.528623,34.065774],[139.528589,34.065847],[139.528532,34.065912],[139.528468,34.065944],[139.528378,34.065948],[139.528261,34.065942],[139.528208,34.065916],[139.528153,34.06585],[139.528094,34.065814],[139.528025,34.065808],[139.527947,34.065821],[139.527889,34.065821],[139.527854,34.065805],[139.527787,34.065736],[139.52754,34.06549],[139.527447,34.065412],[139.527374,34.065396],[139.52732,34.065399],[139.527223,34.065427],[139.527083,34.065472],[139.527017,34.065505],[139.526956,34.065533],[139.526888,34.065542],[139.526846,34.06554],[139.526773,34.065516],[139.526689,34.065459],[139.526545,34.065369],[139.526464,34.065337],[139.526392,34.065333],[139.526256,34.065334],[139.526192,34.065351],[139.52613,34.065391],[139.526043,34.065449],[139.525956,34.065506],[139.525878,34.065519],[139.525814,34.065505],[139.525751,34.065476],[139.525683,34.065453],[139.525619,34.065476],[139.525562,34.065529],[139.525561,34.065582],[139.525573,34.065643],[139.525593,34.065723],[139.525593,34.065802],[139.525574,34.065858],[139.525524,34.065928],[139.52547,34.065971],[139.525411,34.066027],[139.525341,34.066063],[139.525239,34.066077],[139.525116,34.066076],[139.524933,34.066072],[139.524848,34.066046],[139.524751,34.06599],[139.52455,34.065782],[139.524307,34.065534],[139.524219,34.065394],[139.524136,34.065203],[139.524091,34.065067],[139.524076,34.064986],[139.524039,34.064924],[139.523969,34.064905],[139.523912,34.064912],[139.523874,34.064979],[139.523846,34.065102],[139.52382,34.06519],[139.523761,34.06527],[139.523591,34.065446],[139.523561,34.0655],[139.523541,34.065599],[139.523533,34.065678],[139.523533,34.0659],[139.523517,34.065978],[139.523476,34.066037],[139.523423,34.066063],[139.523333,34.066073],[139.523211,34.066065],[139.523084,34.066031],[139.522934,34.065989]]}},{"type":"Feature","properties":{"id":154523912,"highway":"unclassified"},"geometry":{"type":"LineString","coordinates":[[139.548744,34.063642],[139.549018,34.063579],[139.549171,34.063542],[139.549254,34.063508],[139.549307,34.063472],[139.549355,34.063434],[139.549407,34.063378],[139.549472,34.063292],[139.54951,34.063229]]}},{"type":"Feature","properties":{"id":154523983,"highway":"unclassified"},"geometry":{"type":"LineString","coordinates":[[139.545636,34.099609],[139.545615,34.099731],[139.545615,34.099788],[139.545648,34.099842],[139.545967,34.100145],[139.546024,34.100198],[139.546037,34.100241],[139.546023,34.100298],[139.545965,34.100346],[139.545888,34.100383],[139.545749,34.100424],[139.545414,34.100555],[139.545336,34.100641],[139.545321,34.100749],[139.54537,34.100893],[139.545366,34.101107],[139.545406,34.101163],[139.545548,34.101283],[139.545683,34.101375],[139.545749,34.101457],[139.5459,34.101712],[139.54593,34.101746],[139.545989,34.101771],[139.546078,34.101788],[139.5463,34.101836],[139.546496,34.10184],[139.546588,34.101866],[139.546634,34.101908],[139.546653,34.101954],[139.546653,34.102023],[139.546628,34.102096],[139.546585,34.102187],[139.546535,34.102278],[139.546508,34.102323],[139.546493,34.102354],[139.546488,34.10239],[139.546501,34.102424],[139.546519,34.102443],[139.546553,34.102455],[139.546581,34.102461],[139.54662,34.102471],[139.546771,34.102483],[139.54685,34.102514],[139.546891,34.102565],[139.546919,34.102643],[139.546955,34.102851],[139.547045,34.103085],[139.547077,34.103264],[139.547092,34.103812],[139.547053,34.103917],[139.546976,34.103986],[139.546572,34.104274],[139.546497,34.104312],[139.546319,34.104366],[139.546269,34.104401],[139.546243,34.104465],[139.546233,34.104762],[139.546251,34.104826],[139.546279,34.104884],[139.546326,34.104939],[139.546419,34.105007],[139.546544,34.105065],[139.546596,34.105096],[139.546641,34.105155],[139.546661,34.105211],[139.546655,34.10528],[139.546619,34.105346],[139.546545,34.105412],[139.546462,34.10548]]}},{"type":"Feature","properties":{"id":154523994,"highway":"unclassified"},"geometry":{"type":"LineString","coordinates":[[139.540323,34.058257],[139.540256,34.058224],[139.54021,34.058214],[139.540129,34.058215],[139.539969,34.058234],[139.539754,34.058262],[139.539587,34.058296],[139.53928,34.058382],[139.539227,34.058407],[139.539171,34.058477],[139.539091,34.05856],[139.538984,34.058646]]}},{"type":"Feature","properties":{"id":154524000,"highway":"unclassified"},"geometry":{"type":"LineString","coordinates":[[139.543443,34.063405],[139.54362,34.063549],[139.543736,34.063642],[139.543816,34.063685],[139.543938,34.063753],[139.54419,34.063855],[139.544435,34.063945],[139.544541,34.063989],[139.544643,34.064066],[139.544749,34.064155],[139.544864,34.064225],[139.545056,34.064295]]}},{"type":"Feature","properties":{"id":154524018,"highway":"secondary"},"geometry":{"type":"LineString","coordinates":[[139.535357,34.057524],[139.535318,34.057492],[139.535294,34.057462],[139.535173,34.057171],[139.535017,34.05694],[139.534881,34.056748],[139.534767,34.056599],[139.534416,34.056258],[139.534104,34.056006],[139.533975,34.055898],[139.533868,34.055799],[139.533696,34.055606],[139.533516,34.055402],[139.533399,34.05532],[139.533135,34.055187],[139.532906,34.055078],[139.532861,34.055037],[139.532785,34.05495],[139.532714,34.054842],[139.53266,34.054698],[139.532639,34.054569],[139.532605,34.054503],[139.532541,34.05443],[139.532459,34.054309],[139.532417,34.054156],[139.532402,34.053981],[139.532331,34.053647],[139.532224,34.053187],[139.532168,34.053024],[139.532097,34.052874],[139.53199,34.052709],[139.531784,34.052377],[139.531623,34.052114],[139.531531,34.05197],[139.531435,34.051849],[139.531292,34.05172],[139.53106,34.051583],[139.530921,34.051516],[139.530677,34.051406],[139.530554,34.051353],[139.53044,34.051318],[139.530296,34.051265],[139.530136,34.051235],[139.53003,34.051237],[139.529769,34.051277],[139.529622,34.051345],[139.529513,34.051417],[139.529301,34.051582],[139.529136,34.051675],[139.528954,34.051745],[139.528847,34.051766],[139.528664,34.051751]]}},{"type":"Feature","properties":{"id":154524032,"highway":"secondary"},"geometry":{"type":"LineString","coordinates":[[139.562663,34.078839],[139.562749,34.078865],[139.562842,34.078919],[139.562957,34.079019],[139.563057,34.079175],[139.563081,34.079232],[139.5631,34.079294],[139.563111,34.079327]]}},{"type":"Feature","properties":{"id":154524069,"highway":"secondary"},"geometry":{"type":"LineString","coordinates":[[139.562663,34.078839],[139.56255,34.078921],[139.562379,34.079055],[139.562298,34.079119],[139.562083,34.079297],[139.561809,34.079491],[139.561639,34.079603],[139.561206,34.079812],[139.561071,34.079858],[139.560963,34.079878],[139.560607,34.079927],[139.560154,34.079986],[139.560044,34.080004],[139.559751,34.080132],[139.559683,34.080163]]}},{"type":"Feature","properties":{"id":154524072,"highway":"secondary"},"geometry":{"type":"LineString","coordinates":[[139.559638,34.096194],[139.559385,34.096502],[139.559339,34.096593],[139.559295,34.096734],[139.559218,34.097232],[139.559192,34.09737],[139.559179,34.097423],[139.559143,34.097494],[139.559086,34.097539],[139.558999,34.097589],[139.558892,34.097609],[139.558731,34.09761],[139.558323,34.097612],[139.557862,34.097589],[139.557762,34.097587],[139.557672,34.0976],[139.557601,34.097683],[139.557597,34.097787],[139.557621,34.097842],[139.557685,34.097869],[139.557755,34.097887],[139.557873,34.097909],[139.558059,34.097947],[139.55821,34.098006],[139.558352,34.098071],[139.558481,34.098168],[139.558581,34.098263],[139.558683,34.098407],[139.558752,34.098488],[139.55883,34.098554],[139.558892,34.098579],[139.558955,34.098584],[139.55904,34.098571],[139.559111,34.098538],[139.559305,34.098348],[139.559363,34.098318],[139.559431,34.098297],[139.559479,34.098299],[139.55958,34.098319],[139.559682,34.098355],[139.559758,34.098441],[139.559784,34.098508],[139.55979,34.098596],[139.559747,34.098689],[139.559696,34.098798],[139.559484,34.099173],[139.559357,34.099326],[139.558885,34.099875],[139.558839,34.099994],[139.558819,34.100105],[139.558836,34.100228],[139.558901,34.100383],[139.559528,34.10108],[139.559921,34.101518],[139.559982,34.101607],[139.560029,34.101711],[139.560024,34.101861],[139.559977,34.102058],[139.559963,34.102084],[139.559176,34.104498],[139.558944,34.105207]]}},{"type":"Feature","properties":{"id":154524112,"highway":"secondary"},"geometry":{"type":"LineString","coordinates":[[139.557618,34.076774],[139.557612,34.076834],[139.557596,34.076974],[139.557579,34.077066],[139.557574,34.077147],[139.557577,34.077236],[139.557585,34.077332],[139.557619,34.077429],[139.557669,34.077516],[139.557741,34.077608],[139.55791,34.077813],[139.558249,34.078236],[139.558386,34.078421],[139.558529,34.078652],[139.558626,34.078843],[139.558793,34.079113],[139.55893,34.079262],[139.559117,34.079436],[139.55926,34.079573],[139.559343,34.079683],[139.559564,34.079999],[139.559629,34.080087],[139.559683,34.080163]]}},{"type":"Feature","properties":{"id":154524135,"highway":"secondary"},"geometry":{"type":"LineString","coordinates":[[139.561512,34.087336],[139.561677,34.087516],[139.561775,34.087585],[139.561893,34.087628],[139.562372,34.08774],[139.562473,34.087796],[139.562554,34.087862],[139.562638,34.088029],[139.562648,34.088119],[139.562648,34.088355],[139.562645,34.088555],[139.562632,34.088676],[139.562595,34.088816],[139.562576,34.088888],[139.562399,34.089633],[139.56237,34.089783],[139.562372,34.089888],[139.562402,34.090051],[139.56252,34.090492],[139.562549,34.090599],[139.562554,34.090681],[139.562546,34.090834],[139.562515,34.09094],[139.562424,34.091082],[139.562318,34.091203],[139.562181,34.091307],[139.561525,34.091713]]}},{"type":"Feature","properties":{"id":154524205,"highway":"secondary"},"geometry":{"type":"LineString","coordinates":[[139.546669,34.060822],[139.546479,34.060768],[139.546355,34.060705],[139.546237,34.060658],[139.546108,34.060634],[139.545993,34.060619],[139.545854,34.060579],[139.545847,34.060578],[139.545622,34.060539],[139.545534,34.06046],[139.545441,34.060381],[139.5453,34.060253],[139.545131,34.060145],[139.545089,34.060118],[139.544984,34.060067],[139.54486,34.060037],[139.544813,34.060026],[139.544608,34.059983],[139.544413,34.059942],[139.544279,34.059883],[139.544252,34.059867],[139.544177,34.05982],[139.544023,34.059712],[139.543882,34.05964],[139.543787,34.059597],[139.543716,34.059564],[139.543606,34.059503],[139.543457,34.059416],[139.543328,34.059343],[139.54329,34.05931],[139.543233,34.059262],[139.543096,34.05912],[139.543011,34.059026],[139.54293,34.058968],[139.542866,34.058921],[139.542747,34.05885],[139.542657,34.058796],[139.542576,34.058749],[139.542454,34.058684],[139.542346,34.0586],[139.542247,34.058528],[139.542147,34.058448],[139.542049,34.058375],[139.54198,34.058322],[139.54184,34.058221],[139.54168,34.058111],[139.541499,34.058003],[139.541466,34.05798],[139.541435,34.057958],[139.541255,34.057847],[139.541132,34.057745],[139.541029,34.05767],[139.540967,34.057629],[139.540907,34.057611],[139.540763,34.057601],[139.540632,34.057593],[139.540479,34.057576],[139.540354,34.057552],[139.540252,34.057497],[139.540075,34.057416],[139.539942,34.057368],[139.539814,34.057331],[139.539724,34.0573],[139.539634,34.057268],[139.539492,34.057223],[139.539461,34.05722],[139.539431,34.057215],[139.539378,34.057216],[139.539211,34.057244],[139.539079,34.057282],[139.538851,34.057346],[139.53868,34.057421],[139.538534,34.057529],[139.538441,34.057577],[139.538391,34.0576],[139.538161,34.057649]]}},{"type":"Feature","properties":{"id":154524260,"highway":"secondary"},"geometry":{"type":"LineString","coordinates":[[139.528664,34.051751],[139.528566,34.051723],[139.528473,34.051693],[139.528326,34.051613],[139.528166,34.051544],[139.527972,34.051445],[139.527782,34.051338],[139.527629,34.051267],[139.527497,34.051193],[139.527444,34.051162],[139.527298,34.051079],[139.527031,34.050845],[139.526738,34.050521],[139.526545,34.050301],[139.526316,34.050097],[139.526202,34.050031],[139.526007,34.049947],[139.525809,34.049899],[139.525529,34.049889],[139.52536,34.049913],[139.525159,34.049961],[139.524913,34.050087],[139.524705,34.050195],[139.524589,34.050275],[139.524483,34.05032],[139.524365,34.050359],[139.524244,34.050382],[139.524106,34.050385],[139.523854,34.050355],[139.523626,34.050285],[139.523416,34.050229],[139.523314,34.050203],[139.523123,34.050169],[139.522942,34.050159],[139.522752,34.050175],[139.522592,34.050211],[139.522385,34.050303],[139.5221,34.050519],[139.521834,34.050761],[139.521638,34.050921],[139.52152,34.051033],[139.521407,34.051099],[139.521286,34.051143],[139.521148,34.051161],[139.520979,34.051167],[139.520834,34.051145],[139.520697,34.051099],[139.520561,34.051033],[139.520472,34.050949],[139.520404,34.050863],[139.520151,34.050481],[139.519965,34.050303],[139.519636,34.050053],[139.519559,34.049993],[139.519426,34.049949],[139.519185,34.049949],[139.518673,34.049985],[139.518597,34.049985],[139.518101,34.049989],[139.517837,34.049983],[139.517412,34.049911],[139.517176,34.049869],[139.516985,34.049883],[139.516926,34.04989],[139.516814,34.049903],[139.516616,34.049915],[139.516529,34.049915],[139.516401,34.049881],[139.516241,34.049857],[139.516088,34.049841]]}},{"type":"Feature","properties":{"id":154524261,"highway":"secondary"},"geometry":{"type":"LineString","coordinates":[[139.543498,34.058154],[139.543609,34.058216],[139.543723,34.058273]]}},{"type":"Feature","properties":{"id":154524262,"highway":"secondary"},"geometry":{"type":"LineString","coordinates":[[139.543723,34.058273],[139.543985,34.058346],[139.544185,34.058408]]}},{"type":"Feature","properties":{"id":154524263,"highway":"secondary"},"geometry":{"type":"LineString","coordinates":[[139.542456,34.056816],[139.542387,34.056791],[139.542323,34.056791],[139.542247,34.05684],[139.542232,34.056904],[139.542234,34.056943],[139.542287,34.057012],[139.542526,34.057311],[139.542721,34.057521],[139.542812,34.057616],[139.542938,34.057715],[139.543329,34.058029],[139.543498,34.058154]]}},{"type":"Feature","properties":{"id":154524264,"highway":"secondary"},"geometry":{"type":"LineString","coordinates":[[139.546669,34.060822],[139.546731,34.060728],[139.54682,34.060597],[139.546934,34.06041],[139.546959,34.060358],[139.546984,34.060307],[139.546985,34.060255],[139.546958,34.060201],[139.546899,34.060149],[139.54673,34.059992],[139.546638,34.059911],[139.546616,34.059892],[139.546492,34.059768],[139.546418,34.059686],[139.546322,34.059572]]}},{"type":"Feature","properties":{"id":154524265,"highway":"secondary"},"geometry":{"type":"LineString","coordinates":[[139.546322,34.059572],[139.546316,34.059481],[139.546312,34.059402],[139.546287,34.059339],[139.546273,34.059321],[139.546253,34.059294],[139.546099,34.059192],[139.545902,34.05914],[139.545804,34.059117],[139.545704,34.059082],[139.545574,34.059016],[139.545295,34.05887],[139.54505,34.058744],[139.544935,34.058704],[139.544757,34.058663],[139.544555,34.058621],[139.544494,34.058596],[139.544442,34.058569],[139.544308,34.058481],[139.544185,34.058408]]}},{"type":"Feature","properties":{"id":369912735,"highway":"residential"},"geometry":{"type":"LineString","coordinates":[[139.542595,34.057966],[139.542548,34.058055],[139.542518,34.058092],[139.542436,34.058122],[139.542364,34.058147],[139.542289,34.058183],[139.542223,34.058218],[139.542173,34.05826],[139.542081,34.058351],[139.542049,34.058375]]}},{"type":"Feature","properties":{"id":369912737,"highway":"residential"},"geometry":{"type":"LineString","coordinates":[[139.543898,34.06052],[139.543905,34.060544],[139.543886,34.060612],[139.54386,34.060704],[139.543831,34.060771],[139.54381,34.060837],[139.543805,34.060867],[139.543812,34.060899],[139.543837,34.060925],[139.543887,34.060964],[139.543927,34.060992],[139.54396,34.061013]]}},{"type":"Feature","properties":{"id":369912739,"highway":"residential"},"geometry":{"type":"LineString","coordinates":[[139.541317,34.058143],[139.541466,34.05798]]}},{"type":"Feature","properties":{"id":370052438,"highway":"residential"},"geometry":{"type":"LineString","coordinates":[[139.546638,34.059911],[139.546575,34.059962],[139.5465,34.060019],[139.546414,34.060081],[139.546367,34.060119],[139.546329,34.060157],[139.546274,34.060219],[139.546213,34.06028],[139.546163,34.060313],[139.546092,34.060347],[139.546023,34.060393],[139.54598,34.060428],[139.545925,34.060481],[139.545888,34.060524],[139.545859,34.060554],[139.545847,34.060578]]}},{"type":"Feature","properties":{"id":370052439,"highway":"residential"},"geometry":{"type":"LineString","coordinates":[[139.54293,34.058968],[139.543008,34.058891],[139.543125,34.058757]]}},{"type":"Feature","properties":{"id":370052440,"highway":"residential"},"geometry":{"type":"LineString","coordinates":[[139.542747,34.05885],[139.542683,34.058907],[139.542638,34.058961],[139.542593,34.059022],[139.542562,34.059052]]}},{"type":"Feature","properties":{"id":370052441,"highway":"residential"},"geometry":{"type":"LineString","coordinates":[[139.543096,34.05912],[139.542987,34.059204],[139.542948,34.059251],[139.542894,34.059294],[139.542835,34.059332],[139.542766,34.059379]]}},{"type":"Feature","properties":{"id":370052442,"highway":"residential"},"geometry":{"type":"LineString","coordinates":[[139.54329,34.05931],[139.54324,34.059349],[139.543177,34.059389],[139.543095,34.05945],[139.542961,34.05956],[139.542813,34.05968],[139.542729,34.059746],[139.542686,34.059797],[139.542667,34.059825]]}},{"type":"Feature","properties":{"id":370458557,"highway":"service"},"geometry":{"type":"LineString","coordinates":[[139.546959,34.060358],[139.547084,34.060411],[139.547176,34.060428],[139.547267,34.060407],[139.547344,34.060338],[139.547352,34.060254],[139.547346,34.060176],[139.547385,34.060104],[139.547472,34.060027],[139.547557,34.05995],[139.547609,34.059905]]}},{"type":"Feature","properties":{"id":370458558,"highway":"residential"},"geometry":{"type":"LineString","coordinates":[[139.551467,34.062203],[139.551511,34.062247],[139.551572,34.062319],[139.551604,34.06236],[139.551625,34.062405],[139.551663,34.062473],[139.551697,34.062505],[139.551758,34.062549],[139.551833,34.06259],[139.551931,34.062638],[139.552091,34.062705]]}},{"type":"Feature","properties":{"id":370458559,"highway":"service"},"geometry":{"type":"LineString","coordinates":[[139.548492,34.060402],[139.548453,34.060353],[139.548424,34.060314],[139.548419,34.060293],[139.548437,34.060257],[139.54845,34.060233],[139.548464,34.060213],[139.54847,34.060187],[139.548472,34.060156],[139.548474,34.060132],[139.548486,34.060094],[139.548498,34.060076],[139.548534,34.060053],[139.548559,34.060032],[139.548583,34.060003],[139.548559,34.059947],[139.548547,34.059928]]}},{"type":"Feature","properties":{"id":370458560,"highway":"residential"},"geometry":{"type":"LineString","coordinates":[[139.54505,34.058744],[139.544988,34.058849],[139.544958,34.058916],[139.544939,34.058986],[139.544932,34.059011],[139.544978,34.05907],[139.545029,34.05911],[139.545068,34.059145],[139.545083,34.059219],[139.545084,34.059314],[139.545086,34.059384],[139.54508,34.059463],[139.545065,34.059535],[139.545022,34.059613],[139.544968,34.059732],[139.544927,34.059858],[139.544882,34.059968],[139.54486,34.060037]]}},{"type":"Feature","properties":{"id":370458561,"highway":"residential"},"geometry":{"type":"LineString","coordinates":[[139.547095,34.061029],[139.547207,34.060925],[139.547242,34.060903],[139.547465,34.060815],[139.547607,34.06076],[139.547677,34.06072],[139.547879,34.060617],[139.547956,34.060563],[139.547977,34.060551],[139.548135,34.060666],[139.548167,34.060657],[139.548492,34.060402],[139.548541,34.060428],[139.548602,34.060445],[139.548675,34.060431],[139.548801,34.060317],[139.549014,34.060141],[139.549076,34.060095],[139.549101,34.060086]]}},{"type":"Feature","properties":{"id":370458562,"highway":"service"},"geometry":{"type":"LineString","coordinates":[[139.546273,34.059321],[139.546377,34.059217],[139.546448,34.059116],[139.546489,34.059058],[139.546677,34.058828],[139.546754,34.058726],[139.546813,34.058682],[139.546891,34.058644],[139.546995,34.058611],[139.54708,34.058592],[139.547163,34.05862],[139.547244,34.058677],[139.547308,34.05872],[139.547344,34.058775],[139.547363,34.058849],[139.547417,34.058896],[139.547429,34.058937],[139.547436,34.05896],[139.547466,34.059028],[139.54756,34.059094],[139.547797,34.059285]]}},{"type":"Feature","properties":{"id":370458563,"highway":"unclassified"},"geometry":{"type":"LineString","coordinates":[[139.548726,34.064525],[139.548819,34.064676],[139.548909,34.064799],[139.549029,34.064881],[139.549234,34.065016],[139.54937,34.06511],[139.549448,34.065181],[139.549591,34.065399],[139.549708,34.065529],[139.549818,34.065644],[139.549935,34.065736],[139.550078,34.065828],[139.550285,34.065953],[139.550379,34.066035],[139.550503,34.066164],[139.55066,34.066336],[139.550822,34.06648],[139.55093,34.066584],[139.55098,34.066654],[139.551045,34.066779]]}},{"type":"Feature","properties":{"id":370458564,"highway":"residential"},"geometry":{"type":"LineString","coordinates":[[139.549808,34.060484],[139.54959,34.060303],[139.549533,34.060255],[139.549449,34.060236],[139.549363,34.060226],[139.549298,34.06021],[139.549232,34.060173],[139.549152,34.060126],[139.549101,34.060086],[139.549093,34.060047],[139.549138,34.059973],[139.549194,34.059908],[139.54932,34.059782],[139.549515,34.059573],[139.549605,34.059472],[139.549653,34.059421],[139.549777,34.059366],[139.549881,34.059319],[139.549996,34.059271],[139.550018,34.05926],[139.550082,34.059229],[139.550161,34.059179],[139.550224,34.059145],[139.550312,34.059122],[139.550388,34.059112],[139.550499,34.059103]]}},{"type":"Feature","properties":{"id":370458565,"highway":"residential"},"geometry":{"type":"LineString","coordinates":[[139.55139,34.062149],[139.551467,34.062203]]}},{"type":"Feature","properties":{"id":370458566,"highway":"unclassified"},"geometry":{"type":"LineString","coordinates":[[139.548678,34.064438],[139.548726,34.064525]]}},{"type":"Feature","properties":{"id":370458567,"highway":"service"},"geometry":{"type":"LineString","coordinates":[[139.547363,34.058849],[139.547285,34.058922]]}},{"type":"Feature","properties":{"id":370458568,"highway":"service"},"geometry":{"type":"LineString","coordinates":[[139.549919,34.060585],[139.550052,34.060482]]}},{"type":"Feature","properties":{"id":370458569,"highway":"service"},"geometry":{"type":"LineString","coordinates":[[139.550018,34.05926],[139.549704,34.059002]]}},{"type":"Feature","properties":{"id":370458570,"highway":"service"},"geometry":{"type":"LineString","coordinates":[[139.546448,34.059116],[139.546532,34.059109],[139.546663,34.058997]]}},{"type":"Feature","properties":{"id":370458571,"highway":"service"},"geometry":{"type":"LineString","coordinates":[[139.547429,34.058937],[139.547584,34.058903],[139.54764,34.058861],[139.547682,34.058782],[139.547791,34.058662]]}},{"type":"Feature","properties":{"id":370458572,"highway":"service"},"geometry":{"type":"LineString","coordinates":[[139.544252,34.059867],[139.544337,34.05976],[139.544387,34.059695],[139.544413,34.059641],[139.544448,34.059527],[139.544494,34.059439],[139.544548,34.05936],[139.544559,34.059324]]}},{"type":"Feature","properties":{"id":370458573,"highway":"service"},"geometry":{"type":"LineString","coordinates":[[139.543787,34.059597],[139.543842,34.059509],[139.543886,34.059427],[139.543918,34.059385],[139.54396,34.059355],[139.544004,34.059314],[139.544054,34.059261],[139.544119,34.059182]]}},{"type":"Feature","properties":{"id":370538259,"highway":"service"},"geometry":{"type":"LineString","coordinates":[[139.564193,34.079559],[139.564285,34.079721],[139.564368,34.079877],[139.564795,34.079926],[139.564858,34.079928],[139.564897,34.07992],[139.564921,34.079861],[139.564933,34.079776],[139.564943,34.079696],[139.564952,34.079618]]}},{"type":"Feature","properties":{"id":370538260,"highway":"service"},"geometry":{"type":"LineString","coordinates":[[139.563111,34.079327],[139.563144,34.079442],[139.563188,34.079569],[139.563238,34.079713],[139.563275,34.079802],[139.563328,34.079867],[139.563415,34.079922],[139.563501,34.079964],[139.563657,34.080001],[139.563815,34.080032],[139.564003,34.080064],[139.564325,34.080109],[139.564551,34.080123],[139.564775,34.080143],[139.565168,34.080176],[139.566517,34.080312],[139.568942,34.080557],[139.569232,34.080863]]}},{"type":"Feature","properties":{"id":370538261,"highway":"service"},"geometry":{"type":"LineString","coordinates":[[139.563111,34.079327],[139.563247,34.079424],[139.563353,34.079476],[139.563438,34.0795],[139.56354,34.079511],[139.5637,34.079495],[139.563881,34.079474],[139.564011,34.079457],[139.564139,34.079441],[139.564306,34.07943],[139.564422,34.079427],[139.564556,34.079438],[139.56472,34.079455],[139.564919,34.079474],[139.564974,34.07948],[139.565083,34.07949],[139.565189,34.079502],[139.565235,34.079532],[139.565259,34.079576],[139.565231,34.079763],[139.565212,34.079915],[139.565187,34.080048],[139.565168,34.080176]]}},{"type":"Feature","properties":{"id":370538262,"highway":"service"},"geometry":{"type":"LineString","coordinates":[[139.564139,34.079441],[139.564193,34.079559]]}},{"type":"Feature","properties":{"id":370538263,"highway":"service"},"geometry":{"type":"LineString","coordinates":[[139.564952,34.079618],[139.564974,34.07948]]}},{"type":"Feature","properties":{"id":370538264,"highway":"service"},"geometry":{"type":"LineString","coordinates":[[139.564285,34.079721],[139.564332,34.079719],[139.564618,34.079746],[139.564933,34.079776]]}},{"type":"Feature","properties":{"id":370538265,"highway":"service"},"geometry":{"type":"LineString","coordinates":[[139.564193,34.079559],[139.564253,34.07955],[139.564478,34.079573],[139.564682,34.079597],[139.564873,34.079613],[139.564952,34.079618]]}},{"type":"Feature","properties":{"id":370573680,"highway":"service"},"geometry":{"type":"LineString","coordinates":[[139.55795,34.07164],[139.557998,34.071687],[139.558022,34.071748],[139.558245,34.072286]]}},{"type":"Feature","properties":{"id":370573682,"highway":"service"},"geometry":{"type":"LineString","coordinates":[[139.557717,34.071731],[139.557852,34.07167],[139.55795,34.07164],[139.558008,34.071642],[139.55809,34.071666],[139.558157,34.071698],[139.558186,34.071765],[139.558234,34.071866],[139.558257,34.071929],[139.558324,34.072087],[139.558438,34.072059],[139.558403,34.071974],[139.558257,34.071929]]}},{"type":"Feature","properties":{"id":436099102,"highway":"service"},"geometry":{"type":"LineString","coordinates":[[139.520547,34.053544],[139.520595,34.053568],[139.520667,34.053588],[139.520691,34.053615],[139.520691,34.053649],[139.520583,34.053934],[139.520474,34.054178],[139.520383,34.054261],[139.520254,34.054372],[139.520158,34.054495],[139.520033,34.054646],[139.519986,34.054721],[139.519948,34.054809],[139.519903,34.054938]]}},{"type":"Feature","properties":{"id":436099108,"highway":"service"},"geometry":{"type":"LineString","coordinates":[[139.511396,34.049466],[139.51132,34.049635],[139.511261,34.049726],[139.511191,34.049842],[139.511183,34.049917],[139.511223,34.050002],[139.511277,34.050062],[139.511371,34.050115],[139.5115,34.050162],[139.511628,34.050197],[139.511749,34.050226],[139.511808,34.050268],[139.511835,34.050344],[139.511813,34.050424],[139.511738,34.050491],[139.511559,34.050588],[139.511513,34.050644],[139.511473,34.050753],[139.511438,34.050922],[139.51132,34.051131],[139.511175,34.051371],[139.511046,34.051542],[139.511011,34.051624],[139.510993,34.051711],[139.510987,34.051811],[139.510942,34.05198],[139.510896,34.052129],[139.510826,34.052291],[139.510786,34.052377],[139.510773,34.052462],[139.510773,34.052615],[139.510757,34.052837],[139.510757,34.053004],[139.51077,34.053115],[139.510714,34.053237],[139.51069,34.053391],[139.510738,34.053469],[139.510939,34.053742],[139.511103,34.053982],[139.511167,34.054104],[139.511387,34.054693],[139.511478,34.05486],[139.511642,34.055122],[139.511741,34.055313],[139.511811,34.055489],[139.511851,34.055633],[139.511867,34.055711],[139.511851,34.055788],[139.511792,34.055929],[139.511719,34.056084],[139.511666,34.056162],[139.511585,34.056251],[139.511505,34.056328]]}},{"type":"Feature","properties":{"id":436184139,"highway":"secondary"},"geometry":{"type":"LineString","coordinates":[[139.557618,34.076774],[139.557631,34.076675]]}},{"type":"Feature","properties":{"id":436184140,"highway":"secondary"},"geometry":{"type":"LineString","coordinates":[[139.535428,34.057589],[139.535357,34.057524]]}},{"type":"Feature","properties":{"id":436184141,"highway":"secondary"},"geometry":{"type":"LineString","coordinates":[[139.535536,34.057627],[139.535428,34.057589]]}},{"type":"Feature","properties":{"id":436184142,"highway":"secondary"},"geometry":{"type":"LineString","coordinates":[[139.555666,34.065911],[139.555561,34.065769]]}},{"type":"Feature","properties":{"id":436184143,"highway":"secondary"},"geometry":{"type":"LineString","coordinates":[[139.555561,34.065769],[139.55532,34.065586],[139.555057,34.065385],[139.554838,34.065214],[139.554716,34.065105],[139.554612,34.064973],[139.554491,34.064786],[139.554379,34.064559],[139.554319,34.064484],[139.554238,34.064414],[139.554141,34.064352],[139.553819,34.064227],[139.553658,34.064185],[139.553429,34.064133],[139.553292,34.064106],[139.553155,34.064082],[139.553104,34.064073],[139.552864,34.064018],[139.552669,34.063985],[139.552553,34.063965],[139.552439,34.063949],[139.5523,34.063928],[139.551903,34.063872],[139.551364,34.063822],[139.5511,34.063812],[139.550938,34.063808],[139.550759,34.063798],[139.550451,34.063773],[139.550348,34.063744],[139.550246,34.0637],[139.550143,34.063612],[139.549992,34.063524],[139.549913,34.063476]]}},{"type":"Feature","properties":{"id":436184144,"highway":"secondary"},"geometry":{"type":"LineString","coordinates":[[139.557631,34.076675],[139.557716,34.076144],[139.557788,34.075719],[139.557851,34.075362],[139.557907,34.075183],[139.558027,34.074879],[139.558166,34.074596],[139.558192,34.074526],[139.55823,34.074427],[139.558261,34.07431],[139.558288,34.074186],[139.558296,34.073991],[139.558296,34.073838],[139.558279,34.073638],[139.558252,34.073329],[139.558242,34.073156],[139.558225,34.073019],[139.558203,34.072697],[139.558191,34.072624],[139.558178,34.072568],[139.558104,34.072389],[139.557926,34.072086],[139.557776,34.071841],[139.557717,34.071731],[139.557707,34.071712],[139.557542,34.07135],[139.557451,34.071176],[139.557332,34.070892],[139.557166,34.070545],[139.557048,34.070331],[139.556879,34.070024],[139.556733,34.06976],[139.556625,34.069559],[139.556548,34.069405],[139.556498,34.069191],[139.556495,34.069074],[139.556544,34.068877],[139.556637,34.068547],[139.556649,34.068308],[139.556635,34.068061],[139.556601,34.067713],[139.556575,34.067499],[139.556542,34.067346],[139.556513,34.067252],[139.55645,34.06711],[139.556216,34.066818],[139.556048,34.066593],[139.555996,34.066513],[139.555942,34.06642],[139.555865,34.066278],[139.555762,34.066058],[139.555666,34.065911]]}},{"type":"Feature","properties":{"id":436184148,"highway":"service"},"geometry":{"type":"LineString","coordinates":[[139.535961,34.064306],[139.536195,34.06419],[139.537069,34.063939],[139.537211,34.063819],[139.537394,34.063588],[139.537455,34.063521],[139.537453,34.06347],[139.536133,34.061981],[139.535894,34.061784],[139.535731,34.061728],[139.53557,34.061801],[139.535293,34.061724],[139.535283,34.06135],[139.535481,34.061004],[139.535615,34.06083],[139.535625,34.060629],[139.535634,34.060466],[139.53565,34.060393],[139.535696,34.060326],[139.53583,34.06013],[139.53605,34.059653],[139.536696,34.059095],[139.536928,34.058549],[139.537117,34.058284],[139.537215,34.058031],[139.53729,34.057808]]}},{"type":"Feature","properties":{"id":436184149,"highway":"unclassified"},"geometry":{"type":"LineString","coordinates":[[139.535818,34.055502],[139.535964,34.055377],[139.536066,34.055279],[139.536138,34.055135],[139.536289,34.054928],[139.53675,34.054477],[139.53701,34.054266],[139.537069,34.054173],[139.53708,34.05408],[139.537094,34.054032],[139.537168,34.053978],[139.537218,34.053966],[139.537295,34.053971],[139.537355,34.054004],[139.537384,34.05406],[139.537425,34.054257],[139.537503,34.054339],[139.53764,34.054428],[139.537736,34.054459],[139.538004,34.054454]]}},{"type":"Feature","properties":{"id":436184150,"highway":"unclassified"},"geometry":{"type":"LineString","coordinates":[[139.535476,34.060637],[139.535625,34.060629]]}},{"type":"Feature","properties":{"id":436184151,"highway":"unclassified"},"geometry":{"type":"LineString","coordinates":[[139.557498,34.065732],[139.557556,34.06584]]}},{"type":"Feature","properties":{"id":436184152,"highway":"unclassified"},"geometry":{"type":"LineString","coordinates":[[139.534767,34.056599],[139.535339,34.056246]]}},{"type":"Feature","properties":{"id":436184153,"highway":"unclassified"},"geometry":{"type":"LineString","coordinates":[[139.535339,34.056246],[139.53546,34.056175]]}},{"type":"Feature","properties":{"id":436184154,"highway":"unclassified"},"geometry":{"type":"LineString","coordinates":[[139.557556,34.06584],[139.557606,34.065908],[139.557787,34.066092]]}},{"type":"Feature","properties":{"id":436184156,"highway":"unclassified"},"geometry":{"type":"LineString","coordinates":[[139.538004,34.054454],[139.537999,34.054376],[139.537961,34.054195],[139.537961,34.054112],[139.538094,34.05394],[139.538317,34.05372]]}},{"type":"Feature","properties":{"id":436223318,"highway":"secondary"},"geometry":{"type":"LineString","coordinates":[[139.560158,34.080774],[139.560245,34.080838],[139.560451,34.080976],[139.560646,34.081106],[139.560805,34.081214],[139.561057,34.081381],[139.561235,34.081525],[139.561287,34.08158],[139.56131,34.081625],[139.561333,34.081703],[139.561323,34.081778],[139.561296,34.081843],[139.561258,34.08189],[139.56124,34.081915],[139.561212,34.081938],[139.561169,34.081961],[139.56111,34.081977],[139.560981,34.081982],[139.560763,34.081985],[139.560638,34.081988],[139.560515,34.081998],[139.560384,34.082016],[139.560209,34.082048],[139.560068,34.082084],[139.559903,34.082142],[139.559793,34.082202],[139.559736,34.082253],[139.559695,34.0823],[139.559667,34.082348],[139.559637,34.082411],[139.55962,34.082465],[139.5596,34.082541],[139.559594,34.082703],[139.5596,34.082883],[139.559613,34.082954],[139.559644,34.083062],[139.559684,34.083163],[139.559796,34.083311],[139.559999,34.083585],[139.560018,34.083621]]}},{"type":"Feature","properties":{"id":436223319,"highway":"secondary"},"geometry":{"type":"LineString","coordinates":[[139.560356,34.093217],[139.560474,34.093339],[139.56074,34.093613],[139.561044,34.093857],[139.561149,34.09397],[139.561263,34.094124],[139.561307,34.094217],[139.56133,34.094311],[139.561355,34.094532],[139.561421,34.095047],[139.561417,34.095132],[139.561397,34.095218],[139.561368,34.095286],[139.561315,34.095358],[139.561231,34.095432],[139.561136,34.095485],[139.560263,34.095785],[139.560064,34.095852],[139.559919,34.095923],[139.559772,34.096037]]}},{"type":"Feature","properties":{"id":436223320,"highway":"secondary"},"geometry":{"type":"LineString","coordinates":[[139.559772,34.096037],[139.559638,34.096194]]}},{"type":"Feature","properties":{"id":436223322,"highway":"secondary"},"geometry":{"type":"LineString","coordinates":[[139.560215,34.09259],[139.560182,34.092689]]}},{"type":"Feature","properties":{"id":436223323,"highway":"secondary"},"geometry":{"type":"LineString","coordinates":[[139.560268,34.093085],[139.560356,34.093217]]}},{"type":"Feature","properties":{"id":436223325,"highway":"secondary"},"geometry":{"type":"LineString","coordinates":[[139.561425,34.08723],[139.561512,34.087336]]}},{"type":"Feature","properties":{"id":436223326,"highway":"secondary"},"geometry":{"type":"LineString","coordinates":[[139.561525,34.091713],[139.561282,34.091821]]}},{"type":"Feature","properties":{"id":436223328,"highway":"secondary"},"geometry":{"type":"LineString","coordinates":[[139.561282,34.091821],[139.561003,34.091887],[139.560825,34.091943],[139.560646,34.09205],[139.560554,34.092129],[139.560458,34.092241],[139.560267,34.092481],[139.560236,34.092544],[139.560215,34.09259]]}},{"type":"Feature","properties":{"id":436223329,"highway":"secondary"},"geometry":{"type":"LineString","coordinates":[[139.560182,34.092689],[139.560172,34.092863],[139.560205,34.092992],[139.560268,34.093085]]}},{"type":"Feature","properties":{"id":436223337,"highway":"unclassified"},"geometry":{"type":"LineString","coordinates":[[139.558311,34.085064],[139.558136,34.084794],[139.558042,34.084634],[139.558033,34.084542],[139.558089,34.084338],[139.558108,34.08416],[139.558177,34.083988],[139.558233,34.083927],[139.558288,34.083909],[139.558617,34.083901],[139.558734,34.083924],[139.558888,34.083993],[139.559315,34.084252]]}},{"type":"Feature","properties":{"id":436223343,"highway":"unclassified"},"geometry":{"type":"LineString","coordinates":[[139.554875,34.086183],[139.554472,34.086424],[139.554396,34.086415],[139.55433,34.08638],[139.554306,34.086312]]}},{"type":"Feature","properties":{"id":436231952,"highway":"service"},"geometry":{"type":"LineString","coordinates":[[139.552486,34.077008],[139.552327,34.077014],[139.552075,34.07699],[139.551897,34.076952],[139.55174,34.076914],[139.551612,34.076903],[139.551518,34.076894],[139.551412,34.076896],[139.551287,34.076909],[139.551171,34.076921],[139.550983,34.076948],[139.550861,34.077008],[139.550497,34.077268],[139.550343,34.077405],[139.550234,34.077587],[139.550098,34.077832],[139.549901,34.078118],[139.549672,34.078408],[139.549431,34.07867],[139.549252,34.078854],[139.549162,34.078873],[139.548968,34.079038],[139.548635,34.079191]]}},{"type":"Feature","properties":{"id":436318382,"highway":"unclassified"},"geometry":{"type":"LineString","coordinates":[[139.54621,34.06483],[139.546135,34.064897],[139.546076,34.065055],[139.546006,34.065157],[139.545923,34.065234],[139.545479,34.065414],[139.545442,34.065436],[139.54543,34.065477],[139.545494,34.065649],[139.545538,34.065702],[139.545624,34.065752],[139.545782,34.065798]]}},{"type":"Feature","properties":{"id":436318383,"highway":"unclassified"},"geometry":{"type":"LineString","coordinates":[[139.543151,34.062082],[139.543153,34.061962],[139.543125,34.061807],[139.543071,34.061667],[139.543046,34.061467],[139.543,34.061245],[139.542876,34.061022],[139.54275,34.060874],[139.54254,34.060581],[139.54237,34.060418],[139.542197,34.060204],[139.541989,34.05999]]}},{"type":"Feature","properties":{"id":436318384,"highway":"unclassified"},"geometry":{"type":"LineString","coordinates":[[139.540976,34.058821],[139.541199,34.059006],[139.541425,34.059208],[139.54155,34.059467],[139.541825,34.059897],[139.541882,34.059953],[139.541989,34.05999],[139.542349,34.059821],[139.542427,34.059769]]}},{"type":"Feature","properties":{"id":436627760,"highway":"unclassified"},"geometry":{"type":"LineString","coordinates":[[139.509546,34.072362],[139.509638,34.072326]]}},{"type":"Feature","properties":{"id":436627762,"highway":"residential"},"geometry":{"type":"LineString","coordinates":[[139.503119,34.083016],[139.503264,34.083],[139.503863,34.083025]]}},{"type":"Feature","properties":{"id":436627765,"highway":"unclassified"},"geometry":{"type":"LineString","coordinates":[[139.509638,34.072326],[139.510178,34.072083],[139.510707,34.071852],[139.511581,34.071607],[139.51177,34.071495],[139.511971,34.071334],[139.512135,34.071275],[139.512553,34.07124]]}},{"type":"Feature","properties":{"id":436651910,"highway":"unclassified"},"geometry":{"type":"LineString","coordinates":[[139.55295,34.064422],[139.552932,34.064502],[139.552922,34.06455],[139.552953,34.064579],[139.553012,34.064603],[139.553068,34.064636],[139.55308,34.064641],[139.553104,34.064652],[139.553154,34.064671],[139.553174,34.064671]]}},{"type":"Feature","properties":{"id":436651911,"highway":"unclassified"},"geometry":{"type":"LineString","coordinates":[[139.546527,34.062442],[139.546481,34.062476],[139.546442,34.062516],[139.546414,34.062546],[139.546406,34.062588],[139.546401,34.062633],[139.546405,34.062674],[139.546426,34.062714],[139.546477,34.062797],[139.546503,34.062851]]}},{"type":"Feature","properties":{"id":436651913,"highway":"unclassified"},"geometry":{"type":"LineString","coordinates":[[139.546322,34.062056],[139.546343,34.062092],[139.546397,34.062174],[139.546437,34.062244],[139.546477,34.062331],[139.546508,34.062405],[139.546527,34.062442],[139.546579,34.062498],[139.546623,34.06254],[139.546681,34.062581],[139.546756,34.062645]]}},{"type":"Feature","properties":{"id":436651914,"highway":"unclassified"},"geometry":{"type":"LineString","coordinates":[[139.556856,34.085269],[139.556889,34.085423],[139.556916,34.085507],[139.55697,34.085654],[139.557045,34.085778],[139.557136,34.085891],[139.55723,34.085989],[139.557265,34.086025],[139.557351,34.086147],[139.557434,34.086218],[139.557514,34.086265],[139.557581,34.086278],[139.557651,34.08626],[139.557697,34.086213],[139.557732,34.086147],[139.557758,34.086007],[139.557777,34.085847]]}},{"type":"Feature","properties":{"id":436651915,"highway":"unclassified"},"geometry":{"type":"LineString","coordinates":[[139.552091,34.062705],[139.552232,34.062521],[139.552331,34.062417],[139.552441,34.06229],[139.552615,34.062099],[139.552825,34.061879],[139.552996,34.061724],[139.553066,34.061688],[139.553176,34.061659],[139.553302,34.061646],[139.553407,34.061637],[139.553451,34.061609],[139.553451,34.061572],[139.553439,34.061529],[139.553417,34.061494],[139.553391,34.061436],[139.553391,34.0614],[139.553404,34.061358]]}},{"type":"Feature","properties":{"id":436651916,"highway":"unclassified"},"geometry":{"type":"LineString","coordinates":[[139.560624,34.085643],[139.560361,34.085707],[139.560147,34.085743],[139.559889,34.08574],[139.559659,34.085723],[139.559578,34.085698],[139.559471,34.085623],[139.559409,34.085547],[139.559329,34.085463],[139.559232,34.085389],[139.559109,34.085332],[139.55891,34.085303],[139.55872,34.085283],[139.558559,34.085274],[139.558449,34.085285],[139.558363,34.085369],[139.558315,34.085449],[139.558291,34.085516]]}},{"type":"Feature","properties":{"id":436651917,"highway":"unclassified"},"geometry":{"type":"LineString","coordinates":[[139.560018,34.083621],[139.559752,34.083739],[139.559702,34.083783],[139.55948,34.084088],[139.559372,34.084206],[139.559315,34.084252],[139.559223,34.084338],[139.558937,34.084613],[139.558803,34.084735],[139.558646,34.084838],[139.558516,34.084899],[139.558435,34.084957],[139.558311,34.085064],[139.558185,34.08512],[139.558059,34.085118],[139.557836,34.085094],[139.557447,34.085112],[139.557056,34.085095],[139.557047,34.085104]]}},{"type":"Feature","properties":{"id":436651919,"highway":"unclassified"},"geometry":{"type":"LineString","coordinates":[[139.557612,34.076834],[139.557811,34.076824],[139.558106,34.076809],[139.558379,34.076786],[139.558669,34.076766],[139.558991,34.076749],[139.559181,34.076782],[139.55935,34.076831],[139.559468,34.076889],[139.559605,34.076975],[139.55971,34.077095],[139.559804,34.077215],[139.559881,34.077369],[139.559975,34.077473],[139.560069,34.07756],[139.560166,34.077653],[139.560236,34.077724],[139.560319,34.07784],[139.560388,34.077957],[139.560474,34.078057],[139.560584,34.078188],[139.560681,34.078291],[139.560783,34.078384],[139.560901,34.078435],[139.561032,34.078484],[139.561164,34.078527]]}},{"type":"Feature","properties":{"id":436651923,"highway":"unclassified"},"geometry":{"type":"LineString","coordinates":[[139.561388,34.087186],[139.561246,34.087274],[139.561139,34.087334],[139.56104,34.087373],[139.560901,34.087403],[139.560728,34.087409],[139.560556,34.087381],[139.560398,34.08734],[139.560266,34.087285],[139.560173,34.087235],[139.560017,34.087113],[139.559154,34.086369],[139.558644,34.085921],[139.558608,34.085877],[139.558375,34.085709],[139.558306,34.085686],[139.558172,34.08566],[139.558015,34.085656],[139.557709,34.085655],[139.557676,34.085649],[139.557617,34.085628],[139.557553,34.085602],[139.557473,34.085546],[139.557425,34.085503],[139.557381,34.085429],[139.557299,34.085305],[139.557247,34.085243],[139.557185,34.085188],[139.55709,34.085127],[139.557047,34.085104]]}},{"type":"Feature","properties":{"id":436651924,"highway":"unclassified"},"geometry":{"type":"LineString","coordinates":[[139.547693,34.062017],[139.547637,34.062064],[139.54755,34.06213],[139.547482,34.062174],[139.54739,34.062227],[139.547303,34.062265],[139.547193,34.062318],[139.547087,34.062381],[139.546987,34.06244],[139.546924,34.062489],[139.546835,34.062564],[139.546756,34.062645],[139.546645,34.062755],[139.546503,34.062851],[139.546371,34.062932],[139.546292,34.062968],[139.546191,34.063021],[139.546143,34.063068],[139.546076,34.063155],[139.545985,34.063268],[139.545969,34.063299],[139.545965,34.063332],[139.545978,34.063372],[139.546012,34.063418],[139.546073,34.06347],[139.546116,34.063514],[139.546134,34.063556],[139.546161,34.063641],[139.546193,34.063716],[139.546236,34.063789]]}},{"type":"Feature","properties":{"id":436651929,"highway":"unclassified"},"geometry":{"type":"LineString","coordinates":[[139.553104,34.064073],[139.553072,34.06418],[139.553012,34.064302],[139.55295,34.064422],[139.55289,34.064508],[139.552778,34.064686],[139.552687,34.064809],[139.552584,34.064942]]}},{"type":"Feature","properties":{"id":436651930,"highway":"unclassified"},"geometry":{"type":"LineString","coordinates":[[139.55308,34.064641],[139.553046,34.064688],[139.553012,34.06475],[139.552972,34.064819],[139.55293,34.064892],[139.552896,34.064941],[139.552849,34.064997],[139.552794,34.065062]]}},{"type":"Feature","properties":{"id":436651932,"highway":"unclassified"},"geometry":{"type":"LineString","coordinates":[[139.557047,34.085104],[139.556934,34.085047],[139.556799,34.084985],[139.556645,34.08495],[139.556501,34.084931],[139.556348,34.084927],[139.556189,34.084924],[139.556025,34.084923],[139.555934,34.084925]]}},{"type":"Feature","properties":{"id":436708143,"highway":"service"},"geometry":{"type":"LineString","coordinates":[[139.515847,34.075313],[139.515935,34.075128],[139.516252,34.07503],[139.516429,34.074733],[139.516364,34.074506],[139.515098,34.073048],[139.513929,34.072171],[139.513559,34.072007],[139.513366,34.071864],[139.51301,34.071373],[139.512872,34.071251]]}},{"type":"Feature","properties":{"id":436715091,"highway":"service"},"geometry":{"type":"LineString","coordinates":[[139.562549,34.090599],[139.562726,34.090725],[139.562686,34.090991],[139.562503,34.091169],[139.562318,34.091203]]}},{"type":"Feature","properties":{"id":436723438,"highway":"service"},"geometry":{"type":"LineString","coordinates":[[139.558481,34.072569],[139.558426,34.072637],[139.558387,34.072792],[139.558354,34.072935],[139.55835,34.073268],[139.558363,34.073401],[139.558377,34.073446],[139.558421,34.073862],[139.558401,34.074228],[139.558354,34.074464],[139.558192,34.074526]]}},{"type":"Feature","properties":{"id":436723439,"highway":"service"},"geometry":{"type":"LineString","coordinates":[[139.558191,34.072624],[139.558481,34.072569],[139.558639,34.072447],[139.558752,34.072346],[139.558778,34.072291],[139.558782,34.072201]]}},{"type":"Feature","properties":{"id":436801338,"highway":"secondary"},"geometry":{"type":"LineString","coordinates":[[139.549829,34.063423],[139.549913,34.063476]]}},{"type":"Feature","properties":{"id":436801339,"highway":"secondary"},"geometry":{"type":"LineString","coordinates":[[139.546669,34.060822],[139.546732,34.060861],[139.546857,34.060908],[139.547028,34.06099],[139.547095,34.061029],[139.547191,34.061085],[139.54723,34.061117],[139.547367,34.061229],[139.547678,34.061457],[139.548011,34.061697],[139.548087,34.061804],[139.548135,34.061869],[139.548218,34.061946],[139.548335,34.062048],[139.548523,34.062199],[139.548632,34.062284],[139.548826,34.062434],[139.548984,34.062568],[139.549077,34.062671],[139.549146,34.062772],[139.549205,34.062881],[139.549271,34.062986],[139.549345,34.063087],[139.549402,34.063147],[139.54951,34.063229],[139.54966,34.063317],[139.549829,34.063423]]}},{"type":"Feature","properties":{"id":437295810,"highway":"unclassified"},"geometry":{"type":"LineString","coordinates":[[139.512553,34.07124],[139.512333,34.07113],[139.512259,34.071108],[139.512133,34.071105],[139.511995,34.071104],[139.511963,34.071096],[139.511931,34.071081],[139.511735,34.07095],[139.511505,34.07078],[139.511415,34.070711],[139.51134,34.070661],[139.511278,34.070622],[139.511202,34.070591],[139.511157,34.07058],[139.511105,34.070578],[139.510584,34.070572],[139.510276,34.070577],[139.510001,34.070563],[139.509818,34.070554],[139.509698,34.07054],[139.509565,34.070508],[139.509486,34.070498],[139.509408,34.070495],[139.509249,34.070465],[139.509071,34.070394],[139.508954,34.070333],[139.508837,34.070259],[139.508676,34.07017],[139.508591,34.070118],[139.508468,34.070042],[139.508453,34.070021],[139.508459,34.06999],[139.508477,34.069955],[139.508513,34.069914],[139.508548,34.069896],[139.508586,34.069892],[139.508637,34.069907],[139.508862,34.069995],[139.508879,34.070002],[139.509071,34.070055],[139.509422,34.07013],[139.509601,34.070158],[139.5097,34.070172],[139.509824,34.07018],[139.509886,34.070175],[139.509948,34.07017],[139.510065,34.070135],[139.510153,34.070101],[139.510182,34.070084],[139.510199,34.070053],[139.510205,34.070017],[139.510178,34.069979],[139.510121,34.069925],[139.510075,34.06989],[139.509968,34.06981],[139.509871,34.069734],[139.509734,34.069622],[139.50965,34.069558],[139.509397,34.069367],[139.509302,34.069293],[139.509239,34.069254],[139.50915,34.069196],[139.509073,34.069158],[139.508998,34.069138]]}},{"type":"Feature","properties":{"id":437295827,"highway":"service"},"geometry":{"type":"LineString","coordinates":[[139.503362,34.088294],[139.503451,34.088343],[139.503539,34.08839],[139.503636,34.088428],[139.503701,34.088428],[139.503749,34.088405],[139.503786,34.088372],[139.503813,34.088314],[139.503837,34.088243],[139.503875,34.088194],[139.503928,34.088166],[139.503996,34.088154],[139.504089,34.088141],[139.504325,34.088132],[139.504411,34.088134],[139.504492,34.088154],[139.504553,34.088181],[139.504677,34.088232],[139.504972,34.088345],[139.505071,34.088368],[139.505141,34.088368],[139.505227,34.088372],[139.505304,34.088352],[139.505428,34.088319],[139.505766,34.088223],[139.505873,34.088206],[139.506431,34.088125],[139.506495,34.088101],[139.506664,34.087986]]}},{"type":"Feature","properties":{"id":437295831,"highway":"service"},"geometry":{"type":"LineString","coordinates":[[139.531933,34.067535],[139.531791,34.06752],[139.531696,34.067513],[139.531493,34.067605],[139.531451,34.067608],[139.531245,34.067551],[139.531192,34.067569],[139.531154,34.067626],[139.531154,34.067678],[139.531192,34.067726],[139.531237,34.067757],[139.531496,34.067913],[139.531573,34.067966],[139.53163,34.068022],[139.531771,34.068165],[139.531815,34.068197],[139.532104,34.06837],[139.532127,34.06841],[139.532177,34.068588],[139.532197,34.068614],[139.532309,34.068774],[139.532309,34.068806],[139.532274,34.068834],[139.532227,34.068837],[139.532161,34.068832],[139.532063,34.068791],[139.531983,34.068753],[139.531838,34.068644],[139.531766,34.068605],[139.531717,34.068582],[139.531645,34.068579],[139.531589,34.068599],[139.531523,34.068645],[139.531512,34.068675],[139.531509,34.068715],[139.531524,34.068737],[139.531752,34.068975],[139.531771,34.069014],[139.531792,34.069192],[139.531813,34.06921],[139.531896,34.069271],[139.531939,34.069299],[139.531958,34.06931],[139.532011,34.069384],[139.532023,34.069425],[139.532016,34.069468],[139.531987,34.069518],[139.531939,34.069544],[139.531874,34.06954],[139.531818,34.069519],[139.531774,34.069487],[139.531736,34.069451],[139.531554,34.069237],[139.531515,34.069215],[139.53146,34.069203],[139.531397,34.069206],[139.531367,34.069236],[139.53135,34.06928],[139.531374,34.069328],[139.531393,34.069356],[139.531578,34.069569],[139.531595,34.069607],[139.531598,34.069659],[139.531578,34.069718],[139.531536,34.069744],[139.531515,34.069747],[139.531488,34.069751],[139.531451,34.069735],[139.53142,34.069697],[139.531409,34.069665],[139.531378,34.069621],[139.531349,34.069585],[139.531295,34.069542],[139.531083,34.069451],[139.530903,34.069393],[139.530852,34.06939],[139.530804,34.069406],[139.53076,34.069439],[139.530758,34.069485],[139.530776,34.069546],[139.530827,34.069655],[139.53087,34.069718],[139.530911,34.069802],[139.530932,34.069879],[139.530941,34.069927],[139.53096,34.070272],[139.530969,34.070377],[139.53098,34.070443],[139.531004,34.070501],[139.531035,34.070539],[139.531087,34.070564],[139.531233,34.070633],[139.531265,34.07067],[139.531288,34.070783],[139.531283,34.070863],[139.53127,34.070941],[139.531273,34.070991],[139.531292,34.07104],[139.531327,34.071102],[139.531366,34.07114],[139.531393,34.071164],[139.53143,34.071199],[139.531493,34.07126],[139.531551,34.071286],[139.531595,34.071286],[139.531664,34.071284],[139.531732,34.071288],[139.531766,34.071293],[139.531826,34.071318],[139.531929,34.071362],[139.53203,34.071415]]}},{"type":"Feature","properties":{"id":437303676,"highway":"service"},"geometry":{"type":"LineString","coordinates":[[139.531393,34.071164],[139.531421,34.071075],[139.531445,34.071007],[139.531468,34.070959],[139.531498,34.070929],[139.531532,34.07092],[139.531573,34.070909],[139.531756,34.070902],[139.531822,34.070897],[139.531904,34.070868],[139.531964,34.07085],[139.532041,34.070833],[139.532112,34.070837],[139.53218,34.070861],[139.532232,34.070895]]}},{"type":"Feature","properties":{"id":437303677,"highway":"service"},"geometry":{"type":"LineString","coordinates":[[139.531515,34.069747],[139.531522,34.069807],[139.531543,34.06992],[139.531577,34.070041],[139.531607,34.070083],[139.531675,34.070142],[139.531746,34.07019],[139.531825,34.070222],[139.531876,34.070228],[139.531967,34.070228],[139.532,34.070214],[139.532036,34.070183],[139.532067,34.070122],[139.532128,34.06998],[139.532151,34.069936]]}},{"type":"Feature","properties":{"id":437303678,"highway":"service"},"geometry":{"type":"LineString","coordinates":[[139.504044,34.084719],[139.504093,34.084756],[139.504151,34.084803],[139.504218,34.084842],[139.504301,34.084868],[139.50437,34.084878],[139.504441,34.084874],[139.504535,34.08486],[139.50464,34.084842],[139.504685,34.084794],[139.504745,34.084684],[139.504808,34.084583],[139.504866,34.084541],[139.505354,34.084232],[139.505408,34.084227],[139.505479,34.084237],[139.505947,34.084293],[139.505986,34.084284],[139.506042,34.084264],[139.506383,34.084054],[139.506427,34.084006],[139.506454,34.08392],[139.506457,34.083909],[139.506639,34.083283]]}},{"type":"Feature","properties":{"id":437303679,"highway":"service"},"geometry":{"type":"LineString","coordinates":[[139.506789,34.083944],[139.506816,34.083724]]}},{"type":"Feature","properties":{"id":437303680,"highway":"service"},"geometry":{"type":"LineString","coordinates":[[139.506457,34.083909],[139.506789,34.083944],[139.506871,34.083953]]}},{"type":"Feature","properties":{"id":440134079,"highway":"secondary"},"geometry":{"type":"LineString","coordinates":[[139.516088,34.049841],[139.515635,34.049837]]}},{"type":"Feature","properties":{"id":440134080,"highway":"secondary"},"geometry":{"type":"LineString","coordinates":[[139.510914,34.049571],[139.510781,34.049623]]}},{"type":"Feature","properties":{"id":440134081,"highway":"secondary"},"geometry":{"type":"LineString","coordinates":[[139.510781,34.049623],[139.510639,34.049709],[139.510484,34.049855],[139.510308,34.049993],[139.510146,34.050067],[139.509897,34.050135],[139.509716,34.050155],[139.509564,34.050147],[139.509371,34.050097],[139.509096,34.050005],[139.508917,34.049959],[139.50875,34.049935],[139.508577,34.049943],[139.508241,34.050009],[139.507927,34.050077],[139.507724,34.050117],[139.507553,34.050155],[139.507355,34.050195],[139.506927,34.050287],[139.506567,34.050347],[139.506439,34.050363],[139.506316,34.050355],[139.506106,34.050263],[139.505877,34.050121],[139.505623,34.049971],[139.505541,34.049927],[139.505481,34.049863],[139.505423,34.049779],[139.505292,34.049505],[139.505116,34.049203],[139.504995,34.049073],[139.504906,34.048997],[139.504732,34.048902],[139.50443,34.048774],[139.504092,34.048652],[139.503914,34.048604],[139.503622,34.048601],[139.503564,34.048603],[139.503261,34.04865],[139.503125,34.048668],[139.503033,34.048681],[139.502821,34.048711],[139.502327,34.048802],[139.501996,34.048888],[139.501646,34.049008],[139.50139,34.049079],[139.501122,34.049171],[139.500885,34.049243],[139.500716,34.049307],[139.500562,34.049367],[139.500422,34.049435],[139.500272,34.049543],[139.500072,34.049711],[139.499753,34.049968],[139.499512,34.050163],[139.499276,34.050379],[139.498978,34.050683],[139.498777,34.050862],[139.49857,34.051011],[139.498324,34.051161],[139.498178,34.051237],[139.497872,34.051412],[139.497654,34.051535],[139.497414,34.051661],[139.497176,34.051769],[139.496756,34.051936],[139.496573,34.052004],[139.496449,34.052064],[139.496297,34.052174],[139.49614,34.052328],[139.496041,34.052443],[139.495893,34.052596],[139.495557,34.052966],[139.495183,34.05348],[139.494928,34.05377],[139.494798,34.053897],[139.494739,34.053955],[139.494646,34.054017],[139.494548,34.054062],[139.494483,34.054076],[139.494393,34.054083],[139.494273,34.054082],[139.494053,34.054049],[139.493883,34.054028],[139.493744,34.054003],[139.493603,34.053985],[139.493361,34.053975],[139.493239,34.053991],[139.493124,34.054018],[139.49311,34.054024],[139.492908,34.054108],[139.492479,34.054309],[139.492013,34.054513],[139.491916,34.054554],[139.491753,34.054622],[139.491395,34.054772],[139.491346,34.054793],[139.490706,34.055101],[139.490412,34.055252],[139.490325,34.055293],[139.490038,34.055429],[139.489707,34.055582],[139.489519,34.055667],[139.489251,34.055759],[139.488442,34.056036],[139.488309,34.056104],[139.488196,34.056171],[139.488031,34.056306],[139.487845,34.056455],[139.487664,34.056577],[139.487484,34.056707],[139.487386,34.056755],[139.487105,34.056894],[139.486987,34.056954],[139.486878,34.057026],[139.486776,34.057086],[139.486662,34.057193],[139.486581,34.057304],[139.486469,34.057507],[139.486354,34.057724],[139.486279,34.057851],[139.486243,34.057941],[139.48623,34.058005],[139.486228,34.058058],[139.486239,34.058131],[139.486289,34.058229],[139.486388,34.058386],[139.486509,34.058588],[139.48656,34.058675],[139.486592,34.058825]]}},{"type":"Feature","properties":{"id":440134082,"highway":"secondary"},"geometry":{"type":"LineString","coordinates":[[139.515635,34.049837],[139.51553,34.049839],[139.51542,34.049869],[139.515316,34.049903],[139.51521,34.049963],[139.514969,34.050073],[139.514899,34.050087],[139.514703,34.050071],[139.514437,34.050057],[139.514056,34.050009],[139.513836,34.049981],[139.51372,34.049977],[139.513585,34.050015],[139.513442,34.050073],[139.5133,34.050091],[139.51316,34.050089],[139.512981,34.050037],[139.512933,34.050019],[139.512815,34.050015],[139.512638,34.050009],[139.512373,34.049945],[139.512153,34.049873],[139.511989,34.049813],[139.511726,34.049621],[139.511581,34.049505],[139.511472,34.049481],[139.511396,34.049466],[139.511368,34.049461],[139.511218,34.049487],[139.510914,34.049571]]}},{"type":"Feature","properties":{"id":440134086,"highway":"unclassified"},"geometry":{"type":"LineString","coordinates":[[139.559853,34.080714],[139.55987,34.080785]]}},{"type":"Feature","properties":{"id":440134087,"highway":"unclassified"},"geometry":{"type":"LineString","coordinates":[[139.552797,34.060772],[139.552641,34.060813]]}},{"type":"Feature","properties":{"id":448155674,"highway":"service"},"geometry":{"type":"LineString","coordinates":[[139.566517,34.080312],[139.566493,34.080386]]}},{"type":"Feature","properties":{"id":450178555,"highway":"service"},"geometry":{"type":"LineString","coordinates":[[139.560474,34.093339],[139.56063,34.093231],[139.560724,34.093226],[139.560807,34.093273],[139.560815,34.093348],[139.560775,34.093435],[139.56086,34.093533],[139.561013,34.093617],[139.561134,34.093657],[139.561217,34.093648],[139.561282,34.093633],[139.56148,34.093686]]}},{"type":"Feature","properties":{"id":450178557,"highway":"service"},"geometry":{"type":"LineString","coordinates":[[139.561896,34.093559],[139.562014,34.093444],[139.562063,34.093315],[139.562016,34.093293],[139.562177,34.092882]]}},{"type":"Feature","properties":{"id":451072502,"highway":"service"},"geometry":{"type":"LineString","coordinates":[[139.553622,34.080861],[139.552707,34.07951],[139.552429,34.079341],[139.552418,34.079204],[139.552799,34.078862],[139.55289,34.078724],[139.552364,34.077835],[139.552225,34.077511],[139.5523,34.077191],[139.552486,34.077008]]}},{"type":"Feature","properties":{"id":451072503,"highway":"service"},"geometry":{"type":"LineString","coordinates":[[139.516421,34.051519],[139.516507,34.05099],[139.516507,34.050754],[139.516608,34.050577],[139.516759,34.05039],[139.517086,34.050235],[139.517671,34.050092],[139.518034,34.050061],[139.518579,34.05005],[139.518597,34.049985]]}},{"type":"Feature","properties":{"id":451072507,"highway":"unclassified"},"geometry":{"type":"LineString","coordinates":[[139.537362,34.056621],[139.537628,34.055886],[139.537656,34.055777],[139.537639,34.055427],[139.537649,34.055238],[139.537676,34.05516],[139.537755,34.055105],[139.537828,34.055039],[139.537881,34.054948],[139.537904,34.054775],[139.537979,34.05468]]}},{"type":"Feature","properties":{"id":451072526,"highway":"service"},"geometry":{"type":"LineString","coordinates":[[139.544315,34.057716],[139.54563,34.058259]]}},{"type":"Feature","properties":{"id":451072528,"highway":"service"},"geometry":{"type":"LineString","coordinates":[[139.515273,34.049197],[139.515318,34.049641],[139.515316,34.049903]]}},{"type":"Feature","properties":{"id":451072530,"highway":"unclassified"},"geometry":{"type":"LineString","coordinates":[[139.537979,34.05468],[139.538008,34.054612],[139.538004,34.054454]]}},{"type":"Feature","properties":{"id":451072542,"highway":"service"},"geometry":{"type":"LineString","coordinates":[[139.519918,34.049839],[139.519744,34.049861],[139.519583,34.049826],[139.519331,34.049779],[139.519248,34.049792],[139.519208,34.049866],[139.519185,34.049949]]}},{"type":"Feature","properties":{"id":451072543,"highway":"service"},"geometry":{"type":"LineString","coordinates":[[139.555378,34.082825],[139.555386,34.08274],[139.555726,34.082632],[139.555796,34.082521],[139.555893,34.082416],[139.557231,34.082083],[139.557733,34.081861]]}},{"type":"Feature","properties":{"id":451072545,"highway":"service"},"geometry":{"type":"LineString","coordinates":[[139.549559,34.082066],[139.550294,34.08167],[139.550712,34.081461],[139.551506,34.081323],[139.551763,34.081341],[139.552241,34.08147],[139.552445,34.081474],[139.553802,34.081012]]}},{"type":"Feature","properties":{"id":451072549,"highway":"service"},"geometry":{"type":"LineString","coordinates":[[139.553622,34.080861],[139.553802,34.081012],[139.553912,34.081094],[139.554041,34.081119],[139.554132,34.081034],[139.554215,34.080812],[139.554282,34.080748],[139.554354,34.08063]]}},{"type":"Feature","properties":{"id":451072550,"highway":"service"},"geometry":{"type":"LineString","coordinates":[[139.554865,34.081812],[139.554757,34.081203],[139.554354,34.08063],[139.554628,34.079501],[139.554564,34.079293],[139.553587,34.077391],[139.553416,34.077262],[139.553254,34.077217]]}},{"type":"Feature","properties":{"id":451072551,"highway":"service"},"geometry":{"type":"LineString","coordinates":[[139.54353,34.057545],[139.543824,34.057793],[139.544245,34.05798],[139.5448,34.058185],[139.545264,34.058304],[139.545583,34.058336],[139.54563,34.058259],[139.546101,34.057489]]}},{"type":"Feature","properties":{"id":451072560,"highway":"service"},"geometry":{"type":"LineString","coordinates":[[139.5167,34.049139],[139.516091,34.04917],[139.51608,34.049634],[139.516335,34.049641],[139.516407,34.049701],[139.51652,34.049808],[139.51663,34.04981],[139.516904,34.049819],[139.516926,34.04989]]}},{"type":"Feature","properties":{"id":452056553,"highway":"service"},"geometry":{"type":"LineString","coordinates":[[139.526782,34.052169],[139.527179,34.051929],[139.527531,34.051556],[139.527587,34.051494],[139.527383,34.051318],[139.527497,34.051193]]}},{"type":"Feature","properties":{"id":452056557,"highway":"service"},"geometry":{"type":"LineString","coordinates":[[139.538035,34.053831],[139.538152,34.053722],[139.538254,34.053678],[139.538317,34.05372],[139.538353,34.053746],[139.538383,34.053767],[139.538386,34.053827],[139.538279,34.053871],[139.538225,34.053964],[139.538241,34.054082],[139.538517,34.054353],[139.538702,34.054582],[139.539306,34.055084],[139.539491,34.055284],[139.539588,34.055562],[139.539813,34.055773],[139.540025,34.055976]]}},{"type":"Feature","properties":{"id":807711963,"highway":"unclassified"},"geometry":{"type":"LineString","coordinates":[[139.560236,34.092544],[139.560039,34.092453],[139.559997,34.092417],[139.55998,34.092393],[139.559968,34.092363],[139.559965,34.092316],[139.559977,34.092273],[139.559994,34.092236],[139.560036,34.09219],[139.560106,34.092139],[139.560338,34.092021],[139.560408,34.091966],[139.560452,34.091917],[139.560484,34.091854],[139.560499,34.091799],[139.560504,34.091734],[139.560492,34.091651]]}},{"type":"Feature","properties":{"id":1291742280,"highway":"unclassified"},"geometry":{"type":"LineString","coordinates":[[139.512553,34.07124],[139.512872,34.071251]]}},{"type":"Feature","properties":{"id":1291742282,"highway":"service"},"geometry":{"type":"LineString","coordinates":[[139.501316,34.083212],[139.502209,34.08357],[139.503653,34.085224],[139.50378,34.085262],[139.50399,34.085263]]}},{"type":"Feature","properties":{"id":1292148583,"highway":"secondary"},"geometry":{"type":"LineString","coordinates":[[139.559971,34.080649],[139.560158,34.080774]]}},{"type":"Feature","properties":{"id":1292148584,"highway":"secondary"},"geometry":{"type":"LineString","coordinates":[[139.559683,34.080163],[139.559725,34.080237],[139.559779,34.08035],[139.559812,34.080465],[139.559847,34.080562],[139.559971,34.080649]]}},{"type":"Feature","properties":{"id":1292148585,"highway":"secondary"},"geometry":{"type":"LineString","coordinates":[[139.560018,34.083621],[139.560042,34.083666],[139.560294,34.084164],[139.560318,34.084272],[139.560389,34.084952],[139.560417,34.085066],[139.560442,34.085136],[139.560624,34.085643],[139.560813,34.086165],[139.560979,34.086646],[139.561054,34.086782],[139.561388,34.087186],[139.561425,34.08723]]}},{"type":"Feature","properties":{"id":1292148588,"highway":"secondary"},"geometry":{"type":"LineString","coordinates":[[139.538161,34.057649],[139.537845,34.05772],[139.537563,34.057793],[139.537435,34.057814],[139.53729,34.057808],[139.537007,34.057776],[139.536481,34.057723],[139.536152,34.057687],[139.535641,34.05764],[139.535536,34.057627]]}},{"type":"Feature","properties":{"id":1293694901,"highway":"unclassified"},"geometry":{"type":"LineString","coordinates":[[139.53546,34.056175],[139.535546,34.056119],[139.535634,34.056015],[139.535669,34.055937],[139.535666,34.055811],[139.535715,34.055675],[139.535818,34.055502]]}},{"type":"Feature","properties":{"id":1545736622,"highway":"service"},"geometry":{"type":"LineString","coordinates":[[139.561421,34.095047],[139.561137,34.095042],[139.561044,34.095098],[139.560979,34.095102],[139.560841,34.095066],[139.560675,34.094959],[139.56063,34.094909],[139.560619,34.094855],[139.560621,34.094753],[139.560664,34.094457],[139.560645,34.094311],[139.560638,34.094251],[139.560416,34.093739]]}},{"type":"Feature","properties":{"id":1545736623,"highway":"service"},"geometry":{"type":"LineString","coordinates":[[139.560645,34.094311],[139.56072,34.094265],[139.560843,34.094249],[139.561057,34.094288],[139.56112,34.094331],[139.561168,34.094406],[139.561194,34.094688],[139.561123,34.094867],[139.561137,34.095042]]}},{"type":"Feature","properties":{"id":1545736624,"highway":"service"},"geometry":{"type":"LineString","coordinates":[[139.561044,34.095098],[139.560921,34.095396]]}},{"type":"Feature","properties":{"id":1545736625,"highway":"service"},"geometry":{"type":"LineString","coordinates":[[139.558101,34.095611],[139.558437,34.095317],[139.558578,34.095223],[139.558689,34.095196],[139.558781,34.095236],[139.558876,34.09531],[139.55889,34.095456],[139.558965,34.095548],[139.559112,34.095604],[139.559922,34.09571],[139.560064,34.095852]]}}]}