{"type":"FeatureCollection","features":[{"type":"Feature","properties":{"id":116683935,"highway":"unclassified"},"geometry":{"type":"LineString","coordinates":[[139.593371,36.498332],[139.593344,36.498282],[139.593253,36.498202],[139.592863,36.497802],[139.592654,36.497572],[139.592591,36.497471],[139.592556,36.497364],[139.592556,36.496975],[139.59257,36.496867],[139.592577,36.496587]]}},{"type":"Feature","properties":{"id":116683946,"highway":"residential"},"geometry":{"type":"LineString","coordinates":[[139.58988,36.497224],[139.590203,36.497045],[139.590412,36.496937],[139.590713,36.49676],[139.590952,36.496629],[139.591145,36.496514],[139.591454,36.496367],[139.591755,36.496274],[139.592291,36.496156],[139.592536,36.496126]]}},{"type":"Feature","properties":{"id":116683954,"highway":"residential"},"geometry":{"type":"LineString","coordinates":[[139.597927,36.493908],[139.598327,36.493727],[139.598632,36.49359],[139.59887,36.493474],[139.599103,36.493387],[139.599292,36.4933],[139.599459,36.493242],[139.599633,36.493198],[139.599916,36.493155],[139.600018,36.493133]]}},{"type":"Feature","properties":{"id":116684000,"highway":"unclassified"},"geometry":{"type":"LineString","coordinates":[[139.593318,36.496364],[139.593845,36.497197],[139.593861,36.497262],[139.593843,36.497296],[139.593799,36.497321],[139.593701,36.497346],[139.593659,36.497372],[139.593648,36.497401],[139.593655,36.497446],[139.593704,36.49751],[139.594033,36.498017]]}},{"type":"Feature","properties":{"id":116684005,"highway":"unclassified"},"geometry":{"type":"LineString","coordinates":[[139.597927,36.493908],[139.59823,36.494593],[139.59827,36.494636],[139.598312,36.494648],[139.598357,36.49463],[139.5984,36.494622],[139.598438,36.494638],[139.598523,36.494767],[139.598725,36.495094],[139.598878,36.495291],[139.599122,36.495567]]}},{"type":"Feature","properties":{"id":116684072,"highway":"unclassified"},"geometry":{"type":"LineString","coordinates":[[139.59819,36.497926],[139.598313,36.498062],[139.598383,36.498147],[139.598498,36.498241],[139.598578,36.498254],[139.59865,36.498256],[139.598811,36.498261],[139.599097,36.49824],[139.599331,36.498197],[139.599603,36.498136],[139.600195,36.497966],[139.600509,36.497876],[139.600669,36.497822],[139.60076,36.497791],[139.600788,36.497774],[139.60161,36.497527],[139.601938,36.497386],[139.602133,36.49725],[139.602809,36.496777],[139.602948,36.496693],[139.603464,36.496322],[139.603729,36.496148],[139.603848,36.49608],[139.603876,36.496074],[139.604113,36.495939],[139.604447,36.495776],[139.604531,36.495742],[139.604733,36.495618],[139.604893,36.495477],[139.605164,36.4952],[139.605242,36.495099],[139.605311,36.494976],[139.605353,36.49484],[139.60536,36.494699],[139.605339,36.494553],[139.605299,36.494331]]}},{"type":"Feature","properties":{"id":116684104,"highway":"residential"},"geometry":{"type":"LineString","coordinates":[[139.594973,36.495228],[139.595138,36.495333],[139.595479,36.495535],[139.595762,36.495702],[139.596017,36.495862],[139.596212,36.496043],[139.596343,36.496188],[139.596408,36.496275],[139.596402,36.496311],[139.596335,36.496376],[139.596315,36.49642],[139.59638,36.496528],[139.596488,36.49668],[139.596573,36.496793]]}},{"type":"Feature","properties":{"id":116684137,"highway":"residential"},"geometry":{"type":"LineString","coordinates":[[139.594973,36.495228],[139.595065,36.495165],[139.595238,36.495028],[139.59539,36.494919],[139.595521,36.494825],[139.595688,36.494738],[139.595847,36.494658],[139.596022,36.494593],[139.596203,36.494521],[139.596435,36.494463],[139.596675,36.494383],[139.596972,36.494281],[139.597362,36.494155],[139.597738,36.493988],[139.597927,36.493908]]}},{"type":"Feature","properties":{"id":116684180,"highway":"residential"},"geometry":{"type":"LineString","coordinates":[[139.59492,36.503133],[139.595002,36.502902],[139.59512,36.50253],[139.595177,36.502378],[139.5954,36.501904],[139.595454,36.501736],[139.59544,36.501595],[139.595393,36.501454],[139.595217,36.501082],[139.595203,36.501071],[139.594973,36.500603],[139.594912,36.500496],[139.594785,36.500373],[139.59448,36.50013],[139.594242,36.499843],[139.594102,36.499657],[139.594054,36.499564]]}},{"type":"Feature","properties":{"id":116684270,"highway":"unclassified"},"geometry":{"type":"LineString","coordinates":[[139.594033,36.498017],[139.593371,36.498332]]}},{"type":"Feature","properties":{"id":116684289,"highway":"unclassified"},"geometry":{"type":"LineString","coordinates":[[139.591174,36.499283],[139.589998,36.499758]]}},{"type":"Feature","properties":{"id":116684314,"highway":"unclassified"},"geometry":{"type":"LineString","coordinates":[[139.594033,36.498017],[139.594753,36.497662]]}},{"type":"Feature","properties":{"id":116684356,"highway":"unclassified"},"geometry":{"type":"LineString","coordinates":[[139.587567,36.498997],[139.588437,36.500366]]}},{"type":"Feature","properties":{"id":116684419,"highway":"unclassified"},"geometry":{"type":"LineString","coordinates":[[139.591601,36.49911],[139.591174,36.499283]]}},{"type":"Feature","properties":{"id":116684428,"highway":"unclassified"},"geometry":{"type":"LineString","coordinates":[[139.589998,36.499758],[139.590304,36.500327]]}},{"type":"Feature","properties":{"id":116684429,"highway":"residential"},"geometry":{"type":"LineString","coordinates":[[139.591601,36.49911],[139.590559,36.497427]]}},{"type":"Feature","properties":{"id":116684433,"highway":"unclassified"},"geometry":{"type":"LineString","coordinates":[[139.592536,36.496126],[139.592577,36.496587]]}},{"type":"Feature","properties":{"id":116684610,"highway":"unclassified"},"geometry":{"type":"LineString","coordinates":[[139.593371,36.498332],[139.592668,36.498671],[139.591601,36.49911]]}},{"type":"Feature","properties":{"id":116684612,"highway":"unclassified"},"geometry":{"type":"LineString","coordinates":[[139.589036,36.498208],[139.589977,36.499707],[139.589998,36.499758]]}},{"type":"Feature","properties":{"id":116684618,"highway":"unclassified"},"geometry":{"type":"LineString","coordinates":[[139.599122,36.495567],[139.600188,36.49519],[139.601115,36.494908]]}},{"type":"Feature","properties":{"id":116684650,"highway":"unclassified"},"geometry":{"type":"LineString","coordinates":[[139.596407,36.498495],[139.596388,36.498226],[139.5962,36.49777]]}},{"type":"Feature","properties":{"id":116684654,"highway":"unclassified"},"geometry":{"type":"LineString","coordinates":[[139.588437,36.500366],[139.589907,36.499792],[139.589998,36.499758]]}},{"type":"Feature","properties":{"id":116684661,"highway":"unclassified"},"geometry":{"type":"LineString","coordinates":[[139.5962,36.49777],[139.596187,36.497742],[139.595867,36.497155]]}},{"type":"Feature","properties":{"id":116684667,"highway":"residential"},"geometry":{"type":"LineString","coordinates":[[139.594753,36.497662],[139.594912,36.497857],[139.595065,36.498054]]}},{"type":"Feature","properties":{"id":116684761,"highway":"residential"},"geometry":{"type":"LineString","coordinates":[[139.581931,36.503131],[139.582017,36.502963],[139.582125,36.502763],[139.582218,36.502585],[139.582318,36.502362],[139.582411,36.502177],[139.582511,36.501984],[139.582596,36.501815],[139.582712,36.50163],[139.582843,36.501453],[139.582997,36.501252],[139.583158,36.501075],[139.583383,36.500859],[139.583583,36.500721],[139.58383,36.500574],[139.584189,36.500359],[139.584421,36.500266],[139.584614,36.500159],[139.584892,36.500051],[139.585131,36.49995],[139.585402,36.499804],[139.585649,36.499673],[139.585935,36.499503],[139.586205,36.499318],[139.586436,36.499133],[139.586677,36.498956],[139.586885,36.498832],[139.587171,36.49864],[139.587456,36.49847],[139.587696,36.498316],[139.587966,36.498162],[139.588366,36.497971],[139.588644,36.497832],[139.588983,36.497684],[139.589331,36.497516],[139.589578,36.497392],[139.589841,36.497246],[139.58988,36.497224]]}},{"type":"Feature","properties":{"id":116684773,"highway":"unclassified"},"geometry":{"type":"LineString","coordinates":[[139.599122,36.495567],[139.598836,36.495669],[139.597337,36.496405],[139.596573,36.496793]]}},{"type":"Feature","properties":{"id":116684801,"highway":"unclassified"},"geometry":{"type":"LineString","coordinates":[[139.596573,36.496793],[139.596062,36.497054],[139.595908,36.497127],[139.595867,36.497155]]}},{"type":"Feature","properties":{"id":116684828,"highway":"residential"},"geometry":{"type":"LineString","coordinates":[[139.592577,36.496587],[139.593004,36.496476],[139.593251,36.496397],[139.593318,36.496364]]}},{"type":"Feature","properties":{"id":116684842,"highway":"unclassified"},"geometry":{"type":"LineString","coordinates":[[139.593812,36.498547],[139.593643,36.498502],[139.593476,36.498422],[139.593371,36.498332]]}},{"type":"Feature","properties":{"id":116684859,"highway":"residential"},"geometry":{"type":"LineString","coordinates":[[139.591737,36.499699],[139.59179,36.499761],[139.591889,36.499955],[139.592191,36.500594]]}},{"type":"Feature","properties":{"id":116684860,"highway":"unclassified"},"geometry":{"type":"LineString","coordinates":[[139.594753,36.497662],[139.595212,36.497437],[139.595832,36.497177],[139.595867,36.497155]]}},{"type":"Feature","properties":{"id":116684863,"highway":"residential"},"geometry":{"type":"LineString","coordinates":[[139.594496,36.495592],[139.59468,36.495454],[139.594854,36.49531],[139.594973,36.495228]]}},{"type":"Feature","properties":{"id":116684864,"highway":"residential"},"geometry":{"type":"LineString","coordinates":[[139.599533,36.494728],[139.599736,36.494722],[139.600704,36.494446],[139.60076,36.494429]]}},{"type":"Feature","properties":{"id":116684886,"highway":"residential"},"geometry":{"type":"LineString","coordinates":[[139.592536,36.496126],[139.592931,36.495985],[139.593164,36.495867],[139.593411,36.495715],[139.593592,36.495592],[139.593751,36.49549],[139.593918,36.495381],[139.594056,36.495265],[139.59423,36.49515],[139.594383,36.495034],[139.594549,36.494904],[139.594774,36.494745],[139.594956,36.494593],[139.595181,36.494448],[139.595369,36.494332],[139.59563,36.49423],[139.595934,36.494114],[139.596195,36.494034],[139.59645,36.49394],[139.596817,36.493841],[139.597072,36.49374],[139.597377,36.493617],[139.59771,36.493464],[139.597993,36.493341],[139.598182,36.493262],[139.59845,36.493139],[139.59869,36.493037],[139.598864,36.492953],[139.59905,36.492874],[139.59921,36.492815],[139.599387,36.492767],[139.600189,36.492621],[139.600342,36.492581],[139.600548,36.492497],[139.600701,36.492427],[139.600874,36.492338],[139.601097,36.492225],[139.601392,36.492093],[139.601636,36.491974],[139.601922,36.491848],[139.602099,36.491764]]}},{"type":"Feature","properties":{"id":116684924,"highway":"unclassified"},"geometry":{"type":"LineString","coordinates":[[139.599214,36.478847],[139.599276,36.478988],[139.599311,36.479213],[139.599297,36.479523],[139.599304,36.479681],[139.599346,36.479883],[139.599409,36.480069],[139.599485,36.480238],[139.599652,36.480492],[139.599987,36.480964],[139.600015,36.481009],[139.600078,36.481072],[139.60014,36.481111],[139.600259,36.481145],[139.600343,36.481196],[139.600419,36.481269],[139.600486,36.481438],[139.600517,36.481511],[139.600591,36.481542],[139.600673,36.481529],[139.600725,36.481484],[139.600719,36.481364],[139.600684,36.481241],[139.600642,36.481151],[139.60044,36.480886],[139.600356,36.480779],[139.600314,36.480655],[139.600314,36.480469],[139.600405,36.480069],[139.600405,36.47981],[139.60037,36.479574],[139.600377,36.479365],[139.600398,36.479281],[139.600517,36.479191],[139.600635,36.479151],[139.600829,36.479104],[139.60091,36.47911],[139.600993,36.479193],[139.60097,36.479275],[139.6009,36.479416],[139.600865,36.479579],[139.600865,36.479816],[139.600907,36.479991],[139.600991,36.480199],[139.601228,36.480593],[139.601757,36.481517],[139.601943,36.481958]]}},{"type":"Feature","properties":{"id":116685076,"highway":"unclassified"},"geometry":{"type":"LineString","coordinates":[[139.594496,36.495592],[139.595057,36.496135],[139.595336,36.496439],[139.595602,36.496777],[139.595845,36.49711],[139.595867,36.497155]]}},{"type":"Feature","properties":{"id":116685090,"highway":"unclassified"},"geometry":{"type":"LineString","coordinates":[[139.594653,36.49924],[139.594388,36.498907],[139.594186,36.498716],[139.594075,36.498647],[139.593914,36.498575],[139.593812,36.498547]]}},{"type":"Feature","properties":{"id":116685096,"highway":"residential"},"geometry":{"type":"LineString","coordinates":[[139.593318,36.496364],[139.593549,36.496245],[139.593781,36.496092],[139.594064,36.495889],[139.594318,36.495708],[139.594496,36.495592]]}},{"type":"Feature","properties":{"id":116685185,"highway":"residential"},"geometry":{"type":"LineString","coordinates":[[139.591174,36.499283],[139.591244,36.499367],[139.591357,36.499467],[139.591456,36.499536],[139.591591,36.499609],[139.591677,36.499653],[139.591737,36.499699]]}},{"type":"Feature","properties":{"id":116685194,"highway":"residential"},"geometry":{"type":"LineString","coordinates":[[139.587567,36.498997],[139.587809,36.498836],[139.588033,36.498698],[139.588264,36.498574],[139.588527,36.498443],[139.588728,36.498351],[139.589036,36.498208]]}},{"type":"Feature","properties":{"id":116685195,"highway":"unclassified"},"geometry":{"type":"LineString","coordinates":[[139.599528,36.497199],[139.599763,36.496715],[139.599631,36.496383],[139.599498,36.496124],[139.599338,36.49586],[139.599157,36.495606],[139.599122,36.495567]]}},{"type":"Feature","properties":{"id":116685220,"highway":"residential"},"geometry":{"type":"LineString","coordinates":[[139.589036,36.498208],[139.589229,36.498112],[139.589484,36.497996],[139.589731,36.497896],[139.589932,36.49778],[139.590202,36.497634],[139.590559,36.497427]]}},{"type":"Feature","properties":{"id":116685283,"highway":"residential"},"geometry":{"type":"LineString","coordinates":[[139.585856,36.500145],[139.586089,36.499999],[139.586382,36.499822],[139.586652,36.499629],[139.586876,36.499459],[139.587131,36.499289],[139.587339,36.499135],[139.587567,36.498997]]}},{"type":"Feature","properties":{"id":116685303,"highway":"residential"},"geometry":{"type":"LineString","coordinates":[[139.5962,36.49777],[139.596152,36.497774],[139.595859,36.497797],[139.595567,36.497837],[139.595448,36.497866],[139.595273,36.497944],[139.595155,36.498006],[139.595065,36.498054]]}},{"type":"Feature","properties":{"id":116685351,"highway":"residential"},"geometry":{"type":"LineString","coordinates":[[139.590559,36.497427],[139.590673,36.497364],[139.590897,36.497247],[139.591098,36.497124],[139.591306,36.497001],[139.591538,36.496871],[139.5918,36.49677],[139.592059,36.496697],[139.592577,36.496587]]}},{"type":"Feature","properties":{"id":136263449,"highway":"tertiary"},"geometry":{"type":"LineString","coordinates":[[139.607175,36.410542],[139.606956,36.410942],[139.60686,36.411111],[139.606422,36.411922],[139.606203,36.412312],[139.605832,36.41299],[139.605255,36.41404],[139.604961,36.414507],[139.604865,36.414652],[139.60474,36.41482],[139.60442,36.415237],[139.60419,36.415535],[139.603655,36.416245],[139.603121,36.417069],[139.602998,36.417238],[139.602885,36.417384],[139.602781,36.417507],[139.602351,36.417969],[139.602231,36.418116],[139.602173,36.418199],[139.602123,36.418277],[139.602082,36.41835],[139.602058,36.418405],[139.601905,36.418815],[139.601867,36.418892],[139.601819,36.418973],[139.601754,36.419063],[139.601409,36.419486],[139.601193,36.419811],[139.601013,36.420139],[139.600838,36.420502],[139.600718,36.420786],[139.600622,36.420983],[139.60022,36.421667],[139.600171,36.421742],[139.600124,36.421803],[139.600054,36.421875],[139.599977,36.421942],[139.599861,36.422027],[139.599768,36.422088],[139.599705,36.422123],[139.599322,36.422277],[139.599276,36.422297],[139.599231,36.422322],[139.599195,36.422351],[139.599166,36.422386],[139.599145,36.422429],[139.598963,36.42296],[139.598654,36.423806],[139.598141,36.425274],[139.597966,36.425655],[139.597525,36.426656],[139.596813,36.428303],[139.596695,36.428535],[139.596457,36.428861],[139.596113,36.429291],[139.595924,36.429574],[139.59578,36.429787],[139.595642,36.429998],[139.595482,36.430257],[139.59526,36.430689],[139.595225,36.430771],[139.59518,36.430886],[139.595142,36.430994],[139.595123,36.431042],[139.595097,36.431098],[139.595061,36.431153],[139.595011,36.431223],[139.5947,36.431567],[139.594619,36.431652],[139.594534,36.43173],[139.594456,36.431796],[139.594059,36.432109],[139.593235,36.432751],[139.593178,36.4328],[139.593116,36.432874],[139.593069,36.432938],[139.59303,36.433011],[139.593003,36.433081],[139.592974,36.433173],[139.592964,36.433201]]}},{"type":"Feature","properties":{"id":136263450,"highway":"tertiary"},"geometry":{"type":"LineString","coordinates":[[139.573637,36.39285],[139.573696,36.393028],[139.573765,36.393315],[139.573809,36.393511],[139.573868,36.393898],[139.573916,36.394461],[139.573923,36.394543],[139.573953,36.395056],[139.573949,36.395478],[139.57386,36.396564],[139.573906,36.396726],[139.573993,36.396941],[139.574271,36.397598],[139.574623,36.39843],[139.574838,36.399268],[139.574872,36.399399],[139.575258,36.399942],[139.575316,36.400132],[139.575448,36.401407],[139.575519,36.401761],[139.575936,36.402729],[139.576255,36.403492],[139.576449,36.403952],[139.576526,36.40426],[139.57651,36.404654],[139.576477,36.404968],[139.576431,36.405273],[139.576294,36.405732],[139.575662,36.407505],[139.575392,36.408165]]}},{"type":"Feature","properties":{"id":136263463,"highway":"secondary"},"geometry":{"type":"LineString","coordinates":[[139.605507,36.409961],[139.604642,36.411257],[139.604554,36.411374],[139.604452,36.411498],[139.604307,36.411634],[139.604165,36.411745],[139.604023,36.411844],[139.60386,36.411938],[139.603698,36.412014],[139.603262,36.412185],[139.60295,36.412321],[139.60282,36.412383],[139.602692,36.412457],[139.602579,36.412539],[139.602373,36.412711],[139.601002,36.413942],[139.600591,36.414358],[139.600406,36.414722],[139.599968,36.415617],[139.599266,36.416753],[139.598756,36.417532],[139.598442,36.417873],[139.597962,36.418279],[139.597213,36.418948],[139.596946,36.419217],[139.596319,36.419888],[139.596191,36.420034],[139.59611,36.420139],[139.596045,36.420254],[139.595981,36.420389],[139.595932,36.420528],[139.595599,36.421522],[139.594902,36.423533],[139.594828,36.423777],[139.594749,36.424159],[139.594605,36.424787],[139.594533,36.425048],[139.59446,36.425273],[139.594101,36.426156],[139.594037,36.426333],[139.59397,36.426501],[139.593908,36.426697],[139.593852,36.426924],[139.593827,36.427036],[139.593803,36.427174],[139.593787,36.42733],[139.593758,36.427825],[139.593726,36.428422],[139.593707,36.428577],[139.593683,36.4287],[139.593658,36.428798],[139.593607,36.428922],[139.59326,36.429665],[139.592993,36.430211],[139.592467,36.431311],[139.592117,36.432062],[139.591997,36.432316],[139.591938,36.43246],[139.591907,36.432553]]}},{"type":"Feature","properties":{"id":136263466,"highway":"secondary"},"geometry":{"type":"LineString","coordinates":[[139.60627,36.45785],[139.606235,36.457829],[139.606218,36.457804],[139.606207,36.457767],[139.606176,36.457588],[139.60613,36.457183],[139.606142,36.456914],[139.606152,36.456816],[139.606181,36.456763],[139.606237,36.456688],[139.606302,36.456631],[139.606576,36.456427],[139.606752,36.456317],[139.606923,36.456193],[139.607023,36.456083],[139.607112,36.455878],[139.607237,36.455624],[139.607523,36.45507],[139.607549,36.454982],[139.607529,36.454907],[139.607499,36.454865],[139.607445,36.45485],[139.607384,36.454857],[139.607345,36.454873],[139.607304,36.454912],[139.60725,36.454993],[139.60685,36.455762],[139.606811,36.455824],[139.606771,36.455857],[139.606726,36.455877],[139.606671,36.455888],[139.606606,36.455909],[139.606557,36.455931],[139.606503,36.455967],[139.606268,36.456189],[139.606201,36.456224],[139.606111,36.456256],[139.605982,36.456279],[139.605629,36.456278],[139.605525,36.456253],[139.605412,36.456207],[139.605112,36.456078],[139.605045,36.456063],[139.60494,36.45605],[139.604812,36.456028],[139.604743,36.455992],[139.604538,36.455787],[139.604512,36.455784],[139.604444,36.455786],[139.604265,36.455817],[139.604055,36.455852],[139.60393,36.455855],[139.603729,36.45581],[139.603263,36.455594],[139.602392,36.455151],[139.602093,36.454954],[139.601967,36.454785],[139.601861,36.454617],[139.601822,36.454321],[139.601841,36.453716],[139.601812,36.453483],[139.601761,36.453373],[139.601629,36.45326],[139.601184,36.453155],[139.600413,36.453053],[139.600159,36.452937],[139.600059,36.452769],[139.600042,36.452655],[139.600277,36.451543],[139.600312,36.451268],[139.600257,36.451122],[139.599984,36.450921],[139.599489,36.450744],[139.59924,36.450601],[139.599015,36.450356],[139.59894,36.450213],[139.598605,36.44925],[139.598306,36.447908],[139.598138,36.447609],[139.597827,36.447156],[139.59763,36.446871],[139.597551,36.446763],[139.597216,36.446518],[139.596922,36.446138],[139.596844,36.446004],[139.596793,36.445843],[139.596721,36.445594],[139.596711,36.445403],[139.596728,36.444984],[139.596719,36.444918],[139.596693,36.444848],[139.596637,36.444778],[139.596566,36.444722],[139.596504,36.444691],[139.596326,36.444624],[139.596191,36.444591],[139.59609,36.444583],[139.595971,36.444594],[139.595686,36.44467],[139.595556,36.444685],[139.595499,36.444686],[139.595393,36.444678],[139.595334,36.444662],[139.595295,36.444639],[139.595258,36.444598],[139.595144,36.444401],[139.595092,36.444325],[139.594988,36.444222],[139.594839,36.444053],[139.594777,36.443959],[139.594746,36.443884],[139.594739,36.443803],[139.594754,36.443723],[139.594793,36.443611],[139.59485,36.443511],[139.594919,36.443397],[139.595,36.44329],[139.595079,36.44321],[139.595313,36.442973],[139.595341,36.442931],[139.595398,36.442805],[139.59543,36.442697]]}},{"type":"Feature","properties":{"id":136263470,"highway":"secondary"},"geometry":{"type":"LineString","coordinates":[[139.59543,36.442697],[139.595309,36.442698],[139.59521,36.442714],[139.595115,36.442765],[139.595047,36.442835],[139.59482,36.44328],[139.59476,36.443403],[139.594653,36.443607],[139.594602,36.443701],[139.594341,36.444043],[139.594031,36.444413],[139.593936,36.444576],[139.59389,36.444719],[139.59387,36.444848],[139.593864,36.444992],[139.593894,36.445268],[139.593897,36.445368],[139.593875,36.445466],[139.593773,36.445638],[139.593484,36.445987],[139.593422,36.44609],[139.593382,36.44619],[139.593354,36.446321],[139.593247,36.446808],[139.59321,36.446963],[139.593143,36.447117],[139.59307,36.447261],[139.592877,36.447619],[139.592844,36.4477],[139.592814,36.44781],[139.592794,36.447912],[139.592771,36.448162],[139.592761,36.448562],[139.592771,36.448652],[139.592789,36.448742],[139.592808,36.448813],[139.592827,36.448911],[139.592834,36.448993],[139.592827,36.449098],[139.592816,36.449186],[139.592781,36.449291],[139.592732,36.449415],[139.592375,36.450175],[139.592038,36.450902],[139.591669,36.451685],[139.591327,36.452452],[139.591185,36.452724],[139.591029,36.453009],[139.590908,36.453265],[139.590839,36.45339],[139.590774,36.453486],[139.590717,36.453558],[139.590634,36.453644],[139.590384,36.453828],[139.589697,36.454332],[139.589524,36.454448],[139.58926,36.454576],[139.588518,36.454911],[139.588238,36.455052],[139.588136,36.455134],[139.588069,36.455212],[139.588015,36.455326],[139.587959,36.455514],[139.587913,36.455717],[139.58787,36.455823],[139.587766,36.455966],[139.587669,36.456056],[139.587527,36.456144],[139.587365,36.456191],[139.5871,36.456241],[139.586595,36.456323],[139.586478,36.456346],[139.586388,36.45637],[139.586282,36.456413]]}},{"type":"Feature","properties":{"id":136263472,"highway":"secondary"},"geometry":{"type":"LineString","coordinates":[[139.586402,36.408047],[139.585562,36.407754],[139.585281,36.407684],[139.58496,36.407697],[139.58445,36.407766],[139.583924,36.407871],[139.583254,36.408136],[139.583118,36.408168],[139.5825,36.408283],[139.580693,36.408547],[139.580215,36.40859],[139.579916,36.408553],[139.579508,36.408446],[139.578654,36.408192],[139.577996,36.408028],[139.577761,36.408021],[139.577562,36.408057],[139.577326,36.408136],[139.576963,36.408299],[139.576692,36.40835],[139.576619,36.408363],[139.576418,36.40837],[139.576168,36.408341],[139.575392,36.408165],[139.575263,36.408133]]}},{"type":"Feature","properties":{"id":136263473,"highway":"secondary"},"geometry":{"type":"LineString","coordinates":[[139.588651,36.408337],[139.587356,36.408214],[139.586402,36.408047]]}},{"type":"Feature","properties":{"id":198314300,"highway":"service"},"geometry":{"type":"LineString","coordinates":[[139.596739,36.400224],[139.596518,36.400199],[139.596197,36.40017],[139.595841,36.400129],[139.595619,36.400089],[139.595427,36.40003],[139.595246,36.399955],[139.595101,36.399867],[139.594955,36.399791],[139.594751,36.399698],[139.594517,36.399646],[139.594182,36.399633]]}},{"type":"Feature","properties":{"id":198314306,"highway":"residential"},"geometry":{"type":"LineString","coordinates":[[139.570186,36.399953],[139.569929,36.399965],[139.569065,36.399911],[139.568883,36.399942],[139.568481,36.399973],[139.568271,36.399979],[139.568178,36.399978],[139.56792,36.399866],[139.567797,36.399869],[139.567494,36.400035],[139.567353,36.400104]]}},{"type":"Feature","properties":{"id":198314318,"highway":"service"},"geometry":{"type":"LineString","coordinates":[[139.576379,36.401178],[139.576286,36.400941],[139.576251,36.400828],[139.576223,36.400704],[139.57616,36.400655],[139.575994,36.400506],[139.575842,36.40036],[139.575798,36.400295],[139.575719,36.400211],[139.575629,36.40014],[139.5755,36.400065],[139.575417,36.400014],[139.575277,36.39995],[139.575258,36.399942]]}},{"type":"Feature","properties":{"id":198315349,"highway":"unclassified"},"geometry":{"type":"LineString","coordinates":[[139.575448,36.401407],[139.575306,36.401444]]}},{"type":"Feature","properties":{"id":198317384,"highway":"service"},"geometry":{"type":"LineString","coordinates":[[139.601482,36.401233],[139.601288,36.401162],[139.601118,36.401104],[139.600879,36.400975],[139.600704,36.400853],[139.60057,36.400766],[139.600395,36.400643],[139.600267,36.400568],[139.600155,36.400504],[139.60005,36.400469],[139.599957,36.400498],[139.599723,36.400585],[139.599607,36.400614],[139.599462,36.400626],[139.599322,36.400614],[139.599112,36.400573],[139.598902,36.400527],[139.598691,36.400492],[139.598423,36.400457],[139.598114,36.400422],[139.597526,36.400351],[139.59699,36.400252],[139.596739,36.400224]]}},{"type":"Feature","properties":{"id":198317878,"highway":"residential"},"geometry":{"type":"LineString","coordinates":[[139.574067,36.401886],[139.574294,36.401794]]}},{"type":"Feature","properties":{"id":198318323,"highway":"residential"},"geometry":{"type":"LineString","coordinates":[[139.574294,36.401794],[139.575306,36.401444]]}},{"type":"Feature","properties":{"id":198318847,"highway":"service"},"geometry":{"type":"LineString","coordinates":[[139.566638,36.400667],[139.565793,36.401016],[139.565715,36.401084],[139.565777,36.401475]]}},{"type":"Feature","properties":{"id":198318886,"highway":"service"},"geometry":{"type":"LineString","coordinates":[[139.59442,36.402205],[139.594511,36.402141],[139.594588,36.402081],[139.594667,36.40203],[139.59473,36.401989],[139.594806,36.401951],[139.594886,36.401916],[139.594984,36.401871],[139.595082,36.401843],[139.595196,36.401811],[139.595314,36.401776],[139.59545,36.401748],[139.595571,36.401732],[139.59571,36.40171],[139.595812,36.401681],[139.595902,36.401636],[139.595946,36.401601],[139.595974,36.401539],[139.596027,36.401394],[139.596079,36.401202],[139.596149,36.401039],[139.596272,36.400847],[139.596394,36.40073],[139.596488,36.40066],[139.596517,36.400596],[139.596447,36.400526],[139.596283,36.400427],[139.596132,36.400375],[139.595951,36.400363],[139.595604,36.40038],[139.595365,36.400403],[139.595085,36.400397],[139.594887,36.400368],[139.594689,36.400286],[139.594473,36.400188],[139.594351,36.400106],[139.594251,36.399995],[139.594164,36.399925]]}},{"type":"Feature","properties":{"id":198319331,"highway":"unclassified"},"geometry":{"type":"LineString","coordinates":[[139.575448,36.401407],[139.575961,36.401274],[139.576128,36.401223],[139.576379,36.401178]]}},{"type":"Feature","properties":{"id":198319851,"highway":"tertiary"},"geometry":{"type":"LineString","coordinates":[[139.570308,36.398164],[139.570132,36.398183],[139.569853,36.39822],[139.569447,36.398287],[139.569264,36.398347],[139.568944,36.398478],[139.568293,36.398758],[139.56603,36.399702],[139.565477,36.399937],[139.564562,36.400338],[139.564307,36.400511],[139.564133,36.400683],[139.563966,36.400731],[139.563903,36.400729],[139.563669,36.400678],[139.563498,36.400619],[139.563299,36.400596],[139.56324,36.400608],[139.563208,36.400614],[139.563125,36.400664],[139.563046,36.400775],[139.562891,36.400978],[139.562759,36.401135],[139.562589,36.401245],[139.562372,36.401422],[139.561733,36.401975],[139.561405,36.40237],[139.561231,36.402658],[139.561133,36.402767],[139.561032,36.402839],[139.560869,36.402945],[139.560822,36.40305],[139.560788,36.40338],[139.56074,36.403478],[139.560639,36.403557],[139.560506,36.40362],[139.560239,36.4037],[139.559975,36.403772],[139.559799,36.403853],[139.559633,36.40398],[139.559466,36.404153],[139.559374,36.404355],[139.559287,36.404467],[139.559088,36.404601],[139.558916,36.404705],[139.558698,36.404853],[139.558573,36.404997],[139.55842,36.405259],[139.55822,36.405692],[139.558169,36.405874],[139.558143,36.406306],[139.558179,36.406501],[139.558376,36.40686],[139.558969,36.407282]]}},{"type":"Feature","properties":{"id":198320158,"highway":"residential"},"geometry":{"type":"LineString","coordinates":[[139.564446,36.40177],[139.564303,36.401381],[139.564207,36.400917],[139.564188,36.400846],[139.564133,36.400683]]}},{"type":"Feature","properties":{"id":198320491,"highway":"residential"},"geometry":{"type":"LineString","coordinates":[[139.566638,36.400667],[139.566972,36.400521],[139.567133,36.400409]]}},{"type":"Feature","properties":{"id":198321505,"highway":"residential"},"geometry":{"type":"LineString","coordinates":[[139.567133,36.400409],[139.567224,36.400289],[139.567215,36.40018],[139.567253,36.400143],[139.567353,36.400104]]}},{"type":"Feature","properties":{"id":198321609,"highway":"service"},"geometry":{"type":"LineString","coordinates":[[139.576511,36.402054],[139.576479,36.401415],[139.576442,36.401294],[139.576379,36.401178]]}},{"type":"Feature","properties":{"id":198321669,"highway":"residential"},"geometry":{"type":"LineString","coordinates":[[139.578084,36.402426],[139.578035,36.402387],[139.577544,36.402384],[139.577329,36.40233],[139.576994,36.402287],[139.576701,36.40221],[139.576511,36.402054],[139.576342,36.401939],[139.57615,36.401838],[139.576021,36.401814],[139.575828,36.401791],[139.575519,36.401761]]}},{"type":"Feature","properties":{"id":198321690,"highway":"service"},"geometry":{"type":"LineString","coordinates":[[139.564446,36.40177],[139.564665,36.401708],[139.564837,36.401649],[139.564957,36.401632],[139.565065,36.401665],[139.565127,36.401702],[139.565168,36.401884],[139.565229,36.402342]]}},{"type":"Feature","properties":{"id":198321834,"highway":"residential"},"geometry":{"type":"LineString","coordinates":[[139.56508,36.399476],[139.564572,36.399873],[139.564426,36.400166],[139.564307,36.400511]]}},{"type":"Feature","properties":{"id":198322085,"highway":"unclassified"},"geometry":{"type":"LineString","coordinates":[[139.576379,36.401178],[139.576634,36.401178],[139.577171,36.40125],[139.57737,36.401295],[139.577519,36.401287],[139.57762,36.401258],[139.577941,36.401144],[139.578195,36.401085],[139.578479,36.401063],[139.57865,36.401064],[139.578696,36.401079],[139.578813,36.401122],[139.579022,36.401157]]}},{"type":"Feature","properties":{"id":198322110,"highway":"service"},"geometry":{"type":"LineString","coordinates":[[139.594164,36.399925],[139.59412,36.400123],[139.594079,36.400278],[139.594009,36.400421],[139.593923,36.400509],[139.593819,36.400595],[139.593686,36.400689],[139.593597,36.400731],[139.593397,36.400769],[139.593245,36.400778],[139.593086,36.400784],[139.592937,36.400781],[139.592791,36.400753],[139.592674,36.400693],[139.592557,36.400582],[139.592478,36.400487],[139.592358,36.400357],[139.592247,36.400255],[139.592164,36.400189],[139.592069,36.400132],[139.591986,36.400097],[139.591881,36.400088],[139.591751,36.400104],[139.591628,36.400135],[139.591466,36.400195],[139.591393,36.400227],[139.591317,36.40029],[139.591247,36.400382],[139.591177,36.400506],[139.591095,36.400667],[139.59099,36.400949],[139.590628,36.401777],[139.59059,36.401878],[139.590564,36.401977],[139.590561,36.402084],[139.59058,36.402127],[139.590634,36.402143],[139.590695,36.40214],[139.590901,36.402054],[139.591065,36.401947],[139.591254,36.401852],[139.591386,36.401801],[139.591466,36.401779],[139.591558,36.401763],[139.591732,36.401748],[139.591919,36.401739],[139.592094,36.401736],[139.592201,36.401732],[139.592296,36.401704],[139.592426,36.401672],[139.592553,36.401646],[139.592664,36.401631],[139.592813,36.401618],[139.59293,36.401615],[139.59306,36.401637],[139.593171,36.401684],[139.593273,36.401738],[139.593362,36.401808],[139.593425,36.401897],[139.593447,36.401973],[139.593447,36.402093],[139.593428,36.402225],[139.593434,36.402323],[139.593457,36.40239],[139.593504,36.402418],[139.593587,36.402431],[139.59372,36.402418],[139.59392,36.402387],[139.594126,36.402343],[139.594233,36.402315],[139.594315,36.402283],[139.594416,36.402207],[139.59442,36.402205]]}},{"type":"Feature","properties":{"id":198322191,"highway":"residential"},"geometry":{"type":"LineString","coordinates":[[139.566638,36.400667],[139.566537,36.400524],[139.566426,36.400298],[139.56635,36.400152],[139.566322,36.400107],[139.566224,36.399916],[139.566139,36.399761],[139.56603,36.399702]]}},{"type":"Feature","properties":{"id":198322544,"highway":"service"},"geometry":{"type":"LineString","coordinates":[[139.565127,36.401702],[139.565258,36.401592],[139.565337,36.401589],[139.565481,36.401614],[139.565671,36.401565],[139.565777,36.401475]]}},{"type":"Feature","properties":{"id":198325697,"highway":"secondary"},"geometry":{"type":"LineString","coordinates":[[139.511129,36.469162],[139.511183,36.469094],[139.511577,36.468362],[139.51164,36.468238],[139.511693,36.468123],[139.511937,36.467506],[139.511985,36.467416],[139.512051,36.467315],[139.512117,36.467241],[139.512181,36.46718],[139.51225,36.467125],[139.512402,36.467024],[139.513298,36.466437],[139.513528,36.466281],[139.513659,36.466167],[139.513777,36.46605],[139.513906,36.465903],[139.514,36.465776],[139.51407,36.465662],[139.514325,36.46517],[139.514485,36.464835],[139.514694,36.464428],[139.514946,36.464007],[139.515005,36.463906],[139.515062,36.463817],[139.515124,36.463731],[139.51519,36.463658],[139.515645,36.463178],[139.515695,36.463131],[139.515748,36.463082],[139.515925,36.462946],[139.515994,36.4629],[139.516066,36.462851],[139.516164,36.462799],[139.516322,36.462732],[139.516446,36.462688],[139.517427,36.462418],[139.517476,36.462409],[139.517559,36.462399],[139.517886,36.462389],[139.519252,36.46238],[139.519323,36.462374],[139.519481,36.462358],[139.519598,36.46233],[139.519656,36.46231],[139.519742,36.462279],[139.519862,36.462217],[139.519967,36.462146],[139.520352,36.461852],[139.520464,36.461771],[139.520675,36.461619],[139.520825,36.461507],[139.520901,36.461435],[139.520962,36.461364],[139.521029,36.461268],[139.521082,36.461158],[139.521091,36.461133],[139.521181,36.460859],[139.521373,36.460282],[139.521478,36.460034],[139.521544,36.459905],[139.521612,36.45977],[139.521706,36.459631],[139.521823,36.459482],[139.521894,36.459398],[139.521974,36.459316],[139.522068,36.459223],[139.522223,36.459085],[139.522364,36.458977],[139.52251,36.458875],[139.522631,36.4588],[139.522712,36.458753],[139.522881,36.458656],[139.523482,36.458344],[139.523596,36.458285],[139.524014,36.458071],[139.525137,36.457465],[139.525893,36.457047],[139.526616,36.456652],[139.526759,36.456584],[139.527061,36.456443],[139.527231,36.456363],[139.527346,36.456306],[139.527491,36.45623],[139.52766,36.456129],[139.527841,36.456],[139.528594,36.455449],[139.528862,36.455234],[139.528974,36.455128],[139.52908,36.455016],[139.529165,36.454919],[139.529264,36.454794],[139.529427,36.454549],[139.529547,36.45436],[139.529896,36.453807],[139.53037,36.453009],[139.530787,36.452332],[139.530979,36.452015],[139.531131,36.451776],[139.531195,36.451693],[139.531265,36.451612],[139.53134,36.451538],[139.53146,36.451433],[139.532288,36.450762],[139.533092,36.450186],[139.533247,36.450067],[139.533368,36.449957],[139.533483,36.449833],[139.533556,36.449732],[139.533612,36.449641],[139.533652,36.449571],[139.533709,36.449421],[139.533861,36.448899],[139.533907,36.448759],[139.533952,36.448654],[139.534016,36.448538],[139.534063,36.448473],[139.534154,36.448355],[139.534287,36.448211],[139.534606,36.447885],[139.534857,36.447629],[139.53512,36.447329],[139.535292,36.447129],[139.535383,36.447036],[139.535475,36.446939],[139.535577,36.446865],[139.535639,36.446821],[139.535715,36.446777],[139.535801,36.44674],[139.535888,36.446703],[139.536402,36.446556],[139.537086,36.446374],[139.537901,36.446143],[139.538606,36.445928],[139.539047,36.445813],[139.539269,36.445768],[139.539447,36.445735],[139.539663,36.445705],[139.539866,36.445672],[139.540009,36.445631],[139.540135,36.445583],[139.540301,36.445494],[139.540427,36.445417],[139.540524,36.445348],[139.541363,36.444752],[139.541476,36.444664],[139.541596,36.444542],[139.541672,36.444442],[139.541739,36.444319],[139.541773,36.444218],[139.541782,36.444129],[139.541785,36.444103],[139.541774,36.443989],[139.54175,36.443874],[139.541704,36.443769],[139.541646,36.443655],[139.54148,36.443357],[139.541326,36.44305],[139.541261,36.442903],[139.54121,36.442763],[139.541076,36.44236],[139.541023,36.442161],[139.540995,36.442027],[139.540958,36.441851],[139.540869,36.441164],[139.540827,36.440942],[139.540793,36.440824],[139.540747,36.440707],[139.54069,36.440573],[139.540604,36.440396],[139.540355,36.439884],[139.540049,36.439208],[139.53963,36.438226],[139.539622,36.438204],[139.539597,36.438127],[139.539577,36.438031],[139.539574,36.437925],[139.539599,36.437185],[139.539601,36.436879],[139.539601,36.436759],[139.5396,36.436694],[139.53956,36.436297],[139.539547,36.436112]]}},{"type":"Feature","properties":{"id":198325715,"highway":"secondary"},"geometry":{"type":"LineString","coordinates":[[139.500168,36.491979],[139.50032,36.492068]]}},{"type":"Feature","properties":{"id":198325722,"highway":"secondary"},"geometry":{"type":"LineString","coordinates":[[139.500562,36.481503],[139.500538,36.481526],[139.499982,36.482053],[139.499678,36.482423],[139.498984,36.483339],[139.498834,36.483534],[139.498584,36.48386],[139.498259,36.484283],[139.49759,36.485159],[139.497507,36.485263],[139.497278,36.48555],[139.497144,36.485724],[139.497044,36.485874],[139.496924,36.486069],[139.496855,36.486201],[139.496809,36.486334],[139.496788,36.486432],[139.496778,36.486537],[139.496774,36.486628],[139.49678,36.48675],[139.49681,36.487071],[139.496887,36.487561],[139.496913,36.487676],[139.496941,36.487779],[139.496989,36.487876],[139.497051,36.487965],[139.497426,36.488374],[139.497777,36.488745],[139.498013,36.489008],[139.498089,36.489112],[139.49828,36.489437],[139.498384,36.489571],[139.498468,36.489651],[139.498886,36.489973],[139.499001,36.490089],[139.499079,36.490195],[139.499116,36.49027],[139.49921,36.490494],[139.499262,36.490597],[139.499392,36.49079],[139.499457,36.490907],[139.499489,36.490999],[139.499565,36.491362],[139.49962,36.491542],[139.499658,36.491633],[139.499717,36.491717],[139.499796,36.491788],[139.499897,36.491846],[139.500168,36.491979]]}},{"type":"Feature","properties":{"id":198325739,"highway":"secondary"},"geometry":{"type":"LineString","coordinates":[[139.494937,36.501475],[139.495211,36.501353],[139.495511,36.501137],[139.495679,36.500931],[139.496021,36.50029],[139.49633,36.499748],[139.496482,36.499451],[139.496688,36.499125],[139.496835,36.499005],[139.497104,36.498946],[139.497422,36.498893],[139.497558,36.498829],[139.497682,36.498753],[139.497848,36.498642],[139.497983,36.498505],[139.498279,36.498208],[139.498524,36.497973],[139.498806,36.497685],[139.49918,36.497471],[139.499546,36.497358],[139.50009,36.497256],[139.500416,36.497182],[139.500626,36.497065],[139.501332,36.496599],[139.501467,36.49643],[139.501544,36.496234],[139.501658,36.496055],[139.501801,36.495876],[139.501942,36.495553],[139.502021,36.494972],[139.502026,36.494802],[139.501967,36.494266],[139.50195,36.494203],[139.501884,36.494095],[139.501815,36.494014]]}},{"type":"Feature","properties":{"id":198325749,"highway":"secondary"},"geometry":{"type":"LineString","coordinates":[[139.500727,36.481348],[139.502187,36.47998],[139.50266,36.479504],[139.502726,36.479425],[139.503024,36.479035],[139.503239,36.478755],[139.503394,36.478544],[139.503432,36.478498],[139.50348,36.478453],[139.503537,36.478407],[139.50361,36.478366],[139.50369,36.478335],[139.503772,36.478312],[139.503935,36.478272],[139.504639,36.478126],[139.504837,36.478077],[139.505123,36.477992],[139.5056,36.477842],[139.505831,36.477746],[139.506014,36.477656],[139.5061,36.477606],[139.506202,36.477538],[139.506296,36.477459],[139.506381,36.477376],[139.506456,36.477292],[139.506518,36.477208],[139.50659,36.4771],[139.506642,36.477],[139.506685,36.476903],[139.506727,36.476785],[139.506755,36.476666],[139.506763,36.476562],[139.506764,36.476414],[139.50676,36.476318],[139.506738,36.476174],[139.506704,36.476038],[139.506646,36.47588],[139.506508,36.475588],[139.506094,36.474839],[139.505948,36.474599],[139.505921,36.474535],[139.505904,36.474469],[139.505892,36.474396],[139.505885,36.474296],[139.505888,36.474223],[139.505905,36.47414],[139.505924,36.474078],[139.505947,36.474019],[139.505983,36.473951],[139.506025,36.47388],[139.506079,36.473804],[139.506133,36.473746],[139.506206,36.473677],[139.506306,36.473601],[139.506466,36.47351],[139.506603,36.473435],[139.507166,36.473165],[139.507417,36.473041],[139.507549,36.472969],[139.507657,36.472898],[139.507727,36.472843],[139.507789,36.472787],[139.508115,36.472449],[139.508168,36.472381],[139.508214,36.472318],[139.508262,36.472231],[139.508303,36.472133],[139.508317,36.472073],[139.508327,36.472024],[139.508348,36.471712],[139.508359,36.471656],[139.508383,36.471592],[139.508412,36.471546],[139.508459,36.471488],[139.509011,36.470977],[139.509226,36.47078],[139.509618,36.470458],[139.509756,36.470319],[139.510073,36.470034],[139.510258,36.469885],[139.510574,36.46965],[139.510795,36.469485]]}},{"type":"Feature","properties":{"id":198325763,"highway":"secondary"},"geometry":{"type":"LineString","coordinates":[[139.510795,36.469485],[139.510908,36.469393],[139.511009,36.469296],[139.511079,36.46922],[139.511129,36.469162]]}},{"type":"Feature","properties":{"id":198325798,"highway":"secondary"},"geometry":{"type":"LineString","coordinates":[[139.519604,36.519095],[139.519619,36.518921],[139.519654,36.518789],[139.51972,36.518628],[139.519895,36.518338],[139.519997,36.518077],[139.520184,36.51764],[139.520247,36.517462],[139.520284,36.517296],[139.520305,36.51709],[139.520299,36.516955],[139.520252,36.516795],[139.520203,36.516674],[139.520063,36.516323],[139.519969,36.516057],[139.519875,36.515872],[139.519764,36.515707],[139.519635,36.51551],[139.519588,36.515357],[139.519567,36.515109],[139.519554,36.514948],[139.519507,36.514851],[139.51942,36.514766],[139.519324,36.514728],[139.519247,36.514683],[139.519059,36.514616],[139.518951,36.514581],[139.518852,36.514524],[139.518769,36.514452],[139.51872,36.514355],[139.518648,36.514126],[139.518598,36.513901],[139.518515,36.513563],[139.518484,36.513288],[139.518489,36.513123],[139.518514,36.512976],[139.518559,36.512825],[139.518678,36.512496],[139.518877,36.512124],[139.519025,36.51182],[139.519227,36.511478],[139.519463,36.511085],[139.519623,36.510879],[139.519753,36.510652],[139.519855,36.51046],[139.519966,36.51021],[139.520149,36.509786],[139.520214,36.50964],[139.520267,36.509555],[139.520323,36.509481],[139.520378,36.509411],[139.52048,36.50932],[139.520633,36.509204],[139.52077,36.509107],[139.520861,36.509037],[139.520969,36.508939],[139.521067,36.50883],[139.521138,36.508718],[139.521198,36.508557],[139.521231,36.508424],[139.521246,36.508361],[139.52129,36.508177],[139.521319,36.50808],[139.521385,36.50792],[139.521453,36.50778],[139.521555,36.507623],[139.521814,36.50723],[139.521829,36.507207],[139.521985,36.50697],[139.522148,36.50671],[139.522207,36.506602],[139.522229,36.506552],[139.522264,36.506459],[139.522279,36.50642],[139.522294,36.506357],[139.522315,36.506241],[139.522363,36.505824],[139.522448,36.50534],[139.522476,36.505196],[139.522567,36.504906],[139.522617,36.504729],[139.522635,36.504483],[139.522634,36.504365],[139.522614,36.504265],[139.522589,36.504202],[139.522553,36.504136],[139.522357,36.503845],[139.522127,36.503505],[139.522072,36.503382],[139.521959,36.503014],[139.521807,36.502457],[139.52179,36.502291],[139.521775,36.502047],[139.521784,36.501911],[139.521821,36.501637],[139.521872,36.501435],[139.521942,36.501223],[139.522158,36.500623],[139.522331,36.500083],[139.522371,36.499846],[139.522394,36.499637],[139.522384,36.499471],[139.522358,36.499331],[139.522255,36.498943],[139.522244,36.49889],[139.522245,36.498848],[139.522256,36.498802],[139.522281,36.498755],[139.522292,36.498733]]}},{"type":"Feature","properties":{"id":198325816,"highway":"secondary"},"geometry":{"type":"LineString","coordinates":[[139.551897,36.473409],[139.551972,36.473267],[139.5521,36.472958]]}},{"type":"Feature","properties":{"id":198325823,"highway":"secondary"},"geometry":{"type":"LineString","coordinates":[[139.5521,36.472958],[139.552289,36.472549],[139.552401,36.47234],[139.552507,36.472171],[139.552842,36.471702],[139.553121,36.471317],[139.553404,36.470931],[139.553496,36.470797],[139.553565,36.470651],[139.553612,36.470521],[139.553655,36.470363],[139.553669,36.470252],[139.553678,36.470153],[139.553702,36.469685],[139.553718,36.469473],[139.553754,36.469275],[139.55379,36.469124],[139.553837,36.468974],[139.554305,36.467841],[139.554444,36.467533],[139.554509,36.467411],[139.554589,36.467294],[139.554699,36.467175],[139.554859,36.467032],[139.555072,36.46691],[139.555244,36.46685],[139.555735,36.46671],[139.555913,36.466659],[139.556159,36.466583],[139.556287,36.466531],[139.556387,36.466478],[139.556547,36.466368],[139.556633,36.466294],[139.556697,36.466223],[139.556794,36.466106],[139.557086,36.465715],[139.557727,36.464847],[139.557854,36.464677],[139.558075,36.464351],[139.558243,36.464047],[139.558359,36.463802],[139.558441,36.463493],[139.558476,36.463302],[139.558509,36.463078],[139.55855,36.462806],[139.558581,36.462657],[139.558609,36.462565],[139.558649,36.462482],[139.558696,36.462416],[139.558753,36.462345],[139.558811,36.462285],[139.558889,36.462221],[139.558972,36.462165],[139.559263,36.461987],[139.55982,36.461679],[139.559962,36.461587],[139.560035,36.461535],[139.560096,36.461468],[139.560443,36.460989],[139.560664,36.460676],[139.560915,36.460333],[139.560992,36.460217],[139.561026,36.460154],[139.56104,36.460075],[139.561111,36.459657],[139.56119,36.459284],[139.561244,36.459043],[139.561281,36.458835],[139.561291,36.458516],[139.561302,36.458447],[139.561327,36.458387],[139.561367,36.458321],[139.561418,36.458268],[139.561747,36.457995],[139.561882,36.457893],[139.562093,36.457769],[139.56223,36.457721],[139.562403,36.457701],[139.562594,36.457705],[139.562846,36.457786],[139.56319,36.457932],[139.563386,36.458008],[139.563481,36.458038],[139.563572,36.458058],[139.563667,36.458064],[139.563775,36.45807],[139.563873,36.458061],[139.563977,36.458044],[139.564807,36.457831],[139.564867,36.457815]]}},{"type":"Feature","properties":{"id":198325828,"highway":"secondary"},"geometry":{"type":"LineString","coordinates":[[139.522292,36.498733],[139.522441,36.498502]]}},{"type":"Feature","properties":{"id":198325829,"highway":"secondary"},"geometry":{"type":"LineString","coordinates":[[139.564867,36.457815],[139.565422,36.457664]]}},{"type":"Feature","properties":{"id":198325858,"highway":"secondary"},"geometry":{"type":"LineString","coordinates":[[139.551897,36.473409],[139.551859,36.473472],[139.551789,36.473571],[139.5516,36.473795],[139.551448,36.473964],[139.55135,36.474092],[139.551255,36.474255],[139.550914,36.47495],[139.550834,36.475098],[139.550751,36.47523],[139.55063,36.475407],[139.550515,36.475556],[139.550437,36.475644],[139.550339,36.475733],[139.549904,36.476039],[139.54979,36.476125],[139.549562,36.476319],[139.549106,36.4767],[139.549029,36.476781],[139.548968,36.476884],[139.548868,36.477119],[139.548804,36.477242],[139.548744,36.477338],[139.548501,36.477679],[139.548376,36.477871],[139.548309,36.477987],[139.548238,36.478124],[139.548128,36.478349],[139.548034,36.478566],[139.5479,36.478909],[139.547795,36.479235],[139.547589,36.479917],[139.547499,36.480172],[139.547412,36.480374],[139.54728,36.480561],[139.546789,36.481281],[139.546741,36.481351],[139.546454,36.481769],[139.546371,36.481913],[139.546283,36.48208],[139.546062,36.482568],[139.545966,36.482752],[139.545862,36.482907],[139.545754,36.483046],[139.545623,36.483199],[139.545533,36.483292],[139.5454,36.483404],[139.545246,36.483523],[139.544934,36.483745],[139.544728,36.483884],[139.544139,36.484194],[139.543937,36.484327],[139.543821,36.48442],[139.543745,36.484527],[139.543712,36.484644],[139.543681,36.484901],[139.543656,36.485116],[139.543622,36.485239],[139.543566,36.485368],[139.543416,36.485659],[139.542964,36.486446],[139.542749,36.486766],[139.542713,36.486821],[139.542575,36.487027],[139.54221,36.487553],[139.542117,36.487648],[139.542011,36.487742],[139.541546,36.488022],[139.540862,36.488398],[139.540727,36.488518],[139.540707,36.488535],[139.540615,36.488693],[139.540367,36.489371],[139.540211,36.489714],[139.54014,36.489821],[139.54008,36.489971],[139.540033,36.490123],[139.540018,36.490238],[139.540028,36.490401],[139.540075,36.490659],[139.540073,36.490794],[139.540048,36.490953],[139.539976,36.491168],[139.539807,36.491587],[139.539714,36.491779],[139.539641,36.491915],[139.53955,36.492021],[139.539294,36.492262],[139.538914,36.492579],[139.538724,36.492715],[139.53848,36.492841],[139.537972,36.493072],[139.537056,36.493444],[139.53633,36.493767],[139.535683,36.494056],[139.535067,36.49429],[139.534964,36.494317],[139.534856,36.494355],[139.534736,36.494414],[139.534639,36.494476],[139.534375,36.494685],[139.53402,36.494959],[139.533722,36.49511],[139.533424,36.49521],[139.533299,36.495321],[139.533206,36.495512],[139.53309,36.495691],[139.532898,36.495877],[139.532681,36.496054],[139.532466,36.496229],[139.53198,36.496631],[139.531815,36.496775],[139.531689,36.496862],[139.531463,36.496986],[139.531206,36.497107],[139.531021,36.497164],[139.530867,36.497191],[139.530742,36.497192],[139.530607,36.497166],[139.530087,36.497017],[139.52993,36.496992],[139.529801,36.496989],[139.529688,36.496995],[139.529538,36.497018],[139.529188,36.497115],[139.528841,36.497221],[139.528073,36.497437],[139.527875,36.497479],[139.527665,36.4975],[139.5275,36.497499],[139.527338,36.497496],[139.527187,36.497485],[139.526562,36.497421],[139.526407,36.497411],[139.526249,36.497407],[139.526137,36.497412],[139.525845,36.497442],[139.52505,36.497553],[139.524383,36.497643],[139.524313,36.497655],[139.52386,36.497729],[139.52317,36.497906],[139.522942,36.497963],[139.522875,36.497995],[139.522792,36.498058],[139.522734,36.49811],[139.522676,36.49818],[139.522441,36.498502]]}},{"type":"Feature","properties":{"id":198325860,"highway":"secondary"},"geometry":{"type":"LineString","coordinates":[[139.592646,36.433741],[139.592543,36.433785],[139.592422,36.433817],[139.592177,36.433865],[139.591835,36.433929],[139.591278,36.43405],[139.591175,36.434075],[139.591094,36.434098],[139.591025,36.43413],[139.590942,36.434168],[139.590822,36.43424],[139.590716,36.434306],[139.590656,36.434357],[139.59062,36.434391],[139.59059,36.434436],[139.590533,36.434534],[139.590387,36.434806],[139.590287,36.434997],[139.590198,36.435183],[139.590126,36.435381],[139.589837,36.436179],[139.589792,36.4363],[139.589506,36.43707],[139.589422,36.437276],[139.589337,36.43741],[139.589249,36.437523],[139.589184,36.437583],[139.589051,36.437674],[139.588053,36.438297],[139.587798,36.438467],[139.587331,36.438777],[139.587116,36.438935],[139.58672,36.439297],[139.585974,36.439987],[139.585231,36.440584],[139.584809,36.440924],[139.5843,36.441269],[139.584198,36.441354],[139.584092,36.441464],[139.583807,36.441834],[139.583697,36.442043],[139.583654,36.442191],[139.583596,36.442396],[139.583483,36.442584],[139.583143,36.443105],[139.582739,36.443676],[139.582651,36.443826],[139.582554,36.444026],[139.582462,36.444258],[139.582396,36.444453],[139.582246,36.444984],[139.582095,36.44543],[139.582026,36.445564],[139.581933,36.445704],[139.581803,36.445847],[139.581645,36.445991],[139.581334,36.446261],[139.580505,36.447033],[139.580372,36.447176],[139.58025,36.447329],[139.580155,36.447472],[139.579934,36.447855],[139.579655,36.448309],[139.579392,36.448674],[139.579145,36.448849],[139.578776,36.449091],[139.578236,36.449518],[139.577667,36.449952],[139.577491,36.450102],[139.577195,36.450412],[139.576739,36.450896],[139.576439,36.451211],[139.576236,36.451395],[139.575932,36.451605],[139.575305,36.451949],[139.575218,36.45199],[139.57513,36.452019],[139.575004,36.452047],[139.574847,36.452075],[139.574672,36.452101],[139.574217,36.452178],[139.574082,36.452206],[139.57397,36.452242],[139.573882,36.452283],[139.57379,36.452337],[139.573716,36.452393],[139.57366,36.452441],[139.573469,36.452623],[139.573266,36.452835],[139.573183,36.452912],[139.573067,36.453004],[139.572779,36.453195],[139.571159,36.454226],[139.570043,36.45494],[139.569557,36.455256],[139.568877,36.455691],[139.568573,36.455885],[139.568402,36.456002],[139.568244,36.456123],[139.568065,36.456276],[139.56767,36.456657],[139.567372,36.456945],[139.567204,36.457074],[139.567012,36.45719],[139.566836,36.457268],[139.566616,36.457343],[139.566149,36.457467],[139.565811,36.457558],[139.565543,36.45763],[139.565422,36.457664]]}},{"type":"Feature","properties":{"id":198325888,"highway":"residential"},"geometry":{"type":"LineString","coordinates":[[139.57181,36.419332],[139.571704,36.419224],[139.571599,36.419162],[139.571502,36.41913],[139.57138,36.419086],[139.571295,36.41905],[139.571202,36.41899],[139.57113,36.418906],[139.571057,36.418804],[139.571007,36.418686]]}},{"type":"Feature","properties":{"id":198325891,"highway":"residential"},"geometry":{"type":"LineString","coordinates":[[139.572751,36.451349],[139.572915,36.451475],[139.573042,36.451582],[139.573185,36.451706],[139.573305,36.451805],[139.573424,36.451908],[139.57345,36.452001],[139.573522,36.452095],[139.57364,36.452205],[139.57379,36.452337]]}},{"type":"Feature","properties":{"id":198325899,"highway":"unclassified"},"geometry":{"type":"LineString","coordinates":[[139.572839,36.414777],[139.572664,36.414974],[139.57256,36.415087],[139.572357,36.415324],[139.572315,36.415403],[139.572315,36.415532],[139.572427,36.415819],[139.572455,36.415972],[139.572462,36.416214],[139.572455,36.416281]]}},{"type":"Feature","properties":{"id":198325901,"highway":"residential"},"geometry":{"type":"LineString","coordinates":[[139.597801,36.415876],[139.598056,36.415888],[139.598167,36.415843],[139.59846,36.41564],[139.598739,36.415488],[139.598879,36.415437],[139.598969,36.415437],[139.599019,36.415486],[139.599036,36.415551],[139.59901,36.415622]]}},{"type":"Feature","properties":{"id":198325902,"highway":"residential"},"geometry":{"type":"LineString","coordinates":[[139.517054,36.410139],[139.516851,36.409808],[139.516524,36.409882],[139.516329,36.409955],[139.515994,36.410096],[139.515653,36.410242],[139.515605,36.410254],[139.515542,36.410293],[139.515458,36.410326],[139.515384,36.410361]]}},{"type":"Feature","properties":{"id":198325903,"highway":"service"},"geometry":{"type":"LineString","coordinates":[[139.525992,36.455892],[139.525994,36.456025],[139.526022,36.456192],[139.526076,36.456251],[139.526183,36.456273],[139.526343,36.456284],[139.526482,36.456279],[139.526544,36.456302],[139.526618,36.456383],[139.526727,36.456536],[139.526759,36.456584]]}},{"type":"Feature","properties":{"id":198325905,"highway":"residential"},"geometry":{"type":"LineString","coordinates":[[139.597197,36.417637],[139.59663,36.418126],[139.596023,36.41863],[139.59579,36.418818],[139.595538,36.419021],[139.595376,36.419144],[139.595181,36.419138],[139.594868,36.41911],[139.594798,36.419115],[139.594749,36.419121]]}},{"type":"Feature","properties":{"id":198325907,"highway":"service"},"geometry":{"type":"LineString","coordinates":[[139.558885,36.483719],[139.558987,36.483599],[139.559231,36.483448],[139.55953,36.483273],[139.559666,36.483186],[139.559731,36.483111],[139.559763,36.483039],[139.559785,36.482953],[139.559792,36.48287],[139.559801,36.482767]]}},{"type":"Feature","properties":{"id":198325914,"highway":"residential"},"geometry":{"type":"LineString","coordinates":[[139.55855,36.462806],[139.558275,36.462741],[139.558074,36.462697],[139.55765,36.462596],[139.55749,36.462547],[139.557252,36.462483]]}},{"type":"Feature","properties":{"id":198325916,"highway":"residential"},"geometry":{"type":"LineString","coordinates":[[139.537398,36.401584],[139.537496,36.401531],[139.537534,36.401507],[139.537646,36.401437],[139.537709,36.401397],[139.537763,36.401364],[139.537859,36.401311],[139.537921,36.401267],[139.537951,36.401246],[139.538066,36.401171]]}},{"type":"Feature","properties":{"id":198325918,"highway":"unclassified"},"geometry":{"type":"LineString","coordinates":[[139.510977,36.431363],[139.510849,36.432025],[139.510793,36.432127],[139.510661,36.432245],[139.510528,36.432335],[139.510013,36.432702],[139.50995,36.432758],[139.509893,36.432815]]}},{"type":"Feature","properties":{"id":198325920,"highway":"unclassified"},"geometry":{"type":"LineString","coordinates":[[139.542871,36.444619],[139.542846,36.4447],[139.542829,36.444772],[139.542738,36.445234],[139.542659,36.445381],[139.542528,36.445591],[139.542339,36.445811],[139.542097,36.446082]]}},{"type":"Feature","properties":{"id":198325924,"highway":"residential"},"geometry":{"type":"LineString","coordinates":[[139.577036,36.452308],[139.577029,36.452268],[139.576876,36.451953],[139.576862,36.451941],[139.576806,36.451829],[139.576744,36.451739],[139.576596,36.451624],[139.576425,36.451484],[139.576327,36.451407],[139.576299,36.451392],[139.576236,36.451395]]}},{"type":"Feature","properties":{"id":198325929,"highway":"residential"},"geometry":{"type":"LineString","coordinates":[[139.571509,36.405395],[139.571361,36.405381],[139.571249,36.40537],[139.571068,36.405343],[139.571029,36.405286],[139.571013,36.405193],[139.570996,36.40505],[139.570982,36.404908],[139.571011,36.404683],[139.571039,36.404524],[139.571069,36.404434]]}},{"type":"Feature","properties":{"id":198325931,"highway":"residential"},"geometry":{"type":"LineString","coordinates":[[139.592581,36.44779],[139.592544,36.447777],[139.592516,36.447484],[139.592496,36.447322],[139.592473,36.447189],[139.59237,36.446858],[139.592273,36.446672],[139.592244,36.4465],[139.592216,36.446353],[139.592188,36.446252],[139.592237,36.445867],[139.592261,36.445735]]}},{"type":"Feature","properties":{"id":198325932,"highway":"service"},"geometry":{"type":"LineString","coordinates":[[139.499855,36.493638],[139.499832,36.493593],[139.499815,36.493555],[139.499787,36.493522],[139.499753,36.493467],[139.499765,36.493418],[139.499835,36.49332],[139.499917,36.493243],[139.500005,36.49321],[139.500142,36.493188]]}},{"type":"Feature","properties":{"id":198325934,"highway":"service"},"geometry":{"type":"LineString","coordinates":[[139.563873,36.458061],[139.563821,36.458128],[139.563661,36.458354],[139.563511,36.458556],[139.563336,36.458793],[139.56316,36.459019],[139.562984,36.459201],[139.562779,36.459362],[139.562409,36.459617]]}},{"type":"Feature","properties":{"id":198325938,"highway":"residential"},"geometry":{"type":"LineString","coordinates":[[139.587208,36.44064],[139.587005,36.440494],[139.586917,36.44044],[139.586794,36.440385],[139.586672,36.44031],[139.586537,36.440207],[139.586363,36.440072],[139.586258,36.440027],[139.586141,36.440006],[139.58608,36.439985],[139.585974,36.439987]]}},{"type":"Feature","properties":{"id":198325940,"highway":"residential"},"geometry":{"type":"LineString","coordinates":[[139.559456,36.459126],[139.559638,36.459405],[139.559735,36.459546],[139.559805,36.459619],[139.55993,36.459693],[139.560154,36.459766],[139.560348,36.459833],[139.560523,36.459907],[139.560728,36.459985],[139.561026,36.460154]]}},{"type":"Feature","properties":{"id":198325941,"highway":"residential"},"geometry":{"type":"LineString","coordinates":[[139.595922,36.42565],[139.59601,36.425662],[139.596477,36.42569],[139.596561,36.4257],[139.596846,36.42569],[139.597097,36.425628],[139.597188,36.425628],[139.597341,36.425649],[139.597654,36.425655],[139.597878,36.42567],[139.597966,36.425655]]}},{"type":"Feature","properties":{"id":198325942,"highway":"residential"},"geometry":{"type":"LineString","coordinates":[[139.569356,36.41249],[139.569783,36.412593]]}},{"type":"Feature","properties":{"id":198325946,"highway":"residential"},"geometry":{"type":"LineString","coordinates":[[139.520529,36.41874],[139.520758,36.418677],[139.520931,36.418641],[139.521035,36.418625],[139.521244,36.418635],[139.521557,36.41868],[139.521689,36.418704],[139.521762,36.418752],[139.521859,36.41887],[139.52194,36.418963],[139.52207,36.41912],[139.522218,36.419283],[139.522577,36.419808]]}},{"type":"Feature","properties":{"id":198325949,"highway":"unclassified"},"geometry":{"type":"LineString","coordinates":[[139.522473,36.40101],[139.52268,36.400731],[139.522805,36.400545],[139.52288,36.400463],[139.522972,36.400378],[139.52306,36.400311],[139.523202,36.400259],[139.52355,36.400151],[139.523884,36.400016],[139.524058,36.399965],[139.524093,36.399948],[139.524544,36.399735],[139.524696,36.399727]]}},{"type":"Feature","properties":{"id":198325951,"highway":"residential"},"geometry":{"type":"LineString","coordinates":[[139.573293,36.405182],[139.572818,36.405228],[139.572797,36.405203],[139.572781,36.405141],[139.572786,36.404875],[139.572637,36.404643],[139.572602,36.404581],[139.572497,36.404456],[139.572421,36.404408],[139.572288,36.404351],[139.572108,36.404248]]}},{"type":"Feature","properties":{"id":198325952,"highway":"service"},"geometry":{"type":"LineString","coordinates":[[139.536637,36.491782],[139.535366,36.492672],[139.535173,36.492824],[139.535067,36.492932],[139.535025,36.492959],[139.534933,36.492996]]}},{"type":"Feature","properties":{"id":198325954,"highway":"residential"},"geometry":{"type":"LineString","coordinates":[[139.587262,36.437706],[139.587039,36.437813],[139.586565,36.438016],[139.585206,36.43863],[139.584979,36.438735],[139.58483,36.4389],[139.5846,36.439171],[139.584565,36.439227],[139.584495,36.4393],[139.584398,36.439407],[139.584321,36.439486]]}},{"type":"Feature","properties":{"id":198325956,"highway":"residential"},"geometry":{"type":"LineString","coordinates":[[139.579518,36.445589],[139.57949,36.445548],[139.57949,36.445412],[139.579581,36.445215],[139.579909,36.444618],[139.580034,36.444381],[139.580139,36.444195],[139.580299,36.443908],[139.580668,36.44339],[139.580954,36.44304],[139.580982,36.443013]]}},{"type":"Feature","properties":{"id":198325957,"highway":"unclassified"},"geometry":{"type":"LineString","coordinates":[[139.588567,36.434886],[139.588656,36.434827],[139.588754,36.434788],[139.588941,36.434754],[139.589394,36.434731],[139.589568,36.434692],[139.589722,36.434641],[139.589847,36.434579],[139.590084,36.434411],[139.590203,36.434295],[139.590421,36.434074]]}},{"type":"Feature","properties":{"id":198325962,"highway":"residential"},"geometry":{"type":"LineString","coordinates":[[139.520081,36.406699],[139.520067,36.40742],[139.520046,36.407768],[139.519991,36.408133],[139.519984,36.40818],[139.519977,36.40832],[139.519997,36.408585],[139.520067,36.408777],[139.520137,36.40899],[139.520144,36.409126],[139.520107,36.409299],[139.52007,36.409313]]}},{"type":"Feature","properties":{"id":198325964,"highway":"unclassified"},"geometry":{"type":"LineString","coordinates":[[139.571746,36.452088],[139.571718,36.452094],[139.571663,36.452122],[139.571349,36.452195],[139.571112,36.452234],[139.570701,36.452285],[139.570073,36.452375],[139.569955,36.452386],[139.569864,36.45246],[139.569223,36.45304],[139.56906,36.453186]]}},{"type":"Feature","properties":{"id":198325965,"highway":"unclassified"},"geometry":{"type":"LineString","coordinates":[[139.589577,36.420365],[139.590288,36.420022],[139.590553,36.419955],[139.590783,36.419944],[139.591104,36.419961],[139.591333,36.419983],[139.591717,36.419983],[139.591905,36.419966],[139.592044,36.419938],[139.592254,36.419859],[139.592345,36.419808]]}},{"type":"Feature","properties":{"id":198325967,"highway":"residential"},"geometry":{"type":"LineString","coordinates":[[139.521035,36.418625],[139.521038,36.418468],[139.521059,36.418075],[139.520979,36.417774],[139.520959,36.417695],[139.520841,36.417663],[139.520618,36.417597],[139.520435,36.417536]]}},{"type":"Feature","properties":{"id":198325969,"highway":"residential"},"geometry":{"type":"LineString","coordinates":[[139.588567,36.434886],[139.588673,36.435054],[139.588805,36.435231],[139.588904,36.435358],[139.589026,36.435529],[139.589176,36.435712],[139.589292,36.435878],[139.589392,36.436011],[139.58948,36.436121],[139.58955,36.436204],[139.589629,36.436345]]}},{"type":"Feature","properties":{"id":198325970,"highway":"service"},"geometry":{"type":"LineString","coordinates":[[139.564306,36.453533],[139.564384,36.453598],[139.564443,36.453685],[139.564477,36.453783],[139.564477,36.45389],[139.564453,36.453987],[139.564394,36.45405],[139.564321,36.454128],[139.564229,36.454186],[139.564087,36.454249],[139.564009,36.454288]]}},{"type":"Feature","properties":{"id":198325971,"highway":"residential"},"geometry":{"type":"LineString","coordinates":[[139.580355,36.442302],[139.580514,36.442195],[139.580668,36.442065],[139.580919,36.441717],[139.581163,36.44135],[139.581303,36.441362],[139.581435,36.441412],[139.581456,36.441429],[139.581575,36.441485],[139.58177,36.441587],[139.582146,36.441857]]}},{"type":"Feature","properties":{"id":198325981,"highway":"residential"},"geometry":{"type":"LineString","coordinates":[[139.524506,36.399854],[139.524492,36.39995],[139.524495,36.400012],[139.524504,36.400088],[139.524542,36.400174],[139.524579,36.40022],[139.524674,36.400312],[139.524749,36.400372],[139.52483,36.400429],[139.524924,36.400507],[139.525019,36.400564]]}},{"type":"Feature","properties":{"id":198325982,"highway":"service"},"geometry":{"type":"LineString","coordinates":[[139.586254,36.422859],[139.586017,36.423035],[139.585739,36.423254],[139.585262,36.423677],[139.584871,36.424005],[139.584558,36.424263],[139.584292,36.424442],[139.58405,36.424637],[139.583745,36.424903],[139.583494,36.425114],[139.583266,36.425318]]}},{"type":"Feature","properties":{"id":198325984,"highway":"residential"},"geometry":{"type":"LineString","coordinates":[[139.522362,36.415529],[139.52207,36.415524],[139.521944,36.41549],[139.521786,36.41544],[139.521677,36.415398],[139.521495,36.415382],[139.521234,36.415372],[139.521154,36.415347],[139.52105,36.415269],[139.520813,36.41521],[139.520705,36.41509],[139.520491,36.414736]]}},{"type":"Feature","properties":{"id":198325988,"highway":"residential"},"geometry":{"type":"LineString","coordinates":[[139.57782,36.447633],[139.578326,36.447835],[139.578501,36.447919],[139.578717,36.447998],[139.578946,36.447993],[139.579072,36.447976],[139.579165,36.447984],[139.579321,36.448056],[139.579391,36.448161],[139.57943,36.448216],[139.579537,36.44828],[139.579655,36.448309]]}},{"type":"Feature","properties":{"id":198325993,"highway":"residential"},"geometry":{"type":"LineString","coordinates":[[139.501289,36.418359],[139.501261,36.418213],[139.50117,36.417898],[139.501205,36.417672],[139.501263,36.417613],[139.501305,36.417554],[139.501375,36.417493],[139.501463,36.417441],[139.501783,36.417329],[139.50211,36.417238],[139.50225,36.417221]]}},{"type":"Feature","properties":{"id":198325994,"highway":"unclassified"},"geometry":{"type":"LineString","coordinates":[[139.54251,36.431022],[139.542734,36.431182],[139.54293,36.431238],[139.543274,36.4313],[139.543412,36.431354],[139.543544,36.431405],[139.54363,36.431439],[139.543668,36.43148],[139.54368,36.431519]]}},{"type":"Feature","properties":{"id":198325998,"highway":"residential"},"geometry":{"type":"LineString","coordinates":[[139.555689,36.468591],[139.554413,36.467907],[139.554305,36.467841]]}},{"type":"Feature","properties":{"id":198326002,"highway":"residential"},"geometry":{"type":"LineString","coordinates":[[139.50303,36.4145],[139.502964,36.414444],[139.502873,36.414352],[139.502762,36.414186],[139.502703,36.414095],[139.502592,36.413904],[139.502511,36.413786],[139.502397,36.413675],[139.502258,36.413529],[139.502084,36.413334],[139.502034,36.413266]]}},{"type":"Feature","properties":{"id":198326003,"highway":"service"},"geometry":{"type":"LineString","coordinates":[[139.544163,36.442306],[139.544073,36.442285],[139.544043,36.442235],[139.544025,36.442209],[139.544014,36.442177],[139.544015,36.4421],[139.543996,36.442069],[139.543971,36.442047],[139.54379,36.44206],[139.543517,36.442071],[139.543358,36.442076]]}},{"type":"Feature","properties":{"id":198326006,"highway":"unclassified"},"geometry":{"type":"LineString","coordinates":[[139.580016,36.439471],[139.579017,36.438635],[139.578701,36.438415],[139.578533,36.43832],[139.578434,36.438286],[139.578342,36.438283],[139.578268,36.438299],[139.578194,36.438336],[139.578139,36.438386],[139.578105,36.438451],[139.578113,36.438541]]}},{"type":"Feature","properties":{"id":198326008,"highway":"residential"},"geometry":{"type":"LineString","coordinates":[[139.588445,36.436832],[139.588384,36.436683],[139.588334,36.436545],[139.588295,36.436412],[139.588265,36.43633],[139.588207,36.43624],[139.588159,36.436164],[139.588103,36.436044],[139.588025,36.43585],[139.587942,36.435651],[139.587886,36.435518],[139.587719,36.435218]]}},{"type":"Feature","properties":{"id":198326011,"highway":"residential"},"geometry":{"type":"LineString","coordinates":[[139.506875,36.404365],[139.50695,36.404483],[139.507017,36.404589],[139.507085,36.404697],[139.507148,36.404808],[139.507199,36.404885],[139.507295,36.405006],[139.507415,36.405129],[139.507532,36.405249],[139.50776,36.405449],[139.507895,36.40555],[139.507993,36.405617],[139.508197,36.405692]]}},{"type":"Feature","properties":{"id":198326014,"highway":"service"},"geometry":{"type":"LineString","coordinates":[[139.51225,36.467125],[139.512232,36.46707],[139.512319,36.466723],[139.512415,36.4666],[139.512489,36.466466],[139.512598,36.466277],[139.512742,36.466166],[139.512876,36.465938],[139.513029,36.465922],[139.513165,36.465884],[139.513259,36.465829],[139.513369,36.465763],[139.51358,36.465709],[139.513817,36.465675],[139.513852,36.465664],[139.513908,36.465658],[139.51407,36.465662]]}},{"type":"Feature","properties":{"id":198326019,"highway":"residential"},"geometry":{"type":"LineString","coordinates":[[139.514962,36.402951],[139.514604,36.402971],[139.514548,36.402982],[139.514218,36.402979],[139.513924,36.402992],[139.513702,36.40269],[139.513528,36.40215],[139.513532,36.402093],[139.513536,36.402054],[139.513487,36.401877],[139.513485,36.401772],[139.513511,36.401612],[139.51352,36.401493]]}},{"type":"Feature","properties":{"id":198326020,"highway":"residential"},"geometry":{"type":"LineString","coordinates":[[139.553837,36.468974],[139.553795,36.468943],[139.553759,36.468908],[139.553705,36.468815],[139.553658,36.468704],[139.553648,36.468621],[139.55371,36.468501],[139.553788,36.468358],[139.553864,36.468207],[139.553947,36.468079],[139.554041,36.467994],[139.554251,36.467849],[139.554305,36.467841]]}},{"type":"Feature","properties":{"id":198326022,"highway":"service"},"geometry":{"type":"LineString","coordinates":[[139.569999,36.448102],[139.569848,36.448024],[139.569746,36.447985],[139.569648,36.447971],[139.569546,36.447975],[139.569424,36.447995],[139.569308,36.448],[139.569181,36.44799],[139.569084,36.447956],[139.568996,36.447912],[139.568909,36.447868],[139.56886,36.447851]]}},{"type":"Feature","properties":{"id":198326024,"highway":"service"},"geometry":{"type":"LineString","coordinates":[[139.499855,36.493638],[139.499995,36.49367],[139.500175,36.493768],[139.50034,36.493878],[139.50046,36.493976],[139.500498,36.494053],[139.50053,36.494162],[139.500537,36.49426],[139.500508,36.494348],[139.500437,36.494381],[139.500367,36.494413],[139.500275,36.494452]]}},{"type":"Feature","properties":{"id":198326026,"highway":"residential"},"geometry":{"type":"LineString","coordinates":[[139.59171,36.421769],[139.592302,36.421655],[139.59243,36.421623],[139.592488,36.421621],[139.592585,36.421653],[139.592797,36.421745],[139.592881,36.421785],[139.593013,36.421824],[139.593389,36.421886],[139.593515,36.421897],[139.593564,36.421892],[139.593606,36.421886]]}},{"type":"Feature","properties":{"id":198326027,"highway":"service"},"geometry":{"type":"LineString","coordinates":[[139.567066,36.477234],[139.567048,36.476804],[139.566974,36.476473],[139.566814,36.476114],[139.566666,36.475811],[139.566534,36.475423],[139.566476,36.475129],[139.566311,36.474866],[139.566031,36.47461],[139.565785,36.474386],[139.565631,36.474233],[139.565404,36.474039]]}},{"type":"Feature","properties":{"id":198326030,"highway":"residential"},"geometry":{"type":"LineString","coordinates":[[139.572314,36.40767],[139.572227,36.40739],[139.572182,36.407296],[139.572119,36.407198],[139.572025,36.407062],[139.571837,36.406734],[139.57167,36.406495],[139.571498,36.406316],[139.571377,36.406302],[139.571284,36.406272],[139.571242,36.406262]]}},{"type":"Feature","properties":{"id":198326033,"highway":"service"},"geometry":{"type":"LineString","coordinates":[[139.519289,36.463066],[139.519219,36.463077],[139.519083,36.463103],[139.518946,36.463139],[139.518881,36.463171],[139.518802,36.463234],[139.518722,36.463289],[139.518631,36.463372],[139.518441,36.463494],[139.518329,36.463561],[139.518271,36.463568],[139.518178,36.463576],[139.518115,36.463593],[139.517954,36.463678],[139.517801,36.463774],[139.517642,36.463868],[139.51752,36.463919],[139.517369,36.46397],[139.51721,36.463995]]}},{"type":"Feature","properties":{"id":198326034,"highway":"residential"},"geometry":{"type":"LineString","coordinates":[[139.528566,36.454357],[139.528997,36.454141],[139.529091,36.454072],[139.529114,36.454047],[139.529277,36.453816],[139.529432,36.453594],[139.529582,36.453379],[139.529612,36.453337],[139.529791,36.453097],[139.529929,36.452912],[139.529986,36.452842],[139.530155,36.452632],[139.530326,36.452468],[139.530428,36.452382],[139.530508,36.452343],[139.530573,36.452317],[139.530664,36.452283]]}},{"type":"Feature","properties":{"id":198326035,"highway":"residential"},"geometry":{"type":"LineString","coordinates":[[139.571746,36.452088],[139.571753,36.452127],[139.57176,36.452156],[139.571961,36.452437],[139.572041,36.452546],[139.572098,36.452632],[139.572193,36.452737],[139.572303,36.452821],[139.572418,36.452913],[139.572532,36.453009],[139.572605,36.453083],[139.572779,36.453195]]}},{"type":"Feature","properties":{"id":198326037,"highway":"residential"},"geometry":{"type":"LineString","coordinates":[[139.516876,36.420247],[139.517357,36.420303],[139.517761,36.420337],[139.518208,36.420337],[139.518347,36.420326],[139.518591,36.420264],[139.518915,36.420159],[139.519155,36.420081],[139.519253,36.420048],[139.519449,36.419999],[139.51957,36.419973],[139.519664,36.419961]]}},{"type":"Feature","properties":{"id":198326038,"highway":"residential"},"geometry":{"type":"LineString","coordinates":[[139.568208,36.419807],[139.568234,36.419874],[139.568373,36.42018],[139.568394,36.420484],[139.568415,36.42055],[139.568473,36.420639],[139.568564,36.420705],[139.568635,36.420732],[139.568709,36.420752],[139.568763,36.420794],[139.568805,36.42095],[139.568812,36.421047]]}},{"type":"Feature","properties":{"id":198326049,"highway":"residential"},"geometry":{"type":"LineString","coordinates":[[139.584771,36.443731],[139.584662,36.443653],[139.584494,36.443507],[139.584355,36.443345],[139.584314,36.443294],[139.584174,36.44295],[139.584132,36.442883],[139.583965,36.442815],[139.583958,36.442803],[139.583791,36.44273],[139.58361,36.442652],[139.583564,36.442627],[139.583483,36.442584]]}},{"type":"Feature","properties":{"id":198326050,"highway":"unclassified"},"geometry":{"type":"LineString","coordinates":[[139.519499,36.463326],[139.519803,36.463495],[139.520055,36.463675],[139.520278,36.463889],[139.52039,36.464075],[139.520599,36.464565],[139.520753,36.464836],[139.520871,36.465005],[139.521254,36.465416],[139.52148,36.465613]]}},{"type":"Feature","properties":{"id":198326055,"highway":"residential"},"geometry":{"type":"LineString","coordinates":[[139.501225,36.408891],[139.501283,36.408925],[139.501436,36.409023],[139.501581,36.409107],[139.501658,36.40914],[139.501713,36.409175],[139.501761,36.409249],[139.501812,36.409348],[139.501842,36.409402],[139.501888,36.409519],[139.501886,36.409578],[139.501909,36.409658],[139.501966,36.409833],[139.502304,36.409951]]}},{"type":"Feature","properties":{"id":198326056,"highway":"residential"},"geometry":{"type":"LineString","coordinates":[[139.559673,36.463268],[139.559122,36.462986],[139.55898,36.462922],[139.558832,36.462866],[139.558669,36.462826],[139.55855,36.462806]]}},{"type":"Feature","properties":{"id":198326057,"highway":"unclassified"},"geometry":{"type":"LineString","coordinates":[[139.599764,36.413308],[139.599593,36.413341],[139.599324,36.413394],[139.599017,36.413487],[139.598836,36.413588],[139.598773,36.413633],[139.598673,36.413687],[139.598502,36.413796],[139.598383,36.413898],[139.598321,36.413965],[139.597841,36.41462],[139.597786,36.414681],[139.597528,36.415031],[139.597164,36.415501]]}},{"type":"Feature","properties":{"id":198326062,"highway":"unclassified"},"geometry":{"type":"LineString","coordinates":[[139.596453,36.421738],[139.595871,36.422512],[139.595557,36.4232],[139.595522,36.423307],[139.595466,36.423627],[139.595585,36.42369],[139.595829,36.42378],[139.595967,36.423847],[139.596037,36.423897],[139.596066,36.423937],[139.596059,36.424135],[139.595989,36.424399],[139.595954,36.424512]]}},{"type":"Feature","properties":{"id":198326065,"highway":"residential"},"geometry":{"type":"LineString","coordinates":[[139.598753,36.422361],[139.598501,36.422402],[139.598371,36.422479],[139.598216,36.422576],[139.598089,36.422634],[139.598017,36.422673],[139.597988,36.422682],[139.597939,36.422682],[139.597692,36.422629],[139.59746,36.422576],[139.597271,36.422542],[139.597091,36.422513],[139.597042,36.422498]]}},{"type":"Feature","properties":{"id":198326068,"highway":"unclassified"},"geometry":{"type":"LineString","coordinates":[[139.542097,36.446082],[139.541894,36.446296],[139.541852,36.446336],[139.541803,36.446386],[139.54165,36.446505],[139.541545,36.44655],[139.541294,36.446617],[139.541245,36.446622],[139.540988,36.446691],[139.539998,36.44691],[139.539419,36.446998],[139.539042,36.447104]]}},{"type":"Feature","properties":{"id":198326073,"highway":"residential"},"geometry":{"type":"LineString","coordinates":[[139.544799,36.43257],[139.544722,36.432271],[139.544686,36.432136],[139.544651,36.431999],[139.544602,36.431806]]}},{"type":"Feature","properties":{"id":198326074,"highway":"unclassified"},"geometry":{"type":"LineString","coordinates":[[139.499367,36.484085],[139.499451,36.484023],[139.500043,36.483482],[139.50028,36.483262],[139.500482,36.483015],[139.500587,36.482829],[139.50067,36.482626],[139.500719,36.482451],[139.50074,36.48226],[139.50073,36.482044],[139.500698,36.481901],[139.500636,36.481741],[139.500538,36.481526],[139.500429,36.481234]]}},{"type":"Feature","properties":{"id":198326076,"highway":"residential"},"geometry":{"type":"LineString","coordinates":[[139.596993,36.423137],[139.596974,36.423212],[139.596959,36.423265],[139.596974,36.423319],[139.596979,36.423387],[139.596969,36.42346],[139.596896,36.423605],[139.596823,36.42375],[139.59677,36.423847],[139.596693,36.424015],[139.596591,36.424219],[139.596488,36.42445],[139.596406,36.424667]]}},{"type":"Feature","properties":{"id":198326078,"highway":"tertiary"},"geometry":{"type":"LineString","coordinates":[[139.570341,36.417015],[139.570291,36.417316],[139.570255,36.417498],[139.570197,36.417707],[139.570044,36.417965],[139.569825,36.418214],[139.5695,36.418483],[139.569155,36.418787],[139.568894,36.418967],[139.568662,36.419125],[139.56799,36.419405],[139.567498,36.419596],[139.567365,36.419679],[139.567176,36.41984],[139.566134,36.420907],[139.565657,36.421388],[139.564696,36.422356],[139.564322,36.422656],[139.563479,36.423267],[139.562605,36.42394],[139.562205,36.424233],[139.562009,36.424328],[139.561305,36.424574],[139.561045,36.424633],[139.560617,36.424704],[139.560071,36.424771],[139.559781,36.42485],[139.559372,36.425001],[139.558966,36.425183],[139.558581,36.425422],[139.558451,36.425552],[139.558327,36.425754],[139.558269,36.426041],[139.55817,36.426435],[139.558046,36.426683],[139.55781,36.426895],[139.557621,36.42703]]}},{"type":"Feature","properties":{"id":198326079,"highway":"residential"},"geometry":{"type":"LineString","coordinates":[[139.575625,36.448239],[139.575755,36.448346],[139.576001,36.448502],[139.576198,36.448636],[139.576438,36.448783],[139.57663,36.4489],[139.576826,36.449028],[139.577016,36.449146],[139.577235,36.449264],[139.577409,36.449371],[139.577483,36.449418],[139.577758,36.449161],[139.578059,36.449384],[139.578236,36.449518]]}},{"type":"Feature","properties":{"id":198326082,"highway":"service"},"geometry":{"type":"LineString","coordinates":[[139.558997,36.481566],[139.559159,36.481653],[139.559217,36.481687],[139.559255,36.481733],[139.55927,36.481787],[139.559263,36.481855],[139.55922,36.481948],[139.558895,36.48238],[139.558627,36.4827],[139.558559,36.482815],[139.558508,36.482952],[139.558479,36.483096],[139.558444,36.483308]]}},{"type":"Feature","properties":{"id":198326084,"highway":"service"},"geometry":{"type":"LineString","coordinates":[[139.526821,36.456914],[139.526845,36.456943],[139.52686,36.456998],[139.52686,36.457039],[139.526789,36.457453],[139.526726,36.457853],[139.526673,36.45817],[139.526642,36.458328],[139.526574,36.458457],[139.526492,36.458548],[139.526363,36.458622],[139.526279,36.458655],[139.526145,36.458664],[139.525852,36.458651],[139.525625,36.458633],[139.525276,36.4586],[139.524852,36.458581],[139.524593,36.458566],[139.524516,36.458571],[139.524458,36.458579],[139.524348,36.458604],[139.524201,36.458627],[139.524064,36.458643],[139.524035,36.458642],[139.523928,36.458638],[139.523741,36.458609],[139.523546,36.458704],[139.523118,36.458937]]}},{"type":"Feature","properties":{"id":198326095,"highway":"residential"},"geometry":{"type":"LineString","coordinates":[[139.512171,36.469546],[139.51213,36.46938],[139.511735,36.469391],[139.511374,36.469447],[139.511083,36.469481],[139.510993,36.469501],[139.510958,36.469542],[139.510916,36.469588],[139.510864,36.469632],[139.510813,36.469667],[139.510743,36.46969],[139.510662,36.469704],[139.510574,36.46965]]}},{"type":"Feature","properties":{"id":198326100,"highway":"residential"},"geometry":{"type":"LineString","coordinates":[[139.582375,36.442022],[139.582444,36.44201],[139.582528,36.441997],[139.582581,36.441997],[139.582649,36.44204],[139.582723,36.44209],[139.582799,36.442142],[139.58292,36.442215],[139.582994,36.442255],[139.58306,36.44224],[139.583168,36.442177],[139.583273,36.442113],[139.583365,36.442042]]}},{"type":"Feature","properties":{"id":198326102,"highway":"residential"},"geometry":{"type":"LineString","coordinates":[[139.571159,36.454226],[139.571016,36.454119],[139.570812,36.453964],[139.570678,36.453871],[139.570578,36.453796],[139.570456,36.453716],[139.56999,36.453564],[139.569955,36.453536],[139.569718,36.453412],[139.569523,36.453366],[139.569334,36.453338],[139.56923,36.453293],[139.56906,36.453186]]}},{"type":"Feature","properties":{"id":198326103,"highway":"residential"},"geometry":{"type":"LineString","coordinates":[[139.569772,36.455435],[139.569656,36.45547],[139.569214,36.455749],[139.569104,36.455837],[139.568824,36.455998],[139.568694,36.45607],[139.568486,36.456091]]}},{"type":"Feature","properties":{"id":198326104,"highway":"unclassified"},"geometry":{"type":"LineString","coordinates":[[139.539439,36.429525],[139.539223,36.429745],[139.539126,36.429858],[139.539105,36.429897],[139.538938,36.430111],[139.538826,36.430308],[139.5387,36.430506],[139.538638,36.430568],[139.538463,36.430635],[139.538073,36.430714],[139.537948,36.430765],[139.537857,36.430849],[139.537704,36.431046],[139.537474,36.431339],[139.537342,36.431463],[139.537171,36.431563],[139.537,36.43163],[139.536844,36.431712],[139.536664,36.431817],[139.536522,36.431854],[139.536366,36.431884],[139.536201,36.431914],[139.536029,36.431951],[139.535902,36.432018],[139.535775,36.4321],[139.535656,36.432183],[139.535536,36.432272],[139.53537,36.432337]]}},{"type":"Feature","properties":{"id":198326105,"highway":"residential"},"geometry":{"type":"LineString","coordinates":[[139.569585,36.410223],[139.569489,36.410194],[139.569296,36.410159],[139.568886,36.410114],[139.568766,36.4101],[139.568657,36.410378],[139.568647,36.410412],[139.568641,36.410435],[139.568665,36.410458],[139.568757,36.410514],[139.569019,36.410612],[139.569195,36.410666],[139.569372,36.410717]]}},{"type":"Feature","properties":{"id":198326107,"highway":"service"},"geometry":{"type":"LineString","coordinates":[[139.583266,36.425318],[139.58351,36.425225],[139.584179,36.42464],[139.584488,36.42448],[139.585023,36.424322],[139.585139,36.424189],[139.585253,36.423873],[139.585368,36.423723],[139.585976,36.423249],[139.586166,36.42301],[139.586254,36.422859]]}},{"type":"Feature","properties":{"id":198326108,"highway":"residential"},"geometry":{"type":"LineString","coordinates":[[139.569772,36.455435],[139.569963,36.455539],[139.570049,36.455623],[139.57013,36.455698],[139.570226,36.455784],[139.570298,36.455843],[139.570391,36.455784],[139.57049,36.455701],[139.570593,36.455617],[139.570677,36.455548],[139.570752,36.455496],[139.570811,36.455446],[139.57086,36.455477],[139.5709,36.455506]]}},{"type":"Feature","properties":{"id":198326109,"highway":"residential"},"geometry":{"type":"LineString","coordinates":[[139.591021,36.41901],[139.591107,36.419052],[139.59116,36.419086],[139.591251,36.419149],[139.591322,36.419225],[139.591409,36.419296],[139.591484,36.419341],[139.591568,36.419374],[139.5917,36.419391],[139.591937,36.419374],[139.592368,36.419329],[139.592709,36.419324],[139.592946,36.419341],[139.593009,36.419346]]}},{"type":"Feature","properties":{"id":198326111,"highway":"residential"},"geometry":{"type":"LineString","coordinates":[[139.59525,36.434874],[139.595488,36.434155],[139.595731,36.433766],[139.595733,36.433649],[139.595758,36.433591],[139.595674,36.433526],[139.595629,36.433497],[139.595614,36.433494]]}},{"type":"Feature","properties":{"id":198326114,"highway":"service"},"geometry":{"type":"LineString","coordinates":[[139.544934,36.483745],[139.545097,36.483882],[139.545207,36.483992],[139.54529,36.484178],[139.545331,36.484399],[139.545345,36.484566],[139.54532,36.48502],[139.545313,36.485212],[139.545271,36.485392],[139.545181,36.485589],[139.545118,36.485719],[139.544811,36.486226]]}},{"type":"Feature","properties":{"id":198326120,"highway":"residential"},"geometry":{"type":"LineString","coordinates":[[139.600674,36.418975],[139.600598,36.418916],[139.600503,36.418806],[139.600417,36.418709],[139.600271,36.418592],[139.600188,36.418541],[139.600041,36.418496],[139.599728,36.418496],[139.599603,36.418428],[139.599547,36.418276],[139.599547,36.418096],[139.599629,36.417882],[139.599637,36.417662],[139.599582,36.417546]]}},{"type":"Feature","properties":{"id":198326121,"highway":"service"},"geometry":{"type":"LineString","coordinates":[[139.501095,36.494212],[139.500865,36.494217],[139.500777,36.494237],[139.50073,36.494259],[139.500707,36.494301],[139.500712,36.494381],[139.500723,36.494545],[139.50072,36.494588],[139.500705,36.494618],[139.500672,36.494628],[139.500618,36.494625],[139.500527,36.494593],[139.500387,36.494502],[139.500275,36.494452]]}},{"type":"Feature","properties":{"id":198326122,"highway":"residential"},"geometry":{"type":"LineString","coordinates":[[139.582592,36.440065],[139.582592,36.440105],[139.582571,36.440341],[139.58255,36.440527],[139.582494,36.440792],[139.58239,36.440922],[139.582279,36.441074],[139.582237,36.44112],[139.582906,36.441497],[139.583087,36.441845],[139.583115,36.441885],[139.583232,36.441957],[139.583321,36.44201],[139.583365,36.442042]]}},{"type":"Feature","properties":{"id":198326126,"highway":"residential"},"geometry":{"type":"LineString","coordinates":[[139.59901,36.415622],[139.599097,36.41553],[139.599152,36.415427],[139.599206,36.415289],[139.599276,36.415099],[139.599337,36.414895],[139.599407,36.414523],[139.599415,36.414365],[139.599435,36.414247],[139.59947,36.414135],[139.599577,36.41396],[139.599707,36.413803],[139.599805,36.413678],[139.600059,36.41345],[139.600115,36.413353]]}},{"type":"Feature","properties":{"id":198326127,"highway":"unclassified"},"geometry":{"type":"LineString","coordinates":[[139.5709,36.455506],[139.571132,36.455265],[139.571403,36.455012],[139.571843,36.454713],[139.572087,36.454578],[139.572205,36.454521],[139.572407,36.454471],[139.572652,36.454454],[139.572783,36.454431],[139.572847,36.454403],[139.572945,36.454319],[139.57307,36.454155],[139.573237,36.453868],[139.573317,36.453695]]}},{"type":"Feature","properties":{"id":198326128,"highway":"service"},"geometry":{"type":"LineString","coordinates":[[139.564306,36.453533],[139.564243,36.453528],[139.564174,36.453489],[139.564111,36.453435],[139.564068,36.453382],[139.564019,36.453299],[139.563989,36.453212],[139.56396,36.453119],[139.563935,36.453076],[139.563878,36.453066],[139.563808,36.453085],[139.56374,36.453109],[139.563662,36.453139],[139.563594,36.453148]]}},{"type":"Feature","properties":{"id":198326132,"highway":"residential"},"geometry":{"type":"LineString","coordinates":[[139.522719,36.403688],[139.522574,36.403645],[139.522524,36.403621],[139.522405,36.403562],[139.522123,36.40343],[139.522011,36.403365],[139.521875,36.403294],[139.521744,36.403238],[139.52154,36.403167],[139.521453,36.403133],[139.52141,36.403099],[139.521384,36.40306],[139.521391,36.402818],[139.52142,36.402551]]}},{"type":"Feature","properties":{"id":198326135,"highway":"service"},"geometry":{"type":"LineString","coordinates":[[139.557385,36.409038],[139.557454,36.408852],[139.557547,36.408621],[139.557592,36.408437],[139.557613,36.40829],[139.557652,36.40791],[139.557652,36.407551],[139.557673,36.40733],[139.557697,36.407238],[139.557753,36.407138],[139.557839,36.406993],[139.557915,36.40684],[139.557964,36.406747],[139.558143,36.406306]]}},{"type":"Feature","properties":{"id":198326137,"highway":"residential"},"geometry":{"type":"LineString","coordinates":[[139.585883,36.433888],[139.585833,36.433999],[139.585826,36.434145],[139.585841,36.434264],[139.585848,36.434289],[139.585743,36.434309],[139.585422,36.434354],[139.585262,36.434359],[139.585189,36.43434],[139.58513,36.434292],[139.584961,36.434071],[139.584809,36.434008],[139.584683,36.433963],[139.584155,36.433773]]}},{"type":"Feature","properties":{"id":198326141,"highway":"unclassified"},"geometry":{"type":"LineString","coordinates":[[139.578171,36.438627],[139.578271,36.43872],[139.578445,36.438833],[139.578759,36.438939],[139.578878,36.439013],[139.578968,36.439091],[139.579003,36.439142],[139.579049,36.439235],[139.579058,36.439368],[139.579015,36.439461],[139.578919,36.439565],[139.578835,36.439632],[139.578648,36.439857],[139.578501,36.44002],[139.577739,36.440872]]}},{"type":"Feature","properties":{"id":198326143,"highway":"residential"},"geometry":{"type":"LineString","coordinates":[[139.574707,36.449283],[139.57496,36.449428],[139.575322,36.449636],[139.575987,36.450007],[139.576135,36.450096],[139.576223,36.450145],[139.576294,36.450201],[139.576185,36.450312],[139.576115,36.450392],[139.576115,36.450454],[139.576213,36.450577],[139.576374,36.450677],[139.576521,36.450771],[139.576651,36.450849],[139.576712,36.45088],[139.576739,36.450896]]}},{"type":"Feature","properties":{"id":198326145,"highway":"residential"},"geometry":{"type":"LineString","coordinates":[[139.523665,36.401427],[139.523774,36.401335],[139.523877,36.401261],[139.523955,36.401207],[139.52404,36.40117],[139.52413,36.401129],[139.524215,36.401095],[139.524284,36.401051],[139.52435,36.401014],[139.52446,36.400919],[139.52453,36.400852],[139.524599,36.400787],[139.524667,36.400729],[139.524739,36.400666],[139.524817,36.40062]]}},{"type":"Feature","properties":{"id":198326149,"highway":"residential"},"geometry":{"type":"LineString","coordinates":[[139.596079,36.445542],[139.596072,36.445643],[139.596026,36.44574],[139.595967,36.445833],[139.595903,36.44592],[139.595858,36.446015],[139.595858,36.446052],[139.595883,36.446093],[139.595976,36.446228],[139.596028,36.446255],[139.596087,36.446344],[139.596371,36.446629],[139.59671,36.446643],[139.596954,36.446597],[139.597054,36.44657],[139.597216,36.446518]]}},{"type":"Feature","properties":{"id":198326156,"highway":"residential"},"geometry":{"type":"LineString","coordinates":[[139.571694,36.419807],[139.57168,36.419832],[139.57164,36.419909],[139.571637,36.419972],[139.571672,36.420039],[139.571705,36.420082],[139.571765,36.420115],[139.571812,36.420125],[139.571869,36.420142],[139.572005,36.42017],[139.57218,36.420197],[139.572297,36.42023],[139.572378,36.420259],[139.57245,36.420302],[139.572552,36.420375]]}},{"type":"Feature","properties":{"id":198326160,"highway":"unclassified"},"geometry":{"type":"LineString","coordinates":[[139.505188,36.400786],[139.505411,36.400669],[139.505522,36.400657],[139.505832,36.400669],[139.505964,36.400674],[139.506057,36.400611],[139.506329,36.400326],[139.506713,36.400116],[139.507024,36.399696]]}},{"type":"Feature","properties":{"id":198326162,"highway":"residential"},"geometry":{"type":"LineString","coordinates":[[139.571763,36.40369],[139.571077,36.403683],[139.570777,36.40365],[139.570516,36.403568],[139.569998,36.40351],[139.569658,36.403455]]}},{"type":"Feature","properties":{"id":198326165,"highway":"unclassified"},"geometry":{"type":"LineString","coordinates":[[139.568486,36.456091],[139.568742,36.456267],[139.568846,36.45633],[139.568972,36.45638],[139.569083,36.456402],[139.569191,36.45641],[139.569277,36.456407],[139.569369,36.456397],[139.569661,36.456335],[139.569919,36.456261],[139.570114,36.456172],[139.570295,36.456059],[139.570483,36.455913],[139.570685,36.455727],[139.5709,36.455506]]}},{"type":"Feature","properties":{"id":198326177,"highway":"unclassified"},"geometry":{"type":"LineString","coordinates":[[139.588789,36.431519],[139.588817,36.431215],[139.588949,36.430663],[139.589033,36.430467],[139.589106,36.430334],[139.589185,36.430224],[139.589284,36.430264],[139.589388,36.430289],[139.589474,36.430318],[139.589515,36.430322],[139.589538,36.430309],[139.589681,36.430168],[139.590084,36.430285],[139.590186,36.430314],[139.590281,36.430349]]}},{"type":"Feature","properties":{"id":198326190,"highway":"service"},"geometry":{"type":"LineString","coordinates":[[139.600678,36.457821],[139.601487,36.458585],[139.602025,36.458806],[139.602336,36.458965],[139.602384,36.459184],[139.602402,36.459493],[139.602085,36.460451],[139.602034,36.460873],[139.601832,36.461397],[139.601783,36.461773],[139.601603,36.462618],[139.601483,36.462728],[139.60136,36.462809],[139.601233,36.462854],[139.601073,36.462875],[139.600803,36.462895],[139.600417,36.462993],[139.600103,36.463049],[139.59839,36.463087],[139.597965,36.46308],[139.597824,36.462981],[139.597804,36.462711],[139.597937,36.461985],[139.598027,36.460597],[139.598205,36.458845],[139.59858,36.457287],[139.598648,36.45651],[139.598718,36.45631],[139.598909,36.456097],[139.599148,36.455943],[139.599383,36.455827],[139.599475,36.455757],[139.599444,36.455654],[139.599323,36.455518],[139.599042,36.455194],[139.598942,36.454946],[139.598999,36.454659],[139.598952,36.45442],[139.598953,36.454323],[139.599074,36.454288],[139.599177,36.454302],[139.599258,36.454394],[139.599306,36.454603],[139.599369,36.454709],[139.599595,36.454845],[139.59975,36.454893],[139.599873,36.45493],[139.599956,36.454915],[139.600019,36.454866],[139.600132,36.45466],[139.600146,36.454524],[139.59998,36.454147],[139.599956,36.453894],[139.599996,36.453466],[139.599865,36.453254],[139.599706,36.452942],[139.599558,36.452215],[139.599547,36.451924],[139.599594,36.451721],[139.599757,36.451434],[139.599817,36.451257],[139.599788,36.451066],[139.599668,36.450969],[139.599127,36.450661],[139.599024,36.45058],[139.599009,36.450524],[139.599015,36.450356]]}},{"type":"Feature","properties":{"id":198326221,"highway":"service"},"geometry":{"type":"LineString","coordinates":[[139.507194,36.497253],[139.507284,36.497143],[139.507494,36.496946],[139.507577,36.496771],[139.507598,36.496698],[139.507598,36.496433],[139.50757,36.496242],[139.507556,36.496135],[139.507556,36.49597],[139.507584,36.495909],[139.507654,36.495858],[139.507692,36.495829],[139.507725,36.49581],[139.507814,36.495774],[139.508065,36.495706],[139.508237,36.49568]]}},{"type":"Feature","properties":{"id":198326225,"highway":"residential"},"geometry":{"type":"LineString","coordinates":[[139.525323,36.437331],[139.525521,36.436933],[139.525639,36.436742],[139.525667,36.436708],[139.525883,36.436454],[139.525988,36.436359],[139.526036,36.436331],[139.526154,36.43624],[139.526231,36.43619],[139.52672,36.435975],[139.526928,36.435902],[139.527207,36.435834],[139.52734,36.435845],[139.527674,36.435935],[139.527864,36.43592],[139.527932,36.4359]]}},{"type":"Feature","properties":{"id":198326229,"highway":"residential"},"geometry":{"type":"LineString","coordinates":[[139.573487,36.453335],[139.57356,36.453361],[139.573692,36.453399],[139.573825,36.453446],[139.573907,36.45347],[139.574017,36.453502],[139.574205,36.453479],[139.574537,36.453406],[139.574965,36.452741],[139.574729,36.452651],[139.574645,36.452601],[139.574603,36.45255],[139.574592,36.452489],[139.574612,36.452413],[139.574735,36.452212],[139.574847,36.452075]]}},{"type":"Feature","properties":{"id":198326231,"highway":"residential"},"geometry":{"type":"LineString","coordinates":[[139.594749,36.424159],[139.594708,36.423996],[139.594656,36.423804],[139.594615,36.423684],[139.594469,36.42321],[139.594343,36.422787],[139.594336,36.422732],[139.594287,36.422517],[139.594288,36.422337],[139.594309,36.422241],[139.594357,36.42214],[139.594447,36.421987],[139.594517,36.421876],[139.594586,36.421766],[139.59465,36.421672],[139.594732,36.421533],[139.594855,36.421324],[139.594901,36.42124]]}},{"type":"Feature","properties":{"id":198326232,"highway":"residential"},"geometry":{"type":"LineString","coordinates":[[139.602749,36.434923],[139.602129,36.435091],[139.601948,36.435136],[139.601557,36.435227],[139.601181,36.435318],[139.600937,36.435357],[139.600735,36.435402],[139.600254,36.435481],[139.599794,36.435537],[139.599418,36.435537],[139.59904,36.435479],[139.59856,36.435473],[139.597667,36.435492],[139.597123,36.435531],[139.596336,36.435548],[139.596141,36.435526]]}},{"type":"Feature","properties":{"id":198326250,"highway":"unclassified"},"geometry":{"type":"LineString","coordinates":[[139.597966,36.425655],[139.598003,36.425656],[139.598219,36.425678],[139.598436,36.425712],[139.598491,36.425729],[139.598554,36.425735],[139.598951,36.42583],[139.599188,36.425932],[139.599551,36.42614],[139.599732,36.426219],[139.599955,36.426287],[139.600393,36.426343],[139.600707,36.426354],[139.60093,36.426377],[139.601083,36.42641],[139.601271,36.426473],[139.601473,36.426563],[139.601592,36.426636]]}},{"type":"Feature","properties":{"id":198326254,"highway":"residential"},"geometry":{"type":"LineString","coordinates":[[139.559557,36.465317],[139.559597,36.465134],[139.559652,36.464999],[139.559714,36.464912],[139.55977,36.464844],[139.55982,36.464799],[139.559876,36.464754],[139.559928,36.464718],[139.560019,36.464669],[139.560126,36.464612],[139.560314,36.464532],[139.560505,36.464427],[139.560677,36.464323],[139.560735,36.464277],[139.560673,36.464209],[139.560588,36.464124],[139.560491,36.464025]]}},{"type":"Feature","properties":{"id":198326286,"highway":"residential"},"geometry":{"type":"LineString","coordinates":[[139.563479,36.423267],[139.563726,36.423375],[139.56385,36.423458],[139.564059,36.42356],[139.564248,36.42356],[139.564373,36.423537],[139.564663,36.423424],[139.564723,36.423427],[139.564849,36.423553],[139.564876,36.423532],[139.564909,36.423516],[139.564944,36.423505],[139.564973,36.423499],[139.564989,36.423499],[139.565001,36.423517],[139.565014,36.423543],[139.565025,36.423564]]}},{"type":"Feature","properties":{"id":198326304,"highway":"residential"},"geometry":{"type":"LineString","coordinates":[[139.556627,36.486427],[139.556567,36.486346],[139.55652,36.486305],[139.556437,36.486194],[139.556379,36.486093],[139.55634,36.486001],[139.556278,36.485919],[139.556205,36.485857],[139.556118,36.485823],[139.556022,36.485784],[139.555935,36.485722],[139.555867,36.485638],[139.555795,36.485526],[139.555727,36.485387],[139.555675,36.485276],[139.555622,36.485184],[139.555586,36.485158]]}},{"type":"Feature","properties":{"id":198326306,"highway":"service"},"geometry":{"type":"LineString","coordinates":[[139.558444,36.483308],[139.558278,36.483576],[139.558184,36.483698],[139.558,36.483931],[139.557863,36.484121],[139.557832,36.484179],[139.557823,36.484236],[139.557835,36.484286],[139.557875,36.484322],[139.55795,36.484351],[139.55801,36.484344],[139.558075,36.484304],[139.558163,36.484236],[139.558342,36.484136],[139.558586,36.483985],[139.558723,36.483881],[139.558885,36.483719]]}},{"type":"Feature","properties":{"id":198326334,"highway":"residential"},"geometry":{"type":"LineString","coordinates":[[139.597821,36.443452],[139.597668,36.443407],[139.597313,36.443367],[139.597257,36.44335],[139.597159,36.443333],[139.597083,36.443307],[139.596964,36.443203],[139.59688,36.443125],[139.596845,36.44304],[139.596797,36.442877],[139.596727,36.442787],[139.596546,36.442663],[139.596309,36.442538],[139.596132,36.44246],[139.59599,36.442458],[139.595746,36.442448],[139.595649,36.442441],[139.5955,36.442437]]}},{"type":"Feature","properties":{"id":198326337,"highway":"residential"},"geometry":{"type":"LineString","coordinates":[[139.559239,36.402351],[139.558879,36.402367],[139.558725,36.402395],[139.558662,36.402432],[139.558629,36.402467],[139.558628,36.402502],[139.558651,36.402542],[139.558685,36.402585],[139.558718,36.402642],[139.558813,36.402785],[139.558931,36.402964],[139.559039,36.403156],[139.559141,36.403302],[139.559101,36.403469],[139.559142,36.403553],[139.559216,36.403622],[139.559306,36.403717],[139.559408,36.403827],[139.559633,36.40398]]}},{"type":"Feature","properties":{"id":198326346,"highway":"residential"},"geometry":{"type":"LineString","coordinates":[[139.518941,36.411917],[139.518649,36.411959],[139.518462,36.411988],[139.518264,36.412044],[139.518054,36.41214],[139.517956,36.412218],[139.51772,36.412573],[139.517669,36.412629],[139.517636,36.412662],[139.517441,36.412736],[139.517302,36.412787],[139.517017,36.412837],[139.516287,36.412837],[139.516244,36.412826],[139.515995,36.412804],[139.515646,36.412809],[139.515562,36.412826],[139.515284,36.41286],[139.515117,36.412894],[139.514998,36.412922],[139.514936,36.412928],[139.514288,36.413086]]}},{"type":"Feature","properties":{"id":198326349,"highway":"residential"},"geometry":{"type":"LineString","coordinates":[[139.53689,36.402823],[139.536834,36.402823],[139.53595,36.402857],[139.535798,36.402872],[139.535733,36.402888],[139.535692,36.402914],[139.535658,36.402957],[139.535644,36.402989],[139.535624,36.403048],[139.535595,36.4031],[139.535559,36.403129],[139.535514,36.403145],[139.535476,36.403156],[139.535191,36.403195],[139.535017,36.40324],[139.534822,36.403302],[139.534599,36.403353],[139.534453,36.403369]]}},{"type":"Feature","properties":{"id":198326350,"highway":"unclassified"},"geometry":{"type":"LineString","coordinates":[[139.539439,36.429525],[139.539642,36.429503],[139.540277,36.429503],[139.540591,36.429548],[139.540862,36.429616],[139.541065,36.429666],[139.541239,36.429723],[139.541377,36.429745],[139.541587,36.429768],[139.541845,36.429841],[139.542039,36.429926],[139.542214,36.430044],[139.542305,36.430151],[139.54234,36.430213],[139.54237,36.430402],[139.542384,36.430551],[139.54243,36.430821],[139.54251,36.431022]]}},{"type":"Feature","properties":{"id":198326351,"highway":"unclassified"},"geometry":{"type":"LineString","coordinates":[[139.560121,36.432494],[139.560209,36.432209],[139.560279,36.431971],[139.560265,36.431329],[139.560281,36.43099],[139.560345,36.430789],[139.560365,36.430635],[139.560351,36.430455],[139.56033,36.430365],[139.56033,36.429261],[139.560295,36.429136],[139.560219,36.429019],[139.560142,36.428916],[139.56001,36.428719],[139.559708,36.428286],[139.559611,36.428204],[139.55931,36.427984]]}},{"type":"Feature","properties":{"id":198326362,"highway":"residential"},"geometry":{"type":"LineString","coordinates":[[139.508089,36.405954],[139.507994,36.406074],[139.507836,36.406259],[139.507696,36.406373],[139.507565,36.406464],[139.507464,36.40651],[139.507352,36.406569],[139.50727,36.406621],[139.507159,36.40671],[139.507045,36.406802],[139.506907,36.406888],[139.506783,36.406959],[139.506706,36.407008],[139.506653,36.407085],[139.506603,36.407189],[139.506565,36.407228],[139.506469,36.407266],[139.506343,36.40733],[139.506171,36.407368]]}},{"type":"Feature","properties":{"id":198326383,"highway":"residential"},"geometry":{"type":"LineString","coordinates":[[139.573233,36.404174],[139.573685,36.404278],[139.573958,36.404327],[139.57419,36.40435],[139.574381,36.404359],[139.574521,36.404323],[139.574563,36.404293],[139.574515,36.404051],[139.574493,36.40376],[139.574455,36.40346],[139.574502,36.403138],[139.574356,36.40287],[139.574205,36.402656],[139.574066,36.402491]]}},{"type":"Feature","properties":{"id":198326384,"highway":"residential"},"geometry":{"type":"LineString","coordinates":[[139.534849,36.409661],[139.534481,36.40955],[139.534381,36.40956],[139.534291,36.409779],[139.534244,36.409825],[139.533986,36.409841],[139.533769,36.409876],[139.533729,36.409926],[139.533659,36.410129],[139.533603,36.410259],[139.533588,36.410283],[139.533553,36.410321],[139.533457,36.410361],[139.532963,36.410524],[139.532823,36.410546],[139.532733,36.41058],[139.532545,36.410665],[139.532484,36.410711],[139.532503,36.410918]]}},{"type":"Feature","properties":{"id":198326392,"highway":"unclassified"},"geometry":{"type":"LineString","coordinates":[[139.568402,36.456002],[139.568486,36.456091]]}},{"type":"Feature","properties":{"id":198326396,"highway":"unclassified"},"geometry":{"type":"LineString","coordinates":[[139.597126,36.415551],[139.597164,36.415501]]}},{"type":"Feature","properties":{"id":198326402,"highway":"residential"},"geometry":{"type":"LineString","coordinates":[[139.592511,36.445621],[139.592261,36.445735]]}},{"type":"Feature","properties":{"id":198326404,"highway":"unclassified"},"geometry":{"type":"LineString","coordinates":[[139.52148,36.465613],[139.521617,36.465731]]}},{"type":"Feature","properties":{"id":198326411,"highway":"unclassified"},"geometry":{"type":"LineString","coordinates":[[139.587994,36.432664],[139.588091,36.432519]]}},{"type":"Feature","properties":{"id":198326413,"highway":"residential"},"geometry":{"type":"LineString","coordinates":[[139.54456,36.431531],[139.544602,36.431806]]}},{"type":"Feature","properties":{"id":198326417,"highway":"service"},"geometry":{"type":"LineString","coordinates":[[139.522255,36.497859],[139.522445,36.497834],[139.522599,36.497824],[139.522686,36.497835]]}},{"type":"Feature","properties":{"id":198326418,"highway":"unclassified"},"geometry":{"type":"LineString","coordinates":[[139.571612,36.418511],[139.571487,36.417813]]}},{"type":"Feature","properties":{"id":198326421,"highway":"residential"},"geometry":{"type":"LineString","coordinates":[[139.519825,36.411039],[139.520209,36.410903]]}},{"type":"Feature","properties":{"id":198326423,"highway":"residential"},"geometry":{"type":"LineString","coordinates":[[139.525019,36.400564],[139.524817,36.40062]]}},{"type":"Feature","properties":{"id":198326425,"highway":"residential"},"geometry":{"type":"LineString","coordinates":[[139.523045,36.403055],[139.523139,36.402871]]}},{"type":"Feature","properties":{"id":198326427,"highway":"residential"},"geometry":{"type":"LineString","coordinates":[[139.561427,36.402836],[139.561335,36.402729],[139.561231,36.402658]]}},{"type":"Feature","properties":{"id":198326428,"highway":"residential"},"geometry":{"type":"LineString","coordinates":[[139.596531,36.417246],[139.595988,36.416924]]}},{"type":"Feature","properties":{"id":198326431,"highway":"residential"},"geometry":{"type":"LineString","coordinates":[[139.597197,36.417637],[139.596531,36.417246]]}},{"type":"Feature","properties":{"id":198326432,"highway":"residential"},"geometry":{"type":"LineString","coordinates":[[139.505937,36.436208],[139.505997,36.436206]]}},{"type":"Feature","properties":{"id":198326436,"highway":"unclassified"},"geometry":{"type":"LineString","coordinates":[[139.573726,36.410725],[139.574169,36.410845]]}},{"type":"Feature","properties":{"id":198326441,"highway":"residential"},"geometry":{"type":"LineString","coordinates":[[139.521266,36.402326],[139.52142,36.402551]]}},{"type":"Feature","properties":{"id":198326445,"highway":"tertiary"},"geometry":{"type":"LineString","coordinates":[[139.519968,36.416082],[139.519863,36.415821]]}},{"type":"Feature","properties":{"id":198326446,"highway":"residential"},"geometry":{"type":"LineString","coordinates":[[139.502521,36.412098],[139.502546,36.412063]]}},{"type":"Feature","properties":{"id":198326448,"highway":"unclassified"},"geometry":{"type":"LineString","coordinates":[[139.580653,36.440116],[139.580693,36.440054]]}},{"type":"Feature","properties":{"id":198326456,"highway":"residential"},"geometry":{"type":"LineString","coordinates":[[139.56014,36.463614],[139.560491,36.464025]]}},{"type":"Feature","properties":{"id":198326460,"highway":"residential"},"geometry":{"type":"LineString","coordinates":[[139.593757,36.442867],[139.594164,36.442898]]}},{"type":"Feature","properties":{"id":198326466,"highway":"unclassified"},"geometry":{"type":"LineString","coordinates":[[139.541733,36.443326],[139.54148,36.443357]]}},{"type":"Feature","properties":{"id":198326468,"highway":"residential"},"geometry":{"type":"LineString","coordinates":[[139.57181,36.419332],[139.571829,36.419424]]}},{"type":"Feature","properties":{"id":198326469,"highway":"residential"},"geometry":{"type":"LineString","coordinates":[[139.54456,36.431531],[139.544525,36.431325]]}},{"type":"Feature","properties":{"id":198326474,"highway":"residential"},"geometry":{"type":"LineString","coordinates":[[139.591373,36.451557],[139.591502,36.451633]]}},{"type":"Feature","properties":{"id":198326476,"highway":"residential"},"geometry":{"type":"LineString","coordinates":[[139.518941,36.411917],[139.519327,36.411892],[139.519474,36.411858],[139.519542,36.411823],[139.519627,36.41179]]}},{"type":"Feature","properties":{"id":198326479,"highway":"unclassified"},"geometry":{"type":"LineString","coordinates":[[139.557019,36.426006],[139.5573,36.426379]]}},{"type":"Feature","properties":{"id":198326490,"highway":"residential"},"geometry":{"type":"LineString","coordinates":[[139.587639,36.432871],[139.587207,36.433036]]}},{"type":"Feature","properties":{"id":198326491,"highway":"unclassified"},"geometry":{"type":"LineString","coordinates":[[139.589444,36.433477],[139.589556,36.43354]]}},{"type":"Feature","properties":{"id":198326492,"highway":"unclassified"},"geometry":{"type":"LineString","coordinates":[[139.588768,36.431739],[139.588789,36.431519]]}},{"type":"Feature","properties":{"id":198326496,"highway":"unclassified"},"geometry":{"type":"LineString","coordinates":[[139.594701,36.419025],[139.594749,36.419121]]}},{"type":"Feature","properties":{"id":198326498,"highway":"residential"},"geometry":{"type":"LineString","coordinates":[[139.593444,36.434084],[139.593524,36.433875]]}},{"type":"Feature","properties":{"id":198326501,"highway":"service"},"geometry":{"type":"LineString","coordinates":[[139.534063,36.493628],[139.534233,36.493785]]}},{"type":"Feature","properties":{"id":198326503,"highway":"unclassified"},"geometry":{"type":"LineString","coordinates":[[139.548404,36.428567],[139.549409,36.429377]]}},{"type":"Feature","properties":{"id":198326508,"highway":"residential"},"geometry":{"type":"LineString","coordinates":[[139.503177,36.40902],[139.503212,36.408913]]}},{"type":"Feature","properties":{"id":198326511,"highway":"service"},"geometry":{"type":"LineString","coordinates":[[139.548104,36.479081],[139.548066,36.479193],[139.547982,36.47923],[139.547915,36.479259],[139.547795,36.479235],[139.547744,36.479225]]}},{"type":"Feature","properties":{"id":198326513,"highway":"residential"},"geometry":{"type":"LineString","coordinates":[[139.507284,36.472882],[139.507369,36.472981]]}},{"type":"Feature","properties":{"id":198326516,"highway":"residential"},"geometry":{"type":"LineString","coordinates":[[139.519664,36.419961],[139.520118,36.419773]]}},{"type":"Feature","properties":{"id":198326517,"highway":"residential"},"geometry":{"type":"LineString","coordinates":[[139.508306,36.471711],[139.508348,36.471712]]}},{"type":"Feature","properties":{"id":198326521,"highway":"unclassified"},"geometry":{"type":"LineString","coordinates":[[139.597999,36.449746],[139.598212,36.449566]]}},{"type":"Feature","properties":{"id":198326522,"highway":"unclassified"},"geometry":{"type":"LineString","coordinates":[[139.519303,36.46273],[139.519303,36.462745],[139.5193,36.462784],[139.519289,36.463066],[139.519298,36.463104],[139.519344,36.463189],[139.519378,36.463237],[139.519499,36.463326]]}},{"type":"Feature","properties":{"id":198326524,"highway":"unclassified"},"geometry":{"type":"LineString","coordinates":[[139.570819,36.417903],[139.571007,36.418686]]}},{"type":"Feature","properties":{"id":198326527,"highway":"residential"},"geometry":{"type":"LineString","coordinates":[[139.588293,36.436888],[139.588445,36.436832]]}},{"type":"Feature","properties":{"id":198326531,"highway":"unclassified"},"geometry":{"type":"LineString","coordinates":[[139.544799,36.43257],[139.545079,36.432613],[139.545477,36.432573],[139.545721,36.432556],[139.545797,36.432545],[139.546027,36.432534],[139.546188,36.432523],[139.54639,36.432511],[139.546574,36.432485],[139.546759,36.432438],[139.546957,36.432379],[139.547428,36.432235],[139.547951,36.432066],[139.548167,36.431914],[139.548299,36.431779],[139.548819,36.431238],[139.549015,36.430848],[139.549126,36.430393],[139.549241,36.430173],[139.5498,36.429691]]}},{"type":"Feature","properties":{"id":198326533,"highway":"residential"},"geometry":{"type":"LineString","coordinates":[[139.519025,36.403034],[139.519079,36.403048]]}},{"type":"Feature","properties":{"id":198326534,"highway":"residential"},"geometry":{"type":"LineString","coordinates":[[139.511398,36.430695],[139.51148,36.430733]]}},{"type":"Feature","properties":{"id":198326536,"highway":"residential"},"geometry":{"type":"LineString","coordinates":[[139.509537,36.432703],[139.509861,36.4328]]}},{"type":"Feature","properties":{"id":198326537,"highway":"residential"},"geometry":{"type":"LineString","coordinates":[[139.520333,36.404552],[139.520583,36.404562]]}},{"type":"Feature","properties":{"id":198326538,"highway":"unclassified"},"geometry":{"type":"LineString","coordinates":[[139.578113,36.438541],[139.578171,36.438627]]}},{"type":"Feature","properties":{"id":198326541,"highway":"service"},"geometry":{"type":"LineString","coordinates":[[139.533455,36.493035],[139.533511,36.493097],[139.533814,36.493397],[139.534021,36.493595],[139.534063,36.493628]]}},{"type":"Feature","properties":{"id":198326543,"highway":"unclassified"},"geometry":{"type":"LineString","coordinates":[[139.549409,36.429377],[139.549727,36.429634]]}},{"type":"Feature","properties":{"id":198326553,"highway":"residential"},"geometry":{"type":"LineString","coordinates":[[139.587018,36.43739],[139.587262,36.437706]]}},{"type":"Feature","properties":{"id":198326554,"highway":"service"},"geometry":{"type":"LineString","coordinates":[[139.582154,36.421082],[139.581943,36.421191]]}},{"type":"Feature","properties":{"id":198326561,"highway":"unclassified"},"geometry":{"type":"LineString","coordinates":[[139.590421,36.434074],[139.590572,36.434177],[139.590716,36.434306]]}},{"type":"Feature","properties":{"id":198326564,"highway":"residential"},"geometry":{"type":"LineString","coordinates":[[139.596406,36.424667],[139.595954,36.424512]]}},{"type":"Feature","properties":{"id":198326567,"highway":"residential"},"geometry":{"type":"LineString","coordinates":[[139.559964,36.427709],[139.559483,36.427897]]}},{"type":"Feature","properties":{"id":198326571,"highway":"unclassified"},"geometry":{"type":"LineString","coordinates":[[139.541733,36.443326],[139.542075,36.443266]]}},{"type":"Feature","properties":{"id":198326574,"highway":"unclassified"},"geometry":{"type":"LineString","coordinates":[[139.592581,36.44779],[139.592725,36.44788]]}},{"type":"Feature","properties":{"id":198326580,"highway":"service"},"geometry":{"type":"LineString","coordinates":[[139.547483,36.479201],[139.547744,36.479225]]}},{"type":"Feature","properties":{"id":198326581,"highway":"residential"},"geometry":{"type":"LineString","coordinates":[[139.593524,36.433875],[139.593542,36.433867]]}},{"type":"Feature","properties":{"id":198326590,"highway":"residential"},"geometry":{"type":"LineString","coordinates":[[139.519951,36.414213],[139.520189,36.414335]]}},{"type":"Feature","properties":{"id":198326598,"highway":"residential"},"geometry":{"type":"LineString","coordinates":[[139.593739,36.440808],[139.593952,36.440693]]}},{"type":"Feature","properties":{"id":198326599,"highway":"unclassified"},"geometry":{"type":"LineString","coordinates":[[139.580016,36.439471],[139.580297,36.439736]]}},{"type":"Feature","properties":{"id":198326600,"highway":"unclassified"},"geometry":{"type":"LineString","coordinates":[[139.598605,36.44925],[139.598518,36.449352],[139.598212,36.449566]]}},{"type":"Feature","properties":{"id":198326603,"highway":"service"},"geometry":{"type":"LineString","coordinates":[[139.522085,36.497887],[139.522255,36.497859]]}},{"type":"Feature","properties":{"id":198326604,"highway":"residential"},"geometry":{"type":"LineString","coordinates":[[139.56014,36.463614],[139.55997,36.463429],[139.559673,36.463268]]}},{"type":"Feature","properties":{"id":198326610,"highway":"residential"},"geometry":{"type":"LineString","coordinates":[[139.505618,36.436203],[139.505937,36.436208]]}},{"type":"Feature","properties":{"id":198326613,"highway":"unclassified"},"geometry":{"type":"LineString","coordinates":[[139.519324,36.462413],[139.519323,36.462374]]}},{"type":"Feature","properties":{"id":198326614,"highway":"unclassified"},"geometry":{"type":"LineString","coordinates":[[139.544705,36.483858],[139.544728,36.483884]]}},{"type":"Feature","properties":{"id":198326616,"highway":"unclassified"},"geometry":{"type":"LineString","coordinates":[[139.504889,36.401501],[139.504847,36.401285]]}},{"type":"Feature","properties":{"id":198326620,"highway":"residential"},"geometry":{"type":"LineString","coordinates":[[139.526369,36.400434],[139.526462,36.40038]]}},{"type":"Feature","properties":{"id":198326622,"highway":"unclassified"},"geometry":{"type":"LineString","coordinates":[[139.571007,36.418686],[139.571257,36.418614]]}},{"type":"Feature","properties":{"id":198326625,"highway":"unclassified"},"geometry":{"type":"LineString","coordinates":[[139.516726,36.425939],[139.516777,36.425784]]}},{"type":"Feature","properties":{"id":198326626,"highway":"service"},"geometry":{"type":"LineString","coordinates":[[139.523118,36.458937],[139.523094,36.458922]]}},{"type":"Feature","properties":{"id":198326630,"highway":"residential"},"geometry":{"type":"LineString","coordinates":[[139.581268,36.442742],[139.580982,36.443013]]}},{"type":"Feature","properties":{"id":198326631,"highway":"unclassified"},"geometry":{"type":"LineString","coordinates":[[139.516573,36.399872],[139.51666,36.400329]]}},{"type":"Feature","properties":{"id":198326633,"highway":"residential"},"geometry":{"type":"LineString","coordinates":[[139.520579,36.419705],[139.520118,36.419773]]}},{"type":"Feature","properties":{"id":198326636,"highway":"unclassified"},"geometry":{"type":"LineString","coordinates":[[139.59578,36.429787],[139.594054,36.429106]]}},{"type":"Feature","properties":{"id":198326641,"highway":"residential"},"geometry":{"type":"LineString","coordinates":[[139.592567,36.432247],[139.592591,36.432279],[139.592656,36.432396],[139.592684,36.432503],[139.592724,36.432676],[139.592711,36.432778],[139.592704,36.432924],[139.592728,36.433095],[139.592819,36.43334],[139.592886,36.433405]]}},{"type":"Feature","properties":{"id":198326643,"highway":"residential"},"geometry":{"type":"LineString","coordinates":[[139.594018,36.441599],[139.593834,36.441621]]}},{"type":"Feature","properties":{"id":198326650,"highway":"unclassified"},"geometry":{"type":"LineString","coordinates":[[139.571049,36.417869],[139.571487,36.417813]]}},{"type":"Feature","properties":{"id":198326652,"highway":"unclassified"},"geometry":{"type":"LineString","coordinates":[[139.539983,36.433757],[139.540444,36.433634]]}},{"type":"Feature","properties":{"id":198326659,"highway":"residential"},"geometry":{"type":"LineString","coordinates":[[139.562589,36.461988],[139.561938,36.461587]]}},{"type":"Feature","properties":{"id":198326661,"highway":"unclassified"},"geometry":{"type":"LineString","coordinates":[[139.519303,36.46273],[139.519324,36.462413]]}},{"type":"Feature","properties":{"id":198326662,"highway":"service"},"geometry":{"type":"LineString","coordinates":[[139.522907,36.458691],[139.523094,36.458922]]}},{"type":"Feature","properties":{"id":198326670,"highway":"unclassified"},"geometry":{"type":"LineString","coordinates":[[139.516691,36.400422],[139.51666,36.400329]]}},{"type":"Feature","properties":{"id":198326671,"highway":"unclassified"},"geometry":{"type":"LineString","coordinates":[[139.594268,36.420973],[139.594901,36.42124]]}},{"type":"Feature","properties":{"id":198326672,"highway":"residential"},"geometry":{"type":"LineString","coordinates":[[139.519079,36.403048],[139.519363,36.403116]]}},{"type":"Feature","properties":{"id":198326674,"highway":"service"},"geometry":{"type":"LineString","coordinates":[[139.530918,36.452379],[139.531202,36.45259]]}},{"type":"Feature","properties":{"id":198326675,"highway":"unclassified"},"geometry":{"type":"LineString","coordinates":[[139.595988,36.416924],[139.596108,36.4168]]}},{"type":"Feature","properties":{"id":198326678,"highway":"residential"},"geometry":{"type":"LineString","coordinates":[[139.592434,36.444875],[139.592651,36.444944]]}},{"type":"Feature","properties":{"id":198326679,"highway":"service"},"geometry":{"type":"LineString","coordinates":[[139.522881,36.458656],[139.522907,36.458691]]}},{"type":"Feature","properties":{"id":198326682,"highway":"residential"},"geometry":{"type":"LineString","coordinates":[[139.56799,36.419405],[139.568208,36.419807]]}},{"type":"Feature","properties":{"id":198326684,"highway":"residential"},"geometry":{"type":"LineString","coordinates":[[139.536147,36.409413],[139.536159,36.4093]]}},{"type":"Feature","properties":{"id":198326689,"highway":"tertiary"},"geometry":{"type":"LineString","coordinates":[[139.519968,36.416082],[139.520234,36.416609],[139.520346,36.41684],[139.520394,36.417],[139.520418,36.417177],[139.520435,36.417536],[139.520466,36.418051],[139.520482,36.41825],[139.520501,36.418446],[139.520529,36.41874],[139.520605,36.419409],[139.52061,36.419532],[139.520599,36.419633],[139.520579,36.419705],[139.520539,36.419804],[139.520501,36.419886],[139.520363,36.4201],[139.520284,36.420227],[139.520218,36.420367],[139.520152,36.420551],[139.519999,36.421046],[139.519889,36.42144],[139.519824,36.421671],[139.519794,36.42176],[139.519715,36.42191],[139.519337,36.422512],[139.519211,36.422708],[139.519147,36.4228],[139.519077,36.422884],[139.518957,36.423008],[139.518811,36.423147],[139.518752,36.423203],[139.518548,36.423397],[139.51842,36.423529],[139.518276,36.423697],[139.518168,36.423868],[139.518087,36.42406],[139.518008,36.424272],[139.517945,36.424407],[139.517859,36.424547],[139.517759,36.42468],[139.517666,36.424778],[139.51729,36.425092],[139.517187,36.425173],[139.517084,36.425264],[139.516979,36.425373],[139.51691,36.425465],[139.516862,36.425556],[139.516811,36.425693],[139.516777,36.425784]]}},{"type":"Feature","properties":{"id":198326692,"highway":"residential"},"geometry":{"type":"LineString","coordinates":[[139.507417,36.473041],[139.507369,36.472981]]}},{"type":"Feature","properties":{"id":198326700,"highway":"unclassified"},"geometry":{"type":"LineString","coordinates":[[139.571069,36.404434],[139.571467,36.404372],[139.571666,36.40433]]}},{"type":"Feature","properties":{"id":198326702,"highway":"unclassified"},"geometry":{"type":"LineString","coordinates":[[139.595988,36.416924],[139.595892,36.417042]]}},{"type":"Feature","properties":{"id":198326708,"highway":"residential"},"geometry":{"type":"LineString","coordinates":[[139.596993,36.423137],[139.596944,36.422816]]}},{"type":"Feature","properties":{"id":198326710,"highway":"residential"},"geometry":{"type":"LineString","coordinates":[[139.594508,36.436228],[139.5947,36.436245]]}},{"type":"Feature","properties":{"id":198326711,"highway":"residential"},"geometry":{"type":"LineString","coordinates":[[139.591502,36.451633],[139.59159,36.451661],[139.591669,36.451685]]}},{"type":"Feature","properties":{"id":198326713,"highway":"unclassified"},"geometry":{"type":"LineString","coordinates":[[139.580297,36.439736],[139.580693,36.440054]]}},{"type":"Feature","properties":{"id":198326716,"highway":"unclassified"},"geometry":{"type":"LineString","coordinates":[[139.570819,36.417903],[139.571049,36.417869]]}},{"type":"Feature","properties":{"id":198326717,"highway":"residential"},"geometry":{"type":"LineString","coordinates":[[139.558075,36.464351],[139.558509,36.464573]]}},{"type":"Feature","properties":{"id":198326727,"highway":"unclassified"},"geometry":{"type":"LineString","coordinates":[[139.573317,36.453695],[139.573487,36.453335]]}},{"type":"Feature","properties":{"id":198326730,"highway":"residential"},"geometry":{"type":"LineString","coordinates":[[139.511139,36.430599],[139.511398,36.430695]]}},{"type":"Feature","properties":{"id":198326732,"highway":"residential"},"geometry":{"type":"LineString","coordinates":[[139.50801,36.471698],[139.508306,36.471711]]}},{"type":"Feature","properties":{"id":198326736,"highway":"service"},"geometry":{"type":"LineString","coordinates":[[139.526649,36.456697],[139.526821,36.456914]]}},{"type":"Feature","properties":{"id":198326738,"highway":"residential"},"geometry":{"type":"LineString","coordinates":[[139.500518,36.481212],[139.500694,36.481155]]}},{"type":"Feature","properties":{"id":198326741,"highway":"service"},"geometry":{"type":"LineString","coordinates":[[139.591565,36.415372],[139.592084,36.415571]]}},{"type":"Feature","properties":{"id":198326742,"highway":"unclassified"},"geometry":{"type":"LineString","coordinates":[[139.593424,36.430333],[139.593123,36.430231],[139.592993,36.430211]]}},{"type":"Feature","properties":{"id":198326749,"highway":"unclassified"},"geometry":{"type":"LineString","coordinates":[[139.512532,36.429361],[139.512658,36.429233]]}},{"type":"Feature","properties":{"id":198326752,"highway":"unclassified"},"geometry":{"type":"LineString","coordinates":[[139.500547,36.492272],[139.50064,36.49223]]}},{"type":"Feature","properties":{"id":198326753,"highway":"unclassified"},"geometry":{"type":"LineString","coordinates":[[139.58078,36.440032],[139.580693,36.440054]]}},{"type":"Feature","properties":{"id":198326756,"highway":"residential"},"geometry":{"type":"LineString","coordinates":[[139.508197,36.405692],[139.508251,36.405779]]}},{"type":"Feature","properties":{"id":198326758,"highway":"residential"},"geometry":{"type":"LineString","coordinates":[[139.500391,36.411007],[139.50056,36.410739]]}},{"type":"Feature","properties":{"id":198326759,"highway":"unclassified"},"geometry":{"type":"LineString","coordinates":[[139.580095,36.440892],[139.579665,36.441483]]}},{"type":"Feature","properties":{"id":198326763,"highway":"unclassified"},"geometry":{"type":"LineString","coordinates":[[139.595599,36.421522],[139.594901,36.42124]]}},{"type":"Feature","properties":{"id":198326771,"highway":"residential"},"geometry":{"type":"LineString","coordinates":[[139.594508,36.436228],[139.594451,36.43623]]}},{"type":"Feature","properties":{"id":198326774,"highway":"unclassified"},"geometry":{"type":"LineString","coordinates":[[139.576457,36.447322],[139.576255,36.447553]]}},{"type":"Feature","properties":{"id":198326775,"highway":"residential"},"geometry":{"type":"LineString","coordinates":[[139.52006,36.405092],[139.520139,36.405195]]}},{"type":"Feature","properties":{"id":198326777,"highway":"residential"},"geometry":{"type":"LineString","coordinates":[[139.580355,36.442302],[139.580067,36.442502]]}},{"type":"Feature","properties":{"id":198326778,"highway":"residential"},"geometry":{"type":"LineString","coordinates":[[139.501968,36.412774],[139.502,36.412696]]}},{"type":"Feature","properties":{"id":198326781,"highway":"residential"},"geometry":{"type":"LineString","coordinates":[[139.56492,36.417689],[139.56485,36.41788],[139.564867,36.418236],[139.564895,36.418338],[139.56502,36.418609],[139.565152,36.418848]]}},{"type":"Feature","properties":{"id":198326783,"highway":"residential"},"geometry":{"type":"LineString","coordinates":[[139.509893,36.432815],[139.509861,36.4328]]}},{"type":"Feature","properties":{"id":198326785,"highway":"unclassified"},"geometry":{"type":"LineString","coordinates":[[139.509814,36.432924],[139.509893,36.432815]]}},{"type":"Feature","properties":{"id":198326786,"highway":"residential"},"geometry":{"type":"LineString","coordinates":[[139.50064,36.49223],[139.500943,36.492078]]}},{"type":"Feature","properties":{"id":198326790,"highway":"service"},"geometry":{"type":"LineString","coordinates":[[139.526616,36.456652],[139.526649,36.456697]]}},{"type":"Feature","properties":{"id":198326793,"highway":"unclassified"},"geometry":{"type":"LineString","coordinates":[[139.592725,36.44788],[139.592751,36.447893],[139.592794,36.447912]]}},{"type":"Feature","properties":{"id":198326797,"highway":"unclassified"},"geometry":{"type":"LineString","coordinates":[[139.505535,36.403068],[139.505889,36.403453]]}},{"type":"Feature","properties":{"id":198326800,"highway":"residential"},"geometry":{"type":"LineString","coordinates":[[139.574066,36.402491],[139.573494,36.402687]]}},{"type":"Feature","properties":{"id":198326802,"highway":"service"},"geometry":{"type":"LineString","coordinates":[[139.534233,36.493785],[139.534856,36.494355]]}},{"type":"Feature","properties":{"id":198326803,"highway":"residential"},"geometry":{"type":"LineString","coordinates":[[139.593542,36.433867],[139.593728,36.433906]]}},{"type":"Feature","properties":{"id":198326804,"highway":"unclassified"},"geometry":{"type":"LineString","coordinates":[[139.588718,36.433095],[139.589444,36.433477]]}},{"type":"Feature","properties":{"id":198326810,"highway":"service"},"geometry":{"type":"LineString","coordinates":[[139.530979,36.452015],[139.531033,36.452034],[139.53107,36.452047],[139.531088,36.45206],[139.531096,36.452073],[139.531101,36.452092],[139.531096,36.452112],[139.530909,36.452286],[139.530896,36.452303],[139.530888,36.452323],[139.53089,36.452347],[139.530903,36.452365],[139.530918,36.452379]]}},{"type":"Feature","properties":{"id":198326811,"highway":"residential"},"geometry":{"type":"LineString","coordinates":[[139.501106,36.41196],[139.501113,36.411825]]}},{"type":"Feature","properties":{"id":198326813,"highway":"residential"},"geometry":{"type":"LineString","coordinates":[[139.594594,36.433311],[139.594691,36.433329]]}},{"type":"Feature","properties":{"id":198326814,"highway":"residential"},"geometry":{"type":"LineString","coordinates":[[139.55931,36.427984],[139.559483,36.427897]]}},{"type":"Feature","properties":{"id":198326818,"highway":"unclassified"},"geometry":{"type":"LineString","coordinates":[[139.502458,36.407964],[139.502215,36.407818],[139.501868,36.407625],[139.501102,36.407371]]}},{"type":"Feature","properties":{"id":198326820,"highway":"residential"},"geometry":{"type":"LineString","coordinates":[[139.585999,36.455975],[139.586063,36.456024],[139.586153,36.456157]]}},{"type":"Feature","properties":{"id":198326822,"highway":"residential"},"geometry":{"type":"LineString","coordinates":[[139.516413,36.403172],[139.516514,36.403023]]}},{"type":"Feature","properties":{"id":198326823,"highway":"residential"},"geometry":{"type":"LineString","coordinates":[[139.544537,36.483708],[139.544705,36.483858]]}},{"type":"Feature","properties":{"id":198326824,"highway":"unclassified"},"geometry":{"type":"LineString","coordinates":[[139.549727,36.429634],[139.5498,36.429691]]}},{"type":"Feature","properties":{"id":198326829,"highway":"residential"},"geometry":{"type":"LineString","coordinates":[[139.526462,36.40038],[139.526613,36.400312],[139.52666,36.400282],[139.526724,36.400234],[139.526775,36.400186],[139.526862,36.400117],[139.526935,36.400066],[139.527015,36.400026],[139.527114,36.4],[139.52749,36.399894],[139.52763,36.399836],[139.527984,36.39969],[139.528208,36.399604],[139.528346,36.399552],[139.528486,36.399498],[139.528692,36.399422],[139.52881,36.399377],[139.529017,36.399284],[139.52912,36.399237],[139.529165,36.399215],[139.529229,36.399193],[139.529293,36.399166],[139.529387,36.399117],[139.529471,36.399073],[139.529542,36.399028],[139.529611,36.398977],[139.529676,36.398931],[139.529749,36.398867],[139.529821,36.398805],[139.529905,36.398743],[139.529994,36.398692],[139.530061,36.398658],[139.530122,36.398633],[139.530192,36.398604],[139.530333,36.39855],[139.530427,36.3985],[139.530473,36.398452],[139.530487,36.398429],[139.53051,36.398201],[139.530531,36.398078],[139.530566,36.397905],[139.530556,36.397777],[139.530546,36.397584],[139.530531,36.397461],[139.530491,36.39728]]}},{"type":"Feature","properties":{"id":198326838,"highway":"residential"},"geometry":{"type":"LineString","coordinates":[[139.505888,36.474223],[139.505776,36.474146],[139.505728,36.474077],[139.505685,36.473985],[139.50565,36.473918],[139.505615,36.473848],[139.505612,36.473793],[139.505642,36.473702],[139.505706,36.473558],[139.505766,36.473398],[139.505806,36.473338],[139.505857,36.473282],[139.505961,36.473239],[139.506043,36.473227],[139.506315,36.473224],[139.506496,36.473223],[139.506729,36.473208],[139.506948,36.473179],[139.507103,36.473167],[139.507166,36.473165]]}},{"type":"Feature","properties":{"id":198326841,"highway":"residential"},"geometry":{"type":"LineString","coordinates":[[139.5221,36.404738],[139.522407,36.404789],[139.52277,36.404823],[139.522965,36.404857],[139.523072,36.404892],[139.523185,36.404996],[139.523235,36.405055],[139.523277,36.405071],[139.523367,36.405071],[139.523619,36.405014],[139.52391,36.404964],[139.524197,36.404941],[139.524663,36.404947],[139.525151,36.404981],[139.525534,36.405026],[139.525791,36.405071],[139.525875,36.405093],[139.525875,36.405144],[139.525826,36.405189],[139.525581,36.405411]]}},{"type":"Feature","properties":{"id":198326846,"highway":"unclassified"},"geometry":{"type":"LineString","coordinates":[[139.552289,36.472549],[139.55262,36.472633],[139.552846,36.472672],[139.553028,36.472685],[139.55322,36.472661],[139.553369,36.472601],[139.553577,36.472521],[139.553819,36.472431],[139.554146,36.472305],[139.554325,36.472216],[139.554429,36.472118],[139.554489,36.472024],[139.554504,36.471913],[139.554517,36.471553],[139.554523,36.471229],[139.554544,36.470464],[139.554567,36.470228],[139.554597,36.470071],[139.55466,36.469908],[139.55474,36.469773],[139.554971,36.46945],[139.555323,36.469029],[139.555689,36.468591]]}},{"type":"Feature","properties":{"id":198326847,"highway":"unclassified"},"geometry":{"type":"LineString","coordinates":[[139.528844,36.43451],[139.528808,36.434495],[139.528705,36.434455],[139.528585,36.434422],[139.528492,36.434453],[139.52848,36.434573],[139.528602,36.434848],[139.52865,36.435022],[139.528643,36.435248],[139.528622,36.435287],[139.528573,36.435383],[139.528425,36.435468],[139.528277,36.435525],[139.52812,36.43554],[139.527958,36.435575],[139.527867,36.435625],[139.527817,36.435687],[139.527817,36.435744],[139.52786,36.435807],[139.527932,36.4359]]}},{"type":"Feature","properties":{"id":198326852,"highway":"residential"},"geometry":{"type":"LineString","coordinates":[[139.512767,36.401532],[139.512723,36.401678],[139.512662,36.401788],[139.512661,36.401869],[139.512666,36.40202],[139.512628,36.402172],[139.51256,36.402293],[139.512505,36.402339],[139.51233,36.402418],[139.512073,36.402514],[139.511864,36.402593],[139.511789,36.402632],[139.511754,36.402646],[139.511709,36.402683],[139.511584,36.402782],[139.511458,36.402873],[139.511351,36.402928],[139.511197,36.402957],[139.510946,36.402924]]}},{"type":"Feature","properties":{"id":198326878,"highway":"residential"},"geometry":{"type":"LineString","coordinates":[[139.584223,36.437779],[139.584272,36.437779],[139.584767,36.437762],[139.584844,36.437745],[139.584927,36.4377],[139.584969,36.437689],[139.585142,36.437598],[139.585325,36.437509],[139.585715,36.437311],[139.585771,36.437294],[139.585826,36.437255],[139.585903,36.437221],[139.586203,36.437069],[139.586258,36.437052],[139.586454,36.436917],[139.586536,36.436853],[139.586665,36.436769],[139.586701,36.436812],[139.586753,36.436924],[139.586847,36.437161],[139.587018,36.43739]]}},{"type":"Feature","properties":{"id":198326886,"highway":"residential"},"geometry":{"type":"LineString","coordinates":[[139.57782,36.447633],[139.577895,36.447505],[139.577948,36.447377],[139.578019,36.447227],[139.578125,36.447046],[139.57823,36.446861],[139.578305,36.44672],[139.578368,36.446659],[139.57845,36.446579],[139.578509,36.446535],[139.578597,36.446504],[139.578721,36.446465],[139.578818,36.446407],[139.578879,36.446341],[139.578933,36.446255],[139.579008,36.446065],[139.579083,36.445863],[139.579118,36.445796],[139.579158,36.445757],[139.57922,36.445721],[139.579518,36.445589]]}},{"type":"Feature","properties":{"id":198326887,"highway":"residential"},"geometry":{"type":"LineString","coordinates":[[139.506094,36.448535],[139.50521,36.448561],[139.505077,36.448538],[139.504972,36.448533],[139.504833,36.44851],[139.504414,36.448318],[139.504066,36.448155],[139.503655,36.447935],[139.503098,36.447535],[139.50277,36.447349],[139.502513,36.447107],[139.502401,36.446983],[139.502324,36.446876],[139.502276,36.446769],[139.502199,36.446544],[139.502018,36.446223],[139.501934,36.446099],[139.501843,36.445913],[139.501816,36.445783],[139.501829,36.445625],[139.501807,36.445205]]}},{"type":"Feature","properties":{"id":198326888,"highway":"residential"},"geometry":{"type":"LineString","coordinates":[[139.581574,36.440043],[139.581568,36.440003],[139.58155,36.439647],[139.581713,36.439542],[139.581798,36.439508],[139.581937,36.43948],[139.582299,36.439401],[139.582481,36.439351],[139.582683,36.439283],[139.582774,36.439249],[139.58284,36.439174],[139.582927,36.439079],[139.58301,36.438992],[139.583098,36.438885],[139.58318,36.438781],[139.583247,36.438682],[139.58333,36.438578],[139.583401,36.438494],[139.583443,36.438444],[139.583471,36.438427],[139.583554,36.438314]]}},{"type":"Feature","properties":{"id":198326889,"highway":"unclassified"},"geometry":{"type":"LineString","coordinates":[[139.536242,36.407943],[139.536235,36.40791],[139.536173,36.407667],[139.536138,36.407436],[139.536152,36.407273],[139.536208,36.407127],[139.536347,36.406856],[139.536416,36.406682],[139.536472,36.406456],[139.536619,36.405612],[139.536633,36.405578],[139.53666,36.405369],[139.536709,36.405082],[139.536709,36.404688],[139.536667,36.40435],[139.536674,36.403871],[139.536709,36.403657],[139.536828,36.403144],[139.536848,36.402986],[139.536862,36.402964],[139.53689,36.402823]]}},{"type":"Feature","properties":{"id":198326896,"highway":"residential"},"geometry":{"type":"LineString","coordinates":[[139.59449,36.439016],[139.594595,36.438893],[139.594726,36.438715],[139.594862,36.438565],[139.594979,36.438445],[139.59504,36.438341],[139.595075,36.438221],[139.595074,36.438097],[139.59503,36.437907],[139.594901,36.437539],[139.594793,36.437287],[139.594703,36.437138],[139.594621,36.437019],[139.59457,36.436911],[139.594554,36.436851],[139.594552,36.436797],[139.594586,36.436702],[139.594663,36.436493],[139.59471,36.436387],[139.594746,36.436248],[139.5947,36.436245]]}},{"type":"Feature","properties":{"id":198326899,"highway":"residential"},"geometry":{"type":"LineString","coordinates":[[139.565811,36.457558],[139.56648,36.458146],[139.566925,36.458021],[139.567032,36.457965],[139.567343,36.457728],[139.567437,36.457603],[139.567459,36.457546],[139.567464,36.457454],[139.567461,36.457391],[139.567472,36.457333],[139.567498,36.457284],[139.567547,36.457218],[139.567628,36.457178],[139.567828,36.457128],[139.567956,36.45707],[139.568078,36.457006],[139.568233,36.456888],[139.568321,36.456813],[139.568379,36.456753],[139.568425,36.456705],[139.568463,36.45664],[139.568516,36.456547],[139.568568,36.456432],[139.568541,36.456369],[139.56847,36.456215],[139.568486,36.456091]]}},{"type":"Feature","properties":{"id":198326904,"highway":"unclassified"},"geometry":{"type":"LineString","coordinates":[[139.591316,36.428278],[139.59141,36.428101],[139.591577,36.427768],[139.591682,36.427498],[139.591821,36.427047],[139.59187,36.426794],[139.591898,36.426518],[139.591933,36.426388],[139.591981,36.42627],[139.592567,36.425295],[139.593201,36.424292],[139.593257,36.424145],[139.593313,36.423814],[139.593376,36.42365],[139.593536,36.423397],[139.593564,36.42329],[139.59355,36.423002],[139.593536,36.422855],[139.593543,36.422461],[139.593557,36.4224],[139.593592,36.421987],[139.593606,36.421886]]}},{"type":"Feature","properties":{"id":198326910,"highway":"service"},"geometry":{"type":"LineString","coordinates":[[139.533709,36.449421],[139.533656,36.449411],[139.533325,36.449337],[139.533246,36.449322],[139.53316,36.449315],[139.533075,36.449314],[139.532865,36.449338],[139.532691,36.449367],[139.532634,36.449384],[139.532564,36.449417],[139.532504,36.449458],[139.532459,36.449507],[139.532379,36.449623],[139.53226,36.449827],[139.532166,36.449956],[139.532004,36.450137],[139.531786,36.450383],[139.531573,36.450622],[139.531434,36.450752],[139.531309,36.450849],[139.531169,36.450942],[139.530984,36.451073],[139.530909,36.451163],[139.530871,36.451229],[139.53072,36.451975],[139.530703,36.452138],[139.530664,36.452283],[139.530739,36.452313],[139.530787,36.452332]]}},{"type":"Feature","properties":{"id":198326920,"highway":"residential"},"geometry":{"type":"LineString","coordinates":[[139.56492,36.417689],[139.56433,36.41752],[139.564023,36.417464],[139.563912,36.417464],[139.563863,36.417486],[139.563759,36.417632],[139.563716,36.417702],[139.56358,36.417832],[139.563373,36.41802],[139.56318,36.418185],[139.563017,36.418335],[139.562786,36.41853],[139.562722,36.418609],[139.562693,36.418657],[139.562707,36.418725],[139.562819,36.418929],[139.562819,36.418979],[139.562777,36.41908],[139.562673,36.41925],[139.56264,36.419307],[139.562771,36.419369],[139.563001,36.419492],[139.563623,36.419808]]}},{"type":"Feature","properties":{"id":198326935,"highway":"residential"},"geometry":{"type":"LineString","coordinates":[[139.538515,36.400932],[139.538716,36.400846],[139.53882,36.400807],[139.539046,36.400721],[139.539152,36.400686],[139.539272,36.400647],[139.539352,36.40062],[139.539461,36.40058],[139.539497,36.400571],[139.539533,36.400574],[139.539576,36.400577],[139.539658,36.4006],[139.539802,36.400655],[139.539926,36.400707],[139.540013,36.40075],[139.540064,36.400786],[139.540109,36.400821],[139.540184,36.400875],[139.540253,36.400916],[139.540368,36.400961],[139.54057,36.401029],[139.540654,36.40106],[139.540739,36.401101]]}},{"type":"Feature","properties":{"id":198326946,"highway":"residential"},"geometry":{"type":"LineString","coordinates":[[139.590281,36.430349],[139.59041,36.430368],[139.590584,36.430433],[139.590785,36.430508],[139.590925,36.430555],[139.591023,36.430589],[139.591048,36.430624],[139.59104,36.430659],[139.590962,36.430765],[139.590904,36.430849],[139.590846,36.430938],[139.590777,36.43102],[139.590699,36.431102],[139.590623,36.431174],[139.590538,36.431235],[139.590405,36.431277],[139.590211,36.4313],[139.589911,36.431367],[139.58966,36.431446],[139.589625,36.431463],[139.589556,36.43148],[139.588879,36.431728],[139.58881,36.431733],[139.588768,36.431739]]}},{"type":"Feature","properties":{"id":198326948,"highway":"residential"},"geometry":{"type":"LineString","coordinates":[[139.497964,36.436623],[139.498283,36.436714],[139.49859,36.436731],[139.499921,36.436737],[139.500095,36.436748],[139.500806,36.436827],[139.500995,36.436844],[139.501364,36.436844],[139.501594,36.436821],[139.50218,36.43681],[139.502793,36.43681],[139.50298,36.43685],[139.503273,36.436996],[139.503524,36.437064],[139.503663,36.437086],[139.503865,36.437081],[139.503984,36.437047],[139.504263,36.436923],[139.504276,36.436923],[139.504688,36.436692],[139.50473,36.436681],[139.505245,36.436365],[139.505538,36.436213],[139.505618,36.436203]]}},{"type":"Feature","properties":{"id":198326950,"highway":"residential"},"geometry":{"type":"LineString","coordinates":[[139.566578,36.455378],[139.566419,36.455251],[139.566264,36.455154],[139.566044,36.455005],[139.565837,36.454863],[139.565688,36.454773],[139.565591,36.454727],[139.565533,36.45474],[139.565443,36.454792],[139.565346,36.454895],[139.565261,36.454999],[139.565145,36.455164],[139.565096,36.455293],[139.565096,36.455445],[139.565118,36.455535],[139.565208,36.455748],[139.565278,36.455934],[139.565285,36.456301],[139.565166,36.456825],[139.565159,36.45696],[139.565248,36.457088],[139.565384,36.457282],[139.565486,36.457552],[139.565543,36.45763]]}},{"type":"Feature","properties":{"id":198326959,"highway":"residential"},"geometry":{"type":"LineString","coordinates":[[139.577996,36.408028],[139.578011,36.407916],[139.578012,36.407814],[139.57799,36.407623],[139.577964,36.407521],[139.57781,36.40729],[139.577699,36.407065],[139.577664,36.407009],[139.57765,36.406969],[139.57758,36.406863],[139.577552,36.406795],[139.577552,36.406712],[139.577769,36.406451],[139.5779,36.406305],[139.578019,36.406119],[139.578095,36.405916],[139.57811,36.405623],[139.578165,36.405488],[139.578192,36.405448],[139.578192,36.405369],[139.578137,36.405234],[139.57813,36.404981],[139.578113,36.404798]]}},{"type":"Feature","properties":{"id":198326967,"highway":"service"},"geometry":{"type":"LineString","coordinates":[[139.590174,36.415704],[139.589873,36.416202],[139.589583,36.416682],[139.589287,36.417173],[139.589027,36.417597],[139.588677,36.418166]]}},{"type":"Feature","properties":{"id":198326995,"highway":"service"},"geometry":{"type":"LineString","coordinates":[[139.578113,36.438541],[139.577981,36.438449],[139.577906,36.438368],[139.577871,36.438287],[139.57786,36.438194],[139.577877,36.438142],[139.577918,36.43809],[139.577981,36.438061],[139.578086,36.438032],[139.578219,36.437998],[139.578387,36.437974],[139.578509,36.437939],[139.578666,36.437888],[139.578793,36.437812],[139.578903,36.437719],[139.578949,36.437633],[139.578996,36.437534],[139.578996,36.437419],[139.578961,36.437338],[139.578903,36.437274],[139.578804,36.437204],[139.578723,36.437146],[139.578677,36.437077],[139.578654,36.437031],[139.578642,36.437008]]}},{"type":"Feature","properties":{"id":198327008,"highway":"residential"},"geometry":{"type":"LineString","coordinates":[[139.559239,36.402351],[139.559298,36.402282],[139.559355,36.402201],[139.559429,36.402132],[139.559527,36.402056],[139.559614,36.401991],[139.559722,36.401894],[139.559819,36.401799],[139.559911,36.401722],[139.560004,36.401654],[139.560109,36.401569],[139.560226,36.401474],[139.56039,36.401387],[139.560487,36.401352],[139.560661,36.401346],[139.560793,36.401381],[139.560828,36.401397],[139.560915,36.401449],[139.56101,36.401519],[139.561131,36.401611],[139.561251,36.401697],[139.561317,36.401735],[139.561376,36.401774],[139.561545,36.401852],[139.561733,36.401975]]}},{"type":"Feature","properties":{"id":198327013,"highway":"service"},"geometry":{"type":"LineString","coordinates":[[139.558444,36.483308],[139.558599,36.483178],[139.558715,36.483078],[139.558835,36.48297],[139.558952,36.482792],[139.559035,36.482685],[139.559089,36.482639],[139.559138,36.482618],[139.559178,36.482622],[139.559205,36.482638],[139.559222,36.482699],[139.559198,36.482822],[139.559165,36.482915],[139.559082,36.483041],[139.559002,36.483141],[139.558982,36.483188],[139.558989,36.483231],[139.559015,36.483258],[139.559055,36.483274],[139.559122,36.483268],[139.559185,36.483244],[139.559328,36.483138],[139.559499,36.48301],[139.559649,36.482898],[139.559801,36.482767]]}},{"type":"Feature","properties":{"id":198327015,"highway":"residential"},"geometry":{"type":"LineString","coordinates":[[139.506243,36.467744],[139.506254,36.467748],[139.506533,36.467894],[139.506812,36.468069],[139.507251,36.468464],[139.507307,36.468498],[139.507369,36.468554],[139.507641,36.468683],[139.508011,36.468824],[139.508366,36.468926],[139.50868,36.468982],[139.508938,36.469038],[139.509015,36.469049],[139.509266,36.469055],[139.509447,36.469033],[139.509593,36.468999],[139.509781,36.468993],[139.509893,36.469016],[139.510311,36.469173],[139.510443,36.469196],[139.510576,36.46919],[139.510727,36.469133],[139.510796,36.469142],[139.510904,36.469153],[139.511048,36.46911],[139.511183,36.469094]]}},{"type":"Feature","properties":{"id":198327017,"highway":"service"},"geometry":{"type":"LineString","coordinates":[[139.599578,36.402331],[139.599467,36.402547],[139.599373,36.402652],[139.599315,36.402745],[139.599315,36.402832],[139.599385,36.402908],[139.599479,36.402937],[139.599613,36.402949],[139.599829,36.402879],[139.599928,36.402821],[139.600039,36.402774],[139.600168,36.402733],[139.600267,36.402704],[139.600389,36.402681],[139.6005,36.402634],[139.600553,36.402559],[139.600634,36.402384],[139.60071,36.402239],[139.60078,36.402122],[139.600856,36.402046],[139.601008,36.401936],[139.601124,36.401848],[139.601194,36.401784],[139.601282,36.401674],[139.601406,36.401454],[139.601482,36.401233]]}},{"type":"Feature","properties":{"id":198327019,"highway":"unclassified"},"geometry":{"type":"LineString","coordinates":[[139.505997,36.436206],[139.506117,36.435904],[139.506159,36.435825],[139.50619,36.435791],[139.506227,36.435763],[139.50636,36.435724],[139.507239,36.435735],[139.507377,36.435729],[139.507497,36.435696],[139.507579,36.435634],[139.507685,36.435465],[139.507802,36.435178],[139.50797,36.435054],[139.508032,36.43502],[139.508243,36.434941],[139.508577,36.434789],[139.50873,36.434671],[139.508842,36.434552],[139.50889,36.434439],[139.508968,36.43414],[139.509015,36.433972],[139.509085,36.433842],[139.509295,36.433605],[139.509456,36.433465],[139.509609,36.433262],[139.509814,36.432924]]}},{"type":"Feature","properties":{"id":198327030,"highway":"residential"},"geometry":{"type":"LineString","coordinates":[[139.559295,36.494562],[139.559111,36.494337],[139.558918,36.4941],[139.558717,36.493903],[139.558533,36.493728],[139.558336,36.493543],[139.558179,36.493373],[139.558036,36.493197],[139.557905,36.493021],[139.557786,36.492808],[139.557663,36.492595],[139.557544,36.492366],[139.557392,36.492118],[139.557273,36.491901],[139.557163,36.491668],[139.557076,36.491446],[139.557027,36.491324],[139.556958,36.491246],[139.556794,36.491147],[139.556609,36.491032],[139.556453,36.490895],[139.556309,36.49074],[139.556154,36.490621],[139.556064,36.490564],[139.555978,36.490539],[139.55594,36.490527]]}},{"type":"Feature","properties":{"id":198327031,"highway":"residential"},"geometry":{"type":"LineString","coordinates":[[139.555275,36.494086],[139.555292,36.493938],[139.555284,36.493754],[139.555263,36.493562],[139.555251,36.493451],[139.555202,36.493345],[139.555157,36.493198],[139.555149,36.492952],[139.555144,36.492736],[139.55514,36.492609],[139.555153,36.492467],[139.555173,36.492331],[139.555186,36.492209],[139.555247,36.492098],[139.555333,36.491959],[139.555415,36.491828],[139.55546,36.491684],[139.555473,36.491497],[139.555468,36.491412],[139.555509,36.491289],[139.555567,36.491194],[139.555645,36.49113],[139.555706,36.491059],[139.555755,36.490957],[139.555804,36.490847],[139.555866,36.490687],[139.55594,36.490527]]}},{"type":"Feature","properties":{"id":198327032,"highway":"service"},"geometry":{"type":"LineString","coordinates":[[139.538409,36.46865],[139.538645,36.46843],[139.538709,36.468283],[139.538709,36.468063],[139.538784,36.467921],[139.538843,36.467654],[139.538897,36.467416],[139.538945,36.467347],[139.539117,36.46733],[139.539197,36.467343],[139.539272,36.467434],[139.539385,36.467688],[139.539423,36.467886],[139.539503,36.468111],[139.539476,36.468439],[139.539433,36.468607],[139.539337,36.468736],[139.539262,36.468913],[139.539299,36.469159],[139.539347,36.469284],[139.539562,36.469513],[139.539712,36.46972],[139.539793,36.469953],[139.53997,36.47013],[139.540259,36.470315],[139.540651,36.470492],[139.540869,36.470557],[139.540973,36.470587],[139.541386,36.470591],[139.541595,36.470656],[139.542003,36.47082],[139.542357,36.470893],[139.542673,36.470911],[139.54306,36.470889],[139.543274,36.470889],[139.543532,36.47104],[139.543913,36.471122],[139.544294,36.471131],[139.544503,36.4711],[139.544647,36.471083],[139.544792,36.471135],[139.544857,36.471226],[139.544964,36.471463],[139.54505,36.471596],[139.545179,36.471631],[139.545372,36.471618],[139.545495,36.471631],[139.545549,36.471691],[139.545538,36.471778],[139.545436,36.471851],[139.545329,36.471916]]}},{"type":"Feature","properties":{"id":198327033,"highway":"residential"},"geometry":{"type":"LineString","coordinates":[[139.595642,36.429998],[139.59584,36.430068],[139.595944,36.430085],[139.596521,36.430168],[139.596554,36.430205],[139.596557,36.43025],[139.596445,36.430425],[139.596344,36.430574],[139.596205,36.430805],[139.596121,36.430979],[139.596128,36.431239],[139.596142,36.431306],[139.596142,36.431583],[139.596107,36.431672],[139.59601,36.431807],[139.595919,36.431903],[139.595836,36.431965],[139.595745,36.432004],[139.595696,36.432015],[139.595431,36.432117],[139.595368,36.432156],[139.595271,36.432319],[139.595187,36.432375],[139.59486,36.43249],[139.594564,36.432507],[139.594549,36.432544],[139.594615,36.432772],[139.594671,36.433007],[139.59472,36.433164],[139.594691,36.433329]]}},{"type":"Feature","properties":{"id":198327034,"highway":"service"},"geometry":{"type":"LineString","coordinates":[[139.567659,36.4809],[139.567666,36.480834],[139.567682,36.480567],[139.567706,36.480322],[139.567746,36.480048],[139.567854,36.479621],[139.567924,36.479423],[139.568039,36.479269],[139.568192,36.479155],[139.568357,36.479093],[139.568564,36.479087],[139.568764,36.479058],[139.568895,36.47899],[139.568992,36.478876],[139.569054,36.478756],[139.569084,36.478585],[139.569077,36.478436],[139.569037,36.478299],[139.568964,36.478231],[139.568821,36.478214],[139.568615,36.478191],[139.568426,36.478146],[139.568236,36.478039],[139.56807,36.477913],[139.567676,36.477594],[139.56742,36.477417],[139.567066,36.477234]]}},{"type":"Feature","properties":{"id":198327043,"highway":"residential"},"geometry":{"type":"LineString","coordinates":[[139.516385,36.405465],[139.515939,36.405465],[139.515904,36.405459],[139.515853,36.405454],[139.515944,36.405373],[139.516037,36.405296],[139.51609,36.405236],[139.516136,36.405163],[139.516185,36.405064],[139.516205,36.405019],[139.516239,36.404861],[139.516247,36.404614],[139.516225,36.40453],[139.516176,36.4044],[139.516134,36.404363],[139.516074,36.404322],[139.515995,36.404288],[139.515941,36.404277],[139.515818,36.404255],[139.51541,36.404203],[139.515285,36.404169],[139.51515,36.404124],[139.515094,36.404093],[139.515063,36.404057],[139.515029,36.403966],[139.515009,36.403884],[139.514971,36.403488]]}},{"type":"Feature","properties":{"id":198327044,"highway":"residential"},"geometry":{"type":"LineString","coordinates":[[139.512718,36.42496],[139.512868,36.424969],[139.513016,36.425004],[139.513205,36.425058],[139.513409,36.425126],[139.513595,36.425194],[139.513774,36.425275],[139.513855,36.425318],[139.513946,36.425384],[139.514033,36.42547],[139.514204,36.425658],[139.51431,36.425795],[139.514393,36.425946],[139.514466,36.42605],[139.514587,36.426145],[139.514739,36.426239],[139.514844,36.426267],[139.514922,36.426276],[139.515015,36.42629],[139.51509,36.426327],[139.515196,36.426405],[139.515292,36.426514],[139.515333,36.426572],[139.515391,36.426606],[139.515528,36.426643],[139.515774,36.426741],[139.515883,36.426792]]}},{"type":"Feature","properties":{"id":198327046,"highway":"service"},"geometry":{"type":"LineString","coordinates":[[139.555986,36.413779],[139.556301,36.413706],[139.556494,36.413623],[139.556691,36.413519],[139.55683,36.413426],[139.55701,36.413316],[139.557169,36.413205],[139.557311,36.413122],[139.557449,36.413026],[139.557621,36.412922],[139.557773,36.412808],[139.55788,36.412725],[139.558001,36.412615],[139.558123,36.412497],[139.558244,36.412373],[139.558365,36.412197],[139.558413,36.4121],[139.558448,36.41201],[139.558441,36.41188],[139.558385,36.411693],[139.558268,36.411372],[139.558171,36.411064],[139.557995,36.410564],[139.557843,36.410216],[139.557649,36.409763],[139.557458,36.409325],[139.557413,36.409203],[139.557385,36.409038]]}},{"type":"Feature","properties":{"id":198327048,"highway":"residential"},"geometry":{"type":"LineString","coordinates":[[139.501807,36.445205],[139.501509,36.445535],[139.501363,36.445637],[139.500826,36.445896],[139.500651,36.446003],[139.500484,36.446172],[139.500289,36.44633],[139.500087,36.446487],[139.499864,36.446617],[139.499494,36.446775],[139.499411,36.44682],[139.499111,36.447203],[139.498916,36.44753],[139.498867,36.447631],[139.498693,36.448076],[139.498518,36.448729],[139.498463,36.44887],[139.498379,36.449011],[139.498051,36.449423],[139.497947,36.449507],[139.497842,36.449562],[139.497731,36.449647],[139.49757,36.449833],[139.497312,36.450155],[139.497194,36.450317],[139.497082,36.450531],[139.496924,36.450737],[139.496762,36.450868]]}},{"type":"Feature","properties":{"id":198327059,"highway":"residential"},"geometry":{"type":"LineString","coordinates":[[139.515403,36.471757],[139.515392,36.471751],[139.515312,36.471674],[139.51521,36.471611],[139.515117,36.471539],[139.515007,36.47147],[139.514832,36.471365],[139.51467,36.4713],[139.514492,36.471225],[139.5143,36.471159],[139.51415,36.471118],[139.51399,36.471083],[139.513828,36.47106],[139.513642,36.47103],[139.513495,36.471015],[139.513328,36.471012],[139.513094,36.471004],[139.512848,36.471],[139.512629,36.471004],[139.512359,36.471],[139.512064,36.471026],[139.511818,36.47106],[139.511531,36.471094],[139.51116,36.471163],[139.510853,36.47123],[139.510662,36.471261],[139.510492,36.47128],[139.51034,36.471288]]}},{"type":"Feature","properties":{"id":198327063,"highway":"service"},"geometry":{"type":"LineString","coordinates":[[139.56965,36.480768],[139.569523,36.480616],[139.569382,36.480501],[139.569254,36.480411],[139.569151,36.480386],[139.568979,36.480411],[139.568851,36.480463],[139.568749,36.480469],[139.568677,36.480418],[139.568646,36.480341],[139.568632,36.480213],[139.568659,36.480041],[139.568652,36.479933],[139.568634,36.479824],[139.568607,36.479754],[139.568551,36.479715],[139.568461,36.479715],[139.568352,36.479773],[139.568282,36.479849],[139.568231,36.480009],[139.568199,36.480201],[139.568199,36.48029],[139.568154,36.480373],[139.568071,36.480507],[139.567936,36.480634],[139.567809,36.480762],[139.567742,36.480826],[139.567659,36.4809]]}},{"type":"Feature","properties":{"id":198327065,"highway":"residential"},"geometry":{"type":"LineString","coordinates":[[139.592036,36.45942],[139.592046,36.459325],[139.592011,36.459248],[139.59197,36.459168],[139.591889,36.459087],[139.591814,36.459007],[139.591774,36.458931],[139.591748,36.458835],[139.591753,36.458725],[139.591763,36.458644],[139.591804,36.458563],[139.591869,36.458488],[139.591935,36.458427],[139.59194,36.458372],[139.591905,36.458286],[139.591844,36.458236],[139.591789,36.45821],[139.591708,36.45822],[139.591652,36.458266],[139.591622,36.458326],[139.591612,36.458402],[139.591622,36.458508],[139.591597,36.45861],[139.591526,36.458669],[139.591446,36.45868],[139.591365,36.45864],[139.591309,36.458588],[139.591284,36.458553],[139.591259,36.458536]]}},{"type":"Feature","properties":{"id":198327068,"highway":"unclassified"},"geometry":{"type":"LineString","coordinates":[[139.591029,36.453009],[139.591108,36.453046],[139.591209,36.45311],[139.59138,36.453237],[139.591499,36.453356],[139.591597,36.453479],[139.591693,36.453582],[139.591764,36.453763],[139.59178,36.453944],[139.591761,36.454073],[139.591676,36.454294],[139.591623,36.454476],[139.591597,36.454589],[139.591652,36.455237],[139.591694,36.455508],[139.591687,36.45571],[139.591652,36.455851],[139.59152,36.456054],[139.591081,36.456578],[139.591004,36.45673],[139.590976,36.456843],[139.59099,36.456955],[139.591081,36.457198],[139.591081,36.457344],[139.591018,36.457507],[139.590941,36.457658],[139.590906,36.457765],[139.590906,36.457929],[139.590934,36.458013],[139.590941,36.458064]]}},{"type":"Feature","properties":{"id":198327069,"highway":"service"},"geometry":{"type":"LineString","coordinates":[[139.592084,36.415571],[139.592754,36.414517],[139.593269,36.413704],[139.593385,36.413478],[139.593484,36.41324],[139.593535,36.413085],[139.59355,36.412995],[139.593565,36.41284],[139.593555,36.41269],[139.5935,36.412316],[139.59339,36.411927],[139.59328,36.411593],[139.59315,36.411285],[139.593065,36.411135],[139.592905,36.41093],[139.592664,36.410692],[139.592424,36.410462],[139.59214,36.410218],[139.591984,36.410084],[139.591899,36.409974],[139.591839,36.40988],[139.59179,36.409745],[139.59179,36.40966],[139.59183,36.409545],[139.592019,36.409334]]}},{"type":"Feature","properties":{"id":198327074,"highway":"tertiary"},"geometry":{"type":"LineString","coordinates":[[139.521014,36.401627],[139.520927,36.401801],[139.520858,36.401944],[139.520515,36.402647],[139.520152,36.403381],[139.519583,36.404503],[139.519142,36.405376],[139.519074,36.40548],[139.518735,36.405922],[139.518644,36.406064],[139.518578,36.406178],[139.518525,36.406291],[139.518458,36.406461],[139.518407,36.406639],[139.51839,36.406769],[139.518385,36.406929],[139.518405,36.407665],[139.518406,36.407788],[139.518393,36.407943],[139.51837,36.408073],[139.518294,36.408833],[139.518262,36.409109],[139.518257,36.409211],[139.518259,36.409308],[139.51827,36.409409],[139.518299,36.409537],[139.518495,36.410299],[139.518605,36.410703],[139.518776,36.411329],[139.518941,36.411917],[139.519103,36.412621],[139.519163,36.412901],[139.5193,36.41359],[139.519408,36.414156],[139.519514,36.414611],[139.519654,36.41513],[139.519761,36.415516],[139.519802,36.415638],[139.519863,36.415821]]}},{"type":"Feature","properties":{"id":198327077,"highway":"residential"},"geometry":{"type":"LineString","coordinates":[[139.587639,36.432871],[139.587808,36.432789],[139.587994,36.432664]]}},{"type":"Feature","properties":{"id":198327079,"highway":"residential"},"geometry":{"type":"LineString","coordinates":[[139.510684,36.402931],[139.510721,36.402922],[139.510946,36.402924]]}},{"type":"Feature","properties":{"id":198327084,"highway":"unclassified"},"geometry":{"type":"LineString","coordinates":[[139.563311,36.460159],[139.563781,36.459663]]}},{"type":"Feature","properties":{"id":198327085,"highway":"residential"},"geometry":{"type":"LineString","coordinates":[[139.534968,36.410969],[139.535004,36.410999],[139.535065,36.411019]]}},{"type":"Feature","properties":{"id":198327089,"highway":"unclassified"},"geometry":{"type":"LineString","coordinates":[[139.576617,36.44715],[139.576605,36.44717],[139.576457,36.447322]]}},{"type":"Feature","properties":{"id":198327096,"highway":"unclassified"},"geometry":{"type":"LineString","coordinates":[[139.576255,36.447553],[139.575767,36.448094],[139.575625,36.448239]]}},{"type":"Feature","properties":{"id":198327099,"highway":"residential"},"geometry":{"type":"LineString","coordinates":[[139.514962,36.402951],[139.514971,36.403443],[139.514971,36.403488]]}},{"type":"Feature","properties":{"id":198327103,"highway":"residential"},"geometry":{"type":"LineString","coordinates":[[139.569785,36.415959],[139.570192,36.416166]]}},{"type":"Feature","properties":{"id":198327115,"highway":"residential"},"geometry":{"type":"LineString","coordinates":[[139.595607,36.425603],[139.595661,36.425615],[139.595922,36.42565]]}},{"type":"Feature","properties":{"id":198327119,"highway":"residential"},"geometry":{"type":"LineString","coordinates":[[139.518054,36.41214],[139.517822,36.411695],[139.517711,36.411471],[139.517645,36.411324],[139.517526,36.411072],[139.517452,36.410909],[139.51734,36.410697],[139.517219,36.410485],[139.517054,36.410139]]}},{"type":"Feature","properties":{"id":198327120,"highway":"unclassified"},"geometry":{"type":"LineString","coordinates":[[139.55781,36.426895],[139.557522,36.42665],[139.557348,36.426437],[139.5573,36.426379]]}},{"type":"Feature","properties":{"id":198327122,"highway":"residential"},"geometry":{"type":"LineString","coordinates":[[139.583365,36.442042],[139.58349,36.442115],[139.583581,36.44217],[139.583654,36.442191]]}},{"type":"Feature","properties":{"id":198327131,"highway":"residential"},"geometry":{"type":"LineString","coordinates":[[139.519583,36.404503],[139.519746,36.404505],[139.519882,36.404514],[139.520333,36.404552]]}},{"type":"Feature","properties":{"id":198327135,"highway":"unclassified"},"geometry":{"type":"LineString","coordinates":[[139.517092,36.401071],[139.516971,36.400903],[139.516761,36.400557],[139.516691,36.400422]]}},{"type":"Feature","properties":{"id":198327148,"highway":"residential"},"geometry":{"type":"LineString","coordinates":[[139.596141,36.435526],[139.596238,36.435699],[139.596266,36.435853]]}},{"type":"Feature","properties":{"id":198327152,"highway":"service"},"geometry":{"type":"LineString","coordinates":[[139.534933,36.492996],[139.53484,36.493034],[139.534683,36.493158],[139.534524,36.493319]]}},{"type":"Feature","properties":{"id":198327153,"highway":"tertiary"},"geometry":{"type":"LineString","coordinates":[[139.595599,36.421522],[139.595826,36.421598],[139.596062,36.42166],[139.596453,36.421738],[139.597532,36.422027],[139.598205,36.422235],[139.598753,36.422361],[139.599145,36.422429]]}},{"type":"Feature","properties":{"id":198327154,"highway":"unclassified"},"geometry":{"type":"LineString","coordinates":[[139.593009,36.419346],[139.592807,36.419498],[139.592345,36.419808]]}},{"type":"Feature","properties":{"id":198327164,"highway":"residential"},"geometry":{"type":"LineString","coordinates":[[139.59901,36.415622],[139.598947,36.415781],[139.598822,36.415983]]}},{"type":"Feature","properties":{"id":198327174,"highway":"residential"},"geometry":{"type":"LineString","coordinates":[[139.595165,36.441515],[139.59506,36.441524],[139.594018,36.441599]]}},{"type":"Feature","properties":{"id":198327177,"highway":"residential"},"geometry":{"type":"LineString","coordinates":[[139.5221,36.404738],[139.522365,36.404096],[139.5224,36.404051]]}},{"type":"Feature","properties":{"id":198327180,"highway":"unclassified"},"geometry":{"type":"LineString","coordinates":[[139.571049,36.417869],[139.571145,36.41832],[139.571257,36.418614]]}},{"type":"Feature","properties":{"id":198327181,"highway":"service"},"geometry":{"type":"LineString","coordinates":[[139.534524,36.493319],[139.534336,36.493439],[139.534021,36.493595]]}},{"type":"Feature","properties":{"id":198327185,"highway":"unclassified"},"geometry":{"type":"LineString","coordinates":[[139.586716,36.435332],[139.587569,36.435238],[139.587719,36.435218]]}},{"type":"Feature","properties":{"id":198327187,"highway":"unclassified"},"geometry":{"type":"LineString","coordinates":[[139.57335,36.414107],[139.57322,36.414304],[139.572839,36.414777]]}},{"type":"Feature","properties":{"id":198327189,"highway":"residential"},"geometry":{"type":"LineString","coordinates":[[139.581693,36.442448],[139.581888,36.442307],[139.582062,36.4422]]}},{"type":"Feature","properties":{"id":198327191,"highway":"residential"},"geometry":{"type":"LineString","coordinates":[[139.592919,36.43333],[139.593045,36.433364],[139.593172,36.433409],[139.593303,36.433514],[139.593438,36.433753],[139.593524,36.433875]]}},{"type":"Feature","properties":{"id":198327194,"highway":"residential"},"geometry":{"type":"LineString","coordinates":[[139.508089,36.405954],[139.508201,36.405861],[139.508251,36.405779]]}},{"type":"Feature","properties":{"id":198327195,"highway":"residential"},"geometry":{"type":"LineString","coordinates":[[139.595758,36.445418],[139.595888,36.445483],[139.596079,36.445542]]}},{"type":"Feature","properties":{"id":198327197,"highway":"unclassified"},"geometry":{"type":"LineString","coordinates":[[139.579665,36.441483],[139.579532,36.441665],[139.579183,36.442144]]}},{"type":"Feature","properties":{"id":198327203,"highway":"unclassified"},"geometry":{"type":"LineString","coordinates":[[139.542652,36.439417],[139.542627,36.440129],[139.542646,36.440198],[139.54296,36.44056],[139.543028,36.440671],[139.543041,36.440766],[139.543067,36.441008]]}},{"type":"Feature","properties":{"id":198327204,"highway":"unclassified"},"geometry":{"type":"LineString","coordinates":[[139.580653,36.440116],[139.580417,36.440455],[139.580095,36.440892]]}},{"type":"Feature","properties":{"id":198327209,"highway":"service"},"geometry":{"type":"LineString","coordinates":[[139.522686,36.497835],[139.522807,36.497876],[139.522888,36.497923],[139.522942,36.497963]]}},{"type":"Feature","properties":{"id":198327210,"highway":"unclassified"},"geometry":{"type":"LineString","coordinates":[[139.581574,36.440043],[139.581909,36.440054],[139.582592,36.440065]]}},{"type":"Feature","properties":{"id":198327211,"highway":"residential"},"geometry":{"type":"LineString","coordinates":[[139.519025,36.403034],[139.518996,36.402981],[139.518926,36.402896]]}},{"type":"Feature","properties":{"id":198327212,"highway":"residential"},"geometry":{"type":"LineString","coordinates":[[139.595758,36.445418],[139.595634,36.445327],[139.595537,36.445079]]}},{"type":"Feature","properties":{"id":198327213,"highway":"unclassified"},"geometry":{"type":"LineString","coordinates":[[139.595954,36.424512],[139.595689,36.425374],[139.595607,36.425603]]}},{"type":"Feature","properties":{"id":198327216,"highway":"unclassified"},"geometry":{"type":"LineString","coordinates":[[139.543067,36.441008],[139.543358,36.44107]]}},{"type":"Feature","properties":{"id":198327223,"highway":"service"},"geometry":{"type":"LineString","coordinates":[[139.552379,36.480565],[139.552387,36.480582],[139.552518,36.480842]]}},{"type":"Feature","properties":{"id":198327225,"highway":"residential"},"geometry":{"type":"LineString","coordinates":[[139.519951,36.414213],[139.519854,36.41415],[139.519694,36.414127],[139.519408,36.414156]]}},{"type":"Feature","properties":{"id":198327226,"highway":"residential"},"geometry":{"type":"LineString","coordinates":[[139.569857,36.4157],[139.569795,36.415821]]}},{"type":"Feature","properties":{"id":198327236,"highway":"unclassified"},"geometry":{"type":"LineString","coordinates":[[139.56906,36.453186],[139.568163,36.453992],[139.567446,36.45462]]}},{"type":"Feature","properties":{"id":198327241,"highway":"residential"},"geometry":{"type":"LineString","coordinates":[[139.502304,36.409951],[139.502271,36.410296],[139.502251,36.410422]]}},{"type":"Feature","properties":{"id":198327245,"highway":"unclassified"},"geometry":{"type":"LineString","coordinates":[[139.499659,36.481434],[139.500015,36.481341],[139.500429,36.481234],[139.500518,36.481212]]}},{"type":"Feature","properties":{"id":198327248,"highway":"residential"},"geometry":{"type":"LineString","coordinates":[[139.59419,36.445661],[139.594094,36.445697],[139.593977,36.445693]]}},{"type":"Feature","properties":{"id":198327249,"highway":"residential"},"geometry":{"type":"LineString","coordinates":[[139.519688,36.409391],[139.51999,36.409335],[139.52007,36.409313]]}},{"type":"Feature","properties":{"id":198327252,"highway":"residential"},"geometry":{"type":"LineString","coordinates":[[139.574707,36.449283],[139.574227,36.449005],[139.573732,36.448724]]}},{"type":"Feature","properties":{"id":198327256,"highway":"residential"},"geometry":{"type":"LineString","coordinates":[[139.587018,36.43739],[139.587172,36.437334],[139.587269,36.437289]]}},{"type":"Feature","properties":{"id":198327266,"highway":"unclassified"},"geometry":{"type":"LineString","coordinates":[[139.58078,36.440032],[139.581358,36.440037],[139.581574,36.440043]]}},{"type":"Feature","properties":{"id":198327267,"highway":"residential"},"geometry":{"type":"LineString","coordinates":[[139.501941,36.411629],[139.502228,36.411556],[139.502474,36.411448]]}},{"type":"Feature","properties":{"id":198327270,"highway":"residential"},"geometry":{"type":"LineString","coordinates":[[139.596711,36.445403],[139.596624,36.445417],[139.59645,36.445476],[139.596079,36.445542]]}},{"type":"Feature","properties":{"id":198327289,"highway":"service"},"geometry":{"type":"LineString","coordinates":[[139.587625,36.420553],[139.587559,36.42044],[139.587476,36.420392],[139.587394,36.420357],[139.587272,36.420331],[139.587171,36.420335],[139.586992,36.420357],[139.586582,36.420554],[139.586416,36.420624],[139.586162,36.42068],[139.585784,36.420693],[139.585404,36.420697],[139.585299,36.42072],[139.58519,36.420776],[139.58512,36.420851],[139.585067,36.420955],[139.585067,36.421065],[139.585098,36.421133],[139.585203,36.421226],[139.585321,36.421283],[139.585644,36.421426],[139.585877,36.421709],[139.585982,36.421822],[139.58603,36.421937],[139.586056,36.422054],[139.586073,36.422215],[139.586056,36.422325],[139.585959,36.422507],[139.585462,36.422987],[139.583741,36.424536]]}},{"type":"Feature","properties":{"id":198327303,"highway":"tertiary"},"geometry":{"type":"LineString","coordinates":[[139.5825,36.408283],[139.582586,36.408638],[139.582552,36.408783],[139.582485,36.408842],[139.582354,36.40889],[139.582108,36.408924],[139.581558,36.409012],[139.581419,36.40906],[139.581287,36.409152],[139.581056,36.409286],[139.580642,36.409422],[139.580255,36.409527],[139.580064,36.409587],[139.579979,36.409669],[139.579949,36.409734],[139.57994,36.409805],[139.580005,36.409906],[139.580138,36.409986],[139.580679,36.41023],[139.580932,36.410401],[139.580984,36.410454],[139.581004,36.410516],[139.580994,36.410599],[139.580936,36.410695],[139.580747,36.410806],[139.58063,36.410897],[139.580596,36.410981],[139.58062,36.411051],[139.580701,36.4111],[139.580816,36.41113],[139.581021,36.411142],[139.581177,36.411185],[139.581664,36.41133]]}},{"type":"Feature","properties":{"id":198327304,"highway":"service"},"geometry":{"type":"LineString","coordinates":[[139.514989,36.498168],[139.514987,36.49805],[139.515063,36.497673],[139.515056,36.497515],[139.515014,36.497436],[139.514987,36.497403],[139.514917,36.497357],[139.514722,36.49734],[139.514499,36.497346],[139.514387,36.497363],[139.51422,36.497408],[139.513732,36.497588],[139.51352,36.497644],[139.513425,36.497633],[139.513397,36.497605],[139.513402,36.497549],[139.513474,36.497442],[139.513502,36.497425],[139.513586,36.49734],[139.513934,36.497109],[139.514206,36.496901],[139.514283,36.496822],[139.514318,36.496738],[139.514331,36.496535],[139.514301,36.49617],[139.514307,36.496133],[139.514319,36.496105],[139.514337,36.496083],[139.514359,36.496068],[139.514392,36.496063]]}},{"type":"Feature","properties":{"id":198327312,"highway":"residential"},"geometry":{"type":"LineString","coordinates":[[139.500694,36.481155],[139.500608,36.480898],[139.500537,36.480594],[139.500536,36.480556],[139.500548,36.480521],[139.50056,36.480484],[139.500594,36.480446],[139.500641,36.480415],[139.500807,36.480342],[139.500829,36.480327],[139.500852,36.480303],[139.501005,36.480115],[139.501049,36.480083],[139.501098,36.480062],[139.501304,36.479998],[139.501383,36.479968],[139.501442,36.479938],[139.501528,36.479893],[139.501556,36.479881],[139.501592,36.479871],[139.501814,36.479828],[139.501903,36.479806],[139.501954,36.479788],[139.502004,36.479764],[139.502055,36.479729],[139.502089,36.4797],[139.502118,36.479663],[139.502136,36.479627],[139.502179,36.479519],[139.502229,36.479427],[139.502359,36.479218],[139.502399,36.479169],[139.503,36.478562],[139.503052,36.478521],[139.50311,36.478479],[139.50317,36.478449],[139.503236,36.478428],[139.503321,36.478411],[139.503396,36.478402],[139.503485,36.478402],[139.503537,36.478407]]}},{"type":"Feature","properties":{"id":198327323,"highway":"unclassified"},"geometry":{"type":"LineString","coordinates":[[139.527932,36.4359],[139.52812,36.435828],[139.528232,36.4358],[139.528615,36.43566],[139.52978,36.435232],[139.529982,36.435152],[139.530059,36.435073],[139.530163,36.434995],[139.530323,36.434893],[139.530435,36.434763],[139.530533,36.434567],[139.530644,36.434397],[139.530777,36.43428],[139.530993,36.434138],[139.531041,36.43411],[139.531508,36.4338],[139.53194,36.43353],[139.532178,36.433468],[139.532324,36.433457],[139.532658,36.433462],[139.533104,36.433507],[139.533369,36.433502],[139.533502,36.433451],[139.533579,36.433406],[139.533871,36.433148],[139.533892,36.433142],[139.534275,36.432883],[139.534596,36.432719],[139.534763,36.432641],[139.535077,36.432404],[139.535251,36.432353],[139.53537,36.432337]]}},{"type":"Feature","properties":{"id":198327334,"highway":"service"},"geometry":{"type":"LineString","coordinates":[[139.514392,36.496063],[139.514813,36.496405],[139.515063,36.496563],[139.515321,36.496686],[139.515579,36.496788],[139.515781,36.49685],[139.515976,36.496895],[139.516213,36.496929],[139.516806,36.496957],[139.516917,36.49698],[139.517015,36.497031],[139.517113,36.497138],[139.517203,36.497295],[139.517259,36.497374],[139.517329,36.497425],[139.517579,36.497436],[139.517809,36.497436],[139.517942,36.49747],[139.518172,36.497554],[139.518325,36.497583],[139.518465,36.497571],[139.518771,36.497577],[139.518966,36.497628],[139.519426,36.497706],[139.519749,36.497817],[139.519931,36.497904],[139.520148,36.497977],[139.520409,36.497882],[139.520739,36.497766],[139.52119,36.497805],[139.521467,36.497829],[139.521685,36.49785],[139.52205,36.497893],[139.522085,36.497887]]}},{"type":"Feature","properties":{"id":198327339,"highway":"residential"},"geometry":{"type":"LineString","coordinates":[[139.505909,36.425749],[139.506235,36.426046],[139.506694,36.426333],[139.50699,36.426505],[139.507267,36.426705],[139.507507,36.426849],[139.507699,36.426983],[139.507822,36.427116],[139.507909,36.42725],[139.50799,36.427435],[139.508157,36.427564],[139.508445,36.42768],[139.5089,36.427816],[139.509265,36.4279],[139.509587,36.427966],[139.509817,36.428023],[139.509982,36.428105],[139.510122,36.428229],[139.510288,36.428418],[139.510385,36.428549],[139.51046,36.428689],[139.510519,36.428835],[139.510519,36.429074],[139.510502,36.429353],[139.510478,36.429551],[139.510502,36.429666],[139.510609,36.429773],[139.510708,36.429814],[139.510758,36.429929],[139.510741,36.430118],[139.510749,36.430357],[139.510799,36.430464],[139.510939,36.430529],[139.511139,36.430599]]}},{"type":"Feature","properties":{"id":198327343,"highway":"unclassified"},"geometry":{"type":"LineString","coordinates":[[139.501807,36.445205],[139.501997,36.444955],[139.502073,36.444893],[139.50238,36.444764],[139.502443,36.444741],[139.502638,36.44464],[139.502805,36.444521],[139.502917,36.444398],[139.502993,36.444257],[139.503035,36.444155],[139.503084,36.443941],[139.503087,36.44354],[139.503119,36.443456],[139.503438,36.442909],[139.503773,36.442397],[139.503843,36.442324],[139.503933,36.442274],[139.504157,36.4422],[139.504289,36.442144],[139.504365,36.442076],[139.504498,36.441867],[139.504637,36.441591],[139.50475,36.441373],[139.504854,36.441287],[139.504994,36.441197],[139.50507,36.441112],[139.50523,36.440785],[139.505355,36.44047],[139.505447,36.440088],[139.505489,36.439699],[139.505517,36.439524],[139.505524,36.439294],[139.505572,36.438972],[139.505565,36.438578],[139.505487,36.438073]]}},{"type":"Feature","properties":{"id":198327346,"highway":"tertiary"},"geometry":{"type":"LineString","coordinates":[[139.569904,36.425209],[139.569655,36.425229],[139.569149,36.425512],[139.568396,36.425875],[139.567476,36.426097],[139.566964,36.426131],[139.566503,36.426057],[139.566203,36.425961],[139.56576,36.425642],[139.565521,36.425361],[139.565364,36.424928],[139.565317,36.424519],[139.565558,36.423913],[139.565795,36.423629],[139.566791,36.422812],[139.566881,36.422703],[139.567004,36.422203],[139.567004,36.422025],[139.566939,36.42185],[139.566725,36.421577],[139.566535,36.421353],[139.566134,36.420907]]}},{"type":"Feature","properties":{"id":198327348,"highway":"residential"},"geometry":{"type":"LineString","coordinates":[[139.539946,36.425017],[139.539908,36.425153],[139.539886,36.42544],[139.539865,36.425513],[139.539774,36.425603],[139.53912,36.426026],[139.538967,36.426099],[139.538883,36.426093],[139.538632,36.42602],[139.538555,36.426026],[139.5385,36.426038],[139.5385,36.42606],[139.538465,36.426139],[139.538465,36.426264],[139.538493,36.426291],[139.538778,36.426343],[139.538813,36.426393],[139.538793,36.426669],[139.538751,36.426765],[139.538534,36.42703],[139.538465,36.427171],[139.53843,36.427357],[139.538422,36.427903],[139.53847,36.427976],[139.538784,36.42832],[139.538816,36.428368],[139.538837,36.42841],[139.53887,36.428508],[139.538896,36.428618],[139.538889,36.428742],[139.538839,36.428969],[139.538848,36.429004],[139.538882,36.429041],[139.539328,36.42939],[139.539439,36.429525]]}},{"type":"Feature","properties":{"id":198327352,"highway":"residential"},"geometry":{"type":"LineString","coordinates":[[139.55594,36.490527],[139.555801,36.490466],[139.555665,36.490392],[139.555515,36.49031],[139.555379,36.490257],[139.555268,36.490182],[139.555127,36.490091],[139.554992,36.489972],[139.55488,36.489861],[139.554778,36.489734],[139.554697,36.489627],[139.554627,36.489505],[139.554593,36.489374],[139.554573,36.489264],[139.55457,36.489152],[139.554557,36.489038],[139.554545,36.488919],[139.554495,36.488813],[139.554425,36.488699],[139.55436,36.488597],[139.55429,36.488486],[139.554212,36.488392],[139.554127,36.488298],[139.554032,36.488199],[139.55395,36.488134],[139.553865,36.488057],[139.553786,36.487962],[139.553745,36.487867],[139.553708,36.487732],[139.553703,36.487585],[139.553708,36.487433],[139.553703,36.48729],[139.553695,36.487175],[139.553691,36.487057],[139.553687,36.486852],[139.553684,36.486778]]}},{"type":"Feature","properties":{"id":198327371,"highway":"residential"},"geometry":{"type":"LineString","coordinates":[[139.556658,36.488645],[139.556624,36.488481],[139.556568,36.488385],[139.556478,36.488272],[139.556364,36.488154],[139.55622,36.488022],[139.5561,36.48792],[139.555973,36.487809],[139.555852,36.487735],[139.55572,36.487658],[139.555565,36.487593],[139.555427,36.487535],[139.55531,36.487448],[139.555208,36.48734],[139.55511,36.487204],[139.555038,36.487099],[139.554977,36.486988],[139.554908,36.486852],[139.554865,36.48675],[139.554858,36.486657],[139.554875,36.486575],[139.554902,36.486466],[139.554945,36.486383],[139.55501,36.4863],[139.555095,36.486235],[139.55519,36.486188],[139.555305,36.486161],[139.555475,36.486139],[139.555605,36.486148],[139.555757,36.48617],[139.55589,36.486198],[139.556009,36.486226],[139.556152,36.486263],[139.556357,36.486321],[139.556477,36.486364],[139.556567,36.486399],[139.556627,36.486427]]}},{"type":"Feature","properties":{"id":198327381,"highway":"residential"},"geometry":{"type":"LineString","coordinates":[[139.49676,36.463806],[139.497172,36.463776],[139.498267,36.463777],[139.498462,36.46381],[139.498671,36.463889],[139.498769,36.463934],[139.49895,36.464081],[139.499243,36.464424],[139.499333,36.464543],[139.499507,36.464706],[139.499545,36.464734],[139.499577,36.464762],[139.499758,36.46492],[139.500218,36.46523],[139.500518,36.465399],[139.500804,36.465517],[139.501271,36.465619],[139.501633,36.465759],[139.501842,36.465878],[139.501982,36.465979],[139.502009,36.465991],[139.502114,36.466086],[139.502295,36.466216],[139.502379,36.466261],[139.502609,36.466329],[139.503034,36.466391],[139.503062,36.466402],[139.503174,36.466419],[139.503522,36.466514],[139.504086,36.466734],[139.504302,36.466819],[139.504476,36.466881],[139.504762,36.467022],[139.505201,36.467331],[139.50548,36.467489],[139.505975,36.467641],[139.506243,36.467744]]}},{"type":"Feature","properties":{"id":198327385,"highway":"residential"},"geometry":{"type":"LineString","coordinates":[[139.597821,36.443452],[139.597807,36.443182],[139.597773,36.443063],[139.597744,36.443012],[139.597738,36.442978],[139.597717,36.442955],[139.59771,36.442927],[139.597619,36.442815],[139.597605,36.442765],[139.597556,36.442538],[139.597466,36.441862],[139.597417,36.441671],[139.597229,36.441142],[139.597215,36.441125],[139.597187,36.441035],[139.597173,36.441024],[139.597117,36.440861],[139.596971,36.440511],[139.596898,36.440379],[139.596798,36.440316],[139.596644,36.440343],[139.596589,36.440425],[139.596598,36.440497],[139.596607,36.440606],[139.59658,36.440661],[139.596497,36.440748],[139.596504,36.44081],[139.596581,36.441092],[139.5966,36.441241],[139.59657,36.441311],[139.596494,36.441407],[139.596225,36.441519],[139.596142,36.441581],[139.596072,36.441654],[139.595933,36.441981],[139.595768,36.442072],[139.595644,36.4421],[139.595465,36.4421]]}},{"type":"Feature","properties":{"id":198327389,"highway":"residential"},"geometry":{"type":"LineString","coordinates":[[139.51034,36.471288],[139.5103,36.471315],[139.510242,36.471388],[139.510164,36.471438],[139.510065,36.471505],[139.510034,36.471546],[139.510032,36.471646],[139.510074,36.471759],[139.510109,36.471906],[139.510199,36.472063],[139.510276,36.472164],[139.510339,36.472474],[139.510353,36.472621],[139.510381,36.472706],[139.510436,36.472824],[139.510729,36.473196],[139.510771,36.473263],[139.510931,36.473461],[139.511001,36.473686],[139.511048,36.473939],[139.511083,36.474035],[139.511293,36.474435],[139.51132,36.474553],[139.51132,36.474722],[139.511251,36.474919],[139.511048,36.475297],[139.510993,36.475393],[139.510958,36.475534],[139.510987,36.475781],[139.511028,36.475967],[139.511022,36.476108],[139.510917,36.476435],[139.510902,36.476559],[139.510902,36.47688],[139.510923,36.476993],[139.510923,36.477375],[139.510902,36.477549],[139.510883,36.477625]]}},{"type":"Feature","properties":{"id":198327391,"highway":"unclassified"},"geometry":{"type":"LineString","coordinates":[[139.515008,36.4339],[139.515213,36.434023],[139.51536,36.434137],[139.515467,36.434233],[139.515601,36.434365],[139.515782,36.43456],[139.516004,36.434753],[139.516192,36.434855],[139.516442,36.434972],[139.516645,36.43508],[139.51677,36.435178],[139.516905,36.435273],[139.517016,36.43539],[139.517125,36.435496],[139.517247,36.435584],[139.517409,36.435728],[139.517526,36.435834],[139.517554,36.435885],[139.517602,36.436043],[139.517658,36.436122],[139.51786,36.436601],[139.51799,36.436858],[139.518104,36.437002],[139.518233,36.437151],[139.518341,36.43728],[139.518427,36.437388],[139.518485,36.437484],[139.518512,36.437641],[139.518526,36.437784],[139.518534,36.437983],[139.518588,36.438119],[139.518711,36.438261],[139.518833,36.438391],[139.518943,36.438486],[139.519151,36.438553],[139.51926,36.438499],[139.51929,36.438295],[139.519286,36.437979]]}},{"type":"Feature","properties":{"id":198327393,"highway":"service"},"geometry":{"type":"LineString","coordinates":[[139.568707,36.445838],[139.568848,36.445829],[139.56898,36.445811],[139.56922,36.445798],[139.569396,36.44582],[139.569546,36.44586],[139.569657,36.445899],[139.569785,36.445917],[139.569934,36.445952],[139.570111,36.445957],[139.570306,36.445979],[139.57046,36.445983],[139.570609,36.445966],[139.570698,36.445895],[139.570721,36.44582],[139.570747,36.445701],[139.570751,36.445618],[139.570796,36.445564],[139.570879,36.44552],[139.570994,36.445463],[139.571113,36.445419],[139.571233,36.445331],[139.57143,36.445227],[139.571554,36.445165],[139.571704,36.445072],[139.57181,36.445006],[139.571889,36.444953],[139.571964,36.444909],[139.57207,36.444878],[139.572154,36.444861],[139.57226,36.444874],[139.572384,36.444887],[139.572508,36.444909],[139.572613,36.44494],[139.572711,36.444927],[139.572755,36.444856],[139.572812,36.444768],[139.572825,36.444733]]}},{"type":"Feature","properties":{"id":198327394,"highway":"residential"},"geometry":{"type":"LineString","coordinates":[[139.50716,36.43013],[139.507307,36.430181],[139.507452,36.430237],[139.50761,36.430267],[139.507765,36.430271],[139.507897,36.430288],[139.508035,36.430314],[139.508159,36.430348],[139.508279,36.430395],[139.508385,36.430438],[139.508527,36.430515],[139.50862,36.430575],[139.508685,36.430631],[139.50875,36.430712],[139.5088,36.430806],[139.508827,36.430891],[139.508835,36.430964],[139.508844,36.431058],[139.508844,36.431161],[139.508884,36.431311],[139.508947,36.431388],[139.509064,36.431431],[139.509182,36.431457],[139.509308,36.43147],[139.509414,36.431465],[139.50953,36.431478],[139.509654,36.431517],[139.50974,36.431551],[139.509757,36.431568],[139.509763,36.431673],[139.509737,36.43181],[139.50972,36.431951],[139.509677,36.432105],[139.50965,36.432255],[139.509604,36.432408],[139.509533,36.432597],[139.509512,36.432634],[139.50951,36.432685],[139.509537,36.432703]]}},{"type":"Feature","properties":{"id":198327402,"highway":"residential"},"geometry":{"type":"LineString","coordinates":[[139.53881,36.415419],[139.538775,36.415239],[139.538637,36.414788],[139.538562,36.41464],[139.538469,36.414496],[139.53831,36.414158],[139.538185,36.414006],[139.538125,36.413943],[139.53808,36.413911],[139.538022,36.413898],[139.537962,36.413906],[139.53792,36.413926],[139.53786,36.413973],[139.53782,36.414025],[139.53778,36.41409],[139.537682,36.414326],[139.5376,36.414462],[139.537524,36.414483],[139.53744,36.414451],[139.537418,36.41436],[139.537425,36.414242],[139.53746,36.414045],[139.53755,36.413448],[139.537543,36.41307],[139.537508,36.412929],[139.537446,36.412806],[139.5373,36.412595],[139.537227,36.412514],[139.53714,36.412424],[139.537077,36.412356],[139.537022,36.412313],[139.53695,36.412263],[139.536868,36.412209],[139.536818,36.412179],[139.536751,36.412147],[139.536699,36.412104],[139.536667,36.412073],[139.536576,36.411752],[139.536493,36.41138]]}},{"type":"Feature","properties":{"id":198327407,"highway":"unclassified"},"geometry":{"type":"LineString","coordinates":[[139.511712,36.430461],[139.511875,36.430496],[139.512059,36.430533],[139.512166,36.430581],[139.5123,36.43066],[139.512451,36.430774],[139.512615,36.430873],[139.512747,36.43093],[139.512854,36.431012],[139.512919,36.431078],[139.51301,36.431193],[139.513051,36.431299],[139.513117,36.431406],[139.513166,36.431521],[139.513215,36.431619],[139.513265,36.431694],[139.513355,36.431768],[139.51347,36.43189],[139.513528,36.432013],[139.513602,36.432136],[139.513659,36.432259],[139.513717,36.43235],[139.513808,36.432423],[139.513972,36.432515],[139.514144,36.43258],[139.514245,36.432665],[139.51427,36.432758],[139.514229,36.432915],[139.514188,36.43302],[139.514192,36.433127],[139.514255,36.433217],[139.514443,36.433333],[139.514697,36.433423],[139.514854,36.433505],[139.514955,36.433563],[139.514987,36.433605],[139.514985,36.433662],[139.514952,36.43376],[139.514944,36.43383],[139.51497,36.433867],[139.515008,36.4339]]}},{"type":"Feature","properties":{"id":198327412,"highway":"residential"},"geometry":{"type":"LineString","coordinates":[[139.538515,36.400932],[139.538638,36.401032],[139.538723,36.401112],[139.53886,36.401237]]}},{"type":"Feature","properties":{"id":198327418,"highway":"residential"},"geometry":{"type":"LineString","coordinates":[[139.536493,36.41138],[139.536117,36.411279],[139.535609,36.411155],[139.535065,36.411019]]}},{"type":"Feature","properties":{"id":198327420,"highway":"unclassified"},"geometry":{"type":"LineString","coordinates":[[139.601741,36.415196],[139.600689,36.416327],[139.599867,36.417206],[139.599582,36.417546]]}},{"type":"Feature","properties":{"id":198327423,"highway":"residential"},"geometry":{"type":"LineString","coordinates":[[139.569795,36.415821],[139.569785,36.415959]]}},{"type":"Feature","properties":{"id":198327433,"highway":"residential"},"geometry":{"type":"LineString","coordinates":[[139.58762,36.432283],[139.587806,36.432364],[139.587876,36.432409],[139.588091,36.432519]]}},{"type":"Feature","properties":{"id":198327434,"highway":"unclassified"},"geometry":{"type":"LineString","coordinates":[[139.588718,36.433095],[139.588496,36.432974],[139.588043,36.432691],[139.587994,36.432664]]}},{"type":"Feature","properties":{"id":198327438,"highway":"residential"},"geometry":{"type":"LineString","coordinates":[[139.587269,36.437289],[139.587713,36.437115],[139.587961,36.437016],[139.588293,36.436888]]}},{"type":"Feature","properties":{"id":198327441,"highway":"tertiary"},"geometry":{"type":"LineString","coordinates":[[139.570341,36.417015],[139.570435,36.416631],[139.570759,36.415901],[139.571143,36.414982],[139.571398,36.414659],[139.571759,36.414241],[139.572243,36.413628],[139.572578,36.413127],[139.572818,36.412588],[139.573028,36.411896],[139.573133,36.411611],[139.573726,36.410725],[139.574246,36.409837],[139.574813,36.408966],[139.575324,36.408262],[139.575392,36.408165]]}},{"type":"Feature","properties":{"id":198327442,"highway":"residential"},"geometry":{"type":"LineString","coordinates":[[139.592117,36.432062],[139.592225,36.432085],[139.592253,36.432092],[139.592337,36.432115],[139.592567,36.432247]]}},{"type":"Feature","properties":{"id":198327444,"highway":"unclassified"},"geometry":{"type":"LineString","coordinates":[[139.575625,36.448239],[139.575098,36.448853],[139.574973,36.448983],[139.574707,36.449283]]}},{"type":"Feature","properties":{"id":198327445,"highway":"unclassified"},"geometry":{"type":"LineString","coordinates":[[139.599582,36.417546],[139.598495,36.418845],[139.597911,36.419585],[139.597732,36.419808]]}},{"type":"Feature","properties":{"id":198327449,"highway":"residential"},"geometry":{"type":"LineString","coordinates":[[139.574859,36.411136],[139.574169,36.410845]]}},{"type":"Feature","properties":{"id":198327451,"highway":"residential"},"geometry":{"type":"LineString","coordinates":[[139.502474,36.411448],[139.502489,36.410978],[139.502443,36.410818],[139.502401,36.410587],[139.502251,36.410422]]}},{"type":"Feature","properties":{"id":198327457,"highway":"residential"},"geometry":{"type":"LineString","coordinates":[[139.59419,36.445661],[139.594378,36.44557],[139.59458,36.445477],[139.594729,36.4454]]}},{"type":"Feature","properties":{"id":198327460,"highway":"residential"},"geometry":{"type":"LineString","coordinates":[[139.511065,36.402212],[139.511077,36.40239],[139.511062,36.402518],[139.511033,36.402637],[139.511005,36.402733],[139.510946,36.402924]]}},{"type":"Feature","properties":{"id":198327461,"highway":"residential"},"geometry":{"type":"LineString","coordinates":[[139.561427,36.402836],[139.562146,36.402859],[139.562337,36.402811]]}},{"type":"Feature","properties":{"id":198327463,"highway":"unclassified"},"geometry":{"type":"LineString","coordinates":[[139.555689,36.468591],[139.556195,36.467972],[139.556609,36.467467],[139.55693,36.467058],[139.557449,36.466425],[139.557609,36.466219],[139.557718,36.466043],[139.557813,36.465847],[139.557897,36.465663],[139.558067,36.465246],[139.55815,36.465078],[139.558251,36.4649],[139.558361,36.464754],[139.558509,36.464573],[139.558842,36.464204],[139.559029,36.463997],[139.559175,36.463845],[139.559673,36.463268],[139.559928,36.462993],[139.560166,36.462763],[139.560323,36.462629],[139.560544,36.462467],[139.560748,36.46233],[139.561499,36.461911],[139.561662,36.461805],[139.561772,36.461723],[139.561938,36.461587],[139.562169,36.461367],[139.562653,36.460843],[139.563311,36.460159]]}},{"type":"Feature","properties":{"id":198327465,"highway":"service"},"geometry":{"type":"LineString","coordinates":[[139.583481,36.419751],[139.584407,36.418807],[139.584548,36.418631],[139.584962,36.418027]]}},{"type":"Feature","properties":{"id":198327467,"highway":"residential"},"geometry":{"type":"LineString","coordinates":[[139.569227,36.412328],[139.569356,36.41249]]}},{"type":"Feature","properties":{"id":198327469,"highway":"residential"},"geometry":{"type":"LineString","coordinates":[[139.50056,36.410739],[139.499849,36.410352],[139.499687,36.410269],[139.499566,36.410198],[139.499486,36.41014],[139.499406,36.410071],[139.499367,36.41001],[139.49935,36.409944],[139.499459,36.40962],[139.499474,36.409516]]}},{"type":"Feature","properties":{"id":198327470,"highway":"unclassified"},"geometry":{"type":"LineString","coordinates":[[139.584049,36.438585],[139.584168,36.43819],[139.584202,36.437841],[139.584223,36.437779]]}},{"type":"Feature","properties":{"id":198327471,"highway":"unclassified"},"geometry":{"type":"LineString","coordinates":[[139.596453,36.421738],[139.596659,36.421296],[139.597126,36.420631],[139.597732,36.419808]]}},{"type":"Feature","properties":{"id":198327473,"highway":"unclassified"},"geometry":{"type":"LineString","coordinates":[[139.555623,36.42455],[139.556073,36.424924],[139.556607,36.425422],[139.556768,36.425657],[139.557019,36.426006]]}},{"type":"Feature","properties":{"id":198327477,"highway":"unclassified"},"geometry":{"type":"LineString","coordinates":[[139.571487,36.417813],[139.571355,36.417076],[139.570902,36.417126],[139.571049,36.417869]]}},{"type":"Feature","properties":{"id":198327483,"highway":"unclassified"},"geometry":{"type":"LineString","coordinates":[[139.594054,36.429106],[139.593578,36.430042],[139.593507,36.430181],[139.593424,36.430333]]}},{"type":"Feature","properties":{"id":198327484,"highway":"residential"},"geometry":{"type":"LineString","coordinates":[[139.572108,36.404248],[139.57199,36.40427],[139.571727,36.404322],[139.571666,36.40433]]}},{"type":"Feature","properties":{"id":198327488,"highway":"residential"},"geometry":{"type":"LineString","coordinates":[[139.534849,36.409661],[139.534669,36.410045],[139.534585,36.410208],[139.534501,36.410378]]}},{"type":"Feature","properties":{"id":198327493,"highway":"residential"},"geometry":{"type":"LineString","coordinates":[[139.534864,36.408078],[139.535783,36.408],[139.536193,36.407948],[139.536242,36.407943]]}},{"type":"Feature","properties":{"id":198327494,"highway":"residential"},"geometry":{"type":"LineString","coordinates":[[139.519583,36.404503],[139.519747,36.40468],[139.519903,36.404885],[139.52006,36.405092]]}},{"type":"Feature","properties":{"id":198327499,"highway":"residential"},"geometry":{"type":"LineString","coordinates":[[139.578123,36.444877],[139.57818,36.444888],[139.578255,36.444905],[139.578737,36.445086]]}},{"type":"Feature","properties":{"id":198327501,"highway":"unclassified"},"geometry":{"type":"LineString","coordinates":[[139.53689,36.402823],[139.537023,36.402051],[139.537043,36.40186],[139.537036,36.401612]]}},{"type":"Feature","properties":{"id":198327504,"highway":"unclassified"},"geometry":{"type":"LineString","coordinates":[[139.567446,36.45462],[139.566756,36.455214],[139.566669,36.455287],[139.566578,36.455378]]}},{"type":"Feature","properties":{"id":198327509,"highway":"residential"},"geometry":{"type":"LineString","coordinates":[[139.578688,36.44098],[139.578995,36.441137],[139.579072,36.441175],[139.579665,36.441483]]}},{"type":"Feature","properties":{"id":198327515,"highway":"residential"},"geometry":{"type":"LineString","coordinates":[[139.562337,36.402811],[139.562903,36.402494]]}},{"type":"Feature","properties":{"id":198327517,"highway":"residential"},"geometry":{"type":"LineString","coordinates":[[139.534501,36.410378],[139.534473,36.410508],[139.534493,36.41053],[139.534627,36.410552]]}},{"type":"Feature","properties":{"id":198327518,"highway":"residential"},"geometry":{"type":"LineString","coordinates":[[139.563298,36.402421],[139.562903,36.402494]]}},{"type":"Feature","properties":{"id":198327521,"highway":"residential"},"geometry":{"type":"LineString","coordinates":[[139.595214,36.445125],[139.59527,36.445108],[139.595451,36.445097],[139.595537,36.445079]]}},{"type":"Feature","properties":{"id":198327522,"highway":"unclassified"},"geometry":{"type":"LineString","coordinates":[[139.571612,36.418511],[139.571529,36.418523],[139.571362,36.418579],[139.571257,36.418614]]}},{"type":"Feature","properties":{"id":198327526,"highway":"residential"},"geometry":{"type":"LineString","coordinates":[[139.569137,36.413295],[139.569244,36.413072],[139.569415,36.41291],[139.569375,36.412669],[139.569356,36.41249]]}},{"type":"Feature","properties":{"id":198327528,"highway":"unclassified"},"geometry":{"type":"LineString","coordinates":[[139.584223,36.437779],[139.584307,36.437503],[139.584446,36.437249],[139.584634,36.436917]]}},{"type":"Feature","properties":{"id":198327531,"highway":"residential"},"geometry":{"type":"LineString","coordinates":[[139.517054,36.410139],[139.517544,36.410083],[139.517864,36.410051],[139.518055,36.410015],[139.518109,36.409985],[139.518132,36.409952],[139.518161,36.409875],[139.518299,36.409537]]}},{"type":"Feature","properties":{"id":198327534,"highway":"residential"},"geometry":{"type":"LineString","coordinates":[[139.565208,36.416463],[139.565591,36.416044],[139.566159,36.415333],[139.566373,36.414779],[139.566813,36.413937]]}},{"type":"Feature","properties":{"id":198327538,"highway":"residential"},"geometry":{"type":"LineString","coordinates":[[139.534627,36.410552],[139.534878,36.410558],[139.534926,36.410569],[139.534968,36.410969]]}},{"type":"Feature","properties":{"id":198327539,"highway":"service"},"geometry":{"type":"LineString","coordinates":[[139.583481,36.419751],[139.582883,36.420371],[139.582854,36.420401],[139.582482,36.420763],[139.582293,36.420947],[139.582154,36.421082]]}},{"type":"Feature","properties":{"id":198327544,"highway":"residential"},"geometry":{"type":"LineString","coordinates":[[139.537036,36.401612],[139.537084,36.401612],[139.537238,36.401606],[139.537398,36.401584]]}},{"type":"Feature","properties":{"id":198327549,"highway":"residential"},"geometry":{"type":"LineString","coordinates":[[139.502474,36.411448],[139.502478,36.411475],[139.502471,36.411499],[139.502438,36.41186]]}},{"type":"Feature","properties":{"id":198327553,"highway":"residential"},"geometry":{"type":"LineString","coordinates":[[139.563331,36.402007],[139.563298,36.402421]]}},{"type":"Feature","properties":{"id":198327555,"highway":"unclassified"},"geometry":{"type":"LineString","coordinates":[[139.590281,36.430349],[139.590483,36.429949],[139.59088,36.42916],[139.591316,36.428278]]}},{"type":"Feature","properties":{"id":198327566,"highway":"residential"},"geometry":{"type":"LineString","coordinates":[[139.571829,36.419424],[139.5718,36.419537],[139.571757,36.419662],[139.571694,36.419807]]}},{"type":"Feature","properties":{"id":198327569,"highway":"unclassified"},"geometry":{"type":"LineString","coordinates":[[139.594701,36.419025],[139.594436,36.419019],[139.594004,36.41898],[139.593775,36.418986]]}},{"type":"Feature","properties":{"id":198327571,"highway":"residential"},"geometry":{"type":"LineString","coordinates":[[139.594729,36.4454],[139.594881,36.445297],[139.595005,36.445221],[139.595214,36.445125]]}},{"type":"Feature","properties":{"id":198327573,"highway":"service"},"geometry":{"type":"LineString","coordinates":[[139.539362,36.489458],[139.539296,36.489624],[139.53926,36.489875],[139.539217,36.490012],[139.539179,36.490081],[139.53903,36.490174],[139.538794,36.490299],[139.538652,36.490363]]}},{"type":"Feature","properties":{"id":198327576,"highway":"residential"},"geometry":{"type":"LineString","coordinates":[[139.516514,36.403023],[139.516476,36.40183],[139.516521,36.401547],[139.516531,36.401335],[139.516514,36.401199]]}},{"type":"Feature","properties":{"id":198327577,"highway":"unclassified"},"geometry":{"type":"LineString","coordinates":[[139.578113,36.404798],[139.577942,36.404333]]}},{"type":"Feature","properties":{"id":198327579,"highway":"residential"},"geometry":{"type":"LineString","coordinates":[[139.516287,36.403245],[139.516352,36.403218],[139.516392,36.403192],[139.516413,36.403172]]}},{"type":"Feature","properties":{"id":198327580,"highway":"residential"},"geometry":{"type":"LineString","coordinates":[[139.582146,36.441857],[139.582252,36.44193],[139.582312,36.441973],[139.582375,36.442022]]}},{"type":"Feature","properties":{"id":198327581,"highway":"service"},"geometry":{"type":"LineString","coordinates":[[139.523118,36.458937],[139.523157,36.458976],[139.523209,36.459055],[139.523269,36.459181],[139.523312,36.459301]]}},{"type":"Feature","properties":{"id":198327585,"highway":"residential"},"geometry":{"type":"LineString","coordinates":[[139.502549,36.412492],[139.502549,36.412379],[139.502521,36.412222],[139.502521,36.412098]]}},{"type":"Feature","properties":{"id":198327587,"highway":"residential"},"geometry":{"type":"LineString","coordinates":[[139.572108,36.404248],[139.572853,36.404179],[139.573233,36.404174]]}},{"type":"Feature","properties":{"id":198327588,"highway":"residential"},"geometry":{"type":"LineString","coordinates":[[139.594691,36.433329],[139.594782,36.433351],[139.594976,36.433382],[139.595614,36.433494]]}},{"type":"Feature","properties":{"id":198327591,"highway":"residential"},"geometry":{"type":"LineString","coordinates":[[139.575733,36.411144],[139.576014,36.410894],[139.576079,36.41085],[139.576117,36.410805]]}},{"type":"Feature","properties":{"id":198327593,"highway":"unclassified"},"geometry":{"type":"LineString","coordinates":[[139.568244,36.405178],[139.568383,36.404834],[139.568529,36.404637],[139.568752,36.404402]]}},{"type":"Feature","properties":{"id":198327596,"highway":"residential"},"geometry":{"type":"LineString","coordinates":[[139.595334,36.444662],[139.595328,36.4447],[139.595378,36.444808],[139.595462,36.44491],[139.595537,36.445079]]}},{"type":"Feature","properties":{"id":198327599,"highway":"residential"},"geometry":{"type":"LineString","coordinates":[[139.568289,36.4131],[139.567974,36.412972]]}},{"type":"Feature","properties":{"id":198327604,"highway":"residential"},"geometry":{"type":"LineString","coordinates":[[139.569658,36.403455],[139.569286,36.403281],[139.568944,36.403098],[139.568689,36.402918]]}},{"type":"Feature","properties":{"id":198327613,"highway":"unclassified"},"geometry":{"type":"LineString","coordinates":[[139.575101,36.412723],[139.574741,36.412461],[139.574007,36.411747]]}},{"type":"Feature","properties":{"id":198327624,"highway":"residential"},"geometry":{"type":"LineString","coordinates":[[139.510684,36.402931],[139.510667,36.403107],[139.510608,36.403303],[139.510517,36.403455]]}},{"type":"Feature","properties":{"id":198327630,"highway":"service"},"geometry":{"type":"LineString","coordinates":[[139.56886,36.447851],[139.568829,36.447768],[139.568736,36.447698],[139.568635,36.447627],[139.568547,36.447552],[139.568467,36.447499],[139.568405,36.44746],[139.568326,36.447433],[139.568198,36.447415],[139.568043,36.447424],[139.567898,36.447437],[139.56776,36.447442],[139.56761,36.447424],[139.56746,36.44738],[139.567332,36.447327],[139.56722,36.447308],[139.567105,36.447281],[139.56699,36.447281],[139.566888,36.447286],[139.566835,36.447255],[139.566822,36.447202],[139.566818,36.447145],[139.566831,36.447084],[139.56688,36.44704],[139.566999,36.447026],[139.567131,36.447022],[139.567215,36.447009],[139.567246,36.446943],[139.56725,36.446872],[139.567255,36.446811],[139.567228,36.446656],[139.567211,36.446541],[139.56722,36.446458],[139.567264,36.446387],[139.567356,36.446339],[139.567489,36.446303],[139.567617,36.446268],[139.567708,36.446216],[139.567826,36.446147],[139.567872,36.446111]]}},{"type":"Feature","properties":{"id":198327631,"highway":"residential"},"geometry":{"type":"LineString","coordinates":[[139.596266,36.435853],[139.596538,36.435858],[139.596636,36.435869],[139.596935,36.435909],[139.59713,36.435965],[139.597258,36.436006],[139.597386,36.436064],[139.597477,36.436106],[139.59756,36.436164],[139.597619,36.436213],[139.597724,36.436269],[139.597905,36.436292],[139.598198,36.436281],[139.598769,36.436281],[139.59902,36.436331],[139.599136,36.436383],[139.599202,36.436429],[139.59926,36.436491],[139.599318,36.436544],[139.599409,36.43659],[139.599504,36.436598],[139.599563,36.436565],[139.599633,36.436519],[139.599707,36.436441],[139.599749,36.436396],[139.599815,36.436329],[139.599885,36.436263],[139.599952,36.436218],[139.600014,36.436205],[139.600092,36.436201],[139.600179,36.436214],[139.600274,36.436251],[139.600361,36.436288],[139.600461,36.436324],[139.600533,36.436348],[139.600609,36.436371],[139.600798,36.436376],[139.600798,36.436433],[139.600728,36.436572],[139.600681,36.436691]]}},{"type":"Feature","properties":{"id":198327633,"highway":"residential"},"geometry":{"type":"LineString","coordinates":[[139.563125,36.410811],[139.563117,36.410761],[139.563041,36.410614],[139.562978,36.41049],[139.562865,36.410383],[139.56277,36.410315],[139.562645,36.410265],[139.56245,36.410241],[139.562198,36.410145],[139.562157,36.41014],[139.56201,36.410134],[139.561843,36.410179],[139.561704,36.410179],[139.561614,36.410118],[139.561593,36.410055],[139.561593,36.40952],[139.56158,36.409267],[139.561551,36.409171],[139.561447,36.409115],[139.561294,36.409115],[139.561211,36.409137],[139.560981,36.409222],[139.560375,36.40947],[139.560076,36.409565],[139.559804,36.409605],[139.559546,36.40961],[139.559463,36.409593],[139.559345,36.40953],[139.559219,36.409433],[139.559098,36.409263],[139.55902,36.409132],[139.558927,36.40899],[139.558788,36.408687],[139.55876,36.408625],[139.558607,36.408247],[139.558551,36.408045],[139.558576,36.407838],[139.558618,36.407645],[139.558674,36.407542],[139.558889,36.407382],[139.558969,36.407282]]}},{"type":"Feature","properties":{"id":198327636,"highway":"service"},"geometry":{"type":"LineString","coordinates":[[139.552382,36.412181],[139.552527,36.412161],[139.552739,36.412109],[139.552957,36.41204],[139.553122,36.411974],[139.553179,36.41195],[139.553352,36.411843],[139.553525,36.411732],[139.553677,36.411632],[139.553867,36.41148],[139.553988,36.411387],[139.554163,36.411215],[139.554204,36.411146],[139.554249,36.411059],[139.554284,36.410969],[139.554329,36.4107],[139.554357,36.410486],[139.554399,36.410255],[139.554461,36.410093],[139.554558,36.409909],[139.554683,36.409746],[139.55479,36.409623],[139.554942,36.409477],[139.55507,36.409366],[139.555379,36.40908],[139.555514,36.408956],[139.555635,36.40881],[139.555736,36.40867],[139.555923,36.408427],[139.556016,36.408344],[139.556108,36.408281],[139.556246,36.408222],[139.556385,36.408191],[139.556544,36.408175],[139.556724,36.408191],[139.556883,36.408263],[139.556959,36.408353],[139.557028,36.408495],[139.557159,36.4088],[139.55726,36.408937],[139.557385,36.409038]]}},{"type":"Feature","properties":{"id":198327638,"highway":"service"},"geometry":{"type":"LineString","coordinates":[[139.559801,36.482767],[139.559806,36.482698],[139.559864,36.482552],[139.559918,36.482458],[139.560019,36.482333],[139.560198,36.48215],[139.560299,36.482035],[139.560371,36.481932],[139.56049,36.481738],[139.560526,36.481715],[139.560587,36.481715],[139.560652,36.481735],[139.560734,36.481785],[139.560829,36.481877],[139.560901,36.481945],[139.561012,36.482012],[139.561134,36.482059],[139.561253,36.482087],[139.561393,36.48213],[139.561476,36.482177],[139.561544,36.48223],[139.561559,36.482268],[139.561562,36.482327],[139.561537,36.482362],[139.561494,36.482387],[139.561426,36.482398],[139.561167,36.482372],[139.561084,36.482372],[139.561041,36.482387],[139.56103,36.482412],[139.561038,36.482448],[139.561084,36.48248],[139.56125,36.48252],[139.561501,36.482599],[139.561591,36.482627],[139.561631,36.482652],[139.561652,36.482682],[139.561649,36.48271],[139.56162,36.482735],[139.561555,36.48276],[139.561339,36.482829]]}},{"type":"Feature","properties":{"id":198327674,"highway":"unclassified"},"geometry":{"type":"LineString","coordinates":[[139.5498,36.429691],[139.549985,36.429543],[139.550177,36.429405],[139.550598,36.42912],[139.551225,36.428814],[139.551513,36.428691],[139.55168,36.428607],[139.551979,36.428276],[139.552071,36.428178],[139.552145,36.428089],[139.552277,36.42796],[139.552392,36.427873],[139.55252,36.427806],[139.55285,36.427699],[139.553073,36.427625],[139.553225,36.427577],[139.55338,36.427525],[139.553551,36.427493],[139.553693,36.427462],[139.553855,36.427435],[139.554065,36.427435],[139.554374,36.427433],[139.554842,36.427428],[139.555289,36.42755],[139.555695,36.427637],[139.555863,36.427637],[139.555932,36.427609],[139.556127,36.427463],[139.556232,36.427344],[139.556385,36.427153],[139.556483,36.427068],[139.556646,36.427009],[139.556824,36.427001],[139.55697,36.427021],[139.557195,36.427067],[139.557305,36.427087],[139.557464,36.427077],[139.557537,36.427062],[139.557621,36.42703]]}},{"type":"Feature","properties":{"id":198327683,"highway":"unclassified"},"geometry":{"type":"LineString","coordinates":[[139.577739,36.440872],[139.577609,36.441023],[139.577344,36.441362],[139.576988,36.441755],[139.576703,36.442032],[139.576556,36.4422],[139.576452,36.442358],[139.576354,36.442584],[139.576249,36.44277],[139.576075,36.443013],[139.575329,36.443807],[139.575239,36.443931],[139.575204,36.444026],[139.575204,36.444156],[139.57526,36.444359],[139.575336,36.444562],[139.57535,36.444691],[139.575336,36.444798],[139.575294,36.444888],[139.575239,36.444939],[139.575085,36.445029],[139.574828,36.44508],[139.574646,36.445136],[139.574521,36.445215],[139.574284,36.445424],[139.574103,36.445559],[139.573942,36.445626],[139.57374,36.445638],[139.573608,36.445615],[139.573524,36.445576],[139.573447,36.445514],[139.573405,36.445424],[139.573398,36.445333],[139.573433,36.44517],[139.573475,36.445097],[139.573601,36.445007],[139.573768,36.444939],[139.573942,36.444894],[139.574082,36.444843],[139.574151,36.444798],[139.574235,36.444674],[139.574263,36.444584],[139.574257,36.444401]]}},{"type":"Feature","properties":{"id":198327695,"highway":"residential"},"geometry":{"type":"LineString","coordinates":[[139.57181,36.419332],[139.571847,36.419385],[139.571919,36.419472],[139.572009,36.41952],[139.572525,36.419514],[139.57283,36.419475],[139.573193,36.41939],[139.573361,36.41939],[139.573435,36.41941],[139.573498,36.419444],[139.573556,36.419492],[139.573632,36.419545],[139.573736,36.419604],[139.573848,36.419622],[139.574453,36.419615],[139.574474,36.41961],[139.574468,36.41952],[139.574405,36.41939],[139.574318,36.419266],[139.574226,36.419156],[139.574105,36.419029],[139.573986,36.418895],[139.573925,36.418805],[139.573855,36.418618],[139.57382,36.418511],[139.573674,36.418275],[139.573582,36.418168],[139.573517,36.418068],[139.573465,36.417979],[139.573415,36.41792],[139.573277,36.417644],[139.573235,36.417515],[139.573067,36.417217],[139.573039,36.417171],[139.573002,36.417129],[139.572935,36.417083],[139.572837,36.417012],[139.572742,36.416948],[139.572652,36.416868],[139.57258,36.416772],[139.572497,36.416563],[139.572462,36.4164],[139.572455,36.416281]]}},{"type":"Feature","properties":{"id":198327912,"highway":"service"},"geometry":{"type":"LineString","coordinates":[[139.539362,36.489458],[139.539236,36.48951],[139.539006,36.489532],[139.538685,36.489527],[139.538436,36.489523]]}},{"type":"Feature","properties":{"id":198327914,"highway":"unclassified"},"geometry":{"type":"LineString","coordinates":[[139.504889,36.401501],[139.504328,36.401521],[139.504218,36.401541],[139.504155,36.401569],[139.503975,36.401752],[139.503887,36.401807],[139.502862,36.402188]]}},{"type":"Feature","properties":{"id":198327916,"highway":"unclassified"},"geometry":{"type":"LineString","coordinates":[[139.579183,36.442144],[139.57874,36.442749],[139.57866,36.442894],[139.578618,36.443001],[139.578472,36.443689]]}},{"type":"Feature","properties":{"id":198327919,"highway":"residential"},"geometry":{"type":"LineString","coordinates":[[139.570192,36.416166],[139.570435,36.416631]]}},{"type":"Feature","properties":{"id":198327921,"highway":"residential"},"geometry":{"type":"LineString","coordinates":[[139.521844,36.405459],[139.52192,36.405313],[139.521997,36.405043],[139.522025,36.404969],[139.5221,36.404738]]}},{"type":"Feature","properties":{"id":198327937,"highway":"residential"},"geometry":{"type":"LineString","coordinates":[[139.502301,36.40523],[139.503327,36.40573],[139.503876,36.40597],[139.504347,36.406228],[139.504486,36.406323]]}},{"type":"Feature","properties":{"id":198327938,"highway":"unclassified"},"geometry":{"type":"LineString","coordinates":[[139.582592,36.440065],[139.582864,36.440071],[139.583575,36.440088],[139.583684,36.44009],[139.583763,36.440077]]}},{"type":"Feature","properties":{"id":198327941,"highway":"residential"},"geometry":{"type":"LineString","coordinates":[[139.513648,36.400986],[139.514845,36.400664],[139.51543,36.400575],[139.515885,36.400472],[139.516629,36.400434],[139.516691,36.400422]]}},{"type":"Feature","properties":{"id":198327943,"highway":"residential"},"geometry":{"type":"LineString","coordinates":[[139.502438,36.41186],[139.502588,36.411878],[139.502598,36.411949],[139.502557,36.412022],[139.502546,36.412063]]}},{"type":"Feature","properties":{"id":198327946,"highway":"residential"},"geometry":{"type":"LineString","coordinates":[[139.583554,36.438314],[139.583699,36.438384],[139.583869,36.438467],[139.583965,36.438529],[139.584049,36.438585]]}},{"type":"Feature","properties":{"id":198327961,"highway":"residential"},"geometry":{"type":"LineString","coordinates":[[139.568045,36.413787],[139.567601,36.413915],[139.567501,36.413945],[139.567274,36.413938],[139.567007,36.41393],[139.566854,36.413925],[139.566813,36.413937]]}},{"type":"Feature","properties":{"id":198327977,"highway":"residential"},"geometry":{"type":"LineString","coordinates":[[139.586707,36.433347],[139.586828,36.433259],[139.586971,36.433162],[139.587133,36.433069],[139.587207,36.433036]]}},{"type":"Feature","properties":{"id":198327985,"highway":"residential"},"geometry":{"type":"LineString","coordinates":[[139.501113,36.411825],[139.501058,36.411636],[139.500982,36.411478],[139.500834,36.411282],[139.500695,36.411161]]}},{"type":"Feature","properties":{"id":198327986,"highway":"residential"},"geometry":{"type":"LineString","coordinates":[[139.525749,36.426508],[139.525744,36.426534],[139.525737,36.426951],[139.525723,36.427103],[139.52573,36.427142]]}},{"type":"Feature","properties":{"id":198327996,"highway":"residential"},"geometry":{"type":"LineString","coordinates":[[139.560443,36.460989],[139.560887,36.461112],[139.5613,36.461205],[139.561504,36.461308],[139.561741,36.461458],[139.561938,36.461587]]}},{"type":"Feature","properties":{"id":198327997,"highway":"residential"},"geometry":{"type":"LineString","coordinates":[[139.523045,36.403055],[139.522817,36.403522],[139.522777,36.403601],[139.52275,36.403642],[139.522719,36.403688]]}},{"type":"Feature","properties":{"id":198327999,"highway":"residential"},"geometry":{"type":"LineString","coordinates":[[139.565208,36.416463],[139.565095,36.416649],[139.56492,36.417689]]}},{"type":"Feature","properties":{"id":198328000,"highway":"residential"},"geometry":{"type":"LineString","coordinates":[[139.587798,36.438467],[139.587727,36.438358],[139.587596,36.438173],[139.587492,36.438033],[139.587262,36.437706]]}},{"type":"Feature","properties":{"id":198328002,"highway":"residential"},"geometry":{"type":"LineString","coordinates":[[139.582062,36.4422],[139.582162,36.442135],[139.582225,36.44209],[139.582281,36.442055],[139.582375,36.442022]]}},{"type":"Feature","properties":{"id":198328004,"highway":"residential"},"geometry":{"type":"LineString","coordinates":[[139.502034,36.413266],[139.502015,36.413202],[139.501979,36.413097],[139.501962,36.412954],[139.501968,36.412774]]}},{"type":"Feature","properties":{"id":198328005,"highway":"residential"},"geometry":{"type":"LineString","coordinates":[[139.563331,36.402007],[139.562984,36.401795],[139.562372,36.401422]]}},{"type":"Feature","properties":{"id":198328007,"highway":"residential"},"geometry":{"type":"LineString","coordinates":[[139.580067,36.442502],[139.580242,36.44259],[139.580397,36.442652],[139.58057,36.442753],[139.580982,36.443013]]}},{"type":"Feature","properties":{"id":198328011,"highway":"residential"},"geometry":{"type":"LineString","coordinates":[[139.501941,36.411629],[139.501647,36.411703],[139.501113,36.411825]]}},{"type":"Feature","properties":{"id":198328014,"highway":"service"},"geometry":{"type":"LineString","coordinates":[[139.501095,36.494212],[139.501129,36.494418],[139.501193,36.494663],[139.501287,36.494972],[139.501395,36.495251]]}},{"type":"Feature","properties":{"id":198328024,"highway":"unclassified"},"geometry":{"type":"LineString","coordinates":[[139.502862,36.402188],[139.502418,36.402372],[139.501941,36.402622],[139.501838,36.402664],[139.501689,36.402691],[139.501411,36.402701]]}},{"type":"Feature","properties":{"id":198328033,"highway":"unclassified"},"geometry":{"type":"LineString","coordinates":[[139.572656,36.407689],[139.572637,36.407516],[139.572636,36.407465],[139.572677,36.407441],[139.572848,36.407433],[139.572884,36.407424]]}},{"type":"Feature","properties":{"id":198328034,"highway":"unclassified"},"geometry":{"type":"LineString","coordinates":[[139.55931,36.427984],[139.55895,36.427885],[139.55876,36.427769],[139.558697,36.427684],[139.558618,36.4275]]}},{"type":"Feature","properties":{"id":198328036,"highway":"residential"},"geometry":{"type":"LineString","coordinates":[[139.581268,36.442742],[139.581372,36.442645],[139.581471,36.442587],[139.581608,36.442507],[139.581693,36.442448]]}},{"type":"Feature","properties":{"id":198328039,"highway":"residential"},"geometry":{"type":"LineString","coordinates":[[139.594451,36.43623],[139.594494,36.436383],[139.59447,36.436476],[139.594381,36.436669],[139.594323,36.436826]]}},{"type":"Feature","properties":{"id":198328041,"highway":"residential"},"geometry":{"type":"LineString","coordinates":[[139.569772,36.455435],[139.569913,36.455203],[139.570043,36.45494]]}},{"type":"Feature","properties":{"id":198328042,"highway":"residential"},"geometry":{"type":"LineString","coordinates":[[139.568289,36.4131],[139.568811,36.413229],[139.569137,36.413295]]}},{"type":"Feature","properties":{"id":198328048,"highway":"unclassified"},"geometry":{"type":"LineString","coordinates":[[139.594749,36.419121],[139.594771,36.419189],[139.594749,36.419521],[139.594724,36.419631],[139.594692,36.419808]]}},{"type":"Feature","properties":{"id":198328050,"highway":"residential"},"geometry":{"type":"LineString","coordinates":[[139.586168,36.432178],[139.586837,36.432398],[139.587046,36.432494],[139.587486,36.43277],[139.587639,36.432871]]}},{"type":"Feature","properties":{"id":198328053,"highway":"residential"},"geometry":{"type":"LineString","coordinates":[[139.539921,36.4893],[139.540127,36.489335]]}},{"type":"Feature","properties":{"id":198328054,"highway":"service"},"geometry":{"type":"LineString","coordinates":[[139.587625,36.420553],[139.587554,36.420808],[139.587444,36.421034],[139.586488,36.422485],[139.586254,36.422859]]}},{"type":"Feature","properties":{"id":198328056,"highway":"unclassified"},"geometry":{"type":"LineString","coordinates":[[139.574007,36.411747],[139.574015,36.411549],[139.574064,36.4112],[139.574134,36.41094],[139.574169,36.410845]]}},{"type":"Feature","properties":{"id":198328058,"highway":"unclassified"},"geometry":{"type":"LineString","coordinates":[[139.597126,36.415551],[139.596734,36.416056],[139.596469,36.416389],[139.596149,36.416761],[139.596108,36.4168]]}},{"type":"Feature","properties":{"id":198328059,"highway":"unclassified"},"geometry":{"type":"LineString","coordinates":[[139.572751,36.451349],[139.572074,36.451919],[139.571886,36.452037],[139.571767,36.452082],[139.571746,36.452088]]}},{"type":"Feature","properties":{"id":198328062,"highway":"unclassified"},"geometry":{"type":"LineString","coordinates":[[139.589556,36.43354],[139.590421,36.434074]]}},{"type":"Feature","properties":{"id":198328063,"highway":"residential"},"geometry":{"type":"LineString","coordinates":[[139.57782,36.447633],[139.576995,36.447299],[139.576932,36.447283],[139.576695,36.447181],[139.576617,36.44715]]}},{"type":"Feature","properties":{"id":198328074,"highway":"residential"},"geometry":{"type":"LineString","coordinates":[[139.502,36.412696],[139.502139,36.412656],[139.502261,36.412619],[139.502536,36.412541],[139.502549,36.412492]]}},{"type":"Feature","properties":{"id":198328075,"highway":"unclassified"},"geometry":{"type":"LineString","coordinates":[[139.542871,36.444619],[139.543405,36.443636],[139.543418,36.443565]]}},{"type":"Feature","properties":{"id":198328076,"highway":"residential"},"geometry":{"type":"LineString","coordinates":[[139.591316,36.428278],[139.591528,36.428379],[139.591782,36.428455],[139.592151,36.42857],[139.592317,36.428646]]}},{"type":"Feature","properties":{"id":198328085,"highway":"residential"},"geometry":{"type":"LineString","coordinates":[[139.596944,36.422816],[139.596922,36.422716],[139.596927,36.422654],[139.596974,36.422586],[139.597042,36.422498]]}},{"type":"Feature","properties":{"id":198328090,"highway":"unclassified"},"geometry":{"type":"LineString","coordinates":[[139.543418,36.443565],[139.543148,36.44346],[139.542558,36.443268],[139.542406,36.443241],[139.542273,36.443236],[139.542075,36.443266]]}},{"type":"Feature","properties":{"id":198328095,"highway":"residential"},"geometry":{"type":"LineString","coordinates":[[139.556633,36.424067],[139.556633,36.424173],[139.55655,36.424314],[139.556309,36.424544],[139.556176,36.424752],[139.556073,36.424924]]}},{"type":"Feature","properties":{"id":198328097,"highway":"service"},"geometry":{"type":"LineString","coordinates":[[139.58855,36.419808],[139.588096,36.420228],[139.587858,36.420378],[139.587625,36.420553]]}},{"type":"Feature","properties":{"id":198328107,"highway":"unclassified"},"geometry":{"type":"LineString","coordinates":[[139.578123,36.444877],[139.577727,36.445497],[139.577517,36.44579],[139.576778,36.446899],[139.576617,36.44715]]}},{"type":"Feature","properties":{"id":198328189,"highway":"service"},"geometry":{"type":"LineString","coordinates":[[139.513822,36.500088],[139.513948,36.500123],[139.514261,36.500118],[139.514387,36.500101],[139.514547,36.500106],[139.514624,36.500123],[139.514721,36.500208],[139.514889,36.500388],[139.514979,36.500444],[139.515112,36.500484],[139.515349,36.500512],[139.515698,36.500529],[139.515823,36.500557],[139.515955,36.500602],[139.516129,36.500641],[139.516227,36.500686],[139.516499,36.501008],[139.516631,36.501115],[139.516757,36.501182],[139.517036,36.501306],[139.517321,36.501402],[139.517405,36.501424],[139.517516,36.501424],[139.5176,36.501368],[139.517642,36.501244],[139.517628,36.500963],[139.517551,36.500495],[139.517558,36.500303],[139.517621,36.500174],[139.517743,36.500015],[139.517738,36.499936],[139.517671,36.499882],[139.517343,36.499746],[139.517259,36.499701],[139.517196,36.499633],[139.517049,36.499436],[139.516997,36.499387],[139.516928,36.499358],[139.516837,36.499357],[139.516701,36.49947],[139.516597,36.499599],[139.516485,36.499684],[139.516283,36.499718],[139.516178,36.499633],[139.516018,36.499453],[139.515928,36.499385],[139.515851,36.499357],[139.515209,36.499351],[139.515091,36.499329],[139.515,36.499284],[139.514931,36.499194],[139.514944,36.499121],[139.515084,36.498822],[139.515084,36.49867],[139.514994,36.498366],[139.514989,36.498168]]}},{"type":"Feature","properties":{"id":198328209,"highway":"unclassified"},"geometry":{"type":"LineString","coordinates":[[139.519286,36.437979],[139.51929,36.437799],[139.519281,36.43754],[139.519311,36.437418],[139.519405,36.437248],[139.519412,36.437126],[139.519327,36.437],[139.519223,36.436856],[139.519201,36.43669],[139.519222,36.43648],[139.519208,36.436371],[139.51916,36.436249],[139.519162,36.436109],[139.519223,36.436072],[139.519473,36.436051],[139.519651,36.436092],[139.519814,36.436174],[139.520011,36.436242],[139.520244,36.436261],[139.520505,36.436249],[139.520753,36.436181],[139.520951,36.436106],[139.521155,36.435983],[139.521361,36.43587],[139.521536,36.435773],[139.521591,36.435648],[139.521549,36.43556],[139.521454,36.43545],[139.521279,36.435333],[139.521116,36.435223],[139.521014,36.435128],[139.520759,36.43504],[139.520549,36.434972],[139.520394,36.43489],[139.520306,36.434795],[139.52032,36.434618],[139.520374,36.434448],[139.520374,36.43432],[139.520366,36.434245],[139.520278,36.434157],[139.520114,36.434082],[139.519917,36.433995],[139.519759,36.433907],[139.519672,36.433825],[139.519672,36.43375],[139.519706,36.433662],[139.519842,36.433593],[139.520005,36.433538],[139.520128,36.433443],[139.52023,36.433307],[139.520353,36.433185],[139.520523,36.433055],[139.520713,36.432933],[139.520843,36.432838],[139.520972,36.432715],[139.521163,36.432593],[139.521353,36.432533],[139.521527,36.432449],[139.521584,36.432434]]}},{"type":"Feature","properties":{"id":198328214,"highway":"residential"},"geometry":{"type":"LineString","coordinates":[[139.520651,36.429848],[139.520743,36.429959],[139.520826,36.430142],[139.520853,36.430274],[139.520808,36.430409],[139.520729,36.430491],[139.520607,36.430556],[139.520491,36.430626],[139.52039,36.430657],[139.520269,36.430669],[139.520018,36.430602],[139.519799,36.430508],[139.51963,36.43039],[139.519534,36.430311],[139.51946,36.430274],[139.519424,36.43033],[139.51951,36.430475],[139.519588,36.430585],[139.519583,36.430644],[139.519515,36.4307],[139.519336,36.430702],[139.519131,36.430679],[139.51891,36.4306],[139.518748,36.43051],[139.518593,36.430399],[139.518485,36.430282],[139.518357,36.430173],[139.51825,36.430059],[139.518068,36.429913],[139.517971,36.429868],[139.517832,36.429862],[139.517742,36.429817],[139.517622,36.429674],[139.517483,36.429487],[139.517316,36.429256],[139.51722,36.429117],[139.517129,36.429007],[139.517075,36.428864],[139.517019,36.428739],[139.516954,36.428629],[139.516874,36.428514],[139.51678,36.428312],[139.516729,36.42805],[139.516731,36.42776],[139.516751,36.427589],[139.516751,36.427394],[139.516756,36.427294],[139.516889,36.427178],[139.517019,36.427011],[139.51712,36.426859],[139.517185,36.426704],[139.517243,36.426495],[139.517259,36.426324],[139.517258,36.426163],[139.517227,36.426027],[139.517171,36.425874],[139.517098,36.425801],[139.516992,36.42573],[139.516811,36.425693]]}},{"type":"Feature","properties":{"id":198328219,"highway":"residential"},"geometry":{"type":"LineString","coordinates":[[139.569227,36.412328],[139.569251,36.412188],[139.569295,36.412052],[139.569203,36.411958],[139.569103,36.411874],[139.56905,36.411625],[139.569067,36.41153],[139.569074,36.41144],[139.569031,36.411341]]}},{"type":"Feature","properties":{"id":198328220,"highway":"residential"},"geometry":{"type":"LineString","coordinates":[[139.503177,36.40902],[139.503082,36.409122],[139.502941,36.409264],[139.502589,36.409633],[139.502457,36.409769],[139.502304,36.409951]]}},{"type":"Feature","properties":{"id":198328234,"highway":"unclassified"},"geometry":{"type":"LineString","coordinates":[[139.512532,36.429361],[139.512236,36.429661],[139.512083,36.429826],[139.511978,36.429935],[139.511902,36.430064],[139.51181,36.430263],[139.511712,36.430461],[139.511646,36.430552],[139.51148,36.430733],[139.511136,36.431101],[139.511062,36.431189],[139.511018,36.431263],[139.510977,36.431363]]}},{"type":"Feature","properties":{"id":198328239,"highway":"residential"},"geometry":{"type":"LineString","coordinates":[[139.575598,36.408858],[139.576069,36.409075]]}},{"type":"Feature","properties":{"id":198328242,"highway":"unclassified"},"geometry":{"type":"LineString","coordinates":[[139.595892,36.417042],[139.595592,36.417341],[139.595557,36.417392],[139.595355,36.417583],[139.595,36.417949],[139.594715,36.418248]]}},{"type":"Feature","properties":{"id":198328245,"highway":"unclassified"},"geometry":{"type":"LineString","coordinates":[[139.585889,36.435824],[139.585938,36.43565],[139.586029,36.435531],[139.586175,36.435424],[139.586321,36.435374],[139.586716,36.435332]]}},{"type":"Feature","properties":{"id":198328246,"highway":"residential"},"geometry":{"type":"LineString","coordinates":[[139.520152,36.403381],[139.519959,36.403307],[139.519822,36.403242],[139.519671,36.403189],[139.51956,36.403156],[139.519363,36.403116]]}},{"type":"Feature","properties":{"id":198328247,"highway":"residential"},"geometry":{"type":"LineString","coordinates":[[139.579183,36.442144],[139.57928,36.442195],[139.579407,36.442262],[139.579434,36.442268],[139.579672,36.442392],[139.580067,36.442502]]}},{"type":"Feature","properties":{"id":198328248,"highway":"residential"},"geometry":{"type":"LineString","coordinates":[[139.569421,36.414628],[139.569081,36.414561],[139.568657,36.414479],[139.56856,36.414434],[139.568431,36.414315]]}},{"type":"Feature","properties":{"id":198328256,"highway":"residential"},"geometry":{"type":"LineString","coordinates":[[139.575733,36.411144],[139.575273,36.411124],[139.575062,36.411169],[139.574859,36.411136]]}},{"type":"Feature","properties":{"id":198328263,"highway":"service"},"geometry":{"type":"LineString","coordinates":[[139.567872,36.446111],[139.567994,36.44606],[139.568125,36.446008],[139.56827,36.445951],[139.56842,36.445902],[139.568707,36.445838]]}},{"type":"Feature","properties":{"id":198328265,"highway":"unclassified"},"geometry":{"type":"LineString","coordinates":[[139.583763,36.440077],[139.584012,36.440298],[139.584451,36.440622],[139.5845,36.440666],[139.584716,36.440853],[139.584809,36.440924]]}},{"type":"Feature","properties":{"id":198328274,"highway":"unclassified"},"geometry":{"type":"LineString","coordinates":[[139.572839,36.414777],[139.572552,36.414687],[139.572315,36.414637],[139.572141,36.41462],[139.571619,36.414614],[139.571398,36.414659]]}},{"type":"Feature","properties":{"id":198328277,"highway":"residential"},"geometry":{"type":"LineString","coordinates":[[139.520081,36.406699],[139.520081,36.406626],[139.520116,36.406411],[139.520243,36.405612],[139.520268,36.405398],[139.520257,36.405357],[139.520239,36.405317],[139.520139,36.405195]]}},{"type":"Feature","properties":{"id":198328279,"highway":"unclassified"},"geometry":{"type":"LineString","coordinates":[[139.587719,36.435218],[139.587862,36.435199],[139.58805,36.435176],[139.588154,36.435143],[139.588343,36.435036],[139.588567,36.434886]]}},{"type":"Feature","properties":{"id":198328289,"highway":"unclassified"},"geometry":{"type":"LineString","coordinates":[[139.501102,36.407371],[139.500286,36.407031],[139.500029,36.406952],[139.499667,36.40689],[139.499396,36.406823],[139.499329,36.406797]]}},{"type":"Feature","properties":{"id":198328292,"highway":"service"},"geometry":{"type":"LineString","coordinates":[[139.590174,36.415704],[139.59047,36.415241],[139.590599,36.415135],[139.590732,36.415109],[139.590837,36.415109],[139.591565,36.415372]]}},{"type":"Feature","properties":{"id":198328299,"highway":"residential"},"geometry":{"type":"LineString","coordinates":[[139.572779,36.453195],[139.572837,36.453273],[139.572977,36.453396],[139.573147,36.453524],[139.573252,36.453636],[139.573317,36.453695]]}},{"type":"Feature","properties":{"id":198328304,"highway":"residential"},"geometry":{"type":"LineString","coordinates":[[139.571742,36.40387],[139.572014,36.404173],[139.572108,36.404248]]}},{"type":"Feature","properties":{"id":198328305,"highway":"service"},"geometry":{"type":"LineString","coordinates":[[139.543418,36.443565],[139.543678,36.443483],[139.543771,36.443466],[139.543963,36.443457],[139.544286,36.443422],[139.544579,36.443364]]}},{"type":"Feature","properties":{"id":198328306,"highway":"residential"},"geometry":{"type":"LineString","coordinates":[[139.538066,36.401171],[139.53819,36.40109],[139.538256,36.401057],[139.538358,36.401001],[139.538403,36.400979],[139.538515,36.400932]]}},{"type":"Feature","properties":{"id":198328307,"highway":"residential"},"geometry":{"type":"LineString","coordinates":[[139.575598,36.408858],[139.575813,36.408527],[139.575828,36.408481],[139.575809,36.408451],[139.575324,36.408262]]}},{"type":"Feature","properties":{"id":198328308,"highway":"residential"},"geometry":{"type":"LineString","coordinates":[[139.514962,36.402951],[139.514831,36.402231],[139.514838,36.401939],[139.514913,36.40169],[139.514884,36.401577],[139.514842,36.401414]]}},{"type":"Feature","properties":{"id":198328310,"highway":"residential"},"geometry":{"type":"LineString","coordinates":[[139.536147,36.409413],[139.535783,36.409599],[139.535511,36.409673],[139.535302,36.409706],[139.535024,36.409706],[139.534849,36.409661]]}},{"type":"Feature","properties":{"id":198328311,"highway":"residential"},"geometry":{"type":"LineString","coordinates":[[139.508197,36.405692],[139.50826,36.405627],[139.50839,36.405491],[139.508557,36.405365],[139.508711,36.40522],[139.508679,36.40508]]}},{"type":"Feature","properties":{"id":198328312,"highway":"residential"},"geometry":{"type":"LineString","coordinates":[[139.506171,36.407368],[139.505938,36.407343],[139.505418,36.407241],[139.505156,36.407195]]}},{"type":"Feature","properties":{"id":198328315,"highway":"residential"},"geometry":{"type":"LineString","coordinates":[[139.503212,36.408913],[139.503329,36.408799],[139.503436,36.408657],[139.50359,36.408463],[139.503667,36.408366],[139.503715,36.408295],[139.503845,36.408022],[139.503858,36.407957],[139.503847,36.40791],[139.503794,36.40783],[139.503708,36.407761],[139.503179,36.407376]]}},{"type":"Feature","properties":{"id":198328316,"highway":"unclassified"},"geometry":{"type":"LineString","coordinates":[[139.574707,36.449283],[139.57459,36.449417],[139.57339,36.45068],[139.573202,36.450887],[139.572812,36.451299],[139.572751,36.451349]]}},{"type":"Feature","properties":{"id":198328320,"highway":"unclassified"},"geometry":{"type":"LineString","coordinates":[[139.563781,36.459663],[139.564037,36.459366],[139.564326,36.458908],[139.564484,36.458581],[139.56471,36.458116],[139.564786,36.457921],[139.564807,36.457831]]}},{"type":"Feature","properties":{"id":198328321,"highway":"unclassified"},"geometry":{"type":"LineString","coordinates":[[139.539983,36.433757],[139.539327,36.433917],[139.539153,36.433949]]}},{"type":"Feature","properties":{"id":198328322,"highway":"unclassified"},"geometry":{"type":"LineString","coordinates":[[139.594715,36.418248],[139.594617,36.418456],[139.594576,36.418586],[139.594576,36.41867],[139.59461,36.4188],[139.594701,36.419025]]}},{"type":"Feature","properties":{"id":198328324,"highway":"unclassified"},"geometry":{"type":"LineString","coordinates":[[139.574169,36.410845],[139.574223,36.41062],[139.574314,36.41023],[139.574342,36.410117],[139.574338,36.409948],[139.574246,36.409837]]}},{"type":"Feature","properties":{"id":198328327,"highway":"residential"},"geometry":{"type":"LineString","coordinates":[[139.544257,36.441074],[139.543985,36.441108],[139.543685,36.441119],[139.5436,36.441103],[139.543476,36.441085],[139.543358,36.44107]]}},{"type":"Feature","properties":{"id":198328332,"highway":"residential"},"geometry":{"type":"LineString","coordinates":[[139.593424,36.430333],[139.593518,36.430363],[139.593443,36.430765],[139.59334,36.430887],[139.593218,36.431213],[139.593018,36.431223],[139.5927,36.431727],[139.592671,36.43181],[139.592653,36.431901],[139.592653,36.431967],[139.592567,36.432247]]}},{"type":"Feature","properties":{"id":198328335,"highway":"residential"},"geometry":{"type":"LineString","coordinates":[[139.576255,36.403492],[139.57672,36.403475],[139.577101,36.403457],[139.577368,36.403457],[139.577545,36.40349],[139.577644,36.403595],[139.577686,36.403737]]}},{"type":"Feature","properties":{"id":198328336,"highway":"residential"},"geometry":{"type":"LineString","coordinates":[[139.576117,36.410805],[139.576167,36.410686],[139.576146,36.409842],[139.576256,36.409679],[139.576382,36.409312],[139.576558,36.408664],[139.576619,36.408363]]}},{"type":"Feature","properties":{"id":198328339,"highway":"unclassified"},"geometry":{"type":"LineString","coordinates":[[139.53689,36.400569],[139.536883,36.400552],[139.536716,36.400231],[139.536668,36.400073],[139.536563,36.399605],[139.536361,36.398921]]}},{"type":"Feature","properties":{"id":198328341,"highway":"service"},"geometry":{"type":"LineString","coordinates":[[139.510778,36.466094],[139.511082,36.466293],[139.511203,36.466381],[139.511468,36.466623],[139.51152,36.466624],[139.511635,36.466548],[139.511741,36.466512],[139.511928,36.466554],[139.512319,36.466723]]}},{"type":"Feature","properties":{"id":198328344,"highway":"residential"},"geometry":{"type":"LineString","coordinates":[[139.573156,36.405952],[139.572228,36.405888],[139.571886,36.405821],[139.571678,36.405802],[139.571357,36.405771]]}},{"type":"Feature","properties":{"id":198328346,"highway":"residential"},"geometry":{"type":"LineString","coordinates":[[139.576617,36.44715],[139.576472,36.447091],[139.5762,36.446978],[139.576095,36.446944],[139.575945,36.446868],[139.575562,36.446721]]}},{"type":"Feature","properties":{"id":198328351,"highway":"service"},"geometry":{"type":"LineString","coordinates":[[139.501815,36.494014],[139.501742,36.494048],[139.501616,36.494101],[139.501519,36.494132],[139.50136,36.494169],[139.501237,36.494188],[139.501095,36.494212]]}},{"type":"Feature","properties":{"id":198328358,"highway":"unclassified"},"geometry":{"type":"LineString","coordinates":[[139.537036,36.401612],[139.537036,36.401595],[139.537001,36.401421],[139.536988,36.401015],[139.53696,36.400822],[139.53689,36.400569]]}},{"type":"Feature","properties":{"id":198328359,"highway":"residential"},"geometry":{"type":"LineString","coordinates":[[139.568045,36.413787],[139.568096,36.413897],[139.568175,36.414023],[139.568245,36.414133],[139.56832,36.414229],[139.568431,36.414315]]}},{"type":"Feature","properties":{"id":198328361,"highway":"unclassified"},"geometry":{"type":"LineString","coordinates":[[139.577686,36.403737],[139.577707,36.403829],[139.577717,36.403958],[139.577793,36.404107],[139.577858,36.404232],[139.577942,36.404333]]}},{"type":"Feature","properties":{"id":198328366,"highway":"residential"},"geometry":{"type":"LineString","coordinates":[[139.590384,36.453828],[139.590573,36.453885],[139.590467,36.454314],[139.590401,36.454608],[139.590355,36.454808],[139.590301,36.455062]]}},{"type":"Feature","properties":{"id":198328368,"highway":"residential"},"geometry":{"type":"LineString","coordinates":[[139.522577,36.419808],[139.522673,36.419947],[139.522787,36.420061],[139.522873,36.420189],[139.522937,36.420296],[139.523017,36.420414],[139.523074,36.42055],[139.523146,36.420735],[139.523217,36.420883],[139.52331,36.421028],[139.523468,36.421184],[139.523604,36.421291],[139.523746,36.42142],[139.523874,36.421529],[139.523924,36.421605],[139.523954,36.421712],[139.523978,36.421888],[139.524018,36.42199],[139.524132,36.422047],[139.524332,36.42214],[139.524441,36.42219],[139.524592,36.422263],[139.524789,36.422343],[139.524971,36.422337],[139.525208,36.422281],[139.525375,36.422281],[139.525501,36.422331],[139.525591,36.422376],[139.525696,36.422466],[139.525849,36.422613],[139.526142,36.422624],[139.526191,36.422636],[139.526344,36.422737],[139.526407,36.422793],[139.526456,36.422872],[139.52649,36.423008],[139.526518,36.423182],[139.526553,36.423278],[139.526636,36.423424],[139.526636,36.423554],[139.526539,36.423785],[139.526455,36.423875],[139.526372,36.42392],[139.526233,36.423958],[139.52594,36.423998],[139.52587,36.424026],[139.525773,36.424111],[139.525661,36.424291],[139.525556,36.424522],[139.525487,36.424764],[139.525473,36.424854],[139.525487,36.424955],[139.525528,36.425113],[139.525556,36.425429],[139.525577,36.425587],[139.525591,36.425598],[139.525737,36.425909],[139.525779,36.426089],[139.525779,36.426348],[139.525749,36.426508]]}},{"type":"Feature","properties":{"id":198328373,"highway":"service"},"geometry":{"type":"LineString","coordinates":[[139.547157,36.479159],[139.546879,36.479272],[139.546644,36.479477],[139.546288,36.479815],[139.54593,36.480078],[139.54579,36.480103],[139.545506,36.480088],[139.545384,36.48003],[139.545218,36.479901],[139.545193,36.479818],[139.545509,36.479449],[139.545668,36.479349],[139.545843,36.479056],[139.545893,36.477987],[139.546028,36.477804],[139.546139,36.477734],[139.546293,36.477706],[139.54644,36.477728],[139.547101,36.478383],[139.547141,36.478722],[139.547157,36.479159],[139.547125,36.479245],[139.546998,36.479585],[139.54622,36.481141],[139.546357,36.481196]]}},{"type":"Feature","properties":{"id":198328374,"highway":"service"},"geometry":{"type":"LineString","coordinates":[[139.508237,36.49568],[139.508246,36.495678],[139.508372,36.49566],[139.508504,36.495666],[139.508623,36.495694],[139.508665,36.495735],[139.508699,36.49579],[139.508728,36.495886],[139.508776,36.496349],[139.508839,36.496591],[139.50886,36.496614],[139.508895,36.496698],[139.509132,36.497025],[139.509542,36.497436],[139.509618,36.497532],[139.509674,36.49765],[139.509674,36.497825],[139.509605,36.497999],[139.5095,36.498253],[139.509451,36.498399],[139.509451,36.498771],[139.509465,36.498923],[139.509507,36.49903],[139.509577,36.499132],[139.509835,36.499351],[139.509883,36.499408],[139.509967,36.499537],[139.51003,36.499689],[139.510085,36.499757],[139.510644,36.49996],[139.510707,36.499971],[139.510887,36.500044],[139.511062,36.500067],[139.511244,36.500067],[139.511355,36.499977],[139.511466,36.499853],[139.511529,36.499808],[139.511662,36.499779],[139.511912,36.499779],[139.512031,36.499802],[139.512107,36.499836],[139.512274,36.499971],[139.512331,36.500033],[139.512387,36.500078],[139.512442,36.500101],[139.512547,36.500095],[139.512658,36.500044],[139.512756,36.499948],[139.512874,36.499791],[139.512958,36.499538],[139.513,36.49947],[139.51307,36.499413],[139.513244,36.499368],[139.513363,36.499374],[139.513411,36.499402],[139.513474,36.499464],[139.513516,36.499549],[139.513572,36.499729],[139.513627,36.499869],[139.513711,36.499999],[139.513809,36.500084],[139.513822,36.500088]]}},{"type":"Feature","properties":{"id":198328376,"highway":"unclassified"},"geometry":{"type":"LineString","coordinates":[[139.521584,36.432434],[139.521639,36.432421],[139.521806,36.432421],[139.521911,36.432488],[139.521973,36.432683],[139.522008,36.432792],[139.522085,36.433005],[139.522178,36.433162],[139.522323,36.433272],[139.522451,36.433301],[139.522538,36.433232],[139.522573,36.433127],[139.522631,36.43304],[139.52273,36.432976],[139.522876,36.432889],[139.522986,36.432784],[139.523091,36.432646],[139.523201,36.432495],[139.523364,36.432373],[139.523515,36.43228],[139.523713,36.432205],[139.523893,36.432211],[139.524079,36.432263],[139.524184,36.43228],[139.524306,36.432222],[139.524503,36.432135],[139.524672,36.432094],[139.524841,36.432094],[139.525027,36.432106],[139.525201,36.432164],[139.525323,36.432234],[139.525451,36.432315],[139.525624,36.432448],[139.525763,36.43257],[139.525897,36.432628],[139.526042,36.432645],[139.526222,36.432645],[139.526438,36.43261],[139.526589,36.432587],[139.52675,36.432506],[139.526896,36.432436],[139.527024,36.432343],[139.527175,36.432227],[139.527274,36.432111],[139.527378,36.432047],[139.527535,36.431914],[139.527716,36.431803],[139.527832,36.431618],[139.527897,36.431356],[139.527967,36.431203],[139.52809,36.431011],[139.528182,36.430884],[139.528287,36.43082],[139.528462,36.430768],[139.528688,36.430721],[139.528868,36.430657],[139.529015,36.430544],[139.529202,36.430428],[139.5293,36.430358],[139.529433,36.430315],[139.529554,36.430326],[139.52968,36.430372]]}},{"type":"Feature","properties":{"id":198328377,"highway":"service"},"geometry":{"type":"LineString","coordinates":[[139.502936,36.498768],[139.503005,36.499053],[139.50313,36.499374],[139.503172,36.499458],[139.503298,36.499599],[139.503451,36.499734],[139.503583,36.499824],[139.503751,36.499881],[139.503862,36.499892],[139.50396,36.499864],[139.504016,36.499813],[139.504043,36.499751],[139.504043,36.499319],[139.504043,36.499218],[139.504094,36.499138],[139.504167,36.499103],[139.504301,36.499103],[139.504427,36.499137],[139.50465,36.499239],[139.504949,36.499408],[139.505326,36.499565],[139.505388,36.499582],[139.505542,36.499582],[139.505699,36.499447],[139.505791,36.499323],[139.505884,36.499273],[139.505997,36.499278],[139.506197,36.499346],[139.506427,36.499436],[139.506824,36.499622],[139.507082,36.499723],[139.507215,36.499746],[139.507521,36.499751],[139.507696,36.499706],[139.507759,36.499667],[139.5078,36.49961],[139.507807,36.499565],[139.507528,36.499334],[139.507452,36.499261],[139.507333,36.499121],[139.507291,36.49903],[139.507291,36.498901],[139.507313,36.498856],[139.507382,36.498777],[139.507459,36.498732],[139.507591,36.498692],[139.507717,36.498659],[139.507807,36.498608],[139.507842,36.498563],[139.507891,36.498439],[139.507912,36.498185],[139.507947,36.498078],[139.508086,36.49783],[139.508079,36.497751],[139.508016,36.497689],[139.507933,36.497656],[139.507424,36.497515],[139.507313,36.49747],[139.507222,36.497413],[139.507164,36.497341],[139.507173,36.497278],[139.507194,36.497253]]}},{"type":"Feature","properties":{"id":198328381,"highway":"service"},"geometry":{"type":"LineString","coordinates":[[139.544811,36.486226],[139.545027,36.486265],[139.545132,36.486265],[139.545257,36.486186],[139.54532,36.486085],[139.545445,36.48582],[139.545524,36.48566],[139.545631,36.485612],[139.545695,36.485608],[139.545763,36.485625],[139.545783,36.485651],[139.5458,36.485697],[139.545807,36.485734],[139.545801,36.485773],[139.545612,36.486108],[139.545389,36.486457],[139.545363,36.486521],[139.545362,36.486575],[139.545387,36.486617],[139.545459,36.486654],[139.545564,36.486654],[139.545633,36.486586],[139.54578,36.486322],[139.545863,36.486164],[139.545947,36.486057],[139.546017,36.486001],[139.546079,36.485986],[139.546155,36.485989],[139.546246,36.486009],[139.546329,36.486052],[139.546408,36.486153],[139.546686,36.486716],[139.546833,36.486885],[139.54714,36.487144],[139.547293,36.487336],[139.547572,36.487735],[139.547698,36.487887],[139.547851,36.488022],[139.548358,36.488365],[139.548471,36.48836],[139.548563,36.488299],[139.548577,36.488246],[139.548574,36.488175],[139.54854,36.487947],[139.548551,36.487889],[139.548587,36.487864],[139.548661,36.487853],[139.548723,36.487887],[139.548758,36.487941],[139.548799,36.48823],[139.548869,36.488461],[139.548896,36.488653],[139.548933,36.488738],[139.54901,36.488742],[139.549064,36.488702],[139.549082,36.488602],[139.549066,36.488361],[139.549093,36.488214],[139.549286,36.48801],[139.549323,36.487951],[139.549321,36.487893],[139.549303,36.487859],[139.549281,36.487847]]}},{"type":"Feature","properties":{"id":198328385,"highway":"service"},"geometry":{"type":"LineString","coordinates":[[139.558885,36.483719],[139.558866,36.483875],[139.558838,36.483982],[139.558795,36.484078],[139.558738,36.484152],[139.558671,36.484223],[139.558582,36.48428],[139.558478,36.48433],[139.558375,36.484376],[139.558311,36.484422],[139.558279,36.484476],[139.558265,36.484532],[139.558269,36.484593],[139.558286,36.484646],[139.558333,36.484664],[139.558404,36.484671],[139.558503,36.484673],[139.558564,36.484687],[139.558582,36.484712],[139.558571,36.484751],[139.558532,36.484779],[139.558464,36.484818],[139.558411,36.484868],[139.558379,36.484928],[139.558379,36.484982],[139.558404,36.485028],[139.558443,36.485042],[139.558486,36.485039],[139.558549,36.48501],[139.558678,36.484907],[139.558788,36.484822],[139.558866,36.484815],[139.55893,36.484822],[139.558966,36.484833],[139.558976,36.484861],[139.558966,36.484904],[139.558902,36.484953],[139.558784,36.485046],[139.558724,36.485118],[139.558703,36.485178],[139.558699,36.485224],[139.558717,36.485267],[139.558749,36.485295],[139.558803,36.485292],[139.558873,36.48526],[139.558991,36.485181],[139.55914,36.485075],[139.559236,36.485032],[139.559325,36.485011],[139.559382,36.485018],[139.55941,36.485036],[139.559414,36.485068],[139.559396,36.4851],[139.559318,36.485181],[139.559076,36.485391],[139.559055,36.485427],[139.559058,36.485459],[139.559073,36.485498],[139.559115,36.485519],[139.559179,36.485515],[139.559304,36.485469],[139.559595,36.485366],[139.559979,36.48527],[139.560608,36.485107],[139.561294,36.484972]]}},{"type":"Feature","properties":{"id":198328386,"highway":"residential"},"geometry":{"type":"LineString","coordinates":[[139.591373,36.451557],[139.591115,36.451406],[139.590937,36.451362],[139.590776,36.451312],[139.590635,36.451282],[139.590558,36.451259],[139.59053,36.451249],[139.590181,36.451152],[139.59007,36.451136],[139.589916,36.451094],[139.589694,36.45104],[139.589471,36.451006],[139.589331,36.450977],[139.589122,36.450984],[139.588927,36.451034],[139.588746,36.451029],[139.588406,36.450947],[139.588289,36.450906],[139.588225,36.450937],[139.588209,36.451006],[139.588216,36.451147],[139.588286,36.451367],[139.588334,36.451437],[139.588391,36.451499],[139.588456,36.451591],[139.588551,36.451677],[139.588645,36.451772],[139.588723,36.451854],[139.588767,36.451947],[139.588767,36.452002],[139.588662,36.452409],[139.588627,36.452477],[139.588611,36.452545],[139.588558,36.452572],[139.588432,36.452595],[139.588028,36.452612],[139.587982,36.45271],[139.587858,36.452876],[139.587776,36.453005],[139.587681,36.453135],[139.587561,36.453281],[139.587484,36.453369],[139.587372,36.453505],[139.587277,36.453641],[139.587194,36.453783],[139.587106,36.453954],[139.587023,36.45406],[139.58694,36.454196],[139.586858,36.454308],[139.586769,36.454414],[139.586681,36.454549],[139.586592,36.454662],[139.586502,36.454798],[139.586481,36.454831],[139.586418,36.455006],[139.586411,36.455502],[139.586397,36.45553],[139.586363,36.455582],[139.586304,36.455658],[139.58624,36.455718],[139.586187,36.455766],[139.586055,36.455916],[139.585999,36.455975]]}},{"type":"Feature","properties":{"id":198328565,"highway":"unclassified"},"geometry":{"type":"LineString","coordinates":[[139.561578,36.437685],[139.561664,36.437614],[139.561684,36.437554],[139.561573,36.437255],[139.561601,36.437109],[139.561616,36.437062],[139.561895,36.437005],[139.561935,36.436978],[139.562002,36.436697],[139.56222,36.436463],[139.562267,36.436376],[139.562229,36.436319],[139.562164,36.436261],[139.561999,36.436086],[139.561969,36.436041],[139.561969,36.435919],[139.561989,36.435791],[139.562005,36.435675],[139.561723,36.435497],[139.56148,36.435216],[139.561469,36.435147],[139.561417,36.434982],[139.5614,36.434873],[139.561293,36.434787],[139.561194,36.434738],[139.561013,36.434666],[139.560746,36.434369],[139.560588,36.434066],[139.560525,36.433892],[139.560504,36.4337],[139.560477,36.433604],[139.5604,36.433446],[139.560261,36.433249],[139.560077,36.432982],[139.560063,36.432924],[139.560079,36.432851],[139.560107,36.432726],[139.560121,36.432494]]}},{"type":"Feature","properties":{"id":198328570,"highway":"service"},"geometry":{"type":"LineString","coordinates":[[139.549281,36.487847],[139.549096,36.487742],[139.548982,36.487695],[139.548927,36.487661],[139.54887,36.487609],[139.548834,36.487533],[139.548792,36.487431],[139.548758,36.487321],[139.548741,36.487256],[139.548724,36.487164],[139.54874,36.487115],[139.548826,36.487073],[139.548916,36.487091],[139.549008,36.487212],[139.549085,36.487392],[139.549113,36.487477],[139.549154,36.487533],[139.549273,36.487601],[139.549391,36.487623],[139.550263,36.487657],[139.550639,36.487679],[139.550764,36.487713],[139.55082,36.487775],[139.55082,36.487853],[139.550729,36.487938],[139.550576,36.488028],[139.550444,36.488084],[139.550069,36.488199],[139.54996,36.488245],[139.549877,36.488308],[139.549828,36.488395],[139.54982,36.488479],[139.549904,36.488587],[139.549991,36.488613],[139.550081,36.488613],[139.550234,36.488535],[139.55036,36.488399],[139.550451,36.488348],[139.550555,36.488343],[139.55089,36.488506],[139.551001,36.488506],[139.551071,36.488427],[139.551099,36.48832],[139.551127,36.488168],[139.551196,36.488084],[139.551301,36.488033],[139.551378,36.488017],[139.551629,36.488028],[139.551664,36.488028],[139.551726,36.487983],[139.551782,36.487887],[139.551852,36.487753],[139.551908,36.487702],[139.552019,36.487634],[139.552075,36.487584],[139.552124,36.487488],[139.552158,36.487437],[139.552235,36.487263],[139.552291,36.487043],[139.55234,36.486947],[139.55239,36.486923],[139.552471,36.486893],[139.552591,36.486885],[139.552946,36.486857],[139.553155,36.486834],[139.55335,36.486823],[139.553684,36.486778]]}},{"type":"Feature","properties":{"id":198328571,"highway":"service"},"geometry":{"type":"LineString","coordinates":[[139.496758,36.502702],[139.49685,36.502635],[139.496898,36.502545],[139.49691,36.502447],[139.496925,36.50237],[139.496927,36.502125],[139.496953,36.501999],[139.497093,36.501729],[139.49717,36.50162],[139.497295,36.501474],[139.497393,36.501322],[139.497413,36.501249],[139.497435,36.501057],[139.497448,36.500664],[139.497497,36.500467],[139.497623,36.500185],[139.497783,36.49996],[139.497915,36.499808],[139.498077,36.499667],[139.498292,36.499537],[139.498368,36.499509],[139.498447,36.499494],[139.498515,36.49951],[139.49861,36.499591],[139.49878,36.499779],[139.498913,36.499836],[139.499032,36.499841],[139.499088,36.499824],[139.499129,36.499791],[139.499157,36.499718],[139.499157,36.499515],[139.499175,36.499429],[139.499207,36.499393],[139.49925,36.499384],[139.499303,36.499398],[139.499457,36.499486],[139.499659,36.499554],[139.499715,36.499554],[139.499854,36.499436],[139.499987,36.499289],[139.500091,36.499216],[139.500426,36.499126],[139.500565,36.499098],[139.500628,36.499064],[139.50067,36.499024],[139.500667,36.498897],[139.500645,36.49875],[139.500681,36.498692],[139.500794,36.498629],[139.500976,36.498625],[139.501158,36.498737],[139.501318,36.498856],[139.501464,36.499008],[139.501527,36.499047],[139.501645,36.499075],[139.501848,36.499092],[139.501931,36.499024],[139.50205,36.498889],[139.502154,36.498754],[139.502294,36.498642],[139.502412,36.498574],[139.502642,36.498501],[139.502733,36.498501],[139.502816,36.498551],[139.502872,36.498602],[139.502921,36.498709],[139.502936,36.498768]]}},{"type":"Feature","properties":{"id":198328578,"highway":"service"},"geometry":{"type":"LineString","coordinates":[[139.521617,36.465731],[139.521705,36.465813],[139.521741,36.46587],[139.521746,36.465927],[139.52172,36.465952],[139.521653,36.465958],[139.52156,36.465927],[139.521463,36.465901],[139.521349,36.465875],[139.521194,36.465844],[139.521024,36.465818],[139.520874,36.465772],[139.520735,36.465731],[139.520611,36.465689],[139.520497,36.465664],[139.520409,36.465653],[139.520373,36.465684],[139.520379,36.465715],[139.520404,36.465741],[139.520487,36.465787],[139.520595,36.465834],[139.520683,36.465865],[139.520853,36.465937],[139.521008,36.465999],[139.521168,36.466091],[139.521261,36.466143],[139.521364,36.46621],[139.521478,36.466313],[139.521576,36.466406],[139.5217,36.466499],[139.521761,36.466561],[139.521834,36.466623],[139.521958,36.466679],[139.522107,36.466694],[139.522221,36.466715],[139.522293,36.466787],[139.52236,36.466859],[139.522484,36.466906],[139.522587,36.466942],[139.522721,36.466968],[139.522819,36.466999],[139.522938,36.467045],[139.523047,36.467107],[139.523103,36.467184],[139.523139,36.467298],[139.523136,36.467488],[139.523106,36.467601],[139.523033,36.467725],[139.522971,36.467823],[139.522946,36.467916],[139.522966,36.468019],[139.523018,36.468091],[139.523121,36.468153],[139.523276,36.46822],[139.52343,36.468292],[139.523528,36.4684],[139.523585,36.468483],[139.523632,36.468586],[139.523673,36.468689],[139.523719,36.468807],[139.523781,36.469022],[139.523776,36.46914],[139.523745,36.469269],[139.523683,36.469402],[139.523621,36.469577],[139.523564,36.469753],[139.523513,36.469974],[139.523415,36.470216],[139.523373,36.470306]]}},{"type":"Feature","properties":{"id":198328580,"highway":"residential"},"geometry":{"type":"LineString","coordinates":[[139.520583,36.404562],[139.520791,36.404541],[139.52132,36.404598],[139.521606,36.404643],[139.521766,36.404665],[139.521969,36.404704],[139.5221,36.404738]]}},{"type":"Feature","properties":{"id":198328581,"highway":"residential"},"geometry":{"type":"LineString","coordinates":[[139.50225,36.417221],[139.502103,36.417498],[139.501964,36.417791],[139.501832,36.418021],[139.501734,36.418162],[139.501658,36.418433],[139.501651,36.418472]]}},{"type":"Feature","properties":{"id":198328585,"highway":"residential"},"geometry":{"type":"LineString","coordinates":[[139.507568,36.404076],[139.507619,36.404141],[139.507657,36.404187],[139.507842,36.404386],[139.507906,36.404464],[139.50806,36.404655],[139.508214,36.404778],[139.508679,36.40508]]}},{"type":"Feature","properties":{"id":198328586,"highway":"residential"},"geometry":{"type":"LineString","coordinates":[[139.589249,36.437523],[139.589083,36.437524],[139.588929,36.437521],[139.58891,36.437474],[139.588802,36.437317],[139.588621,36.437076],[139.588445,36.436832]]}},{"type":"Feature","properties":{"id":198328587,"highway":"residential"},"geometry":{"type":"LineString","coordinates":[[139.586593,36.431936],[139.586781,36.431998],[139.586907,36.432026],[139.586942,36.432043],[139.587004,36.432054],[139.587381,36.432178],[139.58762,36.432283]]}},{"type":"Feature","properties":{"id":198328588,"highway":"service"},"geometry":{"type":"LineString","coordinates":[[139.577686,36.403737],[139.57811,36.403627],[139.578518,36.40359]]}},{"type":"Feature","properties":{"id":198328589,"highway":"residential"},"geometry":{"type":"LineString","coordinates":[[139.526369,36.400434],[139.526125,36.400564],[139.526014,36.400597],[139.525784,36.400597],[139.525569,36.400536],[139.525269,36.400536],[139.525019,36.400564]]}},{"type":"Feature","properties":{"id":198328594,"highway":"residential"},"geometry":{"type":"LineString","coordinates":[[139.593977,36.445693],[139.593773,36.445638],[139.593612,36.445605],[139.593397,36.445566],[139.593211,36.445539],[139.592941,36.445522],[139.592738,36.445522],[139.592553,36.445602],[139.592511,36.445621]]}},{"type":"Feature","properties":{"id":198328595,"highway":"residential"},"geometry":{"type":"LineString","coordinates":[[139.597801,36.415876],[139.597757,36.415865],[139.597624,36.41582],[139.597433,36.415702],[139.597351,36.415646],[139.597219,36.415555],[139.597164,36.415501]]}},{"type":"Feature","properties":{"id":198328598,"highway":"residential"},"geometry":{"type":"LineString","coordinates":[[139.569857,36.4157],[139.569825,36.415602],[139.569759,36.415432],[139.569657,36.415168],[139.569492,36.414946],[139.569418,36.414816],[139.569454,36.414694],[139.569421,36.414628]]}},{"type":"Feature","properties":{"id":198328605,"highway":"residential"},"geometry":{"type":"LineString","coordinates":[[139.504486,36.406323],[139.504615,36.406412],[139.504702,36.40647],[139.504939,36.406634],[139.505063,36.406743],[139.50513,36.406841],[139.505147,36.406994],[139.505156,36.407195],[139.505143,36.407346],[139.505085,36.407526],[139.504962,36.407783],[139.504887,36.407981],[139.504855,36.408221],[139.504816,36.408314],[139.504766,36.40841],[139.5047,36.408473],[139.50437,36.408407],[139.504125,36.408347],[139.503941,36.408322],[139.503715,36.408295]]}},{"type":"Feature","properties":{"id":198328606,"highway":"residential"},"geometry":{"type":"LineString","coordinates":[[139.578472,36.443689],[139.578367,36.443666],[139.578117,36.44361],[139.577998,36.44357],[139.577668,36.443477],[139.577232,36.443356]]}},{"type":"Feature","properties":{"id":198328608,"highway":"residential"},"geometry":{"type":"LineString","coordinates":[[139.52068,36.406456],[139.520531,36.406524],[139.52044,36.406556],[139.520394,36.406586],[139.520283,36.40662],[139.520222,36.40665],[139.520081,36.406699]]}},{"type":"Feature","properties":{"id":198328615,"highway":"service"},"geometry":{"type":"LineString","coordinates":[[139.567066,36.477234],[139.567084,36.477455],[139.567185,36.477704],[139.567345,36.477972],[139.567441,36.478132],[139.567518,36.478349],[139.567652,36.47879]]}},{"type":"Feature","properties":{"id":198328620,"highway":"unclassified"},"geometry":{"type":"LineString","coordinates":[[139.570341,36.417015],[139.570435,36.417053],[139.570553,36.417205],[139.570665,36.417385],[139.570742,36.417559],[139.570784,36.417706],[139.570819,36.417903]]}},{"type":"Feature","properties":{"id":198328622,"highway":"residential"},"geometry":{"type":"LineString","coordinates":[[139.5224,36.404051],[139.522469,36.403985],[139.522544,36.403916],[139.522612,36.403848],[139.522647,36.40381],[139.52268,36.403763],[139.522719,36.403688]]}},{"type":"Feature","properties":{"id":198328625,"highway":"unclassified"},"geometry":{"type":"LineString","coordinates":[[139.594268,36.420973],[139.594392,36.420722],[139.594458,36.420594],[139.594527,36.420429],[139.594561,36.420302],[139.594606,36.420116],[139.594692,36.419808]]}},{"type":"Feature","properties":{"id":198328628,"highway":"unclassified"},"geometry":{"type":"LineString","coordinates":[[139.566578,36.455378],[139.566562,36.455446],[139.566567,36.455604],[139.566567,36.455856],[139.566588,36.45611],[139.566595,36.456785],[139.566616,36.457343]]}},{"type":"Feature","properties":{"id":198328634,"highway":"unclassified"},"geometry":{"type":"LineString","coordinates":[[139.504847,36.401285],[139.504968,36.400928],[139.505188,36.400786]]}},{"type":"Feature","properties":{"id":198328637,"highway":"service"},"geometry":{"type":"LineString","coordinates":[[139.574257,36.444401],[139.573257,36.444518],[139.573095,36.444547],[139.572976,36.444579],[139.572936,36.444608],[139.572904,36.444655],[139.572825,36.444733]]}},{"type":"Feature","properties":{"id":198328648,"highway":"unclassified"},"geometry":{"type":"LineString","coordinates":[[139.501411,36.402701],[139.50055,36.402734],[139.50047,36.402725],[139.50041,36.402707],[139.500314,36.402666],[139.500142,36.40255],[139.50006,36.402521],[139.499915,36.402505],[139.499822,36.40249],[139.499478,36.402334],[139.49942,36.402315],[139.499348,36.40232],[139.49917,36.402325]]}},{"type":"Feature","properties":{"id":198328654,"highway":"residential"},"geometry":{"type":"LineString","coordinates":[[139.596141,36.435526],[139.595951,36.435309],[139.595752,36.435134],[139.595565,36.434966],[139.595439,36.434882],[139.595366,36.434864],[139.59525,36.434874]]}},{"type":"Feature","properties":{"id":198328668,"highway":"residential"},"geometry":{"type":"LineString","coordinates":[[139.591259,36.458536],[139.591193,36.458473],[139.591123,36.458377],[139.591067,36.458301],[139.591021,36.45822],[139.590996,36.458173],[139.590941,36.458064]]}},{"type":"Feature","properties":{"id":198328678,"highway":"service"},"geometry":{"type":"LineString","coordinates":[[139.562409,36.459617],[139.563311,36.460159]]}},{"type":"Feature","properties":{"id":198328680,"highway":"unclassified"},"geometry":{"type":"LineString","coordinates":[[139.571487,36.417813],[139.571662,36.417785],[139.571864,36.417768],[139.572044,36.418432],[139.571884,36.418466],[139.571662,36.4185],[139.571612,36.418511]]}},{"type":"Feature","properties":{"id":198328682,"highway":"unclassified"},"geometry":{"type":"LineString","coordinates":[[139.568752,36.404402],[139.568863,36.404316],[139.568947,36.404299],[139.569696,36.404492],[139.570462,36.404492],[139.570772,36.404442],[139.571069,36.404434]]}},{"type":"Feature","properties":{"id":198328683,"highway":"residential"},"geometry":{"type":"LineString","coordinates":[[139.564446,36.40177],[139.564243,36.401844],[139.563944,36.401994],[139.563771,36.402017],[139.563527,36.402035],[139.563331,36.402007]]}},{"type":"Feature","properties":{"id":198328684,"highway":"residential"},"geometry":{"type":"LineString","coordinates":[[139.563623,36.419808],[139.563738,36.419912],[139.563856,36.419983],[139.564023,36.420078],[139.564285,36.420211]]}},{"type":"Feature","properties":{"id":198328691,"highway":"unclassified"},"geometry":{"type":"LineString","coordinates":[[139.584321,36.439486],[139.584295,36.439414],[139.584258,36.439351],[139.584028,36.439075],[139.583986,36.438962],[139.583993,36.438804],[139.584049,36.438585]]}},{"type":"Feature","properties":{"id":198328693,"highway":"residential"},"geometry":{"type":"LineString","coordinates":[[139.578518,36.40359],[139.578492,36.403499],[139.578383,36.403354],[139.578319,36.403168],[139.578259,36.40298],[139.578173,36.402592],[139.578143,36.402512],[139.578084,36.402426]]}},{"type":"Feature","properties":{"id":198328694,"highway":"residential"},"geometry":{"type":"LineString","coordinates":[[139.500695,36.411161],[139.500561,36.411118],[139.500483,36.411088],[139.500391,36.411007]]}},{"type":"Feature","properties":{"id":198328695,"highway":"unclassified"},"geometry":{"type":"LineString","coordinates":[[139.593775,36.418986],[139.593719,36.418986],[139.593566,36.419019],[139.593545,36.419036],[139.593496,36.419053],[139.593176,36.419223],[139.593009,36.419346]]}},{"type":"Feature","properties":{"id":198328697,"highway":"residential"},"geometry":{"type":"LineString","coordinates":[[139.588039,36.431735],[139.588112,36.431674],[139.588197,36.431609],[139.588245,36.43157],[139.588364,36.43153],[139.58874,36.431519],[139.588789,36.431519]]}},{"type":"Feature","properties":{"id":198328698,"highway":"unclassified"},"geometry":{"type":"LineString","coordinates":[[139.583763,36.440077],[139.583938,36.440026],[139.584098,36.439886],[139.584216,36.439745],[139.584298,36.439619],[139.584322,36.43956],[139.584321,36.439486]]}},{"type":"Feature","properties":{"id":198328703,"highway":"service"},"geometry":{"type":"LineString","coordinates":[[139.54251,36.431022],[139.542387,36.431101],[139.542218,36.431224],[139.542037,36.43134],[139.541815,36.431501],[139.541675,36.431772],[139.541287,36.43201]]}},{"type":"Feature","properties":{"id":198328707,"highway":"unclassified"},"geometry":{"type":"LineString","coordinates":[[139.541838,36.432961],[139.541426,36.433248],[139.541277,36.433335],[139.541107,36.433417],[139.540871,36.433517],[139.540709,36.433568],[139.540444,36.433634]]}},{"type":"Feature","properties":{"id":198328708,"highway":"unclassified"},"geometry":{"type":"LineString","coordinates":[[139.595607,36.425603],[139.595355,36.426315],[139.595242,36.426586],[139.595097,36.426884],[139.594054,36.429106]]}},{"type":"Feature","properties":{"id":198328710,"highway":"service"},"geometry":{"type":"LineString","coordinates":[[139.56886,36.447851],[139.568733,36.447873],[139.568621,36.447883],[139.568485,36.447898],[139.568368,36.44791],[139.568305,36.447985],[139.568237,36.448087],[139.568144,36.448253],[139.568003,36.448452],[139.567894,36.448702],[139.567826,36.448906],[139.567753,36.449077],[139.567684,36.449209],[139.567534,36.449384],[139.567389,36.449514],[139.567273,36.449582],[139.567151,36.449624],[139.56701,36.44965],[139.566908,36.44964],[139.566786,36.449616],[139.566655,36.449567],[139.566523,36.449562],[139.56642,36.449586],[139.566314,36.449669],[139.566235,36.449761],[139.566129,36.449917],[139.566021,36.450029],[139.565904,36.450126],[139.565778,36.450184],[139.565651,36.450212],[139.565529,36.450212],[139.565378,36.450199],[139.565237,36.450159],[139.56511,36.450106],[139.564979,36.450052],[139.564887,36.450029],[139.56475,36.450042],[139.564633,36.450101],[139.564609,36.450217],[139.564614,36.450359],[139.564663,36.450481],[139.564692,36.450559],[139.564738,36.450806],[139.564787,36.450966],[139.564831,36.451146],[139.564865,36.451253],[139.56485,36.451311],[139.564826,36.451399],[139.564753,36.451511],[139.564592,36.451671],[139.564495,36.451783],[139.564344,36.451924],[139.56431,36.45204],[139.56431,36.452152],[139.56432,36.452322],[139.564359,36.452385],[139.564433,36.452404],[139.564519,36.452409],[139.564613,36.452414],[139.564675,36.452434],[139.56472,36.452482],[139.564729,36.452579],[139.56472,36.452682],[139.564686,36.452818],[139.564642,36.452944],[139.564579,36.45309],[139.564515,36.453226],[139.564457,36.453338],[139.564379,36.45345],[139.564306,36.453533]]}},{"type":"Feature","properties":{"id":198328715,"highway":"residential"},"geometry":{"type":"LineString","coordinates":[[139.558618,36.4275],[139.558971,36.427485],[139.559088,36.4275],[139.559179,36.42751],[139.559292,36.42751],[139.55936,36.427479],[139.559491,36.427421],[139.559618,36.427374],[139.559712,36.427343],[139.559766,36.427333],[139.559933,36.427316],[139.560317,36.427327],[139.5605,36.427347],[139.560614,36.427392],[139.560758,36.427467],[139.560861,36.427536],[139.560954,36.427625],[139.56104,36.427707],[139.561119,36.427814],[139.561192,36.427921],[139.561288,36.428048],[139.56134,36.428137],[139.561391,36.428227],[139.561479,36.428429],[139.561558,36.428584],[139.561651,36.428738],[139.561727,36.428838],[139.561809,36.428958],[139.561888,36.429075],[139.561968,36.429203],[139.562051,36.429345],[139.56214,36.429518],[139.562213,36.429654],[139.562288,36.429783],[139.562391,36.429875],[139.562541,36.429963],[139.562682,36.430014],[139.562809,36.430066],[139.562967,36.430114],[139.563119,36.430162],[139.563277,36.430214],[139.563421,36.430241],[139.563394,36.430169],[139.563315,36.430079],[139.563236,36.429987],[139.563188,36.429911],[139.563167,36.429853],[139.563153,36.429768],[139.56316,36.429638],[139.563216,36.429469],[139.563209,36.429424],[139.563139,36.4293],[139.563074,36.429196],[139.563028,36.429143],[139.562868,36.428882],[139.562778,36.42876],[139.562733,36.428698],[139.562706,36.42866],[139.562647,36.428643],[139.562568,36.428626],[139.562482,36.428605],[139.562392,36.428581],[139.562285,36.428548],[139.562199,36.428514],[139.562144,36.428476],[139.562096,36.428417],[139.562072,36.428352],[139.562051,36.428266],[139.562048,36.42816],[139.562027,36.428057],[139.561986,36.427974],[139.561934,36.42785],[139.561889,36.427743],[139.56182,36.427608],[139.561792,36.42755]]}},{"type":"Feature","properties":{"id":198328718,"highway":"residential"},"geometry":{"type":"LineString","coordinates":[[139.518767,36.475878],[139.518608,36.475719],[139.518506,36.475561],[139.518412,36.475383],[139.518344,36.475221],[139.518272,36.475077],[139.518196,36.474952],[139.518098,36.474831],[139.518056,36.474756],[139.517992,36.474669],[139.517897,36.474582],[139.517756,36.474523],[139.517627,36.474477],[139.517434,36.474458],[139.517234,36.474485],[139.517071,36.474485],[139.516996,36.474489],[139.516878,36.474383],[139.516837,36.474292],[139.516749,36.47416],[139.516636,36.474032],[139.516538,36.473896],[139.516374,36.473742],[139.51626,36.473643],[139.516192,36.47356],[139.516139,36.47347],[139.516116,36.473338],[139.516067,36.473239],[139.516041,36.473152],[139.516003,36.473077],[139.515943,36.473001],[139.51584,36.472937],[139.515704,36.472858],[139.515575,36.472808],[139.515462,36.472763],[139.515322,36.472748],[139.515155,36.472699],[139.515053,36.472654],[139.514885,36.472542],[139.514765,36.472454],[139.51462,36.472344],[139.514525,36.472274],[139.514465,36.472224],[139.514477,36.472179],[139.514525,36.47216],[139.514643,36.472183],[139.51478,36.472259],[139.514852,36.472304],[139.514938,36.472372],[139.515048,36.472413],[139.51515,36.472406],[139.515317,36.472413],[139.515445,36.472406],[139.515592,36.472409],[139.515747,36.472394],[139.515888,36.472402],[139.515979,36.472421],[139.516089,36.472481],[139.516157,36.472538],[139.516278,36.472629],[139.516403,36.472731],[139.516471,36.472803],[139.516552,36.472839],[139.516597,36.472825],[139.516609,36.472738],[139.516567,36.472636],[139.516488,36.472493],[139.516408,36.472372],[139.516329,36.472274],[139.516257,36.472191],[139.516185,36.472115],[139.516108,36.472047],[139.51598,36.471986],[139.515822,36.471934],[139.51573,36.471907],[139.515567,36.471839],[139.515403,36.471757]]}},{"type":"Feature","properties":{"id":198328722,"highway":"residential"},"geometry":{"type":"LineString","coordinates":[[139.597197,36.417637],[139.597483,36.417384],[139.598205,36.416641],[139.598416,36.416415],[139.598597,36.416242],[139.598715,36.416116],[139.598794,36.416033],[139.598822,36.415983]]}},{"type":"Feature","properties":{"id":198328726,"highway":"service"},"geometry":{"type":"LineString","coordinates":[[139.583741,36.424536],[139.582914,36.425217],[139.582874,36.425296],[139.58289,36.425383],[139.582938,36.425423],[139.583025,36.425434],[139.583096,36.425431],[139.583266,36.425318]]}},{"type":"Feature","properties":{"id":198328728,"highway":"residential"},"geometry":{"type":"LineString","coordinates":[[139.582725,36.437767],[139.582883,36.437866],[139.582994,36.437949],[139.583086,36.438036],[139.583206,36.438119],[139.583326,36.438198],[139.583443,36.438258],[139.583554,36.438314]]}},{"type":"Feature","properties":{"id":198328730,"highway":"residential"},"geometry":{"type":"LineString","coordinates":[[139.557582,36.487119],[139.557384,36.48698],[139.557249,36.486859],[139.557143,36.486773],[139.557008,36.486681],[139.556839,36.48657],[139.556727,36.486498],[139.556627,36.486427]]}},{"type":"Feature","properties":{"id":198328734,"highway":"residential"},"geometry":{"type":"LineString","coordinates":[[139.585883,36.433888],[139.585957,36.43386],[139.586068,36.433782],[139.586193,36.433699],[139.586318,36.433619],[139.586448,36.433532],[139.586596,36.43343],[139.586707,36.433347]]}},{"type":"Feature","properties":{"id":198328741,"highway":"unclassified"},"geometry":{"type":"LineString","coordinates":[[139.505487,36.438073],[139.505482,36.437829],[139.505585,36.437632],[139.505697,36.437474],[139.50583,36.437243],[139.505942,36.436973],[139.505977,36.436747],[139.505997,36.436206]]}},{"type":"Feature","properties":{"id":198328742,"highway":"residential"},"geometry":{"type":"LineString","coordinates":[[139.518926,36.402896],[139.518815,36.402902],[139.518731,36.402919],[139.518641,36.402924],[139.51839,36.402958],[139.517712,36.403008],[139.517134,36.402969],[139.516514,36.403023]]}},{"type":"Feature","properties":{"id":198328743,"highway":"unclassified"},"geometry":{"type":"LineString","coordinates":[[139.588091,36.432519],[139.588169,36.432423],[139.588322,36.432319],[139.588538,36.432223],[139.588621,36.432167],[139.588719,36.432015],[139.588754,36.431852],[139.588768,36.431739]]}},{"type":"Feature","properties":{"id":198328745,"highway":"unclassified"},"geometry":{"type":"LineString","coordinates":[[139.578472,36.443689],[139.578452,36.443784],[139.578347,36.444291],[139.578305,36.444466],[139.578292,36.444556],[139.578257,36.444629],[139.578235,36.444708],[139.578123,36.444877]]}},{"type":"Feature","properties":{"id":198328747,"highway":"residential"},"geometry":{"type":"LineString","coordinates":[[139.584634,36.436917],[139.58453,36.436917],[139.584462,36.436917],[139.584258,36.436872],[139.584014,36.436838],[139.583554,36.436743],[139.583283,36.436697],[139.583098,36.436663]]}},{"type":"Feature","properties":{"id":198328748,"highway":"residential"},"geometry":{"type":"LineString","coordinates":[[139.559239,36.402351],[139.559213,36.402451],[139.559249,36.402504],[139.559956,36.402677],[139.560328,36.402755],[139.560349,36.402792],[139.560573,36.402866],[139.560869,36.402945]]}},{"type":"Feature","properties":{"id":198328749,"highway":"residential"},"geometry":{"type":"LineString","coordinates":[[139.500391,36.411007],[139.500212,36.410997],[139.500153,36.411014],[139.500115,36.411035],[139.500072,36.411065],[139.499987,36.411138],[139.499888,36.411171],[139.499839,36.411168]]}},{"type":"Feature","properties":{"id":198328750,"highway":"residential"},"geometry":{"type":"LineString","coordinates":[[139.556073,36.424924],[139.555925,36.424941],[139.555812,36.424967],[139.555749,36.424966],[139.555656,36.424959],[139.555575,36.424919],[139.555477,36.424849],[139.555308,36.424709]]}},{"type":"Feature","properties":{"id":198328753,"highway":"residential"},"geometry":{"type":"LineString","coordinates":[[139.565152,36.418848],[139.565335,36.418916],[139.565607,36.419001],[139.565921,36.419096],[139.566389,36.419269],[139.566647,36.41938]]}},{"type":"Feature","properties":{"id":198328754,"highway":"residential"},"geometry":{"type":"LineString","coordinates":[[139.50303,36.4145],[139.503065,36.414607],[139.503113,36.414957],[139.50312,36.415627],[139.503169,36.416055],[139.503162,36.416343],[139.503141,36.416473],[139.503078,36.416619]]}},{"type":"Feature","properties":{"id":198328755,"highway":"residential"},"geometry":{"type":"LineString","coordinates":[[139.574067,36.401886],[139.574166,36.402008],[139.574307,36.402169],[139.574331,36.402201],[139.574366,36.402294],[139.574188,36.402408],[139.574066,36.402491]]}},{"type":"Feature","properties":{"id":198328756,"highway":"residential"},"geometry":{"type":"LineString","coordinates":[[139.597801,36.415876],[139.597744,36.415966],[139.597624,36.416105],[139.597477,36.416256],[139.597333,36.41641],[139.597112,36.416643],[139.596889,36.416869],[139.596531,36.417246]]}},{"type":"Feature","properties":{"id":198328758,"highway":"residential"},"geometry":{"type":"LineString","coordinates":[[139.584814,36.435269],[139.585136,36.435441],[139.585325,36.435543],[139.585363,36.435561],[139.585457,36.435604],[139.585596,36.435672],[139.58575,36.435757],[139.585889,36.435824]]}},{"type":"Feature","properties":{"id":198328759,"highway":"service"},"geometry":{"type":"LineString","coordinates":[[139.58855,36.419808],[139.589253,36.419136],[139.589362,36.419003],[139.589467,36.418816],[139.589626,36.418523],[139.58931,36.418385]]}},{"type":"Feature","properties":{"id":198328760,"highway":"residential"},"geometry":{"type":"LineString","coordinates":[[139.523424,36.401747],[139.523242,36.402079],[139.52323,36.402137],[139.52327,36.402242],[139.523305,36.402384],[139.523317,36.402536],[139.523167,36.402801],[139.523139,36.402871]]}},{"type":"Feature","properties":{"id":198328762,"highway":"unclassified"},"geometry":{"type":"LineString","coordinates":[[139.558618,36.4275],[139.558574,36.427406],[139.558491,36.427333],[139.55833,36.427243],[139.558165,36.427194],[139.558023,36.427135],[139.557969,36.427086],[139.55781,36.426895]]}},{"type":"Feature","properties":{"id":198328763,"highway":"residential"},"geometry":{"type":"LineString","coordinates":[[139.585999,36.455975],[139.584989,36.455637],[139.584902,36.455615],[139.584592,36.455429],[139.58416,36.455406],[139.58393,36.455423],[139.583776,36.455446],[139.583637,36.455457]]}},{"type":"Feature","properties":{"id":198328765,"highway":"residential"},"geometry":{"type":"LineString","coordinates":[[139.523665,36.401427],[139.523592,36.401346],[139.523509,36.401234],[139.523426,36.401102],[139.523364,36.401017],[139.523282,36.400901],[139.523228,36.400814],[139.52315,36.40068]]}},{"type":"Feature","properties":{"id":198328770,"highway":"residential"},"geometry":{"type":"LineString","coordinates":[[139.573494,36.402687],[139.573652,36.403062]]}},{"type":"Feature","properties":{"id":198328772,"highway":"residential"},"geometry":{"type":"LineString","coordinates":[[139.588445,36.436832],[139.588556,36.436787],[139.588683,36.436738],[139.588893,36.436649],[139.58941,36.436426],[139.589629,36.436345],[139.589737,36.436301],[139.589792,36.4363]]}},{"type":"Feature","properties":{"id":198328773,"highway":"unclassified"},"geometry":{"type":"LineString","coordinates":[[139.536159,36.4093],[139.536166,36.409075],[139.536179,36.40894],[139.536186,36.408816],[139.536228,36.408545],[139.536263,36.408388],[139.536263,36.408118],[139.536242,36.407943]]}},{"type":"Feature","properties":{"id":198328774,"highway":"unclassified"},"geometry":{"type":"LineString","coordinates":[[139.506481,36.404584],[139.506364,36.404457],[139.506239,36.40429],[139.506191,36.404146],[139.506164,36.404006],[139.506143,36.403871],[139.506124,36.403808],[139.506072,36.40364],[139.506036,36.403604],[139.505889,36.403453]]}},{"type":"Feature","properties":{"id":198328778,"highway":"residential"},"geometry":{"type":"LineString","coordinates":[[139.514971,36.403488],[139.515236,36.403488],[139.515341,36.403454],[139.515577,36.403353],[139.515786,36.403313],[139.516092,36.403296],[139.516204,36.403274],[139.516287,36.403245]]}},{"type":"Feature","properties":{"id":198328785,"highway":"residential"},"geometry":{"type":"LineString","coordinates":[[139.538066,36.401171],[139.538039,36.401139],[139.537956,36.401037],[139.537816,36.400896],[139.537675,36.400735],[139.537612,36.400634],[139.537566,36.40056],[139.537534,36.400527]]}},{"type":"Feature","properties":{"id":198328786,"highway":"residential"},"geometry":{"type":"LineString","coordinates":[[139.578518,36.40359],[139.578589,36.403753],[139.578637,36.403952],[139.578624,36.404175],[139.57861,36.404265],[139.578596,36.404361],[139.57854,36.40453],[139.578464,36.404654],[139.578443,36.404665],[139.578283,36.404688],[139.578113,36.404798]]}},{"type":"Feature","properties":{"id":198328788,"highway":"residential"},"geometry":{"type":"LineString","coordinates":[[139.518299,36.409537],[139.518586,36.409529],[139.518805,36.409485],[139.518913,36.409472],[139.519115,36.409454],[139.519217,36.409442],[139.519458,36.409416],[139.519688,36.409391]]}},{"type":"Feature","properties":{"id":198328792,"highway":"residential"},"geometry":{"type":"LineString","coordinates":[[139.523424,36.401747],[139.523474,36.401696],[139.523517,36.401661],[139.523564,36.401627],[139.523617,36.401589],[139.52364,36.401552],[139.523655,36.401502],[139.523665,36.401427]]}},{"type":"Feature","properties":{"id":198328797,"highway":"residential"},"geometry":{"type":"LineString","coordinates":[[139.50223,36.40814],[139.502428,36.408275],[139.50257,36.408349],[139.502697,36.408413],[139.502821,36.408517],[139.502916,36.408581],[139.503002,36.408664],[139.503212,36.408913]]}},{"type":"Feature","properties":{"id":198328806,"highway":"residential"},"geometry":{"type":"LineString","coordinates":[[139.526462,36.40038],[139.526335,36.400229],[139.526222,36.40011],[139.526035,36.399893],[139.525928,36.399688],[139.525857,36.399541],[139.525725,36.399298],[139.52571,36.399261]]}},{"type":"Feature","properties":{"id":198328810,"highway":"residential"},"geometry":{"type":"LineString","coordinates":[[139.50056,36.410739],[139.500581,36.410756],[139.500614,36.410771],[139.500905,36.410888],[139.501331,36.410817],[139.501589,36.410749],[139.501811,36.410704],[139.502251,36.410422]]}},{"type":"Feature","properties":{"id":198328817,"highway":"residential"},"geometry":{"type":"LineString","coordinates":[[139.52068,36.406456],[139.520855,36.406363],[139.521005,36.406236],[139.521271,36.405979],[139.521434,36.405831],[139.521576,36.405723],[139.521794,36.405543],[139.521844,36.405459]]}},{"type":"Feature","properties":{"id":198328822,"highway":"residential"},"geometry":{"type":"LineString","coordinates":[[139.591185,36.43157],[139.589556,36.43354]]}},{"type":"Feature","properties":{"id":198328825,"highway":"unclassified"},"geometry":{"type":"LineString","coordinates":[[139.544799,36.43257],[139.543808,36.432603],[139.543149,36.432613],[139.54273,36.432613],[139.542556,36.432641],[139.542431,36.43268],[139.542082,36.432861],[139.541838,36.432961]]}},{"type":"Feature","properties":{"id":198328826,"highway":"residential"},"geometry":{"type":"LineString","coordinates":[[139.520377,36.401613],[139.520441,36.401686],[139.520502,36.401746],[139.520615,36.401822],[139.520858,36.401944],[139.52097,36.402007],[139.521053,36.402046],[139.521089,36.402078],[139.521118,36.40213],[139.521155,36.402197],[139.521214,36.402264],[139.521266,36.402326]]}},{"type":"Feature","properties":{"id":198328827,"highway":"residential"},"geometry":{"type":"LineString","coordinates":[[139.536493,36.41138],[139.536479,36.411313],[139.536472,36.410755],[139.536423,36.410434],[139.536374,36.410231],[139.536159,36.409734],[139.536131,36.409605],[139.536147,36.409413]]}},{"type":"Feature","properties":{"id":198328828,"highway":"unclassified"},"geometry":{"type":"LineString","coordinates":[[139.593775,36.418986],[139.593768,36.418484],[139.593803,36.418332],[139.593824,36.418315],[139.593831,36.418304],[139.594012,36.418242],[139.594374,36.418242],[139.594715,36.418248]]}},{"type":"Feature","properties":{"id":198328832,"highway":"unclassified"},"geometry":{"type":"LineString","coordinates":[[139.543358,36.442076],[139.543418,36.443565]]}},{"type":"Feature","properties":{"id":198328833,"highway":"unclassified"},"geometry":{"type":"LineString","coordinates":[[139.543358,36.44107],[139.543246,36.441326],[139.543222,36.441501],[139.543192,36.441646],[139.543197,36.441785],[139.543257,36.441921],[139.543358,36.442076]]}},{"type":"Feature","properties":{"id":198328835,"highway":"unclassified"},"geometry":{"type":"LineString","coordinates":[[139.573487,36.453335],[139.573592,36.453108],[139.573627,36.453023],[139.573638,36.452929],[139.57363,36.452849],[139.573592,36.452779],[139.57352,36.452671],[139.573469,36.452623]]}},{"type":"Feature","properties":{"id":198328836,"highway":"unclassified"},"geometry":{"type":"LineString","coordinates":[[139.52968,36.430372],[139.529697,36.430378],[139.529812,36.430462],[139.5299,36.430583],[139.529995,36.430698],[139.53008,36.430813],[139.530148,36.430923],[139.530237,36.431007],[139.530348,36.431012],[139.530453,36.430955],[139.530584,36.430866],[139.530768,36.430771],[139.530894,36.430708],[139.530993,36.43063],[139.531093,36.430583],[139.531203,36.430572],[139.531282,36.430614],[139.531282,36.430677],[139.531229,36.430734],[139.531093,36.430792],[139.530956,36.430881],[139.530873,36.430949],[139.530841,36.431044],[139.530841,36.431133],[139.530841,36.431248],[139.530831,36.431337],[139.530794,36.431384],[139.53072,36.431432],[139.53061,36.431442],[139.530437,36.431448],[139.530285,36.431426],[139.530148,36.431416],[139.529943,36.431348],[139.52978,36.431243],[139.529643,36.431154],[139.52957,36.431107],[139.529517,36.431101],[139.529412,36.431206],[139.529307,36.431316],[139.529167,36.431442],[139.529008,36.431568],[139.528977,36.431662],[139.529045,36.431812],[139.529135,36.431933],[139.529202,36.432064],[139.52926,36.432189],[139.529282,36.432284],[139.529282,36.432357],[139.529235,36.432436],[139.529165,36.432478],[139.529092,36.432509],[139.528957,36.432536],[139.52884,36.432588],[139.528793,36.432661],[139.528803,36.432777],[139.528882,36.432866],[139.528987,36.432913],[139.529165,36.432967],[139.529292,36.433008],[139.529445,36.43304],[139.52958,36.433082],[139.52968,36.433145],[139.529749,36.433218],[139.529833,36.433349],[139.529844,36.43348],[139.529823,36.433638],[139.52977,36.433745],[139.529695,36.433815],[139.529564,36.433887],[139.52946,36.433972],[139.529408,36.43405],[139.52938,36.434165],[139.529413,36.434327],[139.529428,36.43449],[139.529413,36.434622],[139.529323,36.434685],[139.529202,36.43469],[139.529065,36.434632],[139.528923,36.434542],[139.528844,36.43451]]}},{"type":"Feature","properties":{"id":198328843,"highway":"residential"},"geometry":{"type":"LineString","coordinates":[[139.537398,36.401584],[139.537554,36.401906],[139.537609,36.402002],[139.537726,36.402105],[139.537791,36.402214],[139.537886,36.402479],[139.537956,36.402699],[139.538116,36.403133],[139.538123,36.403184]]}},{"type":"Feature","properties":{"id":198328844,"highway":"residential"},"geometry":{"type":"LineString","coordinates":[[139.578417,36.462861],[139.578484,36.462947],[139.578548,36.463041],[139.578632,36.463259],[139.578652,36.46358],[139.578632,36.4639],[139.578602,36.463968],[139.578577,36.463996],[139.577752,36.464452],[139.577325,36.464742]]}},{"type":"Feature","properties":{"id":198328846,"highway":"service"},"geometry":{"type":"LineString","coordinates":[[139.572836,36.443917],[139.573178,36.443883],[139.574059,36.443739],[139.574118,36.44373],[139.57418,36.443737],[139.57423,36.443771],[139.574257,36.443837],[139.57428,36.443935],[139.574257,36.444401]]}},{"type":"Feature","properties":{"id":198328853,"highway":"service"},"geometry":{"type":"LineString","coordinates":[[139.567391,36.4823],[139.567374,36.482092],[139.56738,36.481955],[139.567397,36.481785],[139.567437,36.481647],[139.56754,36.481437],[139.567609,36.481265],[139.567642,36.481082],[139.567659,36.4809]]}},{"type":"Feature","properties":{"id":198328854,"highway":"unclassified"},"geometry":{"type":"LineString","coordinates":[[139.584634,36.436917],[139.58492,36.436399],[139.58499,36.43632],[139.585102,36.436258],[139.585255,36.436219],[139.585673,36.436129],[139.585743,36.436095],[139.585799,36.436033],[139.585889,36.435824]]}},{"type":"Feature","properties":{"id":198328855,"highway":"residential"},"geometry":{"type":"LineString","coordinates":[[139.56906,36.453186],[139.568972,36.45313],[139.568854,36.453034],[139.56875,36.452962],[139.568635,36.452873],[139.56853,36.452795],[139.568447,36.452728],[139.568379,36.45268],[139.568313,36.452631]]}},{"type":"Feature","properties":{"id":198328858,"highway":"service"},"geometry":{"type":"LineString","coordinates":[[139.561427,36.402836],[139.561348,36.402903],[139.561309,36.40308],[139.561283,36.403151],[139.561203,36.403215],[139.56112,36.403269],[139.560924,36.403343],[139.560788,36.40338]]}},{"type":"Feature","properties":{"id":198328859,"highway":"unclassified"},"geometry":{"type":"LineString","coordinates":[[139.512658,36.429233],[139.513097,36.428849],[139.513664,36.42837],[139.513867,36.428207],[139.514054,36.428078],[139.514648,36.42771],[139.515004,36.427475],[139.515237,36.427321],[139.515474,36.427134],[139.515883,36.426792],[139.516464,36.426331],[139.516564,36.426228],[139.51664,36.426132],[139.516682,36.42605],[139.516726,36.425939]]}},{"type":"Feature","properties":{"id":198328866,"highway":"unclassified"},"geometry":{"type":"LineString","coordinates":[[139.574007,36.411747],[139.574007,36.411972],[139.57398,36.412507],[139.573952,36.412698],[139.573917,36.412952],[139.573875,36.413121],[139.57382,36.413318],[139.573709,36.413555],[139.57335,36.414107]]}},{"type":"Feature","properties":{"id":198328870,"highway":"residential"},"geometry":{"type":"LineString","coordinates":[[139.597042,36.422498],[139.597047,36.422479],[139.597111,36.422402],[139.597187,36.422324],[139.597276,36.422227],[139.597357,36.422155],[139.597445,36.422092],[139.597489,36.422039],[139.597532,36.422027]]}},{"type":"Feature","properties":{"id":198328871,"highway":"residential"},"geometry":{"type":"LineString","coordinates":[[139.502,36.412696],[139.501886,36.412608],[139.501749,36.412502],[139.501672,36.412454],[139.501584,36.412403],[139.50147,36.41237],[139.501334,36.412296],[139.501236,36.412134],[139.501106,36.41196]]}},{"type":"Feature","properties":{"id":198328873,"highway":"residential"},"geometry":{"type":"LineString","coordinates":[[139.567446,36.45462],[139.567626,36.454771],[139.567807,36.454919],[139.56837,36.455267],[139.568877,36.455691]]}},{"type":"Feature","properties":{"id":198328874,"highway":"residential"},"geometry":{"type":"LineString","coordinates":[[139.546962,36.427726],[139.547045,36.427779],[139.547303,36.427881],[139.547695,36.428094],[139.547851,36.428182],[139.547986,36.428268],[139.548161,36.428377],[139.548282,36.428453],[139.548349,36.42851],[139.548404,36.428567]]}},{"type":"Feature","properties":{"id":198328875,"highway":"residential"},"geometry":{"type":"LineString","coordinates":[[139.518776,36.411329],[139.518957,36.411301],[139.519197,36.411211],[139.519372,36.411177],[139.519502,36.411135],[139.519629,36.411089],[139.519697,36.411066],[139.519825,36.411039]]}},{"type":"Feature","properties":{"id":198328876,"highway":"residential"},"geometry":{"type":"LineString","coordinates":[[139.593444,36.434084],[139.593507,36.434839],[139.593535,36.434894],[139.593854,36.435135],[139.594058,36.435289],[139.594232,36.435441],[139.594302,36.435526],[139.594351,36.435661],[139.594455,36.436083],[139.594451,36.43623]]}},{"type":"Feature","properties":{"id":198328877,"highway":"service"},"geometry":{"type":"LineString","coordinates":[[139.538652,36.490363],[139.537262,36.491342],[139.536637,36.491782]]}},{"type":"Feature","properties":{"id":198328878,"highway":"residential"},"geometry":{"type":"LineString","coordinates":[[139.596406,36.424667],[139.596314,36.424977],[139.596241,36.425239],[139.596222,36.42534],[139.596091,36.425345],[139.596009,36.425355],[139.595979,36.425389],[139.595931,36.425602],[139.595922,36.42565]]}},{"type":"Feature","properties":{"id":198328884,"highway":"unclassified"},"geometry":{"type":"LineString","coordinates":[[139.593606,36.421886],[139.593668,36.421486],[139.593717,36.421379],[139.59378,36.4213],[139.593898,36.42121],[139.593982,36.421024],[139.59408,36.420946],[139.594175,36.420942],[139.594268,36.420973]]}},{"type":"Feature","properties":{"id":198328886,"highway":"service"},"geometry":{"type":"LineString","coordinates":[[139.548868,36.477119],[139.549035,36.47701],[139.549216,36.476894],[139.549446,36.47673],[139.549796,36.476479],[139.550179,36.476145],[139.550556,36.475841],[139.550721,36.47569],[139.550861,36.475564],[139.55063,36.475407]]}},{"type":"Feature","properties":{"id":198328887,"highway":"residential"},"geometry":{"type":"LineString","coordinates":[[139.572903,36.403211],[139.571999,36.403453],[139.571787,36.403493]]}},{"type":"Feature","properties":{"id":198328888,"highway":"service"},"geometry":{"type":"LineString","coordinates":[[139.57672,36.403475],[139.576615,36.403189],[139.576577,36.40309],[139.576516,36.402828],[139.576557,36.402664],[139.576682,36.40229],[139.576701,36.40221]]}},{"type":"Feature","properties":{"id":198328889,"highway":"residential"},"geometry":{"type":"LineString","coordinates":[[139.50225,36.417221],[139.502342,36.417179],[139.502438,36.417131],[139.502511,36.41708],[139.502625,36.417032],[139.502743,36.416962],[139.502853,36.416863],[139.502978,36.416746],[139.503078,36.416619]]}},{"type":"Feature","properties":{"id":198328890,"highway":"unclassified"},"geometry":{"type":"LineString","coordinates":[[139.504889,36.401501],[139.504922,36.401663],[139.504945,36.401809],[139.504994,36.402057],[139.505085,36.402355],[139.505134,36.402587],[139.505155,36.402631],[139.505199,36.402702],[139.505535,36.403068]]}},{"type":"Feature","properties":{"id":198328893,"highway":"residential"},"geometry":{"type":"LineString","coordinates":[[139.579518,36.445589],[139.579551,36.445629],[139.579624,36.445681],[139.579811,36.445739],[139.58054,36.445955],[139.58098,36.446109],[139.581136,36.446164],[139.581249,36.446208],[139.581304,36.446244],[139.581334,36.446261]]}},{"type":"Feature","properties":{"id":198328894,"highway":"residential"},"geometry":{"type":"LineString","coordinates":[[139.508679,36.40508],[139.509141,36.404692],[139.509498,36.404394],[139.509632,36.404283],[139.509769,36.404202],[139.509928,36.404093],[139.510177,36.403872],[139.510417,36.403604],[139.510517,36.403455]]}},{"type":"Feature","properties":{"id":198328896,"highway":"residential"},"geometry":{"type":"LineString","coordinates":[[139.544799,36.43257],[139.544835,36.432658],[139.544828,36.43272],[139.544752,36.432973],[139.544759,36.433086],[139.544856,36.433278],[139.544856,36.433368],[139.544814,36.433452],[139.544747,36.433535]]}},{"type":"Feature","properties":{"id":198328897,"highway":"residential"},"geometry":{"type":"LineString","coordinates":[[139.509618,36.470458],[139.509626,36.470641],[139.509691,36.470769],[139.509844,36.470886],[139.510026,36.470966],[139.510102,36.471064],[139.5102,36.471163],[139.510318,36.471258],[139.51034,36.471288]]}},{"type":"Feature","properties":{"id":198328899,"highway":"residential"},"geometry":{"type":"LineString","coordinates":[[139.520189,36.414335],[139.520331,36.414473],[139.520448,36.414644],[139.520491,36.414736],[139.520489,36.415136],[139.520461,36.415439],[139.520455,36.415563],[139.520412,36.415672],[139.520268,36.41582],[139.519968,36.416082]]}},{"type":"Feature","properties":{"id":198328903,"highway":"service"},"geometry":{"type":"LineString","coordinates":[[139.544811,36.486226],[139.544742,36.486209],[139.544609,36.486214],[139.544365,36.486274],[139.544166,36.486345],[139.543826,36.48648],[139.543694,36.48653],[139.543549,36.486566],[139.543377,36.486567],[139.543201,36.486528],[139.542964,36.486446]]}},{"type":"Feature","properties":{"id":198328905,"highway":"service"},"geometry":{"type":"LineString","coordinates":[[139.500275,36.494452],[139.500147,36.494381],[139.499972,36.494266],[139.499863,36.494167],[139.499792,36.494075],[139.49978,36.493971],[139.499792,36.493867],[139.499824,36.493741],[139.499855,36.493638]]}},{"type":"Feature","properties":{"id":204604691,"highway":"unclassified"},"geometry":{"type":"LineString","coordinates":[[139.595334,36.477565],[139.59535,36.477483],[139.595364,36.477415],[139.595512,36.477201],[139.595574,36.477077],[139.59556,36.476947],[139.595296,36.476254],[139.59515,36.475838],[139.5951,36.475643],[139.595089,36.47556],[139.59513,36.475527]]}},{"type":"Feature","properties":{"id":204604706,"highway":"unclassified"},"geometry":{"type":"LineString","coordinates":[[139.59543,36.472401],[139.595489,36.472301],[139.595581,36.472108],[139.595642,36.472009],[139.595774,36.471822],[139.595889,36.471651],[139.595939,36.471563],[139.596002,36.471449],[139.596104,36.471214],[139.596294,36.470706],[139.596402,36.470405],[139.596555,36.46985],[139.596573,36.469805],[139.5966,36.469771],[139.596634,36.469733]]}},{"type":"Feature","properties":{"id":204604716,"highway":"unclassified"},"geometry":{"type":"LineString","coordinates":[[139.595505,36.481261],[139.595525,36.481185],[139.595525,36.480852],[139.595511,36.480796],[139.595511,36.480604],[139.595568,36.480289],[139.59579,36.479523],[139.595832,36.479235],[139.595853,36.478886],[139.595895,36.478768],[139.595964,36.478667],[139.596062,36.478469],[139.596115,36.478274]]}},{"type":"Feature","properties":{"id":204604742,"highway":"tertiary"},"geometry":{"type":"LineString","coordinates":[[139.596717,36.469662],[139.597069,36.469358],[139.597197,36.469236],[139.59731,36.469109],[139.597389,36.468993],[139.597478,36.468843],[139.597713,36.468497],[139.59812,36.467998],[139.598192,36.467903],[139.598235,36.467799],[139.598252,36.467717],[139.598271,36.467451],[139.598292,36.467379],[139.598343,36.46728],[139.598647,36.466742],[139.598686,36.466635],[139.598707,36.466534],[139.598821,36.465808],[139.59884,36.465721],[139.598876,36.465656],[139.598945,36.465583],[139.599024,36.465519],[139.59911,36.465467],[139.599222,36.465416],[139.59936,36.465373],[139.599593,36.465314],[139.599761,36.465254],[139.599873,36.465193],[139.599929,36.465142],[139.599952,36.465087],[139.599953,36.464993],[139.599935,36.464918],[139.599894,36.464844],[139.599773,36.464602],[139.599753,36.464547],[139.599749,36.464496],[139.599771,36.464357],[139.599787,36.464311],[139.599809,36.464274],[139.59984,36.464241],[139.59988,36.464212],[139.599921,36.464194],[139.6005,36.464058],[139.600601,36.464031],[139.600704,36.463984],[139.600773,36.463933],[139.600834,36.463864],[139.600882,36.463795],[139.600976,36.463615],[139.601012,36.463556],[139.601066,36.463505],[139.601121,36.463472],[139.601186,36.463444],[139.601268,36.463425],[139.601736,36.463368],[139.601827,36.463349],[139.601879,36.463329],[139.601943,36.463288],[139.601996,36.46324],[139.602277,36.4629],[139.60261,36.462522],[139.602694,36.462389],[139.602785,36.462171],[139.602814,36.462073],[139.602824,36.461992],[139.602827,36.461825],[139.602808,36.461758],[139.602765,36.461688],[139.602622,36.461468],[139.602604,36.461419],[139.602604,36.461349],[139.602619,36.461293],[139.60273,36.461089],[139.603099,36.460483],[139.603144,36.460386],[139.60316,36.460325],[139.603166,36.460154],[139.603174,36.460111],[139.603198,36.460056],[139.603234,36.46001],[139.603264,36.459979],[139.603486,36.459828],[139.603584,36.459766],[139.603652,36.459736],[139.60374,36.459709],[139.603845,36.459689],[139.603941,36.459681],[139.604043,36.45968],[139.604496,36.459678],[139.604611,36.459665],[139.604727,36.459636],[139.604871,36.459594],[139.605136,36.459449],[139.605325,36.459213],[139.605465,36.458877],[139.605539,36.458765],[139.605599,36.458697],[139.605686,36.458628],[139.605883,36.458479],[139.605987,36.458381],[139.606418,36.457918]]}},{"type":"Feature","properties":{"id":204604744,"highway":"unclassified"},"geometry":{"type":"LineString","coordinates":[[139.59543,36.472401],[139.595411,36.472462],[139.5954,36.472545],[139.595401,36.472671],[139.595377,36.472919],[139.595362,36.473075],[139.595327,36.473165],[139.595297,36.473213],[139.595199,36.473349],[139.595124,36.473446],[139.595082,36.473557],[139.595065,36.473674],[139.595085,36.473954],[139.595106,36.474116],[139.595125,36.474209],[139.595168,36.474322],[139.595239,36.474441],[139.595488,36.474826],[139.595511,36.474894],[139.595514,36.475033],[139.595499,36.475112],[139.595459,36.475168],[139.595302,36.475316],[139.595203,36.475434],[139.59513,36.475527]]}},{"type":"Feature","properties":{"id":204604746,"highway":"unclassified"},"geometry":{"type":"LineString","coordinates":[[139.59543,36.472401],[139.595292,36.472479],[139.595132,36.472585],[139.595089,36.472599],[139.594932,36.472611],[139.594846,36.472626],[139.59478,36.472645],[139.59473,36.472673],[139.594675,36.47272],[139.594638,36.472774],[139.594608,36.472835],[139.594566,36.473035],[139.594458,36.473117],[139.594335,36.473216],[139.59425,36.473267],[139.594126,36.473313],[139.593939,36.473381],[139.593847,36.473428],[139.593759,36.473486],[139.593636,36.473605],[139.593552,36.473698],[139.593517,36.473743],[139.59347,36.473791],[139.593272,36.473959],[139.593183,36.474028],[139.593058,36.474096],[139.592652,36.474257]]}},{"type":"Feature","properties":{"id":204604760,"highway":"unclassified"},"geometry":{"type":"LineString","coordinates":[[139.596215,36.478199],[139.596115,36.478274]]}},{"type":"Feature","properties":{"id":204604819,"highway":"unclassified"},"geometry":{"type":"LineString","coordinates":[[139.595334,36.477565],[139.595491,36.477824]]}},{"type":"Feature","properties":{"id":204604887,"highway":"unclassified"},"geometry":{"type":"LineString","coordinates":[[139.589357,36.488232],[139.589448,36.488148],[139.589539,36.488041],[139.589649,36.487866],[139.58974,36.487787],[139.590012,36.487646],[139.590116,36.487562],[139.590297,36.487348],[139.590437,36.487145],[139.590583,36.486987],[139.590667,36.486935],[139.590855,36.486862],[139.590918,36.486817],[139.591022,36.486648],[139.591203,36.48649],[139.591615,36.48609],[139.591796,36.485888],[139.591887,36.485747],[139.591914,36.485662],[139.591914,36.485251],[139.591963,36.48515],[139.592172,36.48498],[139.59227,36.484879],[139.592347,36.484716],[139.592452,36.484619],[139.592577,36.484614],[139.592848,36.484592],[139.592918,36.48457],[139.593023,36.484486],[139.593135,36.484374],[139.593399,36.484345],[139.593511,36.484289],[139.593874,36.484007],[139.594083,36.483804],[139.59418,36.483692],[139.594571,36.483128],[139.594899,36.482678],[139.59501,36.482497],[139.59508,36.482362],[139.595191,36.482063],[139.595274,36.481793],[139.595478,36.481359],[139.595505,36.481261]]}},{"type":"Feature","properties":{"id":204604982,"highway":"unclassified"},"geometry":{"type":"LineString","coordinates":[[139.59513,36.475527],[139.595075,36.475499],[139.59476,36.475149],[139.594638,36.474966],[139.594516,36.474824],[139.594495,36.474734],[139.594502,36.474548],[139.594537,36.474408],[139.59453,36.474171],[139.594502,36.474047],[139.594434,36.473936],[139.594292,36.473856],[139.594144,36.473887],[139.59402,36.473973],[139.593934,36.474078],[139.593823,36.474195],[139.593718,36.474319],[139.593625,36.474393],[139.593495,36.474473],[139.593296,36.474548],[139.593024,36.474616],[139.592822,36.47465],[139.59255,36.474678],[139.592341,36.474712],[139.592179,36.474765],[139.592081,36.474845],[139.592056,36.474937],[139.592081,36.475036],[139.592148,36.475091],[139.592266,36.475085],[139.592371,36.475042],[139.592525,36.474949],[139.592676,36.474858],[139.592815,36.474836],[139.593254,36.474836],[139.593366,36.474853],[139.5934,36.474854],[139.593439,36.474873],[139.593471,36.474899],[139.593471,36.474943],[139.593436,36.474965],[139.593038,36.474976],[139.592976,36.474987],[139.592822,36.475032],[139.592753,36.475067],[139.592636,36.47514],[139.592537,36.475202],[139.592432,36.475252],[139.592278,36.475302],[139.591972,36.475381],[139.591965,36.475392],[139.591714,36.475471],[139.591623,36.47551],[139.591568,36.475516],[139.591395,36.475584],[139.591241,36.475658],[139.591111,36.475726],[139.590987,36.475794],[139.590835,36.475865],[139.590695,36.475899],[139.590508,36.475927],[139.59025,36.475939],[139.590034,36.475967],[139.589904,36.476046],[139.589819,36.476119],[139.589734,36.476231],[139.589662,36.476316],[139.589647,36.476329]]}},{"type":"Feature","properties":{"id":204604990,"highway":"unclassified"},"geometry":{"type":"LineString","coordinates":[[139.596115,36.478274],[139.596062,36.478227],[139.595957,36.478103],[139.59586,36.478058],[139.595713,36.478036],[139.595644,36.478008],[139.595491,36.477824]]}},{"type":"Feature","properties":{"id":204605014,"highway":"unclassified"},"geometry":{"type":"LineString","coordinates":[[139.596215,36.478199],[139.596257,36.478137],[139.596262,36.47795],[139.596265,36.477876],[139.596269,36.477804],[139.596291,36.477766],[139.596323,36.477743],[139.596374,36.477735],[139.596432,36.477754],[139.596473,36.477793],[139.596516,36.477848],[139.596558,36.477914],[139.596583,36.477968],[139.596599,36.478019],[139.59662,36.478098],[139.596623,36.478229],[139.596613,36.478289],[139.596599,36.478317],[139.596397,36.478464],[139.596334,36.478531],[139.596292,36.478605],[139.596271,36.478683],[139.596293,36.478943],[139.596341,36.479067],[139.59641,36.479162],[139.596466,36.479192],[139.596498,36.479194],[139.596526,36.479184],[139.596554,36.479142],[139.596594,36.47905],[139.596696,36.478796],[139.59675,36.47865],[139.596836,36.478548],[139.597297,36.478362],[139.597346,36.478334],[139.59791,36.47808],[139.598057,36.478024],[139.598147,36.478023],[139.598232,36.478078],[139.598261,36.478164],[139.598191,36.478218],[139.597664,36.478463],[139.597527,36.478582],[139.597469,36.478661],[139.597448,36.47873],[139.597455,36.478771],[139.597472,36.478803],[139.597511,36.478817],[139.597561,36.478805],[139.597683,36.478727],[139.597798,36.478663],[139.597905,36.478609],[139.598126,36.478554],[139.598384,36.478526],[139.598558,36.47848],[139.598656,36.478408],[139.598719,36.47834],[139.598784,36.478294],[139.598854,36.478314],[139.598882,36.47836],[139.598879,36.478408],[139.598837,36.478491],[139.598663,36.478633],[139.598544,36.478712],[139.598394,36.478804],[139.598351,36.478858],[139.598355,36.478926],[139.598396,36.478971],[139.598473,36.478988],[139.598534,36.478969],[139.598576,36.478935],[139.598739,36.478813],[139.598879,36.47874],[139.599053,36.478734],[139.599151,36.478785],[139.599214,36.478847]]}},{"type":"Feature","properties":{"id":204605035,"highway":"service"},"geometry":{"type":"LineString","coordinates":[[139.589447,36.475473],[139.589545,36.475441],[139.589976,36.475308],[139.590153,36.475452],[139.590222,36.475489],[139.590314,36.47551],[139.590418,36.47551],[139.590509,36.475487],[139.590737,36.475256],[139.590772,36.475195],[139.590761,36.475151],[139.590718,36.47509],[139.590712,36.47504],[139.590742,36.475006],[139.590942,36.474891],[139.591257,36.474722]]}},{"type":"Feature","properties":{"id":306511788,"highway":"secondary"},"geometry":{"type":"LineString","coordinates":[[139.59543,36.442697],[139.595464,36.442586],[139.5955,36.442437],[139.595501,36.442311],[139.595486,36.442192],[139.595465,36.4421],[139.595165,36.441515],[139.594932,36.441019],[139.594849,36.440845],[139.594773,36.440715],[139.594519,36.440338],[139.594478,36.440237],[139.594459,36.440188],[139.594428,36.440065],[139.594404,36.43996],[139.594399,36.439824],[139.594406,36.439694],[139.594478,36.439152],[139.59449,36.439016],[139.594494,36.438926]]}},{"type":"Feature","properties":{"id":306512605,"highway":"secondary"},"geometry":{"type":"LineString","coordinates":[[139.600059,36.41345],[139.599918,36.413386],[139.599764,36.413308],[139.599195,36.413019],[139.597922,36.412401],[139.597248,36.412132],[139.596797,36.411897],[139.596183,36.411477],[139.595783,36.411255],[139.595426,36.41113],[139.594953,36.411037],[139.594427,36.41091],[139.59381,36.410687],[139.593386,36.410474],[139.593155,36.41027],[139.592817,36.409861],[139.592552,36.40962],[139.592019,36.409334],[139.591211,36.408969],[139.590352,36.408656],[139.589638,36.40849],[139.589167,36.408408],[139.588651,36.408337]]}},{"type":"Feature","properties":{"id":332627844,"highway":"secondary"},"geometry":{"type":"LineString","coordinates":[[139.616486,36.487667],[139.616221,36.487651],[139.615945,36.487671],[139.615738,36.487746],[139.615637,36.487804],[139.615219,36.48811],[139.614621,36.48856],[139.61412,36.488899],[139.61401,36.488976],[139.613852,36.489098],[139.613146,36.489567],[139.612564,36.489904],[139.612027,36.490192],[139.611538,36.490462],[139.611032,36.490729],[139.6104,36.491055],[139.609627,36.491624],[139.608999,36.492033],[139.608391,36.492402],[139.607908,36.492687],[139.607424,36.492998],[139.606736,36.493415],[139.606267,36.493706],[139.606001,36.493884],[139.605299,36.494331],[139.604576,36.49479],[139.604116,36.495092],[139.603213,36.495674],[139.60298,36.495796],[139.60263,36.495965],[139.602369,36.496069],[139.602028,36.496175],[139.601446,36.496355],[139.600939,36.496518],[139.600546,36.496713],[139.600244,36.496847],[139.600145,36.496903],[139.599528,36.497199],[139.598494,36.497732],[139.59819,36.497926],[139.5979,36.498057],[139.597466,36.498202],[139.59686,36.498392],[139.596407,36.498495],[139.596139,36.498589],[139.595564,36.498794],[139.594967,36.499077],[139.594653,36.49924],[139.594054,36.499564],[139.592621,36.500377],[139.592191,36.500594],[139.591824,36.500749],[139.591308,36.500941],[139.591002,36.501005],[139.590519,36.501109],[139.590099,36.501188],[139.589297,36.501272],[139.588878,36.501351],[139.5887,36.501412],[139.588554,36.501491],[139.587949,36.501863],[139.587474,36.502056],[139.58705,36.502157],[139.586643,36.502386],[139.585942,36.502839],[139.585644,36.503037],[139.585147,36.50349],[139.584785,36.503826],[139.584692,36.503965],[139.584459,36.504321],[139.584207,36.504679],[139.583929,36.505036],[139.583489,36.505567],[139.583312,36.505705],[139.583192,36.505733],[139.582921,36.505752],[139.582693,36.505752],[139.582474,36.505792],[139.582071,36.505879],[139.581347,36.506023],[139.580534,36.506113],[139.580203,36.50616],[139.579882,36.506242],[139.579057,36.506688],[139.578411,36.507037],[139.577897,36.507307],[139.5776,36.507467],[139.577317,36.507597],[139.576986,36.50768]]}},{"type":"Feature","properties":{"id":373229905,"highway":"primary"},"geometry":{"type":"LineString","coordinates":[[139.529177,36.397565],[139.529047,36.397669],[139.528938,36.397746],[139.528825,36.397817],[139.528654,36.397906],[139.528356,36.39804],[139.52797,36.398178],[139.527396,36.398382],[139.527085,36.398521],[139.526784,36.398667],[139.526615,36.398756],[139.526369,36.398908],[139.526197,36.399013],[139.526006,36.399121],[139.52571,36.399261],[139.525175,36.39949],[139.52492,36.399609],[139.524696,36.399727],[139.524506,36.399854],[139.524038,36.400177],[139.523741,36.400365],[139.523499,36.400505],[139.52315,36.40068],[139.522473,36.40101],[139.522202,36.401148]]}},{"type":"Feature","properties":{"id":373229907,"highway":"primary"},"geometry":{"type":"LineString","coordinates":[[139.522202,36.401148],[139.521934,36.401283]]}},{"type":"Feature","properties":{"id":373229908,"highway":"primary"},"geometry":{"type":"LineString","coordinates":[[139.51818,36.401023],[139.518094,36.401012],[139.517974,36.401001],[139.517835,36.400999],[139.517667,36.401004],[139.517473,36.40102],[139.517304,36.401038],[139.517092,36.401071],[139.516786,36.401142],[139.516514,36.401199],[139.516228,36.401228],[139.515864,36.401252],[139.515587,36.401284],[139.514842,36.401414],[139.514543,36.401454],[139.514402,36.401472],[139.514175,36.401487],[139.51394,36.401491],[139.513618,36.401492],[139.51352,36.401493],[139.513037,36.401511],[139.512767,36.401532],[139.512535,36.401563],[139.512354,36.401598],[139.512172,36.401653],[139.511963,36.401736],[139.511665,36.401874],[139.511065,36.402212],[139.510877,36.402322],[139.510629,36.402454],[139.510298,36.402609],[139.509917,36.402784],[139.50937,36.403041],[139.508981,36.403244],[139.50854,36.403536],[139.508322,36.403685],[139.508139,36.403805],[139.507996,36.403881],[139.507812,36.403969],[139.507568,36.404076],[139.506875,36.404365],[139.506707,36.404437],[139.506585,36.404515],[139.506481,36.404584],[139.506366,36.404709],[139.50619,36.404912],[139.506028,36.405065],[139.505808,36.40526],[139.504486,36.406323],[139.503179,36.407376],[139.502458,36.407964],[139.50223,36.40814],[139.501283,36.408925],[139.500627,36.40946],[139.499687,36.410269],[139.499141,36.410705]]}},{"type":"Feature","properties":{"id":373234385,"highway":"secondary"},"geometry":{"type":"LineString","coordinates":[[139.53954,36.436049],[139.5395,36.435645],[139.539473,36.435339],[139.539468,36.435274],[139.539463,36.43522],[139.539445,36.435002],[139.539428,36.434831],[139.539385,36.434617],[139.53931,36.434407],[139.539153,36.433949],[139.539134,36.433886],[139.539132,36.433867],[139.539124,36.433804],[139.53912,36.4337],[139.539132,36.433588],[139.539154,36.433509],[139.539182,36.433432],[139.539219,36.433351],[139.539307,36.433222],[139.539611,36.432854],[139.539778,36.432649],[139.539875,36.432544],[139.539989,36.432442],[139.54014,36.432345],[139.540314,36.432264],[139.540521,36.432192],[139.540767,36.432121],[139.541287,36.43201],[139.542232,36.431805],[139.543023,36.431643],[139.54368,36.431519],[139.543971,36.43146],[139.544257,36.431398],[139.544525,36.431325],[139.544751,36.431255],[139.544959,36.431179],[139.545183,36.431076],[139.545671,36.430858],[139.546006,36.430694],[139.546227,36.430581],[139.546417,36.430474],[139.546536,36.430386],[139.546641,36.430296],[139.546732,36.430188],[139.546819,36.430074],[139.547,36.42981],[139.547085,36.42968],[139.547173,36.429573],[139.547275,36.429473],[139.547467,36.429299],[139.547581,36.429205],[139.548404,36.428567],[139.548875,36.428191],[139.548929,36.428141],[139.548993,36.428067],[139.549482,36.427451],[139.549536,36.427384],[139.549634,36.427285],[139.549756,36.42718],[139.549866,36.427103],[139.550017,36.427013],[139.55018,36.426939],[139.550376,36.426866],[139.550865,36.426691],[139.55107,36.426622],[139.55126,36.426557],[139.552093,36.426263],[139.552342,36.426173],[139.552605,36.426054],[139.55333,36.425697],[139.553621,36.42556],[139.55406,36.425367],[139.554361,36.425236],[139.55463,36.425092],[139.55515,36.42479],[139.555308,36.424709],[139.555623,36.42455],[139.556633,36.424067],[139.557953,36.423527],[139.558267,36.4234],[139.558441,36.42332],[139.558567,36.423244],[139.558703,36.423153],[139.559147,36.422736],[139.559256,36.422656],[139.55939,36.422575],[139.559501,36.422523],[139.559633,36.422475],[139.560158,36.422317],[139.560716,36.422153],[139.56089,36.422098],[139.56163,36.421821],[139.562392,36.421559],[139.56264,36.421461],[139.562907,36.421339],[139.563115,36.421237],[139.563261,36.421155],[139.563387,36.421068],[139.563502,36.420952],[139.563812,36.420624],[139.563945,36.420493],[139.56406,36.42039],[139.564285,36.420211],[139.564484,36.420057],[139.564546,36.420002],[139.564605,36.419933],[139.564649,36.419879],[139.564687,36.419817],[139.565101,36.418936],[139.565152,36.418848],[139.565208,36.418779],[139.566374,36.417461],[139.566517,36.417285],[139.566553,36.417221],[139.566568,36.417167],[139.566637,36.416836],[139.566681,36.416708],[139.566725,36.416611],[139.566777,36.416522],[139.56696,36.416211],[139.567205,36.415824],[139.567238,36.41576],[139.567265,36.415689],[139.567283,36.415624],[139.567298,36.415558],[139.567348,36.415237],[139.56741,36.41484],[139.567501,36.413945],[139.567534,36.413598],[139.567548,36.413523],[139.567567,36.413455],[139.567599,36.413392],[139.567656,36.413307],[139.567717,36.413235],[139.567974,36.412972],[139.568059,36.412882],[139.568119,36.412811],[139.568185,36.412714],[139.568276,36.412576],[139.569031,36.411341],[139.569186,36.411073],[139.569348,36.410768],[139.569372,36.410717],[139.569422,36.410609],[139.569585,36.410223],[139.569826,36.409618],[139.569949,36.409316],[139.570007,36.409195],[139.570133,36.408954],[139.570639,36.408035],[139.570734,36.407852],[139.570776,36.407755],[139.570869,36.407499]]}},{"type":"Feature","properties":{"id":373234387,"highway":"secondary"},"geometry":{"type":"LineString","coordinates":[[139.594485,36.438634],[139.594475,36.438556],[139.594452,36.43846],[139.594394,36.438278],[139.593952,36.43723],[139.593867,36.437029],[139.593809,36.436893],[139.593762,36.436771],[139.593715,36.436612],[139.593676,36.43646],[139.593533,36.435629],[139.593495,36.435363],[139.59346,36.435194],[139.593422,36.435044],[139.593323,36.434817],[139.593003,36.434183],[139.592875,36.433974],[139.592781,36.433856],[139.592646,36.433741]]}},{"type":"Feature","properties":{"id":373234391,"highway":"secondary"},"geometry":{"type":"LineString","coordinates":[[139.575263,36.408133],[139.574643,36.407983]]}},{"type":"Feature","properties":{"id":373234392,"highway":"secondary"},"geometry":{"type":"LineString","coordinates":[[139.573426,36.407405],[139.573225,36.407525],[139.573078,36.407607],[139.572955,36.407654],[139.57281,36.407684],[139.572656,36.407689],[139.572454,36.407678],[139.572314,36.40767],[139.570869,36.407499]]}},{"type":"Feature","properties":{"id":374132852,"highway":"secondary"},"geometry":{"type":"LineString","coordinates":[[139.556763,36.484105],[139.556995,36.483811],[139.557086,36.483697],[139.557166,36.48363],[139.557393,36.483499],[139.557582,36.483365],[139.557663,36.483279],[139.557778,36.483119],[139.558002,36.482767],[139.558079,36.482675],[139.558276,36.482517],[139.558401,36.482392],[139.558527,36.482244],[139.558611,36.482141],[139.558997,36.481566],[139.559325,36.481155],[139.55947,36.480925],[139.559541,36.480815],[139.559589,36.480756],[139.559647,36.480711],[139.560002,36.480516],[139.560088,36.480452],[139.560319,36.480189],[139.56042,36.480034],[139.560453,36.479966],[139.560468,36.479908],[139.560472,36.479824],[139.560453,36.479564],[139.560453,36.479476],[139.560466,36.479414],[139.560508,36.479337],[139.560575,36.479261],[139.560702,36.479144],[139.560802,36.479058],[139.561043,36.478875],[139.561091,36.478832],[139.56113,36.478781],[139.561167,36.478715],[139.561232,36.47854],[139.561269,36.478434],[139.561319,36.478312],[139.561373,36.478219],[139.561734,36.477693],[139.562081,36.47717],[139.562196,36.477027],[139.562297,36.476932],[139.562557,36.476748],[139.56269,36.476668],[139.562813,36.476616],[139.56295,36.476582],[139.563063,36.476571],[139.563334,36.47657],[139.563574,36.476563],[139.563658,36.476548],[139.56373,36.476522],[139.563781,36.476481],[139.563912,36.476336],[139.563988,36.476267],[139.564152,36.476118],[139.564241,36.476025],[139.564296,36.475931],[139.564514,36.475485],[139.564707,36.475161],[139.564874,36.474885],[139.565404,36.474039],[139.565723,36.473651],[139.565972,36.473462],[139.56618,36.473324],[139.566284,36.473224],[139.566342,36.473087],[139.566378,36.472974],[139.566418,36.472908],[139.566513,36.472821],[139.56714,36.472446],[139.567629,36.472116],[139.567727,36.472033],[139.567807,36.471957],[139.567913,36.471827],[139.568,36.471682],[139.568095,36.471513],[139.568199,36.471367],[139.568271,36.471247],[139.568384,36.470981],[139.568411,36.470889],[139.568432,36.470767],[139.568429,36.470657],[139.56828,36.469911],[139.568169,36.469512],[139.568157,36.469356],[139.568169,36.469212],[139.568266,36.468762],[139.568357,36.468416],[139.568395,36.46833],[139.56847,36.468234],[139.568561,36.468149],[139.568665,36.468089],[139.568813,36.468043],[139.569415,36.467887],[139.569869,36.467778],[139.570032,36.46773],[139.570182,36.46768],[139.570315,36.467607],[139.570413,36.467546],[139.57057,36.467403],[139.570656,36.46729],[139.570718,36.467223],[139.571783,36.465936],[139.572007,36.465683],[139.572108,36.46558],[139.572206,36.465503],[139.572294,36.465449],[139.57251,36.465359],[139.572825,36.465252],[139.573163,36.465142],[139.573628,36.464956],[139.574226,36.464643],[139.574791,36.464325],[139.575204,36.464157],[139.576213,36.463764],[139.576693,36.463588],[139.576911,36.463507],[139.577202,36.4634],[139.577349,36.463342],[139.578417,36.462861],[139.57887,36.462661],[139.579216,36.462505],[139.579741,36.462204],[139.580685,36.461649],[139.580907,36.461501],[139.581002,36.461381],[139.581108,36.461195],[139.581239,36.460918],[139.581265,36.460832],[139.581275,36.460751],[139.581295,36.460475]]}},{"type":"Feature","properties":{"id":374168022,"highway":"secondary"},"geometry":{"type":"LineString","coordinates":[[139.581305,36.460334],[139.581326,36.460115],[139.581344,36.459986],[139.581367,36.459881],[139.581403,36.45977],[139.581457,36.459648],[139.581524,36.459525],[139.581623,36.4594],[139.581899,36.459072],[139.582464,36.45835],[139.582729,36.458022],[139.582782,36.457963],[139.582836,36.457915],[139.582909,36.457871],[139.582983,36.45784],[139.583078,36.457813],[139.58317,36.457798],[139.583274,36.457794],[139.583379,36.457804],[139.58357,36.457837],[139.58377,36.457871],[139.583871,36.457878],[139.583967,36.45787],[139.584065,36.457847],[139.584169,36.457798],[139.585092,36.457281],[139.585177,36.457221],[139.585247,36.457165],[139.585313,36.457104],[139.585662,36.456749],[139.585753,36.456679],[139.585848,36.456621],[139.586058,36.456512]]}},{"type":"Feature","properties":{"id":374168023,"highway":"secondary"},"geometry":{"type":"LineString","coordinates":[[139.581295,36.460475],[139.581305,36.460334]]}},{"type":"Feature","properties":{"id":374169651,"highway":"secondary"},"geometry":{"type":"LineString","coordinates":[[139.586282,36.456413],[139.586058,36.456512]]}},{"type":"Feature","properties":{"id":418633422,"highway":"residential"},"geometry":{"type":"LineString","coordinates":[[139.593462,36.44287],[139.593757,36.442867]]}},{"type":"Feature","properties":{"id":418633426,"highway":"residential"},"geometry":{"type":"LineString","coordinates":[[139.59482,36.44328],[139.594667,36.443253],[139.594416,36.443107],[139.594303,36.442948],[139.594164,36.442898]]}},{"type":"Feature","properties":{"id":419247954,"highway":"residential"},"geometry":{"type":"LineString","coordinates":[[139.593871,36.434264],[139.593867,36.433918],[139.593728,36.433906]]}},{"type":"Feature","properties":{"id":423678041,"highway":"residential"},"geometry":{"type":"LineString","coordinates":[[139.592553,36.445602],[139.592508,36.445534],[139.592534,36.445291],[139.592651,36.444944]]}},{"type":"Feature","properties":{"id":486915327,"highway":"service"},"geometry":{"type":"LineString","coordinates":[[139.51896,36.401104],[139.519108,36.400657]]}},{"type":"Feature","properties":{"id":486915328,"highway":"primary"},"geometry":{"type":"LineString","coordinates":[[139.518923,36.401219],[139.51838,36.401068],[139.518267,36.40104],[139.51818,36.401023]]}},{"type":"Feature","properties":{"id":486915329,"highway":"primary"},"geometry":{"type":"LineString","coordinates":[[139.521014,36.401627],[139.520833,36.401635],[139.520671,36.401637],[139.520521,36.401631],[139.520377,36.401613],[139.520238,36.401589],[139.519866,36.401482],[139.519796,36.401463],[139.518923,36.401219]]}},{"type":"Feature","properties":{"id":486915333,"highway":"service"},"geometry":{"type":"LineString","coordinates":[[139.518923,36.401219],[139.51896,36.401104],[139.518266,36.400914],[139.518237,36.400913],[139.51822,36.400926],[139.51818,36.401023]]}},{"type":"Feature","properties":{"id":486967660,"highway":"primary"},"geometry":{"type":"LineString","coordinates":[[139.521934,36.401283],[139.521577,36.401451],[139.521437,36.401513],[139.52127,36.401573],[139.521142,36.401608],[139.521014,36.401627]]}},{"type":"Feature","properties":{"id":486967667,"highway":"residential"},"geometry":{"type":"LineString","coordinates":[[139.520027,36.422882],[139.519651,36.422994],[139.519254,36.423063],[139.518959,36.423145],[139.518881,36.42315],[139.518811,36.423147]]}},{"type":"Feature","properties":{"id":486967668,"highway":"residential"},"geometry":{"type":"LineString","coordinates":[[139.520501,36.418446],[139.520069,36.418498],[139.520035,36.418296],[139.520482,36.41825]]}},{"type":"Feature","properties":{"id":486967669,"highway":"residential"},"geometry":{"type":"LineString","coordinates":[[139.519103,36.412621],[139.519335,36.412595],[139.519625,36.412569],[139.51989,36.412512],[139.520525,36.412395]]}},{"type":"Feature","properties":{"id":491859800,"highway":"unclassified"},"geometry":{"type":"LineString","coordinates":[[139.592539,36.474302],[139.592092,36.474471],[139.592031,36.474486],[139.59179,36.474486],[139.591735,36.474503],[139.591333,36.474677],[139.591257,36.474722]]}},{"type":"Feature","properties":{"id":491859801,"highway":"unclassified"},"geometry":{"type":"LineString","coordinates":[[139.592652,36.474257],[139.592539,36.474302]]}},{"type":"Feature","properties":{"id":491859827,"highway":"tertiary"},"geometry":{"type":"LineString","coordinates":[[139.596634,36.469733],[139.596717,36.469662]]}},{"type":"Feature","properties":{"id":507875111,"highway":"residential"},"geometry":{"type":"LineString","coordinates":[[139.569348,36.410768],[139.569526,36.410823],[139.569613,36.410868],[139.569724,36.410913],[139.569813,36.410915],[139.569896,36.410918],[139.569954,36.41097],[139.569999,36.411038],[139.570104,36.411143],[139.570168,36.411255],[139.570271,36.41132]]}},{"type":"Feature","properties":{"id":507880854,"highway":"secondary"},"geometry":{"type":"LineString","coordinates":[[139.501815,36.494014],[139.501576,36.493785],[139.501396,36.493641],[139.501122,36.493433],[139.500994,36.493316],[139.500908,36.493209],[139.50083,36.493067],[139.500765,36.492926],[139.500682,36.492707],[139.500547,36.492272],[139.500503,36.4922],[139.500422,36.492131],[139.50032,36.492068]]}},{"type":"Feature","properties":{"id":507880866,"highway":"secondary"},"geometry":{"type":"LineString","coordinates":[[139.500562,36.481503],[139.500727,36.481348]]}},{"type":"Feature","properties":{"id":507880873,"highway":"residential"},"geometry":{"type":"LineString","coordinates":[[139.53037,36.453009],[139.530325,36.452989],[139.530217,36.452942],[139.529986,36.452842]]}},{"type":"Feature","properties":{"id":507880875,"highway":"service"},"geometry":{"type":"LineString","coordinates":[[139.534857,36.447629],[139.534816,36.447603],[139.534634,36.447577],[139.534526,36.447581],[139.534473,36.447588],[139.534411,36.447605],[139.534352,36.447655],[139.534317,36.447702],[139.534274,36.447803],[139.53417,36.44806],[139.534066,36.448232],[139.534037,36.448298],[139.534025,36.448358],[139.534016,36.448401],[139.534031,36.448436],[139.534063,36.448473]]}},{"type":"Feature","properties":{"id":508064866,"highway":"residential"},"geometry":{"type":"LineString","coordinates":[[139.593218,36.431213],[139.593457,36.431191],[139.59354,36.431208],[139.593648,36.431234],[139.593811,36.431258],[139.593932,36.43126],[139.594018,36.431244],[139.594128,36.431214],[139.594198,36.431176],[139.594273,36.431128],[139.594538,36.430772],[139.594865,36.430904],[139.595056,36.430968],[139.595142,36.430994]]}},{"type":"Feature","properties":{"id":508064870,"highway":"residential"},"geometry":{"type":"LineString","coordinates":[[139.594059,36.432109],[139.594184,36.432252],[139.594283,36.43233],[139.594564,36.432507]]}},{"type":"Feature","properties":{"id":508064871,"highway":"secondary"},"geometry":{"type":"LineString","coordinates":[[139.591878,36.43277],[139.591883,36.432883],[139.591902,36.432992],[139.591944,36.433095],[139.59199,36.433191],[139.592063,36.433283],[139.592148,36.433374],[139.592284,36.433491],[139.592433,36.433603],[139.592646,36.433741]]}},{"type":"Feature","properties":{"id":508064872,"highway":"secondary"},"geometry":{"type":"LineString","coordinates":[[139.591907,36.432553],[139.591889,36.432634],[139.59188,36.432698],[139.591878,36.43277]]}},{"type":"Feature","properties":{"id":508064873,"highway":"tertiary"},"geometry":{"type":"LineString","coordinates":[[139.592928,36.433309],[139.592919,36.43333],[139.592886,36.433405],[139.592848,36.433489],[139.592785,36.433578],[139.592726,36.433656],[139.592646,36.433741]]}},{"type":"Feature","properties":{"id":508064874,"highway":"tertiary"},"geometry":{"type":"LineString","coordinates":[[139.592964,36.433201],[139.592928,36.433309]]}},{"type":"Feature","properties":{"id":663384232,"highway":"service"},"geometry":{"type":"LineString","coordinates":[[139.578192,36.401707],[139.577941,36.401144]]}},{"type":"Feature","properties":{"id":663389216,"highway":"residential"},"geometry":{"type":"LineString","coordinates":[[139.571148,36.409494],[139.571035,36.409871],[139.570169,36.409686],[139.570035,36.409661],[139.569933,36.409634],[139.569826,36.409618]]}},{"type":"Feature","properties":{"id":663389219,"highway":"residential"},"geometry":{"type":"LineString","coordinates":[[139.569536,36.413374],[139.569137,36.413295]]}},{"type":"Feature","properties":{"id":663391320,"highway":"service"},"geometry":{"type":"LineString","coordinates":[[139.567348,36.415237],[139.567985,36.415354],[139.568006,36.415375],[139.567973,36.415496]]}},{"type":"Feature","properties":{"id":663391321,"highway":"service"},"geometry":{"type":"LineString","coordinates":[[139.569346,36.413906],[139.569537,36.413447],[139.569536,36.413374]]}},{"type":"Feature","properties":{"id":663391322,"highway":"residential"},"geometry":{"type":"LineString","coordinates":[[139.574455,36.40346],[139.574036,36.403514],[139.57395,36.403492],[139.573908,36.403438],[139.573813,36.403107],[139.57377,36.403084],[139.573652,36.403062],[139.573424,36.403116],[139.572903,36.403211]]}},{"type":"Feature","properties":{"id":663397626,"highway":"residential"},"geometry":{"type":"LineString","coordinates":[[139.563299,36.400596],[139.562927,36.400057],[139.56288,36.399876],[139.562838,36.399617],[139.562492,36.399083]]}},{"type":"Feature","properties":{"id":663402353,"highway":"residential"},"geometry":{"type":"LineString","coordinates":[[139.576146,36.409842],[139.57608,36.409395],[139.576075,36.409227],[139.576069,36.409075]]}},{"type":"Feature","properties":{"id":663402354,"highway":"service"},"geometry":{"type":"LineString","coordinates":[[139.590466,36.416445],[139.590753,36.415937],[139.590174,36.415704]]}},{"type":"Feature","properties":{"id":663402355,"highway":"service"},"geometry":{"type":"LineString","coordinates":[[139.588336,36.417348],[139.588056,36.417814],[139.587855,36.417983],[139.587404,36.418691],[139.58721,36.418799],[139.587034,36.418825],[139.586277,36.418822],[139.585913,36.418731],[139.585862,36.41868],[139.585739,36.418693],[139.585494,36.418722],[139.585346,36.418857],[139.585117,36.419089]]}},{"type":"Feature","properties":{"id":663402356,"highway":"service"},"geometry":{"type":"LineString","coordinates":[[139.587122,36.417976],[139.588514,36.415672]]}},{"type":"Feature","properties":{"id":663402357,"highway":"service"},"geometry":{"type":"LineString","coordinates":[[139.589182,36.415935],[139.589873,36.416202],[139.590466,36.416445]]}},{"type":"Feature","properties":{"id":663427637,"highway":"residential"},"geometry":{"type":"LineString","coordinates":[[139.550148,36.425739],[139.550351,36.425915],[139.550625,36.426089],[139.550696,36.426235],[139.550822,36.426342],[139.550933,36.426401],[139.550979,36.426451],[139.55107,36.426622]]}},{"type":"Feature","properties":{"id":663430587,"highway":"service"},"geometry":{"type":"LineString","coordinates":[[139.538526,36.438263],[139.539125,36.438294],[139.53925,36.438289],[139.539573,36.438218],[139.539622,36.438204]]}},{"type":"Feature","properties":{"id":663430588,"highway":"service"},"geometry":{"type":"LineString","coordinates":[[139.539125,36.438294],[139.539043,36.437856],[139.539063,36.437547],[139.539065,36.43749],[139.539085,36.437428],[139.539174,36.437226],[139.539201,36.437187],[139.53925,36.43718],[139.539544,36.437185],[139.539599,36.437185]]}},{"type":"Feature","properties":{"id":663430591,"highway":"residential"},"geometry":{"type":"LineString","coordinates":[[139.543724,36.445448],[139.543906,36.445076],[139.543879,36.445036],[139.542871,36.444619]]}},{"type":"Feature","properties":{"id":663430592,"highway":"service"},"geometry":{"type":"LineString","coordinates":[[139.539042,36.447104],[139.538822,36.447128],[139.538736,36.447195],[139.53873,36.44726],[139.538791,36.447572]]}},{"type":"Feature","properties":{"id":663430593,"highway":"service"},"geometry":{"type":"LineString","coordinates":[[139.539042,36.447104],[139.539155,36.447158],[139.539367,36.447193],[139.539558,36.447222]]}},{"type":"Feature","properties":{"id":663430594,"highway":"service"},"geometry":{"type":"LineString","coordinates":[[139.538822,36.447128],[139.538653,36.447123],[139.538517,36.447084]]}},{"type":"Feature","properties":{"id":741675993,"highway":"residential"},"geometry":{"type":"LineString","coordinates":[[139.543641,36.487128],[139.54337,36.486947],[139.542749,36.486766]]}},{"type":"Feature","properties":{"id":741675997,"highway":"service"},"geometry":{"type":"LineString","coordinates":[[139.547715,36.478053],[139.547811,36.477997],[139.547946,36.477962],[139.548376,36.477871],[139.548338,36.477837],[139.547845,36.477601]]}},{"type":"Feature","properties":{"id":741676002,"highway":"residential"},"geometry":{"type":"LineString","coordinates":[[139.556609,36.467467],[139.556199,36.467243],[139.556059,36.467141],[139.555968,36.467042],[139.555874,36.46693],[139.555735,36.46671]]}},{"type":"Feature","properties":{"id":741676004,"highway":"residential"},"geometry":{"type":"LineString","coordinates":[[139.567547,36.457218],[139.567523,36.45708],[139.567531,36.45702],[139.567553,36.456973],[139.567657,36.456815],[139.567681,36.456744],[139.56767,36.456657]]}},{"type":"Feature","properties":{"id":744913402,"highway":"secondary"},"geometry":{"type":"LineString","coordinates":[[139.553684,36.486778],[139.55374,36.486707],[139.553827,36.486553],[139.554085,36.486052],[139.554159,36.485929],[139.554251,36.485825],[139.554618,36.485452],[139.554822,36.485297],[139.554976,36.485245],[139.555169,36.485212],[139.555586,36.485158],[139.55574,36.48512],[139.555912,36.485038],[139.556038,36.484931],[139.556364,36.484566],[139.556763,36.484105]]}},{"type":"Feature","properties":{"id":744913404,"highway":"residential"},"geometry":{"type":"LineString","coordinates":[[139.569415,36.467887],[139.569519,36.467933],[139.569594,36.467957],[139.56968,36.467948],[139.569757,36.467933],[139.569806,36.467886],[139.569869,36.467778]]}},{"type":"Feature","properties":{"id":744913405,"highway":"residential"},"geometry":{"type":"LineString","coordinates":[[139.576911,36.463507],[139.576858,36.46347],[139.576829,36.463452],[139.576785,36.463438],[139.576734,36.463438],[139.576688,36.46345],[139.576659,36.463473],[139.576649,36.463505],[139.576661,36.463547],[139.576693,36.463588],[139.576721,36.463621],[139.57676,36.463692],[139.57679,36.463757],[139.576842,36.46387]]}},{"type":"Feature","properties":{"id":744913406,"highway":"residential"},"geometry":{"type":"LineString","coordinates":[[139.591926,36.452653],[139.591327,36.452452]]}},{"type":"Feature","properties":{"id":744913408,"highway":"residential"},"geometry":{"type":"LineString","coordinates":[[139.586264,36.45624],[139.586388,36.45637]]}},{"type":"Feature","properties":{"id":744913409,"highway":"residential"},"geometry":{"type":"LineString","coordinates":[[139.586153,36.456157],[139.586264,36.45624]]}},{"type":"Feature","properties":{"id":744913410,"highway":"residential"},"geometry":{"type":"LineString","coordinates":[[139.593546,36.448768],[139.593487,36.448777],[139.593417,36.448802],[139.593337,36.448837],[139.593248,36.448859],[139.593138,36.448852],[139.592808,36.448813]]}},{"type":"Feature","properties":{"id":744913411,"highway":"residential"},"geometry":{"type":"LineString","coordinates":[[139.592315,36.450157],[139.592196,36.450122]]}},{"type":"Feature","properties":{"id":744913412,"highway":"residential"},"geometry":{"type":"LineString","coordinates":[[139.592375,36.450175],[139.592315,36.450157]]}},{"type":"Feature","properties":{"id":744913413,"highway":"residential"},"geometry":{"type":"LineString","coordinates":[[139.59241,36.448608],[139.592253,36.448619]]}},{"type":"Feature","properties":{"id":744913414,"highway":"residential"},"geometry":{"type":"LineString","coordinates":[[139.592761,36.448562],[139.59241,36.448608]]}},{"type":"Feature","properties":{"id":744913415,"highway":"residential"},"geometry":{"type":"LineString","coordinates":[[139.592196,36.450122],[139.592181,36.450117],[139.592136,36.450134],[139.591971,36.450147]]}},{"type":"Feature","properties":{"id":744913416,"highway":"residential"},"geometry":{"type":"LineString","coordinates":[[139.592181,36.450117],[139.592194,36.450062],[139.592202,36.449983],[139.592183,36.449914],[139.592108,36.449734],[139.592044,36.449577],[139.592017,36.449478],[139.592004,36.449379],[139.592004,36.449255],[139.592073,36.448998],[139.592193,36.448624],[139.592324,36.448295],[139.59241,36.448076],[139.592486,36.447915],[139.592517,36.447849],[139.592531,36.447816],[139.592544,36.447777]]}},{"type":"Feature","properties":{"id":744913417,"highway":"residential"},"geometry":{"type":"LineString","coordinates":[[139.592253,36.448619],[139.592193,36.448624],[139.592097,36.448625],[139.591945,36.448613],[139.591837,36.448619],[139.591623,36.448669],[139.591454,36.448695],[139.591376,36.448695]]}},{"type":"Feature","properties":{"id":744913418,"highway":"residential"},"geometry":{"type":"LineString","coordinates":[[139.594478,36.440237],[139.594412,36.440269],[139.594388,36.440297],[139.594369,36.440413],[139.594332,36.440476],[139.593952,36.440693]]}},{"type":"Feature","properties":{"id":744913419,"highway":"secondary"},"geometry":{"type":"LineString","coordinates":[[139.594494,36.438926],[139.594485,36.438634]]}},{"type":"Feature","properties":{"id":744913420,"highway":"residential"},"geometry":{"type":"LineString","coordinates":[[139.594475,36.438556],[139.59456,36.438515],[139.594659,36.438424],[139.594796,36.438275],[139.594825,36.438189],[139.594833,36.438089],[139.594782,36.437818],[139.594691,36.437565],[139.594643,36.437481],[139.594552,36.437388],[139.594477,36.437321],[139.593953,36.436954],[139.593809,36.436893]]}},{"type":"Feature","properties":{"id":807416458,"highway":"service"},"geometry":{"type":"LineString","coordinates":[[139.521648,36.465604],[139.521727,36.465625],[139.521825,36.465663],[139.521928,36.465709],[139.522075,36.465777],[139.522195,36.465832],[139.522296,36.465916],[139.522383,36.465968],[139.52254,36.466078],[139.522634,36.466126],[139.522885,36.466221],[139.522983,36.466244],[139.523032,36.466267],[139.523121,36.466297],[139.523271,36.466358],[139.523355,36.466395],[139.52384,36.466616],[139.524209,36.466779],[139.524523,36.466886],[139.525004,36.467027],[139.525353,36.467106],[139.525806,36.467191],[139.526557,36.467314],[139.526655,36.46732],[139.526934,36.467371],[139.527087,36.467382],[139.527353,36.467374],[139.527581,36.467392],[139.527949,36.467437],[139.528406,36.467512],[139.528572,36.467555],[139.528788,36.467638],[139.528994,36.467731],[139.529189,36.467829],[139.529284,36.467934],[139.529292,36.467958],[139.529327,36.468055],[139.529268,36.46815],[139.529128,36.46818],[139.528957,36.468154],[139.528806,36.468085],[139.528667,36.46802],[139.528522,36.467977],[139.528324,36.46793],[139.528179,36.467895],[139.528072,36.467843],[139.527916,36.467813],[139.527776,36.467874],[139.527664,36.46802],[139.527589,36.468158],[139.52746,36.468245],[139.527229,36.468236],[139.527041,36.46824],[139.526881,36.468348],[139.526838,36.468456],[139.526779,36.468728],[139.526762,36.468849],[139.52672,36.468935],[139.526575,36.468969],[139.526435,36.468909],[139.526296,36.468762],[139.526124,36.468641],[139.525926,36.468555],[139.52584,36.468491],[139.525743,36.468443],[139.52562,36.468499],[139.525625,36.468603],[139.525759,36.468654],[139.52599,36.468693],[139.526113,36.468779],[139.526226,36.468948],[139.526366,36.469133],[139.526548,36.469345],[139.526623,36.469375],[139.526746,36.469353],[139.526864,36.469289],[139.526934,36.469185],[139.527052,36.469025],[139.527127,36.468926],[139.527229,36.46884],[139.527347,36.468788],[139.527583,36.468754],[139.52776,36.468711],[139.527986,36.468641],[139.528087,36.468654],[139.528152,36.468754],[139.528131,36.468862],[139.528104,36.469021],[139.528211,36.469155],[139.528442,36.469215],[139.528613,36.469207],[139.528742,36.469189],[139.528826,36.46922],[139.528892,36.469306],[139.52893,36.469457],[139.528919,36.46966],[139.528957,36.469906],[139.528882,36.470699],[139.528833,36.470872],[139.528769,36.471014]]}},{"type":"Feature","properties":{"id":807416459,"highway":"service"},"geometry":{"type":"LineString","coordinates":[[139.528769,36.471014],[139.528806,36.471161],[139.52893,36.471376],[139.529075,36.47145],[139.529327,36.471463],[139.529686,36.471446],[139.52982,36.471402],[139.529976,36.47126],[139.530115,36.471182],[139.53041,36.471113],[139.530496,36.470997],[139.530448,36.470919],[139.530217,36.470703],[139.530153,36.47054],[139.530201,36.470406],[139.530314,36.470337],[139.530577,36.470302],[139.530748,36.470307],[139.531129,36.470324],[139.531349,36.470324],[139.531601,36.470376],[139.531746,36.470371],[139.531875,36.47032],[139.532057,36.470044],[139.532234,36.469862],[139.532277,36.469772],[139.53225,36.469595],[139.532186,36.469461],[139.532079,36.46937],[139.531912,36.469284],[139.531741,36.469215],[139.531666,36.469112],[139.531709,36.468982],[139.531848,36.468896],[139.53203,36.468818],[139.532207,36.468792],[139.532395,36.468788],[139.532551,36.468728],[139.532765,36.468616],[139.532889,36.468452],[139.532916,36.468331],[139.53291,36.468201],[139.533007,36.468094],[139.533135,36.467994],[139.533178,36.467869],[139.533152,36.46774],[139.5332,36.467597],[139.533377,36.467481],[139.533538,36.467442],[139.533699,36.467481],[139.533838,36.467572],[139.53387,36.467697],[139.533854,36.467925],[139.533806,36.468042],[139.533742,36.468193],[139.533779,36.468331],[139.533929,36.468486],[139.534181,36.468659],[139.534241,36.468797],[139.534181,36.468926],[139.53409,36.469051],[139.534101,36.469254],[139.534187,36.469401],[139.53423,36.469638],[139.534294,36.469832],[139.534439,36.469974],[139.53445,36.470117],[139.534348,36.470255],[139.534064,36.470458],[139.533897,36.47066],[139.533838,36.47085],[139.533903,36.471075],[139.533999,36.471308],[139.533972,36.471579],[139.533785,36.471778],[139.533554,36.471916],[139.533431,36.472097],[139.533506,36.472282],[139.533709,36.472412],[139.533886,36.472455],[139.534122,36.472451],[139.534364,36.472455],[139.534519,36.472507],[139.534584,36.47261],[139.53453,36.472835],[139.534407,36.473115],[139.5343,36.473184],[139.534047,36.47327],[139.533956,36.473344],[139.533908,36.473516],[139.533951,36.473637],[139.534096,36.473693],[139.534283,36.473736],[139.534353,36.473775],[139.53446,36.473952],[139.534562,36.473991],[139.53467,36.473965],[139.534696,36.473896],[139.534546,36.473728],[139.53446,36.473646],[139.5343,36.473594],[139.534203,36.473538],[139.534192,36.473451],[139.534251,36.473387],[139.534428,36.473335],[139.534605,36.473257],[139.534702,36.473162],[139.534863,36.472822],[139.534986,36.472684],[139.535169,36.472433],[139.535195,36.472278],[139.535153,36.472183],[139.535013,36.472123],[139.534696,36.472019],[139.534627,36.47195],[139.534632,36.471838],[139.534739,36.47176],[139.534863,36.47164],[139.534857,36.471558],[139.534825,36.471368],[139.534863,36.47123],[139.534922,36.471118],[139.534992,36.471044],[139.535147,36.471014],[139.535324,36.470993],[139.535448,36.470937],[139.535592,36.470867],[139.535748,36.470867],[139.535984,36.470872],[139.536113,36.470811],[139.536161,36.470738],[139.536231,36.470596],[139.536376,36.470484],[139.536488,36.470449],[139.536628,36.470466],[139.53688,36.470518],[139.537019,36.470501],[139.537191,36.470432],[139.5374,36.470346],[139.53747,36.470212],[139.537427,36.470069],[139.537277,36.469987],[139.537068,36.469944],[139.536821,36.469841],[139.536499,36.469642],[139.536461,36.469521],[139.53651,36.469418],[139.536681,36.46928],[139.536697,36.469112],[139.536622,36.468892],[139.536553,36.468624],[139.536494,36.46846],[139.536515,36.468352],[139.536665,36.468292],[139.536794,36.468339],[139.537116,36.468516],[139.537379,36.468672],[139.537566,36.468831],[139.537701,36.468913],[139.537861,36.4689],[139.538194,36.468818],[139.538409,36.46865]]}},{"type":"Feature","properties":{"id":807416460,"highway":"unclassified"},"geometry":{"type":"LineString","coordinates":[[139.521564,36.46559],[139.52148,36.465613]]}},{"type":"Feature","properties":{"id":807416461,"highway":"unclassified"},"geometry":{"type":"LineString","coordinates":[[139.521648,36.465604],[139.521564,36.46559]]}},{"type":"Feature","properties":{"id":829945839,"highway":"service"},"geometry":{"type":"LineString","coordinates":[[139.582293,36.420947],[139.582372,36.420979],[139.582498,36.42099],[139.582602,36.420925]]}},{"type":"Feature","properties":{"id":829945840,"highway":"service"},"geometry":{"type":"LineString","coordinates":[[139.582482,36.420763],[139.582558,36.420832],[139.582578,36.420873],[139.582602,36.420925]]}},{"type":"Feature","properties":{"id":829945841,"highway":"service"},"geometry":{"type":"LineString","coordinates":[[139.582578,36.420873],[139.582611,36.420885],[139.582659,36.420868],[139.582684,36.420842],[139.582724,36.420697],[139.582806,36.42054],[139.582883,36.420371]]}},{"type":"Feature","properties":{"id":829945842,"highway":"service"},"geometry":{"type":"LineString","coordinates":[[139.582602,36.420925],[139.582619,36.421051],[139.582576,36.421156],[139.582519,36.421207],[139.582446,36.421255],[139.582422,36.421284],[139.582415,36.421316],[139.582425,36.421358],[139.582552,36.421496],[139.582909,36.421885],[139.582875,36.421963]]}},{"type":"Feature","properties":{"id":829945844,"highway":"service"},"geometry":{"type":"LineString","coordinates":[[139.584354,36.420166],[139.583315,36.421987],[139.58329,36.422091],[139.58329,36.422206],[139.583331,36.422327],[139.583352,36.422421],[139.583354,36.422527],[139.583301,36.422651],[139.583225,36.422752],[139.583124,36.422823],[139.583001,36.422885],[139.582914,36.422953],[139.582856,36.423015],[139.582665,36.423469],[139.582597,36.423543],[139.582503,36.42361],[139.582405,36.423661],[139.582307,36.423683],[139.582069,36.423651],[139.58191,36.423629],[139.581768,36.423657],[139.581651,36.423734],[139.581588,36.423819],[139.581591,36.423943],[139.581633,36.42405],[139.581707,36.424119],[139.582053,36.424275],[139.582461,36.424486],[139.582585,36.424582],[139.582653,36.424692],[139.582627,36.42485],[139.582543,36.42494],[139.582443,36.424999],[139.58231,36.425021],[139.582191,36.425012],[139.582055,36.42498],[139.58192,36.424903],[139.58181,36.424796],[139.581703,36.424591],[139.581663,36.424501],[139.581595,36.424414],[139.581411,36.424225],[139.58135,36.424147],[139.581325,36.424089],[139.581282,36.423986],[139.581285,36.423864],[139.58132,36.42374],[139.581401,36.423597],[139.581447,36.423517],[139.582004,36.422556]]}},{"type":"Feature","properties":{"id":829945845,"highway":"service"},"geometry":{"type":"LineString","coordinates":[[139.581447,36.423517],[139.581449,36.423314],[139.581435,36.423094],[139.58148,36.422871],[139.581704,36.422379],[139.581804,36.422194],[139.581958,36.421982],[139.582131,36.421792],[139.582552,36.421496],[139.582647,36.421441],[139.582848,36.421253],[139.582953,36.421101],[139.583049,36.420813],[139.583128,36.420648],[139.583277,36.420486],[139.583555,36.420314],[139.583831,36.420135],[139.584015,36.419947],[139.584146,36.41972],[139.584363,36.419378],[139.584529,36.419141],[139.584697,36.419049],[139.584875,36.419027],[139.585117,36.419089],[139.585185,36.419214],[139.585211,36.419337],[139.585143,36.419513],[139.584938,36.419665],[139.584641,36.419846],[139.584489,36.419973],[139.584354,36.420166]]}},{"type":"Feature","properties":{"id":829945846,"highway":"service"},"geometry":{"type":"LineString","coordinates":[[139.582856,36.423015],[139.582942,36.422804]]}},{"type":"Feature","properties":{"id":829945847,"highway":"service"},"geometry":{"type":"LineString","coordinates":[[139.583354,36.422527],[139.583378,36.422695],[139.583405,36.422827],[139.583466,36.422947],[139.583528,36.423026],[139.583628,36.423093],[139.58375,36.42314],[139.583989,36.423214],[139.58407,36.423254],[139.584118,36.423307],[139.584155,36.423371],[139.584169,36.423454],[139.584149,36.423548],[139.584102,36.423627],[139.584027,36.423721],[139.583898,36.423844],[139.583742,36.423963],[139.583658,36.424067],[139.583613,36.424158],[139.583588,36.424318],[139.583544,36.424418],[139.583454,36.42451],[139.583192,36.424762],[139.583024,36.424883],[139.582874,36.424973],[139.582737,36.425037],[139.582566,36.425104],[139.582403,36.425121],[139.582194,36.425121],[139.582015,36.425084],[139.581883,36.425014],[139.581773,36.424932],[139.581674,36.424798],[139.581623,36.424684],[139.5816,36.424597],[139.581545,36.424499],[139.581453,36.424436],[139.581371,36.424369],[139.581332,36.424304],[139.581325,36.424089]]}},{"type":"Feature","properties":{"id":829945848,"highway":"service"},"geometry":{"type":"LineString","coordinates":[[139.585862,36.41868],[139.585892,36.418601],[139.585943,36.418515],[139.586076,36.418379],[139.586312,36.418195],[139.586361,36.418094],[139.586361,36.418],[139.586312,36.417882],[139.58613,36.417547],[139.58612,36.417438],[139.586132,36.417353],[139.586307,36.417068],[139.586417,36.416805],[139.586739,36.416277],[139.586823,36.416207],[139.586935,36.416172],[139.587064,36.41616],[139.587416,36.416147],[139.587573,36.416119],[139.587757,36.416068],[139.587942,36.415978],[139.588121,36.415875],[139.588341,36.415704],[139.588416,36.415627]]}},{"type":"Feature","properties":{"id":829945850,"highway":"service"},"geometry":{"type":"LineString","coordinates":[[139.59177,36.415477],[139.591606,36.415601],[139.59152,36.415696],[139.591198,36.416231],[139.591099,36.416348],[139.591026,36.416455],[139.590901,36.416531],[139.590582,36.417061],[139.590157,36.417766]]}},{"type":"Feature","properties":{"id":829945852,"highway":"service"},"geometry":{"type":"LineString","coordinates":[[139.588416,36.415627],[139.588558,36.415245],[139.588477,36.414564],[139.588318,36.414609]]}},{"type":"Feature","properties":{"id":829945853,"highway":"service"},"geometry":{"type":"LineString","coordinates":[[139.588514,36.415672],[139.588773,36.415253],[139.588537,36.414556],[139.588477,36.414564]]}},{"type":"Feature","properties":{"id":1095521765,"highway":"secondary"},"geometry":{"type":"LineString","coordinates":[[139.573426,36.407405],[139.573331,36.407302],[139.573256,36.407193],[139.573193,36.407067],[139.573143,36.406949],[139.573123,36.406872],[139.573089,36.406716],[139.573074,36.406556],[139.573083,36.406379],[139.573109,36.406196],[139.573156,36.405952],[139.57327,36.405375],[139.573293,36.405182],[139.573311,36.405042],[139.573322,36.404849],[139.57331,36.404647],[139.573269,36.404339],[139.573233,36.404174],[139.573194,36.403993],[139.57305,36.403576],[139.572903,36.403211],[139.572391,36.401936],[139.572233,36.401544],[139.572128,36.40123],[139.572072,36.401069],[139.571989,36.400701],[139.571985,36.400666],[139.571949,36.400373],[139.571947,36.400352],[139.571936,36.400069],[139.571945,36.399594],[139.571963,36.398787],[139.571936,36.398405],[139.571894,36.398142],[139.57182,36.397848],[139.571799,36.397788],[139.571713,36.397533],[139.571575,36.397278],[139.571396,36.397008],[139.571102,36.396643],[139.570801,36.396327],[139.570416,36.395915]]}},{"type":"Feature","properties":{"id":1210213659,"highway":"residential"},"geometry":{"type":"LineString","coordinates":[[139.592974,36.433173],[139.593071,36.433201],[139.593204,36.433224],[139.593406,36.433249],[139.593816,36.433274],[139.593969,36.433285],[139.594242,36.433296],[139.594594,36.433311]]}},{"type":"Feature","properties":{"id":1262781781,"highway":"unclassified"},"geometry":{"type":"LineString","coordinates":[[139.572072,36.401069],[139.571895,36.401095],[139.571794,36.401025],[139.571683,36.400957],[139.571648,36.400932],[139.571607,36.400906],[139.571527,36.400905]]}},{"type":"Feature","properties":{"id":1262781782,"highway":"unclassified"},"geometry":{"type":"LineString","coordinates":[[139.572884,36.407424],[139.572905,36.407396],[139.572915,36.407353],[139.57296,36.406925],[139.573123,36.406872]]}},{"type":"Feature","properties":{"id":1266312799,"highway":"secondary"},"geometry":{"type":"LineString","coordinates":[[139.574643,36.407983],[139.57432,36.407902],[139.574096,36.407835],[139.573917,36.407755],[139.57374,36.407662],[139.573601,36.407554],[139.573426,36.407405]]}},{"type":"Feature","properties":{"id":1280995601,"highway":"unclassified"},"geometry":{"type":"LineString","coordinates":[[139.570869,36.407499],[139.571038,36.406936],[139.571242,36.406262],[139.571278,36.406135],[139.571312,36.406003],[139.571357,36.405771],[139.57142,36.405523],[139.571434,36.405493],[139.571452,36.405464],[139.571483,36.405425],[139.571509,36.405395],[139.571522,36.405375],[139.571536,36.405347],[139.571545,36.405308],[139.571552,36.405266],[139.571666,36.40433],[139.571742,36.40387],[139.571763,36.40369],[139.571787,36.403493],[139.571793,36.403295],[139.571775,36.402407],[139.571769,36.402294],[139.571758,36.401939],[139.571736,36.40165],[139.571691,36.401434],[139.571642,36.401236],[139.571576,36.401013],[139.571527,36.400905],[139.571357,36.400574],[139.570886,36.399681]]}},{"type":"Feature","properties":{"id":1291363465,"highway":"service"},"geometry":{"type":"LineString","coordinates":[[139.589735,36.41783],[139.589695,36.417911],[139.589664,36.417931],[139.589614,36.417963],[139.589577,36.417989],[139.589488,36.4181],[139.589439,36.418158]]}},{"type":"Feature","properties":{"id":1291363466,"highway":"service"},"geometry":{"type":"LineString","coordinates":[[139.589439,36.418158],[139.589444,36.418113],[139.589513,36.417932]]}},{"type":"Feature","properties":{"id":1291363467,"highway":"service"},"geometry":{"type":"LineString","coordinates":[[139.58978,36.417607],[139.589727,36.417745]]}},{"type":"Feature","properties":{"id":1291363468,"highway":"service"},"geometry":{"type":"LineString","coordinates":[[139.589513,36.417932],[139.589511,36.417888],[139.589508,36.417838],[139.589554,36.417763],[139.589588,36.417746],[139.589667,36.417706]]}},{"type":"Feature","properties":{"id":1291363469,"highway":"service"},"geometry":{"type":"LineString","coordinates":[[139.589667,36.417706],[139.589749,36.417599],[139.589811,36.417508],[139.589854,36.41748]]}},{"type":"Feature","properties":{"id":1291363470,"highway":"service"},"geometry":{"type":"LineString","coordinates":[[139.589727,36.417745],[139.589735,36.41783]]}},{"type":"Feature","properties":{"id":1291363471,"highway":"service"},"geometry":{"type":"LineString","coordinates":[[139.589735,36.41783],[139.589839,36.417894],[139.589918,36.417912],[139.589986,36.417915],[139.590047,36.417896],[139.590122,36.41782],[139.590157,36.417766]]}},{"type":"Feature","properties":{"id":1291363472,"highway":"service"},"geometry":{"type":"LineString","coordinates":[[139.589769,36.418731],[139.589806,36.418556],[139.589892,36.418366],[139.589943,36.418228],[139.589952,36.418146],[139.589934,36.418056],[139.589887,36.417997],[139.589818,36.417955],[139.589757,36.417931],[139.589664,36.417931]]}},{"type":"Feature","properties":{"id":1291363473,"highway":"service"},"geometry":{"type":"LineString","coordinates":[[139.589027,36.417597],[139.589427,36.417736],[139.58954,36.417747],[139.589588,36.417746]]}},{"type":"Feature","properties":{"id":1291363474,"highway":"service"},"geometry":{"type":"LineString","coordinates":[[139.589027,36.417597],[139.589196,36.417695],[139.589415,36.417788],[139.589473,36.41783],[139.589511,36.417888]]}},{"type":"Feature","properties":{"id":1291363475,"highway":"service"},"geometry":{"type":"LineString","coordinates":[[139.589511,36.417888],[139.589579,36.417925],[139.589664,36.417931]]}},{"type":"Feature","properties":{"id":1291363476,"highway":"service"},"geometry":{"type":"LineString","coordinates":[[139.589588,36.417746],[139.589666,36.417755],[139.589711,36.417783],[139.589735,36.41783]]}},{"type":"Feature","properties":{"id":1291363477,"highway":"service"},"geometry":{"type":"LineString","coordinates":[[139.588336,36.417348],[139.588644,36.417467],[139.589027,36.417597]]}},{"type":"Feature","properties":{"id":1291363478,"highway":"service"},"geometry":{"type":"LineString","coordinates":[[139.590157,36.417766],[139.590144,36.417692],[139.590551,36.41705]]}},{"type":"Feature","properties":{"id":1291363479,"highway":"service"},"geometry":{"type":"LineString","coordinates":[[139.591026,36.416455],[139.590474,36.417339],[139.590233,36.417728],[139.589943,36.418228]]}},{"type":"Feature","properties":{"id":1291364758,"highway":"service"},"geometry":{"type":"LineString","coordinates":[[139.589439,36.418158],[139.58931,36.418385]]}},{"type":"Feature","properties":{"id":1291367402,"highway":"service"},"geometry":{"type":"LineString","coordinates":[[139.589583,36.416682],[139.590192,36.416913]]}},{"type":"Feature","properties":{"id":1291367403,"highway":"service"},"geometry":{"type":"LineString","coordinates":[[139.590192,36.416913],[139.590551,36.41705],[139.590582,36.417061]]}},{"type":"Feature","properties":{"id":1291570340,"highway":"service"},"geometry":{"type":"LineString","coordinates":[[139.58978,36.417607],[139.589854,36.41748],[139.590192,36.416913],[139.590466,36.416445]]}},{"type":"Feature","properties":{"id":1291570341,"highway":"service"},"geometry":{"type":"LineString","coordinates":[[139.590174,36.415704],[139.589059,36.415265]]}},{"type":"Feature","properties":{"id":1291570342,"highway":"service"},"geometry":{"type":"LineString","coordinates":[[139.588416,36.415627],[139.588514,36.415672],[139.589182,36.415935]]}},{"type":"Feature","properties":{"id":1291570343,"highway":"service"},"geometry":{"type":"LineString","coordinates":[[139.589182,36.415935],[139.588336,36.417348]]}},{"type":"Feature","properties":{"id":1291570344,"highway":"service"},"geometry":{"type":"LineString","coordinates":[[139.588677,36.418166],[139.58847,36.418503]]}},{"type":"Feature","properties":{"id":1291570345,"highway":"service"},"geometry":{"type":"LineString","coordinates":[[139.58931,36.418385],[139.589281,36.418376],[139.588677,36.418166]]}},{"type":"Feature","properties":{"id":1461426980,"highway":"unclassified"},"geometry":{"type":"LineString","coordinates":[[139.506124,36.403808],[139.50623,36.403806],[139.506387,36.403868],[139.50651,36.403846],[139.506932,36.403526],[139.507071,36.403449],[139.507675,36.403283],[139.507767,36.403226]]}},{"type":"Feature","properties":{"id":1461426981,"highway":"residential"},"geometry":{"type":"LineString","coordinates":[[139.513618,36.401492],[139.513609,36.400637]]}},{"type":"Feature","properties":{"id":1461426982,"highway":"unclassified"},"geometry":{"type":"LineString","coordinates":[[139.519867,36.402643],[139.519878,36.402289],[139.519878,36.401933],[139.519796,36.401463]]}},{"type":"Feature","properties":{"id":1461427047,"highway":"residential"},"geometry":{"type":"LineString","coordinates":[[139.56234,36.400395],[139.562998,36.400495],[139.56324,36.400608]]}},{"type":"Feature","properties":{"id":1461427048,"highway":"residential"},"geometry":{"type":"LineString","coordinates":[[139.562666,36.402132],[139.562984,36.401795]]}},{"type":"Feature","properties":{"id":1528710914,"highway":"service"},"geometry":{"type":"LineString","coordinates":[[139.524313,36.497655],[139.524405,36.498194],[139.524395,36.498222],[139.524361,36.498262],[139.524311,36.498289]]}},{"type":"Feature","properties":{"id":1528710915,"highway":"service"},"geometry":{"type":"LineString","coordinates":[[139.524697,36.498261],[139.524395,36.498222]]}},{"type":"Feature","properties":{"id":1528710916,"highway":"service"},"geometry":{"type":"LineString","coordinates":[[139.525897,36.497833],[139.525845,36.497442]]}},{"type":"Feature","properties":{"id":1528710923,"highway":"service"},"geometry":{"type":"LineString","coordinates":[[139.537953,36.489072],[139.538014,36.489261],[139.53809,36.489354],[139.538192,36.489431],[139.538436,36.489523]]}},{"type":"Feature","properties":{"id":1528710924,"highway":"service"},"geometry":{"type":"LineString","coordinates":[[139.539362,36.489458],[139.539773,36.489282]]}},{"type":"Feature","properties":{"id":1528710925,"highway":"residential"},"geometry":{"type":"LineString","coordinates":[[139.540127,36.489335],[139.540367,36.489371]]}},{"type":"Feature","properties":{"id":1528710926,"highway":"residential"},"geometry":{"type":"LineString","coordinates":[[139.539773,36.489282],[139.539921,36.4893]]}},{"type":"Feature","properties":{"id":1528710931,"highway":"service"},"geometry":{"type":"LineString","coordinates":[[139.540727,36.488518],[139.540568,36.4884],[139.540522,36.488343],[139.540312,36.487918],[139.541094,36.48767],[139.541152,36.487624],[139.541703,36.487002],[139.541789,36.486885],[139.541978,36.486559],[139.54307,36.484677],[139.543622,36.484887],[139.543681,36.484901]]}},{"type":"Feature","properties":{"id":1528710932,"highway":"service"},"geometry":{"type":"LineString","coordinates":[[139.542713,36.486821],[139.542298,36.486704],[139.541978,36.486559]]}},{"type":"Feature","properties":{"id":1528710934,"highway":"service"},"geometry":{"type":"LineString","coordinates":[[139.546652,36.481318],[139.546741,36.481351],[139.547244,36.481421],[139.547613,36.481277],[139.547377,36.480614],[139.54728,36.480561]]}},{"type":"Feature","properties":{"id":1528710936,"highway":"service"},"geometry":{"type":"LineString","coordinates":[[139.547483,36.479201],[139.547328,36.479186],[139.547157,36.479159]]}},{"type":"Feature","properties":{"id":1528710937,"highway":"service"},"geometry":{"type":"LineString","coordinates":[[139.546357,36.481196],[139.546652,36.481318]]}},{"type":"Feature","properties":{"id":1529531176,"highway":"service"},"geometry":{"type":"LineString","coordinates":[[139.55154,36.472017],[139.551752,36.472068],[139.551814,36.472073],[139.551875,36.472057],[139.552016,36.471968],[139.552216,36.471812],[139.55237,36.471735],[139.552486,36.471693],[139.5526,36.47168],[139.552767,36.47169],[139.552842,36.471702]]}},{"type":"Feature","properties":{"id":1529531177,"highway":"service"},"geometry":{"type":"LineString","coordinates":[[139.551391,36.471991],[139.55154,36.472017]]}},{"type":"Feature","properties":{"id":1529531178,"highway":"service"},"geometry":{"type":"LineString","coordinates":[[139.547436,36.472469],[139.547521,36.472414],[139.547831,36.472217],[139.548015,36.472142],[139.548155,36.4721],[139.548337,36.472058],[139.548601,36.471982],[139.548848,36.471922],[139.54907,36.471894],[139.549311,36.471885],[139.549752,36.471935],[139.550529,36.472066],[139.550684,36.472069],[139.550863,36.472044],[139.551236,36.471995],[139.551391,36.471991]]}},{"type":"Feature","properties":{"id":1529531179,"highway":"service"},"geometry":{"type":"LineString","coordinates":[[139.547388,36.472522],[139.547436,36.472469]]}},{"type":"Feature","properties":{"id":1529531180,"highway":"service"},"geometry":{"type":"LineString","coordinates":[[139.545305,36.472016],[139.545415,36.472097],[139.545538,36.472075],[139.545881,36.47211],[139.546064,36.472093],[139.546311,36.472062],[139.546434,36.472088],[139.546659,36.472248],[139.546847,36.472364],[139.54696,36.472433],[139.547196,36.472549],[139.547325,36.472549],[139.547388,36.472522]]}},{"type":"Feature","properties":{"id":1529531181,"highway":"service"},"geometry":{"type":"LineString","coordinates":[[139.545329,36.471916],[139.545305,36.472016]]}},{"type":"Feature","properties":{"id":1529531186,"highway":"service"},"geometry":{"type":"LineString","coordinates":[[139.520519,36.462475],[139.52019,36.46252],[139.520066,36.462541],[139.519693,36.462654],[139.519357,36.462734],[139.519303,36.462745]]}},{"type":"Feature","properties":{"id":1529531187,"highway":"service"},"geometry":{"type":"LineString","coordinates":[[139.5193,36.462784],[139.519242,36.462784],[139.519167,36.462802],[139.519069,36.462806],[139.518989,36.462799],[139.518843,36.462768],[139.518503,36.462779],[139.518359,36.462779],[139.517994,36.462774],[139.51777,36.462772],[139.517673,36.462787],[139.517261,36.462885],[139.516895,36.462982],[139.516278,36.463161],[139.516266,36.463183],[139.516498,36.463452],[139.516531,36.463532],[139.516536,36.463579],[139.516487,36.463696]]}},{"type":"Feature","properties":{"id":1529531193,"highway":"service"},"geometry":{"type":"LineString","coordinates":[[139.510778,36.466094],[139.510706,36.466098],[139.510552,36.466172],[139.510452,36.466184],[139.510399,36.466201],[139.510339,36.466252],[139.510277,36.46627],[139.510198,36.466272],[139.510128,36.466267],[139.510068,36.466239],[139.510003,36.466136]]}},{"type":"Feature","properties":{"id":1529531195,"highway":"service"},"geometry":{"type":"LineString","coordinates":[[139.512742,36.466166],[139.512288,36.466026],[139.512142,36.466033],[139.512051,36.466039],[139.511669,36.465915],[139.511487,36.465847],[139.511425,36.465802],[139.511343,36.465725],[139.511123,36.465646],[139.5109,36.465582]]}},{"type":"Feature","properties":{"id":1529531196,"highway":"service"},"geometry":{"type":"LineString","coordinates":[[139.516998,36.461932],[139.517101,36.462086],[139.517164,36.462157],[139.5173,36.462294],[139.517379,36.462366],[139.517427,36.462418]]}},{"type":"Feature","properties":{"id":1529531198,"highway":"residential"},"geometry":{"type":"LineString","coordinates":[[139.521544,36.459905],[139.521471,36.459889],[139.521406,36.459874],[139.521296,36.459868],[139.521188,36.459869],[139.521138,36.459878],[139.521105,36.459896],[139.521023,36.45996],[139.520902,36.460094],[139.520778,36.460212],[139.520658,36.460285],[139.520384,36.460388],[139.520259,36.46043],[139.52024,36.460445],[139.520209,36.46047],[139.519926,36.460832],[139.519741,36.46108],[139.519682,36.461239],[139.519678,36.461261]]}},{"type":"Feature","properties":{"id":1529531199,"highway":"service"},"geometry":{"type":"LineString","coordinates":[[139.519678,36.461261],[139.519654,36.461381],[139.519591,36.461545],[139.519429,36.461744],[139.519278,36.461869],[139.519199,36.461902],[139.519115,36.461913],[139.51873,36.461923],[139.518513,36.461929],[139.518404,36.461941],[139.518333,36.461959],[139.518242,36.462008],[139.517908,36.462309],[139.517902,36.46233],[139.517886,36.462389]]}},{"type":"Feature","properties":{"id":1529531200,"highway":"service"},"geometry":{"type":"LineString","coordinates":[[139.52024,36.460445],[139.52015,36.460409],[139.519902,36.46024],[139.519822,36.460187]]}},{"type":"Feature","properties":{"id":1529531201,"highway":"service"},"geometry":{"type":"LineString","coordinates":[[139.519822,36.460187],[139.519719,36.460125],[139.519638,36.460121],[139.519499,36.460073]]}},{"type":"Feature","properties":{"id":1529531202,"highway":"service"},"geometry":{"type":"LineString","coordinates":[[139.51938,36.460414],[139.519543,36.460394],[139.519653,36.460368],[139.519719,36.460341],[139.519807,36.460282],[139.519847,36.460258],[139.519902,36.46024]]}},{"type":"Feature","properties":{"id":1529531203,"highway":"service"},"geometry":{"type":"LineString","coordinates":[[139.519926,36.460832],[139.519566,36.460663],[139.519446,36.460584]]}},{"type":"Feature","properties":{"id":1529531204,"highway":"service"},"geometry":{"type":"LineString","coordinates":[[139.51983,36.459585],[139.520001,36.459597],[139.520085,36.459613],[139.520118,36.459632],[139.520128,36.459652],[139.520126,36.45968],[139.52011,36.45971],[139.519979,36.459938],[139.519822,36.460187]]}},{"type":"Feature","properties":{"id":1529531205,"highway":"service"},"geometry":{"type":"LineString","coordinates":[[139.521023,36.45996],[139.520982,36.459879],[139.520942,36.459657],[139.520906,36.459521],[139.520955,36.459455],[139.521433,36.458958],[139.52149,36.458945],[139.521538,36.45895],[139.521579,36.458983],[139.521699,36.459121],[139.521894,36.45927],[139.521974,36.459316]]}},{"type":"Feature","properties":{"id":1529531208,"highway":"service"},"geometry":{"type":"LineString","coordinates":[[139.524035,36.458642],[139.524086,36.458782],[139.524211,36.459227]]}},{"type":"Feature","properties":{"id":1529531210,"highway":"service"},"geometry":{"type":"LineString","coordinates":[[139.530217,36.452942],[139.529879,36.453152],[139.529808,36.453178]]}},{"type":"Feature","properties":{"id":1529531211,"highway":"service"},"geometry":{"type":"LineString","coordinates":[[139.529827,36.453332],[139.529808,36.453178],[139.529791,36.453097],[139.529292,36.452763],[139.529235,36.452759]]}},{"type":"Feature","properties":{"id":1529531212,"highway":"service"},"geometry":{"type":"LineString","coordinates":[[139.531924,36.45273],[139.531334,36.452509],[139.531308,36.452513],[139.531232,36.452611],[139.531191,36.45267],[139.53117,36.4527]]}},{"type":"Feature","properties":{"id":1529939576,"highway":"service"},"geometry":{"type":"LineString","coordinates":[[139.517559,36.462399],[139.517558,36.46217],[139.517571,36.46214],[139.517637,36.462063],[139.517696,36.461875]]}},{"type":"Feature","properties":{"id":1529939578,"highway":"service"},"geometry":{"type":"LineString","coordinates":[[139.519656,36.46231],[139.519636,36.462263],[139.519607,36.462194],[139.519729,36.462076]]}},{"type":"Feature","properties":{"id":1529939580,"highway":"service"},"geometry":{"type":"LineString","coordinates":[[139.521181,36.460859],[139.521282,36.460873],[139.52124,36.461108],[139.521213,36.461127],[139.521091,36.461133]]}},{"type":"Feature","properties":{"id":1529939585,"highway":"service"},"geometry":{"type":"LineString","coordinates":[[139.521823,36.459482],[139.521752,36.459434],[139.521693,36.459384],[139.521375,36.45918],[139.521251,36.459305]]}},{"type":"Feature","properties":{"id":1529939592,"highway":"service"},"geometry":{"type":"LineString","coordinates":[[139.522712,36.458753],[139.522652,36.458724],[139.522331,36.458696],[139.522225,36.458689],[139.522188,36.458675],[139.522161,36.458645],[139.522155,36.458598],[139.522147,36.458539],[139.52214,36.458502],[139.522111,36.458461]]}},{"type":"Feature","properties":{"id":1529939601,"highway":"service"},"geometry":{"type":"LineString","coordinates":[[139.527841,36.456],[139.527787,36.455947],[139.527775,36.455909],[139.527778,36.455859],[139.528142,36.454856],[139.528214,36.454671],[139.528322,36.454546],[139.528441,36.454441],[139.528566,36.454357]]}},{"type":"Feature","properties":{"id":1529939602,"highway":"service"},"geometry":{"type":"LineString","coordinates":[[139.529432,36.453594],[139.52939,36.453588],[139.529164,36.453601],[139.529114,36.453435]]}},{"type":"Feature","properties":{"id":1529939603,"highway":"service"},"geometry":{"type":"LineString","coordinates":[[139.529114,36.454047],[139.529055,36.454035],[139.52879,36.453868],[139.528753,36.453811]]}},{"type":"Feature","properties":{"id":1529939604,"highway":"service"},"geometry":{"type":"LineString","coordinates":[[139.531232,36.452611],[139.531202,36.45259]]}},{"type":"Feature","properties":{"id":1529939605,"highway":"service"},"geometry":{"type":"LineString","coordinates":[[139.531191,36.45267],[139.531351,36.452856],[139.531659,36.453035]]}},{"type":"Feature","properties":{"id":1529939606,"highway":"service"},"geometry":{"type":"LineString","coordinates":[[139.531924,36.45273],[139.531951,36.452739],[139.532007,36.452642]]}},{"type":"Feature","properties":{"id":1529939612,"highway":"service"},"geometry":{"type":"LineString","coordinates":[[139.533652,36.449571],[139.533724,36.449602],[139.533799,36.449673],[139.534029,36.449938],[139.534022,36.449982],[139.534166,36.450187]]}},{"type":"Feature","properties":{"id":1529939613,"highway":"service"},"geometry":{"type":"LineString","coordinates":[[139.533625,36.449984],[139.533737,36.449782],[139.533732,36.449691],[139.533703,36.449649],[139.533652,36.449571]]}},{"type":"Feature","properties":{"id":1529939614,"highway":"service"},"geometry":{"type":"LineString","coordinates":[[139.533291,36.447665],[139.533489,36.447856],[139.533555,36.447929],[139.533603,36.448002],[139.533625,36.44805],[139.533651,36.448105],[139.533697,36.448216],[139.533741,36.448315],[139.533782,36.448349],[139.533867,36.448392],[139.53396,36.448439],[139.534015,36.44846],[139.534063,36.448473]]}},{"type":"Feature","properties":{"id":1529939624,"highway":"service"},"geometry":{"type":"LineString","coordinates":[[139.541782,36.444129],[139.54166,36.444133],[139.541652,36.444272],[139.54164,36.444353],[139.541616,36.44441]]}},{"type":"Feature","properties":{"id":1529939630,"highway":"service"},"geometry":{"type":"LineString","coordinates":[[139.539601,36.436759],[139.53954,36.436757],[139.539505,36.436755],[139.539247,36.436752],[139.539243,36.436378],[139.539254,36.436346],[139.539263,36.436322],[139.539273,36.436301]]}},{"type":"Feature","properties":{"id":1529939637,"highway":"service"},"geometry":{"type":"LineString","coordinates":[[139.53956,36.436297],[139.539506,36.4363],[139.539459,36.436303],[139.539344,36.436306],[139.539273,36.436301],[139.53919,36.436296],[139.538995,36.436272],[139.538802,36.436267],[139.538637,36.43627],[139.538591,36.43627],[139.538462,36.43628],[139.538348,36.436275],[139.538271,36.436268]]}},{"type":"Feature","properties":{"id":1529939639,"highway":"service"},"geometry":{"type":"LineString","coordinates":[[139.537832,36.436357],[139.538313,36.436342],[139.538348,36.436275]]}},{"type":"Feature","properties":{"id":1529939640,"highway":"service"},"geometry":{"type":"LineString","coordinates":[[139.538637,36.43627],[139.538599,36.436197],[139.538548,36.436085]]}},{"type":"Feature","properties":{"id":1529939648,"highway":"secondary"},"geometry":{"type":"LineString","coordinates":[[139.539547,36.436112],[139.53954,36.436049]]}},{"type":"Feature","properties":{"id":1529939649,"highway":"service"},"geometry":{"type":"LineString","coordinates":[[139.539463,36.43522],[139.539408,36.435223],[139.539175,36.43524],[139.538893,36.435279],[139.538874,36.43528],[139.538821,36.43528],[139.538443,36.435252]]}},{"type":"Feature","properties":{"id":1529939650,"highway":"service"},"geometry":{"type":"LineString","coordinates":[[139.53994,36.435403],[139.539846,36.435325],[139.539807,36.435312],[139.539618,36.43533],[139.539473,36.435339]]}},{"type":"Feature","properties":{"id":1530810026,"highway":"service"},"geometry":{"type":"LineString","coordinates":[[139.591477,36.465051],[139.591537,36.464179],[139.591543,36.463776],[139.591619,36.463252],[139.591622,36.463023],[139.591488,36.462734],[139.591403,36.462477],[139.5914,36.462305],[139.591464,36.462222],[139.591566,36.462199],[139.591694,36.462211],[139.592078,36.462649],[139.592299,36.462823],[139.592473,36.462832],[139.592585,36.462762],[139.592579,36.462543],[139.592391,36.462167],[139.592414,36.461982],[139.592504,36.461826],[139.592686,36.461559],[139.592875,36.461149],[139.592947,36.460423],[139.593021,36.460169],[139.593133,36.460135],[139.593272,36.460161],[139.593297,36.460317],[139.59352,36.460893],[139.59373,36.46123],[139.594018,36.46152],[139.594533,36.46176],[139.595058,36.462021],[139.596044,36.462503],[139.596897,36.46278],[139.597804,36.462711],[139.598051,36.462563],[139.598876,36.46203],[139.599519,36.461674],[139.59984,36.461568],[139.600525,36.461467],[139.601325,36.461424],[139.601832,36.461397]]}}]}