{"type":"FeatureCollection","features":[{"type":"Feature","properties":{"id":45244295,"highway":"secondary"},"geometry":{"type":"LineString","coordinates":[[140.110281,36.376546],[140.110826,36.37669],[140.111406,36.376837],[140.112689,36.37717],[140.112829,36.377201],[140.112941,36.377217],[140.113115,36.377225],[140.11436,36.377202],[140.114552,36.377203],[140.114739,36.377223],[140.114918,36.37726],[140.115178,36.377339],[140.115349,36.377418],[140.115416,36.377474],[140.115516,36.377625],[140.115865,36.378267],[140.115968,36.378417],[140.116028,36.378497],[140.116168,36.378612],[140.11679,36.37899],[140.117065,36.379174],[140.11718,36.379262],[140.117304,36.379382],[140.11767,36.379817],[140.117732,36.379911],[140.117767,36.379964],[140.117884,36.380136],[140.117955,36.380209],[140.118042,36.380284],[140.118133,36.380354],[140.118693,36.380704],[140.118822,36.380789],[140.118936,36.380886],[140.119021,36.38096],[140.119144,36.381088],[140.119508,36.381458],[140.11987,36.381819],[140.120102,36.382045],[140.120173,36.382122],[140.120238,36.382201],[140.120333,36.382335],[140.120447,36.382483],[140.12051,36.382542],[140.120619,36.382631],[140.120867,36.382807],[140.121011,36.382929],[140.122186,36.383926],[140.122476,36.384178],[140.122638,36.38431],[140.122744,36.384377],[140.12287,36.384441],[140.122968,36.384477],[140.123048,36.384508],[140.123153,36.38454],[140.123275,36.384574],[140.123396,36.384594],[140.123527,36.384608],[140.123994,36.384625],[140.124914,36.384653],[140.125716,36.384643],[140.125824,36.384638],[140.125958,36.384622],[140.126086,36.384596],[140.126265,36.384541],[140.126301,36.384527]]}},{"type":"Feature","properties":{"id":61031681,"highway":"primary"},"geometry":{"type":"LineString","coordinates":[[140.178691,36.348975],[140.178316,36.349949]]}},{"type":"Feature","properties":{"id":61031683,"highway":"secondary"},"geometry":{"type":"LineString","coordinates":[[140.178869,36.303594],[140.178914,36.303577],[140.179306,36.303444],[140.179405,36.303411],[140.179476,36.303377],[140.179539,36.303334],[140.17959,36.303291],[140.179651,36.303223],[140.179705,36.303151],[140.179747,36.303082],[140.179781,36.303005],[140.179814,36.302899],[140.179844,36.30274],[140.179874,36.302472],[140.179908,36.302319],[140.17995,36.302188],[140.180013,36.30207],[140.180066,36.30198],[140.180137,36.301882],[140.180206,36.3018],[140.180277,36.301739],[140.180388,36.30166],[140.180502,36.301591],[140.180633,36.301522],[140.181284,36.301246],[140.181748,36.301047],[140.182104,36.300897],[140.18247,36.300749],[140.182792,36.300614],[140.183711,36.300231],[140.18382,36.300193],[140.183905,36.300168],[140.18398,36.30016],[140.184077,36.300165],[140.184175,36.300188],[140.184437,36.300261],[140.18454,36.300283],[140.184609,36.300294],[140.184734,36.300309],[140.184872,36.300311],[140.184962,36.300304],[140.18503,36.300286],[140.185088,36.300262],[140.185134,36.300231],[140.185175,36.300188],[140.185212,36.300134],[140.18553,36.299591],[140.185731,36.299262],[140.18582,36.2991],[140.185886,36.298955],[140.185988,36.298721],[140.186044,36.298639],[140.186114,36.298587],[140.186176,36.298555],[140.186303,36.298515],[140.186474,36.298489],[140.186605,36.298484],[140.187656,36.29849],[140.188208,36.298512],[140.188434,36.298515],[140.188528,36.298511],[140.188625,36.298504],[140.189244,36.298408],[140.189337,36.29838],[140.189407,36.298353],[140.18947,36.298324],[140.189533,36.298291],[140.189556,36.298273],[140.189577,36.298257],[140.1896,36.298235],[140.189616,36.298211],[140.189627,36.298186],[140.189638,36.298154]]}},{"type":"Feature","properties":{"id":77455376,"highway":"primary"},"geometry":{"type":"LineString","coordinates":[[140.177163,36.344596],[140.177288,36.344756],[140.177345,36.344835],[140.177401,36.344924]]}},{"type":"Feature","properties":{"id":77455377,"highway":"primary"},"geometry":{"type":"LineString","coordinates":[[140.1672,36.330501],[140.167248,36.330591],[140.1674,36.330856],[140.167585,36.331122],[140.167726,36.331285],[140.168362,36.331863],[140.168442,36.331936],[140.169118,36.332545],[140.169354,36.332761],[140.169528,36.33293],[140.169969,36.333425],[140.170637,36.334188],[140.170866,36.334506],[140.17096,36.334713],[140.171054,36.334897],[140.171175,36.335139],[140.171874,36.33652],[140.171899,36.336633],[140.171903,36.336742],[140.171866,36.337007],[140.171835,36.337172],[140.171794,36.337366],[140.171769,36.337707],[140.17176,36.337964],[140.171835,36.33822],[140.172037,36.33865],[140.172298,36.339178],[140.172395,36.339373],[140.172529,36.339584],[140.172681,36.339788],[140.172776,36.3399],[140.172879,36.340015],[140.173122,36.340251],[140.173484,36.340553],[140.173971,36.340948],[140.174227,36.341188],[140.174598,36.341563],[140.174907,36.341931],[140.175859,36.343364],[140.175964,36.343502],[140.176104,36.343665],[140.176209,36.343773],[140.176355,36.343896],[140.176804,36.344256],[140.176939,36.344376],[140.177056,36.344487],[140.177163,36.344596]]}},{"type":"Feature","properties":{"id":77457325,"highway":"primary"},"geometry":{"type":"LineString","coordinates":[[140.178097,36.34601],[140.17858,36.346782],[140.178717,36.347002],[140.178822,36.347159],[140.178883,36.34732],[140.178936,36.347484],[140.178975,36.347649],[140.178997,36.347829],[140.178994,36.347981],[140.178974,36.348139],[140.178934,36.348298],[140.178898,36.348417],[140.178851,36.34855]]}},{"type":"Feature","properties":{"id":77457326,"highway":"unclassified"},"geometry":{"type":"LineString","coordinates":[[140.202149,36.36205],[140.202191,36.361981],[140.202206,36.361917],[140.202203,36.361861],[140.202153,36.361781],[140.201949,36.361524],[140.201815,36.361323],[140.201662,36.361077],[140.201504,36.360847],[140.201137,36.360371],[140.20076,36.359908],[140.200541,36.359668],[140.200369,36.359479],[140.200192,36.359271],[140.200066,36.359148],[140.199923,36.359038],[140.199792,36.358962],[140.199625,36.358895],[140.199434,36.358851],[140.199201,36.358808],[140.197043,36.358416],[140.196905,36.358395],[140.196841,36.358407],[140.196756,36.358433]]}},{"type":"Feature","properties":{"id":77457328,"highway":"trunk"},"geometry":{"type":"LineString","coordinates":[[140.189153,36.353592],[140.189355,36.353676]]}},{"type":"Feature","properties":{"id":77457333,"highway":"tertiary"},"geometry":{"type":"LineString","coordinates":[[140.17821,36.345225],[140.178307,36.345194],[140.178674,36.345127],[140.178803,36.345115],[140.178945,36.345119],[140.179117,36.345131],[140.179406,36.345168],[140.179817,36.345212],[140.179897,36.345221],[140.18017,36.345222],[140.180424,36.34519],[140.180571,36.345159],[140.180686,36.345127],[140.180913,36.345044],[140.181232,36.344904],[140.181865,36.344626],[140.182665,36.344278],[140.182865,36.344194],[140.183026,36.344136],[140.183132,36.344106],[140.183227,36.344085],[140.183389,36.344061],[140.183537,36.344048],[140.183682,36.344046],[140.18387,36.344056],[140.184033,36.34408],[140.184172,36.344107],[140.184348,36.344156]]}},{"type":"Feature","properties":{"id":77457334,"highway":"primary"},"geometry":{"type":"LineString","coordinates":[[140.178851,36.34855],[140.178691,36.348975]]}},{"type":"Feature","properties":{"id":77489095,"highway":"service"},"geometry":{"type":"LineString","coordinates":[[140.171769,36.337707],[140.171636,36.337698],[140.171314,36.337688],[140.170564,36.337715],[140.170299,36.337747],[140.170006,36.33752],[140.169776,36.337108],[140.169523,36.336733],[140.169087,36.336118],[140.168728,36.335617],[140.168563,36.335436],[140.168316,36.335235],[140.167898,36.335057],[140.167567,36.33496],[140.167133,36.33493],[140.166709,36.334974],[140.166293,36.335123],[140.165227,36.335792],[140.164431,36.336314],[140.164114,36.336663],[140.163959,36.336995],[140.163915,36.337303],[140.163904,36.337605],[140.163842,36.337772],[140.163698,36.337836]]}},{"type":"Feature","properties":{"id":86112662,"highway":"tertiary"},"geometry":{"type":"LineString","coordinates":[[140.197747,36.300071],[140.197844,36.299803],[140.197876,36.299704],[140.197893,36.299605],[140.197901,36.299458],[140.197912,36.298806],[140.197902,36.298701],[140.197862,36.298568],[140.197723,36.29827],[140.197623,36.298098],[140.197544,36.298006],[140.197486,36.297924],[140.197444,36.297841],[140.197411,36.2977],[140.197397,36.297277],[140.197394,36.297036],[140.197408,36.296872],[140.197467,36.29667],[140.197519,36.296559],[140.197532,36.296524]]}},{"type":"Feature","properties":{"id":91601059,"highway":"unclassified"},"geometry":{"type":"LineString","coordinates":[[140.144071,36.37811],[140.144108,36.378166],[140.144241,36.378356],[140.144315,36.378434],[140.144803,36.378902],[140.145048,36.379136],[140.145196,36.379274],[140.145324,36.379371],[140.14543,36.37944],[140.145551,36.379498],[140.14576,36.379571],[140.145872,36.379596],[140.14638,36.379638],[140.146633,36.379664],[140.14677,36.379685],[140.146849,36.379705],[140.146955,36.379743],[140.147173,36.379841],[140.147272,36.379894],[140.147358,36.379945],[140.147541,36.380076],[140.148072,36.380427],[140.148447,36.380654],[140.148585,36.380723],[140.148715,36.380773],[140.14889,36.380832],[140.149039,36.380871],[140.149214,36.380905],[140.149426,36.380934],[140.149633,36.380944],[140.149798,36.380955],[140.150515,36.380987],[140.150614,36.381],[140.150707,36.381012],[140.150823,36.381014]]}},{"type":"Feature","properties":{"id":91601060,"highway":"unclassified"},"geometry":{"type":"LineString","coordinates":[[140.142762,36.378095],[140.142774,36.378187],[140.142825,36.378465],[140.142879,36.378531],[140.142982,36.378546],[140.143074,36.378542],[140.14349,36.37849],[140.143947,36.378415],[140.144241,36.378356]]}},{"type":"Feature","properties":{"id":91601062,"highway":"tertiary"},"geometry":{"type":"LineString","coordinates":[[140.143727,36.35794],[140.143736,36.358057],[140.143755,36.358162],[140.143779,36.358259],[140.143793,36.358296]]}},{"type":"Feature","properties":{"id":91601064,"highway":"unclassified"},"geometry":{"type":"LineString","coordinates":[[140.145619,36.363093],[140.145512,36.363094],[140.144273,36.363055],[140.141928,36.363007],[140.139537,36.362958],[140.138374,36.362942],[140.137231,36.362912],[140.136348,36.362899],[140.135176,36.362761]]}},{"type":"Feature","properties":{"id":91601065,"highway":"tertiary"},"geometry":{"type":"LineString","coordinates":[[140.153031,36.361725],[140.153115,36.362228],[140.153271,36.36326],[140.15332,36.363566],[140.153391,36.363898],[140.153438,36.3641],[140.153516,36.364365],[140.1536,36.364617],[140.153785,36.365133],[140.154033,36.365865],[140.154041,36.365888],[140.154129,36.366134],[140.154325,36.366676],[140.15441,36.366941],[140.154498,36.367192],[140.154594,36.367414],[140.154689,36.367591],[140.154797,36.367761],[140.154947,36.367962],[140.155168,36.368199],[140.155487,36.368488],[140.156047,36.368994],[140.156587,36.369487],[140.156796,36.369711],[140.156959,36.369918],[140.157102,36.3701],[140.157343,36.370475],[140.157558,36.370899],[140.157593,36.370994],[140.157706,36.371296],[140.157806,36.371644],[140.157871,36.372012],[140.15793,36.37237],[140.157935,36.372419],[140.157959,36.372651],[140.15797,36.372925],[140.157954,36.373161],[140.157878,36.373504],[140.157722,36.374172],[140.157553,36.374869],[140.157503,36.375223],[140.157462,36.375554],[140.157433,36.375852],[140.157429,36.375884]]}},{"type":"Feature","properties":{"id":91601066,"highway":"tertiary"},"geometry":{"type":"LineString","coordinates":[[140.152009,36.353277],[140.152163,36.354092]]}},{"type":"Feature","properties":{"id":91601068,"highway":"unclassified"},"geometry":{"type":"LineString","coordinates":[[140.152062,36.35773],[140.152033,36.357813],[140.151896,36.358292],[140.15176,36.358767],[140.15165,36.359195],[140.151644,36.359251]]}},{"type":"Feature","properties":{"id":91601070,"highway":"tertiary"},"geometry":{"type":"LineString","coordinates":[[140.152377,36.355072],[140.152387,36.35512],[140.152429,36.355379],[140.152449,36.355618],[140.152458,36.355759],[140.152455,36.355988],[140.152452,36.35612],[140.152427,36.356459],[140.152389,36.356682],[140.15236,36.356768],[140.152092,36.357623],[140.152062,36.35773]]}},{"type":"Feature","properties":{"id":91601071,"highway":"unclassified"},"geometry":{"type":"LineString","coordinates":[[140.134592,36.358431],[140.134618,36.358992],[140.134617,36.359416],[140.134593,36.359703],[140.134566,36.359865],[140.134295,36.360744],[140.134243,36.360847],[140.134205,36.360895]]}},{"type":"Feature","properties":{"id":91601073,"highway":"secondary"},"geometry":{"type":"LineString","coordinates":[[140.1672,36.330501],[140.16707,36.330517],[140.166861,36.330546],[140.164921,36.330799],[140.164136,36.330908],[140.164032,36.330923],[140.163907,36.330937],[140.163796,36.330965],[140.163673,36.331021],[140.163549,36.331097],[140.162282,36.331956],[140.161789,36.332285],[140.161639,36.332371],[140.161544,36.332406],[140.161437,36.332436],[140.160688,36.332589],[140.160538,36.332609],[140.160435,36.332625],[140.160352,36.33267],[140.159976,36.332915],[140.159788,36.333005],[140.159583,36.333084],[140.159322,36.333211],[140.15871,36.333559],[140.158293,36.333826],[140.156829,36.334836],[140.156441,36.335088],[140.155564,36.33559],[140.155456,36.335644],[140.155297,36.335686],[140.155125,36.335713],[140.154772,36.335738],[140.153292,36.335869],[140.153033,36.335911],[140.152771,36.335979],[140.152608,36.336036],[140.152033,36.336357],[140.151892,36.336451],[140.151771,36.336614]]}},{"type":"Feature","properties":{"id":91601074,"highway":"tertiary"},"geometry":{"type":"LineString","coordinates":[[140.113871,36.359567],[140.114039,36.359394],[140.114311,36.359167],[140.114609,36.358992],[140.114814,36.358887],[140.11497,36.358824],[140.115128,36.358778],[140.115262,36.358748],[140.115675,36.358685],[140.116419,36.358592],[140.11805,36.358396],[140.118142,36.358385],[140.118479,36.358344],[140.118839,36.358309],[140.119258,36.358303],[140.119557,36.35833],[140.119837,36.358378],[140.121249,36.358694],[140.121499,36.358748],[140.121935,36.358843],[140.122805,36.359031],[140.123045,36.359083]]}},{"type":"Feature","properties":{"id":91602527,"highway":"primary"},"geometry":{"type":"LineString","coordinates":[[140.104536,36.371056],[140.104521,36.371093],[140.104475,36.371155],[140.104385,36.371264],[140.104257,36.371391],[140.104117,36.371505],[140.103995,36.371581],[140.103858,36.371656],[140.103738,36.37171],[140.103656,36.371743],[140.103506,36.371786],[140.103341,36.371821],[140.103113,36.371842],[140.100709,36.371914],[140.100507,36.371918],[140.100099,36.371935],[140.099854,36.37197],[140.099599,36.37203],[140.099406,36.372088],[140.099194,36.372155],[140.099028,36.372217],[140.098912,36.372263],[140.098761,36.372333],[140.098595,36.372423],[140.098435,36.372522],[140.098256,36.37265],[140.098084,36.372792],[140.097812,36.373055],[140.097518,36.373431],[140.097167,36.373886],[140.096992,36.374084],[140.096827,36.374263],[140.096675,36.374411],[140.096534,36.374539],[140.096338,36.3747],[140.096133,36.37486],[140.095847,36.37506],[140.095659,36.375179],[140.095441,36.375306],[140.095224,36.375428],[140.094985,36.375544],[140.094718,36.375664],[140.094451,36.375767],[140.094163,36.375872],[140.093841,36.375972],[140.093534,36.376055],[140.09317,36.376135],[140.092525,36.376281],[140.092226,36.37635],[140.091974,36.376404],[140.091295,36.376557],[140.09109,36.376614],[140.090873,36.376692],[140.090662,36.376787],[140.090472,36.376894],[140.090282,36.377026],[140.090142,36.377138],[140.090009,36.377266],[140.089727,36.377584],[140.089685,36.377634],[140.089615,36.377746],[140.089494,36.378008],[140.089313,36.378358],[140.08914,36.378717],[140.089118,36.378763],[140.088365,36.380313],[140.08816,36.38066],[140.087919,36.380998],[140.08748,36.381469],[140.087218,36.38168],[140.086984,36.381847],[140.08676,36.381993],[140.086518,36.382133],[140.086294,36.382244],[140.086101,36.382331],[140.085919,36.382405],[140.085301,36.382621],[140.08428,36.382977],[140.084182,36.383014],[140.083961,36.383099],[140.083716,36.383202],[140.083402,36.383359],[140.083141,36.38351],[140.082872,36.383677],[140.082635,36.383838],[140.082075,36.3843],[140.081893,36.384491],[140.081604,36.384802],[140.081493,36.384966],[140.081299,36.38531],[140.08115,36.385619],[140.081013,36.385984],[140.080514,36.387313],[140.080456,36.387425],[140.080232,36.387856],[140.079618,36.388948],[140.079454,36.389237],[140.078985,36.390067],[140.078833,36.390328],[140.078337,36.391213],[140.077987,36.391836],[140.077852,36.392066],[140.07767,36.392409],[140.077593,36.392586],[140.077505,36.392802],[140.077408,36.393063],[140.077342,36.393319],[140.077298,36.393527],[140.077274,36.393693],[140.077235,36.394076]]}},{"type":"Feature","properties":{"id":91602528,"highway":"tertiary"},"geometry":{"type":"LineString","coordinates":[[140.11826,36.364411],[140.118341,36.36449],[140.118572,36.364658],[140.118809,36.364818],[140.118989,36.364911],[140.119173,36.364984],[140.119333,36.365036],[140.119995,36.365199],[140.120628,36.365333],[140.120998,36.365418],[140.121111,36.365442],[140.121296,36.365485],[140.121519,36.365545],[140.121674,36.365593],[140.121832,36.365664],[140.121962,36.365744],[140.122099,36.365847],[140.122279,36.366],[140.122519,36.366239],[140.122654,36.366355],[140.122783,36.366452],[140.123058,36.366636],[140.123371,36.366846],[140.123542,36.366961],[140.123691,36.367043],[140.123812,36.367099],[140.123967,36.367152],[140.124039,36.367174],[140.124223,36.367215],[140.124425,36.36727],[140.124559,36.367333],[140.124658,36.367397],[140.124806,36.367511],[140.12494,36.367618],[140.125013,36.367699],[140.125054,36.367768],[140.125078,36.367855],[140.12512,36.368124],[140.125149,36.368322],[140.125173,36.368421],[140.125204,36.368497],[140.125228,36.368539],[140.12527,36.368585],[140.125349,36.368653],[140.125939,36.369071],[140.126034,36.369118],[140.126151,36.369151],[140.12629,36.369156],[140.126916,36.369139],[140.127225,36.369137],[140.127368,36.369143],[140.127483,36.369163],[140.127662,36.369194],[140.128271,36.369327],[140.128738,36.369418],[140.128856,36.369445],[140.129039,36.369498],[140.129204,36.369546],[140.129514,36.369638],[140.129757,36.3697],[140.130076,36.3698],[140.130347,36.369894],[140.130749,36.370024],[140.130882,36.370053],[140.131056,36.370062],[140.131765,36.370081],[140.13212,36.370091],[140.132281,36.370103],[140.132406,36.370121],[140.132532,36.370155],[140.132659,36.370195],[140.132796,36.370255],[140.132899,36.37031],[140.133037,36.370401],[140.133147,36.370496],[140.133213,36.370567],[140.133283,36.370655],[140.133609,36.371148],[140.133737,36.371343],[140.1338,36.371448],[140.133849,36.371549],[140.133901,36.371705],[140.133918,36.371807],[140.133926,36.371896],[140.133922,36.372222],[140.133935,36.372306],[140.133961,36.372389],[140.133999,36.372469],[140.134062,36.372562],[140.134282,36.372849],[140.134413,36.373002],[140.135101,36.373623],[140.135638,36.374091],[140.135731,36.37417],[140.135828,36.374232],[140.136009,36.374319],[140.136303,36.374436],[140.136859,36.374661],[140.137446,36.37488],[140.137727,36.374977],[140.138135,36.375104],[140.138921,36.375315],[140.140195,36.37564],[140.141172,36.37589],[140.141404,36.375946],[140.141604,36.375973],[140.141941,36.375994],[140.142057,36.376013],[140.142162,36.376042],[140.142241,36.37607],[140.142361,36.376133],[140.142441,36.376172]]}},{"type":"Feature","properties":{"id":91602529,"highway":"tertiary"},"geometry":{"type":"LineString","coordinates":[[140.106805,36.366587],[140.106371,36.366575],[140.105836,36.366541],[140.105365,36.366506],[140.104877,36.366472],[140.104472,36.366437],[140.103818,36.366392],[140.103369,36.366367],[140.102807,36.366322],[140.101939,36.36625],[140.101493,36.366208],[140.10113,36.366165],[140.100831,36.366121],[140.100432,36.366043],[140.098155,36.365578],[140.097824,36.365521],[140.097539,36.365479],[140.097198,36.365447],[140.096816,36.365428],[140.096432,36.365426],[140.096091,36.36544],[140.095758,36.365468],[140.095451,36.365502],[140.095172,36.365547],[140.094887,36.365603],[140.094157,36.365774],[140.094018,36.365805],[140.093966,36.365817]]}},{"type":"Feature","properties":{"id":91602534,"highway":"unclassified"},"geometry":{"type":"LineString","coordinates":[[140.116419,36.358592],[140.116776,36.359657],[140.116803,36.359737],[140.116874,36.360014]]}},{"type":"Feature","properties":{"id":91602538,"highway":"tertiary"},"geometry":{"type":"LineString","coordinates":[[140.102948,36.36174],[140.102914,36.362585],[140.102901,36.36302]]}},{"type":"Feature","properties":{"id":91716027,"highway":"unclassified"},"geometry":{"type":"LineString","coordinates":[[140.177804,36.348544],[140.177715,36.3486],[140.177058,36.348854],[140.176685,36.348975],[140.17658,36.34901],[140.175907,36.34917],[140.175848,36.349138],[140.175739,36.349107],[140.175624,36.349087],[140.175481,36.349067],[140.175289,36.349053],[140.175159,36.349028],[140.175033,36.34898],[140.17464,36.348794],[140.17452,36.348743],[140.174408,36.348714],[140.17384,36.348697],[140.173662,36.348704],[140.173443,36.348706],[140.173124,36.348758],[140.172399,36.348889],[140.171656,36.349019],[140.171466,36.349042]]}},{"type":"Feature","properties":{"id":91728205,"highway":"trunk"},"geometry":{"type":"LineString","coordinates":[[140.122199,36.360146],[140.121442,36.36038],[140.120501,36.360678],[140.119933,36.360862],[140.11938,36.361053],[140.119203,36.361117],[140.118353,36.361437]]}},{"type":"Feature","properties":{"id":91728207,"highway":"trunk"},"geometry":{"type":"LineString","coordinates":[[140.123274,36.359727],[140.123739,36.359559],[140.124104,36.359451],[140.124371,36.359374]]}},{"type":"Feature","properties":{"id":106918861,"highway":"tertiary"},"geometry":{"type":"LineString","coordinates":[[140.188806,36.34322],[140.189382,36.342615],[140.189586,36.342417],[140.189688,36.342339],[140.189865,36.342244],[140.190053,36.342184],[140.190254,36.342151],[140.192262,36.342073],[140.19316,36.34206],[140.193268,36.34205],[140.193357,36.342019],[140.19347,36.341916]]}},{"type":"Feature","properties":{"id":106918877,"highway":"tertiary"},"geometry":{"type":"LineString","coordinates":[[140.187662,36.346682],[140.187784,36.346568],[140.18782,36.346534]]}},{"type":"Feature","properties":{"id":106918878,"highway":"tertiary"},"geometry":{"type":"LineString","coordinates":[[140.18782,36.346534],[140.187875,36.346482]]}},{"type":"Feature","properties":{"id":106918889,"highway":"unclassified"},"geometry":{"type":"LineString","coordinates":[[140.197845,36.320081],[140.197916,36.320055],[140.198104,36.320001],[140.198263,36.319969],[140.198427,36.319862],[140.198561,36.319781],[140.198642,36.319741],[140.198732,36.319711],[140.198792,36.3197],[140.198856,36.319699],[140.19894,36.319717],[140.199061,36.319759],[140.19942,36.319908],[140.199529,36.319958],[140.199645,36.320011],[140.199714,36.320022],[140.199793,36.320015],[140.199875,36.319993],[140.199944,36.319959],[140.200092,36.319845],[140.200182,36.319756],[140.20024,36.319702],[140.200312,36.319655],[140.200378,36.319623],[140.200447,36.319607],[140.200814,36.319564],[140.201025,36.319532],[140.201088,36.319537],[140.201132,36.319554],[140.201173,36.319581],[140.201252,36.319716],[140.201309,36.319815],[140.201417,36.319939],[140.201527,36.32005],[140.20164,36.320168],[140.201725,36.320268],[140.201772,36.320338],[140.20182,36.32038],[140.201892,36.320408],[140.201965,36.320414],[140.202028,36.320411],[140.202097,36.320393],[140.202149,36.320362],[140.20225,36.320249],[140.202301,36.320213],[140.20236,36.32019],[140.20241,36.32019],[140.20247,36.320208],[140.202553,36.320255],[140.202657,36.320327],[140.202794,36.320385],[140.20299,36.320444],[140.203092,36.320461],[140.203167,36.320458],[140.203248,36.320443],[140.203327,36.320415],[140.203388,36.320362],[140.203451,36.320285],[140.203503,36.320224],[140.203578,36.32016],[140.203883,36.319932],[140.203943,36.319895],[140.204086,36.319769],[140.204134,36.319737],[140.204218,36.319705],[140.204381,36.319665],[140.204558,36.319632],[140.204704,36.319622],[140.204821,36.31962],[140.205021,36.319625]]}},{"type":"Feature","properties":{"id":106918900,"highway":"tertiary"},"geometry":{"type":"LineString","coordinates":[[140.188185,36.342104],[140.188158,36.341985]]}},{"type":"Feature","properties":{"id":106918901,"highway":"unclassified"},"geometry":{"type":"LineString","coordinates":[[140.186483,36.337569],[140.186344,36.337327],[140.186333,36.337164],[140.186489,36.336751],[140.186467,36.336544],[140.185938,36.33528],[140.185775,36.335034],[140.185383,36.334273],[140.185022,36.333693],[140.184644,36.333151],[140.184513,36.332963],[140.183769,36.332311],[140.183298,36.331872],[140.183289,36.331805],[140.183292,36.33166],[140.183325,36.331552],[140.183522,36.331089],[140.18353,36.330913],[140.182999,36.330053],[140.182977,36.329799],[140.183227,36.328414],[140.183142,36.327782],[140.183481,36.327129],[140.184001,36.326306],[140.184414,36.325892]]}},{"type":"Feature","properties":{"id":198441640,"highway":"secondary"},"geometry":{"type":"LineString","coordinates":[[140.129643,36.399624],[140.129533,36.39971],[140.129252,36.399886],[140.129058,36.400005],[140.128919,36.400084],[140.128838,36.400121],[140.128741,36.40016],[140.128496,36.400243],[140.128407,36.400271],[140.12829,36.400297],[140.128131,36.400326],[140.127812,36.400414],[140.127629,36.400482],[140.127453,36.400554],[140.127271,36.400644],[140.127122,36.400727],[140.126966,36.400827],[140.12683,36.400928],[140.126691,36.401031],[140.126568,36.40113],[140.126446,36.401243],[140.126313,36.40137],[140.126214,36.401499],[140.126122,36.401627],[140.125816,36.402113],[140.125578,36.402472],[140.125467,36.402652],[140.125352,36.402879],[140.125231,36.403183],[140.125181,36.40333],[140.125132,36.403528],[140.125089,36.403756],[140.125054,36.403986],[140.125044,36.404111],[140.125053,36.404258],[140.125044,36.404324],[140.124983,36.404538],[140.124957,36.404642],[140.124944,36.40475],[140.124954,36.404856],[140.124981,36.404993],[140.125011,36.40517],[140.12503,36.405371],[140.125027,36.405514],[140.125016,36.405631],[140.124977,36.405753],[140.124928,36.405879],[140.124843,36.40605],[140.124749,36.406244],[140.124551,36.406623],[140.124339,36.40703],[140.124232,36.407198],[140.124163,36.407369],[140.124107,36.407545],[140.124079,36.407722],[140.124075,36.407903],[140.124081,36.408073],[140.124166,36.408454],[140.124213,36.408566],[140.124215,36.408665],[140.124218,36.408775],[140.124199,36.408868],[140.124163,36.408959],[140.124107,36.409057],[140.124033,36.409156],[140.12393,36.409259],[140.123762,36.409393],[140.123405,36.409654],[140.123215,36.409812],[140.12315,36.409875],[140.123075,36.409952],[140.122995,36.410048],[140.122913,36.410153],[140.122855,36.41024],[140.122536,36.410631],[140.122445,36.410725],[140.122278,36.410862],[140.12216,36.410942],[140.122037,36.411011],[140.121836,36.411115],[140.121533,36.411265],[140.12132,36.411369],[140.121109,36.411462],[140.120706,36.411637],[140.120586,36.411702],[140.12047,36.411791],[140.12034,36.411898],[140.119996,36.412209],[140.119374,36.412784],[140.118942,36.413205],[140.118539,36.413623],[140.11832,36.413887],[140.11821,36.414019],[140.117725,36.414607],[140.117546,36.414767],[140.117307,36.414947],[140.116565,36.415467],[140.116315,36.415619],[140.115937,36.415851],[140.115805,36.415942],[140.115742,36.415998],[140.115663,36.416078],[140.115572,36.416179],[140.115382,36.416419],[140.1152,36.416663]]}},{"type":"Feature","properties":{"id":198695346,"highway":"unclassified"},"geometry":{"type":"LineString","coordinates":[[140.177367,36.305735],[140.177254,36.305853],[140.177108,36.305967],[140.176913,36.306095],[140.17671,36.306194],[140.176138,36.306449],[140.17552,36.306698]]}},{"type":"Feature","properties":{"id":198695365,"highway":"unclassified"},"geometry":{"type":"LineString","coordinates":[[140.194187,36.305524],[140.194114,36.305659],[140.1941,36.30573],[140.194088,36.305999],[140.194063,36.306213],[140.194034,36.306327],[140.193984,36.306431],[140.193905,36.306534],[140.193745,36.306723],[140.193686,36.306805],[140.19365,36.306872],[140.193642,36.306934],[140.193652,36.306993],[140.193693,36.307091],[140.193804,36.307395]]}},{"type":"Feature","properties":{"id":198695389,"highway":"residential"},"geometry":{"type":"LineString","coordinates":[[140.179466,36.307421],[140.179443,36.30736],[140.179418,36.307226],[140.179448,36.307052],[140.179458,36.306949],[140.179432,36.306766],[140.179588,36.306376],[140.179621,36.306084],[140.179693,36.305761]]}},{"type":"Feature","properties":{"id":198695398,"highway":"residential"},"geometry":{"type":"LineString","coordinates":[[140.182413,36.314314],[140.182355,36.314351],[140.181691,36.31473],[140.181517,36.314815],[140.18148,36.314813],[140.181357,36.314741],[140.181049,36.314532],[140.180964,36.314537],[140.180907,36.314562],[140.180838,36.314594]]}},{"type":"Feature","properties":{"id":198695496,"highway":"residential"},"geometry":{"type":"LineString","coordinates":[[140.178859,36.314291],[140.179012,36.314302],[140.179325,36.314296],[140.179548,36.314251],[140.179715,36.314251],[140.179973,36.314358],[140.180313,36.31455],[140.180453,36.314634],[140.180606,36.314634],[140.180838,36.314594]]}},{"type":"Feature","properties":{"id":198695507,"highway":"unclassified"},"geometry":{"type":"LineString","coordinates":[[140.168588,36.300158],[140.168715,36.300189],[140.169344,36.300171],[140.169633,36.300211],[140.169851,36.300229],[140.170027,36.300214],[140.170177,36.300204],[140.170308,36.300232],[140.170438,36.300272],[140.170591,36.300326]]}},{"type":"Feature","properties":{"id":198695555,"highway":"residential"},"geometry":{"type":"LineString","coordinates":[[140.169691,36.308836],[140.169538,36.308831],[140.169475,36.308825],[140.169239,36.308758],[140.168856,36.308758],[140.168348,36.308803],[140.167818,36.308825],[140.167465,36.308887],[140.166719,36.308874]]}},{"type":"Feature","properties":{"id":198695588,"highway":"residential"},"geometry":{"type":"LineString","coordinates":[[140.171111,36.310353],[140.170957,36.310133],[140.170908,36.309986],[140.170894,36.309669],[140.170874,36.309391],[140.170865,36.309299],[140.170789,36.309136],[140.170601,36.308967],[140.170448,36.308877],[140.170365,36.30886]]}},{"type":"Feature","properties":{"id":198695601,"highway":"unclassified"},"geometry":{"type":"LineString","coordinates":[[140.174505,36.315605],[140.174585,36.315798],[140.174845,36.316017],[140.1752,36.316538],[140.175217,36.316619],[140.175214,36.3167],[140.17518,36.316762],[140.175109,36.316802],[140.174631,36.316912],[140.174263,36.316945]]}},{"type":"Feature","properties":{"id":198695651,"highway":"unclassified"},"geometry":{"type":"LineString","coordinates":[[140.175428,36.299018],[140.175485,36.299514],[140.175612,36.299954],[140.175539,36.300318],[140.175462,36.300492],[140.175295,36.300869],[140.175235,36.301075],[140.175276,36.301282]]}},{"type":"Feature","properties":{"id":198695672,"highway":"residential"},"geometry":{"type":"LineString","coordinates":[[140.189918,36.300857],[140.190009,36.300753],[140.190327,36.300614],[140.190558,36.300534],[140.191187,36.300392],[140.191277,36.30035],[140.191356,36.30029],[140.191385,36.300212],[140.191431,36.300106]]}},{"type":"Feature","properties":{"id":198695765,"highway":"unclassified"},"geometry":{"type":"LineString","coordinates":[[140.177168,36.301254],[140.177146,36.30124],[140.177021,36.301234],[140.176854,36.301279],[140.176601,36.301356],[140.176347,36.30143],[140.176159,36.301481],[140.175938,36.301471],[140.175681,36.3014],[140.175477,36.301378],[140.175346,36.30134],[140.175276,36.301282]]}},{"type":"Feature","properties":{"id":198695913,"highway":"residential"},"geometry":{"type":"LineString","coordinates":[[140.193882,36.304695],[140.193598,36.304544],[140.193534,36.304488],[140.193514,36.304427],[140.193513,36.304265],[140.19359,36.304032],[140.193627,36.303722],[140.193639,36.303583],[140.193635,36.303475],[140.193604,36.303347],[140.193431,36.302985],[140.193421,36.302832],[140.193431,36.302599],[140.193408,36.302532],[140.193362,36.30245],[140.193291,36.302399]]}},{"type":"Feature","properties":{"id":198696004,"highway":"tertiary"},"geometry":{"type":"LineString","coordinates":[[140.174822,36.309294],[140.174908,36.309517],[140.174991,36.309683],[140.175123,36.3099],[140.175169,36.310075],[140.175168,36.310231],[140.17515,36.31031],[140.175111,36.310412],[140.174937,36.311162],[140.174935,36.311241],[140.17498,36.311301],[140.175078,36.311348],[140.17521,36.311399],[140.175411,36.311487],[140.175495,36.311566],[140.175527,36.311652],[140.175551,36.311816],[140.175631,36.311904]]}},{"type":"Feature","properties":{"id":198696070,"highway":"unclassified"},"geometry":{"type":"LineString","coordinates":[[140.184386,36.301007],[140.1839,36.301116],[140.18376,36.301157],[140.183687,36.301198],[140.18357,36.301281],[140.18353,36.301305],[140.183464,36.301321],[140.183351,36.301278],[140.183269,36.30124],[140.183035,36.301126],[140.182847,36.301055],[140.182723,36.300983],[140.182671,36.300937],[140.182582,36.300848],[140.18247,36.300749]]}},{"type":"Feature","properties":{"id":198696079,"highway":"unclassified"},"geometry":{"type":"LineString","coordinates":[[140.176631,36.312361],[140.176712,36.3125],[140.17675,36.312521],[140.17689,36.312584],[140.177077,36.312691],[140.177134,36.312736],[140.177169,36.312781],[140.177479,36.313048]]}},{"type":"Feature","properties":{"id":198696102,"highway":"residential"},"geometry":{"type":"LineString","coordinates":[[140.171639,36.310766],[140.171725,36.310788],[140.172058,36.310869],[140.172261,36.310918],[140.172403,36.310932],[140.172789,36.31092],[140.173421,36.310838],[140.173858,36.31078],[140.174087,36.310741],[140.174455,36.310645],[140.174462,36.310634],[140.174879,36.310521],[140.175111,36.310412]]}},{"type":"Feature","properties":{"id":198696103,"highway":"unclassified"},"geometry":{"type":"LineString","coordinates":[[140.193804,36.307395],[140.193803,36.307495],[140.193772,36.307565],[140.193704,36.307623],[140.193455,36.30776],[140.193404,36.307806],[140.193391,36.307875],[140.193382,36.30794],[140.193353,36.307999],[140.193316,36.308038],[140.193257,36.308067],[140.193049,36.30812],[140.192978,36.308161],[140.192953,36.308199],[140.192954,36.308307],[140.192951,36.308361],[140.192931,36.308402],[140.192834,36.308536]]}},{"type":"Feature","properties":{"id":198696150,"highway":"residential"},"geometry":{"type":"LineString","coordinates":[[140.180773,36.309109],[140.180908,36.309326],[140.181023,36.309439],[140.181127,36.309486],[140.181197,36.309509],[140.181677,36.30954],[140.181857,36.309574],[140.182053,36.309679],[140.182094,36.30973],[140.18224,36.309878],[140.182393,36.309935],[140.182442,36.309946],[140.182556,36.309978]]}},{"type":"Feature","properties":{"id":198696239,"highway":"service"},"geometry":{"type":"LineString","coordinates":[[140.191141,36.311608],[140.191249,36.31171],[140.191332,36.311769],[140.191351,36.311831],[140.191335,36.311883],[140.191277,36.311952],[140.191218,36.311988],[140.191115,36.312028],[140.19097,36.312043],[140.19083,36.312039],[140.190668,36.311977],[140.190526,36.311923],[140.19042,36.311892],[140.190301,36.311901],[140.190218,36.31193],[140.190173,36.31199],[140.190055,36.312015],[140.189887,36.311974],[140.189695,36.311929],[140.189366,36.311762]]}},{"type":"Feature","properties":{"id":198696250,"highway":"service"},"geometry":{"type":"LineString","coordinates":[[140.174263,36.316945],[140.174077,36.31696],[140.173781,36.316917],[140.173472,36.316792],[140.173203,36.316707],[140.173078,36.3167],[140.172966,36.316712],[140.17289,36.316744],[140.172809,36.316803],[140.17262,36.316953],[140.172373,36.317129],[140.172333,36.31718],[140.172182,36.317374],[140.172136,36.317476],[140.171982,36.317557],[140.171813,36.31766],[140.17165,36.317845],[140.171561,36.317863]]}},{"type":"Feature","properties":{"id":198696266,"highway":"unclassified"},"geometry":{"type":"LineString","coordinates":[[140.192576,36.310449],[140.192432,36.310494],[140.192357,36.310547],[140.192298,36.31061],[140.192213,36.310741],[140.19217,36.310793],[140.192114,36.310839],[140.192047,36.31086],[140.191981,36.310851],[140.191898,36.310828],[140.191613,36.310695],[140.19152,36.310674],[140.191434,36.310673],[140.191331,36.310703],[140.191264,36.310745],[140.191208,36.310814],[140.191146,36.310872],[140.191054,36.310925],[140.190931,36.310953],[140.190838,36.310984],[140.190788,36.31103]]}},{"type":"Feature","properties":{"id":198696276,"highway":"residential"},"geometry":{"type":"LineString","coordinates":[[140.179634,36.30454],[140.179792,36.304555],[140.180188,36.304522],[140.180336,36.304534],[140.180421,36.304571],[140.180803,36.30489],[140.180885,36.304938],[140.180997,36.304984],[140.181041,36.305042],[140.181046,36.30513]]}},{"type":"Feature","properties":{"id":198696338,"highway":"residential"},"geometry":{"type":"LineString","coordinates":[[140.170768,36.31047],[140.170659,36.310484],[140.170573,36.310481],[140.1705,36.310471],[140.170399,36.31045],[140.170217,36.31037],[140.170162,36.310368],[140.170116,36.31038],[140.169979,36.31047],[140.169928,36.310476],[140.169876,36.31047],[140.169808,36.310445],[140.169714,36.310367],[140.169678,36.310351],[140.169574,36.310352],[140.169482,36.310363],[140.169373,36.310392],[140.169151,36.310459],[140.169082,36.310469],[140.169007,36.310476],[140.168817,36.310463],[140.168794,36.310482]]}},{"type":"Feature","properties":{"id":198696345,"highway":"unclassified"},"geometry":{"type":"LineString","coordinates":[[140.175934,36.303473],[140.175702,36.303406],[140.175572,36.303357],[140.17546,36.303287],[140.175394,36.303223],[140.175275,36.303132],[140.175222,36.3031],[140.175117,36.303071],[140.175018,36.303052],[140.174885,36.303018],[140.174793,36.30297],[140.174715,36.302909],[140.174584,36.302795],[140.174454,36.302709],[140.174393,36.302678],[140.174204,36.302633],[140.174078,36.30258],[140.173933,36.302524],[140.173618,36.302405],[140.173566,36.302376],[140.173539,36.302334],[140.173545,36.302052],[140.173477,36.301917],[140.173429,36.301744],[140.173402,36.301592],[140.173392,36.30144]]}},{"type":"Feature","properties":{"id":198696773,"highway":"unclassified"},"geometry":{"type":"LineString","coordinates":[[140.194365,36.305087],[140.194187,36.305524]]}},{"type":"Feature","properties":{"id":198697320,"highway":"residential"},"geometry":{"type":"LineString","coordinates":[[140.178713,36.314228],[140.178859,36.314291]]}},{"type":"Feature","properties":{"id":198697345,"highway":"unclassified"},"geometry":{"type":"LineString","coordinates":[[140.177559,36.30553],[140.177463,36.305625],[140.177367,36.305735]]}},{"type":"Feature","properties":{"id":198697424,"highway":"unclassified"},"geometry":{"type":"LineString","coordinates":[[140.17456,36.308862],[140.174822,36.309294]]}},{"type":"Feature","properties":{"id":198697481,"highway":"residential"},"geometry":{"type":"LineString","coordinates":[[140.177483,36.311954],[140.177185,36.312046]]}},{"type":"Feature","properties":{"id":198697610,"highway":"unclassified"},"geometry":{"type":"LineString","coordinates":[[140.194574,36.302196],[140.194667,36.302188]]}},{"type":"Feature","properties":{"id":198697713,"highway":"residential"},"geometry":{"type":"LineString","coordinates":[[140.173343,36.305178],[140.173488,36.305171],[140.173893,36.305105],[140.173956,36.305097],[140.174105,36.305091],[140.174178,36.305098],[140.174419,36.305121],[140.174506,36.305118],[140.174681,36.305049],[140.174893,36.305035],[140.174933,36.305022],[140.175018,36.305012],[140.175237,36.304967],[140.17533,36.30495],[140.175407,36.30495],[140.17552,36.304966],[140.175717,36.305],[140.175756,36.305022],[140.175757,36.305061],[140.175713,36.305238],[140.175716,36.305289],[140.175743,36.305317],[140.176065,36.305365],[140.176115,36.305378],[140.177015,36.305635],[140.177367,36.305735]]}},{"type":"Feature","properties":{"id":198697868,"highway":"residential"},"geometry":{"type":"LineString","coordinates":[[140.173917,36.308389],[140.174415,36.308358]]}},{"type":"Feature","properties":{"id":198697952,"highway":"unclassified"},"geometry":{"type":"LineString","coordinates":[[140.151204,36.306957],[140.151143,36.30692],[140.151099,36.306895],[140.151065,36.306851],[140.151031,36.306787],[140.151024,36.30672],[140.151035,36.306659],[140.151086,36.306491],[140.151095,36.306421],[140.151068,36.306381],[140.151012,36.30632],[140.150956,36.306267],[140.150895,36.306191],[140.150872,36.306139],[140.150875,36.306087],[140.150895,36.30604],[140.150938,36.305999],[140.151003,36.305971],[140.15116,36.305931],[140.151205,36.305909],[140.151283,36.305863],[140.151396,36.305839],[140.151455,36.305823],[140.151501,36.305789],[140.151534,36.305742],[140.15158,36.30571],[140.151646,36.305679],[140.151755,36.305647],[140.151802,36.305613],[140.15181,36.305571],[140.151797,36.305525],[140.151739,36.305463],[140.151625,36.305311],[140.151567,36.305206],[140.15156,36.30516],[140.151571,36.30512]]}},{"type":"Feature","properties":{"id":198698050,"highway":"service"},"geometry":{"type":"LineString","coordinates":[[140.16479,36.29978],[140.164836,36.299773],[140.164883,36.29978],[140.165023,36.299869],[140.165082,36.2999],[140.165169,36.299916],[140.165222,36.299914],[140.165403,36.299881],[140.165477,36.299885],[140.165593,36.299925],[140.165683,36.299956],[140.165774,36.299976],[140.165845,36.299988],[140.165905,36.300018],[140.166161,36.300238],[140.16622,36.300254],[140.166347,36.300261],[140.166423,36.300266],[140.166507,36.300308],[140.166619,36.300361],[140.166806,36.300421],[140.166989,36.300444],[140.167105,36.300462],[140.167221,36.300487],[140.167318,36.300488],[140.167374,36.300476],[140.16741,36.300462],[140.167408,36.300424],[140.167418,36.300384],[140.167441,36.300333],[140.167479,36.300278],[140.167534,36.30023],[140.167634,36.300165],[140.16769,36.300139],[140.167795,36.300113],[140.167898,36.300098],[140.168039,36.30009],[140.168122,36.300077],[140.168163,36.300064],[140.168245,36.300054],[140.168326,36.300051],[140.168489,36.300125],[140.168541,36.300139],[140.168588,36.300158]]}},{"type":"Feature","properties":{"id":198698062,"highway":"unclassified"},"geometry":{"type":"LineString","coordinates":[[140.152668,36.304463],[140.152649,36.304423],[140.152627,36.304388],[140.152566,36.304354],[140.1525,36.304328],[140.152396,36.304317],[140.152287,36.304312],[140.1521,36.304314],[140.152024,36.304326],[140.151973,36.304345],[140.151881,36.304411],[140.151775,36.304509],[140.15171,36.304553],[140.151645,36.304578],[140.151565,36.304598],[140.151432,36.304629],[140.151141,36.304721],[140.151061,36.304735],[140.151005,36.30473],[140.150936,36.304704],[140.150879,36.304659],[140.15085,36.304592],[140.150839,36.304529],[140.150802,36.304475],[140.150765,36.304448],[140.150685,36.304431],[140.150606,36.304394],[140.150532,36.304344],[140.150471,36.30432],[140.150413,36.304322],[140.150242,36.30435],[140.150094,36.304392],[140.149971,36.304427]]}},{"type":"Feature","properties":{"id":198698089,"highway":"unclassified"},"geometry":{"type":"LineString","coordinates":[[140.170591,36.300326],[140.170665,36.300368],[140.170915,36.300428],[140.171013,36.30045],[140.171054,36.300483],[140.171076,36.300528],[140.171053,36.300695],[140.171061,36.300742],[140.171086,36.300773],[140.171146,36.300779],[140.171249,36.300753],[140.171455,36.300686],[140.171574,36.300684],[140.171645,36.300693],[140.171694,36.300719],[140.171766,36.300782],[140.171921,36.300953],[140.17197,36.301022],[140.172029,36.301056],[140.17209,36.301074],[140.17217,36.301076],[140.172324,36.301071],[140.172401,36.301082],[140.172487,36.301113],[140.172541,36.301162],[140.172669,36.301324],[140.172769,36.301437],[140.172896,36.301513],[140.173017,36.301525],[140.173392,36.30144]]}},{"type":"Feature","properties":{"id":198698133,"highway":"unclassified"},"geometry":{"type":"LineString","coordinates":[[140.148948,36.310935],[140.148908,36.310896],[140.148845,36.310834],[140.148775,36.310775],[140.148671,36.310715],[140.148442,36.310688],[140.148373,36.310668],[140.148322,36.310636],[140.148286,36.310586],[140.148275,36.310547],[140.148222,36.31029],[140.148186,36.31017],[140.148145,36.310099],[140.148092,36.310041],[140.147926,36.309921],[140.147905,36.309879],[140.147893,36.309829],[140.147913,36.309766],[140.14796,36.309703],[140.148016,36.309673],[140.148078,36.309668],[140.148153,36.309687],[140.148407,36.309754],[140.148612,36.309806],[140.148772,36.309868],[140.148911,36.309923],[140.148961,36.309929],[140.149013,36.309914],[140.149204,36.309826],[140.149251,36.309807],[140.149304,36.309805],[140.149599,36.309888],[140.14966,36.309929],[140.149748,36.309987],[140.149814,36.310014],[140.149858,36.310016],[140.149923,36.310001],[140.150004,36.309961]]}},{"type":"Feature","properties":{"id":198698142,"highway":"service"},"geometry":{"type":"LineString","coordinates":[[140.192576,36.310449],[140.192778,36.310891],[140.192809,36.310937],[140.19284,36.310952],[140.193031,36.310942],[140.193077,36.310956],[140.193119,36.310993],[140.193183,36.311048],[140.193225,36.311115],[140.193227,36.311173],[140.193286,36.311213]]}},{"type":"Feature","properties":{"id":198698143,"highway":"unclassified"},"geometry":{"type":"LineString","coordinates":[[140.20225,36.301359],[140.201908,36.301419],[140.201659,36.301439],[140.201218,36.301643],[140.201118,36.301654],[140.201016,36.301648],[140.200474,36.301569],[140.200009,36.301477],[140.199902,36.301427],[140.199707,36.301293],[140.199527,36.30113],[140.199457,36.301017],[140.199408,36.300899],[140.199338,36.300606],[140.199262,36.300504],[140.199207,36.300465],[140.198977,36.300335],[140.198915,36.300279],[140.19888,36.300217],[140.198867,36.299992],[140.198887,36.299586],[140.198887,36.299192],[140.198867,36.299124],[140.19879,36.298961],[140.198636,36.298702],[140.198483,36.298561],[140.198372,36.298504],[140.198344,36.298499]]}},{"type":"Feature","properties":{"id":198698144,"highway":"residential"},"geometry":{"type":"LineString","coordinates":[[140.167227,36.317938],[140.167311,36.318033],[140.167347,36.318121],[140.167348,36.318263],[140.16736,36.318381],[140.167516,36.318565],[140.167571,36.318596],[140.167635,36.318573],[140.167794,36.31852],[140.168084,36.318435],[140.168334,36.318395],[140.168565,36.318385],[140.169668,36.318455],[140.169816,36.318455],[140.170032,36.318447],[140.170216,36.318435],[140.170398,36.31841],[140.170605,36.31837],[140.170809,36.318297],[140.170991,36.318211],[140.171005,36.318151],[140.171491,36.31795]]}},{"type":"Feature","properties":{"id":198698163,"highway":"residential"},"geometry":{"type":"LineString","coordinates":[[140.166202,36.308308],[140.166086,36.308436],[140.165921,36.308612],[140.165808,36.3087],[140.165728,36.308758],[140.165671,36.308791],[140.165572,36.308833]]}},{"type":"Feature","properties":{"id":198698225,"highway":"unclassified"},"geometry":{"type":"LineString","coordinates":[[140.174415,36.308358],[140.174479,36.308657],[140.17456,36.308862]]}},{"type":"Feature","properties":{"id":198698256,"highway":"unclassified"},"geometry":{"type":"LineString","coordinates":[[140.198636,36.30461],[140.197824,36.304727]]}},{"type":"Feature","properties":{"id":198698374,"highway":"unclassified"},"geometry":{"type":"LineString","coordinates":[[140.197647,36.304766],[140.197174,36.304889]]}},{"type":"Feature","properties":{"id":198698376,"highway":"unclassified"},"geometry":{"type":"LineString","coordinates":[[140.174338,36.3072],[140.174415,36.308358]]}},{"type":"Feature","properties":{"id":198698492,"highway":"unclassified"},"geometry":{"type":"LineString","coordinates":[[140.194682,36.297678],[140.192605,36.300059]]}},{"type":"Feature","properties":{"id":198698513,"highway":"unclassified"},"geometry":{"type":"LineString","coordinates":[[140.178094,36.30409],[140.176808,36.303725],[140.175934,36.303473]]}},{"type":"Feature","properties":{"id":198698639,"highway":"unclassified"},"geometry":{"type":"LineString","coordinates":[[140.17396,36.314178],[140.17405,36.314568]]}},{"type":"Feature","properties":{"id":198698720,"highway":"unclassified"},"geometry":{"type":"LineString","coordinates":[[140.199188,36.304524],[140.198636,36.30461]]}},{"type":"Feature","properties":{"id":198698728,"highway":"unclassified"},"geometry":{"type":"LineString","coordinates":[[140.195607,36.304105],[140.195571,36.303753]]}},{"type":"Feature","properties":{"id":198698812,"highway":"unclassified"},"geometry":{"type":"LineString","coordinates":[[140.17552,36.306698],[140.174708,36.307065],[140.174338,36.3072]]}},{"type":"Feature","properties":{"id":198698861,"highway":"residential"},"geometry":{"type":"LineString","coordinates":[[140.170365,36.30886],[140.170306,36.308854],[140.169691,36.308836]]}},{"type":"Feature","properties":{"id":198699180,"highway":"unclassified"},"geometry":{"type":"LineString","coordinates":[[140.177185,36.312046],[140.17716,36.312089],[140.176967,36.3122],[140.176631,36.312361]]}},{"type":"Feature","properties":{"id":198699189,"highway":"service"},"geometry":{"type":"LineString","coordinates":[[140.180773,36.309109],[140.18105,36.309078],[140.181746,36.309029],[140.181851,36.309]]}},{"type":"Feature","properties":{"id":198699229,"highway":"unclassified"},"geometry":{"type":"LineString","coordinates":[[140.179634,36.30454],[140.179634,36.304606],[140.179694,36.305684],[140.179693,36.305761]]}},{"type":"Feature","properties":{"id":198699283,"highway":"residential"},"geometry":{"type":"LineString","coordinates":[[140.178914,36.303577],[140.179291,36.304387],[140.179453,36.304473],[140.179634,36.30454]]}},{"type":"Feature","properties":{"id":198699339,"highway":"unclassified"},"geometry":{"type":"LineString","coordinates":[[140.193912,36.302321],[140.193978,36.302305]]}},{"type":"Feature","properties":{"id":198699347,"highway":"unclassified"},"geometry":{"type":"LineString","coordinates":[[140.190788,36.31103],[140.190785,36.311076],[140.190816,36.311128],[140.190922,36.311238],[140.19099,36.311314],[140.191024,36.311395],[140.191033,36.311481],[140.191067,36.311549],[140.191141,36.311608]]}},{"type":"Feature","properties":{"id":198699470,"highway":"unclassified"},"geometry":{"type":"LineString","coordinates":[[140.194667,36.302188],[140.194968,36.302036],[140.195036,36.301983]]}},{"type":"Feature","properties":{"id":198699489,"highway":"residential"},"geometry":{"type":"LineString","coordinates":[[140.165572,36.308833],[140.165686,36.308931],[140.165762,36.309002],[140.165825,36.309027],[140.165864,36.309032],[140.165918,36.309022],[140.16601,36.308976],[140.1661,36.30895],[140.166159,36.308946],[140.166297,36.308965],[140.166379,36.308963],[140.166719,36.308874]]}},{"type":"Feature","properties":{"id":198699496,"highway":"unclassified"},"geometry":{"type":"LineString","coordinates":[[140.194948,36.301324],[140.194924,36.301449],[140.194955,36.301699],[140.195036,36.301983]]}},{"type":"Feature","properties":{"id":198699521,"highway":"unclassified"},"geometry":{"type":"LineString","coordinates":[[140.173392,36.30144],[140.173561,36.301399],[140.173689,36.301391],[140.173816,36.301423],[140.17387,36.301452],[140.173973,36.30148],[140.174131,36.301478]]}},{"type":"Feature","properties":{"id":198699535,"highway":"residential"},"geometry":{"type":"LineString","coordinates":[[140.171608,36.307525],[140.171514,36.307555],[140.171417,36.30763],[140.171347,36.307845],[140.171161,36.308121]]}},{"type":"Feature","properties":{"id":198699564,"highway":"unclassified"},"geometry":{"type":"LineString","coordinates":[[140.197174,36.304889],[140.196849,36.304986],[140.196632,36.305122],[140.196272,36.305344]]}},{"type":"Feature","properties":{"id":198699608,"highway":"residential"},"geometry":{"type":"LineString","coordinates":[[140.17453,36.314362],[140.174312,36.314482],[140.17405,36.314568]]}},{"type":"Feature","properties":{"id":198699653,"highway":"unclassified"},"geometry":{"type":"LineString","coordinates":[[140.194875,36.304325],[140.194819,36.304441],[140.194543,36.304833],[140.194365,36.305087]]}},{"type":"Feature","properties":{"id":198699732,"highway":"unclassified"},"geometry":{"type":"LineString","coordinates":[[140.147118,36.307191],[140.14717,36.307176],[140.14725,36.307168],[140.147433,36.30717],[140.147556,36.30718],[140.147903,36.307262],[140.148357,36.30741],[140.148428,36.307415],[140.148494,36.307386],[140.14854,36.307346],[140.14859,36.30725],[140.148628,36.307172],[140.148693,36.307093],[140.148771,36.307029],[140.14885,36.30698],[140.148947,36.30695],[140.149033,36.306941],[140.149191,36.306939],[140.149341,36.30699],[140.149866,36.30721],[140.149925,36.307223],[140.149971,36.307217],[140.150016,36.307186],[140.150147,36.307094],[140.150205,36.307076],[140.150281,36.307082],[140.150367,36.307099],[140.150449,36.307145],[140.150544,36.307237],[140.15089,36.307584],[140.150984,36.307657],[140.151042,36.307687],[140.151084,36.307687],[140.151148,36.307674],[140.151225,36.307628],[140.151249,36.307592],[140.151247,36.307541],[140.151224,36.30744]]}},{"type":"Feature","properties":{"id":198699744,"highway":"unclassified"},"geometry":{"type":"LineString","coordinates":[[140.17453,36.314362],[140.175611,36.314963],[140.175723,36.314995],[140.175899,36.314982],[140.176335,36.314928],[140.176433,36.314921],[140.176516,36.314923],[140.176565,36.314939],[140.176641,36.315003],[140.176702,36.315068],[140.176775,36.31518],[140.176815,36.315307],[140.176933,36.315669],[140.177056,36.316083],[140.177072,36.316391],[140.177091,36.316439],[140.177137,36.316468],[140.177195,36.316488],[140.177519,36.316499],[140.177599,36.316517],[140.177652,36.316544],[140.17774,36.316621],[140.177797,36.316661],[140.177956,36.31672],[140.17801,36.316762],[140.178057,36.316828],[140.178094,36.316877],[140.178156,36.316917],[140.178328,36.31698],[140.178468,36.31701],[140.178589,36.317003],[140.17874,36.316961],[140.178941,36.316904],[140.179084,36.316825],[140.179175,36.316777],[140.179329,36.316768],[140.179379,36.316778],[140.179403,36.316813],[140.179417,36.316859],[140.179415,36.316924],[140.179414,36.316968],[140.179379,36.317009],[140.179209,36.317148],[140.179103,36.317325],[140.179033,36.317416],[140.178971,36.317467],[140.178906,36.317498],[140.178639,36.317582],[140.178576,36.317621],[140.178524,36.317672],[140.178415,36.317817],[140.178325,36.317949],[140.17811,36.318298],[140.178099,36.318337],[140.178094,36.318378],[140.178106,36.318416],[140.178135,36.318442],[140.17818,36.31846],[140.178228,36.318456],[140.178276,36.318435],[140.178351,36.318383],[140.178424,36.318303],[140.178499,36.318243],[140.178564,36.318201],[140.178638,36.318157],[140.178747,36.318117],[140.17878,36.318112],[140.178812,36.318117],[140.178854,36.318129],[140.178886,36.31813],[140.178918,36.318155],[140.178935,36.318179],[140.178937,36.318205],[140.178914,36.318225],[140.178847,36.318257],[140.178723,36.3183],[140.178622,36.318348],[140.178543,36.318402],[140.178513,36.318455],[140.1785,36.318502],[140.178528,36.318592]]}},{"type":"Feature","properties":{"id":198699766,"highway":"unclassified"},"geometry":{"type":"LineString","coordinates":[[140.149971,36.304427],[140.149747,36.30449],[140.149695,36.304501],[140.149644,36.304496],[140.149606,36.30448],[140.149574,36.304455],[140.149554,36.304422],[140.149548,36.304361],[140.149549,36.304297],[140.149558,36.304195],[140.149552,36.304083],[140.14954,36.30405],[140.149515,36.304024],[140.149424,36.303987],[140.149178,36.303902],[140.149126,36.303878],[140.149097,36.303846],[140.149078,36.303815],[140.149068,36.303781],[140.149074,36.303746],[140.149101,36.303715],[140.149145,36.303655],[140.149244,36.303555],[140.149284,36.303524],[140.149347,36.303505],[140.149483,36.303482],[140.149686,36.303397],[140.149717,36.303379],[140.149822,36.303258],[140.149886,36.303207],[140.149947,36.303177],[140.150056,36.30316],[140.150196,36.303128],[140.150254,36.303107],[140.15032,36.30305],[140.150409,36.302954],[140.150515,36.302806],[140.150537,36.302726],[140.150541,36.302677],[140.150521,36.30263],[140.150471,36.302581],[140.150388,36.302497],[140.150366,36.302434],[140.150376,36.302377],[140.150443,36.302254],[140.150456,36.302212],[140.150448,36.302166],[140.15041,36.302109],[140.150361,36.302088],[140.150255,36.302073],[140.15014,36.302061],[140.150014,36.302032],[140.149881,36.301983],[140.149794,36.301964],[140.149741,36.301967],[140.149649,36.301995],[140.149548,36.302045],[140.149436,36.302094],[140.149334,36.302107],[140.14922,36.302108],[140.149181,36.302094],[140.149143,36.302056],[140.149126,36.301998],[140.14912,36.30193],[140.149115,36.301861],[140.149085,36.301816],[140.149046,36.301789],[140.148986,36.301753],[140.148854,36.301713],[140.148677,36.301666],[140.148606,36.301659],[140.148287,36.301665],[140.148127,36.30166],[140.14796,36.301665],[140.147854,36.301678],[140.147697,36.301707],[140.147631,36.301699],[140.147582,36.301673],[140.147533,36.301628],[140.147495,36.301565]]}},{"type":"Feature","properties":{"id":198699800,"highway":"residential"},"geometry":{"type":"LineString","coordinates":[[140.191431,36.300106],[140.191462,36.300087],[140.191694,36.299928],[140.192002,36.299736]]}},{"type":"Feature","properties":{"id":198699858,"highway":"service"},"geometry":{"type":"LineString","coordinates":[[140.198636,36.30461],[140.198764,36.305137],[140.19882,36.305591]]}},{"type":"Feature","properties":{"id":198699957,"highway":"residential"},"geometry":{"type":"LineString","coordinates":[[140.177544,36.308927],[140.177627,36.308947]]}},{"type":"Feature","properties":{"id":198700049,"highway":"service"},"geometry":{"type":"LineString","coordinates":[[140.181046,36.30513],[140.180897,36.30519],[140.180393,36.305516],[140.180405,36.305619],[140.180371,36.305691],[140.180276,36.305734],[140.180126,36.305766],[140.179911,36.305733],[140.179784,36.305733],[140.179693,36.305761]]}},{"type":"Feature","properties":{"id":198700074,"highway":"residential"},"geometry":{"type":"LineString","coordinates":[[140.17521,36.311399],[140.175528,36.311269],[140.175861,36.311272]]}},{"type":"Feature","properties":{"id":198700095,"highway":"service"},"geometry":{"type":"LineString","coordinates":[[140.19679,36.302625],[140.196665,36.302628],[140.1966,36.302602],[140.196536,36.302537],[140.196477,36.302476],[140.19638,36.302455],[140.196222,36.302401],[140.196069,36.302332],[140.195837,36.302293],[140.195596,36.302298]]}},{"type":"Feature","properties":{"id":198700117,"highway":"unclassified"},"geometry":{"type":"LineString","coordinates":[[140.197824,36.304727],[140.197647,36.304766]]}},{"type":"Feature","properties":{"id":198700285,"highway":"unclassified"},"geometry":{"type":"LineString","coordinates":[[140.196272,36.305344],[140.196088,36.305453],[140.195651,36.305643],[140.195496,36.305692],[140.195354,36.305755],[140.19522,36.305767],[140.195023,36.305773],[140.194865,36.305802],[140.194759,36.305794],[140.194669,36.30576],[140.194601,36.305724],[140.194499,36.30566],[140.194393,36.305601],[140.194187,36.305524]]}},{"type":"Feature","properties":{"id":198700409,"highway":"unclassified"},"geometry":{"type":"LineString","coordinates":[[140.193081,36.3101],[140.193092,36.31019],[140.193075,36.310245],[140.193042,36.3103],[140.193006,36.310331],[140.192576,36.310449]]}},{"type":"Feature","properties":{"id":198700511,"highway":"residential"},"geometry":{"type":"LineString","coordinates":[[140.169062,36.307304],[140.168077,36.307121],[140.167718,36.307059],[140.166681,36.306957]]}},{"type":"Feature","properties":{"id":198700618,"highway":"unclassified"},"geometry":{"type":"LineString","coordinates":[[140.195496,36.305692],[140.195396,36.305559],[140.195448,36.305317],[140.195449,36.305112],[140.195561,36.304645],[140.195599,36.304396],[140.195607,36.304105]]}},{"type":"Feature","properties":{"id":198700722,"highway":"unclassified"},"geometry":{"type":"LineString","coordinates":[[140.174131,36.301478],[140.17427,36.301455],[140.174439,36.301421],[140.174562,36.301402],[140.174699,36.301399],[140.17479,36.301371],[140.174857,36.301315],[140.17494,36.301279],[140.175088,36.30128],[140.175276,36.301282]]}},{"type":"Feature","properties":{"id":198700730,"highway":"residential"},"geometry":{"type":"LineString","coordinates":[[140.177483,36.311954],[140.177693,36.311687],[140.177836,36.311392],[140.177892,36.31131],[140.178204,36.311373],[140.178252,36.311338],[140.178356,36.311095]]}},{"type":"Feature","properties":{"id":198700951,"highway":"residential"},"geometry":{"type":"LineString","coordinates":[[140.195488,36.307031],[140.195519,36.3068],[140.195517,36.306491],[140.195509,36.306285],[140.195498,36.305973],[140.195496,36.305692]]}},{"type":"Feature","properties":{"id":198700981,"highway":"residential"},"geometry":{"type":"LineString","coordinates":[[140.179062,36.308958],[140.179183,36.308555],[140.179569,36.307546],[140.179564,36.307501],[140.179547,36.307464],[140.179466,36.307421]]}},{"type":"Feature","properties":{"id":198701011,"highway":"unclassified"},"geometry":{"type":"LineString","coordinates":[[140.150004,36.309961],[140.150055,36.309934],[140.150095,36.309897],[140.15012,36.309844],[140.150134,36.309803],[140.150138,36.309707],[140.15013,36.309597],[140.150114,36.30955],[140.150075,36.309509],[140.149897,36.30936],[140.149863,36.309315],[140.14985,36.309267],[140.149888,36.30896],[140.149873,36.308917],[140.149517,36.308653],[140.149304,36.30851],[140.149266,36.308477],[140.149256,36.308437],[140.149265,36.308396],[140.149295,36.308355],[140.149346,36.308319],[140.14946,36.30827],[140.149546,36.308217],[140.149613,36.30818],[140.14968,36.30817],[140.149754,36.308191],[140.149802,36.308215],[140.149853,36.308263],[140.149906,36.308295],[140.149951,36.30829],[140.149993,36.30827],[140.150022,36.308234],[140.150026,36.308189],[140.150006,36.308156],[140.149956,36.308135],[140.149908,36.308142],[140.149829,36.308152],[140.149761,36.308138],[140.149644,36.308103],[140.149591,36.308094],[140.149535,36.308104],[140.149474,36.308146],[140.149414,36.308183],[140.149365,36.308199],[140.14932,36.308198],[140.149199,36.308181],[140.148584,36.308133],[140.148532,36.308134],[140.14848,36.308155],[140.148445,36.308191],[140.148409,36.308245],[140.148405,36.308307],[140.148415,36.30837],[140.148449,36.308416],[140.148516,36.308468],[140.148614,36.308519],[140.148847,36.308604],[140.148907,36.308633],[140.148947,36.308664],[140.149009,36.308731],[140.149059,36.308774],[140.149239,36.308862],[140.149384,36.30894],[140.149403,36.308978],[140.149397,36.309032],[140.149373,36.309068],[140.149325,36.309084],[140.149266,36.309084],[140.149224,36.309061],[140.149198,36.309019],[140.149167,36.308973],[140.14911,36.308939],[140.148933,36.30887],[140.148739,36.30878],[140.148487,36.308718],[140.148315,36.308665],[140.14819,36.308604],[140.14807,36.308529],[140.147877,36.308379],[140.147718,36.30817],[140.147693,36.308122],[140.147645,36.307943],[140.147625,36.307894],[140.147547,36.307785],[140.147392,36.307565],[140.147343,36.307525],[140.147237,36.307458],[140.147154,36.3074],[140.147115,36.307367],[140.147092,36.307303],[140.147096,36.307251],[140.147118,36.307191]]}},{"type":"Feature","properties":{"id":198701067,"highway":"residential"},"geometry":{"type":"LineString","coordinates":[[140.180773,36.309109],[140.180512,36.309008],[140.180299,36.30894],[140.180182,36.308911],[140.179992,36.308911],[140.179648,36.308947],[140.179062,36.308958]]}},{"type":"Feature","properties":{"id":198701167,"highway":"unclassified"},"geometry":{"type":"LineString","coordinates":[[140.195036,36.301983],[140.195177,36.302338],[140.195178,36.302389],[140.195196,36.302664],[140.195195,36.30288],[140.195184,36.302954],[140.195127,36.303044],[140.195015,36.303157],[140.194953,36.303221]]}},{"type":"Feature","properties":{"id":198701205,"highway":"unclassified"},"geometry":{"type":"LineString","coordinates":[[140.151571,36.30512],[140.151599,36.305079],[140.151663,36.30503],[140.151751,36.304995],[140.15185,36.304967],[140.151924,36.30493],[140.15202,36.304865],[140.152105,36.304819],[140.15218,36.304783],[140.152212,36.304741],[140.152265,36.304663],[140.152315,36.304614],[140.152381,36.304579],[140.152459,36.304559],[140.152532,36.304558],[140.152611,36.304535],[140.152649,36.304502],[140.152668,36.304463]]}},{"type":"Feature","properties":{"id":198701208,"highway":"residential"},"geometry":{"type":"LineString","coordinates":[[140.17456,36.308862],[140.174274,36.309032],[140.173662,36.309162],[140.173319,36.309203],[140.172945,36.309326]]}},{"type":"Feature","properties":{"id":198701224,"highway":"residential"},"geometry":{"type":"LineString","coordinates":[[140.195624,36.307913],[140.195546,36.307822],[140.195513,36.307755],[140.195481,36.30768],[140.195488,36.307031]]}},{"type":"Feature","properties":{"id":198701272,"highway":"unclassified"},"geometry":{"type":"LineString","coordinates":[[140.199859,36.305217],[140.199692,36.305175],[140.19953,36.305118],[140.1994,36.305049],[140.199289,36.304936],[140.199201,36.304691],[140.199188,36.304524]]}},{"type":"Feature","properties":{"id":198701307,"highway":"residential"},"geometry":{"type":"LineString","coordinates":[[140.198491,36.303908],[140.199799,36.303749],[140.199952,36.303715],[140.200184,36.303643],[140.200443,36.303539],[140.200696,36.303434],[140.200823,36.303377]]}},{"type":"Feature","properties":{"id":198701330,"highway":"unclassified"},"geometry":{"type":"LineString","coordinates":[[140.17405,36.314568],[140.174505,36.315605]]}},{"type":"Feature","properties":{"id":198701343,"highway":"unclassified"},"geometry":{"type":"LineString","coordinates":[[140.201179,36.304742],[140.200734,36.304806],[140.200296,36.304862],[140.200038,36.304919],[140.199876,36.304981]]}},{"type":"Feature","properties":{"id":198701391,"highway":"residential"},"geometry":{"type":"LineString","coordinates":[[140.196392,36.299849],[140.196516,36.300412],[140.196567,36.300521],[140.196708,36.300787],[140.19685,36.30097],[140.196999,36.301136],[140.197423,36.301581],[140.197524,36.301663]]}},{"type":"Feature","properties":{"id":198701393,"highway":"service"},"geometry":{"type":"LineString","coordinates":[[140.173917,36.308389],[140.173482,36.30847],[140.173163,36.308486],[140.172895,36.308444],[140.172682,36.308368],[140.172349,36.308335],[140.172119,36.308321],[140.171831,36.308247],[140.171746,36.308206],[140.171654,36.308175],[140.171373,36.308147],[140.171161,36.308121]]}},{"type":"Feature","properties":{"id":198701408,"highway":"unclassified"},"geometry":{"type":"LineString","coordinates":[[140.147934,36.299875],[140.147964,36.299844],[140.148015,36.29981],[140.148084,36.299791],[140.148176,36.299782],[140.148304,36.299785],[140.148497,36.299807],[140.148616,36.299832],[140.148695,36.299861],[140.14875,36.299902],[140.14884,36.29999],[140.148873,36.300014],[140.148928,36.300026],[140.148991,36.300028],[140.149066,36.300022],[140.149135,36.299994],[140.14919,36.299951],[140.149258,36.299838],[140.149293,36.299815],[140.149452,36.29976],[140.149517,36.299732],[140.149544,36.299688],[140.14956,36.299578],[140.149546,36.299473],[140.149526,36.299397],[140.149378,36.299126],[140.149371,36.299062],[140.149385,36.298979],[140.149417,36.298879],[140.149405,36.298834],[140.149332,36.298694],[140.149324,36.298622],[140.149336,36.298486],[140.14933,36.298389],[140.149279,36.298305],[140.149226,36.298239],[140.149199,36.298188],[140.149204,36.298134],[140.149225,36.298086],[140.149324,36.297958],[140.149362,36.297882],[140.149373,36.297821],[140.149367,36.297754],[140.149367,36.297685],[140.149387,36.297615],[140.149437,36.297498],[140.149512,36.297444],[140.149613,36.29738],[140.149723,36.297324],[140.1498,36.297299],[140.149877,36.297289],[140.149978,36.297284],[140.150038,36.297303],[140.150301,36.297455],[140.150374,36.297487],[140.150463,36.297518],[140.150555,36.297536],[140.150663,36.29755],[140.150721,36.297546],[140.150774,36.297526],[140.150824,36.297498],[140.150863,36.297453],[140.150899,36.297386],[140.150934,36.29729],[140.150974,36.296884],[140.15095,36.296617],[140.15095,36.296412],[140.15096,36.296356],[140.150991,36.296283],[140.151041,36.296199],[140.151152,36.296115],[140.15119,36.296054],[140.151207,36.295976],[140.151217,36.295818],[140.15124,36.295723],[140.151263,36.295648],[140.15125,36.295608],[140.151211,36.295575],[140.151166,36.295565],[140.151012,36.295538],[140.150874,36.295494],[140.150809,36.295453],[140.150718,36.295379],[140.150635,36.295281],[140.150581,36.295223],[140.150533,36.295192],[140.150437,36.295168],[140.150313,36.29512],[140.150245,36.295075],[140.150193,36.295027],[140.150155,36.294975],[140.150144,36.294906],[140.150133,36.294832],[140.150129,36.294736],[140.15011,36.294652],[140.150073,36.294583],[140.150027,36.294544],[140.149957,36.294503],[140.149851,36.294447],[140.149811,36.294419],[140.149778,36.29438],[140.149734,36.29432],[140.149696,36.294258]]}},{"type":"Feature","properties":{"id":198701412,"highway":"unclassified"},"geometry":{"type":"LineString","coordinates":[[140.180114,36.320916],[140.179514,36.321045],[140.179306,36.321072],[140.179071,36.32111],[140.178994,36.321109],[140.178907,36.321098],[140.178831,36.321074],[140.17879,36.321045],[140.178766,36.321008],[140.178763,36.320963],[140.17878,36.320918],[140.178802,36.320882],[140.178837,36.320857],[140.178902,36.320831],[140.179091,36.320833],[140.179191,36.32083],[140.179291,36.320816],[140.179395,36.320786],[140.179594,36.320704],[140.179684,36.320671],[140.180071,36.32057],[140.180139,36.320538],[140.180204,36.320488],[140.180288,36.320391],[140.180431,36.320208],[140.180502,36.320085],[140.180596,36.319874],[140.180639,36.319794],[140.180701,36.319731],[140.180873,36.319617],[140.181224,36.3194],[140.181302,36.319365],[140.181371,36.319344],[140.181448,36.31933],[140.181664,36.319324],[140.181834,36.319316],[140.181903,36.319304],[140.181954,36.319286],[140.181996,36.319255],[140.182087,36.319157],[140.182246,36.318949],[140.182382,36.318744],[140.182417,36.318705],[140.182458,36.318693],[140.182556,36.318691],[140.182691,36.318702],[140.182875,36.318728],[140.182933,36.318728],[140.183001,36.31871],[140.183066,36.318678],[140.18317,36.318603],[140.183235,36.318542],[140.183269,36.318493],[140.183297,36.318438],[140.183335,36.318387],[140.183376,36.318348],[140.183431,36.318317],[140.183482,36.318283],[140.183626,36.318147],[140.183681,36.318108],[140.183739,36.31809],[140.1838,36.318083],[140.183935,36.318094],[140.183995,36.318094],[140.184205,36.318068],[140.184271,36.318068],[140.184326,36.31808],[140.18448,36.318136],[140.184526,36.318145],[140.184577,36.31814],[140.184927,36.317982],[140.184984,36.317945],[140.185063,36.317916],[140.185201,36.317884],[140.185277,36.317854],[140.185332,36.317814],[140.185483,36.31766],[140.185549,36.31758],[140.185617,36.317518],[140.185726,36.317445],[140.185836,36.317385],[140.185924,36.317333],[140.185947,36.317292],[140.185946,36.317248],[140.18592,36.317199],[140.185879,36.317162],[140.185828,36.317138],[140.185765,36.317138],[140.185711,36.317155],[140.185659,36.317195],[140.185609,36.317254],[140.185562,36.31733],[140.185489,36.317413],[140.185441,36.317454],[140.185368,36.317501],[140.185289,36.317549],[140.185212,36.317572],[140.185012,36.31761],[140.18489,36.31764],[140.184612,36.317735],[140.184502,36.317768],[140.184449,36.317773],[140.184227,36.317753],[140.183702,36.317644],[140.183477,36.317606],[140.183396,36.317602],[140.183319,36.317608],[140.183227,36.317618],[140.18314,36.317639],[140.183049,36.317674],[140.182979,36.317708],[140.182951,36.317745],[140.182871,36.317852],[140.182835,36.317894],[140.182791,36.317915],[140.182731,36.317926],[140.182673,36.317929],[140.182607,36.317926],[140.182555,36.317908],[140.182511,36.317876],[140.18244,36.317814],[140.18239,36.317751],[140.182334,36.317693],[140.182285,36.317652],[140.18223,36.317622],[140.182175,36.317602],[140.182127,36.317594],[140.182055,36.317594],[140.181986,36.317605],[140.181915,36.31763],[140.181865,36.317666],[140.181836,36.317699],[140.181773,36.317888],[140.181727,36.317996],[140.181696,36.318021],[140.181644,36.318034],[140.181586,36.318044],[140.18153,36.31804],[140.181424,36.318023],[140.181218,36.317942],[140.180968,36.317848],[140.180788,36.317794],[140.180694,36.317775],[140.180602,36.31777],[140.180487,36.317776],[140.180404,36.317791],[140.180331,36.317815],[140.180276,36.317843],[140.180211,36.317887],[140.180164,36.317923],[140.180141,36.31796],[140.180121,36.318022],[140.180087,36.318124],[140.180048,36.318196],[140.180003,36.318241],[140.179949,36.31827],[140.179861,36.318308],[140.179605,36.318369],[140.17927,36.318423],[140.179207,36.318426],[140.179144,36.318409],[140.179102,36.318381],[140.179067,36.31836],[140.179015,36.318348],[140.178941,36.318345],[140.178874,36.318358],[140.178703,36.318415],[140.178608,36.318452],[140.178562,36.318491],[140.178537,36.318533],[140.178528,36.318592],[140.178532,36.318712],[140.178544,36.318785],[140.178591,36.318925],[140.178592,36.319018],[140.178584,36.319069],[140.178564,36.319131],[140.178531,36.319171],[140.178501,36.319186],[140.178302,36.319213],[140.178187,36.319226],[140.178141,36.31922],[140.178094,36.319203],[140.178043,36.31917],[140.177973,36.319105],[140.177893,36.319018],[140.177795,36.318896],[140.177739,36.318855],[140.177498,36.318679],[140.177351,36.318565],[140.1773,36.31854],[140.177067,36.318459],[140.177008,36.318452],[140.176906,36.318453],[140.176829,36.318461],[140.176767,36.318481],[140.176559,36.318596],[140.17646,36.318645],[140.176418,36.318658],[140.176311,36.318656],[140.176235,36.318667],[140.176138,36.318688],[140.176039,36.318731],[140.175997,36.318756],[140.175959,36.318799],[140.175844,36.318919],[140.175776,36.318942],[140.175694,36.318964],[140.175597,36.318966],[140.17554,36.318972],[140.175493,36.31899],[140.17544,36.319024],[140.175367,36.319073],[140.175244,36.319134],[140.175185,36.31915],[140.175134,36.319159],[140.175014,36.31916],[140.174962,36.319172],[140.174919,36.319196],[140.174771,36.31932],[140.174649,36.319401],[140.174583,36.319435],[140.174517,36.319456],[140.174459,36.319456],[140.1744,36.319434],[140.174349,36.319393],[140.174109,36.31919],[140.174052,36.319158],[140.17399,36.31915],[140.173921,36.319158],[140.173859,36.319181],[140.173803,36.319213],[140.173771,36.319258],[140.173642,36.319517],[140.173604,36.319571],[140.173566,36.319604],[140.17352,36.319637],[140.173464,36.319664],[140.173417,36.319671],[140.173364,36.319667],[140.173264,36.319647],[140.17301,36.31955],[140.172948,36.319533],[140.172893,36.319532],[140.172838,36.319546],[140.172796,36.319569],[140.172764,36.3196],[140.172674,36.319769],[140.172633,36.319872],[140.172629,36.319926],[140.172631,36.320005],[140.172649,36.32015],[140.172647,36.320202],[140.172627,36.320243],[140.172592,36.32028],[140.172541,36.320308],[140.172459,36.320342],[140.172399,36.320357],[140.172348,36.32036],[140.172257,36.320351],[140.172187,36.320336],[140.172037,36.320286],[140.171546,36.320076],[140.171475,36.320047],[140.171426,36.320048],[140.171384,36.320059],[140.171343,36.320082],[140.171309,36.320122],[140.171281,36.32019],[140.171254,36.320339],[140.171252,36.320452],[140.171239,36.320492],[140.171217,36.320527],[140.171174,36.320568],[140.171127,36.320596],[140.170986,36.32065],[140.170942,36.320676],[140.170921,36.3207],[140.170881,36.320824],[140.170848,36.320864],[140.170803,36.320897],[140.17076,36.320912],[140.170692,36.320911],[140.170614,36.320894],[140.170542,36.320867],[140.170471,36.320821],[140.170406,36.320785],[140.170339,36.320778],[140.17027,36.320786],[140.170204,36.320815],[140.170154,36.320852],[140.170037,36.320947],[140.169895,36.32106]]}},{"type":"Feature","properties":{"id":198701453,"highway":"unclassified"},"geometry":{"type":"LineString","coordinates":[[140.192523,36.30904],[140.192576,36.309192],[140.192652,36.30935],[140.192715,36.309423],[140.192965,36.309699],[140.19302,36.309804],[140.193081,36.3101]]}},{"type":"Feature","properties":{"id":198701467,"highway":"unclassified"},"geometry":{"type":"LineString","coordinates":[[140.195571,36.303753],[140.19553,36.303511],[140.195526,36.303267],[140.195614,36.303031],[140.19566,36.30285],[140.19564,36.302533],[140.195596,36.302298]]}},{"type":"Feature","properties":{"id":198701480,"highway":"unclassified"},"geometry":{"type":"LineString","coordinates":[[140.195596,36.302298],[140.19555,36.302156],[140.195463,36.301974],[140.195422,36.301947],[140.195353,36.301929],[140.195036,36.301983]]}},{"type":"Feature","properties":{"id":198701493,"highway":"residential"},"geometry":{"type":"LineString","coordinates":[[140.17677,36.308573],[140.176406,36.308444],[140.176245,36.308423],[140.176022,36.308431],[140.175838,36.308464],[140.175473,36.30852],[140.175147,36.308575],[140.174995,36.308615],[140.17456,36.308862]]}},{"type":"Feature","properties":{"id":198701501,"highway":"unclassified"},"geometry":{"type":"LineString","coordinates":[[140.176712,36.311548],[140.177087,36.311932],[140.177185,36.312046]]}},{"type":"Feature","properties":{"id":198701539,"highway":"residential"},"geometry":{"type":"LineString","coordinates":[[140.171161,36.308121],[140.171039,36.308105],[140.170594,36.307978],[140.170048,36.30785],[140.169818,36.307674],[140.169502,36.307491],[140.169237,36.307374],[140.169062,36.307304]]}},{"type":"Feature","properties":{"id":198701619,"highway":"residential"},"geometry":{"type":"LineString","coordinates":[[140.174338,36.3072],[140.173698,36.307413],[140.173465,36.307514],[140.173204,36.307511],[140.172931,36.307509],[140.17275,36.307536],[140.172601,36.307551],[140.17231,36.307559],[140.172071,36.30753],[140.171864,36.30753],[140.171608,36.307525]]}},{"type":"Feature","properties":{"id":198701621,"highway":"unclassified"},"geometry":{"type":"LineString","coordinates":[[140.194953,36.303221],[140.194941,36.30328],[140.194974,36.303497],[140.194958,36.303673],[140.19493,36.303911],[140.194875,36.304325]]}},{"type":"Feature","properties":{"id":198701684,"highway":"residential"},"geometry":{"type":"LineString","coordinates":[[140.1928,36.301969],[140.192779,36.301663],[140.192795,36.301402],[140.192802,36.301103],[140.192779,36.300985],[140.192676,36.300832],[140.192467,36.300645],[140.192511,36.300439],[140.192458,36.300139],[140.192426,36.299965]]}},{"type":"Feature","properties":{"id":198701711,"highway":"residential"},"geometry":{"type":"LineString","coordinates":[[140.193291,36.302399],[140.193165,36.302362],[140.193095,36.302349],[140.192935,36.302259],[140.192852,36.30218],[140.192803,36.302101],[140.1928,36.30206],[140.1928,36.301969]]}},{"type":"Feature","properties":{"id":198701739,"highway":"unclassified"},"geometry":{"type":"LineString","coordinates":[[140.177479,36.313048],[140.177503,36.313063],[140.177872,36.313254],[140.177941,36.313276],[140.178053,36.313361],[140.178219,36.313699],[140.178373,36.313924],[140.178546,36.314105],[140.178713,36.314228]]}},{"type":"Feature","properties":{"id":198701863,"highway":"service"},"geometry":{"type":"LineString","coordinates":[[140.170591,36.300326],[140.170608,36.300142],[140.170526,36.300018],[140.170565,36.299692],[140.170728,36.299653],[140.170908,36.299654],[140.171037,36.299642],[140.17114,36.299624],[140.171344,36.299579],[140.171397,36.299541]]}},{"type":"Feature","properties":{"id":198701886,"highway":"residential"},"geometry":{"type":"LineString","coordinates":[[140.166681,36.306957],[140.166688,36.306993],[140.166664,36.307052],[140.166625,36.307127],[140.166585,36.30722],[140.166571,36.307308],[140.166554,36.307385],[140.166554,36.307494],[140.166598,36.307651],[140.166595,36.307749],[140.166552,36.307853],[140.166501,36.307937],[140.166202,36.308308]]}},{"type":"Feature","properties":{"id":198701967,"highway":"unclassified"},"geometry":{"type":"LineString","coordinates":[[140.177661,36.302233],[140.177605,36.302209],[140.177505,36.302167],[140.177377,36.302106],[140.177304,36.302056],[140.177279,36.302003],[140.17727,36.301641],[140.177215,36.301324],[140.177188,36.301268],[140.177168,36.301254]]}},{"type":"Feature","properties":{"id":198749232,"highway":"unclassified"},"geometry":{"type":"LineString","coordinates":[[140.201962,36.377885],[140.20176,36.377773],[140.201662,36.377727],[140.201525,36.377707],[140.201375,36.377718],[140.201227,36.377729],[140.200978,36.377767],[140.200621,36.378102],[140.200339,36.378331],[140.199901,36.378528]]}},{"type":"Feature","properties":{"id":198749251,"highway":"residential"},"geometry":{"type":"LineString","coordinates":[[140.182066,36.331724],[140.18198,36.331483],[140.181893,36.331315],[140.181799,36.331193],[140.181733,36.33113],[140.181616,36.331101],[140.181508,36.331117],[140.181364,36.331153],[140.181245,36.331243],[140.180769,36.331234]]}},{"type":"Feature","properties":{"id":198749305,"highway":"unclassified"},"geometry":{"type":"LineString","coordinates":[[140.184966,36.343197],[140.185197,36.343152],[140.185718,36.343161],[140.185959,36.343125],[140.186054,36.343079],[140.186114,36.342999],[140.186045,36.342754],[140.185995,36.342663],[140.185784,36.342711],[140.185403,36.342819],[140.185253,36.342822]]}},{"type":"Feature","properties":{"id":198749315,"highway":"residential"},"geometry":{"type":"LineString","coordinates":[[140.169816,36.345678],[140.169889,36.345754],[140.16992,36.34583],[140.169947,36.34591],[140.169995,36.345979],[140.17011,36.346037],[140.170228,36.346031],[140.170534,36.34592],[140.170674,36.34592],[140.170799,36.345975],[140.171486,36.346316],[140.17189,36.346252]]}},{"type":"Feature","properties":{"id":198749354,"highway":"unclassified"},"geometry":{"type":"LineString","coordinates":[[140.172031,36.354959],[140.172045,36.354758],[140.172079,36.354645],[140.17217,36.354527],[140.17282,36.353911],[140.172926,36.353883],[140.173043,36.353861],[140.173111,36.353832],[140.173177,36.35379],[140.173394,36.35358],[140.173447,36.353527]]}},{"type":"Feature","properties":{"id":198749450,"highway":"service"},"geometry":{"type":"LineString","coordinates":[[140.185238,36.353392],[140.184942,36.353295],[140.184386,36.35299],[140.184282,36.352818],[140.184224,36.352692],[140.184196,36.352562],[140.184237,36.352541],[140.184594,36.352433],[140.184583,36.352359],[140.184625,36.352293]]}},{"type":"Feature","properties":{"id":198749465,"highway":"unclassified"},"geometry":{"type":"LineString","coordinates":[[140.191799,36.338414],[140.191575,36.338787],[140.191469,36.338871],[140.191317,36.338914],[140.191171,36.339043],[140.191321,36.339239],[140.191299,36.339344],[140.191148,36.339559],[140.191055,36.339652],[140.190962,36.339784],[140.190925,36.340026],[140.190879,36.340113]]}},{"type":"Feature","properties":{"id":198749484,"highway":"residential"},"geometry":{"type":"LineString","coordinates":[[140.199476,36.362916],[140.199323,36.362939],[140.198856,36.363204],[140.198479,36.363457],[140.198376,36.363587],[140.198152,36.363936],[140.198035,36.364077],[140.197874,36.364201],[140.197784,36.364252],[140.197727,36.364269],[140.197541,36.364348]]}},{"type":"Feature","properties":{"id":198749527,"highway":"unclassified"},"geometry":{"type":"LineString","coordinates":[[140.186834,36.348156],[140.186798,36.348234],[140.186759,36.348376],[140.186678,36.348584],[140.186632,36.348676],[140.186544,36.348847],[140.186484,36.348968],[140.18635,36.349241],[140.186324,36.349401],[140.18627,36.34961],[140.18623,36.349717],[140.186202,36.34979]]}},{"type":"Feature","properties":{"id":198749627,"highway":"unclassified"},"geometry":{"type":"LineString","coordinates":[[140.195933,36.358147],[140.195847,36.358172],[140.195667,36.358154],[140.195453,36.358128],[140.195342,36.358105],[140.195185,36.358071],[140.195074,36.358043],[140.194661,36.357925],[140.194484,36.357863],[140.194273,36.357812],[140.193798,36.357745],[140.193658,36.3577],[140.193563,36.357656],[140.193461,36.357617],[140.193382,36.357582]]}},{"type":"Feature","properties":{"id":198749725,"highway":"residential"},"geometry":{"type":"LineString","coordinates":[[140.173447,36.353527],[140.173751,36.353268],[140.173835,36.353195],[140.173979,36.353097],[140.174165,36.352997],[140.175217,36.352364],[140.175296,36.352166],[140.175436,36.351872],[140.175461,36.351487],[140.175665,36.351362],[140.175666,36.351249],[140.175642,36.350979]]}},{"type":"Feature","properties":{"id":198749828,"highway":"service"},"geometry":{"type":"LineString","coordinates":[[140.166939,36.33579],[140.167223,36.335667],[140.167395,36.335655],[140.167469,36.33567],[140.167528,36.33572],[140.167605,36.335824],[140.167664,36.335951],[140.167685,36.33607],[140.167691,36.336188],[140.1677,36.336262],[140.167732,36.336357],[140.167785,36.336496]]}},{"type":"Feature","properties":{"id":198749830,"highway":"service"},"geometry":{"type":"LineString","coordinates":[[140.178418,36.354042],[140.178459,36.3541],[140.178654,36.354363],[140.178731,36.354488],[140.178765,36.3546],[140.178673,36.355066],[140.178738,36.355383],[140.178696,36.355518],[140.178626,36.355649],[140.178473,36.355835],[140.178445,36.355908],[140.178445,36.356224]]}},{"type":"Feature","properties":{"id":198749927,"highway":"residential"},"geometry":{"type":"LineString","coordinates":[[140.173155,36.340797],[140.173113,36.340892],[140.173022,36.340932],[140.172986,36.340927],[140.172638,36.34077],[140.172346,36.340612],[140.172199,36.340494],[140.172144,36.34042],[140.172123,36.340359],[140.172109,36.340217],[140.172129,36.340117],[140.172178,36.340004],[140.172241,36.33993],[140.172418,36.339732]]}},{"type":"Feature","properties":{"id":198749933,"highway":"service"},"geometry":{"type":"LineString","coordinates":[[140.183518,36.33866],[140.183543,36.338478],[140.183543,36.338186],[140.183543,36.337894],[140.183543,36.337591],[140.183536,36.33742],[140.1835,36.337274],[140.183415,36.337135],[140.183306,36.336971],[140.18319,36.336855],[140.183056,36.336752],[140.18294,36.336679],[140.182501,36.3365]]}},{"type":"Feature","properties":{"id":198749963,"highway":"unclassified"},"geometry":{"type":"LineString","coordinates":[[140.169762,36.347058],[140.171956,36.34635],[140.172164,36.346283],[140.172657,36.346083],[140.172707,36.346042],[140.172856,36.345988],[140.173454,36.345766],[140.173489,36.345737],[140.173517,36.345666],[140.173513,36.345476],[140.173513,36.345375],[140.173525,36.345248],[140.173544,36.345138],[140.173579,36.345038],[140.17363,36.344944],[140.173689,36.344868],[140.173777,36.344793],[140.173874,36.344728],[140.173972,36.344685],[140.174114,36.34464],[140.174241,36.344621],[140.17439,36.344608],[140.17457,36.344614],[140.174771,36.344636],[140.175003,36.344681],[140.175261,36.344745],[140.17576,36.344834],[140.175884,36.34485],[140.175976,36.344836]]}},{"type":"Feature","properties":{"id":198750051,"highway":"residential"},"geometry":{"type":"LineString","coordinates":[[140.192748,36.386274],[140.192616,36.386083],[140.192574,36.385998],[140.192504,36.385705],[140.192456,36.385621],[140.192149,36.385271],[140.192094,36.385164],[140.191996,36.384939],[140.191899,36.384658],[140.191801,36.384424],[140.191697,36.384248],[140.191613,36.384173],[140.191504,36.38416],[140.19134,36.384188]]}},{"type":"Feature","properties":{"id":198750058,"highway":"unclassified"},"geometry":{"type":"LineString","coordinates":[[140.200918,36.376894],[140.200945,36.376731],[140.200938,36.376466],[140.20089,36.376336],[140.200799,36.376229],[140.200514,36.376032],[140.200402,36.375936],[140.200326,36.375818],[140.200291,36.375717],[140.20027,36.375277],[140.200221,36.375153],[140.200012,36.374916],[140.199978,36.374849],[140.199996,36.374682]]}},{"type":"Feature","properties":{"id":198750062,"highway":"residential"},"geometry":{"type":"LineString","coordinates":[[140.192748,36.386274],[140.192776,36.386229],[140.192832,36.386179],[140.19302,36.386043],[140.193111,36.385936],[140.193173,36.385796],[140.193257,36.385542],[140.193313,36.385401],[140.193396,36.385277],[140.193514,36.38517],[140.193716,36.38508],[140.193932,36.385041],[140.194253,36.385046],[140.194406,36.385063]]}},{"type":"Feature","properties":{"id":198750084,"highway":"unclassified"},"geometry":{"type":"LineString","coordinates":[[140.178894,36.351305],[140.178878,36.351484],[140.178543,36.352072],[140.178487,36.352156],[140.178286,36.352335],[140.178065,36.352484],[140.178259,36.352811],[140.178371,36.353226],[140.178496,36.353481],[140.178565,36.353587],[140.178661,36.353922]]}},{"type":"Feature","properties":{"id":198750093,"highway":"unclassified"},"geometry":{"type":"LineString","coordinates":[[140.195284,36.38834],[140.195208,36.388288],[140.195126,36.388232],[140.194823,36.387983],[140.194738,36.387909],[140.194654,36.387841],[140.194368,36.387673],[140.19432,36.387634],[140.194157,36.387465],[140.194106,36.38741],[140.194076,36.387359],[140.193993,36.387096],[140.193951,36.387028],[140.193905,36.386986],[140.19384,36.386947],[140.193753,36.386936],[140.193566,36.386953],[140.193343,36.386939],[140.19316,36.386908],[140.19295,36.386858],[140.192747,36.38679],[140.192643,36.386748],[140.192527,36.386654],[140.192419,36.386581],[140.192348,36.386553],[140.192075,36.386463],[140.191954,36.386429],[140.191849,36.386384],[140.191696,36.386353],[140.191625,36.386326],[140.19159,36.386292],[140.191448,36.386093],[140.191183,36.385894],[140.191143,36.385849],[140.191115,36.385799],[140.191102,36.38573],[140.19109,36.385628],[140.191076,36.385587],[140.191047,36.385561],[140.191001,36.38553],[140.190913,36.385507],[140.190844,36.385509],[140.190787,36.385527],[140.190726,36.385552],[140.190645,36.385584],[140.190596,36.385586],[140.190535,36.385571],[140.190508,36.385548],[140.190503,36.385516],[140.190518,36.385464],[140.190589,36.385341],[140.190629,36.385242],[140.190641,36.385168],[140.190644,36.385045],[140.19062,36.384986],[140.190589,36.384957],[140.190537,36.384948],[140.190371,36.384921],[140.190298,36.384888],[140.19018,36.384806],[140.18999,36.384668],[140.189939,36.384655],[140.189893,36.38466],[140.189687,36.384745],[140.189614,36.384762],[140.189554,36.384757],[140.189495,36.38474],[140.189464,36.384712],[140.189362,36.384574],[140.189303,36.384524],[140.189205,36.384503],[140.189134,36.384501],[140.189069,36.384515],[140.189018,36.38454],[140.188968,36.384588],[140.18892,36.384641],[140.188859,36.384673],[140.188765,36.384701],[140.188685,36.384708],[140.188609,36.384701],[140.188525,36.384658],[140.188446,36.384609],[140.188338,36.384521],[140.188277,36.384509],[140.188224,36.384511],[140.187965,36.384566],[140.187883,36.384577],[140.1878,36.38457],[140.187628,36.384529],[140.18753,36.384492],[140.187486,36.384463],[140.18743,36.384394],[140.187329,36.384296],[140.187096,36.384001],[140.187064,36.383966],[140.187011,36.383945],[140.186915,36.383918],[140.186562,36.38386],[140.18651,36.383841],[140.186429,36.383798],[140.186276,36.383681],[140.186077,36.383575],[140.185882,36.383481],[140.185701,36.383414],[140.185564,36.383379],[140.185448,36.383361],[140.185166,36.383338],[140.185036,36.383311],[140.184995,36.383283]]}},{"type":"Feature","properties":{"id":198750182,"highway":"residential"},"geometry":{"type":"LineString","coordinates":[[140.198319,36.391401],[140.198029,36.391585],[140.197878,36.391681],[140.197824,36.391819]]}},{"type":"Feature","properties":{"id":198750220,"highway":"residential"},"geometry":{"type":"LineString","coordinates":[[140.18873,36.345486],[140.188849,36.345474],[140.188989,36.345468],[140.189163,36.345626],[140.189302,36.345841],[140.189372,36.34601],[140.189532,36.346348],[140.189622,36.3465],[140.189748,36.346662],[140.189866,36.346764],[140.189964,36.34682],[140.19011,36.346871]]}},{"type":"Feature","properties":{"id":198750230,"highway":"service"},"geometry":{"type":"LineString","coordinates":[[140.188817,36.341597],[140.188969,36.341357],[140.18915,36.341116],[140.189355,36.340843],[140.189601,36.340844],[140.189727,36.34081],[140.189849,36.340753],[140.190013,36.340624],[140.190208,36.340471],[140.19041,36.340325],[140.19069,36.340011]]}},{"type":"Feature","properties":{"id":198750274,"highway":"unclassified"},"geometry":{"type":"LineString","coordinates":[[140.19905,36.390164],[140.198824,36.39011],[140.198749,36.390082],[140.198682,36.390039],[140.198628,36.389989],[140.198474,36.389782],[140.198243,36.389638],[140.197955,36.389469],[140.197787,36.389379],[140.197683,36.389356],[140.197387,36.389332],[140.19726,36.389301],[140.197166,36.389262],[140.197087,36.389212],[140.197009,36.389145],[140.196819,36.38895],[140.196773,36.388908],[140.196696,36.388861],[140.196607,36.388822],[140.196533,36.388803],[140.196406,36.388786],[140.196262,36.38877],[140.19614,36.388728],[140.195967,36.388658],[140.195825,36.388593],[140.195571,36.388459],[140.19547,36.388411],[140.195284,36.38834]]}},{"type":"Feature","properties":{"id":198750313,"highway":"tertiary"},"geometry":{"type":"LineString","coordinates":[[140.199358,36.360205],[140.199317,36.360251],[140.198951,36.36067],[140.19786,36.361915],[140.197612,36.362164],[140.197315,36.362296],[140.196859,36.362461],[140.196675,36.362631],[140.196594,36.362798],[140.19658,36.363451]]}},{"type":"Feature","properties":{"id":198750335,"highway":"unclassified"},"geometry":{"type":"LineString","coordinates":[[140.195952,36.361555],[140.196342,36.361147],[140.196349,36.36113],[140.196662,36.361299],[140.196795,36.361304],[140.196914,36.361282],[140.197004,36.361237],[140.197067,36.361159],[140.197219,36.360855],[140.197324,36.360652],[140.197429,36.360477],[140.197602,36.360269],[140.197847,36.360043],[140.198082,36.359852],[140.198366,36.359611],[140.198408,36.359563],[140.198829,36.359179],[140.198976,36.359107],[140.199131,36.359043],[140.199219,36.359005],[140.199336,36.358941],[140.199434,36.358851]]}},{"type":"Feature","properties":{"id":198750426,"highway":"unclassified"},"geometry":{"type":"LineString","coordinates":[[140.197984,36.333905],[140.198176,36.333961],[140.198247,36.334078],[140.198293,36.334194],[140.198378,36.33438],[140.198441,36.334542],[140.198445,36.334669],[140.198253,36.33489],[140.197952,36.335208],[140.197674,36.335453],[140.1975,36.335729],[140.197324,36.33614],[140.197289,36.336501]]}},{"type":"Feature","properties":{"id":198750487,"highway":"unclassified"},"geometry":{"type":"LineString","coordinates":[[140.188197,36.338181],[140.187963,36.338697],[140.187853,36.338934],[140.18784,36.339064],[140.187943,36.339441],[140.187943,36.339806],[140.187972,36.339958],[140.188103,36.340264],[140.188187,36.34041],[140.188263,36.340579],[140.188298,36.340674],[140.188327,36.340782],[140.188403,36.341182],[140.188445,36.341339],[140.1885,36.341434],[140.18866,36.341559]]}},{"type":"Feature","properties":{"id":198750506,"highway":"unclassified"},"geometry":{"type":"LineString","coordinates":[[140.191426,36.357976],[140.191396,36.357801],[140.191426,36.357705],[140.191461,36.357643],[140.191586,36.357354],[140.191614,36.35726],[140.191766,36.3569],[140.191767,36.356798],[140.191749,36.35666],[140.191701,36.356581],[140.191648,36.356492],[140.191546,36.356415],[140.191483,36.356373],[140.191599,36.356228]]}},{"type":"Feature","properties":{"id":198750508,"highway":"residential"},"geometry":{"type":"LineString","coordinates":[[140.166605,36.338566],[140.166781,36.338192],[140.166947,36.337979],[140.167121,36.337984],[140.167426,36.338191],[140.168209,36.338654],[140.168667,36.33886],[140.168946,36.338961],[140.169197,36.338924],[140.169571,36.338941],[140.17013,36.339083],[140.170972,36.339249],[140.17128,36.339372],[140.171507,36.339357],[140.172014,36.339162],[140.172218,36.339272]]}},{"type":"Feature","properties":{"id":198750512,"highway":"unclassified"},"geometry":{"type":"LineString","coordinates":[[140.190071,36.350029],[140.190035,36.350065],[140.189942,36.35008],[140.189883,36.350082],[140.189762,36.350049],[140.189504,36.350009],[140.189149,36.349955],[140.188821,36.349909],[140.188767,36.349899],[140.188654,36.349872],[140.188216,36.349796],[140.187988,36.349754],[140.187792,36.349747],[140.187635,36.349813],[140.18741,36.349906],[140.18715,36.349989],[140.186946,36.350026],[140.186833,36.350032],[140.186673,36.350004],[140.186511,36.349867],[140.186202,36.34979]]}},{"type":"Feature","properties":{"id":198750527,"highway":"unclassified"},"geometry":{"type":"LineString","coordinates":[[140.173277,36.355061],[140.174375,36.355208],[140.174525,36.355226],[140.174628,36.355226],[140.174733,36.35522],[140.175374,36.355142],[140.175736,36.355073],[140.175784,36.355068],[140.176029,36.355023],[140.176098,36.355017],[140.176494,36.354955],[140.176663,36.354898],[140.176989,36.354742],[140.177575,36.35446],[140.177742,36.35437],[140.178362,36.354077],[140.178418,36.354042]]}},{"type":"Feature","properties":{"id":198750570,"highway":"service"},"geometry":{"type":"LineString","coordinates":[[140.201315,36.364533],[140.200904,36.364727],[140.200258,36.364863],[140.200059,36.364921],[140.199722,36.364982],[140.199469,36.36495],[140.198842,36.36495],[140.198676,36.364967],[140.198459,36.365046],[140.198369,36.365086],[140.198246,36.365127],[140.197802,36.364946]]}},{"type":"Feature","properties":{"id":198750577,"highway":"residential"},"geometry":{"type":"LineString","coordinates":[[140.199648,36.352381],[140.199456,36.352449],[140.199323,36.352573],[140.199212,36.35272],[140.199114,36.352934],[140.198996,36.353283],[140.198689,36.353384],[140.198439,36.353452],[140.19823,36.353531],[140.19809,36.353616],[140.19784,36.353796],[140.197714,36.35383],[140.197442,36.353858],[140.197311,36.353919],[140.196637,36.354259],[140.196567,36.354304],[140.196216,36.354538],[140.195967,36.354696],[140.195832,36.354785],[140.195693,36.354778]]}},{"type":"Feature","properties":{"id":198750689,"highway":"unclassified"},"geometry":{"type":"LineString","coordinates":[[140.184831,36.343212],[140.184966,36.343197]]}},{"type":"Feature","properties":{"id":198750743,"highway":"unclassified"},"geometry":{"type":"LineString","coordinates":[[140.191555,36.337788],[140.191517,36.337825]]}},{"type":"Feature","properties":{"id":198750898,"highway":"residential"},"geometry":{"type":"LineString","coordinates":[[140.196042,36.35429],[140.196137,36.354437],[140.196216,36.354538]]}},{"type":"Feature","properties":{"id":198750964,"highway":"unclassified"},"geometry":{"type":"LineString","coordinates":[[140.184156,36.350289],[140.184121,36.350414],[140.184116,36.350433],[140.184112,36.350448],[140.184107,36.350536]]}},{"type":"Feature","properties":{"id":198750992,"highway":"unclassified"},"geometry":{"type":"LineString","coordinates":[[140.180657,36.344126],[140.180634,36.344073]]}},{"type":"Feature","properties":{"id":198751040,"highway":"unclassified"},"geometry":{"type":"LineString","coordinates":[[140.178179,36.349786],[140.178455,36.350045]]}},{"type":"Feature","properties":{"id":198751061,"highway":"unclassified"},"geometry":{"type":"LineString","coordinates":[[140.187104,36.351145],[140.186075,36.350791],[140.185916,36.350733],[140.185826,36.350711],[140.185675,36.350697],[140.185551,36.350703],[140.185404,36.350693],[140.18524,36.350669],[140.185037,36.350628],[140.184887,36.350587],[140.184501,36.350469],[140.184318,36.350389],[140.184156,36.350289],[140.184043,36.350207],[140.183848,36.350106],[140.183574,36.349958],[140.183476,36.349885],[140.183411,36.34978],[140.183257,36.349675],[140.183106,36.34962],[140.182721,36.34948],[140.182571,36.349417]]}},{"type":"Feature","properties":{"id":198751142,"highway":"unclassified"},"geometry":{"type":"LineString","coordinates":[[140.192247,36.341124],[140.190879,36.340113]]}},{"type":"Feature","properties":{"id":198751152,"highway":"residential"},"geometry":{"type":"LineString","coordinates":[[140.182442,36.351896],[140.18303,36.351996],[140.183713,36.35214]]}},{"type":"Feature","properties":{"id":198751162,"highway":"unclassified"},"geometry":{"type":"LineString","coordinates":[[140.192335,36.34119],[140.192273,36.341144]]}},{"type":"Feature","properties":{"id":198751190,"highway":"unclassified"},"geometry":{"type":"LineString","coordinates":[[140.192262,36.342073],[140.192257,36.34222]]}},{"type":"Feature","properties":{"id":198751432,"highway":"unclassified"},"geometry":{"type":"LineString","coordinates":[[140.178502,36.344284],[140.178487,36.344257],[140.178605,36.344176],[140.179521,36.344002],[140.180335,36.343685],[140.180468,36.343648],[140.181033,36.343528]]}},{"type":"Feature","properties":{"id":198751467,"highway":"tertiary"},"geometry":{"type":"LineString","coordinates":[[140.213288,36.364135],[140.21319,36.364133],[140.212437,36.364113],[140.21203,36.364096],[140.211613,36.364081],[140.211241,36.364043],[140.210803,36.363974],[140.210464,36.363894],[140.210213,36.363831],[140.209381,36.363563],[140.208057,36.363143],[140.207497,36.362956],[140.207216,36.362857],[140.20694,36.362747],[140.206549,36.362576],[140.206252,36.362446],[140.204703,36.361788],[140.204408,36.361665],[140.204103,36.361517],[140.203936,36.361421],[140.203775,36.361292],[140.203638,36.361176],[140.203539,36.361077],[140.203428,36.360938],[140.202944,36.360247],[140.202845,36.360134],[140.202753,36.360053],[140.202666,36.359996],[140.202559,36.359938],[140.20248,36.359904],[140.202388,36.359872],[140.202123,36.359813],[140.201972,36.359768],[140.20182,36.35971],[140.201682,36.359635],[140.201561,36.359549],[140.201097,36.359154],[140.200994,36.359034],[140.200897,36.358881],[140.200826,36.358722],[140.200739,36.358388],[140.20068,36.358202],[140.200621,36.358068],[140.200557,36.357967],[140.200485,36.357863],[140.200323,36.357712],[140.200176,36.357614],[140.199971,36.357516],[140.199695,36.357401],[140.19942,36.357272],[140.199087,36.357107],[140.198843,36.356975],[140.198617,36.356845],[140.198344,36.356673],[140.197276,36.355962],[140.196885,36.355696],[140.19655,36.355452],[140.195806,36.354868],[140.195693,36.354778],[140.194244,36.353648],[140.194159,36.353569],[140.194081,36.353453],[140.194023,36.353342],[140.193971,36.3532],[140.193648,36.351976],[140.193609,36.351877],[140.193546,36.351774],[140.193427,36.351634],[140.193318,36.351548],[140.19319,36.351472],[140.192953,36.351376],[140.191776,36.350963],[140.191464,36.350835],[140.191211,36.350701],[140.190446,36.35025],[140.190387,36.350214]]}},{"type":"Feature","properties":{"id":198751521,"highway":"unclassified"},"geometry":{"type":"LineString","coordinates":[[140.182117,36.352058],[140.182442,36.351896],[140.182596,36.351817],[140.182738,36.35172],[140.183194,36.351487],[140.183363,36.351433],[140.183876,36.351351],[140.184065,36.351283],[140.184211,36.351255],[140.184357,36.351148],[140.184422,36.351052],[140.184468,36.350964],[140.18457,36.35077]]}},{"type":"Feature","properties":{"id":198751524,"highway":"tertiary"},"geometry":{"type":"LineString","coordinates":[[140.195427,36.363453],[140.195409,36.361943]]}},{"type":"Feature","properties":{"id":198751623,"highway":"unclassified"},"geometry":{"type":"LineString","coordinates":[[140.19347,36.341916],[140.193431,36.341892],[140.192335,36.34119]]}},{"type":"Feature","properties":{"id":198751632,"highway":"unclassified"},"geometry":{"type":"LineString","coordinates":[[140.190879,36.340113],[140.19069,36.340011]]}},{"type":"Feature","properties":{"id":198751645,"highway":"service"},"geometry":{"type":"LineString","coordinates":[[140.165664,36.3365],[140.165846,36.336254]]}},{"type":"Feature","properties":{"id":198751719,"highway":"unclassified"},"geometry":{"type":"LineString","coordinates":[[140.183887,36.343398],[140.184352,36.343291],[140.184831,36.343212]]}},{"type":"Feature","properties":{"id":198751766,"highway":"residential"},"geometry":{"type":"LineString","coordinates":[[140.189103,36.352583],[140.188965,36.352821],[140.188923,36.352896]]}},{"type":"Feature","properties":{"id":198751790,"highway":"unclassified"},"geometry":{"type":"LineString","coordinates":[[140.180657,36.344126],[140.180288,36.344205],[140.178659,36.344581],[140.178631,36.34455]]}},{"type":"Feature","properties":{"id":198751811,"highway":"residential"},"geometry":{"type":"LineString","coordinates":[[140.190524,36.346848],[140.19011,36.346871]]}},{"type":"Feature","properties":{"id":198751827,"highway":"residential"},"geometry":{"type":"LineString","coordinates":[[140.192527,36.386654],[140.192748,36.386274]]}},{"type":"Feature","properties":{"id":198751857,"highway":"unclassified"},"geometry":{"type":"LineString","coordinates":[[140.197845,36.320081],[140.197817,36.320119],[140.197793,36.32017]]}},{"type":"Feature","properties":{"id":198751907,"highway":"service"},"geometry":{"type":"LineString","coordinates":[[140.179316,36.3365],[140.179151,36.336615],[140.178958,36.336694],[140.178639,36.336795],[140.178267,36.336893],[140.178132,36.33696],[140.177851,36.337157],[140.177608,36.3373],[140.177301,36.337477],[140.176893,36.337754],[140.176746,36.337834],[140.176636,36.337851],[140.176523,36.337804],[140.176418,36.337724],[140.176325,36.337561],[140.176182,36.337275],[140.176031,36.337069],[140.175901,36.336909],[140.175863,36.336733],[140.175867,36.3365]]}},{"type":"Feature","properties":{"id":198751916,"highway":"residential"},"geometry":{"type":"LineString","coordinates":[[140.184849,36.335604],[140.184711,36.335659],[140.184556,36.3357],[140.184474,36.335687],[140.184312,36.335536],[140.18403,36.335378],[140.183853,36.335221],[140.183408,36.334416],[140.183332,36.334286],[140.183186,36.33402],[140.183068,36.333728],[140.183018,36.333603],[140.18304,36.333467],[140.183022,36.333323],[140.182942,36.333238],[140.182768,36.333113],[140.182733,36.332996],[140.182689,36.332818],[140.182549,36.332571],[140.182415,36.332344],[140.18223,36.332106],[140.182203,36.331958],[140.182066,36.331724]]}},{"type":"Feature","properties":{"id":198751963,"highway":"service"},"geometry":{"type":"LineString","coordinates":[[140.167785,36.336496],[140.167887,36.336665],[140.167928,36.336834],[140.167974,36.337158],[140.168014,36.337277],[140.168102,36.337412],[140.168205,36.3375],[140.168485,36.337659],[140.16864,36.33776],[140.16875,36.337878],[140.168892,36.338102],[140.168997,36.338221],[140.169125,36.338299],[140.169267,36.338322],[140.169431,36.338308],[140.169555,36.338267],[140.169624,36.338207],[140.16967,36.338143],[140.169692,36.338043],[140.169674,36.33792],[140.169637,36.337823]]}},{"type":"Feature","properties":{"id":198751992,"highway":"unclassified"},"geometry":{"type":"LineString","coordinates":[[140.191075,36.333143],[140.190946,36.332994],[140.190468,36.332631],[140.190057,36.332359],[140.189672,36.332214],[140.189388,36.331933]]}},{"type":"Feature","properties":{"id":198752013,"highway":"unclassified"},"geometry":{"type":"LineString","coordinates":[[140.19145,36.317936],[140.191304,36.317927],[140.191071,36.317921],[140.190752,36.317943],[140.190419,36.31799],[140.190265,36.318013],[140.189918,36.318054],[140.189769,36.318068],[140.189675,36.318092],[140.189362,36.318195],[140.189011,36.318331],[140.188828,36.31843],[140.188649,36.318523],[140.188499,36.318591],[140.18841,36.318644],[140.18833,36.318669],[140.188272,36.318676],[140.188209,36.318665],[140.188072,36.318613],[140.188031,36.318607],[140.187976,36.318619],[140.187921,36.318637],[140.187878,36.318666],[140.187842,36.318705],[140.187829,36.318741],[140.187827,36.318776],[140.187846,36.318809],[140.187997,36.318917],[140.188065,36.318979],[140.188086,36.319011],[140.188088,36.319052],[140.188084,36.319087],[140.188063,36.319122],[140.188017,36.319154],[140.187958,36.319174],[140.187888,36.319171],[140.187735,36.319155],[140.187575,36.31913],[140.187459,36.319104],[140.187376,36.319077],[140.187317,36.319047],[140.187273,36.319016],[140.187258,36.318992],[140.187233,36.318941],[140.187223,36.318874],[140.187203,36.318821],[140.187173,36.318779],[140.187124,36.318751],[140.18706,36.318741],[140.186999,36.318745],[140.186816,36.318787],[140.186618,36.318804],[140.186424,36.318816],[140.18631,36.318846],[140.185662,36.319067],[140.185309,36.319195],[140.185138,36.319266],[140.184815,36.319362],[140.184682,36.319385],[140.18436,36.319427],[140.183948,36.31947],[140.183775,36.319495],[140.183653,36.319534],[140.183511,36.31957],[140.183413,36.319606],[140.183325,36.319659],[140.183196,36.319713],[140.182899,36.319877],[140.182755,36.319974],[140.182587,36.320066],[140.18242,36.320163],[140.182352,36.320194],[140.182274,36.320209],[140.182157,36.320213],[140.182051,36.32024],[140.181912,36.320268],[140.181817,36.320266],[140.181759,36.320273],[140.181718,36.320289],[140.181697,36.320319],[140.181684,36.320397],[140.181665,36.320425],[140.181632,36.320445],[140.181202,36.320657],[140.181135,36.320677],[140.181051,36.320689],[140.180941,36.3207],[140.180827,36.320721],[140.180738,36.320748],[140.18065,36.320784],[140.180541,36.320817],[140.180114,36.320916]]}},{"type":"Feature","properties":{"id":198752027,"highway":"residential"},"geometry":{"type":"LineString","coordinates":[[140.201307,36.387356],[140.201217,36.387306],[140.201015,36.387159],[140.200882,36.386985],[140.200792,36.386765],[140.200756,36.386551],[140.200735,36.386155],[140.200715,36.386027],[140.200659,36.385863],[140.200575,36.385728],[140.200443,36.385627],[140.200235,36.385514],[140.199913,36.3854],[140.19969,36.385355],[140.199647,36.38536],[140.199635,36.385384],[140.199635,36.385418],[140.19976,36.385689],[140.199781,36.3858],[140.199692,36.385865],[140.199043,36.3857],[140.198772,36.385649],[140.198618,36.385644]]}},{"type":"Feature","properties":{"id":198752032,"highway":"unclassified"},"geometry":{"type":"LineString","coordinates":[[140.169848,36.347283],[140.169762,36.347058],[140.16968,36.346993],[140.16958,36.346938],[140.169507,36.346906],[140.169409,36.346885],[140.169278,36.346869],[140.169152,36.346836],[140.168975,36.346756],[140.168888,36.3467],[140.168697,36.346566],[140.168549,36.346476],[140.168413,36.34643],[140.168327,36.346395],[140.168275,36.34637],[140.168221,36.346324],[140.168158,36.346246],[140.168112,36.346165],[140.168122,36.346114],[140.168155,36.346067],[140.168265,36.345999],[140.168433,36.345902],[140.168516,36.345872],[140.168613,36.345869],[140.168733,36.345865],[140.168819,36.345875],[140.168851,36.345874],[140.169086,36.345829],[140.169203,36.345811],[140.169389,36.345804],[140.169529,36.345805],[140.169612,36.345793],[140.169679,36.345768],[140.169761,36.345711],[140.169816,36.345678]]}},{"type":"Feature","properties":{"id":198752066,"highway":"unclassified"},"geometry":{"type":"LineString","coordinates":[[140.201962,36.377885],[140.202017,36.377764],[140.201922,36.377668],[140.201673,36.37756],[140.201442,36.377485],[140.201265,36.377431],[140.201114,36.377383],[140.200886,36.377431],[140.200613,36.377539],[140.200329,36.377685],[140.200079,36.377856],[140.199889,36.378033],[140.199688,36.378232],[140.199486,36.378413],[140.199256,36.378627],[140.199028,36.378817]]}},{"type":"Feature","properties":{"id":198752068,"highway":"unclassified"},"geometry":{"type":"LineString","coordinates":[[140.196318,36.358923],[140.1965,36.359063],[140.196658,36.359211],[140.196807,36.359398],[140.19687,36.359496],[140.196888,36.359528],[140.196885,36.359618],[140.19687,36.359673],[140.196839,36.359738],[140.196811,36.359778],[140.196781,36.359828],[140.196726,36.359879],[140.196684,36.359916],[140.196593,36.35998],[140.196545,36.360005],[140.196463,36.360022],[140.196386,36.360027],[140.196286,36.360026],[140.196206,36.360016],[140.196027,36.359975],[140.195898,36.359952],[140.195666,36.359943],[140.195402,36.359955],[140.195182,36.359972],[140.194996,36.359998],[140.194866,36.36005],[140.1948,36.36012],[140.194748,36.360195],[140.194718,36.360255],[140.194685,36.360319],[140.194658,36.360404],[140.194627,36.360502],[140.194596,36.360547],[140.194545,36.360584],[140.194463,36.360609],[140.194376,36.360608],[140.194008,36.360607],[140.193895,36.360591],[140.193801,36.36059]]}},{"type":"Feature","properties":{"id":198752074,"highway":"unclassified"},"geometry":{"type":"LineString","coordinates":[[140.193891,36.379535],[140.194351,36.379315],[140.194775,36.379135],[140.195151,36.378939],[140.195548,36.378708],[140.19614,36.378308],[140.196286,36.378184],[140.196656,36.377767],[140.196739,36.377638],[140.196774,36.377559],[140.196899,36.377086],[140.196976,36.376939],[140.197359,36.376646],[140.197414,36.376612],[140.197763,36.376387],[140.197868,36.376329],[140.198223,36.376083],[140.198696,36.375745],[140.198845,36.375621],[140.198926,36.375564],[140.199065,36.375441],[140.199358,36.375131],[140.199904,36.374732],[140.199996,36.374682]]}},{"type":"Feature","properties":{"id":198752096,"highway":"residential"},"geometry":{"type":"LineString","coordinates":[[140.19655,36.355452],[140.196655,36.355386],[140.196849,36.355307],[140.197083,36.355342],[140.197499,36.355487],[140.197735,36.35561],[140.197944,36.355665],[140.198214,36.355734],[140.198577,36.355947],[140.198722,36.356058],[140.198884,36.356152],[140.199058,36.356183],[140.199168,36.356186],[140.199261,36.356251],[140.199419,36.356471],[140.199449,36.356579],[140.19953,36.356672],[140.199714,36.356671],[140.199834,36.356659],[140.199926,36.356685],[140.200002,36.356726],[140.20005,36.356885],[140.200078,36.356976],[140.200139,36.357029],[140.200321,36.357026],[140.200436,36.357027],[140.200541,36.357077],[140.200644,36.357126],[140.200765,36.3571],[140.200943,36.356998],[140.201148,36.356908],[140.20145,36.356769]]}},{"type":"Feature","properties":{"id":198752101,"highway":"residential"},"geometry":{"type":"LineString","coordinates":[[140.189,36.332121],[140.189024,36.332239],[140.1891,36.332365],[140.189085,36.332478],[140.189054,36.332571],[140.189022,36.332664],[140.188753,36.333104],[140.188138,36.33371],[140.187992,36.333862],[140.18785,36.334],[140.187873,36.33441],[140.187804,36.334604],[140.187362,36.335149],[140.187186,36.335226],[140.18689,36.33526],[140.185938,36.33528]]}},{"type":"Feature","properties":{"id":198752138,"highway":"unclassified"},"geometry":{"type":"LineString","coordinates":[[140.202942,36.345047],[140.202798,36.344861],[140.202673,36.344771],[140.202436,36.344653],[140.201976,36.344433],[140.20183,36.344348],[140.201308,36.344004],[140.201134,36.343948],[140.200793,36.343954],[140.200584,36.343976],[140.200403,36.343976],[140.19972,36.343819],[140.199295,36.343768],[140.199107,36.343751],[140.19894,36.343711],[140.198696,36.343593],[140.198411,36.343413],[140.198397,36.34339],[140.198181,36.343238],[140.198027,36.34312],[140.197916,36.342867],[140.197793,36.342791]]}},{"type":"Feature","properties":{"id":198752190,"highway":"unclassified"},"geometry":{"type":"LineString","coordinates":[[140.189239,36.358838],[140.189184,36.358866],[140.188821,36.35899],[140.18855,36.359046],[140.188334,36.359046],[140.187819,36.358956],[140.187589,36.358928],[140.187373,36.358905],[140.186935,36.35894],[140.186708,36.358962],[140.186466,36.359044],[140.185903,36.359551],[140.185516,36.360158],[140.185404,36.360309],[140.185321,36.360376],[140.185195,36.360427],[140.184448,36.36042],[140.183925,36.360476],[140.183709,36.36051],[140.183555,36.360555],[140.183305,36.360662],[140.183222,36.360729],[140.183103,36.360893],[140.183047,36.361056],[140.18306,36.361416],[140.182944,36.361686]]}},{"type":"Feature","properties":{"id":198752211,"highway":"unclassified"},"geometry":{"type":"LineString","coordinates":[[140.200272,36.374449],[140.200192,36.374524],[140.200107,36.374587],[140.199996,36.374682]]}},{"type":"Feature","properties":{"id":198752263,"highway":"unclassified"},"geometry":{"type":"LineString","coordinates":[[140.191026,36.335219],[140.191156,36.334968]]}},{"type":"Feature","properties":{"id":198752288,"highway":"unclassified"},"geometry":{"type":"LineString","coordinates":[[140.185675,36.350697],[140.185812,36.350408],[140.185956,36.350154]]}},{"type":"Feature","properties":{"id":198752299,"highway":"residential"},"geometry":{"type":"LineString","coordinates":[[140.180441,36.349359],[140.180373,36.349438],[140.180303,36.349475],[140.180166,36.349512],[140.1801,36.349581],[140.180075,36.349736],[140.180036,36.349792],[140.179965,36.349855],[140.179594,36.350077],[140.179515,36.350148],[140.179383,36.350441],[140.179259,36.350668],[140.179185,36.350782],[140.179146,36.350842]]}},{"type":"Feature","properties":{"id":198752343,"highway":"unclassified"},"geometry":{"type":"LineString","coordinates":[[140.193354,36.342582],[140.19427,36.3427],[140.194282,36.342651]]}},{"type":"Feature","properties":{"id":198752430,"highway":"unclassified"},"geometry":{"type":"LineString","coordinates":[[140.171466,36.349042],[140.171209,36.349047],[140.170396,36.349063],[140.169988,36.349069],[140.169827,36.349071],[140.169579,36.349082],[140.16929,36.349084],[140.168969,36.349096],[140.168764,36.349095],[140.168611,36.349114],[140.168444,36.34917],[140.168207,36.349266],[140.167868,36.349418],[140.167361,36.349642],[140.167049,36.349808],[140.166976,36.349854],[140.166901,36.34993],[140.166838,36.349992],[140.166801,36.350054],[140.166794,36.350113],[140.166803,36.350143]]}},{"type":"Feature","properties":{"id":198752477,"highway":"unclassified"},"geometry":{"type":"LineString","coordinates":[[140.185956,36.350154],[140.186066,36.349991],[140.186202,36.34979]]}},{"type":"Feature","properties":{"id":198752505,"highway":"unclassified"},"geometry":{"type":"LineString","coordinates":[[140.178179,36.349786],[140.178404,36.349152],[140.17851,36.348903],[140.178554,36.348802]]}},{"type":"Feature","properties":{"id":198752527,"highway":"unclassified"},"geometry":{"type":"LineString","coordinates":[[140.192278,36.342632],[140.192451,36.342655],[140.192867,36.342564],[140.193354,36.342582]]}},{"type":"Feature","properties":{"id":198752609,"highway":"residential"},"geometry":{"type":"LineString","coordinates":[[140.184849,36.335604],[140.184904,36.335841],[140.184911,36.336031],[140.184918,36.3365]]}},{"type":"Feature","properties":{"id":198752630,"highway":"residential"},"geometry":{"type":"LineString","coordinates":[[140.185938,36.33528],[140.185803,36.335322],[140.184849,36.335604]]}},{"type":"Feature","properties":{"id":198752666,"highway":"unclassified"},"geometry":{"type":"LineString","coordinates":[[140.181043,36.343637],[140.181033,36.343528],[140.181046,36.342878],[140.181105,36.342432],[140.181011,36.34188],[140.18095,36.341527],[140.180735,36.341155],[140.180771,36.340979],[140.180681,36.340815],[140.180361,36.340247],[140.180278,36.340099],[140.180216,36.339838],[140.180214,36.339716],[140.180161,36.339033],[140.180257,36.338741]]}},{"type":"Feature","properties":{"id":198752669,"highway":"residential"},"geometry":{"type":"LineString","coordinates":[[140.190799,36.347113],[140.190713,36.347006],[140.190654,36.346932],[140.190524,36.346848]]}},{"type":"Feature","properties":{"id":198752702,"highway":"unclassified"},"geometry":{"type":"LineString","coordinates":[[140.189388,36.331933],[140.18933,36.331935],[140.18927,36.331928],[140.18916,36.331956],[140.189047,36.332016],[140.189,36.332121]]}},{"type":"Feature","properties":{"id":198752753,"highway":"residential"},"geometry":{"type":"LineString","coordinates":[[140.200061,36.3525],[140.199859,36.352414],[140.199648,36.352381]]}},{"type":"Feature","properties":{"id":198752940,"highway":"unclassified"},"geometry":{"type":"LineString","coordinates":[[140.182913,36.360357],[140.183222,36.360194],[140.183834,36.359812],[140.184043,36.359666],[140.184175,36.359531],[140.184273,36.359378],[140.18444,36.359035],[140.184537,36.358877],[140.184698,36.358691],[140.185004,36.358409],[140.185904,36.357666],[140.186203,36.357441],[140.186252,36.357384],[140.186259,36.357277],[140.186175,36.356984],[140.186175,36.356815],[140.18621,36.356725],[140.186426,36.356432],[140.186593,36.356026],[140.186704,36.35584],[140.186809,36.355717],[140.186913,36.355638],[140.187053,36.355575],[140.187136,36.355575],[140.187401,36.355694],[140.187512,36.3557],[140.187603,36.355632],[140.188236,36.35499],[140.188411,36.354827],[140.188852,36.354353],[140.188889,36.354245],[140.188916,36.354145],[140.188945,36.354108],[140.188984,36.35408],[140.189044,36.35407],[140.189207,36.354038],[140.189469,36.354004]]}},{"type":"Feature","properties":{"id":198752945,"highway":"residential"},"geometry":{"type":"LineString","coordinates":[[140.189189,36.39015],[140.189454,36.390099],[140.189628,36.390054],[140.189844,36.389947],[140.190011,36.389818],[140.190039,36.389739],[140.190067,36.389536],[140.190102,36.389429],[140.190151,36.389368],[140.190213,36.389334],[140.190346,36.389345],[140.190527,36.389429],[140.190736,36.389486],[140.190917,36.389508],[140.191836,36.389514],[140.192156,36.389536],[140.192456,36.389582],[140.192616,36.389615],[140.193236,36.3897],[140.19357,36.389694],[140.193633,36.389672],[140.193688,36.389621],[140.193751,36.389446],[140.193758,36.389429],[140.193814,36.389373],[140.194106,36.389227],[140.194183,36.389136],[140.194364,36.388923],[140.194475,36.388833],[140.19474,36.388686],[140.194879,36.388624],[140.194956,36.388568],[140.195284,36.38834]]}},{"type":"Feature","properties":{"id":198752946,"highway":"unclassified"},"geometry":{"type":"LineString","coordinates":[[140.172936,36.359808],[140.172995,36.35977],[140.173049,36.359742],[140.173074,36.359713],[140.173081,36.359679],[140.173072,36.359649],[140.173044,36.359628],[140.173002,36.359616],[140.172791,36.359602],[140.172704,36.359591],[140.172597,36.359579],[140.172554,36.359558],[140.172511,36.359515],[140.172486,36.359466],[140.172473,36.359417],[140.172472,36.35937],[140.17248,36.359327],[140.172513,36.359269],[140.172578,36.359175],[140.172637,36.359114],[140.172676,36.359066],[140.1727,36.359028],[140.172713,36.358988],[140.172718,36.358945],[140.172707,36.358893],[140.172689,36.358845],[140.172681,36.35877],[140.172663,36.358729],[140.172637,36.358686],[140.172536,36.358548],[140.172507,36.358486],[140.172497,36.358426],[140.1725,36.35838],[140.172517,36.358323],[140.17254,36.358258],[140.172551,36.358212],[140.172554,36.358085],[140.172566,36.358003],[140.172589,36.357903],[140.172649,36.35778],[140.172668,36.357726],[140.172675,36.357673],[140.172669,36.357624],[140.172658,36.357579],[140.172666,36.357534],[140.17269,36.357476],[140.172719,36.357447],[140.172768,36.35743],[140.172886,36.3574],[140.172931,36.357382],[140.172962,36.357362],[140.17299,36.357332],[140.173002,36.357307],[140.173015,36.357248],[140.173033,36.357105],[140.173049,36.357074],[140.173064,36.357014],[140.17307,36.356954],[140.173069,36.356861],[140.173046,36.356725],[140.173039,36.356668],[140.173051,36.356594],[140.173079,36.35649],[140.173076,36.356419],[140.173051,36.356364],[140.17302,36.35631],[140.172958,36.356218],[140.172939,36.356159],[140.172912,36.356078],[140.172894,36.356002],[140.172886,36.355935],[140.172894,36.355888],[140.17293,36.355831],[140.173004,36.355722],[140.173112,36.355553],[140.17315,36.355518],[140.173227,36.355473],[140.173276,36.355456]]}},{"type":"Feature","properties":{"id":198752976,"highway":"unclassified"},"geometry":{"type":"LineString","coordinates":[[140.17384,36.348697],[140.173829,36.348593],[140.173667,36.348484],[140.173462,36.348439],[140.173425,36.348208],[140.17355,36.348117],[140.173661,36.34805],[140.173721,36.347952],[140.17371,36.347829],[140.173662,36.347713],[140.173592,36.347605],[140.173533,36.34753],[140.173419,36.347453],[140.173327,36.347389],[140.17325,36.347341],[140.173066,36.347323],[140.172772,36.347412],[140.172376,36.347401],[140.172152,36.347277],[140.171996,36.347165],[140.171897,36.34711],[140.17168,36.347128],[140.171417,36.347096],[140.171122,36.347149],[140.170628,36.347243],[140.17033,36.347374],[140.169929,36.347587]]}},{"type":"Feature","properties":{"id":198753056,"highway":"unclassified"},"geometry":{"type":"LineString","coordinates":[[140.178877,36.348978],[140.178845,36.34908],[140.178758,36.349276],[140.17869,36.349571],[140.178612,36.349756],[140.178455,36.350045]]}},{"type":"Feature","properties":{"id":198753060,"highway":"unclassified"},"geometry":{"type":"LineString","coordinates":[[140.193084,36.356918],[140.193092,36.356986],[140.193127,36.357054],[140.19321,36.357221],[140.193285,36.357411],[140.193323,36.357513],[140.193382,36.357582]]}},{"type":"Feature","properties":{"id":198753069,"highway":"service"},"geometry":{"type":"LineString","coordinates":[[140.188145,36.341941],[140.188324,36.34189],[140.18866,36.341559]]}},{"type":"Feature","properties":{"id":198753087,"highway":"tertiary"},"geometry":{"type":"LineString","coordinates":[[140.173155,36.340797],[140.173116,36.340767],[140.172767,36.340292],[140.172577,36.340011],[140.172418,36.339732],[140.172247,36.339381],[140.172218,36.339272],[140.172298,36.339178]]}},{"type":"Feature","properties":{"id":198753159,"highway":"unclassified"},"geometry":{"type":"LineString","coordinates":[[140.184918,36.3365],[140.185045,36.337048],[140.185209,36.337214],[140.185377,36.337661],[140.185484,36.337795],[140.18614,36.337622],[140.186379,36.337552],[140.186483,36.337569]]}},{"type":"Feature","properties":{"id":198753165,"highway":"unclassified"},"geometry":{"type":"LineString","coordinates":[[140.175933,36.350888],[140.175845,36.350932],[140.175642,36.350979],[140.175233,36.351079],[140.175088,36.351159],[140.174997,36.351424],[140.174948,36.351466],[140.174902,36.351473],[140.174835,36.351454],[140.174708,36.351392],[140.174569,36.351336],[140.174195,36.351304],[140.173838,36.351199],[140.173205,36.351191],[140.172741,36.351072]]}},{"type":"Feature","properties":{"id":198753224,"highway":"unclassified"},"geometry":{"type":"LineString","coordinates":[[140.199803,36.37726],[140.198801,36.377801],[140.198682,36.377835],[140.19832,36.377835]]}},{"type":"Feature","properties":{"id":198753314,"highway":"unclassified"},"geometry":{"type":"LineString","coordinates":[[140.175933,36.350888],[140.175951,36.350765],[140.175983,36.350541],[140.175984,36.349999],[140.175984,36.349879],[140.175981,36.349533],[140.175978,36.349438],[140.175966,36.349327],[140.175938,36.349244],[140.175907,36.34917]]}},{"type":"Feature","properties":{"id":198753325,"highway":"unclassified"},"geometry":{"type":"LineString","coordinates":[[140.181865,36.344626],[140.181924,36.344709],[140.181959,36.344797],[140.181971,36.344901],[140.181984,36.344994],[140.18199,36.345153],[140.181957,36.345419]]}},{"type":"Feature","properties":{"id":198753390,"highway":"unclassified"},"geometry":{"type":"LineString","coordinates":[[140.180895,36.352749],[140.180458,36.352984],[140.180346,36.353052],[140.179754,36.353361]]}},{"type":"Feature","properties":{"id":198753492,"highway":"residential"},"geometry":{"type":"LineString","coordinates":[[140.18735,36.344115],[140.186046,36.344298],[140.185564,36.344374],[140.185564,36.344507],[140.185353,36.344524]]}},{"type":"Feature","properties":{"id":198753497,"highway":"unclassified"},"geometry":{"type":"LineString","coordinates":[[140.196756,36.358433],[140.196666,36.358466],[140.196588,36.358592],[140.196414,36.35879],[140.196318,36.358923]]}},{"type":"Feature","properties":{"id":198753541,"highway":"unclassified"},"geometry":{"type":"LineString","coordinates":[[140.178661,36.353922],[140.178501,36.353997],[140.178418,36.354042]]}},{"type":"Feature","properties":{"id":198753555,"highway":"residential"},"geometry":{"type":"LineString","coordinates":[[140.190579,36.355422],[140.190472,36.355513],[140.190138,36.355854],[140.189988,36.356002]]}},{"type":"Feature","properties":{"id":198753593,"highway":"unclassified"},"geometry":{"type":"LineString","coordinates":[[140.197793,36.32017],[140.197691,36.320404],[140.197629,36.320424],[140.197354,36.320429],[140.197296,36.32042],[140.197246,36.320404],[140.197168,36.320338],[140.197005,36.320169],[140.196909,36.320107],[140.196655,36.319999],[140.196261,36.319794],[140.196188,36.319747],[140.196112,36.319724],[140.196019,36.319723],[140.195959,36.319742],[140.195778,36.319839],[140.195574,36.319967],[140.195135,36.320143],[140.195007,36.320181],[140.194926,36.320178],[140.194855,36.32016],[140.194802,36.320117],[140.194734,36.319998],[140.194686,36.319925],[140.194681,36.319858],[140.1947,36.319798],[140.194717,36.319759],[140.194717,36.319674],[140.194705,36.319619],[140.194673,36.319579],[140.194621,36.319547],[140.194555,36.319537],[140.194408,36.319534],[140.19432,36.319537],[140.194212,36.319532],[140.194063,36.319503],[140.194011,36.319468],[140.193962,36.319409],[140.193816,36.319268],[140.193788,36.319246],[140.193706,36.319224],[140.193595,36.319198],[140.193445,36.319149],[140.193313,36.319132],[140.193203,36.319121],[140.193132,36.3191],[140.193077,36.319069],[140.193034,36.31903],[140.193017,36.318973],[140.193026,36.318888],[140.193025,36.318792],[140.192983,36.318766],[140.192895,36.31875],[140.192844,36.318734],[140.192755,36.318663],[140.1927,36.318605],[140.192678,36.318557],[140.192668,36.318469],[140.192659,36.318435],[140.192589,36.31837],[140.192438,36.318278],[140.192269,36.318241],[140.192216,36.318218],[140.192195,36.318183],[140.19218,36.318122],[140.192146,36.31808],[140.192058,36.318032],[140.191932,36.318001],[140.191705,36.317976],[140.19145,36.317936]]}},{"type":"Feature","properties":{"id":198753600,"highway":"unclassified"},"geometry":{"type":"LineString","coordinates":[[140.199803,36.37726],[140.199713,36.377159],[140.199671,36.37708],[140.19965,36.376984],[140.199664,36.376748],[140.199657,36.376703],[140.199588,36.376613],[140.199504,36.376545],[140.199379,36.376494],[140.199267,36.376472],[140.199107,36.376472],[140.199058,36.376483],[140.198912,36.376556],[140.198773,36.376657],[140.198418,36.376967],[140.197846,36.377503],[140.197638,36.377683],[140.197421,36.377807],[140.197157,36.377891],[140.196948,36.377942],[140.196843,36.378009],[140.196502,36.378303],[140.196258,36.378539],[140.196133,36.378703],[140.196077,36.378804],[140.196074,36.378838],[140.196079,36.378866],[140.196112,36.378911],[140.196412,36.379185],[140.196412,36.379231],[140.196366,36.379254],[140.196008,36.379276],[140.195903,36.37931],[140.195618,36.379513],[140.195534,36.379637],[140.195513,36.379744],[140.19552,36.379879],[140.195555,36.379952],[140.195639,36.38007],[140.195785,36.3802]]}},{"type":"Feature","properties":{"id":198753613,"highway":"unclassified"},"geometry":{"type":"LineString","coordinates":[[140.18624,36.367481],[140.186258,36.367513],[140.186321,36.36766],[140.186328,36.367795],[140.186279,36.367925],[140.186112,36.368177],[140.18575,36.368628],[140.185639,36.36873],[140.185485,36.36882],[140.185388,36.368865],[140.184852,36.369107],[140.184657,36.369157],[140.184372,36.369186],[140.184313,36.369213],[140.184301,36.369298],[140.184371,36.369478],[140.184378,36.369665],[140.184336,36.369773],[140.18403,36.370297],[140.183863,36.370567],[140.183326,36.371361],[140.183201,36.371643],[140.183159,36.371885],[140.183152,36.372015],[140.183124,36.372651],[140.183104,36.372815],[140.183069,36.372973],[140.183055,36.372989],[140.182846,36.373108],[140.182741,36.373193],[140.182644,36.373373],[140.182484,36.373756],[140.182372,36.374122],[140.182379,36.374398],[140.182407,36.374561],[140.182498,36.374753],[140.182595,36.374871],[140.182728,36.374995],[140.182923,36.375097],[140.183305,36.375238],[140.183529,36.375328]]}},{"type":"Feature","properties":{"id":198753644,"highway":"unclassified"},"geometry":{"type":"LineString","coordinates":[[140.17189,36.346252],[140.171915,36.346223],[140.171988,36.346081],[140.172037,36.345957],[140.172066,36.345919],[140.172117,36.34589],[140.172176,36.345881],[140.172234,36.345884],[140.172792,36.345964],[140.172856,36.345988]]}},{"type":"Feature","properties":{"id":198753667,"highway":"residential"},"geometry":{"type":"LineString","coordinates":[[140.196167,36.364793],[140.196446,36.364753],[140.196621,36.364703],[140.196949,36.364567],[140.197541,36.364348]]}},{"type":"Feature","properties":{"id":198753699,"highway":"unclassified"},"geometry":{"type":"LineString","coordinates":[[140.186483,36.337569],[140.186773,36.337649],[140.187127,36.33779],[140.187575,36.337876],[140.187824,36.338061],[140.188197,36.338181]]}},{"type":"Feature","properties":{"id":198753724,"highway":"service"},"geometry":{"type":"LineString","coordinates":[[140.182501,36.3365],[140.182109,36.336368],[140.181619,36.336256],[140.181223,36.336172],[140.180416,36.336112]]}},{"type":"Feature","properties":{"id":198753768,"highway":"unclassified"},"geometry":{"type":"LineString","coordinates":[[140.198319,36.391401],[140.19858,36.391253],[140.198702,36.390946],[140.198821,36.390855],[140.198845,36.390525],[140.19898,36.390242],[140.19905,36.390164]]}},{"type":"Feature","properties":{"id":198753769,"highway":"unclassified"},"geometry":{"type":"LineString","coordinates":[[140.179754,36.353361],[140.179148,36.353671],[140.179058,36.353721],[140.178661,36.353922]]}},{"type":"Feature","properties":{"id":198753779,"highway":"unclassified"},"geometry":{"type":"LineString","coordinates":[[140.200261,36.390273],[140.2,36.390295],[140.1998,36.390285],[140.199599,36.390269],[140.199434,36.390244],[140.199154,36.39018],[140.19905,36.390164]]}},{"type":"Feature","properties":{"id":198753834,"highway":"unclassified"},"geometry":{"type":"LineString","coordinates":[[140.195621,36.340905],[140.195579,36.340961],[140.195605,36.341115],[140.19564,36.34135],[140.195616,36.341492]]}},{"type":"Feature","properties":{"id":198753850,"highway":"unclassified"},"geometry":{"type":"LineString","coordinates":[[140.190308,36.339357],[140.189969,36.339109],[140.189639,36.338822]]}},{"type":"Feature","properties":{"id":198753851,"highway":"unclassified"},"geometry":{"type":"LineString","coordinates":[[140.193709,36.357297],[140.194028,36.357023],[140.19433,36.356793]]}},{"type":"Feature","properties":{"id":198753873,"highway":"residential"},"geometry":{"type":"LineString","coordinates":[[140.181231,36.349272],[140.181568,36.349277],[140.181792,36.349302],[140.182168,36.349418],[140.182571,36.349417]]}},{"type":"Feature","properties":{"id":198753902,"highway":"unclassified"},"geometry":{"type":"LineString","coordinates":[[140.192118,36.358328],[140.191906,36.358562],[140.191739,36.358697],[140.191628,36.358731],[140.191516,36.358742]]}},{"type":"Feature","properties":{"id":198753938,"highway":"unclassified"},"geometry":{"type":"LineString","coordinates":[[140.185253,36.342822],[140.184809,36.342875],[140.184487,36.342934],[140.183792,36.343017],[140.183806,36.343092]]}},{"type":"Feature","properties":{"id":198753941,"highway":"unclassified"},"geometry":{"type":"LineString","coordinates":[[140.191517,36.337825],[140.191339,36.338033],[140.191337,36.338111],[140.191595,36.338257],[140.191734,36.338348],[140.191799,36.338414]]}},{"type":"Feature","properties":{"id":198753946,"highway":"unclassified"},"geometry":{"type":"LineString","coordinates":[[140.192118,36.358328],[140.192526,36.358158],[140.192672,36.358099],[140.192814,36.357979],[140.192916,36.357869],[140.193226,36.357643],[140.193382,36.357582]]}},{"type":"Feature","properties":{"id":198753999,"highway":"residential"},"geometry":{"type":"LineString","coordinates":[[140.189132,36.352543],[140.189161,36.352516],[140.189242,36.352441],[140.189415,36.35252],[140.189573,36.352542],[140.189813,36.352633]]}},{"type":"Feature","properties":{"id":198754072,"highway":"residential"},"geometry":{"type":"LineString","coordinates":[[140.179146,36.350842],[140.179017,36.351084],[140.178894,36.351305]]}},{"type":"Feature","properties":{"id":198754184,"highway":"unclassified"},"geometry":{"type":"LineString","coordinates":[[140.178894,36.351305],[140.178483,36.351218],[140.178026,36.351129],[140.177698,36.351067],[140.177368,36.351027],[140.177056,36.350994],[140.17658,36.350988],[140.175933,36.350888]]}},{"type":"Feature","properties":{"id":198754193,"highway":"unclassified"},"geometry":{"type":"LineString","coordinates":[[140.188891,36.341859],[140.18895,36.342028],[140.18908,36.342141],[140.189331,36.342435],[140.189382,36.342615]]}},{"type":"Feature","properties":{"id":198754238,"highway":"residential"},"geometry":{"type":"LineString","coordinates":[[140.202141,36.362434],[140.201691,36.362492],[140.201423,36.362459],[140.201141,36.362465],[140.200959,36.36251],[140.200215,36.36282],[140.199846,36.362893],[140.199476,36.362916]]}},{"type":"Feature","properties":{"id":198754324,"highway":"unclassified"},"geometry":{"type":"LineString","coordinates":[[140.182117,36.352058],[140.181579,36.352353],[140.181309,36.352505],[140.181036,36.352658],[140.180895,36.352749]]}},{"type":"Feature","properties":{"id":198754360,"highway":"unclassified"},"geometry":{"type":"LineString","coordinates":[[140.169929,36.347587],[140.16991,36.347525],[140.169879,36.347461],[140.169848,36.347283]]}},{"type":"Feature","properties":{"id":198754383,"highway":"service"},"geometry":{"type":"LineString","coordinates":[[140.180416,36.336112],[140.180154,36.336118],[140.179989,36.336149],[140.17981,36.336198],[140.179614,36.336296],[140.179316,36.3365]]}},{"type":"Feature","properties":{"id":198754422,"highway":"unclassified"},"geometry":{"type":"LineString","coordinates":[[140.172031,36.354959],[140.171754,36.35499],[140.171589,36.355024],[140.171507,36.355018],[140.171465,36.355003],[140.171438,36.354966],[140.171493,36.354805]]}},{"type":"Feature","properties":{"id":198754451,"highway":"unclassified"},"geometry":{"type":"LineString","coordinates":[[140.181957,36.345419],[140.182333,36.345388]]}},{"type":"Feature","properties":{"id":198754510,"highway":"unclassified"},"geometry":{"type":"LineString","coordinates":[[140.200918,36.376894],[140.200646,36.376939],[140.200395,36.377007],[140.200152,36.377091],[140.199943,36.377187],[140.199803,36.37726]]}},{"type":"Feature","properties":{"id":198754551,"highway":"unclassified"},"geometry":{"type":"LineString","coordinates":[[140.192118,36.358328],[140.192054,36.358162],[140.191922,36.358019],[140.1918,36.357998],[140.191426,36.357976]]}},{"type":"Feature","properties":{"id":198754569,"highway":"unclassified"},"geometry":{"type":"LineString","coordinates":[[140.191156,36.334968],[140.191181,36.334941],[140.191094,36.334468],[140.19108,36.334294],[140.191173,36.334064],[140.191107,36.333686],[140.191118,36.333488],[140.191137,36.333363],[140.191075,36.333143]]}},{"type":"Feature","properties":{"id":198754574,"highway":"unclassified"},"geometry":{"type":"LineString","coordinates":[[140.191555,36.337788],[140.191688,36.337608],[140.191743,36.337366],[140.191774,36.337098],[140.1917,36.336978],[140.191268,36.336552]]}},{"type":"Feature","properties":{"id":198754616,"highway":"unclassified"},"geometry":{"type":"LineString","coordinates":[[140.189639,36.338822],[140.189555,36.338789],[140.189353,36.338658],[140.189189,36.338593],[140.189015,36.338574],[140.18873,36.338489],[140.188197,36.338181]]}},{"type":"Feature","properties":{"id":198754617,"highway":"tertiary"},"geometry":{"type":"LineString","coordinates":[[140.183467,36.353123],[140.183473,36.353025],[140.183484,36.352928],[140.183655,36.352341],[140.183713,36.35214],[140.183722,36.35212],[140.183749,36.352058]]}},{"type":"Feature","properties":{"id":198754631,"highway":"residential"},"geometry":{"type":"LineString","coordinates":[[140.19134,36.384188],[140.191178,36.384244],[140.190977,36.384265],[140.190945,36.384365],[140.190945,36.384415],[140.190931,36.384479],[140.190927,36.384501]]}},{"type":"Feature","properties":{"id":198754658,"highway":"service"},"geometry":{"type":"LineString","coordinates":[[140.184887,36.350587],[140.184983,36.350475],[140.185144,36.350274],[140.185358,36.349814]]}},{"type":"Feature","properties":{"id":198754668,"highway":"residential"},"geometry":{"type":"LineString","coordinates":[[140.190799,36.347113],[140.190939,36.347187],[140.191064,36.347187],[140.191134,36.347164],[140.191231,36.347113],[140.191962,36.346543]]}},{"type":"Feature","properties":{"id":198754669,"highway":"unclassified"},"geometry":{"type":"LineString","coordinates":[[140.195616,36.341492],[140.195101,36.341418],[140.194995,36.341423],[140.194671,36.341475],[140.194629,36.341494]]}},{"type":"Feature","properties":{"id":198754682,"highway":"unclassified"},"geometry":{"type":"LineString","coordinates":[[140.197985,36.383125],[140.197909,36.383024],[140.19786,36.382927],[140.19786,36.382889],[140.19786,36.382849],[140.197867,36.38282],[140.197902,36.382742],[140.198027,36.382612],[140.198215,36.38246],[140.198459,36.382314],[140.198668,36.382212],[140.198988,36.382094],[140.19951,36.381823],[140.19958,36.381778],[140.199684,36.381676],[140.199774,36.381569],[140.199837,36.381518],[140.199942,36.381479],[140.2002,36.381412],[140.200387,36.381333],[140.200443,36.381299],[140.200638,36.381114],[140.20075,36.381058],[140.20093,36.380996],[140.201202,36.380951],[140.20139,36.380934],[140.201446,36.380911],[140.201474,36.380879],[140.201476,36.380846],[140.201465,36.380816],[140.201383,36.380793],[140.201195,36.380783],[140.201151,36.380756],[140.201171,36.380713],[140.201328,36.380648],[140.201341,36.380591],[140.20132,36.380556],[140.20097,36.380548],[140.200923,36.380523],[140.20091,36.380501],[140.200918,36.380469],[140.200933,36.380437],[140.20096,36.380407],[140.201015,36.380393],[140.201286,36.38037],[140.201335,36.380351],[140.201355,36.38032],[140.20135,36.380285],[140.201335,36.380258],[140.201245,36.380213],[140.201118,36.38019],[140.201065,36.380169],[140.201051,36.380133],[140.201056,36.380106],[140.201091,36.380066],[140.20116,36.380044],[140.201272,36.380027],[140.20194,36.38001],[140.202225,36.379987],[140.202372,36.379959],[140.202476,36.379903],[140.202553,36.379824],[140.202753,36.379658],[140.203016,36.37939],[140.203188,36.379253]]}},{"type":"Feature","properties":{"id":198754737,"highway":"unclassified"},"geometry":{"type":"LineString","coordinates":[[140.173277,36.355061],[140.173115,36.355025],[140.172839,36.354978],[140.172723,36.354963],[140.172456,36.354915],[140.172362,36.354906],[140.172293,36.354908],[140.172195,36.354925],[140.172031,36.354959]]}},{"type":"Feature","properties":{"id":198754764,"highway":"tertiary"},"geometry":{"type":"LineString","coordinates":[[140.183474,36.35506],[140.183196,36.354657],[140.183152,36.354566],[140.18314,36.354515],[140.183136,36.354426],[140.183138,36.354346],[140.183158,36.354289],[140.183182,36.354234],[140.183216,36.354175],[140.183292,36.354067],[140.183383,36.353948],[140.18343,36.353869],[140.18346,36.353804],[140.1835,36.353698],[140.183523,36.3536],[140.183529,36.353497],[140.183524,36.35339],[140.183492,36.353254],[140.183467,36.353123]]}},{"type":"Feature","properties":{"id":198754771,"highway":"unclassified"},"geometry":{"type":"LineString","coordinates":[[140.181232,36.344904],[140.18133,36.344991],[140.181615,36.345325],[140.181665,36.345366],[140.181724,36.345389],[140.181957,36.345419]]}},{"type":"Feature","properties":{"id":198754824,"highway":"unclassified"},"geometry":{"type":"LineString","coordinates":[[140.182944,36.361686],[140.182856,36.361409],[140.18269,36.361031],[140.18269,36.360693],[140.182739,36.360558],[140.182913,36.360357]]}},{"type":"Feature","properties":{"id":198754890,"highway":"unclassified"},"geometry":{"type":"LineString","coordinates":[[140.172696,36.361422],[140.172702,36.361347],[140.172683,36.361251],[140.17267,36.361135],[140.172669,36.361002],[140.172656,36.360928],[140.172609,36.360792],[140.172513,36.360543],[140.172491,36.360514],[140.172441,36.360478],[140.172408,36.360443],[140.172387,36.360403],[140.17238,36.360357],[140.172386,36.360317],[140.172404,36.360273],[140.17244,36.360227],[140.172513,36.360169],[140.172621,36.360096],[140.172693,36.360021],[140.172769,36.359954],[140.172936,36.359808]]}},{"type":"Feature","properties":{"id":198754926,"highway":"unclassified"},"geometry":{"type":"LineString","coordinates":[[140.182944,36.361686],[140.183003,36.361956],[140.183094,36.362395],[140.183131,36.362704],[140.183155,36.362866],[140.183175,36.362965]]}},{"type":"Feature","properties":{"id":198754942,"highway":"residential"},"geometry":{"type":"LineString","coordinates":[[140.182066,36.331724],[140.182478,36.331595],[140.182685,36.331474],[140.182859,36.331678],[140.183006,36.331753],[140.183149,36.331779],[140.183289,36.331805]]}},{"type":"Feature","properties":{"id":198755048,"highway":"unclassified"},"geometry":{"type":"LineString","coordinates":[[140.183175,36.362965],[140.183193,36.363094],[140.183179,36.36322],[140.183132,36.363324],[140.183078,36.363398],[140.182996,36.36347],[140.182768,36.363585],[140.18255,36.363694],[140.182352,36.36375],[140.18231,36.363885],[140.182295,36.364099],[140.182323,36.364252],[140.182345,36.364381],[140.182385,36.364528],[140.182407,36.364657],[140.182449,36.364804],[140.182533,36.364939],[140.182629,36.365007],[140.182732,36.365004],[140.182799,36.364968],[140.182839,36.364916],[140.182999,36.364702],[140.18309,36.364623],[140.183132,36.364606],[140.183185,36.364598],[140.183219,36.364597],[140.183243,36.364601],[140.183318,36.364626],[140.183374,36.364697],[140.183382,36.364854],[140.183341,36.365057],[140.183229,36.365457],[140.183166,36.365547],[140.183069,36.36566],[140.18279,36.366021],[140.1827,36.366156],[140.182697,36.366218],[140.182717,36.366263],[140.182778,36.366292],[140.182825,36.366285],[140.182888,36.366269],[140.182944,36.366229],[140.183083,36.36606],[140.183278,36.365857],[140.183417,36.365778],[140.18357,36.365728],[140.183758,36.365722],[140.183835,36.365733],[140.183898,36.365761],[140.184148,36.365852],[140.184399,36.365852],[140.184573,36.365829],[140.184754,36.365835],[140.184866,36.365874],[140.184921,36.365908],[140.18504,36.366004],[140.185109,36.366088],[140.1852,36.366252],[140.185214,36.366342],[140.1852,36.366421],[140.185116,36.366533],[140.185024,36.366626],[140.184789,36.366866],[140.184691,36.367001],[140.184683,36.367042],[140.184684,36.367079],[140.184699,36.367129],[140.184756,36.367189],[140.184879,36.367226],[140.185555,36.367243],[140.185743,36.367254],[140.185903,36.367283],[140.186015,36.367316],[140.186189,36.367429],[140.18624,36.367481]]}},{"type":"Feature","properties":{"id":198755067,"highway":"unclassified"},"geometry":{"type":"LineString","coordinates":[[140.181957,36.345419],[140.181962,36.345621],[140.182011,36.345891],[140.181968,36.346027],[140.181975,36.346186],[140.18217,36.346955],[140.182219,36.347235],[140.182324,36.347293],[140.182345,36.347327],[140.182429,36.347428],[140.182463,36.347615],[140.182459,36.347828],[140.182526,36.348001],[140.182543,36.348203],[140.182561,36.348405],[140.182567,36.34863],[140.182784,36.349018],[140.182791,36.349125],[140.182571,36.349417]]}},{"type":"Feature","properties":{"id":198755125,"highway":"unclassified"},"geometry":{"type":"LineString","coordinates":[[140.189382,36.342615],[140.189539,36.34282],[140.189726,36.342687],[140.189822,36.342674],[140.189964,36.342732],[140.190831,36.34265],[140.191102,36.34267],[140.191343,36.34266],[140.191885,36.342583],[140.192278,36.342632]]}},{"type":"Feature","properties":{"id":198755135,"highway":"service"},"geometry":{"type":"LineString","coordinates":[[140.183467,36.353123],[140.183603,36.35319],[140.18374,36.353287],[140.183917,36.353408],[140.183979,36.353432],[140.184051,36.353439],[140.18416,36.35341],[140.184343,36.35331]]}},{"type":"Feature","properties":{"id":198755140,"highway":"unclassified"},"geometry":{"type":"LineString","coordinates":[[140.197318,36.391624],[140.197319,36.391559],[140.197351,36.391499],[140.197769,36.391466],[140.198143,36.391445],[140.198319,36.391401]]}},{"type":"Feature","properties":{"id":198755153,"highway":"unclassified"},"geometry":{"type":"LineString","coordinates":[[140.191268,36.336552],[140.191195,36.336384],[140.191179,36.336172],[140.19121,36.336006],[140.19123,36.335878],[140.191189,36.335614],[140.191052,36.335357],[140.191026,36.335219]]}},{"type":"Feature","properties":{"id":198755169,"highway":"unclassified"},"geometry":{"type":"LineString","coordinates":[[140.19433,36.356793],[140.194865,36.356286],[140.195011,36.356082],[140.19516,36.355869],[140.195287,36.355702],[140.195562,36.355355],[140.195617,36.355243],[140.195652,36.355187],[140.195728,36.355057],[140.195806,36.354868]]}},{"type":"Feature","properties":{"id":198755173,"highway":"unclassified"},"geometry":{"type":"LineString","coordinates":[[140.19069,36.340011],[140.190613,36.339896],[140.190298,36.3397],[140.190299,36.339439],[140.190308,36.339357]]}},{"type":"Feature","properties":{"id":198755204,"highway":"residential"},"geometry":{"type":"LineString","coordinates":[[140.196091,36.353131],[140.196127,36.353176],[140.19607,36.353441],[140.196042,36.353503],[140.195945,36.353643],[140.195805,36.35388],[140.195819,36.353953],[140.196042,36.35429]]}},{"type":"Feature","properties":{"id":198755206,"highway":"unclassified"},"geometry":{"type":"LineString","coordinates":[[140.198686,36.332381],[140.198571,36.332604],[140.198439,36.332769],[140.198374,36.332972],[140.198199,36.33319],[140.198079,36.333397],[140.198043,36.333589],[140.197993,36.333819],[140.197984,36.333905]]}},{"type":"Feature","properties":{"id":198755241,"highway":"unclassified"},"geometry":{"type":"LineString","coordinates":[[140.169988,36.349069],[140.16995,36.348879],[140.169923,36.348728],[140.169916,36.348626],[140.169884,36.348562],[140.169752,36.348382],[140.169712,36.348304],[140.1697,36.348218],[140.16974,36.348053],[140.169799,36.347887],[140.169929,36.347587]]}},{"type":"Feature","properties":{"id":198755343,"highway":"unclassified"},"geometry":{"type":"LineString","coordinates":[[140.169816,36.345678],[140.169786,36.345496],[140.169754,36.3454],[140.169706,36.345321],[140.16969,36.34521],[140.169594,36.344991],[140.169711,36.344675],[140.169759,36.34448],[140.169821,36.344263],[140.169828,36.344184],[140.169657,36.343987],[140.16958,36.343846],[140.169574,36.343745],[140.1696,36.343649]]}},{"type":"Feature","properties":{"id":198755400,"highway":"unclassified"},"geometry":{"type":"LineString","coordinates":[[140.191426,36.357976],[140.19066,36.357948],[140.190437,36.35797],[140.190228,36.358015],[140.190138,36.358043],[140.189971,36.358139],[140.189518,36.358674],[140.189448,36.358736],[140.189239,36.358838]]}},{"type":"Feature","properties":{"id":199062035,"highway":"secondary"},"geometry":{"type":"LineString","coordinates":[[140.120923,36.330425],[140.120778,36.330406],[140.120564,36.330359],[140.120402,36.330279],[140.120312,36.330188],[140.120233,36.330067],[140.120103,36.330003],[140.119871,36.329949],[140.119655,36.329932],[140.119465,36.329962],[140.119384,36.330051],[140.11939,36.330132],[140.119394,36.330185],[140.119436,36.330313],[140.119563,36.330517],[140.119523,36.330612],[140.119141,36.330766],[140.118703,36.330929],[140.118618,36.330989],[140.118612,36.331129],[140.118624,36.331398],[140.118597,36.331467],[140.118562,36.331539],[140.11852,36.331561],[140.118411,36.331593],[140.118329,36.331605],[140.118163,36.331557],[140.118002,36.331471],[140.11785,36.331451],[140.117739,36.331482],[140.117622,36.331546],[140.117517,36.331545],[140.117449,36.331498],[140.117428,36.331443],[140.117433,36.331304],[140.117459,36.331219],[140.117516,36.331154],[140.117644,36.331122],[140.117858,36.331126],[140.118018,36.331081],[140.118061,36.331005],[140.118056,36.330953],[140.118038,36.330896],[140.117835,36.330795],[140.117768,36.330776],[140.117404,36.330803],[140.11728,36.330801],[140.11713,36.330714],[140.116911,36.330524],[140.11679,36.330327],[140.116803,36.330222],[140.116851,36.33011],[140.117033,36.329953],[140.117046,36.329769],[140.117022,36.329333],[140.116995,36.328965],[140.117017,36.328915],[140.117071,36.328895],[140.117141,36.328894],[140.117194,36.328931],[140.11741,36.329192],[140.117457,36.329225],[140.117526,36.329235],[140.117579,36.329229],[140.117624,36.329211],[140.117816,36.329036],[140.117832,36.329006],[140.117831,36.328968],[140.11778,36.328783],[140.117769,36.328706],[140.117778,36.328658],[140.117807,36.328615],[140.117852,36.328579],[140.117921,36.328554],[140.117975,36.328537],[140.118031,36.328535],[140.118873,36.3286],[140.118946,36.32859],[140.11902,36.328551],[140.119063,36.328485],[140.119122,36.328174],[140.119137,36.328125],[140.119179,36.328078],[140.119485,36.327902],[140.119576,36.327808],[140.119611,36.327714],[140.119608,36.32765],[140.119589,36.327522],[140.119524,36.327396],[140.119461,36.327337],[140.119398,36.327311],[140.11932,36.327309],[140.119092,36.327381],[140.119034,36.327387],[140.118984,36.327382],[140.118946,36.327357],[140.11884,36.327285],[140.11853,36.327146],[140.118298,36.3271],[140.118139,36.327052],[140.117489,36.32685],[140.116843,36.326729],[140.116736,36.32671],[140.11656,36.326794],[140.116209,36.326991],[140.115771,36.327256],[140.115464,36.327461],[140.115434,36.327484],[140.115363,36.327492],[140.115079,36.327512],[140.114555,36.327527],[140.114409,36.327567],[140.114333,36.327613],[140.114274,36.327656],[140.114251,36.327711],[140.114244,36.327764],[140.114266,36.328027],[140.114247,36.32808],[140.114165,36.328102],[140.113758,36.328125],[140.11326,36.328114],[140.111936,36.32806],[140.111636,36.328073],[140.111234,36.32815],[140.110778,36.328258],[140.110342,36.328341],[140.110006,36.328385],[140.109827,36.328405],[140.109783,36.328407],[140.109505,36.328443],[140.108765,36.328512],[140.108534,36.328545],[140.107596,36.328662]]}},{"type":"Feature","properties":{"id":199062101,"highway":"secondary"},"geometry":{"type":"LineString","coordinates":[[140.109083,36.363477],[140.109002,36.363135]]}},{"type":"Feature","properties":{"id":199062104,"highway":"secondary"},"geometry":{"type":"LineString","coordinates":[[140.109002,36.363135],[140.108986,36.363072],[140.108896,36.362703],[140.108801,36.362275],[140.108738,36.361899]]}},{"type":"Feature","properties":{"id":199062113,"highway":"secondary"},"geometry":{"type":"LineString","coordinates":[[140.109267,36.364671],[140.109259,36.364568]]}},{"type":"Feature","properties":{"id":199062114,"highway":"secondary"},"geometry":{"type":"LineString","coordinates":[[140.101754,36.322039],[140.101706,36.322057],[140.101045,36.322309],[140.100616,36.322476],[140.100277,36.322596],[140.099991,36.322671],[140.099392,36.322805],[140.098954,36.322884],[140.097504,36.323199],[140.096383,36.323427],[140.096173,36.323481],[140.095931,36.323551],[140.095782,36.323615],[140.09559,36.323693],[140.095319,36.32381],[140.094971,36.323996],[140.094776,36.324104],[140.09438,36.324331],[140.094135,36.324448],[140.093738,36.32462],[140.093536,36.324687],[140.092972,36.324873],[140.092792,36.324939],[140.092615,36.325052],[140.092443,36.325196],[140.092234,36.325402],[140.09205,36.325594],[140.091959,36.325689],[140.091773,36.325877],[140.091535,36.326068],[140.091392,36.32615],[140.091253,36.326226],[140.091074,36.326303],[140.090902,36.326363],[140.090615,36.326422],[140.090348,36.326469],[140.090065,36.326502],[140.089499,36.326526],[140.089082,36.326505],[140.088715,36.326427],[140.088215,36.326289],[140.088144,36.326276],[140.087603,36.326123],[140.087282,36.326068],[140.087009,36.326041],[140.086732,36.326051],[140.086573,36.326049],[140.086104,36.32615],[140.085643,36.326223],[140.085418,36.326265],[140.08521,36.326291],[140.084935,36.326288],[140.084552,36.326276],[140.084505,36.326272]]}},{"type":"Feature","properties":{"id":199062210,"highway":"secondary"},"geometry":{"type":"LineString","coordinates":[[140.143584,36.355674],[140.143677,36.355689],[140.143875,36.355716],[140.144707,36.355813],[140.145144,36.355852],[140.145237,36.355863],[140.145322,36.355873]]}},{"type":"Feature","properties":{"id":199062214,"highway":"secondary"},"geometry":{"type":"LineString","coordinates":[[140.130907,36.398121],[140.131055,36.397925],[140.131079,36.397898],[140.131101,36.397873],[140.131362,36.397529],[140.131624,36.397195],[140.132073,36.396654],[140.132162,36.396539],[140.132226,36.396434],[140.132276,36.396347],[140.132327,36.396229],[140.132371,36.396086],[140.1324,36.395964],[140.132416,36.395832],[140.132414,36.395627],[140.132398,36.395506],[140.132375,36.395392],[140.13218,36.394731],[140.132153,36.394638],[140.132131,36.39456],[140.132007,36.39414],[140.131895,36.393793],[140.131818,36.3936],[140.131707,36.393378],[140.131634,36.393266],[140.131532,36.393115],[140.131269,36.392782],[140.131129,36.392581],[140.13104,36.392438],[140.130983,36.392332],[140.130877,36.392098],[140.13081,36.391892],[140.130772,36.391736],[140.130737,36.391497],[140.130725,36.391177],[140.130733,36.391056],[140.130749,36.390922],[140.130778,36.3908],[140.130816,36.390665],[140.130849,36.39053],[140.130971,36.390145],[140.131059,36.38992],[140.131122,36.389793],[140.131156,36.389717],[140.131613,36.388714],[140.132338,36.387142],[140.132498,36.386757]]}},{"type":"Feature","properties":{"id":199062237,"highway":"secondary"},"geometry":{"type":"LineString","coordinates":[[140.146479,36.357875],[140.146484,36.357923],[140.146487,36.357957],[140.146503,36.358089],[140.146598,36.358352],[140.14661,36.358461],[140.146642,36.358848],[140.146636,36.358931]]}},{"type":"Feature","properties":{"id":199062250,"highway":"secondary"},"geometry":{"type":"LineString","coordinates":[[140.145418,36.354924],[140.145397,36.354919],[140.145366,36.354918],[140.145114,36.354914],[140.144717,36.35481],[140.144402,36.354818],[140.14431,36.354808],[140.144248,36.354777],[140.144216,36.354753],[140.144168,36.354709],[140.14413,36.354665],[140.143988,36.354359],[140.143969,36.354318],[140.14393,36.354231],[140.143922,36.354176],[140.143921,36.354126],[140.143951,36.353962],[140.143994,36.353794],[140.143993,36.35362],[140.143977,36.35355],[140.143961,36.353498],[140.14382,36.353203],[140.143804,36.353063],[140.14386,36.352787],[140.143939,36.352365],[140.143953,36.352178],[140.14395,36.3521],[140.143863,36.35172],[140.143739,36.351251],[140.143679,36.351147],[140.143548,36.351048],[140.14309,36.350788],[140.142974,36.350707],[140.142768,36.350525],[140.142706,36.350458],[140.142619,36.350321],[140.142585,36.350196],[140.142566,36.350059],[140.142567,36.34973],[140.142563,36.349511],[140.142658,36.34895],[140.142717,36.34822],[140.142701,36.348129],[140.14248,36.347623],[140.142421,36.34745],[140.142415,36.347393],[140.142418,36.346944],[140.142401,36.346821],[140.142354,36.346719],[140.142291,36.346661],[140.142268,36.346614],[140.14227,36.346561],[140.142304,36.346459],[140.14236,36.346315],[140.142359,36.346261],[140.142312,36.346109],[140.14227,36.345986],[140.142242,36.345774],[140.142193,36.345201],[140.142191,36.34512],[140.142175,36.345087],[140.142129,36.34506],[140.141953,36.345046]]}},{"type":"Feature","properties":{"id":199062251,"highway":"secondary"},"geometry":{"type":"LineString","coordinates":[[140.1513,36.336747],[140.151239,36.336761],[140.150013,36.336951],[140.149563,36.337001],[140.149156,36.337064],[140.148954,36.337111],[140.14813,36.337392],[140.147814,36.337509],[140.147581,36.337611],[140.147151,36.337821],[140.146928,36.33793],[140.146734,36.338002],[140.146538,36.338018],[140.146364,36.338011],[140.146178,36.338014],[140.14603,36.338048],[140.145808,36.338134],[140.144991,36.338486],[140.144657,36.338623],[140.144458,36.338707],[140.144324,36.338781],[140.14423,36.338853],[140.144116,36.338958],[140.144017,36.339093],[140.143913,36.339264],[140.143732,36.33965],[140.143625,36.339846],[140.143474,36.340028],[140.143361,36.340133],[140.143078,36.34034],[140.142939,36.340453],[140.14278,36.340612],[140.14235,36.341197],[140.14202,36.341672],[140.141962,36.341797],[140.141923,36.341915],[140.141895,36.342036],[140.141886,36.342138],[140.141888,36.342223],[140.14189,36.342323]]}},{"type":"Feature","properties":{"id":199062252,"highway":"secondary"},"geometry":{"type":"LineString","coordinates":[[140.1513,36.336747],[140.151613,36.33668]]}},{"type":"Feature","properties":{"id":199062253,"highway":"secondary"},"geometry":{"type":"LineString","coordinates":[[140.151771,36.336614],[140.151656,36.336669],[140.151613,36.33668]]}},{"type":"Feature","properties":{"id":199062257,"highway":"secondary"},"geometry":{"type":"LineString","coordinates":[[140.146342,36.357878],[140.146337,36.357809],[140.146335,36.357778],[140.146318,36.357589],[140.146317,36.35746],[140.146311,36.356347],[140.146313,36.356305]]}},{"type":"Feature","properties":{"id":199062270,"highway":"secondary"},"geometry":{"type":"LineString","coordinates":[[140.145637,36.355901],[140.145543,36.355893]]}},{"type":"Feature","properties":{"id":199062283,"highway":"service"},"geometry":{"type":"LineString","coordinates":[[140.110266,36.310331],[140.110338,36.310571],[140.110336,36.310598],[140.110081,36.310689],[140.109983,36.310718],[140.109859,36.310786],[140.10999,36.311044],[140.110106,36.311541]]}},{"type":"Feature","properties":{"id":199062284,"highway":"residential"},"geometry":{"type":"LineString","coordinates":[[140.159168,36.352255],[140.159643,36.351948],[140.160562,36.351435],[140.160863,36.35116],[140.161101,36.351049],[140.161401,36.351026],[140.161956,36.350888]]}},{"type":"Feature","properties":{"id":199062285,"highway":"residential"},"geometry":{"type":"LineString","coordinates":[[140.158192,36.385835],[140.158172,36.385885],[140.158165,36.385957],[140.158184,36.386043],[140.158219,36.386124],[140.158263,36.38619],[140.158317,36.386249],[140.158439,36.38634],[140.158497,36.386386],[140.158516,36.386415],[140.158512,36.386451],[140.158494,36.386486],[140.15836,36.386612],[140.158305,36.386648]]}},{"type":"Feature","properties":{"id":199062300,"highway":"unclassified"},"geometry":{"type":"LineString","coordinates":[[140.151415,36.373491],[140.15127,36.37346],[140.151137,36.373441],[140.149945,36.373322],[140.149724,36.373318],[140.149629,36.373314],[140.149525,36.373292],[140.149102,36.373183],[140.148776,36.373094],[140.148687,36.373073],[140.148587,36.373073],[140.148293,36.37309],[140.147926,36.373105],[140.147754,36.37309],[140.147611,36.373055],[140.147332,36.372969],[140.1469,36.372816],[140.146718,36.372741],[140.145861,36.372333],[140.14566,36.372251],[140.145544,36.372218]]}},{"type":"Feature","properties":{"id":199062302,"highway":"residential"},"geometry":{"type":"LineString","coordinates":[[140.121159,36.351936],[140.121181,36.352014],[140.121215,36.352386],[140.121313,36.352775],[140.121375,36.352922],[140.121445,36.35304],[140.121466,36.353096],[140.121466,36.353322],[140.121452,36.353457],[140.121438,36.353569]]}},{"type":"Feature","properties":{"id":199062306,"highway":"service"},"geometry":{"type":"LineString","coordinates":[[140.107238,36.327597],[140.107451,36.327547],[140.107645,36.327507],[140.107721,36.327454],[140.10782,36.327303],[140.107881,36.327264],[140.108056,36.327211],[140.108205,36.327158],[140.108341,36.32712]]}},{"type":"Feature","properties":{"id":199062312,"highway":"unclassified"},"geometry":{"type":"LineString","coordinates":[[140.145457,36.348421],[140.145455,36.348619],[140.145416,36.34882],[140.145379,36.349069],[140.145302,36.349466],[140.145225,36.349818],[140.14511,36.350262]]}},{"type":"Feature","properties":{"id":199062317,"highway":"residential"},"geometry":{"type":"LineString","coordinates":[[140.161579,36.329357],[140.162052,36.328986],[140.162523,36.328913],[140.162663,36.328878]]}},{"type":"Feature","properties":{"id":199062327,"highway":"residential"},"geometry":{"type":"LineString","coordinates":[[140.105213,36.357461],[140.105087,36.357468],[140.104816,36.357563],[140.104683,36.357625],[140.104586,36.357693],[140.104544,36.357732],[140.104454,36.357884],[140.104405,36.358014],[140.104356,36.358223],[140.104314,36.3586]]}},{"type":"Feature","properties":{"id":199062330,"highway":"service"},"geometry":{"type":"LineString","coordinates":[[140.103462,36.312976],[140.103502,36.313001],[140.103625,36.313016],[140.103967,36.312998],[140.10414,36.313033],[140.104251,36.313067],[140.104416,36.313107],[140.104736,36.313169]]}},{"type":"Feature","properties":{"id":199062341,"highway":"unclassified"},"geometry":{"type":"LineString","coordinates":[[140.117146,36.316964],[140.117189,36.316999],[140.117289,36.317191],[140.117636,36.31725],[140.118412,36.317389],[140.118568,36.317397],[140.118792,36.317426],[140.118964,36.31747],[140.11916,36.317544],[140.119609,36.31769]]}},{"type":"Feature","properties":{"id":199062344,"highway":"service"},"geometry":{"type":"LineString","coordinates":[[140.11277,36.329459],[140.11275,36.32944],[140.112731,36.32941],[140.112702,36.329348],[140.112686,36.32927],[140.11268,36.329218],[140.112646,36.329149],[140.112627,36.329106],[140.112607,36.329071],[140.112569,36.329015],[140.112529,36.32898],[140.112484,36.328954],[140.11244,36.328941],[140.112373,36.328934],[140.112329,36.328874],[140.112288,36.328817],[140.112256,36.328744],[140.112219,36.32851],[140.112072,36.328472],[140.112033,36.328449],[140.112013,36.328426],[140.111974,36.328364],[140.111961,36.328328],[140.111936,36.32806]]}},{"type":"Feature","properties":{"id":199062348,"highway":"unclassified"},"geometry":{"type":"LineString","coordinates":[[140.154296,36.392647],[140.154329,36.392689],[140.154342,36.392747],[140.154354,36.392861],[140.154339,36.393009],[140.154314,36.393119],[140.154288,36.393194],[140.154236,36.393284],[140.154129,36.393367],[140.154016,36.393431],[140.153901,36.393477],[140.153772,36.393516],[140.153218,36.393643],[140.152462,36.393791]]}},{"type":"Feature","properties":{"id":199062350,"highway":"unclassified"},"geometry":{"type":"LineString","coordinates":[[140.146572,36.387869],[140.146467,36.387887],[140.146364,36.387899],[140.145276,36.388085],[140.144652,36.388191],[140.143777,36.388324],[140.143609,36.388362],[140.143155,36.388594],[140.143073,36.388615],[140.142175,36.388608],[140.141885,36.388614],[140.14162,36.388579],[140.140915,36.388444],[140.140707,36.388434],[140.13934,36.388575],[140.139277,36.388588],[140.139071,36.3887],[140.13885,36.388739],[140.138727,36.388752],[140.138595,36.38875],[140.138412,36.388737],[140.138278,36.38871],[140.138047,36.388658],[140.137948,36.388626],[140.137776,36.388542],[140.137684,36.388483],[140.137474,36.38839],[140.137231,36.388314],[140.137115,36.388288],[140.136561,36.387992],[140.135536,36.387423],[140.135285,36.387284],[140.135172,36.387243],[140.134997,36.387205],[140.134828,36.38719],[140.134654,36.387208],[140.134266,36.38724],[140.134085,36.387225],[140.1339,36.387197],[140.133802,36.387158],[140.133702,36.387091],[140.133652,36.387022],[140.133563,36.386931],[140.133468,36.386861],[140.133292,36.386777],[140.133119,36.386673],[140.132992,36.386583],[140.132642,36.386586],[140.132551,36.386596]]}},{"type":"Feature","properties":{"id":199062354,"highway":"unclassified"},"geometry":{"type":"LineString","coordinates":[[140.115449,36.373677],[140.115134,36.37374],[140.115201,36.374288],[140.115194,36.374321],[140.11512,36.374347],[140.113302,36.374564],[140.113156,36.374587],[140.113005,36.374673],[140.112958,36.374696]]}},{"type":"Feature","properties":{"id":199062356,"highway":"unclassified"},"geometry":{"type":"LineString","coordinates":[[140.108292,36.318575],[140.108393,36.318583],[140.108447,36.318577],[140.10849,36.318568],[140.108565,36.318505],[140.109029,36.317939],[140.109183,36.317729],[140.109229,36.317699],[140.109302,36.317643],[140.109699,36.317475],[140.109812,36.317407],[140.10997,36.317293],[140.110086,36.317232],[140.110454,36.31708],[140.111017,36.316877]]}},{"type":"Feature","properties":{"id":199062357,"highway":"unclassified"},"geometry":{"type":"LineString","coordinates":[[140.156939,36.325243],[140.157537,36.325758],[140.157645,36.325861],[140.157749,36.325922],[140.157895,36.325967],[140.158032,36.325972],[140.159114,36.325972],[140.159268,36.326003],[140.159471,36.326082]]}},{"type":"Feature","properties":{"id":199062365,"highway":"unclassified"},"geometry":{"type":"LineString","coordinates":[[140.15312,36.333936],[140.153582,36.333808],[140.153804,36.333724],[140.15419,36.333531],[140.154655,36.333327],[140.154897,36.333228],[140.155325,36.333144]]}},{"type":"Feature","properties":{"id":199062368,"highway":"unclassified"},"geometry":{"type":"LineString","coordinates":[[140.160468,36.371814],[140.160331,36.371739],[140.160178,36.371593],[140.160115,36.37149],[140.159969,36.371186],[140.159892,36.371118],[140.159504,36.370923],[140.159318,36.370932],[140.158585,36.370934]]}},{"type":"Feature","properties":{"id":199062370,"highway":"unclassified"},"geometry":{"type":"LineString","coordinates":[[140.17003,36.327593],[140.170064,36.32737],[140.170073,36.327167],[140.170052,36.326979],[140.170037,36.326857],[140.170087,36.326672],[140.17015,36.326533],[140.170313,36.326268],[140.170685,36.325637],[140.170735,36.325525],[140.17076,36.325339]]}},{"type":"Feature","properties":{"id":199062376,"highway":"unclassified"},"geometry":{"type":"LineString","coordinates":[[140.142926,36.371719],[140.142851,36.371697],[140.141177,36.371205],[140.140926,36.371102],[140.140598,36.370896],[140.140143,36.370547],[140.139871,36.370332],[140.139833,36.370259],[140.139827,36.370145],[140.140076,36.369486],[140.140286,36.368892],[140.140419,36.368411],[140.14043,36.368319],[140.140432,36.368201],[140.140419,36.368063],[140.140385,36.367946],[140.140326,36.367866],[140.140146,36.367762],[140.139684,36.367435],[140.13881,36.36686],[140.138201,36.36646],[140.137951,36.366314],[140.137857,36.366273],[140.13777,36.366245],[140.137682,36.366225],[140.137087,36.366141],[140.136859,36.366106],[140.136727,36.366079],[140.136615,36.366053],[140.136515,36.366017],[140.136249,36.365917],[140.136169,36.365862],[140.136121,36.365818],[140.136067,36.365766],[140.135931,36.365579],[140.135618,36.365182],[140.135348,36.364838],[140.13529,36.364746],[140.135261,36.364677],[140.135245,36.36461],[140.135235,36.364534],[140.135225,36.364114],[140.13521,36.363801],[140.135212,36.363777],[140.135204,36.363457],[140.135176,36.362761],[140.135167,36.362532],[140.135151,36.362451],[140.135123,36.362349],[140.134731,36.361574],[140.134616,36.361323],[140.134527,36.361041]]}},{"type":"Feature","properties":{"id":199062379,"highway":"unclassified"},"geometry":{"type":"LineString","coordinates":[[140.177927,36.383925],[140.177932,36.384022],[140.177952,36.384116],[140.177963,36.384206],[140.177954,36.384268],[140.177992,36.384376],[140.178043,36.384464],[140.178104,36.384536],[140.178135,36.38458],[140.178121,36.38463],[140.177875,36.38514]]}},{"type":"Feature","properties":{"id":199062384,"highway":"residential"},"geometry":{"type":"LineString","coordinates":[[140.107122,36.312187],[140.107187,36.312145],[140.107324,36.312064],[140.107448,36.311992],[140.10754,36.311946],[140.107665,36.311884],[140.10777,36.311856],[140.107888,36.311844],[140.108202,36.311864]]}},{"type":"Feature","properties":{"id":199062385,"highway":"unclassified"},"geometry":{"type":"LineString","coordinates":[[140.156276,36.360299],[140.1562,36.360266],[140.156079,36.360217],[140.155962,36.360152],[140.155832,36.360067],[140.155754,36.360021],[140.15566,36.359985],[140.155545,36.359954],[140.155444,36.359921],[140.155352,36.359886],[140.155225,36.359835],[140.155137,36.359777],[140.155066,36.359741],[140.154982,36.359721],[140.154853,36.359695],[140.154571,36.359663],[140.154428,36.359645],[140.154338,36.359622],[140.153971,36.359518],[140.153757,36.359451],[140.153545,36.359358],[140.153473,36.359339],[140.153304,36.359301],[140.153273,36.359293],[140.153239,36.359298],[140.153218,36.359305],[140.153208,36.359321],[140.153204,36.359341],[140.153201,36.359361],[140.153187,36.359394],[140.153152,36.359422],[140.153106,36.359444],[140.153065,36.359444],[140.153007,36.35944],[140.152863,36.359418],[140.152806,36.359406],[140.152725,36.359395],[140.152638,36.359381],[140.152589,36.359367],[140.15251,36.359336]]}},{"type":"Feature","properties":{"id":199062394,"highway":"unclassified"},"geometry":{"type":"LineString","coordinates":[[140.106819,36.37976],[140.106905,36.379602],[140.106895,36.379448],[140.106905,36.379404],[140.106981,36.379254],[140.107013,36.379121],[140.107028,36.378524],[140.107044,36.377791],[140.107059,36.377595],[140.107078,36.377515],[140.107111,36.377462],[140.107265,36.37731],[140.107324,36.377254]]}},{"type":"Feature","properties":{"id":199062397,"highway":"service"},"geometry":{"type":"LineString","coordinates":[[140.105551,36.351422],[140.10562,36.351501],[140.105765,36.351841],[140.105798,36.351936],[140.105807,36.351993],[140.105752,36.352132],[140.105697,36.352229],[140.105629,36.352303],[140.10555,36.352463],[140.105398,36.352497],[140.105183,36.352518],[140.105111,36.352528],[140.105078,36.352558],[140.105059,36.352603],[140.105052,36.352666],[140.105066,36.352717],[140.105101,36.352787],[140.105154,36.352841],[140.105196,36.352902],[140.105189,36.352945],[140.105148,36.35298],[140.104511,36.353355],[140.104385,36.353413],[140.104159,36.353502]]}},{"type":"Feature","properties":{"id":199062398,"highway":"unclassified"},"geometry":{"type":"LineString","coordinates":[[140.141849,36.362678],[140.141901,36.362653],[140.142023,36.362572],[140.142102,36.362526],[140.142523,36.362369],[140.142627,36.362334],[140.142927,36.362282],[140.14302,36.362262],[140.14306,36.362233],[140.143236,36.362082],[140.143381,36.362001],[140.143532,36.361924],[140.143595,36.361888],[140.143629,36.36182],[140.143657,36.361779],[140.143704,36.361741],[140.143769,36.361719],[140.14414,36.361636],[140.144236,36.361627],[140.144319,36.36162]]}},{"type":"Feature","properties":{"id":199062399,"highway":"residential"},"geometry":{"type":"LineString","coordinates":[[140.108703,36.327073],[140.108797,36.327225],[140.109022,36.327343],[140.109162,36.327384],[140.109208,36.327491],[140.109301,36.327547],[140.109431,36.327568],[140.109761,36.327609]]}},{"type":"Feature","properties":{"id":199062400,"highway":"unclassified"},"geometry":{"type":"LineString","coordinates":[[140.170823,36.390399],[140.170805,36.390354],[140.170811,36.390197],[140.170794,36.390153],[140.170706,36.390085],[140.170674,36.39007],[140.170643,36.390049],[140.17063,36.390025],[140.170588,36.389856],[140.170557,36.389772],[140.170554,36.389724],[140.170558,36.389693],[140.170576,36.389655],[140.170575,36.38962],[140.170553,36.389598],[140.170522,36.389587],[140.170496,36.389588],[140.170459,36.389602],[140.170434,36.389629],[140.17041,36.389675],[140.170388,36.389698],[140.170362,36.389712],[140.170336,36.38971],[140.17023,36.389665],[140.170001,36.389584]]}},{"type":"Feature","properties":{"id":199062403,"highway":"unclassified"},"geometry":{"type":"LineString","coordinates":[[140.104102,36.346948],[140.104174,36.346943],[140.104324,36.346882],[140.104537,36.346776],[140.104654,36.346681],[140.104801,36.346531],[140.105011,36.346293],[140.105143,36.346094],[140.105228,36.34589],[140.105286,36.345682],[140.105297,36.345513],[140.105278,36.345405],[140.105272,36.345325],[140.105077,36.344301],[140.105033,36.344234]]}},{"type":"Feature","properties":{"id":199062405,"highway":"unclassified"},"geometry":{"type":"LineString","coordinates":[[140.139557,36.362389],[140.140136,36.362326],[140.141584,36.36241],[140.141724,36.362408],[140.141759,36.362483],[140.141849,36.362678],[140.141928,36.362874],[140.14193,36.362972]]}},{"type":"Feature","properties":{"id":199062413,"highway":"residential"},"geometry":{"type":"LineString","coordinates":[[140.142879,36.378531],[140.142826,36.378598],[140.142764,36.378677],[140.142692,36.378735],[140.142634,36.378749],[140.142355,36.37874],[140.142171,36.378735],[140.142018,36.378715],[140.14192,36.378687],[140.141825,36.378656],[140.141669,36.378575],[140.141628,36.378545],[140.141584,36.378492]]}},{"type":"Feature","properties":{"id":199062422,"highway":"unclassified"},"geometry":{"type":"LineString","coordinates":[[140.106665,36.324098],[140.105884,36.324308],[140.105258,36.324486],[140.105066,36.32454]]}},{"type":"Feature","properties":{"id":199062430,"highway":"tertiary"},"geometry":{"type":"LineString","coordinates":[[140.175556,36.33777],[140.174878,36.337514],[140.173819,36.337363],[140.173711,36.337325],[140.173213,36.337087],[140.173072,36.337018],[140.173025,36.336967],[140.172986,36.336872],[140.172987,36.336799],[140.173019,36.336723],[140.173297,36.336483],[140.173344,36.336417],[140.173344,36.336339],[140.17329,36.33627],[140.172998,36.336045],[140.172905,36.336003]]}},{"type":"Feature","properties":{"id":199062435,"highway":"unclassified"},"geometry":{"type":"LineString","coordinates":[[140.135137,36.350885],[140.135123,36.351091],[140.135118,36.351212],[140.135131,36.351298],[140.135174,36.35141],[140.135266,36.351633],[140.135297,36.351759],[140.135307,36.351907],[140.135342,36.352219],[140.135348,36.352519],[140.135326,36.352766],[140.135297,36.353316],[140.135256,36.353861],[140.135229,36.353935],[140.135183,36.353988]]}},{"type":"Feature","properties":{"id":199062440,"highway":"unclassified"},"geometry":{"type":"LineString","coordinates":[[140.129858,36.352818],[140.129885,36.353091],[140.129885,36.353316],[140.12999,36.353677],[140.129983,36.353902],[140.129934,36.354139],[140.12992,36.354291],[140.129941,36.354449],[140.130004,36.354691],[140.130043,36.354969]]}},{"type":"Feature","properties":{"id":199062444,"highway":"residential"},"geometry":{"type":"LineString","coordinates":[[140.17076,36.325339],[140.170916,36.325377],[140.17129,36.325479],[140.171466,36.325551],[140.171562,36.325615],[140.171613,36.325717],[140.171626,36.325803],[140.17159,36.325966],[140.171601,36.326083],[140.171686,36.326207],[140.171811,36.326331],[140.172016,36.326495]]}},{"type":"Feature","properties":{"id":199062445,"highway":"unclassified"},"geometry":{"type":"LineString","coordinates":[[140.140709,36.366828],[140.140776,36.366872],[140.140926,36.366981],[140.141025,36.367031],[140.141192,36.367094],[140.14148,36.367183],[140.141687,36.367252],[140.141776,36.367276],[140.141867,36.367292],[140.141958,36.367277],[140.142001,36.367277],[140.142068,36.367312],[140.142164,36.367398],[140.142233,36.367448],[140.142291,36.367463],[140.142356,36.367449],[140.142627,36.367322],[140.142685,36.367287]]}},{"type":"Feature","properties":{"id":199062448,"highway":"residential"},"geometry":{"type":"LineString","coordinates":[[140.139071,36.3887],[140.139101,36.388804],[140.139212,36.388977],[140.139262,36.389036],[140.13941,36.389147],[140.139484,36.389267],[140.139535,36.389399],[140.139555,36.389501],[140.139553,36.389668],[140.139568,36.389731],[140.139623,36.389832],[140.139736,36.389952],[140.139954,36.390151],[140.140206,36.390312]]}},{"type":"Feature","properties":{"id":199062451,"highway":"residential"},"geometry":{"type":"LineString","coordinates":[[140.098962,36.345669],[140.09898,36.345573],[140.099064,36.34545],[140.099197,36.345292],[140.099705,36.344971],[140.100102,36.344656],[140.100384,36.344456],[140.100504,36.344382],[140.100725,36.344285],[140.100946,36.344209],[140.101237,36.344098],[140.101373,36.344053],[140.101471,36.343994]]}},{"type":"Feature","properties":{"id":199062454,"highway":"unclassified"},"geometry":{"type":"LineString","coordinates":[[140.11915,36.36814],[140.119223,36.368138],[140.119864,36.368076],[140.119982,36.368048],[140.120177,36.367964],[140.120421,36.367879],[140.120657,36.367834],[140.121006,36.367834],[140.121117,36.367851],[140.121166,36.367869]]}},{"type":"Feature","properties":{"id":199062475,"highway":"service"},"geometry":{"type":"LineString","coordinates":[[140.107647,36.359196],[140.10856,36.359088],[140.109359,36.358991],[140.109546,36.358975],[140.109783,36.358973]]}},{"type":"Feature","properties":{"id":199062483,"highway":"unclassified"},"geometry":{"type":"LineString","coordinates":[[140.15793,36.37237],[140.157685,36.37239],[140.157486,36.372384],[140.157307,36.372372],[140.15714,36.372347],[140.15701,36.372316],[140.156733,36.372252],[140.156645,36.372247],[140.15656,36.372251],[140.156388,36.372277],[140.15601,36.372271],[140.155695,36.372252],[140.155452,36.372229],[140.155269,36.372221],[140.154881,36.372168],[140.154492,36.372153],[140.154345,36.372143],[140.154221,36.372134],[140.153938,36.372102],[140.15383,36.372076],[140.153691,36.372033],[140.153496,36.371964],[140.153427,36.371949],[140.153298,36.371917],[140.15292,36.371856],[140.152746,36.371842],[140.152569,36.371836],[140.15227,36.371838],[140.152067,36.371837],[140.151777,36.371814]]}},{"type":"Feature","properties":{"id":199062484,"highway":"unclassified"},"geometry":{"type":"LineString","coordinates":[[140.152493,36.342733],[140.152506,36.342861],[140.15264,36.34301],[140.152698,36.343439],[140.152641,36.343657],[140.152495,36.343953],[140.152483,36.344109],[140.152474,36.344241],[140.15241,36.344372],[140.152152,36.344376],[140.151881,36.344382]]}},{"type":"Feature","properties":{"id":199062500,"highway":"unclassified"},"geometry":{"type":"LineString","coordinates":[[140.107962,36.319152],[140.107874,36.319139],[140.107725,36.319136],[140.107255,36.31918],[140.106838,36.31926],[140.106714,36.319281],[140.106616,36.319283],[140.106477,36.319259],[140.105984,36.319121],[140.105901,36.319105],[140.10583,36.319101],[140.105443,36.31921],[140.105378,36.319226]]}},{"type":"Feature","properties":{"id":199062505,"highway":"residential"},"geometry":{"type":"LineString","coordinates":[[140.127839,36.352978],[140.127924,36.352845],[140.127967,36.352781],[140.128019,36.352725],[140.128318,36.352426],[140.12843,36.352279],[140.12852,36.352037],[140.128611,36.351349],[140.128583,36.351197],[140.128541,36.351012]]}},{"type":"Feature","properties":{"id":199062517,"highway":"unclassified"},"geometry":{"type":"LineString","coordinates":[[140.126855,36.361212],[140.126882,36.361155],[140.126899,36.361074],[140.126918,36.36091],[140.126778,36.360507],[140.126706,36.360222],[140.126777,36.35989]]}},{"type":"Feature","properties":{"id":199062523,"highway":"residential"},"geometry":{"type":"LineString","coordinates":[[140.146999,36.367118],[140.147014,36.367153],[140.147053,36.367186],[140.147152,36.36724],[140.147222,36.367287],[140.14728,36.367331],[140.147653,36.36763]]}},{"type":"Feature","properties":{"id":199062527,"highway":"residential"},"geometry":{"type":"LineString","coordinates":[[140.110291,36.307206],[140.110635,36.307004],[140.110868,36.30685],[140.11095,36.306847],[140.111166,36.30687],[140.111299,36.306887],[140.111389,36.306887],[140.111466,36.306825],[140.111604,36.306649],[140.111801,36.306612],[140.112008,36.306649],[140.112195,36.306713]]}},{"type":"Feature","properties":{"id":199062531,"highway":"unclassified"},"geometry":{"type":"LineString","coordinates":[[140.158574,36.382117],[140.157998,36.382069],[140.157722,36.382065],[140.15726,36.382072],[140.157144,36.382061],[140.15705,36.382033],[140.156933,36.381981],[140.156895,36.38195],[140.156828,36.381828],[140.156774,36.381732],[140.156743,36.381689],[140.156672,36.38162],[140.15617,36.381211],[140.155278,36.380222],[140.155206,36.380133],[140.155136,36.38003],[140.155006,36.379794],[140.154932,36.379668],[140.154909,36.37956],[140.154836,36.379342],[140.154834,36.379289]]}},{"type":"Feature","properties":{"id":199062534,"highway":"residential"},"geometry":{"type":"LineString","coordinates":[[140.106328,36.316299],[140.106404,36.31629],[140.107595,36.3161],[140.10775,36.316075],[140.109433,36.31569],[140.109652,36.315606],[140.10994,36.31547],[140.110475,36.315367],[140.110589,36.315356]]}},{"type":"Feature","properties":{"id":199062537,"highway":"tertiary"},"geometry":{"type":"LineString","coordinates":[[140.102127,36.377742],[140.102084,36.377614],[140.101991,36.377406],[140.101774,36.37691],[140.101701,36.376742],[140.101636,36.37666],[140.101545,36.376598],[140.101008,36.376428],[140.10071,36.376356],[140.100484,36.376337],[140.100236,36.376347],[140.099998,36.376404],[140.099764,36.376474],[140.099589,36.376545]]}},{"type":"Feature","properties":{"id":199062542,"highway":"unclassified"},"geometry":{"type":"LineString","coordinates":[[140.110249,36.312574],[140.109868,36.312833],[140.109601,36.312904],[140.109326,36.312946],[140.108373,36.313236],[140.107158,36.313482],[140.10702,36.313493],[140.106963,36.313505],[140.106905,36.313528]]}},{"type":"Feature","properties":{"id":199062547,"highway":"service"},"geometry":{"type":"LineString","coordinates":[[140.1113,36.318249],[140.111592,36.318313],[140.111854,36.318289],[140.112222,36.318262],[140.112922,36.31815],[140.113322,36.31814],[140.113549,36.318086],[140.114147,36.317962]]}},{"type":"Feature","properties":{"id":199062556,"highway":"unclassified"},"geometry":{"type":"LineString","coordinates":[[140.150295,36.390513],[140.15034,36.39059],[140.150383,36.390685],[140.150391,36.390788],[140.150374,36.390904],[140.15037,36.39099],[140.150371,36.391068],[140.15039,36.391133],[140.150413,36.391186],[140.150449,36.391223],[140.150621,36.391316],[140.150721,36.39136],[140.150798,36.391416],[140.150879,36.391526],[140.150948,36.391608],[140.151078,36.39178],[140.151118,36.391836],[140.151165,36.39188],[140.151212,36.391913],[140.151268,36.391939],[140.151479,36.392012],[140.151695,36.392101],[140.151782,36.392146],[140.152128,36.392359],[140.152234,36.392425],[140.152314,36.392456],[140.152581,36.39252],[140.152797,36.392569],[140.152964,36.392603],[140.153064,36.392623],[140.153134,36.392621],[140.15319,36.392586],[140.153246,36.392537],[140.153304,36.392455],[140.153384,36.392307],[140.153452,36.392197],[140.153505,36.392122],[140.153568,36.392079],[140.15361,36.392058],[140.15369,36.392047],[140.153791,36.392045],[140.153877,36.392054],[140.153988,36.392077],[140.15405,36.392103],[140.15408,36.392125],[140.154095,36.39216],[140.154115,36.392337],[140.154135,36.392494],[140.154152,36.392548],[140.154199,36.392596],[140.154296,36.392647]]}},{"type":"Feature","properties":{"id":199062558,"highway":"unclassified"},"geometry":{"type":"LineString","coordinates":[[140.126734,36.361476],[140.126514,36.361908],[140.12634,36.362476],[140.12634,36.362922],[140.126375,36.363029],[140.126458,36.363147],[140.126639,36.363333],[140.126786,36.363479],[140.12696,36.363682],[140.127246,36.364088],[140.127339,36.364333]]}},{"type":"Feature","properties":{"id":199062567,"highway":"unclassified"},"geometry":{"type":"LineString","coordinates":[[140.151622,36.348374],[140.151766,36.348404],[140.151898,36.348443],[140.152309,36.348527],[140.152631,36.348517],[140.152862,36.348499],[140.153245,36.348492],[140.15389,36.348483],[140.154295,36.348527],[140.154717,36.348603],[140.154909,36.348586],[140.154949,36.348618]]}},{"type":"Feature","properties":{"id":199062571,"highway":"unclassified"},"geometry":{"type":"LineString","coordinates":[[140.106597,36.32161],[140.106873,36.321602],[140.107398,36.321546],[140.108497,36.321415],[140.11121,36.321178]]}},{"type":"Feature","properties":{"id":199062578,"highway":"unclassified"},"geometry":{"type":"LineString","coordinates":[[140.098588,36.359573],[140.100789,36.359722],[140.101171,36.359784],[140.101185,36.359787],[140.101966,36.359932]]}},{"type":"Feature","properties":{"id":199062590,"highway":"unclassified"},"geometry":{"type":"LineString","coordinates":[[140.157722,36.374172],[140.157934,36.373945],[140.157998,36.373886],[140.15805,36.373853],[140.158161,36.373809],[140.158246,36.373793],[140.158321,36.373759],[140.158425,36.373664],[140.158544,36.373481],[140.1586,36.373412],[140.158675,36.373334],[140.158765,36.373265],[140.159013,36.37309],[140.159186,36.37296],[140.15935,36.372808],[140.1601,36.372119],[140.160393,36.37188],[140.160468,36.371814],[140.160517,36.371778],[140.160577,36.371757],[140.160711,36.371744],[140.160969,36.371717],[140.161105,36.371713],[140.161314,36.371727],[140.16178,36.37177],[140.161937,36.371805],[140.16208,36.371846],[140.162163,36.37186],[140.162296,36.371851],[140.162416,36.371828],[140.162517,36.371786],[140.162582,36.371747],[140.162933,36.371504],[140.163121,36.371354],[140.163404,36.371086],[140.163613,36.370912],[140.163867,36.370679],[140.163956,36.370608],[140.164036,36.370561],[140.164092,36.370532],[140.164235,36.370477],[140.164796,36.370282],[140.164887,36.370235],[140.164957,36.370192],[140.165009,36.370137],[140.165335,36.36978],[140.165403,36.36972],[140.165467,36.369679],[140.165542,36.369652],[140.165615,36.369638],[140.165701,36.369627],[140.165816,36.369627],[140.166375,36.369651],[140.166467,36.369591],[140.166596,36.369467],[140.166648,36.369336],[140.166694,36.369254],[140.166762,36.369138],[140.166783,36.369035],[140.166774,36.36851],[140.166797,36.368342],[140.166843,36.368214],[140.166953,36.368059],[140.16706,36.367957],[140.167201,36.367861],[140.167376,36.367796],[140.16763,36.367767],[140.167854,36.367765],[140.167997,36.367811],[140.168083,36.367904],[140.168171,36.368056],[140.168248,36.368128],[140.168401,36.368207],[140.168618,36.368277],[140.168771,36.368279],[140.168944,36.368238],[140.169065,36.36816],[140.169162,36.368024],[140.1692,36.36789],[140.169064,36.367391],[140.169062,36.367327],[140.169124,36.367166],[140.169185,36.367075],[140.169326,36.366973],[140.169491,36.366854],[140.169661,36.366705],[140.169738,36.36667],[140.169892,36.3666],[140.169969,36.366546],[140.170062,36.366455],[140.170141,36.366403],[140.170314,36.36633],[140.170447,36.366234],[140.170583,36.366086],[140.170678,36.36597],[140.170785,36.365888],[140.170902,36.365833],[140.171046,36.365776],[140.171145,36.365719],[140.171273,36.365585],[140.171399,36.365493],[140.171529,36.36541],[140.171743,36.365344],[140.171926,36.365325]]}},{"type":"Feature","properties":{"id":199062602,"highway":"unclassified"},"geometry":{"type":"LineString","coordinates":[[140.108908,36.368179],[140.109981,36.368294],[140.110126,36.368294],[140.110301,36.368205],[140.110419,36.36816],[140.11055,36.368139],[140.110767,36.368177],[140.111346,36.368267],[140.11171,36.368442],[140.112039,36.368607],[140.112536,36.368696],[140.113062,36.368794],[140.113218,36.368785]]}},{"type":"Feature","properties":{"id":199062603,"highway":"unclassified"},"geometry":{"type":"LineString","coordinates":[[140.138201,36.36646],[140.13788,36.366738],[140.137771,36.366824],[140.137655,36.36689],[140.137563,36.366928],[140.137495,36.366946],[140.137349,36.366957],[140.137291,36.366968],[140.137258,36.366999],[140.137239,36.367063],[140.137168,36.367319],[140.137132,36.367404],[140.137067,36.367535],[140.13703,36.367624],[140.13702,36.367781],[140.137042,36.367816]]}},{"type":"Feature","properties":{"id":199062604,"highway":"residential"},"geometry":{"type":"LineString","coordinates":[[140.119693,36.331427],[140.119818,36.331526],[140.119939,36.331547],[140.120059,36.331579],[140.120243,36.331641],[140.120489,36.331715],[140.120639,36.331781],[140.120754,36.33185],[140.120839,36.331908],[140.120863,36.331935],[140.120878,36.331957],[140.120887,36.332052],[140.120883,36.332107],[140.120865,36.33214],[140.120832,36.332165],[140.120718,36.332203],[140.120635,36.332209],[140.120543,36.33221],[140.120428,36.332208],[140.120238,36.332175],[140.119986,36.332126],[140.119575,36.332034],[140.119261,36.331975],[140.119076,36.33194],[140.118909,36.331905],[140.118635,36.331826],[140.118591,36.331803],[140.118564,36.331775],[140.118551,36.331743],[140.118545,36.331695],[140.118566,36.331599],[140.118562,36.331539]]}},{"type":"Feature","properties":{"id":199062621,"highway":"residential"},"geometry":{"type":"LineString","coordinates":[[140.120324,36.350002],[140.120442,36.35003],[140.120735,36.350013],[140.120798,36.350025],[140.120881,36.35011],[140.121034,36.35051],[140.121111,36.350674],[140.121236,36.350871],[140.12132,36.350973],[140.121543,36.351175],[140.12171,36.351324]]}},{"type":"Feature","properties":{"id":199062642,"highway":"unclassified"},"geometry":{"type":"LineString","coordinates":[[140.131975,36.351158],[140.131445,36.350633],[140.131118,36.350352],[140.130833,36.350143],[140.130693,36.350053],[140.130631,36.349986],[140.130603,36.349738],[140.130561,36.349653],[140.13022,36.349232],[140.130115,36.349068],[140.130008,36.348783]]}},{"type":"Feature","properties":{"id":199062645,"highway":"residential"},"geometry":{"type":"LineString","coordinates":[[140.145108,36.365873],[140.145177,36.365877],[140.145282,36.365885],[140.145491,36.365882],[140.145555,36.365887],[140.145633,36.365911],[140.145758,36.365961],[140.145829,36.365994],[140.14593,36.366053],[140.146068,36.366147],[140.146163,36.366208],[140.146295,36.366278],[140.146391,36.366329],[140.146455,36.366377],[140.146737,36.366628],[140.146787,36.366677],[140.146824,36.366724],[140.147016,36.367002],[140.147033,36.367028],[140.147038,36.367062],[140.147027,36.367086],[140.146999,36.367118],[140.146965,36.367138],[140.14691,36.367162]]}},{"type":"Feature","properties":{"id":199062646,"highway":"service"},"geometry":{"type":"LineString","coordinates":[[140.104343,36.35645],[140.103932,36.356763],[140.103855,36.356865],[140.103695,36.356989],[140.103496,36.35716],[140.102949,36.357326],[140.102319,36.3578],[140.102199,36.357861],[140.102017,36.357935],[140.101785,36.357989],[140.101679,36.357997],[140.101425,36.357998],[140.101102,36.358009]]}},{"type":"Feature","properties":{"id":199062648,"highway":"service"},"geometry":{"type":"LineString","coordinates":[[140.11088,36.303421],[140.110288,36.303433],[140.109861,36.303472],[140.109628,36.303444],[140.108948,36.303351],[140.108871,36.303343]]}},{"type":"Feature","properties":{"id":199062653,"highway":"service"},"geometry":{"type":"LineString","coordinates":[[140.107437,36.348115],[140.107402,36.348122],[140.107368,36.348118],[140.107222,36.348082],[140.107179,36.34808],[140.107139,36.348086],[140.106898,36.348242],[140.106879,36.348275],[140.106878,36.348317],[140.106899,36.348417],[140.106891,36.348461],[140.106872,36.348487],[140.106555,36.348651],[140.105663,36.349105],[140.105557,36.349153]]}},{"type":"Feature","properties":{"id":199062668,"highway":"unclassified"},"geometry":{"type":"LineString","coordinates":[[140.139729,36.378791],[140.139892,36.378642],[140.140156,36.378481],[140.140365,36.378304],[140.140475,36.378261],[140.140583,36.378242],[140.140697,36.378248],[140.140881,36.378287],[140.141038,36.378335],[140.141187,36.378389],[140.141389,36.378481],[140.141438,36.378521]]}},{"type":"Feature","properties":{"id":199062673,"highway":"unclassified"},"geometry":{"type":"LineString","coordinates":[[140.137753,36.348269],[140.137726,36.348409],[140.13767,36.348589],[140.137587,36.348764],[140.137461,36.348984],[140.137245,36.349283],[140.137095,36.349442],[140.136974,36.349581],[140.136841,36.349699],[140.136563,36.349897],[140.136227,36.350108]]}},{"type":"Feature","properties":{"id":199062674,"highway":"unclassified"},"geometry":{"type":"LineString","coordinates":[[140.126128,36.39249],[140.126051,36.392523],[140.125736,36.392641],[140.125642,36.392701],[140.125538,36.39279],[140.125415,36.392908],[140.125352,36.392979],[140.125278,36.393091],[140.125206,36.393223],[140.12518,36.393327],[140.125167,36.393432],[140.125173,36.393671],[140.125137,36.393803],[140.125078,36.394004],[140.124931,36.394264],[140.124731,36.394632],[140.124693,36.394746],[140.124706,36.394988],[140.124736,36.395158],[140.124671,36.395508],[140.124655,36.39572],[140.124663,36.395897],[140.12468,36.395953]]}},{"type":"Feature","properties":{"id":199062682,"highway":"unclassified"},"geometry":{"type":"LineString","coordinates":[[140.136208,36.350223],[140.136194,36.350359],[140.136194,36.350938],[140.136242,36.351215],[140.13634,36.351513],[140.136584,36.352098],[140.136905,36.352815],[140.136967,36.353017],[140.136996,36.353383],[140.136947,36.353767],[140.136943,36.354141]]}},{"type":"Feature","properties":{"id":199062685,"highway":"residential"},"geometry":{"type":"LineString","coordinates":[[140.120141,36.385197],[140.120347,36.385326],[140.120443,36.385337],[140.120524,36.385331],[140.120596,36.3853],[140.120828,36.385156],[140.121231,36.384875],[140.12132,36.384748],[140.121392,36.384632],[140.121382,36.384212]]}},{"type":"Feature","properties":{"id":199062691,"highway":"unclassified"},"geometry":{"type":"LineString","coordinates":[[140.172826,36.329911],[140.172726,36.33019],[140.172684,36.330329],[140.172642,36.3304],[140.172588,36.330473],[140.172542,36.330537],[140.172473,36.330588],[140.17225,36.330715],[140.171528,36.331127]]}},{"type":"Feature","properties":{"id":199062697,"highway":"residential"},"geometry":{"type":"LineString","coordinates":[[140.124063,36.385624],[140.123679,36.385789],[140.123533,36.385845],[140.123379,36.385918],[140.123224,36.385907],[140.122941,36.3859],[140.122837,36.385965],[140.122774,36.386142],[140.122763,36.3863],[140.122708,36.386442],[140.122708,36.386689],[140.122714,36.386939]]}},{"type":"Feature","properties":{"id":199062709,"highway":"service"},"geometry":{"type":"LineString","coordinates":[[140.121368,36.330847],[140.121464,36.330852],[140.121519,36.330858],[140.121566,36.33087],[140.121618,36.330895],[140.121653,36.330914],[140.121683,36.330933],[140.12176,36.330994],[140.121779,36.331003],[140.121802,36.331002],[140.121812,36.330988],[140.121822,36.330972],[140.121824,36.330911],[140.121822,36.330883],[140.121797,36.330858],[140.121751,36.330829],[140.121671,36.330789],[140.121645,36.330766],[140.121632,36.330726],[140.121634,36.330673],[140.121653,36.33059]]}},{"type":"Feature","properties":{"id":199062711,"highway":"service"},"geometry":{"type":"LineString","coordinates":[[140.113543,36.302026],[140.113665,36.301975],[140.113944,36.301917],[140.114226,36.301814],[140.114428,36.301787],[140.114505,36.301748],[140.114582,36.301667],[140.114464,36.301399],[140.114462,36.301294]]}},{"type":"Feature","properties":{"id":199062730,"highway":"unclassified"},"geometry":{"type":"LineString","coordinates":[[140.142115,36.353338],[140.142103,36.353482],[140.142066,36.353585],[140.141984,36.353704],[140.141771,36.354039],[140.141592,36.354317],[140.141551,36.354398],[140.141502,36.354498],[140.141547,36.354675],[140.141583,36.354753],[140.141509,36.354913],[140.1415,36.354933],[140.141183,36.355376]]}},{"type":"Feature","properties":{"id":199062733,"highway":"unclassified"},"geometry":{"type":"LineString","coordinates":[[140.184668,36.383365],[140.184674,36.383449],[140.184705,36.383544],[140.18482,36.383658],[140.184925,36.383727],[140.185142,36.383854],[140.185208,36.383895],[140.185342,36.384008],[140.185564,36.384189],[140.185763,36.38435],[140.186094,36.384585],[140.186228,36.384671],[140.18638,36.38476],[140.186549,36.384843],[140.186652,36.384903]]}},{"type":"Feature","properties":{"id":199062741,"highway":"unclassified"},"geometry":{"type":"LineString","coordinates":[[140.109941,36.376469],[140.109949,36.376395],[140.109943,36.376178],[140.109927,36.37607],[140.109899,36.375988],[140.109856,36.375891],[140.109652,36.375537],[140.109575,36.375393],[140.109551,36.375315],[140.109546,36.375232],[140.109564,36.375149],[140.109618,36.375027],[140.109669,36.374913],[140.10973,36.374786],[140.109762,36.374684],[140.109777,36.374579],[140.109808,36.373707]]}},{"type":"Feature","properties":{"id":199062743,"highway":"residential"},"geometry":{"type":"LineString","coordinates":[[140.145144,36.355852],[140.145141,36.355996],[140.145104,36.356093],[140.145067,36.356167],[140.145056,36.356184],[140.145032,36.356224],[140.144884,36.356256],[140.144539,36.356393],[140.144219,36.356529],[140.143905,36.356643],[140.143631,36.35665]]}},{"type":"Feature","properties":{"id":199062746,"highway":"residential"},"geometry":{"type":"LineString","coordinates":[[140.10413,36.353445],[140.103953,36.35351],[140.103836,36.353592],[140.103713,36.353724],[140.103519,36.353915],[140.103387,36.35403],[140.103216,36.354186],[140.103171,36.354226],[140.102661,36.354649],[140.102506,36.35478],[140.102465,36.354816],[140.102429,36.354847],[140.102331,36.354892],[140.101969,36.354987],[140.101902,36.355006]]}},{"type":"Feature","properties":{"id":199062755,"highway":"unclassified"},"geometry":{"type":"LineString","coordinates":[[140.154564,36.386452],[140.154264,36.386589],[140.15394,36.38676],[140.153713,36.386841],[140.153491,36.386897],[140.153243,36.386928],[140.152902,36.386954],[140.152766,36.386979],[140.152703,36.387013],[140.152621,36.387076],[140.152551,36.387112],[140.152485,36.387127],[140.152417,36.387119],[140.152323,36.387099],[140.152219,36.387061],[140.152156,36.38702],[140.15209,36.38696],[140.151947,36.386815]]}},{"type":"Feature","properties":{"id":199062758,"highway":"residential"},"geometry":{"type":"LineString","coordinates":[[140.136866,36.390312],[140.136832,36.389797],[140.136812,36.389233],[140.136842,36.389037],[140.136861,36.388995],[140.136989,36.388751],[140.137231,36.388314]]}},{"type":"Feature","properties":{"id":199062767,"highway":"residential"},"geometry":{"type":"LineString","coordinates":[[140.149584,36.368902],[140.149569,36.368984],[140.14953,36.369064],[140.149519,36.369117],[140.149556,36.369152],[140.149617,36.369209],[140.149672,36.369279],[140.149718,36.369362],[140.149753,36.369485],[140.14979,36.369629],[140.149839,36.369766],[140.149941,36.369959],[140.150005,36.370098],[140.150056,36.370215],[140.150111,36.370391],[140.150147,36.370468],[140.150197,36.370542],[140.150316,36.370679],[140.150366,36.370754],[140.150401,36.370846],[140.150419,36.371046],[140.150433,36.371186],[140.150473,36.371297],[140.150681,36.371831]]}},{"type":"Feature","properties":{"id":199062778,"highway":"unclassified"},"geometry":{"type":"LineString","coordinates":[[140.148935,36.38438],[140.148991,36.384453],[140.149704,36.385587],[140.150306,36.386505],[140.150415,36.386648],[140.150503,36.386725],[140.151003,36.387035],[140.151178,36.387167]]}},{"type":"Feature","properties":{"id":199062785,"highway":"residential"},"geometry":{"type":"LineString","coordinates":[[140.120459,36.356675],[140.120428,36.356527],[140.120399,36.356137],[140.120407,36.355791],[140.120479,36.355519],[140.120578,36.355365],[140.120679,36.355108],[140.120755,36.354837],[140.120776,36.354561],[140.12087,36.354365],[140.120973,36.354194],[140.121229,36.354212],[140.121332,36.3542]]}},{"type":"Feature","properties":{"id":199062790,"highway":"residential"},"geometry":{"type":"LineString","coordinates":[[140.1419,36.342682],[140.141307,36.342611],[140.14095,36.342529],[140.140537,36.342419],[140.139794,36.34243],[140.138643,36.342391],[140.137477,36.342343],[140.137348,36.34232],[140.137169,36.342265],[140.137109,36.342222],[140.137077,36.342164],[140.13701,36.341691],[140.136983,36.341609],[140.13695,36.341562]]}},{"type":"Feature","properties":{"id":199062797,"highway":"unclassified"},"geometry":{"type":"LineString","coordinates":[[140.107215,36.327536],[140.106379,36.327744],[140.106289,36.327749],[140.106003,36.327794],[140.105739,36.327794],[140.105507,36.327796],[140.105231,36.327659],[140.104372,36.327352],[140.104075,36.327281],[140.103903,36.327237],[140.103664,36.327199],[140.103581,36.327193]]}},{"type":"Feature","properties":{"id":199062798,"highway":"residential"},"geometry":{"type":"LineString","coordinates":[[140.139283,36.351564],[140.139266,36.351596],[140.139249,36.351721],[140.139278,36.351924],[140.139372,36.352142],[140.139586,36.352297],[140.139899,36.352487],[140.140255,36.352685],[140.140619,36.352775],[140.140885,36.352762],[140.14126,36.352767],[140.141508,36.352865],[140.141819,36.353098],[140.141991,36.353164],[140.142038,36.353158]]}},{"type":"Feature","properties":{"id":199062809,"highway":"residential"},"geometry":{"type":"LineString","coordinates":[[140.153691,36.372033],[140.153752,36.37144],[140.154049,36.371406],[140.154977,36.371325],[140.155317,36.371285],[140.155451,36.371249],[140.155571,36.371202],[140.15569,36.371142],[140.155941,36.371012],[140.156134,36.370901],[140.156471,36.370745],[140.156548,36.370737],[140.156657,36.370764],[140.157123,36.370858],[140.1574,36.370912],[140.157478,36.370896]]}},{"type":"Feature","properties":{"id":199062810,"highway":"unclassified"},"geometry":{"type":"LineString","coordinates":[[140.138734,36.364983],[140.138728,36.365062],[140.138705,36.365133],[140.138638,36.365235],[140.138595,36.365308],[140.138581,36.365354],[140.138591,36.365422],[140.138626,36.365487],[140.13874,36.365611],[140.138852,36.365722],[140.138989,36.365806],[140.139209,36.365922],[140.139332,36.366011],[140.139442,36.366103],[140.139481,36.366163],[140.139497,36.366234],[140.139515,36.366286],[140.139559,36.366333],[140.139728,36.366445],[140.140051,36.366653],[140.140099,36.366704]]}},{"type":"Feature","properties":{"id":199062829,"highway":"unclassified"},"geometry":{"type":"LineString","coordinates":[[140.104979,36.328505],[140.105237,36.328593],[140.105614,36.328707],[140.105736,36.328742],[140.106019,36.32873],[140.106112,36.328752],[140.106221,36.328787],[140.106405,36.328818],[140.106768,36.328792],[140.107189,36.328735],[140.107596,36.328662]]}},{"type":"Feature","properties":{"id":199062832,"highway":"residential"},"geometry":{"type":"LineString","coordinates":[[140.122714,36.386939],[140.123123,36.386898],[140.123409,36.38685],[140.123565,36.3868],[140.12361,36.386722],[140.123608,36.386596],[140.123623,36.386481],[140.123675,36.386429],[140.123794,36.386354],[140.124081,36.38628],[140.124212,36.386244],[140.124327,36.386222],[140.12446,36.386179]]}},{"type":"Feature","properties":{"id":199062838,"highway":"residential"},"geometry":{"type":"LineString","coordinates":[[140.137894,36.350792],[140.1379,36.350578],[140.137949,36.350269],[140.138004,36.350083],[140.138151,36.349745],[140.138248,36.349531],[140.138262,36.349463],[140.138262,36.349226],[140.138213,36.349057],[140.13806,36.348809],[140.137942,36.348646],[140.137851,36.348483],[140.137753,36.348269]]}},{"type":"Feature","properties":{"id":199062853,"highway":"unclassified"},"geometry":{"type":"LineString","coordinates":[[140.162225,36.386127],[140.162559,36.386018],[140.162634,36.385997],[140.162702,36.385976],[140.162787,36.38595],[140.162878,36.385936],[140.162995,36.38593],[140.163097,36.385932],[140.163191,36.385943],[140.163254,36.385959],[140.163289,36.38597],[140.163369,36.386002],[140.163476,36.386051],[140.16364,36.386137],[140.163763,36.386183],[140.163853,36.386226],[140.164072,36.386347],[140.164398,36.386511],[140.164748,36.386689],[140.164988,36.386817],[140.165102,36.386879],[140.165229,36.386928],[140.165407,36.386987],[140.165599,36.387036],[140.166028,36.387133]]}},{"type":"Feature","properties":{"id":199062859,"highway":"residential"},"geometry":{"type":"LineString","coordinates":[[140.140032,36.377716],[140.140017,36.377607],[140.139994,36.377456],[140.139951,36.377322],[140.139896,36.377116],[140.13987,36.376979],[140.139876,36.376715],[140.13989,36.376498],[140.139868,36.376227],[140.139881,36.376134],[140.139924,36.376017]]}},{"type":"Feature","properties":{"id":199062860,"highway":"unclassified"},"geometry":{"type":"LineString","coordinates":[[140.148609,36.332398],[140.148131,36.331965],[140.148091,36.331937],[140.147685,36.331578],[140.147527,36.331576],[140.147458,36.331572],[140.14739,36.331554],[140.147301,36.331487],[140.147249,36.33144],[140.14719,36.331367],[140.147151,36.331318],[140.147151,36.33127],[140.147219,36.331002],[140.147254,36.330918],[140.147289,36.330858],[140.147344,36.330807],[140.147456,36.330714],[140.147572,36.330632],[140.147633,36.330587],[140.147667,36.330544],[140.147695,36.330487],[140.14776,36.330308],[140.147796,36.330228],[140.147834,36.33017],[140.147899,36.330018],[140.147972,36.329795],[140.147976,36.329727],[140.147961,36.329658],[140.147922,36.32955],[140.147911,36.329454],[140.147909,36.329383],[140.147923,36.329322],[140.147942,36.329145],[140.147928,36.329095],[140.147906,36.329043],[140.14787,36.328997],[140.147832,36.328945],[140.147814,36.328893],[140.147814,36.328843],[140.147838,36.328791]]}},{"type":"Feature","properties":{"id":199062862,"highway":"residential"},"geometry":{"type":"LineString","coordinates":[[140.113321,36.361275],[140.11319,36.36106],[140.113063,36.360948],[140.11281,36.361034],[140.112705,36.361079],[140.11223,36.361424],[140.111982,36.361342],[140.111744,36.361294],[140.111556,36.361305],[140.111424,36.36133]]}},{"type":"Feature","properties":{"id":199062884,"highway":"unclassified"},"geometry":{"type":"LineString","coordinates":[[140.106095,36.322701],[140.106021,36.322721],[140.10545,36.322846],[140.104765,36.323],[140.104543,36.323038],[140.104412,36.323057],[140.10436,36.323051]]}},{"type":"Feature","properties":{"id":199062888,"highway":"residential"},"geometry":{"type":"LineString","coordinates":[[140.105114,36.313949],[140.10512,36.314098],[140.105141,36.31432],[140.105087,36.314488],[140.104946,36.315015],[140.10487,36.315049],[140.104674,36.315039],[140.104451,36.315012],[140.104106,36.315023],[140.103776,36.315029],[140.103228,36.315019],[140.102825,36.315054]]}},{"type":"Feature","properties":{"id":199062900,"highway":"residential"},"geometry":{"type":"LineString","coordinates":[[140.106284,36.375803],[140.106385,36.375564],[140.106385,36.375515],[140.106371,36.375495],[140.106337,36.37547],[140.106195,36.375424],[140.106133,36.375402],[140.106101,36.375368],[140.106072,36.375348],[140.105976,36.375319],[140.105853,36.375278],[140.10574,36.375227],[140.105628,36.375169],[140.105555,36.37511],[140.105126,36.375019]]}},{"type":"Feature","properties":{"id":199062903,"highway":"residential"},"geometry":{"type":"LineString","coordinates":[[140.113346,36.306202],[140.113519,36.306166],[140.113741,36.306103],[140.113917,36.306034],[140.114054,36.305929],[140.114247,36.305788],[140.114289,36.305754],[140.114449,36.30561],[140.114644,36.305573]]}},{"type":"Feature","properties":{"id":199062917,"highway":"unclassified"},"geometry":{"type":"LineString","coordinates":[[140.158693,36.387209],[140.158741,36.387223],[140.158783,36.387247],[140.158833,36.387341],[140.158888,36.38742],[140.158922,36.387472],[140.158949,36.387497],[140.159002,36.387511],[140.159033,36.387538],[140.159065,36.38758],[140.159098,36.387679],[140.15912,36.387857],[140.159122,36.387958],[140.159099,36.388049],[140.159083,36.388087],[140.159035,36.388137],[140.158951,36.388192],[140.158937,36.388233],[140.158945,36.388279],[140.15902,36.388563],[140.159031,36.388649],[140.159015,36.38899],[140.159025,36.38916],[140.159041,36.389219],[140.159047,36.389252],[140.159028,36.389282],[140.158996,36.38932],[140.158917,36.389387],[140.158852,36.389453],[140.15882,36.389524],[140.158805,36.389599],[140.158807,36.389662],[140.158827,36.389733],[140.158902,36.389989],[140.159009,36.390217],[140.159074,36.390313],[140.159102,36.390405]]}},{"type":"Feature","properties":{"id":199062919,"highway":"unclassified"},"geometry":{"type":"LineString","coordinates":[[140.126137,36.390293],[140.126125,36.390437],[140.126117,36.390482],[140.126096,36.390547],[140.126071,36.390634],[140.126037,36.390721],[140.125946,36.390898],[140.125917,36.390961],[140.125906,36.391023],[140.125915,36.391078],[140.12594,36.39114],[140.12598,36.391214],[140.126004,36.391284],[140.126002,36.391356],[140.125981,36.391434],[140.125931,36.391501],[140.125835,36.391609],[140.125803,36.391689],[140.125763,36.391799],[140.125763,36.391889],[140.125787,36.391991],[140.125844,36.392097],[140.125921,36.392187],[140.126014,36.39229],[140.126097,36.392383],[140.126121,36.392427],[140.126128,36.39249]]}},{"type":"Feature","properties":{"id":199062921,"highway":"residential"},"geometry":{"type":"LineString","coordinates":[[140.132813,36.375298],[140.132814,36.375342],[140.132824,36.375367],[140.13285,36.375387],[140.132882,36.375401],[140.132892,36.375427],[140.132882,36.375503],[140.132845,36.375639],[140.132839,36.375676],[140.132893,36.375697],[140.133173,36.375759],[140.133543,36.375844]]}},{"type":"Feature","properties":{"id":199062925,"highway":"unclassified"},"geometry":{"type":"LineString","coordinates":[[140.126858,36.397672],[140.126735,36.397647],[140.126648,36.397621],[140.126582,36.397587],[140.12655,36.397561],[140.126482,36.397509],[140.126442,36.397479],[140.1264,36.397468],[140.126339,36.397467],[140.126182,36.397469],[140.126057,36.397459],[140.126011,36.397462],[140.125987,36.397479],[140.125972,36.3975],[140.125947,36.397588],[140.125937,36.397661],[140.125944,36.397718],[140.12597,36.397776],[140.126076,36.397924],[140.126092,36.397972],[140.126086,36.39803],[140.126071,36.398075],[140.126037,36.398108],[140.125978,36.398134],[140.125911,36.398164],[140.125856,36.398202],[140.125816,36.398243],[140.125762,36.39831]]}},{"type":"Feature","properties":{"id":199062927,"highway":"service"},"geometry":{"type":"LineString","coordinates":[[140.101248,36.313877],[140.101175,36.313475],[140.101055,36.313468],[140.100937,36.313335],[140.100803,36.31315],[140.100762,36.312998],[140.100762,36.312722],[140.100845,36.312688],[140.10135,36.312685],[140.101453,36.312658],[140.101523,36.312607],[140.101507,36.312538],[140.101415,36.312016]]}},{"type":"Feature","properties":{"id":199062933,"highway":"unclassified"},"geometry":{"type":"LineString","coordinates":[[140.171469,36.331154],[140.171317,36.331229],[140.171106,36.331306],[140.17078,36.331392],[140.170449,36.331472],[140.169976,36.331553],[140.169623,36.331602],[140.169428,36.331616],[140.168937,36.331597],[140.168822,36.331618],[140.168697,36.331673]]}},{"type":"Feature","properties":{"id":199062934,"highway":"unclassified"},"geometry":{"type":"LineString","coordinates":[[140.119523,36.400272],[140.119505,36.400175],[140.119428,36.399939],[140.119551,36.399807],[140.119654,36.399761],[140.120176,36.399747],[140.120502,36.399659],[140.120759,36.399546],[140.120947,36.399507],[140.121163,36.399484],[140.121511,36.399473],[140.121706,36.399488],[140.121906,36.399448],[140.12236,36.399392],[140.122844,36.399434]]}},{"type":"Feature","properties":{"id":199062935,"highway":"unclassified"},"geometry":{"type":"LineString","coordinates":[[140.107473,36.324486],[140.107598,36.324413],[140.10773,36.324343],[140.107843,36.324285],[140.107924,36.324256],[140.108122,36.324221],[140.10838,36.324146],[140.108473,36.324143],[140.108887,36.324191],[140.109016,36.324193],[140.109088,36.324182],[140.109229,36.324147],[140.109318,36.324137],[140.109416,36.324128],[140.109516,36.32414],[140.109729,36.324178],[140.109824,36.324199],[140.110138,36.324235],[140.110332,36.324253],[140.110461,36.324257],[140.110612,36.324261],[140.110748,36.32426],[140.110813,36.324271],[140.111101,36.324375],[140.111237,36.324414],[140.111338,36.32443],[140.111534,36.324432],[140.111796,36.324418],[140.111918,36.324409],[140.11202,36.32438],[140.112553,36.32421]]}},{"type":"Feature","properties":{"id":199062936,"highway":"service"},"geometry":{"type":"LineString","coordinates":[[140.103607,36.32588],[140.103679,36.325881],[140.103739,36.325892],[140.104082,36.326042],[140.104578,36.326195],[140.104884,36.326317],[140.105298,36.326442]]}},{"type":"Feature","properties":{"id":199062943,"highway":"unclassified"},"geometry":{"type":"LineString","coordinates":[[140.132338,36.387142],[140.132415,36.387201],[140.132474,36.387392],[140.132536,36.387538],[140.132606,36.38765],[140.132695,36.387798],[140.132729,36.387879],[140.132787,36.388114],[140.132948,36.38848],[140.133109,36.388827],[140.133203,36.389055],[140.133223,36.389114],[140.133238,36.389196],[140.133245,36.389274],[140.133228,36.389635],[140.13321,36.389945],[140.133145,36.390239],[140.133118,36.390365],[140.13303,36.390442]]}},{"type":"Feature","properties":{"id":199062944,"highway":"unclassified"},"geometry":{"type":"LineString","coordinates":[[140.119609,36.31769],[140.120105,36.317843],[140.12082,36.318051],[140.121579,36.31823],[140.121852,36.318303],[140.121993,36.318355],[140.122155,36.31845],[140.122276,36.318541],[140.122337,36.318573],[140.122414,36.318606],[140.122656,36.318677],[140.12274,36.318692],[140.122873,36.318692],[140.122943,36.3187],[140.123025,36.318713],[140.123342,36.318828],[140.124,36.318788],[140.124099,36.318774]]}},{"type":"Feature","properties":{"id":199062946,"highway":"unclassified"},"geometry":{"type":"LineString","coordinates":[[140.159194,36.354774],[140.158702,36.354889],[140.158376,36.35494],[140.157862,36.355013],[140.157684,36.355031],[140.157466,36.355041],[140.156753,36.355047],[140.156225,36.355069],[140.156165,36.355062],[140.156149,36.355029],[140.156092,36.354748],[140.155701,36.354814],[140.15536,36.35482],[140.154879,36.354786],[140.154698,36.354777],[140.154531,36.354786],[140.153822,36.354914]]}},{"type":"Feature","properties":{"id":199062948,"highway":"unclassified"},"geometry":{"type":"LineString","coordinates":[[140.104343,36.35645],[140.104126,36.356164],[140.104031,36.356095],[140.103918,36.356033],[140.103279,36.355737],[140.103115,36.355658],[140.102995,36.355617],[140.102898,36.355598],[140.102845,36.355588],[140.10268,36.35558],[140.10239,36.355581],[140.10231,36.355575],[140.102249,36.355562],[140.102215,36.35554],[140.102177,36.355494],[140.101945,36.355076],[140.101927,36.355038],[140.101902,36.355006]]}},{"type":"Feature","properties":{"id":199062955,"highway":"unclassified"},"geometry":{"type":"LineString","coordinates":[[140.173667,36.377982],[140.173612,36.378016],[140.173598,36.378047],[140.173599,36.378088],[140.173615,36.378205],[140.173615,36.37829],[140.173603,36.378361],[140.173574,36.378451],[140.173544,36.378561],[140.173505,36.378652],[140.173447,36.378769],[140.173363,36.378913],[140.173311,36.378963],[140.173256,36.379043],[140.173072,36.379304],[140.173025,36.379402],[140.173002,36.379523],[140.172981,36.379595],[140.172944,36.37966],[140.172902,36.379706],[140.172844,36.379745],[140.172764,36.379792],[140.1727,36.379831]]}},{"type":"Feature","properties":{"id":199062960,"highway":"tertiary"},"geometry":{"type":"LineString","coordinates":[[140.136303,36.374436],[140.135856,36.374676],[140.135779,36.374741],[140.135719,36.374829],[140.135678,36.374904],[140.135586,36.375308],[140.135563,36.375505],[140.13554,36.376047],[140.135554,36.376163],[140.135602,36.376264],[140.135685,36.376344],[140.135818,36.376417],[140.136391,36.376589]]}},{"type":"Feature","properties":{"id":199062971,"highway":"unclassified"},"geometry":{"type":"LineString","coordinates":[[140.145872,36.360544],[140.145884,36.3605],[140.145904,36.360449],[140.145944,36.360378],[140.146005,36.360302],[140.146038,36.360267],[140.146092,36.360222],[140.146149,36.360191],[140.146211,36.360176],[140.146294,36.360162],[140.146852,36.360132],[140.146898,36.360126],[140.146956,36.36006],[140.146966,36.36]]}},{"type":"Feature","properties":{"id":199062975,"highway":"unclassified"},"geometry":{"type":"LineString","coordinates":[[140.111727,36.309954],[140.111841,36.310655],[140.111852,36.310705],[140.111878,36.310825],[140.111938,36.311039],[140.112014,36.311163],[140.112042,36.311236],[140.112063,36.311343],[140.112056,36.311591],[140.111993,36.311996],[140.111973,36.312036],[140.111911,36.312228],[140.111875,36.312289],[140.111795,36.312434]]}},{"type":"Feature","properties":{"id":199062976,"highway":"unclassified"},"geometry":{"type":"LineString","coordinates":[[140.188032,36.389176],[140.188047,36.38931],[140.188124,36.389445],[140.188173,36.38949],[140.188263,36.38953],[140.188625,36.389541],[140.188702,36.389575],[140.188758,36.389614],[140.188793,36.389699],[140.188848,36.38993],[140.188897,36.390037],[140.188994,36.390116],[140.189085,36.39015],[140.189166,36.390152],[140.189189,36.39015]]}},{"type":"Feature","properties":{"id":199062980,"highway":"residential"},"geometry":{"type":"LineString","coordinates":[[140.101248,36.313877],[140.100729,36.31395],[140.100695,36.313956],[140.100666,36.313956],[140.10059,36.313877],[140.100223,36.313257],[140.100189,36.313203],[140.10004,36.312941],[140.099808,36.312823],[140.099709,36.312498]]}},{"type":"Feature","properties":{"id":199062991,"highway":"unclassified"},"geometry":{"type":"LineString","coordinates":[[140.156196,36.332999],[140.156236,36.332993],[140.15655,36.332961],[140.156656,36.33294],[140.156753,36.332884],[140.156831,36.33281],[140.156959,36.332591],[140.157282,36.331979],[140.15733,36.331947],[140.157398,36.331943],[140.157567,36.331961],[140.157636,36.331944],[140.157767,36.331836],[140.157869,36.331808],[140.158273,36.331632],[140.158455,36.331581],[140.158627,36.331554],[140.158749,36.331522],[140.159044,36.331392],[140.159188,36.33132],[140.159293,36.331256],[140.159814,36.330846],[140.160035,36.330711],[140.160163,36.330659],[140.160255,36.330629],[140.160407,36.330593],[140.160522,36.330555],[140.161022,36.330285],[140.161515,36.330068],[140.16171,36.330016]]}},{"type":"Feature","properties":{"id":199062994,"highway":"unclassified"},"geometry":{"type":"LineString","coordinates":[[140.139396,36.345834],[140.139404,36.345773],[140.139467,36.345441],[140.139516,36.3453],[140.139551,36.345249],[140.139669,36.34517],[140.139746,36.345131],[140.140045,36.34504],[140.140152,36.34502],[140.140275,36.345],[140.140393,36.344984],[140.140769,36.344966],[140.14125,36.344955],[140.14195,36.345013]]}},{"type":"Feature","properties":{"id":199062998,"highway":"unclassified"},"geometry":{"type":"LineString","coordinates":[[140.163089,36.327119],[140.163165,36.327158],[140.163263,36.327277],[140.163318,36.327401],[140.163358,36.327478],[140.163423,36.32757],[140.163548,36.327694],[140.163673,36.327795],[140.163736,36.327885],[140.163749,36.327942],[140.163749,36.32806],[140.163729,36.328195],[140.163733,36.328532]]}},{"type":"Feature","properties":{"id":199063005,"highway":"service"},"geometry":{"type":"LineString","coordinates":[[140.111788,36.392438],[140.111726,36.392399],[140.111649,36.392343],[140.111454,36.392174],[140.111387,36.392112],[140.111325,36.392066],[140.111253,36.392027],[140.111171,36.391991],[140.111073,36.391961],[140.111004,36.391943],[140.110905,36.391924],[140.110753,36.391896],[140.110539,36.391878],[140.110395,36.391858],[140.110182,36.391822],[140.109987,36.391783],[140.10981,36.391744],[140.109677,36.391711],[140.109604,36.39169],[140.109532,36.391664],[140.109465,36.391628],[140.109393,36.391592],[140.109292,36.391559],[140.109169,36.391554],[140.109048,36.391587],[140.108945,36.391628],[140.108875,36.391639],[140.10877,36.391636],[140.108598,36.39161],[140.108503,36.391592],[140.108309,36.391548],[140.108188,36.391502],[140.108113,36.391463],[140.108064,36.391427],[140.108039,36.391373],[140.108029,36.391265],[140.108026,36.391095],[140.108036,36.390933],[140.108057,36.390866],[140.108093,36.390825],[140.108129,36.390799],[140.108175,36.390771],[140.10825,36.390746],[140.108376,36.390712],[140.108494,36.390681],[140.108592,36.390668],[140.108679,36.390673],[140.108775,36.390689],[140.108829,36.390699],[140.10888,36.390704],[140.108932,36.390699],[140.108986,36.390663],[140.109119,36.390524],[140.109309,36.390324],[140.109355,36.390283],[140.109393,36.390254],[140.109445,36.390221],[140.109509,36.390198],[140.109573,36.390185],[140.109625,36.390175],[140.109682,36.390159],[140.109738,36.390144],[140.109782,36.390121],[140.109831,36.390087],[140.109947,36.39],[140.110132,36.389846],[140.110248,36.389735],[140.11038,36.389596],[140.11048,36.389478],[140.110632,36.389296],[140.110747,36.389139],[140.110827,36.389044],[140.11095,36.388913],[140.111032,36.388844],[140.111112,36.388797],[140.111192,36.388756],[140.111277,36.388723],[140.111394,36.388687],[140.111523,36.388669],[140.111785,36.388645],[140.111865,36.388645],[140.111932,36.388648],[140.111983,36.388669],[140.112053,36.388723],[140.112118,36.388787],[140.112165,36.388859],[140.112189,36.388924],[140.112189,36.388986],[140.11217,36.389035],[140.112104,36.389109],[140.112017,36.389192],[140.111922,36.389282],[140.111863,36.389349],[140.111795,36.389431],[140.111749,36.389513],[140.111718,36.389588],[140.11169,36.38969],[140.111655,36.389809],[140.111623,36.389896],[140.11155,36.390001],[140.111473,36.390109],[140.111428,36.390217],[140.1114,36.390351],[140.11138,36.390487],[140.111365,36.390682],[140.11138,36.390862],[140.111405,36.390977],[140.111434,36.391013],[140.111481,36.391021],[140.111538,36.390997],[140.111669,36.390907],[140.111815,36.390802],[140.111962,36.390689],[140.112101,36.390555],[140.112212,36.390424],[140.112355,36.390259],[140.112455,36.390126],[140.112568,36.390018],[140.112676,36.389946],[140.112802,36.389899],[140.112985,36.389856],[140.113126,36.389825],[140.11333,36.389791],[140.113469,36.389779],[140.113582,36.389771],[140.113693,36.389779],[140.113797,36.389823],[140.113859,36.389867],[140.11389,36.389918],[140.113895,36.389975],[140.11388,36.390024],[140.113774,36.390155],[140.113584,36.390402],[140.113321,36.390788],[140.113212,36.390921],[140.113029,36.391116],[140.112893,36.391319],[140.112705,36.391597],[140.112553,36.391821],[140.112393,36.392064],[140.112245,36.392341],[140.112169,36.392528],[140.112086,36.392518],[140.111991,36.392502],[140.111906,36.392484],[140.111849,36.392464],[140.111788,36.392438]]}},{"type":"Feature","properties":{"id":199063015,"highway":"unclassified"},"geometry":{"type":"LineString","coordinates":[[140.161846,36.390872],[140.161568,36.390612],[140.161549,36.390481],[140.161544,36.390342],[140.161648,36.389755],[140.161688,36.389647],[140.16184,36.389322],[140.162036,36.389053],[140.162075,36.388953],[140.162186,36.388684],[140.162242,36.388605]]}},{"type":"Feature","properties":{"id":199063023,"highway":"residential"},"geometry":{"type":"LineString","coordinates":[[140.143961,36.353498],[140.143905,36.353499],[140.143806,36.353486],[140.143284,36.353367],[140.143085,36.353321],[140.142701,36.353272],[140.1425,36.353269],[140.142353,36.353319],[140.14219,36.353337],[140.142115,36.353338]]}},{"type":"Feature","properties":{"id":199063039,"highway":"unclassified"},"geometry":{"type":"LineString","coordinates":[[140.113433,36.368876],[140.113785,36.368848],[140.114098,36.368859],[140.114926,36.368955],[140.115253,36.368994],[140.11613,36.369113],[140.116297,36.369118],[140.11641,36.369085],[140.116882,36.368871],[140.11705,36.368803],[140.117725,36.368516],[140.11847,36.368234],[140.118694,36.368172],[140.118833,36.368149],[140.11915,36.36814]]}},{"type":"Feature","properties":{"id":199063049,"highway":"service"},"geometry":{"type":"LineString","coordinates":[[140.112865,36.39544],[140.112842,36.395348],[140.112821,36.395236],[140.11281,36.395084],[140.11281,36.3949],[140.112833,36.394661],[140.112856,36.394526],[140.112873,36.394471],[140.112905,36.394414],[140.113017,36.39433],[140.113185,36.394223],[140.113283,36.394163],[140.113352,36.394111],[140.113467,36.394013],[140.113559,36.393921]]}},{"type":"Feature","properties":{"id":199063056,"highway":"unclassified"},"geometry":{"type":"LineString","coordinates":[[140.163005,36.353056],[140.162598,36.353255],[140.162286,36.35337],[140.161771,36.353611],[140.161099,36.354054],[140.160888,36.354246],[140.160773,36.354333],[140.160561,36.354433],[140.160375,36.354568],[140.160179,36.354774],[140.160055,36.354896],[140.15953,36.355263]]}},{"type":"Feature","properties":{"id":199063060,"highway":"residential"},"geometry":{"type":"LineString","coordinates":[[140.138595,36.38875],[140.138602,36.388783],[140.138634,36.388877],[140.138728,36.389223],[140.138749,36.389341],[140.138751,36.389386],[140.138728,36.389458],[140.138728,36.389513],[140.138761,36.389684]]}},{"type":"Feature","properties":{"id":199063067,"highway":"residential"},"geometry":{"type":"LineString","coordinates":[[140.119282,36.34391],[140.119294,36.343878],[140.119341,36.343804],[140.119691,36.343491],[140.119941,36.343457],[140.120059,36.34353],[140.120248,36.343727],[140.120867,36.34424],[140.121174,36.34433],[140.12132,36.344493],[140.121362,36.344775],[140.121452,36.345034],[140.121522,36.34513],[140.121682,36.345186],[140.12171,36.345193]]}},{"type":"Feature","properties":{"id":199063075,"highway":"service"},"geometry":{"type":"LineString","coordinates":[[140.098588,36.359573],[140.098671,36.35892],[140.098677,36.358812],[140.098709,36.358774],[140.098873,36.358605],[140.098937,36.358501],[140.098977,36.358258],[140.099002,36.358209],[140.099035,36.358182],[140.099089,36.358161],[140.09917,36.358151],[140.100074,36.358019],[140.100194,36.358021],[140.100296,36.358041],[140.100363,36.358071],[140.100418,36.358087],[140.100473,36.358092],[140.10053,36.358088],[140.100593,36.358081],[140.100689,36.358053],[140.100782,36.358033],[140.100943,36.358017],[140.101102,36.358009]]}},{"type":"Feature","properties":{"id":199063097,"highway":"residential"},"geometry":{"type":"LineString","coordinates":[[140.128541,36.351012],[140.1285,36.350697],[140.128479,36.350617],[140.128082,36.35024],[140.128061,36.350177],[140.128025,36.34989],[140.1279,36.349197],[140.127858,36.34896],[140.127845,36.34855],[140.12781,36.348353],[140.127698,36.347981],[140.127657,36.347688],[140.127607,36.347525],[140.127497,36.347215],[140.127307,36.346618]]}},{"type":"Feature","properties":{"id":199063112,"highway":"unclassified"},"geometry":{"type":"LineString","coordinates":[[140.160551,36.360818],[140.1602,36.360889],[140.160008,36.3609],[140.159797,36.36089],[140.159618,36.360876],[140.159087,36.360816],[140.158996,36.360773],[140.15885,36.360722],[140.15876,36.360686],[140.158565,36.360639],[140.158416,36.360588],[140.15829,36.360557],[140.158049,36.360521],[140.157779,36.360497],[140.157648,36.360497],[140.157549,36.360517],[140.157241,36.360597],[140.157142,36.360613],[140.157044,36.360608],[140.156967,36.36059],[140.15674,36.360479],[140.156629,36.360444],[140.156552,36.36042],[140.156387,36.360357],[140.156276,36.360299]]}},{"type":"Feature","properties":{"id":199063126,"highway":"unclassified"},"geometry":{"type":"LineString","coordinates":[[140.135155,36.382172],[140.134663,36.381753],[140.134432,36.381386],[140.133945,36.381768],[140.133719,36.38143],[140.133523,36.381187],[140.133048,36.380983],[140.132455,36.380713],[140.132414,36.38069]]}},{"type":"Feature","properties":{"id":199063136,"highway":"residential"},"geometry":{"type":"LineString","coordinates":[[140.117986,36.325965],[140.118114,36.325958],[140.118379,36.325969],[140.118518,36.325996],[140.118714,36.326041],[140.118908,36.326062],[140.11932,36.326064],[140.119627,36.326062],[140.119877,36.325998],[140.120041,36.32595]]}},{"type":"Feature","properties":{"id":199063153,"highway":"unclassified"},"geometry":{"type":"LineString","coordinates":[[140.12164,36.314263],[140.121796,36.314412],[140.12183,36.31447],[140.121933,36.314677],[140.122,36.314764],[140.122058,36.314815],[140.12213,36.314854],[140.122194,36.314883],[140.122358,36.314922],[140.122421,36.314949],[140.122468,36.314989],[140.122492,36.315032],[140.122508,36.315089],[140.122492,36.315158],[140.122453,36.315252],[140.122447,36.315306],[140.122455,36.315359],[140.122486,36.315408],[140.122522,36.315453],[140.122577,36.315487],[140.122637,36.315511],[140.122716,36.31552],[140.122813,36.315513],[140.12303,36.315484],[140.123176,36.315464],[140.123261,36.315461]]}},{"type":"Feature","properties":{"id":199063177,"highway":"residential"},"geometry":{"type":"LineString","coordinates":[[140.106832,36.313545],[140.106882,36.313645],[140.106945,36.313783],[140.107036,36.313858],[140.107197,36.313924],[140.107395,36.313979],[140.10752,36.314013],[140.107833,36.314097],[140.108165,36.314122],[140.108727,36.3141],[140.109301,36.314011],[140.109788,36.313913],[140.110307,36.313842],[140.110582,36.313822]]}},{"type":"Feature","properties":{"id":199063218,"highway":"tertiary"},"geometry":{"type":"LineString","coordinates":[[140.137893,36.379909],[140.138192,36.380283],[140.138238,36.380339],[140.138335,36.380453],[140.138417,36.38057],[140.138492,36.380729],[140.13871,36.381269],[140.138765,36.381393],[140.138827,36.381504],[140.13888,36.381579],[140.139724,36.382412],[140.140184,36.382865],[140.140302,36.382986],[140.140352,36.383059],[140.140368,36.383133],[140.140372,36.383228],[140.140358,36.383285],[140.140321,36.383358],[140.140271,36.383423],[140.140144,36.383506],[140.13994,36.383639],[140.139876,36.383698],[140.139831,36.383772],[140.139801,36.383858],[140.139802,36.383917],[140.139817,36.383986],[140.139847,36.384058],[140.139894,36.384117],[140.140338,36.384554],[140.140549,36.384755],[140.140663,36.384883],[140.140712,36.384983],[140.140737,36.385073],[140.140741,36.385168],[140.140719,36.385492],[140.140716,36.385567],[140.140737,36.385646],[140.140785,36.385725],[140.140935,36.385912],[140.141231,36.38626],[140.141334,36.386396],[140.141364,36.386487],[140.14137,36.386599],[140.141339,36.386709],[140.141271,36.386804],[140.141185,36.386901]]}},{"type":"Feature","properties":{"id":199063226,"highway":"service"},"geometry":{"type":"LineString","coordinates":[[140.107831,36.325854],[140.107924,36.325839],[140.108138,36.325759],[140.108405,36.325593],[140.108648,36.325572],[140.108817,36.325603],[140.108986,36.325804],[140.109039,36.325989],[140.109118,36.326335],[140.109222,36.326892]]}},{"type":"Feature","properties":{"id":199063268,"highway":"unclassified"},"geometry":{"type":"LineString","coordinates":[[140.173121,36.366337],[140.173107,36.366419],[140.173093,36.366536],[140.173093,36.366659],[140.173093,36.366739],[140.17306,36.366912],[140.173031,36.367005],[140.173032,36.367114],[140.173006,36.367227],[140.172984,36.367386],[140.173023,36.367528],[140.173148,36.367777],[140.173184,36.367869],[140.173388,36.368136],[140.173422,36.368167],[140.173466,36.36826],[140.173486,36.368338],[140.173521,36.368406],[140.173583,36.368451],[140.173662,36.36854],[140.173725,36.36861],[140.173776,36.368681],[140.17381,36.368739],[140.173816,36.368788],[140.173814,36.368827],[140.173772,36.368854],[140.173642,36.368904],[140.173551,36.368931],[140.173448,36.368946],[140.173191,36.368979],[140.17308,36.369017]]}},{"type":"Feature","properties":{"id":199063271,"highway":"residential"},"geometry":{"type":"LineString","coordinates":[[140.162225,36.386127],[140.162272,36.386204],[140.16236,36.38628],[140.162453,36.386338],[140.162546,36.386375],[140.162625,36.386396],[140.162778,36.386418],[140.162899,36.386428],[140.163001,36.38645],[140.163103,36.386495],[140.163242,36.386564],[140.163325,36.386609],[140.163376,36.386665],[140.163399,36.386747],[140.163418,36.386867],[140.163467,36.386975],[140.163518,36.387061],[140.163578,36.387115],[140.163671,36.387175],[140.163805,36.387234],[140.163857,36.387279],[140.163857,36.387318],[140.163819,36.387384],[140.163775,36.387419]]}},{"type":"Feature","properties":{"id":199063288,"highway":"residential"},"geometry":{"type":"LineString","coordinates":[[140.129923,36.383028],[140.129855,36.383059],[140.129536,36.383251],[140.129487,36.383264],[140.129423,36.383256],[140.129208,36.383109],[140.129058,36.383192],[140.128928,36.38325],[140.128797,36.383278],[140.128659,36.38304],[140.128411,36.383143],[140.128264,36.383195],[140.127988,36.383311],[140.127779,36.38342],[140.127522,36.383482],[140.127603,36.383648],[140.127614,36.383697],[140.127254,36.38382],[140.127055,36.383882]]}},{"type":"Feature","properties":{"id":199063292,"highway":"residential"},"geometry":{"type":"LineString","coordinates":[[140.120998,36.38757],[140.121145,36.387485],[140.121318,36.387433],[140.121475,36.38734],[140.121524,36.387305],[140.121624,36.387322]]}},{"type":"Feature","properties":{"id":199063408,"highway":"unclassified"},"geometry":{"type":"LineString","coordinates":[[140.157788,36.320417],[140.15767,36.320424],[140.157586,36.320433],[140.157497,36.320448],[140.157437,36.320462],[140.157371,36.320463],[140.157327,36.320454],[140.157229,36.320405],[140.157126,36.32035],[140.156947,36.320279],[140.156843,36.320233],[140.156436,36.319997],[140.155766,36.31961],[140.155691,36.319561],[140.155632,36.319508],[140.15545,36.319316],[140.155309,36.319177],[140.155212,36.319067],[140.155159,36.318945],[140.155002,36.318556],[140.154826,36.318152],[140.154793,36.318006],[140.154763,36.317952],[140.154649,36.317806],[140.154606,36.317751],[140.154592,36.317695],[140.154595,36.31763],[140.154576,36.317594],[140.154539,36.317552],[140.154446,36.317484],[140.15432,36.317392],[140.154109,36.317253],[140.154059,36.317197]]}},{"type":"Feature","properties":{"id":199063442,"highway":"unclassified"},"geometry":{"type":"LineString","coordinates":[[140.117425,36.366375],[140.117475,36.366369],[140.11767,36.366324],[140.117872,36.366291],[140.118045,36.366257],[140.118512,36.366195],[140.118908,36.366189],[140.119133,36.366212],[140.119557,36.366279],[140.120094,36.366291],[140.120309,36.366257],[140.120476,36.366206],[140.120609,36.366138],[140.120776,36.365991],[140.120859,36.365895],[140.120971,36.365726],[140.121111,36.365442]]}},{"type":"Feature","properties":{"id":199063450,"highway":"residential"},"geometry":{"type":"LineString","coordinates":[[140.13812,36.358247],[140.138059,36.357965],[140.1379,36.357414],[140.137783,36.357026]]}},{"type":"Feature","properties":{"id":199063479,"highway":"residential"},"geometry":{"type":"LineString","coordinates":[[140.115644,36.328555],[140.115733,36.328703],[140.115785,36.328845],[140.115797,36.32909],[140.115846,36.329226],[140.115902,36.329361],[140.115972,36.329473],[140.11609,36.329616],[140.116404,36.329594],[140.116533,36.329591],[140.116647,36.329649],[140.116752,36.329836],[140.116783,36.329963],[140.116754,36.330027],[140.116703,36.330119],[140.116657,36.330173],[140.116646,36.330241],[140.116722,36.330271],[140.116803,36.330222]]}},{"type":"Feature","properties":{"id":199063482,"highway":"unclassified"},"geometry":{"type":"LineString","coordinates":[[140.148671,36.38277],[140.148634,36.382719],[140.148527,36.382546],[140.148448,36.382415],[140.148401,36.382324],[140.148375,36.382245],[140.148363,36.382121],[140.148361,36.382026],[140.148374,36.381788],[140.148358,36.381679],[140.148321,36.381598],[140.148269,36.381513],[140.148201,36.38144],[140.14809,36.381333],[140.14796,36.381194],[140.147846,36.381101],[140.147765,36.381033],[140.147701,36.380999],[140.147608,36.380969],[140.147506,36.380946],[140.147215,36.380902],[140.146349,36.380784],[140.146247,36.380764],[140.146089,36.380748],[140.14597,36.380727],[140.14587,36.380686],[140.145735,36.380623],[140.145653,36.38056],[140.145559,36.380456],[140.145499,36.380391],[140.145441,36.380335],[140.145367,36.380285],[140.145233,36.380216],[140.144866,36.380017],[140.144573,36.379854],[140.14426,36.379621],[140.144142,36.379525]]}},{"type":"Feature","properties":{"id":199063493,"highway":"service"},"geometry":{"type":"LineString","coordinates":[[140.113646,36.398401],[140.113722,36.398467],[140.113815,36.398527],[140.113951,36.398539],[140.114084,36.398522],[140.11418,36.39851],[140.114273,36.398517],[140.114362,36.39857],[140.114415,36.398659],[140.114442,36.398762],[140.114439,36.398854],[140.114415,36.398944],[140.114372,36.399087],[140.114333,36.399173],[140.11425,36.399272],[140.114147,36.399411],[140.113984,36.399581]]}},{"type":"Feature","properties":{"id":199063498,"highway":"service"},"geometry":{"type":"LineString","coordinates":[[140.158718,36.323788],[140.158741,36.323819],[140.158878,36.324053],[140.158935,36.324132],[140.158981,36.324161],[140.159101,36.324204],[140.159149,36.324224],[140.159199,36.324258],[140.159305,36.324381],[140.159336,36.324419],[140.159413,36.324549],[140.159535,36.324705],[140.159578,36.324742],[140.159631,36.324772],[140.159819,36.324829],[140.159875,36.324838],[140.159899,36.324864],[140.159906,36.324899],[140.159892,36.324927],[140.159741,36.325095],[140.159713,36.325152],[140.159687,36.32524],[140.15968,36.325266]]}},{"type":"Feature","properties":{"id":199063507,"highway":"unclassified"},"geometry":{"type":"LineString","coordinates":[[140.15701,36.356208],[140.157476,36.355945],[140.157811,36.355757],[140.158089,36.355648],[140.158264,36.355575],[140.158727,36.355497],[140.158887,36.355464],[140.159168,36.355412],[140.15953,36.355263]]}},{"type":"Feature","properties":{"id":199063511,"highway":"tertiary"},"geometry":{"type":"LineString","coordinates":[[140.116533,36.326429],[140.116441,36.326318],[140.116327,36.326229],[140.116181,36.326126],[140.115994,36.326069],[140.115712,36.326004],[140.115528,36.325972],[140.115365,36.325958],[140.115172,36.325936],[140.114846,36.325914],[140.114583,36.3259],[140.114387,36.325859],[140.114185,36.325842],[140.113714,36.325873],[140.113603,36.325861],[140.113503,36.325815],[140.113419,36.32574]]}},{"type":"Feature","properties":{"id":199063524,"highway":"unclassified"},"geometry":{"type":"LineString","coordinates":[[140.159471,36.326082],[140.160382,36.326514],[140.160745,36.326636],[140.160953,36.326672],[140.161253,36.326702],[140.16175,36.326774],[140.161902,36.326775],[140.161988,36.32676],[140.162107,36.326717],[140.162199,36.326692],[140.162306,36.326711],[140.162409,36.326737],[140.162478,36.326767],[140.162676,36.326952],[140.162779,36.327096],[140.162849,36.327111],[140.163089,36.327119]]}},{"type":"Feature","properties":{"id":199063528,"highway":"residential"},"geometry":{"type":"LineString","coordinates":[[140.171528,36.331127],[140.172555,36.331349],[140.173203,36.331499],[140.173335,36.331525],[140.173767,36.331547],[140.174761,36.331578],[140.174976,36.332062],[140.17537,36.332325],[140.175652,36.332432],[140.175903,36.332557],[140.176201,36.332774],[140.176238,36.332847]]}},{"type":"Feature","properties":{"id":199063532,"highway":"unclassified"},"geometry":{"type":"LineString","coordinates":[[140.151947,36.386815],[140.151845,36.386656],[140.15178,36.386527],[140.151643,36.386215],[140.151569,36.385875],[140.151511,36.385601],[140.151511,36.385487],[140.151525,36.38541],[140.15157,36.385303],[140.151596,36.385249],[140.151637,36.385207],[140.15169,36.385177],[140.15188,36.385132],[140.151975,36.385107],[140.152024,36.385078],[140.152063,36.385033],[140.152082,36.384992],[140.152107,36.384952],[140.152051,36.384897],[140.151933,36.384747],[140.151879,36.384662],[140.151869,36.384615],[140.151883,36.384331],[140.15191,36.384248],[140.151988,36.384121],[140.152021,36.384032],[140.152039,36.383969],[140.152042,36.383928],[140.152036,36.383857],[140.151991,36.383649]]}},{"type":"Feature","properties":{"id":199063535,"highway":"unclassified"},"geometry":{"type":"LineString","coordinates":[[140.130765,36.386973],[140.130749,36.386887],[140.130708,36.386821],[140.130486,36.386604],[140.130401,36.386522],[140.130333,36.386481],[140.130258,36.386457],[140.130166,36.386446],[140.130069,36.386457],[140.13,36.38646],[140.129906,36.386449],[140.129813,36.386416],[140.129722,36.386361],[140.1295,36.386227]]}},{"type":"Feature","properties":{"id":199063536,"highway":"residential"},"geometry":{"type":"LineString","coordinates":[[140.109458,36.359761],[140.109549,36.359758],[140.109647,36.359762],[140.109787,36.35978],[140.109901,36.359787],[140.109956,36.359784],[140.110026,36.359775],[140.110095,36.35975],[140.110374,36.359634],[140.11046,36.359605],[140.110543,36.359587],[140.110645,36.359588],[140.110712,36.359573],[140.110777,36.359544],[140.110923,36.359438],[140.111101,36.359309],[140.111196,36.359231],[140.111267,36.359212],[140.111327,36.359594],[140.11137,36.359868]]}},{"type":"Feature","properties":{"id":199063541,"highway":"unclassified"},"geometry":{"type":"LineString","coordinates":[[140.146702,36.387234],[140.146515,36.38723],[140.146459,36.387221],[140.146432,36.38718],[140.146427,36.387057],[140.14644,36.386893],[140.146526,36.386513],[140.146652,36.386135],[140.146813,36.385727],[140.146679,36.385297],[140.146589,36.385045],[140.146526,36.384891],[140.146424,36.384732],[140.146273,36.384511],[140.14616,36.384379],[140.146055,36.384279],[140.145854,36.384105],[140.145428,36.383764],[140.145319,36.383671],[140.145286,36.383624],[140.145271,36.383561],[140.145271,36.383481],[140.145286,36.383378],[140.145327,36.38319],[140.145346,36.383048],[140.145346,36.382911],[140.14527,36.382564],[140.145263,36.382512]]}},{"type":"Feature","properties":{"id":199063545,"highway":"unclassified"},"geometry":{"type":"LineString","coordinates":[[140.154325,36.366676],[140.154607,36.366651],[140.155877,36.36645],[140.155992,36.366468],[140.156506,36.366682],[140.156638,36.36682],[140.156879,36.366928],[140.157153,36.366943],[140.157272,36.366951],[140.157366,36.367046],[140.157468,36.367847],[140.157371,36.367932],[140.157127,36.367995],[140.157027,36.368066],[140.156907,36.368225],[140.156837,36.36838],[140.15694,36.36868],[140.156988,36.368901],[140.156941,36.369038],[140.156814,36.369246],[140.15664,36.369432],[140.156587,36.369487]]}},{"type":"Feature","properties":{"id":199063561,"highway":"unclassified"},"geometry":{"type":"LineString","coordinates":[[140.148927,36.364914],[140.149126,36.364982],[140.149467,36.365096],[140.149532,36.365123],[140.149605,36.365167],[140.149706,36.365276],[140.1502,36.365938],[140.150268,36.366003],[140.150331,36.366046],[140.150443,36.366097],[140.150814,36.366234],[140.150883,36.366244],[140.150949,36.366241],[140.151009,36.366224],[140.151263,36.366126],[140.151364,36.366091],[140.151528,36.366022],[140.151617,36.365993],[140.151709,36.365996],[140.151813,36.36601],[140.152059,36.366059],[140.15243,36.366141],[140.152535,36.366159],[140.152676,36.366158],[140.152777,36.366144],[140.15302,36.366097],[140.153174,36.366071],[140.153324,36.366059],[140.153448,36.366062],[140.153564,36.366079],[140.153758,36.366114],[140.153936,36.366135],[140.154073,36.366139],[140.154129,36.366134]]}},{"type":"Feature","properties":{"id":199063563,"highway":"unclassified"},"geometry":{"type":"LineString","coordinates":[[140.117633,36.300768],[140.117691,36.300812],[140.117752,36.300875],[140.117851,36.300917],[140.117998,36.300974],[140.11821,36.301032],[140.118343,36.301097],[140.118416,36.301099],[140.118498,36.301102],[140.118589,36.301117],[140.118653,36.301139],[140.118714,36.301176],[140.118776,36.301249],[140.118839,36.301288],[140.11892,36.301356],[140.118959,36.301406],[140.119,36.301444],[140.119047,36.301462],[140.119141,36.301466],[140.11918,36.301477],[140.119217,36.301517],[140.119237,36.301541],[140.119283,36.301555],[140.119478,36.30156],[140.119645,36.301572],[140.119699,36.301602],[140.119803,36.301701],[140.119848,36.301747],[140.119901,36.3018],[140.12001,36.301885]]}},{"type":"Feature","properties":{"id":199063565,"highway":"residential"},"geometry":{"type":"LineString","coordinates":[[140.179869,36.326638],[140.180118,36.326769],[140.180225,36.326802],[140.180354,36.326808],[140.180454,36.326792],[140.180697,36.326704],[140.180823,36.326687],[140.180995,36.326673],[140.181216,36.326649],[140.181446,36.326641],[140.181557,36.326662],[140.18162,36.326697],[140.181683,36.32677],[140.181683,36.326949],[140.181641,36.327057],[140.181571,36.327152],[140.181432,36.327272],[140.181329,36.327412],[140.181285,36.327531],[140.181512,36.327777]]}},{"type":"Feature","properties":{"id":199063569,"highway":"service"},"geometry":{"type":"LineString","coordinates":[[140.116692,36.370859],[140.116893,36.370896],[140.11694,36.370919],[140.116917,36.371059],[140.116809,36.37148],[140.116732,36.371741],[140.116685,36.371871],[140.116628,36.371879],[140.116245,36.371811],[140.115743,36.371721],[140.115325,36.371647],[140.115375,36.371477],[140.115425,36.371313],[140.11551,36.371019],[140.115572,36.370839],[140.115617,36.370682],[140.115637,36.370655],[140.115763,36.370662],[140.116232,36.370762],[140.116692,36.370859]]}},{"type":"Feature","properties":{"id":199063575,"highway":"service"},"geometry":{"type":"LineString","coordinates":[[140.098122,36.389699],[140.0982,36.389723],[140.098306,36.389736],[140.098439,36.389732],[140.098558,36.389723],[140.098723,36.38969],[140.098778,36.389676],[140.098856,36.389667],[140.098925,36.389658],[140.099036,36.389667],[140.099164,36.389676],[140.099242,36.389686],[140.099366,36.389681],[140.099467,36.389667],[140.099559,36.389649],[140.099669,36.389626],[140.099848,36.389571],[140.099989,36.389521],[140.100154,36.389456]]}},{"type":"Feature","properties":{"id":199063577,"highway":"unclassified"},"geometry":{"type":"LineString","coordinates":[[140.124983,36.344454],[140.125171,36.344668],[140.125206,36.344696],[140.125554,36.345119],[140.125686,36.345333],[140.125735,36.345451],[140.125756,36.345558],[140.12577,36.345919],[140.125826,36.345981],[140.126054,36.346116],[140.126159,36.346212],[140.126305,36.346375],[140.126479,36.346539],[140.126591,36.346612],[140.126695,36.346629],[140.126925,36.346623],[140.127113,36.346606],[140.12724,36.346602],[140.127307,36.346618]]}},{"type":"Feature","properties":{"id":199063596,"highway":"unclassified"},"geometry":{"type":"LineString","coordinates":[[140.132498,36.386757],[140.132425,36.38675],[140.132151,36.386759],[140.132027,36.386774],[140.131911,36.386799],[140.131718,36.386858]]}},{"type":"Feature","properties":{"id":199063602,"highway":"unclassified"},"geometry":{"type":"LineString","coordinates":[[140.160883,36.377665],[140.160952,36.37757]]}},{"type":"Feature","properties":{"id":199063606,"highway":"unclassified"},"geometry":{"type":"LineString","coordinates":[[140.109987,36.309646],[140.109994,36.30966]]}},{"type":"Feature","properties":{"id":199063609,"highway":"unclassified"},"geometry":{"type":"LineString","coordinates":[[140.11164,36.30906],[140.111878,36.307937]]}},{"type":"Feature","properties":{"id":199063621,"highway":"unclassified"},"geometry":{"type":"LineString","coordinates":[[140.141848,36.365559],[140.14246,36.365569],[140.142927,36.365601],[140.143252,36.36564],[140.143379,36.365674],[140.143741,36.365774],[140.143933,36.365811],[140.144109,36.365841],[140.144274,36.365861],[140.144437,36.365879],[140.144968,36.365907],[140.145099,36.365903]]}},{"type":"Feature","properties":{"id":199063627,"highway":"unclassified"},"geometry":{"type":"LineString","coordinates":[[140.151654,36.345515],[140.151821,36.345515]]}},{"type":"Feature","properties":{"id":199063631,"highway":"unclassified"},"geometry":{"type":"LineString","coordinates":[[140.114381,36.316952],[140.114476,36.316952]]}},{"type":"Feature","properties":{"id":199063632,"highway":"unclassified"},"geometry":{"type":"LineString","coordinates":[[140.115487,36.366871],[140.115244,36.367085]]}},{"type":"Feature","properties":{"id":199063678,"highway":"unclassified"},"geometry":{"type":"LineString","coordinates":[[140.131975,36.351158],[140.13281,36.351063]]}},{"type":"Feature","properties":{"id":199063684,"highway":"unclassified"},"geometry":{"type":"LineString","coordinates":[[140.105404,36.311702],[140.104121,36.310583]]}},{"type":"Feature","properties":{"id":199063693,"highway":"unclassified"},"geometry":{"type":"LineString","coordinates":[[140.114276,36.362063],[140.115368,36.361647]]}},{"type":"Feature","properties":{"id":199063695,"highway":"unclassified"},"geometry":{"type":"LineString","coordinates":[[140.155491,36.351941],[140.155821,36.352061]]}},{"type":"Feature","properties":{"id":199063702,"highway":"unclassified"},"geometry":{"type":"LineString","coordinates":[[140.134757,36.350919],[140.13281,36.351063]]}},{"type":"Feature","properties":{"id":199063713,"highway":"unclassified"},"geometry":{"type":"LineString","coordinates":[[140.111331,36.365087],[140.111315,36.365054],[140.111187,36.36467]]}},{"type":"Feature","properties":{"id":199063715,"highway":"residential"},"geometry":{"type":"LineString","coordinates":[[140.113816,36.311602],[140.11323,36.311604]]}},{"type":"Feature","properties":{"id":199063729,"highway":"unclassified"},"geometry":{"type":"LineString","coordinates":[[140.125412,36.386692],[140.12531,36.386591]]}},{"type":"Feature","properties":{"id":199063734,"highway":"unclassified"},"geometry":{"type":"LineString","coordinates":[[140.115368,36.361647],[140.115105,36.361165]]}},{"type":"Feature","properties":{"id":199063736,"highway":"residential"},"geometry":{"type":"LineString","coordinates":[[140.161418,36.348656],[140.162095,36.348156]]}},{"type":"Feature","properties":{"id":199063739,"highway":"unclassified"},"geometry":{"type":"LineString","coordinates":[[140.116484,36.360773],[140.116611,36.361186]]}},{"type":"Feature","properties":{"id":199063743,"highway":"unclassified"},"geometry":{"type":"LineString","coordinates":[[140.149555,36.333128],[140.148609,36.332398]]}},{"type":"Feature","properties":{"id":199063745,"highway":"unclassified"},"geometry":{"type":"LineString","coordinates":[[140.14926,36.344164],[140.149267,36.344493]]}},{"type":"Feature","properties":{"id":199063757,"highway":"tertiary"},"geometry":{"type":"LineString","coordinates":[[140.137685,36.354243],[140.137648,36.353739],[140.137632,36.353409],[140.137629,36.352788],[140.137635,36.352467],[140.13763,36.352116],[140.137579,36.351557],[140.137569,36.351401],[140.137572,36.351286],[140.137593,36.351198],[140.137659,36.351096],[140.137768,36.351005],[140.137929,36.350941],[140.138092,36.350917],[140.138285,36.350964],[140.138401,36.351024],[140.139216,36.351529],[140.139283,36.351564],[140.139453,36.351606],[140.139683,36.351618],[140.139892,36.351615],[140.140094,36.351604],[140.140293,36.351584],[140.140457,36.351552],[140.140513,36.351523],[140.140556,36.351479]]}},{"type":"Feature","properties":{"id":199063778,"highway":"residential"},"geometry":{"type":"LineString","coordinates":[[140.113173,36.308442],[140.113043,36.308468],[140.112924,36.308478]]}},{"type":"Feature","properties":{"id":199063799,"highway":"unclassified"},"geometry":{"type":"LineString","coordinates":[[140.130055,36.363957],[140.130281,36.363923]]}},{"type":"Feature","properties":{"id":199063802,"highway":"tertiary"},"geometry":{"type":"LineString","coordinates":[[140.112108,36.362503],[140.112005,36.36233]]}},{"type":"Feature","properties":{"id":199063811,"highway":"residential"},"geometry":{"type":"LineString","coordinates":[[140.177875,36.38514],[140.177666,36.385349]]}},{"type":"Feature","properties":{"id":199063813,"highway":"unclassified"},"geometry":{"type":"LineString","coordinates":[[140.102619,36.361636],[140.102645,36.360821]]}},{"type":"Feature","properties":{"id":199063817,"highway":"unclassified"},"geometry":{"type":"LineString","coordinates":[[140.114506,36.36247],[140.113047,36.363008]]}},{"type":"Feature","properties":{"id":199063824,"highway":"residential"},"geometry":{"type":"LineString","coordinates":[[140.112387,36.305181],[140.112559,36.305196],[140.112856,36.305241],[140.113171,36.30535]]}},{"type":"Feature","properties":{"id":199063825,"highway":"unclassified"},"geometry":{"type":"LineString","coordinates":[[140.106905,36.313528],[140.106832,36.313545]]}},{"type":"Feature","properties":{"id":199063834,"highway":"unclassified"},"geometry":{"type":"LineString","coordinates":[[140.166028,36.387133],[140.166052,36.387091],[140.166134,36.38676],[140.166141,36.38663],[140.166117,36.38657],[140.166082,36.386525],[140.166003,36.386434],[140.16596,36.38636],[140.165927,36.386288],[140.165885,36.386211],[140.165827,36.386138],[140.16577,36.386083],[140.165689,36.386028],[140.165607,36.385983],[140.165543,36.385913],[140.165473,36.38582],[140.165414,36.385753],[140.165331,36.385685],[140.165025,36.38547],[140.16497,36.385414],[140.164927,36.385345],[140.164903,36.385281],[140.164879,36.385184],[140.164859,36.385133],[140.164809,36.38507],[140.164632,36.384849],[140.164602,36.384827],[140.164563,36.384809],[140.164475,36.384708],[140.164353,36.38456],[140.164246,36.38446],[140.16416,36.384391],[140.164045,36.384308],[140.16397,36.384253],[140.163938,36.384206],[140.163897,36.384129],[140.16386,36.384067],[140.163812,36.384008],[140.16375,36.383942],[140.163678,36.383883],[140.163632,36.383829],[140.163594,36.383757],[140.163529,36.383576],[140.163488,36.383503],[140.163125,36.383065],[140.162791,36.382664],[140.162669,36.382572],[140.162587,36.382526],[140.162476,36.382496],[140.16234,36.382471],[140.16219,36.382438],[140.161855,36.382338],[140.161613,36.382264],[140.161537,36.382248],[140.161448,36.382245],[140.161375,36.382242],[140.161266,36.382256],[140.161147,36.382269],[140.160919,36.382307],[140.160832,36.382309],[140.160717,36.382283],[140.160666,36.382242]]}},{"type":"Feature","properties":{"id":199063835,"highway":"unclassified"},"geometry":{"type":"LineString","coordinates":[[140.116611,36.361186],[140.116752,36.361618]]}},{"type":"Feature","properties":{"id":199063849,"highway":"unclassified"},"geometry":{"type":"LineString","coordinates":[[140.143079,36.345079],[140.142833,36.345087],[140.142129,36.34506]]}},{"type":"Feature","properties":{"id":199063853,"highway":"residential"},"geometry":{"type":"LineString","coordinates":[[140.142593,36.35682],[140.141828,36.357016],[140.141649,36.357079]]}},{"type":"Feature","properties":{"id":199063865,"highway":"unclassified"},"geometry":{"type":"LineString","coordinates":[[140.117245,36.362388],[140.117389,36.362834],[140.117535,36.363287],[140.117671,36.363751],[140.117808,36.364168],[140.117922,36.364515]]}},{"type":"Feature","properties":{"id":199063869,"highway":"unclassified"},"geometry":{"type":"LineString","coordinates":[[140.112829,36.374772],[140.112958,36.374696]]}},{"type":"Feature","properties":{"id":199063873,"highway":"unclassified"},"geometry":{"type":"LineString","coordinates":[[140.150832,36.37538],[140.150842,36.375254]]}},{"type":"Feature","properties":{"id":199063875,"highway":"unclassified"},"geometry":{"type":"LineString","coordinates":[[140.151617,36.345518],[140.151159,36.345526]]}},{"type":"Feature","properties":{"id":199063881,"highway":"unclassified"},"geometry":{"type":"LineString","coordinates":[[140.158305,36.386648],[140.158192,36.386586],[140.158046,36.386486],[140.157783,36.38623],[140.15712,36.385681],[140.157081,36.385617],[140.157029,36.385523],[140.15699,36.385339],[140.156839,36.38501]]}},{"type":"Feature","properties":{"id":199063890,"highway":"unclassified"},"geometry":{"type":"LineString","coordinates":[[140.118355,36.323972],[140.118082,36.323984]]}},{"type":"Feature","properties":{"id":199063897,"highway":"residential"},"geometry":{"type":"LineString","coordinates":[[140.157871,36.372012],[140.157989,36.372006],[140.158462,36.371623],[140.158848,36.37171],[140.159012,36.371699],[140.159548,36.371863],[140.159704,36.371982],[140.1601,36.372119]]}},{"type":"Feature","properties":{"id":199063903,"highway":"unclassified"},"geometry":{"type":"LineString","coordinates":[[140.157252,36.363212],[140.157201,36.363254]]}},{"type":"Feature","properties":{"id":199063911,"highway":"unclassified"},"geometry":{"type":"LineString","coordinates":[[140.103314,36.350434],[140.103161,36.350516],[140.102735,36.350701],[140.102201,36.350977],[140.102089,36.351025],[140.101706,36.351182],[140.101293,36.351362],[140.100314,36.351774],[140.100029,36.351877],[140.099208,36.352181],[140.098962,36.352262]]}},{"type":"Feature","properties":{"id":199063912,"highway":"unclassified"},"geometry":{"type":"LineString","coordinates":[[140.127339,36.364333],[140.127434,36.364311],[140.130055,36.363957]]}},{"type":"Feature","properties":{"id":199063914,"highway":"unclassified"},"geometry":{"type":"LineString","coordinates":[[140.116346,36.366276],[140.116188,36.365772],[140.116108,36.365512],[140.115967,36.365074]]}},{"type":"Feature","properties":{"id":199063915,"highway":"tertiary"},"geometry":{"type":"LineString","coordinates":[[140.103325,36.350547],[140.103351,36.350913]]}},{"type":"Feature","properties":{"id":199063923,"highway":"service"},"geometry":{"type":"LineString","coordinates":[[140.102311,36.336827],[140.102382,36.336837],[140.102893,36.336935],[140.102968,36.33692],[140.103036,36.336923]]}},{"type":"Feature","properties":{"id":199063934,"highway":"unclassified"},"geometry":{"type":"LineString","coordinates":[[140.121708,36.353348],[140.122128,36.353143]]}},{"type":"Feature","properties":{"id":199063956,"highway":"residential"},"geometry":{"type":"LineString","coordinates":[[140.11307,36.306221],[140.1127,36.30623],[140.112602,36.306239]]}},{"type":"Feature","properties":{"id":199063958,"highway":"service"},"geometry":{"type":"LineString","coordinates":[[140.115325,36.371647],[140.115158,36.371615]]}},{"type":"Feature","properties":{"id":199063968,"highway":"unclassified"},"geometry":{"type":"LineString","coordinates":[[140.099006,36.352883],[140.099097,36.352854],[140.099966,36.352538],[140.100762,36.352192],[140.101556,36.351833],[140.10185,36.351735],[140.10196,36.351694],[140.102092,36.351626],[140.102237,36.351543],[140.10239,36.35146],[140.10256,36.35138],[140.103022,36.351168],[140.103277,36.351048],[140.103363,36.351006]]}},{"type":"Feature","properties":{"id":199063974,"highway":"unclassified"},"geometry":{"type":"LineString","coordinates":[[140.14757,36.36402],[140.147602,36.363124],[140.147607,36.363036]]}},{"type":"Feature","properties":{"id":199063984,"highway":"unclassified"},"geometry":{"type":"LineString","coordinates":[[140.116847,36.366049],[140.117109,36.366479]]}},{"type":"Feature","properties":{"id":199063991,"highway":"unclassified"},"geometry":{"type":"LineString","coordinates":[[140.146954,36.35267],[140.147099,36.352703]]}},{"type":"Feature","properties":{"id":199063993,"highway":"unclassified"},"geometry":{"type":"LineString","coordinates":[[140.152616,36.341941],[140.15226,36.341911],[140.151837,36.341881]]}},{"type":"Feature","properties":{"id":199063994,"highway":"unclassified"},"geometry":{"type":"LineString","coordinates":[[140.116348,36.301063],[140.116927,36.300893]]}},{"type":"Feature","properties":{"id":199064000,"highway":"residential"},"geometry":{"type":"LineString","coordinates":[[140.160136,36.348435],[140.160097,36.348521]]}},{"type":"Feature","properties":{"id":199064003,"highway":"service"},"geometry":{"type":"LineString","coordinates":[[140.113816,36.311602],[140.113548,36.31198]]}},{"type":"Feature","properties":{"id":199064004,"highway":"tertiary"},"geometry":{"type":"LineString","coordinates":[[140.143727,36.35794],[140.143687,36.357478],[140.143631,36.35665],[140.143587,36.355779],[140.143585,36.355727],[140.143584,36.355674]]}},{"type":"Feature","properties":{"id":199064015,"highway":"unclassified"},"geometry":{"type":"LineString","coordinates":[[140.136224,36.348681],[140.136263,36.348114]]}},{"type":"Feature","properties":{"id":199064026,"highway":"tertiary"},"geometry":{"type":"LineString","coordinates":[[140.138552,36.383181],[140.139724,36.382412]]}},{"type":"Feature","properties":{"id":199064031,"highway":"unclassified"},"geometry":{"type":"LineString","coordinates":[[140.171528,36.331127],[140.171469,36.331154]]}},{"type":"Feature","properties":{"id":199064034,"highway":"unclassified"},"geometry":{"type":"LineString","coordinates":[[140.121438,36.353569],[140.121708,36.353348]]}},{"type":"Feature","properties":{"id":199064038,"highway":"unclassified"},"geometry":{"type":"LineString","coordinates":[[140.108634,36.309178],[140.108632,36.309095]]}},{"type":"Feature","properties":{"id":199064048,"highway":"unclassified"},"geometry":{"type":"LineString","coordinates":[[140.115368,36.361647],[140.115589,36.36156]]}},{"type":"Feature","properties":{"id":199064053,"highway":"unclassified"},"geometry":{"type":"LineString","coordinates":[[140.129923,36.383028],[140.129887,36.382963],[140.129738,36.382733],[140.129576,36.382559],[140.129467,36.382399],[140.129397,36.382309]]}},{"type":"Feature","properties":{"id":199064059,"highway":"unclassified"},"geometry":{"type":"LineString","coordinates":[[140.113514,36.361517],[140.114314,36.360938]]}},{"type":"Feature","properties":{"id":199064064,"highway":"unclassified"},"geometry":{"type":"LineString","coordinates":[[140.10716,36.363905],[140.107279,36.363674]]}},{"type":"Feature","properties":{"id":199064075,"highway":"unclassified"},"geometry":{"type":"LineString","coordinates":[[140.113949,36.36218],[140.114276,36.362063]]}},{"type":"Feature","properties":{"id":199064083,"highway":"unclassified"},"geometry":{"type":"LineString","coordinates":[[140.116752,36.361618],[140.11583,36.361975]]}},{"type":"Feature","properties":{"id":199064092,"highway":"residential"},"geometry":{"type":"LineString","coordinates":[[140.157739,36.348005],[140.157754,36.34798]]}},{"type":"Feature","properties":{"id":199064112,"highway":"residential"},"geometry":{"type":"LineString","coordinates":[[140.108341,36.32712],[140.108703,36.327073]]}},{"type":"Feature","properties":{"id":199064116,"highway":"unclassified"},"geometry":{"type":"LineString","coordinates":[[140.103369,36.366367],[140.103406,36.365406]]}},{"type":"Feature","properties":{"id":199064129,"highway":"unclassified"},"geometry":{"type":"LineString","coordinates":[[140.151905,36.34552],[140.151821,36.345515]]}},{"type":"Feature","properties":{"id":199064139,"highway":"residential"},"geometry":{"type":"LineString","coordinates":[[140.161579,36.329357],[140.16171,36.330016]]}},{"type":"Feature","properties":{"id":199064143,"highway":"unclassified"},"geometry":{"type":"LineString","coordinates":[[140.115892,36.367218],[140.116354,36.367328],[140.117179,36.367057]]}},{"type":"Feature","properties":{"id":199064150,"highway":"unclassified"},"geometry":{"type":"LineString","coordinates":[[140.146902,36.343402],[140.146913,36.34374]]}},{"type":"Feature","properties":{"id":199064154,"highway":"unclassified"},"geometry":{"type":"LineString","coordinates":[[140.103351,36.350913],[140.103363,36.351006],[140.103397,36.351367],[140.103422,36.351497],[140.103453,36.351649],[140.103534,36.351917],[140.103639,36.352223],[140.103739,36.352564],[140.103788,36.352747],[140.103821,36.352836],[140.103974,36.353141],[140.10413,36.353445],[140.104159,36.353502],[140.104335,36.353819],[140.104438,36.354037],[140.104666,36.354594],[140.104691,36.354655],[140.104769,36.354846],[140.104893,36.355194],[140.105001,36.355541]]}},{"type":"Feature","properties":{"id":199064164,"highway":"unclassified"},"geometry":{"type":"LineString","coordinates":[[140.115244,36.367085],[140.115892,36.367218]]}},{"type":"Feature","properties":{"id":199064165,"highway":"unclassified"},"geometry":{"type":"LineString","coordinates":[[140.117281,36.361423],[140.116752,36.361618]]}},{"type":"Feature","properties":{"id":199064176,"highway":"unclassified"},"geometry":{"type":"LineString","coordinates":[[140.111017,36.316877],[140.110939,36.316036],[140.110907,36.315734],[140.110854,36.315258],[140.110886,36.315069],[140.110918,36.314782],[140.110917,36.314546],[140.110879,36.314307],[140.110934,36.31381]]}},{"type":"Feature","properties":{"id":199064178,"highway":"unclassified"},"geometry":{"type":"LineString","coordinates":[[140.105284,36.365183],[140.105289,36.365556]]}},{"type":"Feature","properties":{"id":199064197,"highway":"unclassified"},"geometry":{"type":"LineString","coordinates":[[140.136227,36.350108],[140.136208,36.350223]]}},{"type":"Feature","properties":{"id":199064224,"highway":"unclassified"},"geometry":{"type":"LineString","coordinates":[[140.126734,36.361476],[140.126855,36.361212]]}},{"type":"Feature","properties":{"id":199064231,"highway":"unclassified"},"geometry":{"type":"LineString","coordinates":[[140.113321,36.361275],[140.113468,36.361446]]}},{"type":"Feature","properties":{"id":199064232,"highway":"unclassified"},"geometry":{"type":"LineString","coordinates":[[140.135137,36.350885],[140.134959,36.350907],[140.134757,36.350919]]}},{"type":"Feature","properties":{"id":199064240,"highway":"tertiary"},"geometry":{"type":"LineString","coordinates":[[140.108908,36.368179],[140.108965,36.367764],[140.10899,36.367566],[140.109074,36.366925],[140.109114,36.366489],[140.109214,36.36579],[140.109283,36.365117],[140.109272,36.36482],[140.109267,36.364671]]}},{"type":"Feature","properties":{"id":199064250,"highway":"residential"},"geometry":{"type":"LineString","coordinates":[[140.161382,36.348677],[140.161418,36.348656]]}},{"type":"Feature","properties":{"id":199064261,"highway":"unclassified"},"geometry":{"type":"LineString","coordinates":[[140.102381,36.313217],[140.102494,36.313164],[140.102982,36.313064],[140.103462,36.312976]]}},{"type":"Feature","properties":{"id":199064266,"highway":"unclassified"},"geometry":{"type":"LineString","coordinates":[[140.111639,36.309088],[140.11164,36.30906]]}},{"type":"Feature","properties":{"id":199064267,"highway":"unclassified"},"geometry":{"type":"LineString","coordinates":[[140.140968,36.355423],[140.141183,36.355376]]}},{"type":"Feature","properties":{"id":199064270,"highway":"unclassified"},"geometry":{"type":"LineString","coordinates":[[140.109633,36.363324],[140.109921,36.364064]]}},{"type":"Feature","properties":{"id":199064287,"highway":"unclassified"},"geometry":{"type":"LineString","coordinates":[[140.11249,36.364209],[140.112965,36.364085],[140.113047,36.364058]]}},{"type":"Feature","properties":{"id":199064288,"highway":"unclassified"},"geometry":{"type":"LineString","coordinates":[[140.107034,36.364375],[140.10716,36.363905]]}},{"type":"Feature","properties":{"id":199064293,"highway":"residential"},"geometry":{"type":"LineString","coordinates":[[140.153294,36.345827],[140.153566,36.345939]]}},{"type":"Feature","properties":{"id":199064295,"highway":"unclassified"},"geometry":{"type":"LineString","coordinates":[[140.108445,36.363649],[140.109083,36.363477],[140.109633,36.363324]]}},{"type":"Feature","properties":{"id":199064298,"highway":"unclassified"},"geometry":{"type":"LineString","coordinates":[[140.158744,36.350146],[140.159515,36.350333],[140.1596,36.350356]]}},{"type":"Feature","properties":{"id":199064304,"highway":"unclassified"},"geometry":{"type":"LineString","coordinates":[[140.115967,36.365074],[140.115844,36.364739],[140.115719,36.364482],[140.115482,36.364061],[140.115241,36.363642],[140.115001,36.36324]]}},{"type":"Feature","properties":{"id":199064310,"highway":"unclassified"},"geometry":{"type":"LineString","coordinates":[[140.143079,36.345079],[140.143324,36.345061],[140.143601,36.345058]]}},{"type":"Feature","properties":{"id":199064322,"highway":"residential"},"geometry":{"type":"LineString","coordinates":[[140.130008,36.348783],[140.12998,36.348669]]}},{"type":"Feature","properties":{"id":199064328,"highway":"unclassified"},"geometry":{"type":"LineString","coordinates":[[140.112819,36.362609],[140.112647,36.362328],[140.112665,36.362289],[140.113514,36.361517],[140.113468,36.361446]]}},{"type":"Feature","properties":{"id":199064330,"highway":"unclassified"},"geometry":{"type":"LineString","coordinates":[[140.154949,36.348618],[140.155262,36.348956]]}},{"type":"Feature","properties":{"id":199064332,"highway":"residential"},"geometry":{"type":"LineString","coordinates":[[140.135172,36.387243],[140.135104,36.387401],[140.135062,36.387606],[140.135035,36.387908],[140.135003,36.388131]]}},{"type":"Feature","properties":{"id":199064386,"highway":"unclassified"},"geometry":{"type":"LineString","coordinates":[[140.113047,36.364058],[140.113126,36.364027],[140.113575,36.363822],[140.114147,36.363565],[140.115001,36.36324],[140.117245,36.362388],[140.117578,36.362273]]}},{"type":"Feature","properties":{"id":199064423,"highway":"unclassified"},"geometry":{"type":"LineString","coordinates":[[140.116108,36.365512],[140.115473,36.365657],[140.114977,36.365756],[140.114469,36.365865]]}},{"type":"Feature","properties":{"id":199064441,"highway":"unclassified"},"geometry":{"type":"LineString","coordinates":[[140.104121,36.310583],[140.10355,36.31004]]}},{"type":"Feature","properties":{"id":199064459,"highway":"service"},"geometry":{"type":"LineString","coordinates":[[140.106258,36.360039],[140.10626,36.360388]]}},{"type":"Feature","properties":{"id":199064479,"highway":"unclassified"},"geometry":{"type":"LineString","coordinates":[[140.114276,36.362063],[140.114506,36.36247]]}},{"type":"Feature","properties":{"id":199064492,"highway":"service"},"geometry":{"type":"LineString","coordinates":[[140.107461,36.359943],[140.107416,36.360236],[140.10741,36.360277],[140.107421,36.360309]]}},{"type":"Feature","properties":{"id":199064500,"highway":"unclassified"},"geometry":{"type":"LineString","coordinates":[[140.116863,36.365849],[140.116847,36.366049]]}},{"type":"Feature","properties":{"id":199064501,"highway":"unclassified"},"geometry":{"type":"LineString","coordinates":[[140.118082,36.323984],[140.117932,36.32396]]}},{"type":"Feature","properties":{"id":199064519,"highway":"residential"},"geometry":{"type":"LineString","coordinates":[[140.123533,36.352786],[140.123095,36.352386]]}},{"type":"Feature","properties":{"id":199064556,"highway":"unclassified"},"geometry":{"type":"LineString","coordinates":[[140.110932,36.367137],[140.110223,36.367081]]}},{"type":"Feature","properties":{"id":199064590,"highway":"unclassified"},"geometry":{"type":"LineString","coordinates":[[140.103406,36.365406],[140.103426,36.364863]]}},{"type":"Feature","properties":{"id":199064600,"highway":"unclassified"},"geometry":{"type":"LineString","coordinates":[[140.113548,36.31198],[140.113489,36.311901]]}},{"type":"Feature","properties":{"id":199064603,"highway":"unclassified"},"geometry":{"type":"LineString","coordinates":[[140.132601,36.38477],[140.132549,36.384778],[140.131746,36.384998],[140.131541,36.385078]]}},{"type":"Feature","properties":{"id":199064619,"highway":"residential"},"geometry":{"type":"LineString","coordinates":[[140.111812,36.309002],[140.11164,36.30906]]}},{"type":"Feature","properties":{"id":199064642,"highway":"unclassified"},"geometry":{"type":"LineString","coordinates":[[140.114811,36.36069],[140.115105,36.361165]]}},{"type":"Feature","properties":{"id":199064647,"highway":"unclassified"},"geometry":{"type":"LineString","coordinates":[[140.113949,36.36218],[140.112819,36.362609]]}},{"type":"Feature","properties":{"id":199064657,"highway":"unclassified"},"geometry":{"type":"LineString","coordinates":[[140.148701,36.356225],[140.148647,36.356021]]}},{"type":"Feature","properties":{"id":199064686,"highway":"unclassified"},"geometry":{"type":"LineString","coordinates":[[140.114462,36.301294],[140.114799,36.301266],[140.115135,36.301175]]}},{"type":"Feature","properties":{"id":199064708,"highway":"unclassified"},"geometry":{"type":"LineString","coordinates":[[140.105898,36.360044],[140.106095,36.360046],[140.106258,36.360039],[140.107141,36.359959],[140.107337,36.359951],[140.107461,36.359943],[140.107585,36.359928]]}},{"type":"Feature","properties":{"id":199064717,"highway":"residential"},"geometry":{"type":"LineString","coordinates":[[140.157754,36.34798],[140.1579,36.3476]]}},{"type":"Feature","properties":{"id":199064735,"highway":"residential"},"geometry":{"type":"LineString","coordinates":[[140.14162,36.358762],[140.141616,36.358573]]}},{"type":"Feature","properties":{"id":199064746,"highway":"unclassified"},"geometry":{"type":"LineString","coordinates":[[140.115589,36.36156],[140.116611,36.361186]]}},{"type":"Feature","properties":{"id":199064749,"highway":"unclassified"},"geometry":{"type":"LineString","coordinates":[[140.107501,36.307893],[140.10787,36.308223]]}},{"type":"Feature","properties":{"id":199064751,"highway":"tertiary"},"geometry":{"type":"LineString","coordinates":[[140.127418,36.353527],[140.127259,36.353666],[140.12708,36.353763],[140.126518,36.354008],[140.126355,36.354071],[140.126154,36.354135],[140.125882,36.35416],[140.125373,36.354182],[140.1249,36.354204],[140.124646,36.354252],[140.124547,36.354295],[140.12447,36.354361],[140.124425,36.354447],[140.124359,36.354664],[140.124309,36.354797],[140.124134,36.354926],[140.123701,36.355145],[140.123033,36.355484],[140.122407,36.355798],[140.12174,36.356137],[140.12137,36.356301],[140.120459,36.356675]]}},{"type":"Feature","properties":{"id":199064756,"highway":"unclassified"},"geometry":{"type":"LineString","coordinates":[[140.144112,36.364264],[140.14432,36.364275],[140.145121,36.364104],[140.145562,36.364033],[140.145648,36.364027]]}},{"type":"Feature","properties":{"id":199064760,"highway":"unclassified"},"geometry":{"type":"LineString","coordinates":[[140.117535,36.363287],[140.11786,36.363166]]}},{"type":"Feature","properties":{"id":199064769,"highway":"unclassified"},"geometry":{"type":"LineString","coordinates":[[140.141809,36.366744],[140.141848,36.365559]]}},{"type":"Feature","properties":{"id":199064773,"highway":"unclassified"},"geometry":{"type":"LineString","coordinates":[[140.115589,36.36156],[140.11583,36.361975]]}},{"type":"Feature","properties":{"id":199064787,"highway":"unclassified"},"geometry":{"type":"LineString","coordinates":[[140.128091,36.38482],[140.128048,36.384872],[140.127496,36.385318]]}},{"type":"Feature","properties":{"id":199064799,"highway":"unclassified"},"geometry":{"type":"LineString","coordinates":[[140.10591,36.322485],[140.106095,36.322701]]}},{"type":"Feature","properties":{"id":199064810,"highway":"residential"},"geometry":{"type":"LineString","coordinates":[[140.160317,36.347973],[140.160314,36.348033]]}},{"type":"Feature","properties":{"id":199064866,"highway":"unclassified"},"geometry":{"type":"LineString","coordinates":[[140.144142,36.379525],[140.143969,36.379404],[140.143687,36.379225],[140.143568,36.379137],[140.143401,36.379037],[140.143262,36.378893],[140.143184,36.37877],[140.143074,36.378542]]}},{"type":"Feature","properties":{"id":199064896,"highway":"unclassified"},"geometry":{"type":"LineString","coordinates":[[140.150563,36.377678],[140.150588,36.377712],[140.150649,36.378127],[140.150766,36.378654],[140.15079,36.378776],[140.150844,36.379087],[140.150867,36.379221],[140.150877,36.379311],[140.150866,36.379486],[140.150804,36.380144],[140.150741,36.380639],[140.150722,36.380873],[140.150717,36.380892]]}},{"type":"Feature","properties":{"id":199064921,"highway":"unclassified"},"geometry":{"type":"LineString","coordinates":[[140.152717,36.339022],[140.151787,36.339035]]}},{"type":"Feature","properties":{"id":199064960,"highway":"unclassified"},"geometry":{"type":"LineString","coordinates":[[140.102068,36.310755],[140.102781,36.311419]]}},{"type":"Feature","properties":{"id":199064965,"highway":"unclassified"},"geometry":{"type":"LineString","coordinates":[[140.107034,36.364375],[140.106665,36.364374],[140.106477,36.36438]]}},{"type":"Feature","properties":{"id":199064982,"highway":"residential"},"geometry":{"type":"LineString","coordinates":[[140.151919,36.346281],[140.152029,36.346287],[140.152536,36.346276],[140.153004,36.346249]]}},{"type":"Feature","properties":{"id":199064997,"highway":"unclassified"},"geometry":{"type":"LineString","coordinates":[[140.106154,36.363212],[140.105661,36.36316],[140.104856,36.363131],[140.104802,36.362787]]}},{"type":"Feature","properties":{"id":199065020,"highway":"unclassified"},"geometry":{"type":"LineString","coordinates":[[140.151654,36.345515],[140.151617,36.345518]]}},{"type":"Feature","properties":{"id":199065028,"highway":"unclassified"},"geometry":{"type":"LineString","coordinates":[[140.112532,36.363191],[140.113047,36.363008]]}},{"type":"Feature","properties":{"id":199065042,"highway":"service"},"geometry":{"type":"LineString","coordinates":[[140.105066,36.32454],[140.105037,36.324584],[140.104591,36.324602]]}},{"type":"Feature","properties":{"id":199065057,"highway":"unclassified"},"geometry":{"type":"LineString","coordinates":[[140.130124,36.383311],[140.129923,36.383028]]}},{"type":"Feature","properties":{"id":199065059,"highway":"unclassified"},"geometry":{"type":"LineString","coordinates":[[140.115385,36.376537],[140.115391,36.376392]]}},{"type":"Feature","properties":{"id":199065091,"highway":"unclassified"},"geometry":{"type":"LineString","coordinates":[[140.112467,36.359772],[140.112438,36.359251]]}},{"type":"Feature","properties":{"id":199065110,"highway":"unclassified"},"geometry":{"type":"LineString","coordinates":[[140.152498,36.352151],[140.153743,36.352146]]}},{"type":"Feature","properties":{"id":199065112,"highway":"unclassified"},"geometry":{"type":"LineString","coordinates":[[140.114506,36.36247],[140.11583,36.361975]]}},{"type":"Feature","properties":{"id":199065114,"highway":"unclassified"},"geometry":{"type":"LineString","coordinates":[[140.16154,36.386029],[140.161415,36.386025],[140.161283,36.386029],[140.161104,36.38605]]}},{"type":"Feature","properties":{"id":199065116,"highway":"residential"},"geometry":{"type":"LineString","coordinates":[[140.154901,36.347095],[140.154339,36.346847],[140.153116,36.346256],[140.153004,36.346249]]}},{"type":"Feature","properties":{"id":199065145,"highway":"unclassified"},"geometry":{"type":"LineString","coordinates":[[140.10775,36.365262],[140.107782,36.365497],[140.107846,36.366077],[140.107899,36.366576]]}},{"type":"Feature","properties":{"id":199065168,"highway":"residential"},"geometry":{"type":"LineString","coordinates":[[140.137894,36.350792],[140.138092,36.350917]]}},{"type":"Feature","properties":{"id":199065177,"highway":"unclassified"},"geometry":{"type":"LineString","coordinates":[[140.111065,36.316875],[140.111017,36.316877]]}},{"type":"Feature","properties":{"id":199065185,"highway":"residential"},"geometry":{"type":"LineString","coordinates":[[140.109581,36.369015],[140.109619,36.368995],[140.109721,36.368904],[140.109744,36.368893],[140.110128,36.368869]]}},{"type":"Feature","properties":{"id":199065198,"highway":"unclassified"},"geometry":{"type":"LineString","coordinates":[[140.144572,36.342854],[140.144573,36.34316]]}},{"type":"Feature","properties":{"id":199065212,"highway":"residential"},"geometry":{"type":"LineString","coordinates":[[140.160097,36.348521],[140.160275,36.348561],[140.161382,36.348677]]}},{"type":"Feature","properties":{"id":199065219,"highway":"service"},"geometry":{"type":"LineString","coordinates":[[140.105557,36.349153],[140.105583,36.349232],[140.10561,36.349298]]}},{"type":"Feature","properties":{"id":199065235,"highway":"unclassified"},"geometry":{"type":"LineString","coordinates":[[140.131908,36.385778],[140.131366,36.385914]]}},{"type":"Feature","properties":{"id":199065240,"highway":"unclassified"},"geometry":{"type":"LineString","coordinates":[[140.11636,36.360408],[140.116956,36.360299]]}},{"type":"Feature","properties":{"id":199065253,"highway":"unclassified"},"geometry":{"type":"LineString","coordinates":[[140.111327,36.318368],[140.1113,36.318249]]}},{"type":"Feature","properties":{"id":199065271,"highway":"unclassified"},"geometry":{"type":"LineString","coordinates":[[140.112501,36.306193],[140.112582,36.306147]]}},{"type":"Feature","properties":{"id":199065309,"highway":"unclassified"},"geometry":{"type":"LineString","coordinates":[[140.15071,36.380992],[140.150707,36.381012],[140.150518,36.382917],[140.150427,36.383836]]}},{"type":"Feature","properties":{"id":199065329,"highway":"unclassified"},"geometry":{"type":"LineString","coordinates":[[140.149449,36.348429],[140.149544,36.348529]]}},{"type":"Feature","properties":{"id":199065342,"highway":"residential"},"geometry":{"type":"LineString","coordinates":[[140.105892,36.331881],[140.10582,36.331803],[140.105768,36.331692]]}},{"type":"Feature","properties":{"id":199065344,"highway":"residential"},"geometry":{"type":"LineString","coordinates":[[140.1579,36.3476],[140.157923,36.347536]]}},{"type":"Feature","properties":{"id":199065346,"highway":"residential"},"geometry":{"type":"LineString","coordinates":[[140.109761,36.327609],[140.109727,36.327764],[140.109725,36.327988],[140.109783,36.328407]]}},{"type":"Feature","properties":{"id":199065347,"highway":"unclassified"},"geometry":{"type":"LineString","coordinates":[[140.111331,36.365087],[140.111222,36.365111],[140.11029,36.365307]]}},{"type":"Feature","properties":{"id":199065357,"highway":"unclassified"},"geometry":{"type":"LineString","coordinates":[[140.152493,36.342733],[140.15185,36.342745]]}},{"type":"Feature","properties":{"id":199065359,"highway":"residential"},"geometry":{"type":"LineString","coordinates":[[140.113615,36.306723],[140.113346,36.306202]]}},{"type":"Feature","properties":{"id":199065404,"highway":"unclassified"},"geometry":{"type":"LineString","coordinates":[[140.110249,36.312574],[140.110303,36.312536]]}},{"type":"Feature","properties":{"id":199065423,"highway":"unclassified"},"geometry":{"type":"LineString","coordinates":[[140.148448,36.382415],[140.14838,36.382379],[140.148202,36.382273],[140.148051,36.382199],[140.147861,36.382122],[140.147704,36.382065],[140.147375,36.381961],[140.147178,36.381889],[140.146742,36.38169],[140.146467,36.381568],[140.146184,36.381472],[140.146025,36.381428],[140.145658,36.381344],[140.145492,36.381293],[140.145345,36.381228],[140.145192,36.381147],[140.144771,36.380862],[140.144477,36.380689],[140.14408,36.380477],[140.143931,36.380389],[140.143792,36.380287],[140.143662,36.380178],[140.143423,36.380045],[140.143246,36.379958],[140.142959,36.379866],[140.142497,36.379735],[140.14232,36.379698],[140.141889,36.379624],[140.14163,36.379566],[140.141368,36.379488],[140.14025,36.37919],[140.139874,36.379064],[140.139814,36.379022],[140.139776,36.378971],[140.139729,36.378791],[140.1396,36.378418],[140.139556,36.378313],[140.139395,36.378003],[140.13915,36.37761],[140.139098,36.377498],[140.139016,36.37725],[140.138968,36.377072],[140.138911,36.376675],[140.138884,36.376375],[140.138898,36.376184],[140.138976,36.375808],[140.138984,36.375719],[140.138976,36.375653],[140.138957,36.375574],[140.138915,36.375432],[140.138921,36.375315]]}},{"type":"Feature","properties":{"id":199065426,"highway":"residential"},"geometry":{"type":"LineString","coordinates":[[140.160314,36.348033],[140.160136,36.348435]]}},{"type":"Feature","properties":{"id":199065436,"highway":"unclassified"},"geometry":{"type":"LineString","coordinates":[[140.124682,36.401768],[140.124915,36.400131],[140.12518,36.398255],[140.125404,36.396717],[140.12543,36.396443],[140.125506,36.395815]]}},{"type":"Feature","properties":{"id":199065473,"highway":"unclassified"},"geometry":{"type":"LineString","coordinates":[[140.146919,36.352651],[140.146954,36.35267]]}},{"type":"Feature","properties":{"id":199065477,"highway":"unclassified"},"geometry":{"type":"LineString","coordinates":[[140.102068,36.310755],[140.101957,36.310805],[140.101693,36.310969],[140.101609,36.311008],[140.101525,36.311014],[140.10147,36.310991],[140.101232,36.31083],[140.100356,36.310024],[140.099059,36.30887]]}},{"type":"Feature","properties":{"id":199065506,"highway":"unclassified"},"geometry":{"type":"LineString","coordinates":[[140.114595,36.366476],[140.114645,36.366705],[140.11507,36.3668],[140.11526,36.366667]]}},{"type":"Feature","properties":{"id":199065541,"highway":"unclassified"},"geometry":{"type":"LineString","coordinates":[[140.105213,36.312264],[140.105208,36.312135],[140.105331,36.311961],[140.105404,36.311702]]}},{"type":"Feature","properties":{"id":199065572,"highway":"unclassified"},"geometry":{"type":"LineString","coordinates":[[140.11636,36.360408],[140.116484,36.360773]]}},{"type":"Feature","properties":{"id":199065598,"highway":"unclassified"},"geometry":{"type":"LineString","coordinates":[[140.105289,36.365556],[140.105365,36.366506]]}},{"type":"Feature","properties":{"id":199065614,"highway":"unclassified"},"geometry":{"type":"LineString","coordinates":[[140.106105,36.363067],[140.107376,36.36304]]}},{"type":"Feature","properties":{"id":199065666,"highway":"unclassified"},"geometry":{"type":"LineString","coordinates":[[140.15662,36.344325],[140.156611,36.343542]]}},{"type":"Feature","properties":{"id":199065684,"highway":"unclassified"},"geometry":{"type":"LineString","coordinates":[[140.118875,36.359939],[140.118849,36.359783]]}},{"type":"Feature","properties":{"id":199065735,"highway":"residential"},"geometry":{"type":"LineString","coordinates":[[140.112377,36.358878],[140.112393,36.358943],[140.112402,36.35898],[140.112408,36.359015],[140.112438,36.359251]]}},{"type":"Feature","properties":{"id":199065747,"highway":"unclassified"},"geometry":{"type":"LineString","coordinates":[[140.108564,36.364298],[140.108445,36.363649]]}},{"type":"Feature","properties":{"id":199065769,"highway":"service"},"geometry":{"type":"LineString","coordinates":[[140.113559,36.393921],[140.113514,36.393876],[140.113405,36.393738],[140.113302,36.39364],[140.113211,36.393566],[140.113104,36.393505],[140.112996,36.393461],[140.11287,36.393422],[140.112757,36.393391],[140.112705,36.393366],[140.112651,36.393332],[140.112592,36.393278],[140.112549,36.393204],[140.112519,36.393138],[140.112483,36.39306],[140.112434,36.39295],[140.112377,36.392847],[140.112305,36.392729],[140.112225,36.39261],[140.112169,36.392528]]}},{"type":"Feature","properties":{"id":199065780,"highway":"tertiary"},"geometry":{"type":"LineString","coordinates":[[140.172905,36.336003],[140.172807,36.336014],[140.17272,36.336068],[140.172642,36.336132],[140.172576,36.336169],[140.172514,36.336197],[140.172474,36.336204],[140.172417,36.336196],[140.172354,36.336162],[140.172277,36.336072],[140.172139,36.335841],[140.171913,36.335468],[140.171805,36.335408],[140.171696,36.33535],[140.171614,36.335294],[140.171576,36.335237],[140.171556,36.335186],[140.171519,36.335017],[140.171423,36.334763],[140.171386,36.334687]]}},{"type":"Feature","properties":{"id":199065804,"highway":"unclassified"},"geometry":{"type":"LineString","coordinates":[[140.112443,36.383872],[140.112426,36.383947],[140.112426,36.384004],[140.112436,36.384048],[140.112457,36.384075],[140.112486,36.384096],[140.11252,36.384108],[140.112558,36.38411],[140.112848,36.384037],[140.113187,36.383913],[140.113253,36.383912],[140.113285,36.383917],[140.113323,36.383946],[140.113477,36.384107],[140.113524,36.384156],[140.113564,36.384188],[140.113714,36.384228],[140.113876,36.384249],[140.113915,36.384264],[140.113945,36.384284],[140.113986,36.384348],[140.113994,36.384412],[140.113994,36.384455],[140.113981,36.384491],[140.113945,36.384531],[140.113686,36.384716],[140.11366,36.384752],[140.113644,36.38482],[140.113585,36.384985],[140.113483,36.385093],[140.113328,36.385158],[140.113122,36.385247],[140.113033,36.385321],[140.113009,36.385365],[140.113007,36.385471],[140.113028,36.385507],[140.113061,36.385528],[140.11311,36.385535],[140.113244,36.385539],[140.113637,36.385565],[140.113912,36.385579],[140.114116,36.385599],[140.114352,36.385634],[140.114455,36.385658],[140.114517,36.385683],[140.114657,36.385798],[140.114774,36.385939],[140.114822,36.386034],[140.114826,36.386125],[140.114796,36.386196],[140.114746,36.386248],[140.114675,36.3863],[140.114602,36.386323],[140.114471,36.386316],[140.114306,36.386288],[140.113957,36.386214],[140.113819,36.386209],[140.113673,36.386231],[140.113468,36.386306],[140.113116,36.386471],[140.113035,36.386537],[140.112998,36.386598],[140.112988,36.386638],[140.112988,36.38668],[140.112995,36.386706],[140.113017,36.386733],[140.113058,36.386751],[140.11311,36.386759],[140.113357,36.386738],[140.113418,36.386748],[140.113488,36.386767],[140.11354,36.386792],[140.113573,36.38682],[140.113592,36.386852],[140.113601,36.386888],[140.113599,36.387045],[140.11361,36.387112],[140.113624,36.387141],[140.113656,36.38717],[140.113779,36.387205],[140.114077,36.387213],[140.114221,36.387222],[140.114277,36.387236],[140.114321,36.387256],[140.114398,36.387352],[140.114401,36.387481],[140.114412,36.387529],[140.11443,36.38757],[140.114464,36.387596],[140.114535,36.387626],[140.114813,36.387659],[140.115226,36.38771],[140.115261,36.387721],[140.115298,36.387748],[140.115343,36.387795],[140.11539,36.387855],[140.115503,36.388035],[140.115539,36.388058],[140.115601,36.388085],[140.115837,36.388137],[140.116015,36.388192],[140.116062,36.388229],[140.11609,36.388256],[140.116102,36.388291],[140.1161,36.388355],[140.116091,36.38839],[140.116045,36.388453],[140.115983,36.388504],[140.115874,36.388543],[140.115572,36.388593],[140.115524,36.388625],[140.115514,36.38867],[140.115518,36.388701],[140.11554,36.38873],[140.115596,36.388746],[140.115657,36.38878],[140.115687,36.388812],[140.115722,36.388881],[140.115752,36.388905],[140.115792,36.388923],[140.115834,36.388928],[140.115916,36.388917],[140.116079,36.388886],[140.116259,36.388865],[140.11646,36.38888],[140.116536,36.388875],[140.116605,36.388861],[140.116702,36.388807],[140.116766,36.388731],[140.116848,36.388689],[140.116899,36.388671],[140.116996,36.388626],[140.117085,36.388548],[140.117199,36.38841],[140.1173,36.388323],[140.117411,36.388255],[140.117537,36.388205],[140.117603,36.388196],[140.117683,36.388204],[140.117731,36.388218],[140.11776,36.388236],[140.117778,36.388267],[140.117791,36.388314],[140.117763,36.388516],[140.117765,36.388572],[140.117781,36.388619],[140.117817,36.388661],[140.117863,36.388698],[140.117991,36.388731],[140.118152,36.38876],[140.11822,36.388801],[140.118251,36.388835],[140.118368,36.389125],[140.1185,36.389363],[140.118549,36.38943],[140.118609,36.389482],[140.118644,36.389503],[140.118682,36.389514],[140.11872,36.389519],[140.118786,36.389512],[140.118873,36.389485],[140.119033,36.389412],[140.119201,36.38928],[140.119353,36.389139],[140.119439,36.389085],[140.119483,36.389063],[140.119538,36.38905],[140.119577,36.389046],[140.119634,36.38905],[140.119693,36.389071],[140.119748,36.389102],[140.119789,36.38914],[140.119907,36.389309],[140.120023,36.389541],[140.120054,36.389579],[140.120086,36.389604],[140.120125,36.389618],[140.120166,36.389624],[140.120221,36.389621],[140.120335,36.389587],[140.12045,36.389509],[140.120547,36.389431],[140.120695,36.3893],[140.120859,36.38913],[140.120942,36.389073],[140.12102,36.389023],[140.121077,36.389007],[140.121155,36.389002],[140.121215,36.389012],[140.121284,36.389035],[140.121324,36.389067],[140.121366,36.389124],[140.121494,36.389403],[140.121608,36.38959],[140.121651,36.389613],[140.121703,36.38962],[140.121781,36.389599],[140.121907,36.389516],[140.122066,36.38945],[140.12214,36.389429],[140.12221,36.389424],[140.122242,36.389431],[140.122288,36.38946],[140.122343,36.38952],[140.122403,36.389574],[140.122487,36.389628],[140.122909,36.389758],[140.123046,36.389761],[140.123141,36.389731],[140.123212,36.389697],[140.123601,36.389439],[140.123746,36.389362],[140.124033,36.38923],[140.124134,36.389149],[140.12433,36.388897],[140.124573,36.388552],[140.12472,36.388396],[140.124789,36.388352],[140.124906,36.388294],[140.124989,36.388269],[140.125099,36.388246],[140.125177,36.388243],[140.125504,36.388284],[140.1256,36.388285],[140.125704,36.38827],[140.125958,36.388218],[140.126023,36.388212]]}},{"type":"Feature","properties":{"id":199065810,"highway":"unclassified"},"geometry":{"type":"LineString","coordinates":[[140.122128,36.353143],[140.122311,36.35331],[140.122372,36.353375],[140.122403,36.353419],[140.122426,36.353536],[140.122333,36.353614],[140.12226,36.353665],[140.12221,36.353716],[140.122182,36.353804],[140.12233,36.353909],[140.122399,36.354005],[140.122462,36.354118],[140.122588,36.354152],[140.122715,36.354205],[140.122631,36.354567],[140.122536,36.354948],[140.122414,36.355306],[140.122333,36.355534],[140.122407,36.355798]]}},{"type":"Feature","properties":{"id":199065816,"highway":"unclassified"},"geometry":{"type":"LineString","coordinates":[[140.164348,36.372804],[140.164403,36.372815],[140.164502,36.372826],[140.164558,36.372846],[140.164584,36.372874],[140.164595,36.372913],[140.164579,36.373072],[140.16455,36.373265],[140.164526,36.37335],[140.164488,36.373416],[140.164388,36.37347],[140.164171,36.373563],[140.164068,36.373622],[140.163962,36.373719],[140.163892,36.373808],[140.16384,36.373907],[140.163825,36.373982],[140.163832,36.374095],[140.163814,36.374176],[140.163779,36.374223],[140.163728,36.374278],[140.16362,36.374365]]}},{"type":"Feature","properties":{"id":199065827,"highway":"residential"},"geometry":{"type":"LineString","coordinates":[[140.12171,36.345193],[140.12194,36.345254],[140.122183,36.345254],[140.122385,36.345231],[140.122608,36.345237],[140.12281,36.345282],[140.122943,36.345327],[140.1232,36.345423],[140.123298,36.345446],[140.1235,36.345468],[140.123904,36.345485],[140.124677,36.345479],[140.124732,36.345463],[140.124795,36.345412],[140.124816,36.345389],[140.12483,36.34535],[140.124851,36.345316],[140.124934,36.344696],[140.124941,36.344589],[140.124955,36.34455],[140.124983,36.344454]]}},{"type":"Feature","properties":{"id":199065842,"highway":"unclassified"},"geometry":{"type":"LineString","coordinates":[[140.128437,36.347891],[140.128493,36.348004],[140.128805,36.348653],[140.128862,36.348753],[140.129029,36.349096],[140.129175,36.34945],[140.129294,36.349867],[140.129314,36.349946],[140.129384,36.350093],[140.129544,36.350285],[140.129767,36.350527],[140.130046,36.350797],[140.130241,36.351022],[140.130331,36.351157],[140.13054,36.351585],[140.130589,36.351698],[140.130679,36.351925],[140.130777,36.352218],[140.130798,36.352295],[140.130798,36.352437],[140.130777,36.352567]]}},{"type":"Feature","properties":{"id":199065845,"highway":"unclassified"},"geometry":{"type":"LineString","coordinates":[[140.156196,36.332999],[140.156103,36.332592],[140.156104,36.332555],[140.156291,36.332184],[140.156309,36.332161],[140.156328,36.332124],[140.156349,36.33203],[140.156351,36.331964],[140.156265,36.33129],[140.15622,36.330993],[140.156183,36.330812],[140.156069,36.330358],[140.156031,36.330269],[140.155955,36.330171],[140.155847,36.330096],[140.155725,36.330028],[140.155625,36.329983],[140.155526,36.329952],[140.15545,36.329941],[140.155381,36.329942],[140.155248,36.329951],[140.155121,36.329969],[140.154948,36.330031],[140.154918,36.330019],[140.154842,36.329956],[140.154769,36.329868]]}},{"type":"Feature","properties":{"id":199065849,"highway":"unclassified"},"geometry":{"type":"LineString","coordinates":[[140.114609,36.358992],[140.114633,36.358904],[140.114756,36.358799],[140.114789,36.358747],[140.114805,36.358703],[140.114815,36.358668],[140.114841,36.358629],[140.114952,36.358536],[140.115528,36.358306],[140.116448,36.358152],[140.117134,36.358105],[140.117489,36.358083],[140.117663,36.358085],[140.117966,36.358064],[140.118245,36.357982],[140.119259,36.357545],[140.119452,36.357392],[140.119522,36.357336],[140.119634,36.357208],[140.119744,36.357105],[140.12005,36.356878],[140.120459,36.356675]]}},{"type":"Feature","properties":{"id":199065853,"highway":"unclassified"},"geometry":{"type":"LineString","coordinates":[[140.182087,36.387884],[140.182061,36.387929],[140.182051,36.387978],[140.18206,36.388034],[140.18215,36.388214],[140.182181,36.388332],[140.182201,36.388434],[140.18221,36.38855],[140.182199,36.388968],[140.182173,36.389301],[140.182151,36.38937],[140.182124,36.389427],[140.182094,36.389465],[140.182087,36.389501],[140.182092,36.389544],[140.182139,36.389626],[140.182206,36.38974],[140.182224,36.389796],[140.182225,36.389857],[140.18221,36.390055],[140.182218,36.390157],[140.182264,36.390376],[140.18234,36.390706],[140.182344,36.39074],[140.182327,36.390786],[140.182319,36.390837],[140.182331,36.390954],[140.182355,36.391127],[140.18238,36.391175],[140.182437,36.391255],[140.18248,36.391313],[140.182485,36.391359],[140.182478,36.391409],[140.182452,36.391445],[140.182415,36.391475],[140.182382,36.391489],[140.182343,36.391505],[140.182325,36.391545],[140.182287,36.391906],[140.182266,36.392003],[140.182233,36.392092],[140.182149,36.392278],[140.182139,36.392326],[140.182151,36.392377],[140.182185,36.392443],[140.182368,36.392742],[140.182449,36.392838],[140.182484,36.392897],[140.182485,36.392932],[140.182462,36.392954],[140.182399,36.392969],[140.182236,36.393003],[140.182179,36.393022],[140.182153,36.39305],[140.182029,36.393308],[140.181919,36.393453],[140.181825,36.393558],[140.181805,36.393593],[140.181817,36.393624]]}},{"type":"Feature","properties":{"id":199065860,"highway":"unclassified"},"geometry":{"type":"LineString","coordinates":[[140.121166,36.367869],[140.121208,36.367885],[140.121258,36.367937],[140.121263,36.36795],[140.121263,36.367958],[140.12127,36.368183],[140.121242,36.368375],[140.121242,36.368617],[140.121326,36.368882],[140.121333,36.369006],[140.121305,36.369057],[140.121242,36.369108],[140.12118,36.36913],[140.120588,36.369118],[140.1204,36.369163],[140.120246,36.369237],[140.120107,36.369338],[140.119996,36.369445],[140.119418,36.369947],[140.119411,36.370026],[140.119494,36.370183]]}},{"type":"Feature","properties":{"id":199065872,"highway":"residential"},"geometry":{"type":"LineString","coordinates":[[140.158591,36.370881],[140.158971,36.37059],[140.159207,36.370452],[140.159523,36.370307],[140.159884,36.370073],[140.160519,36.369929],[140.160979,36.369801],[140.161146,36.369803],[140.161277,36.369917],[140.16135,36.370018],[140.161344,36.370084],[140.161285,36.370195],[140.161166,36.370339]]}},{"type":"Feature","properties":{"id":199065883,"highway":"unclassified"},"geometry":{"type":"LineString","coordinates":[[140.156697,36.348979],[140.156704,36.348973],[140.156808,36.349148],[140.156927,36.349243],[140.15701,36.349277],[140.15724,36.349339],[140.157484,36.349373],[140.157616,36.349413],[140.157651,36.349435],[140.157971,36.349677],[140.158132,36.349762],[140.158215,36.349779],[140.158375,36.349784],[140.158549,36.349745],[140.158619,36.349739],[140.158675,36.349749],[140.158723,36.349782],[140.158755,36.349826],[140.158726,36.349895],[140.158678,36.350003],[140.158768,36.350073]]}},{"type":"Feature","properties":{"id":199065890,"highway":"unclassified"},"geometry":{"type":"LineString","coordinates":[[140.125516,36.400834],[140.125551,36.400705],[140.12561,36.40045],[140.125644,36.400321],[140.12572,36.400134],[140.125718,36.400085],[140.125696,36.400041],[140.12559,36.399926],[140.125549,36.399864],[140.125514,36.399773],[140.125475,36.399677],[140.125469,36.399603],[140.125489,36.399359],[140.125514,36.399115],[140.125484,36.398817],[140.125488,36.398715],[140.125506,36.398641],[140.125537,36.398599],[140.12559,36.398544],[140.125651,36.398482],[140.125733,36.398355],[140.125762,36.39831]]}},{"type":"Feature","properties":{"id":199065894,"highway":"tertiary"},"geometry":{"type":"LineString","coordinates":[[140.182087,36.387884],[140.182236,36.387661],[140.182245,36.387367],[140.182295,36.387148],[140.182336,36.386859],[140.182413,36.386747],[140.182604,36.386409],[140.182635,36.386184],[140.18286,36.385823],[140.182926,36.385694],[140.182942,36.385579],[140.182946,36.385402],[140.182932,36.385233],[140.182873,36.385019],[140.182797,36.384785],[140.182689,36.384461],[140.182547,36.384199],[140.182424,36.384014],[140.182306,36.383886],[140.18212,36.383763],[140.181912,36.38365],[140.181732,36.383521],[140.18159,36.383392],[140.181504,36.383299],[140.181453,36.383227],[140.181411,36.383129],[140.1814,36.38297]]}},{"type":"Feature","properties":{"id":199065906,"highway":"residential"},"geometry":{"type":"LineString","coordinates":[[140.128437,36.347891],[140.128492,36.347812],[140.12854,36.347744],[140.128638,36.347547],[140.128652,36.347468],[140.128638,36.347277],[140.128555,36.347085],[140.128527,36.347057],[140.128117,36.346353],[140.127963,36.34606],[140.1279,36.345857],[140.127865,36.345722],[140.127887,36.345491],[140.127977,36.345198],[140.128032,36.345085],[140.128117,36.344995],[140.128185,36.344961],[140.12829,36.344967],[140.128603,36.345226],[140.128708,36.345277],[140.128812,36.345311],[140.128937,36.345311]]}},{"type":"Feature","properties":{"id":199065916,"highway":"service"},"geometry":{"type":"LineString","coordinates":[[140.098122,36.389699],[140.098191,36.389571],[140.098269,36.389456],[140.098347,36.389374],[140.098416,36.389314],[140.098489,36.389273],[140.098595,36.389245],[140.098765,36.389236],[140.098958,36.389236],[140.099182,36.389236],[140.099297,36.389232],[140.099407,36.389213],[140.09954,36.38919],[140.099664,36.389135],[140.09977,36.389085],[140.099894,36.389007],[140.099995,36.388924],[140.100059,36.38886],[140.100114,36.388764],[140.100142,36.388668],[140.100178,36.388484],[140.100179,36.388389]]}},{"type":"Feature","properties":{"id":199065932,"highway":"unclassified"},"geometry":{"type":"LineString","coordinates":[[140.102127,36.377742],[140.102426,36.377973],[140.102697,36.378221],[140.102983,36.378425],[140.103219,36.378751],[140.103345,36.378898],[140.103616,36.379152],[140.103714,36.379282],[140.10379,36.379428],[140.103839,36.379574],[140.103839,36.379777],[140.103825,36.379804],[140.103825,36.380115],[140.103902,36.38029],[140.104271,36.380915],[140.10439,36.381146],[140.104501,36.381462],[140.10453,36.381608],[140.10453,36.381873],[140.104481,36.382053],[140.104376,36.382318],[140.104349,36.382419]]}},{"type":"Feature","properties":{"id":199065949,"highway":"tertiary"},"geometry":{"type":"LineString","coordinates":[[140.175327,36.381412],[140.175408,36.381367],[140.175542,36.381207],[140.175664,36.381095],[140.175763,36.380992],[140.175862,36.380923],[140.176086,36.380804],[140.17629,36.380733],[140.176355,36.380705],[140.176385,36.380662],[140.176388,36.380607],[140.176363,36.380553],[140.176284,36.380529],[140.176132,36.380512],[140.175968,36.380457],[140.175762,36.380343],[140.175679,36.380304],[140.175555,36.380274],[140.175366,36.38028],[140.175145,36.380312],[140.174964,36.38028],[140.174867,36.38025],[140.174739,36.380238],[140.174623,36.380175],[140.174516,36.380073],[140.174438,36.379925],[140.174405,36.37975],[140.17442,36.379571],[140.174503,36.379207],[140.174501,36.37891],[140.174531,36.378775],[140.174704,36.378205],[140.174579,36.37793],[140.17427,36.377718],[140.174048,36.377532],[140.173242,36.376848],[140.173075,36.376751],[140.172851,36.376742],[140.17268,36.376763],[140.17254,36.376749],[140.172368,36.376708],[140.171713,36.376394],[140.171355,36.376198],[140.171038,36.376033],[140.170832,36.375864],[140.170702,36.375715],[140.170653,36.375547],[140.17066,36.37521]]}},{"type":"Feature","properties":{"id":199065959,"highway":"unclassified"},"geometry":{"type":"LineString","coordinates":[[140.121763,36.39667],[140.12171,36.396669],[140.121602,36.39664],[140.121522,36.396629],[140.121291,36.396632],[140.121213,36.396631],[140.121127,36.396625],[140.121062,36.396616],[140.120997,36.396596],[140.120925,36.396568],[140.120847,36.396531],[140.120659,36.396418],[140.120554,36.396359],[140.120473,36.396295],[140.120424,36.396235],[140.120401,36.396163],[140.120378,36.396031],[140.120355,36.395942],[140.120295,36.395877],[140.120222,36.395823],[140.120139,36.395781],[140.120057,36.39574],[140.120003,36.395704],[140.119951,36.395645],[140.119891,36.395547],[140.119844,36.395452],[140.119777,36.395288],[140.119739,36.395224],[140.119686,36.395167],[140.119589,36.395085],[140.119461,36.394986],[140.119318,36.394888],[140.119213,36.394838],[140.119133,36.394812],[140.119027,36.394789],[140.118925,36.39476],[140.118836,36.394735],[140.118756,36.394701],[140.118642,36.394645],[140.118507,36.394561],[140.118337,36.394449],[140.118268,36.394392],[140.118108,36.394235],[140.117887,36.393998]]}},{"type":"Feature","properties":{"id":199065968,"highway":"unclassified"},"geometry":{"type":"LineString","coordinates":[[140.156611,36.343542],[140.156473,36.343429],[140.156348,36.343356],[140.156223,36.343356],[140.156015,36.343407],[140.155699,36.343579],[140.154948,36.344024],[140.154842,36.344294],[140.154659,36.344562],[140.1542,36.344947],[140.153932,36.345096],[140.153743,36.345096],[140.15325,36.345]]}},{"type":"Feature","properties":{"id":199066005,"highway":"unclassified"},"geometry":{"type":"LineString","coordinates":[[140.131101,36.397873],[140.131077,36.397832],[140.131013,36.397731],[140.130843,36.397394],[140.130827,36.397337],[140.130824,36.39727],[140.130846,36.397203],[140.130893,36.397069],[140.130913,36.396996],[140.130913,36.396949],[140.130904,36.396908],[140.130882,36.396837],[140.13076,36.396651],[140.13072,36.396579],[140.130684,36.3965],[140.130662,36.396411],[140.130615,36.396152],[140.130535,36.395907],[140.13052,36.395821],[140.130509,36.395716],[140.130511,36.395639],[140.130608,36.395268],[140.130623,36.395198],[140.130627,36.395123],[140.130642,36.394748],[140.130634,36.394609],[140.130613,36.394514],[140.130564,36.394362],[140.13043,36.394055],[140.130387,36.393994],[140.130104,36.393719],[140.129949,36.393574],[140.129848,36.393476],[140.129791,36.393393],[140.129729,36.393293],[140.12966,36.393121]]}},{"type":"Feature","properties":{"id":199066034,"highway":"unclassified"},"geometry":{"type":"LineString","coordinates":[[140.152537,36.359858],[140.152781,36.359878],[140.153485,36.359982],[140.153623,36.360014],[140.153873,36.360084],[140.154522,36.360327],[140.154728,36.36041],[140.154854,36.360446],[140.155013,36.360477],[140.155718,36.360603],[140.15589,36.360643],[140.156024,36.360686],[140.156621,36.360924],[140.156737,36.360998],[140.156839,36.361049],[140.15694,36.361079],[140.157064,36.361102],[140.157193,36.3611],[140.157341,36.361082],[140.157566,36.361051],[140.157722,36.36104],[140.157892,36.361041],[140.158218,36.361085],[140.158529,36.361127],[140.158697,36.361152],[140.158847,36.361206],[140.159032,36.361283],[140.159166,36.361329],[140.15934,36.361377],[140.159504,36.361409],[140.159625,36.361426]]}},{"type":"Feature","properties":{"id":199066043,"highway":"service"},"geometry":{"type":"LineString","coordinates":[[140.116445,36.314572],[140.116754,36.314615],[140.117147,36.31446],[140.117599,36.31444],[140.117856,36.314441],[140.118168,36.314374],[140.11822,36.314351]]}},{"type":"Feature","properties":{"id":199066050,"highway":"unclassified"},"geometry":{"type":"LineString","coordinates":[[140.117932,36.32396],[140.117586,36.323864],[140.117438,36.323871],[140.11715,36.324003],[140.116981,36.324029],[140.116793,36.324013],[140.11668,36.323974],[140.11659,36.323962],[140.116387,36.323915],[140.116084,36.323926],[140.115714,36.323989],[140.115578,36.323972],[140.115044,36.32391],[140.114712,36.323913],[140.114532,36.323867],[140.114435,36.323815],[140.11389,36.32384],[140.112919,36.324128],[140.112635,36.324193],[140.112553,36.32421]]}},{"type":"Feature","properties":{"id":199066070,"highway":"service"},"geometry":{"type":"LineString","coordinates":[[140.113646,36.398401],[140.113685,36.398334],[140.113733,36.398257],[140.113771,36.398152],[140.113794,36.398007],[140.113817,36.397739],[140.113814,36.397529],[140.113834,36.396926],[140.113849,36.396235],[140.113883,36.396069],[140.113912,36.395899],[140.113924,36.395772],[140.113912,36.395686],[140.113872,36.395626],[140.113814,36.395588],[140.113746,36.395571],[140.113672,36.395583],[140.11365,36.395588],[140.113591,36.395603],[140.11349,36.395637],[140.113389,36.395649],[140.113266,36.395652],[140.113128,36.395634],[140.113021,36.395597],[140.112958,36.395554],[140.112906,36.395505],[140.112865,36.39544]]}},{"type":"Feature","properties":{"id":199066075,"highway":"unclassified"},"geometry":{"type":"LineString","coordinates":[[140.171806,36.363227],[140.171407,36.363428],[140.171284,36.363498],[140.171175,36.363574],[140.170996,36.363678],[140.170712,36.363864],[140.170672,36.363877],[140.170637,36.363881],[140.170597,36.36387],[140.170566,36.363848],[140.170525,36.363813],[140.170432,36.363719],[140.170349,36.363655],[140.170035,36.363468],[140.169848,36.363356],[140.169779,36.363325],[140.169737,36.363315],[140.169675,36.363316],[140.169646,36.363331],[140.169625,36.363367],[140.169612,36.363414],[140.169614,36.363483],[140.169648,36.363638],[140.169655,36.363689],[140.169646,36.363748],[140.169611,36.363805],[140.169531,36.363867],[140.169398,36.363946],[140.169273,36.364015],[140.169202,36.364043],[140.169157,36.364047],[140.169116,36.364037],[140.169093,36.364007],[140.169092,36.363965],[140.169108,36.36393],[140.169158,36.363864],[140.169169,36.363822],[140.169154,36.363791],[140.169131,36.363771],[140.169087,36.363759],[140.168995,36.36375],[140.168748,36.363764],[140.168714,36.36375],[140.168697,36.363724],[140.168683,36.36369]]}},{"type":"Feature","properties":{"id":199066094,"highway":"unclassified"},"geometry":{"type":"LineString","coordinates":[[140.177411,36.381776],[140.177427,36.381733],[140.1775,36.381662],[140.177581,36.38165],[140.177664,36.381651],[140.177744,36.381638],[140.178105,36.3814],[140.178205,36.381372],[140.178443,36.381323],[140.178644,36.381254],[140.178817,36.381168],[140.178907,36.381044],[140.178952,36.380944],[140.179008,36.380832],[140.179036,36.380759],[140.179064,36.380488],[140.179106,36.380387],[140.179203,36.380268],[140.179489,36.380037],[140.1796,36.379895],[140.17976,36.379587],[140.179955,36.379332],[140.180032,36.37917],[140.180095,36.378899],[140.180109,36.378752],[140.180123,36.378302],[140.180144,36.378115],[140.180213,36.37785],[140.180429,36.377197],[140.180478,36.377112],[140.180561,36.377028],[140.180645,36.376977]]}},{"type":"Feature","properties":{"id":199066096,"highway":"unclassified"},"geometry":{"type":"LineString","coordinates":[[140.152399,36.393968],[140.15241,36.394008],[140.152485,36.39412],[140.152589,36.394275],[140.152674,36.394417],[140.152711,36.394461],[140.15276,36.394495],[140.152812,36.394518],[140.152874,36.394525],[140.15294,36.39452],[140.153023,36.394499],[140.153069,36.394473],[140.153099,36.394451],[140.15313,36.394412],[140.153201,36.394279],[140.153252,36.394209],[140.15333,36.394183],[140.15346,36.39418],[140.15356,36.394204],[140.153607,36.394241],[140.153646,36.394278],[140.153673,36.394363],[140.153706,36.394529],[140.153726,36.394581],[140.153754,36.394623],[140.153782,36.39465],[140.153818,36.394661],[140.15386,36.394661],[140.153906,36.39465],[140.153974,36.394621],[140.154029,36.394586],[140.154138,36.394501],[140.154219,36.394453],[140.154293,36.394423],[140.154418,36.394394],[140.154495,36.394385],[140.154679,36.394401],[140.154815,36.394427],[140.154932,36.394443],[140.155097,36.394451],[140.155144,36.394462],[140.155183,36.394478],[140.155215,36.394521],[140.155245,36.394572],[140.155267,36.394596],[140.155302,36.394613],[140.155608,36.394662],[140.155665,36.394668],[140.155733,36.394662],[140.155801,36.394643],[140.155855,36.394623],[140.155908,36.394594],[140.155943,36.394561],[140.155966,36.394525],[140.155969,36.39448],[140.155971,36.394396],[140.155953,36.394235],[140.15596,36.39419],[140.155978,36.394143],[140.156009,36.394106],[140.156084,36.394042]]}},{"type":"Feature","properties":{"id":199066097,"highway":"unclassified"},"geometry":{"type":"LineString","coordinates":[[140.186407,36.385443],[140.186347,36.385587],[140.186334,36.385751],[140.186292,36.385903],[140.186209,36.386134],[140.186187,36.386213],[140.186237,36.386331],[140.18632,36.386432],[140.186389,36.386466],[140.186682,36.386494],[140.186772,36.386511],[140.186864,36.386562],[140.186919,36.386629],[140.187003,36.386815],[140.187149,36.387288],[140.187281,36.387621],[140.187372,36.38788],[140.187532,36.388477],[140.187581,36.388579],[140.187678,36.388658],[140.187915,36.388787],[140.187964,36.388843],[140.188026,36.389125],[140.188032,36.389176]]}},{"type":"Feature","properties":{"id":199066099,"highway":"service"},"geometry":{"type":"LineString","coordinates":[[140.112865,36.39544],[140.112763,36.395418],[140.112684,36.395364],[140.112581,36.395295],[140.112449,36.395158],[140.112341,36.395045],[140.112243,36.394913],[140.112154,36.394815],[140.112066,36.394717],[140.111983,36.394638],[140.111889,36.394574],[140.111776,36.39452],[140.111639,36.394471],[140.111501,36.394442],[140.111369,36.394427],[140.111276,36.394412],[140.111202,36.394383],[140.111143,36.394319],[140.11106,36.394231],[140.110969,36.394146],[140.110901,36.394102],[140.110803,36.394054],[140.110699,36.394019],[140.110498,36.393985],[140.110395,36.39397],[140.110268,36.393946],[140.110022,36.393882],[140.109888,36.393848]]}},{"type":"Feature","properties":{"id":199066106,"highway":"unclassified"},"geometry":{"type":"LineString","coordinates":[[140.17308,36.369017],[140.173036,36.36905],[140.172991,36.369088],[140.172948,36.369151],[140.172886,36.369269],[140.172825,36.369322],[140.172727,36.369392],[140.172611,36.369478],[140.172434,36.369627],[140.172303,36.369747],[140.172197,36.369808],[140.172049,36.369884],[140.171887,36.370045],[140.171815,36.370079],[140.171746,36.3701],[140.171569,36.370124],[140.17152,36.370137],[140.171476,36.370163],[140.171453,36.370193],[140.171399,36.370303],[140.171361,36.370368],[140.171325,36.370412],[140.171288,36.370439],[140.171242,36.370457],[140.171196,36.370464],[140.171019,36.370483],[140.17089,36.370499],[140.170838,36.370519],[140.170791,36.370551],[140.170768,36.370579],[140.170757,36.370615],[140.170758,36.370654],[140.170781,36.370691],[140.170814,36.37071],[140.170896,36.370722],[140.171171,36.370719],[140.171284,36.370725],[140.171386,36.370747],[140.171436,36.370777],[140.171452,36.370806],[140.171453,36.370845],[140.171443,36.370886],[140.17142,36.370914],[140.171324,36.370979],[140.171282,36.371029],[140.171269,36.371077],[140.171273,36.371133],[140.171306,36.371227],[140.171385,36.371438],[140.171415,36.371534]]}},{"type":"Feature","properties":{"id":199066124,"highway":"unclassified"},"geometry":{"type":"LineString","coordinates":[[140.158585,36.370934],[140.158161,36.370946],[140.1579,36.37096],[140.157593,36.370994]]}},{"type":"Feature","properties":{"id":199066135,"highway":"unclassified"},"geometry":{"type":"LineString","coordinates":[[140.127385,36.385408],[140.12675,36.384871],[140.126486,36.384662],[140.126265,36.384541]]}},{"type":"Feature","properties":{"id":199066143,"highway":"unclassified"},"geometry":{"type":"LineString","coordinates":[[140.147607,36.363036],[140.147661,36.361393],[140.147705,36.360045]]}},{"type":"Feature","properties":{"id":199066152,"highway":"unclassified"},"geometry":{"type":"LineString","coordinates":[[140.118849,36.359783],[140.118765,36.359137],[140.118581,36.3586],[140.118479,36.358344]]}},{"type":"Feature","properties":{"id":199066154,"highway":"unclassified"},"geometry":{"type":"LineString","coordinates":[[140.114595,36.366476],[140.114469,36.365865]]}},{"type":"Feature","properties":{"id":199066163,"highway":"service"},"geometry":{"type":"LineString","coordinates":[[140.103215,36.301833],[140.103597,36.302193],[140.104369,36.302877]]}},{"type":"Feature","properties":{"id":199066164,"highway":"unclassified"},"geometry":{"type":"LineString","coordinates":[[140.10626,36.360388],[140.107028,36.360352],[140.107322,36.360321]]}},{"type":"Feature","properties":{"id":199066171,"highway":"unclassified"},"geometry":{"type":"LineString","coordinates":[[140.112195,36.306713],[140.112355,36.306373],[140.112501,36.306193]]}},{"type":"Feature","properties":{"id":199066180,"highway":"unclassified"},"geometry":{"type":"LineString","coordinates":[[140.12966,36.393121],[140.129397,36.392756]]}},{"type":"Feature","properties":{"id":199066186,"highway":"unclassified"},"geometry":{"type":"LineString","coordinates":[[140.151027,36.361453],[140.15103,36.361427],[140.150995,36.361146],[140.150949,36.36101],[140.150929,36.360925],[140.150923,36.360783]]}},{"type":"Feature","properties":{"id":199066190,"highway":"tertiary"},"geometry":{"type":"LineString","coordinates":[[140.101596,36.36287],[140.101569,36.362808],[140.101466,36.362576],[140.101379,36.3624],[140.10135,36.362314],[140.101331,36.362236],[140.101324,36.362175],[140.101324,36.362099],[140.101327,36.361938],[140.101375,36.361106]]}},{"type":"Feature","properties":{"id":199066202,"highway":"unclassified"},"geometry":{"type":"LineString","coordinates":[[140.105284,36.365183],[140.105807,36.365232],[140.10647,36.365268],[140.106637,36.365269],[140.10699,36.365279],[140.10775,36.365262]]}},{"type":"Feature","properties":{"id":199066205,"highway":"unclassified"},"geometry":{"type":"LineString","coordinates":[[140.11398,36.3655],[140.114051,36.365961],[140.11411,36.366393]]}},{"type":"Feature","properties":{"id":199066213,"highway":"unclassified"},"geometry":{"type":"LineString","coordinates":[[140.102084,36.367515],[140.102015,36.367061],[140.101991,36.366805],[140.101958,36.366445]]}},{"type":"Feature","properties":{"id":199066220,"highway":"unclassified"},"geometry":{"type":"LineString","coordinates":[[140.102954,36.345626],[140.103038,36.345656],[140.103062,36.345664],[140.103126,36.345706],[140.10315,36.345795],[140.103124,36.345955],[140.103101,36.34622],[140.10307,36.34679],[140.103056,36.347292],[140.103053,36.347536],[140.103073,36.347831],[140.103155,36.348652],[140.10316,36.348738],[140.103204,36.349178],[140.103249,36.349694],[140.103277,36.350086],[140.103314,36.350434],[140.103325,36.350547]]}},{"type":"Feature","properties":{"id":199066222,"highway":"unclassified"},"geometry":{"type":"LineString","coordinates":[[140.111795,36.312434],[140.112117,36.31257],[140.112363,36.312608]]}},{"type":"Feature","properties":{"id":199066224,"highway":"unclassified"},"geometry":{"type":"LineString","coordinates":[[140.138222,36.35879],[140.138271,36.35897],[140.138318,36.359356],[140.138316,36.359742]]}},{"type":"Feature","properties":{"id":199066228,"highway":"unclassified"},"geometry":{"type":"LineString","coordinates":[[140.12001,36.301885],[140.120124,36.302016],[140.120235,36.302178],[140.120287,36.302236],[140.120359,36.302307],[140.120478,36.302522],[140.120539,36.302665]]}},{"type":"Feature","properties":{"id":199066239,"highway":"unclassified"},"geometry":{"type":"LineString","coordinates":[[140.145866,36.361368],[140.145931,36.36136],[140.147661,36.361393],[140.150008,36.361444],[140.150987,36.361465],[140.151027,36.361453]]}},{"type":"Feature","properties":{"id":199066246,"highway":"residential"},"geometry":{"type":"LineString","coordinates":[[140.101656,36.313782],[140.101478,36.313848],[140.101248,36.313877]]}},{"type":"Feature","properties":{"id":199066247,"highway":"residential"},"geometry":{"type":"LineString","coordinates":[[140.121382,36.384212],[140.121708,36.384189]]}},{"type":"Feature","properties":{"id":199066250,"highway":"unclassified"},"geometry":{"type":"LineString","coordinates":[[140.168697,36.331673],[140.168529,36.331772],[140.168362,36.331863]]}},{"type":"Feature","properties":{"id":199066252,"highway":"unclassified"},"geometry":{"type":"LineString","coordinates":[[140.142466,36.378225],[140.142385,36.378182],[140.142087,36.378176],[140.141775,36.378128],[140.14139,36.378104],[140.141339,36.37814],[140.141187,36.378389]]}},{"type":"Feature","properties":{"id":199066253,"highway":"unclassified"},"geometry":{"type":"LineString","coordinates":[[140.104327,36.305032],[140.107501,36.307893]]}},{"type":"Feature","properties":{"id":199066254,"highway":"residential"},"geometry":{"type":"LineString","coordinates":[[140.114697,36.307551],[140.114092,36.308069],[140.113934,36.308235]]}},{"type":"Feature","properties":{"id":199066257,"highway":"tertiary"},"geometry":{"type":"LineString","coordinates":[[140.108287,36.376208],[140.108307,36.37602],[140.108341,36.375152],[140.10834,36.374265],[140.108345,36.373962],[140.108346,36.373318],[140.108347,36.373245],[140.108344,36.37238],[140.108353,36.372175],[140.108384,36.371758],[140.108472,36.37116],[140.108482,36.371108]]}},{"type":"Feature","properties":{"id":199066264,"highway":"unclassified"},"geometry":{"type":"LineString","coordinates":[[140.101958,36.366445],[140.101939,36.36625]]}},{"type":"Feature","properties":{"id":199066273,"highway":"unclassified"},"geometry":{"type":"LineString","coordinates":[[140.105592,36.367019],[140.105565,36.367847]]}},{"type":"Feature","properties":{"id":199066279,"highway":"unclassified"},"geometry":{"type":"LineString","coordinates":[[140.112843,36.365749],[140.112771,36.365263],[140.112699,36.364789]]}},{"type":"Feature","properties":{"id":199066291,"highway":"unclassified"},"geometry":{"type":"LineString","coordinates":[[140.144577,36.343254],[140.143475,36.343006],[140.14287,36.34289],[140.142717,36.342879],[140.141904,36.342891]]}},{"type":"Feature","properties":{"id":199066292,"highway":"unclassified"},"geometry":{"type":"LineString","coordinates":[[140.138222,36.35879],[140.138179,36.358542],[140.138136,36.358352],[140.13812,36.358247]]}},{"type":"Feature","properties":{"id":199066311,"highway":"unclassified"},"geometry":{"type":"LineString","coordinates":[[140.103426,36.364863],[140.102852,36.364717],[140.102247,36.364595],[140.101819,36.364509]]}},{"type":"Feature","properties":{"id":199066314,"highway":"unclassified"},"geometry":{"type":"LineString","coordinates":[[140.117922,36.364515],[140.118074,36.364995],[140.118199,36.365383],[140.118208,36.36544],[140.118252,36.365712]]}},{"type":"Feature","properties":{"id":199066316,"highway":"unclassified"},"geometry":{"type":"LineString","coordinates":[[140.113514,36.361517],[140.113949,36.36218]]}},{"type":"Feature","properties":{"id":199066321,"highway":"unclassified"},"geometry":{"type":"LineString","coordinates":[[140.136834,36.382728],[140.136719,36.382929],[140.136428,36.383391],[140.136323,36.383621],[140.136314,36.383664],[140.136288,36.383736],[140.136005,36.384687],[140.135933,36.384855],[140.135915,36.384891],[140.135415,36.386017],[140.135105,36.386737],[140.135041,36.386862],[140.134937,36.38701],[140.134853,36.387111],[140.134828,36.38719]]}},{"type":"Feature","properties":{"id":199066331,"highway":"residential"},"geometry":{"type":"LineString","coordinates":[[140.146467,36.387887],[140.146468,36.387988],[140.14648,36.388099],[140.1465,36.388205],[140.146569,36.38845],[140.146663,36.388744],[140.146902,36.38937],[140.147288,36.390347],[140.147365,36.390539],[140.147388,36.390608],[140.147388,36.390655],[140.147358,36.390738]]}},{"type":"Feature","properties":{"id":199066347,"highway":"unclassified"},"geometry":{"type":"LineString","coordinates":[[140.159536,36.384765],[140.159455,36.384812],[140.159359,36.384841],[140.159253,36.384852],[140.158774,36.384824],[140.158478,36.384827],[140.158002,36.384839],[140.157494,36.384848],[140.157403,36.384856],[140.157241,36.384891],[140.156839,36.38501],[140.156254,36.385182],[140.155574,36.385396],[140.155175,36.385526],[140.155078,36.385535]]}},{"type":"Feature","properties":{"id":199066350,"highway":"service"},"geometry":{"type":"LineString","coordinates":[[140.107322,36.360321],[140.107339,36.360781],[140.107348,36.360941]]}},{"type":"Feature","properties":{"id":199066352,"highway":"unclassified"},"geometry":{"type":"LineString","coordinates":[[140.128145,36.354854],[140.130043,36.354969]]}},{"type":"Feature","properties":{"id":199066354,"highway":"unclassified"},"geometry":{"type":"LineString","coordinates":[[140.133311,36.356395],[140.134775,36.356214]]}},{"type":"Feature","properties":{"id":199066356,"highway":"unclassified"},"geometry":{"type":"LineString","coordinates":[[140.150649,36.378127],[140.14998,36.378198],[140.149907,36.378172],[140.149821,36.378104]]}},{"type":"Feature","properties":{"id":199066381,"highway":"unclassified"},"geometry":{"type":"LineString","coordinates":[[140.101864,36.365749],[140.102218,36.365773],[140.102806,36.365812]]}},{"type":"Feature","properties":{"id":199066384,"highway":"unclassified"},"geometry":{"type":"LineString","coordinates":[[140.140076,36.369486],[140.139984,36.36949],[140.139878,36.369495],[140.139783,36.369522],[140.139688,36.369576],[140.1396,36.369622],[140.139532,36.369644],[140.139436,36.369654],[140.138876,36.369706],[140.138586,36.369737],[140.137969,36.369792],[140.137639,36.3698],[140.137572,36.369821],[140.13737,36.369959],[140.137026,36.370151],[140.136897,36.370207],[140.136811,36.370227],[140.136691,36.370246],[140.136534,36.370262],[140.135604,36.370453]]}},{"type":"Feature","properties":{"id":199066396,"highway":"residential"},"geometry":{"type":"LineString","coordinates":[[140.120041,36.32595],[140.120466,36.325999],[140.120545,36.326017],[140.120785,36.326073],[140.12093,36.326097],[140.121088,36.3261]]}},{"type":"Feature","properties":{"id":199066402,"highway":"unclassified"},"geometry":{"type":"LineString","coordinates":[[140.108965,36.367764],[140.109571,36.367805],[140.110104,36.367953],[140.110459,36.368052],[140.11055,36.368139]]}},{"type":"Feature","properties":{"id":199066410,"highway":"unclassified"},"geometry":{"type":"LineString","coordinates":[[140.106554,36.325386],[140.106879,36.325344],[140.107442,36.325234],[140.107628,36.325197]]}},{"type":"Feature","properties":{"id":199066413,"highway":"unclassified"},"geometry":{"type":"LineString","coordinates":[[140.108622,36.370202],[140.108925,36.370178],[140.109457,36.370195],[140.109941,36.370225],[140.110161,36.370227],[140.110461,36.370216],[140.110842,36.370199],[140.110896,36.370194],[140.110973,36.370156],[140.111189,36.370053],[140.111439,36.369944],[140.111573,36.36988],[140.111694,36.369819],[140.111896,36.369712],[140.112168,36.369544],[140.112433,36.369336],[140.112475,36.369314],[140.112516,36.369306],[140.112614,36.369318],[140.11339,36.369382],[140.113594,36.369383]]}},{"type":"Feature","properties":{"id":199066423,"highway":"service"},"geometry":{"type":"LineString","coordinates":[[140.10316,36.348738],[140.103117,36.348747],[140.102909,36.34882],[140.102763,36.348914],[140.102688,36.348914],[140.101317,36.348326],[140.101265,36.348303],[140.10122,36.348285],[140.101161,36.34826],[140.099495,36.34757],[140.099356,36.347548]]}},{"type":"Feature","properties":{"id":199066425,"highway":"residential"},"geometry":{"type":"LineString","coordinates":[[140.134437,36.382877],[140.134474,36.382908],[140.134603,36.38304],[140.134805,36.383128],[140.135041,36.383248],[140.135152,36.383277],[140.13541,36.383333],[140.136018,36.383535],[140.136185,36.383584],[140.136323,36.383621]]}},{"type":"Feature","properties":{"id":199066431,"highway":"unclassified"},"geometry":{"type":"LineString","coordinates":[[140.10321,36.375119],[140.102926,36.375098],[140.102286,36.375041],[140.101559,36.374981],[140.101254,36.374933],[140.100741,36.374833],[140.100386,36.374757],[140.099866,36.374654]]}},{"type":"Feature","properties":{"id":199066452,"highway":"unclassified"},"geometry":{"type":"LineString","coordinates":[[140.14053,36.376079],[140.141201,36.376164],[140.141262,36.376135],[140.141404,36.375946]]}},{"type":"Feature","properties":{"id":199066464,"highway":"unclassified"},"geometry":{"type":"LineString","coordinates":[[140.133826,36.387984],[140.133763,36.38805],[140.133645,36.388134],[140.133381,36.388291],[140.133237,36.388373],[140.133118,36.388427],[140.132948,36.38848],[140.132511,36.388607],[140.132446,36.38866],[140.132385,36.388728],[140.132343,36.388812],[140.132308,36.388922],[140.132255,36.389058],[140.132161,36.389317],[140.132148,36.389374],[140.132112,36.389424],[140.132031,36.389486],[140.131928,36.389536],[140.131785,36.389614],[140.131657,36.389664],[140.131187,36.389793],[140.131122,36.389793]]}},{"type":"Feature","properties":{"id":199066465,"highway":"unclassified"},"geometry":{"type":"LineString","coordinates":[[140.101856,36.363619],[140.102882,36.363797],[140.104661,36.364105]]}},{"type":"Feature","properties":{"id":199066489,"highway":"unclassified"},"geometry":{"type":"LineString","coordinates":[[140.113489,36.311901],[140.11323,36.311604]]}},{"type":"Feature","properties":{"id":199066496,"highway":"unclassified"},"geometry":{"type":"LineString","coordinates":[[140.129903,36.392518],[140.12975,36.39259],[140.129634,36.392641],[140.129397,36.392756]]}},{"type":"Feature","properties":{"id":199066498,"highway":"unclassified"},"geometry":{"type":"LineString","coordinates":[[140.150032,36.360231],[140.150038,36.360413],[140.150038,36.36045],[140.150008,36.361444],[140.149957,36.363178],[140.149898,36.365034],[140.149879,36.365096]]}},{"type":"Feature","properties":{"id":199066505,"highway":"unclassified"},"geometry":{"type":"LineString","coordinates":[[140.109921,36.364064],[140.110208,36.363998],[140.110681,36.363867],[140.111324,36.363653]]}},{"type":"Feature","properties":{"id":199066514,"highway":"unclassified"},"geometry":{"type":"LineString","coordinates":[[140.110223,36.367081],[140.110104,36.367953]]}},{"type":"Feature","properties":{"id":199066515,"highway":"residential"},"geometry":{"type":"LineString","coordinates":[[140.121708,36.384189],[140.122098,36.384206],[140.122314,36.384262],[140.12242,36.384307],[140.122664,36.384407],[140.122878,36.38449],[140.122968,36.384477]]}},{"type":"Feature","properties":{"id":199066517,"highway":"service"},"geometry":{"type":"LineString","coordinates":[[140.114441,36.31633],[140.114374,36.316376],[140.11435,36.316399],[140.114338,36.316448],[140.114349,36.316516],[140.114396,36.316718],[140.114399,36.31681],[140.114381,36.316952]]}},{"type":"Feature","properties":{"id":199066518,"highway":"service"},"geometry":{"type":"LineString","coordinates":[[140.161113,36.329632],[140.16132,36.329417],[140.161579,36.329357]]}},{"type":"Feature","properties":{"id":199066525,"highway":"unclassified"},"geometry":{"type":"LineString","coordinates":[[140.10787,36.308223],[140.107957,36.308301],[140.108022,36.308356],[140.108444,36.308713]]}},{"type":"Feature","properties":{"id":199066557,"highway":"unclassified"},"geometry":{"type":"LineString","coordinates":[[140.160585,36.37811],[140.160595,36.378014],[140.160864,36.37769],[140.160883,36.377665]]}},{"type":"Feature","properties":{"id":199066578,"highway":"residential"},"geometry":{"type":"LineString","coordinates":[[140.133299,36.376366],[140.133344,36.376316],[140.133427,36.376188],[140.133493,36.376072],[140.133523,36.375977],[140.133531,36.375899],[140.133543,36.375844]]}},{"type":"Feature","properties":{"id":199066579,"highway":"residential"},"geometry":{"type":"LineString","coordinates":[[140.102213,36.311765],[140.102781,36.311419]]}},{"type":"Feature","properties":{"id":199066582,"highway":"unclassified"},"geometry":{"type":"LineString","coordinates":[[140.127019,36.353243],[140.127329,36.353243],[140.127593,36.353281]]}},{"type":"Feature","properties":{"id":199066588,"highway":"residential"},"geometry":{"type":"LineString","coordinates":[[140.160317,36.347973],[140.160475,36.347542],[140.160575,36.347541],[140.161123,36.347762]]}},{"type":"Feature","properties":{"id":199066596,"highway":"service"},"geometry":{"type":"LineString","coordinates":[[140.111936,36.32806],[140.111918,36.327849],[140.111838,36.327765],[140.111614,36.32767],[140.1113,36.327593],[140.111018,36.327558],[140.110798,36.327515],[140.110583,36.327554],[140.110407,36.327586],[140.109933,36.327618],[140.109793,36.327609],[140.109761,36.327609]]}},{"type":"Feature","properties":{"id":199066598,"highway":"residential"},"geometry":{"type":"LineString","coordinates":[[140.110582,36.313822],[140.110934,36.31381]]}},{"type":"Feature","properties":{"id":199066613,"highway":"unclassified"},"geometry":{"type":"LineString","coordinates":[[140.105114,36.313949],[140.10547,36.313926],[140.105873,36.313801]]}},{"type":"Feature","properties":{"id":199066616,"highway":"unclassified"},"geometry":{"type":"LineString","coordinates":[[140.127385,36.385408],[140.129025,36.38675],[140.129171,36.386866],[140.129292,36.386969],[140.12939,36.387081],[140.129474,36.387199],[140.12956,36.38733],[140.12964,36.38749],[140.129691,36.387612],[140.129715,36.387726],[140.129757,36.387933],[140.12976,36.388046],[140.129762,36.38819],[140.129745,36.388342],[140.129714,36.388518],[140.129644,36.389355],[140.129634,36.389493],[140.129585,36.389875],[140.129553,36.390041],[140.129497,36.390216],[140.129438,36.390352],[140.129357,36.390488],[140.129242,36.390639],[140.12906,36.390823],[140.128415,36.39146]]}},{"type":"Feature","properties":{"id":199066636,"highway":"unclassified"},"geometry":{"type":"LineString","coordinates":[[140.117109,36.366479],[140.117405,36.366375],[140.117425,36.366375]]}},{"type":"Feature","properties":{"id":199066649,"highway":"unclassified"},"geometry":{"type":"LineString","coordinates":[[140.12624,36.354843],[140.126173,36.354471],[140.126154,36.354135]]}},{"type":"Feature","properties":{"id":199066650,"highway":"unclassified"},"geometry":{"type":"LineString","coordinates":[[140.138984,36.375719],[140.139093,36.375733],[140.139283,36.375794],[140.139768,36.375983],[140.139924,36.376017]]}},{"type":"Feature","properties":{"id":199066653,"highway":"unclassified"},"geometry":{"type":"LineString","coordinates":[[140.102772,36.367499],[140.103056,36.367501],[140.103643,36.367567],[140.104218,36.367665],[140.10449,36.367695],[140.105093,36.367758],[140.105565,36.367847],[140.105733,36.367872],[140.105829,36.367881],[140.106105,36.367877],[140.106783,36.36775]]}},{"type":"Feature","properties":{"id":199066655,"highway":"unclassified"},"geometry":{"type":"LineString","coordinates":[[140.131975,36.351158],[140.132546,36.351975],[140.132559,36.352003]]}},{"type":"Feature","properties":{"id":199066669,"highway":"unclassified"},"geometry":{"type":"LineString","coordinates":[[140.132868,36.352697],[140.132713,36.352262],[140.132559,36.352003]]}},{"type":"Feature","properties":{"id":199066676,"highway":"unclassified"},"geometry":{"type":"LineString","coordinates":[[140.104802,36.362787],[140.104711,36.36225],[140.104658,36.361986]]}},{"type":"Feature","properties":{"id":199066677,"highway":"unclassified"},"geometry":{"type":"LineString","coordinates":[[140.131942,36.381019],[140.132414,36.38069]]}},{"type":"Feature","properties":{"id":199066687,"highway":"unclassified"},"geometry":{"type":"LineString","coordinates":[[140.16362,36.374365],[140.162929,36.374909],[140.162763,36.375049],[140.162564,36.375264],[140.162446,36.375399],[140.162157,36.37565]]}},{"type":"Feature","properties":{"id":199066691,"highway":"unclassified"},"geometry":{"type":"LineString","coordinates":[[140.128415,36.39146],[140.126847,36.392982]]}},{"type":"Feature","properties":{"id":199066693,"highway":"residential"},"geometry":{"type":"LineString","coordinates":[[140.116927,36.300893],[140.116994,36.301541]]}},{"type":"Feature","properties":{"id":199066697,"highway":"residential"},"geometry":{"type":"LineString","coordinates":[[140.106738,36.358241],[140.107001,36.358508],[140.107076,36.358569],[140.107215,36.358666],[140.107647,36.359196]]}},{"type":"Feature","properties":{"id":199066716,"highway":"residential"},"geometry":{"type":"LineString","coordinates":[[140.112169,36.306771],[140.112264,36.306924],[140.112278,36.307095],[140.112755,36.30699],[140.112967,36.306923],[140.113159,36.306841],[140.113392,36.306788],[140.113615,36.306723]]}},{"type":"Feature","properties":{"id":199066727,"highway":"unclassified"},"geometry":{"type":"LineString","coordinates":[[140.112819,36.362609],[140.113047,36.363008]]}},{"type":"Feature","properties":{"id":199066730,"highway":"residential"},"geometry":{"type":"LineString","coordinates":[[140.141614,36.358529],[140.14154,36.358254],[140.141531,36.358155],[140.141542,36.358056]]}},{"type":"Feature","properties":{"id":199066735,"highway":"unclassified"},"geometry":{"type":"LineString","coordinates":[[140.107279,36.363674],[140.107359,36.36346],[140.107376,36.36304]]}},{"type":"Feature","properties":{"id":199066737,"highway":"unclassified"},"geometry":{"type":"LineString","coordinates":[[140.11207,36.304894],[140.111398,36.304885],[140.110135,36.304886]]}},{"type":"Feature","properties":{"id":199066738,"highway":"unclassified"},"geometry":{"type":"LineString","coordinates":[[140.101819,36.364101],[140.101819,36.364509],[140.101818,36.364938],[140.101812,36.36527]]}},{"type":"Feature","properties":{"id":199066743,"highway":"unclassified"},"geometry":{"type":"LineString","coordinates":[[140.115482,36.364061],[140.117535,36.363287]]}},{"type":"Feature","properties":{"id":199066747,"highway":"unclassified"},"geometry":{"type":"LineString","coordinates":[[140.163733,36.328532],[140.163767,36.328854]]}},{"type":"Feature","properties":{"id":199066749,"highway":"unclassified"},"geometry":{"type":"LineString","coordinates":[[140.146918,36.343847],[140.145697,36.343525],[140.144577,36.343254]]}},{"type":"Feature","properties":{"id":199066751,"highway":"residential"},"geometry":{"type":"LineString","coordinates":[[140.108691,36.309889],[140.10864,36.309534],[140.108634,36.309178]]}},{"type":"Feature","properties":{"id":199066765,"highway":"residential"},"geometry":{"type":"LineString","coordinates":[[140.139398,36.334776],[140.139534,36.334906],[140.139617,36.334998],[140.139665,36.335063],[140.139707,36.335109],[140.139719,36.335175],[140.139715,36.33527],[140.139684,36.335339],[140.139672,36.33538],[140.139665,36.335438],[140.139689,36.335473],[140.139905,36.335632],[140.140063,36.335761],[140.140117,36.335827],[140.140321,36.336141],[140.140442,36.336308],[140.140499,36.336374],[140.140702,36.336643],[140.140749,36.336708],[140.140787,36.336783],[140.140811,36.336839]]}},{"type":"Feature","properties":{"id":199066767,"highway":"unclassified"},"geometry":{"type":"LineString","coordinates":[[140.151778,36.352123],[140.151878,36.352103],[140.152165,36.352106],[140.152498,36.352151]]}},{"type":"Feature","properties":{"id":199066773,"highway":"unclassified"},"geometry":{"type":"LineString","coordinates":[[140.116863,36.365849],[140.116791,36.365648],[140.11672,36.365414],[140.116562,36.364923]]}},{"type":"Feature","properties":{"id":199066795,"highway":"unclassified"},"geometry":{"type":"LineString","coordinates":[[140.128195,36.393902],[140.127821,36.39366],[140.126971,36.393069]]}},{"type":"Feature","properties":{"id":199066805,"highway":"unclassified"},"geometry":{"type":"LineString","coordinates":[[140.161831,36.383889],[140.161634,36.383955],[140.161361,36.384057],[140.161041,36.384193],[140.160974,36.384233],[140.160937,36.384263]]}},{"type":"Feature","properties":{"id":199066826,"highway":"tertiary"},"geometry":{"type":"LineString","coordinates":[[140.112005,36.36233],[140.111424,36.36133],[140.11135,36.361207]]}},{"type":"Feature","properties":{"id":199066828,"highway":"unclassified"},"geometry":{"type":"LineString","coordinates":[[140.109882,36.365394],[140.110151,36.365336],[140.11029,36.365307]]}},{"type":"Feature","properties":{"id":199066829,"highway":"unclassified"},"geometry":{"type":"LineString","coordinates":[[140.111067,36.364412],[140.111187,36.36467]]}},{"type":"Feature","properties":{"id":199066858,"highway":"residential"},"geometry":{"type":"LineString","coordinates":[[140.169443,36.331324],[140.170077,36.329676]]}},{"type":"Feature","properties":{"id":199066869,"highway":"unclassified"},"geometry":{"type":"LineString","coordinates":[[140.109633,36.363324],[140.110881,36.362972],[140.110957,36.362969],[140.111009,36.362993],[140.111051,36.363049],[140.111324,36.363653]]}},{"type":"Feature","properties":{"id":199066872,"highway":"residential"},"geometry":{"type":"LineString","coordinates":[[140.113346,36.306202],[140.11307,36.306221]]}},{"type":"Feature","properties":{"id":199066875,"highway":"unclassified"},"geometry":{"type":"LineString","coordinates":[[140.132521,36.397877],[140.13263,36.398099]]}},{"type":"Feature","properties":{"id":199066883,"highway":"unclassified"},"geometry":{"type":"LineString","coordinates":[[140.105289,36.365556],[140.103406,36.365406]]}},{"type":"Feature","properties":{"id":199066886,"highway":"residential"},"geometry":{"type":"LineString","coordinates":[[140.110157,36.369202],[140.110146,36.369016],[140.110128,36.368869],[140.11012,36.368481],[140.11013,36.368344],[140.110126,36.368294]]}},{"type":"Feature","properties":{"id":199066888,"highway":"unclassified"},"geometry":{"type":"LineString","coordinates":[[140.100878,36.354665],[140.100847,36.354619],[140.100564,36.354204],[140.100481,36.354094]]}},{"type":"Feature","properties":{"id":199066893,"highway":"unclassified"},"geometry":{"type":"LineString","coordinates":[[140.152585,36.334096],[140.15312,36.333936]]}},{"type":"Feature","properties":{"id":199066935,"highway":"unclassified"},"geometry":{"type":"LineString","coordinates":[[140.115719,36.364482],[140.117671,36.363751]]}},{"type":"Feature","properties":{"id":199066943,"highway":"unclassified"},"geometry":{"type":"LineString","coordinates":[[140.152493,36.342733],[140.152522,36.342392],[140.152616,36.341941]]}},{"type":"Feature","properties":{"id":199066950,"highway":"unclassified"},"geometry":{"type":"LineString","coordinates":[[140.153157,36.354107],[140.15361,36.354056]]}},{"type":"Feature","properties":{"id":199066963,"highway":"residential"},"geometry":{"type":"LineString","coordinates":[[140.121088,36.3261],[140.121225,36.326002],[140.121328,36.325932],[140.121512,36.325838],[140.121567,36.325825],[140.121612,36.325841],[140.121629,36.325864],[140.121618,36.325892],[140.121531,36.325951]]}},{"type":"Feature","properties":{"id":199066974,"highway":"unclassified"},"geometry":{"type":"LineString","coordinates":[[140.130777,36.352567],[140.130735,36.352747],[140.130646,36.352929]]}},{"type":"Feature","properties":{"id":199066976,"highway":"unclassified"},"geometry":{"type":"LineString","coordinates":[[140.111324,36.363653],[140.112532,36.363191]]}},{"type":"Feature","properties":{"id":199066992,"highway":"tertiary"},"geometry":{"type":"LineString","coordinates":[[140.101703,36.363114],[140.101727,36.36317],[140.101821,36.363428],[140.101856,36.363619],[140.101858,36.363692],[140.101853,36.3639],[140.101842,36.363993]]}},{"type":"Feature","properties":{"id":199066998,"highway":"unclassified"},"geometry":{"type":"LineString","coordinates":[[140.144319,36.36162],[140.144537,36.361612],[140.144654,36.361603],[140.144738,36.36159],[140.144901,36.361564],[140.144981,36.361549],[140.145049,36.361524]]}},{"type":"Feature","properties":{"id":199067008,"highway":"unclassified"},"geometry":{"type":"LineString","coordinates":[[140.124272,36.353119],[140.124557,36.352978],[140.124654,36.352944]]}},{"type":"Feature","properties":{"id":199067013,"highway":"unclassified"},"geometry":{"type":"LineString","coordinates":[[140.114314,36.360938],[140.114488,36.360843],[140.114811,36.36069]]}},{"type":"Feature","properties":{"id":199067025,"highway":"residential"},"geometry":{"type":"LineString","coordinates":[[140.134239,36.373674],[140.134235,36.373569],[140.134271,36.373404],[140.134362,36.373083],[140.134413,36.373002]]}},{"type":"Feature","properties":{"id":199067040,"highway":"residential"},"geometry":{"type":"LineString","coordinates":[[140.105934,36.330647],[140.106108,36.330442],[140.106518,36.330228],[140.106692,36.330133],[140.107071,36.329986],[140.107326,36.329851],[140.107501,36.329747],[140.107625,36.329651]]}},{"type":"Feature","properties":{"id":199067045,"highway":"unclassified"},"geometry":{"type":"LineString","coordinates":[[140.101727,36.36317],[140.102894,36.363341],[140.103346,36.363406],[140.104755,36.363608],[140.104789,36.363623],[140.104794,36.363668],[140.104661,36.364105]]}},{"type":"Feature","properties":{"id":199067066,"highway":"unclassified"},"geometry":{"type":"LineString","coordinates":[[140.11164,36.365998],[140.111687,36.366186],[140.111735,36.366345],[140.111834,36.367009],[140.111639,36.367043],[140.111531,36.367075],[140.111079,36.367061],[140.110932,36.367137]]}},{"type":"Feature","properties":{"id":199067070,"highway":"residential"},"geometry":{"type":"LineString","coordinates":[[140.143631,36.35665],[140.142999,36.356734],[140.142593,36.35682]]}},{"type":"Feature","properties":{"id":199067081,"highway":"residential"},"geometry":{"type":"LineString","coordinates":[[140.113171,36.30535],[140.11335,36.305177]]}},{"type":"Feature","properties":{"id":199067090,"highway":"unclassified"},"geometry":{"type":"LineString","coordinates":[[140.112699,36.364789],[140.112681,36.364712],[140.112599,36.364458],[140.11249,36.364209]]}},{"type":"Feature","properties":{"id":199067092,"highway":"service"},"geometry":{"type":"LineString","coordinates":[[140.161982,36.380753],[140.161776,36.380757],[140.161045,36.380821],[140.160833,36.380868],[140.160609,36.380923]]}},{"type":"Feature","properties":{"id":199067102,"highway":"tertiary"},"geometry":{"type":"LineString","coordinates":[[140.113419,36.32574],[140.113365,36.325685],[140.11326,36.325528],[140.113166,36.325441],[140.113072,36.325378],[140.113014,36.325323],[140.112962,36.325241],[140.112758,36.324759],[140.112553,36.32421],[140.111887,36.322888],[140.111726,36.322589],[140.111676,36.322435],[140.111515,36.322063],[140.111393,36.321811],[140.111339,36.321678],[140.111277,36.321512],[140.11121,36.321178],[140.111214,36.32103],[140.11123,36.320818],[140.111292,36.32026],[140.111367,36.319534],[140.111371,36.319466],[140.111399,36.31907],[140.111388,36.319021],[140.111361,36.318997],[140.111302,36.318981],[140.111188,36.318971],[140.110319,36.318949],[140.10998,36.318979],[140.109429,36.319049],[140.109179,36.319065],[140.10805,36.319164],[140.107962,36.319152]]}},{"type":"Feature","properties":{"id":199067103,"highway":"service"},"geometry":{"type":"LineString","coordinates":[[140.114345,36.315917],[140.114359,36.315415],[140.114358,36.315335]]}},{"type":"Feature","properties":{"id":199067104,"highway":"unclassified"},"geometry":{"type":"LineString","coordinates":[[140.159194,36.354774],[140.159363,36.355079],[140.15953,36.355263]]}},{"type":"Feature","properties":{"id":199067121,"highway":"unclassified"},"geometry":{"type":"LineString","coordinates":[[140.10626,36.360388],[140.10588,36.360397],[140.105401,36.360412],[140.104495,36.360307],[140.104104,36.360212],[140.103569,36.360072],[140.103403,36.360055]]}},{"type":"Feature","properties":{"id":199067137,"highway":"residential"},"geometry":{"type":"LineString","coordinates":[[140.112152,36.308842],[140.11185,36.308988],[140.111812,36.309002]]}},{"type":"Feature","properties":{"id":199067143,"highway":"unclassified"},"geometry":{"type":"LineString","coordinates":[[140.130818,36.384164],[140.130793,36.384126],[140.130124,36.383311]]}},{"type":"Feature","properties":{"id":199067145,"highway":"service"},"geometry":{"type":"LineString","coordinates":[[140.11677,36.312644],[140.116801,36.312681],[140.117113,36.31274],[140.11722,36.312765],[140.117305,36.312781],[140.117435,36.312814],[140.117535,36.312844],[140.117641,36.312868],[140.117779,36.312874],[140.117868,36.312874],[140.118003,36.312895],[140.118065,36.3129],[140.11814,36.312922],[140.118226,36.312976],[140.118398,36.313074],[140.118483,36.313097],[140.11858,36.313101],[140.11862,36.313097],[140.118701,36.313095],[140.118744,36.3131],[140.118815,36.313123],[140.118883,36.313149],[140.118914,36.313167],[140.119019,36.313273],[140.119061,36.313307],[140.119157,36.313358],[140.119268,36.31343],[140.119295,36.313459],[140.119338,36.313529],[140.119361,36.313581],[140.119375,36.313625],[140.119376,36.313652]]}},{"type":"Feature","properties":{"id":199067146,"highway":"residential"},"geometry":{"type":"LineString","coordinates":[[140.124425,36.36727],[140.124518,36.367218],[140.124864,36.367201]]}},{"type":"Feature","properties":{"id":199067156,"highway":"unclassified"},"geometry":{"type":"LineString","coordinates":[[140.103794,36.318884],[140.103947,36.319116],[140.104065,36.319302]]}},{"type":"Feature","properties":{"id":199067161,"highway":"unclassified"},"geometry":{"type":"LineString","coordinates":[[140.107322,36.360321],[140.107421,36.360309]]}},{"type":"Feature","properties":{"id":199067168,"highway":"unclassified"},"geometry":{"type":"LineString","coordinates":[[140.126128,36.39249],[140.12619,36.392527],[140.126847,36.392982]]}},{"type":"Feature","properties":{"id":199067196,"highway":"unclassified"},"geometry":{"type":"LineString","coordinates":[[140.125762,36.39831],[140.125303,36.398263]]}},{"type":"Feature","properties":{"id":199067203,"highway":"residential"},"geometry":{"type":"LineString","coordinates":[[140.11208,36.304598],[140.112272,36.304623],[140.112566,36.304694],[140.113023,36.304831],[140.113058,36.304841],[140.11318,36.304916],[140.113208,36.304959],[140.11335,36.305177]]}},{"type":"Feature","properties":{"id":199067207,"highway":"unclassified"},"geometry":{"type":"LineString","coordinates":[[140.143601,36.345058],[140.143736,36.345826]]}},{"type":"Feature","properties":{"id":199067234,"highway":"unclassified"},"geometry":{"type":"LineString","coordinates":[[140.137887,36.359772],[140.137803,36.358781],[140.138222,36.35879]]}},{"type":"Feature","properties":{"id":199067238,"highway":"unclassified"},"geometry":{"type":"LineString","coordinates":[[140.109925,36.364999],[140.109882,36.365394],[140.109815,36.365918],[140.109769,36.36629],[140.109782,36.366379]]}},{"type":"Feature","properties":{"id":199067250,"highway":"unclassified"},"geometry":{"type":"LineString","coordinates":[[140.133821,36.387743],[140.133836,36.387925],[140.133826,36.387984]]}},{"type":"Feature","properties":{"id":199067256,"highway":"unclassified"},"geometry":{"type":"LineString","coordinates":[[140.116847,36.366049],[140.116525,36.366196],[140.116346,36.366276]]}},{"type":"Feature","properties":{"id":199067257,"highway":"unclassified"},"geometry":{"type":"LineString","coordinates":[[140.102976,36.315835],[140.102917,36.316373],[140.102837,36.316764]]}},{"type":"Feature","properties":{"id":199067276,"highway":"unclassified"},"geometry":{"type":"LineString","coordinates":[[140.149267,36.344598],[140.148865,36.344457],[140.147578,36.344042],[140.146918,36.343847]]}},{"type":"Feature","properties":{"id":199067278,"highway":"tertiary"},"geometry":{"type":"LineString","coordinates":[[140.159536,36.384765],[140.159571,36.384586],[140.159781,36.383662],[140.15982,36.383496],[140.159843,36.383298],[140.159839,36.383162]]}},{"type":"Feature","properties":{"id":199067295,"highway":"unclassified"},"geometry":{"type":"LineString","coordinates":[[140.148634,36.382719],[140.148578,36.382738],[140.148088,36.382708],[140.145874,36.382621],[140.145678,36.382621],[140.145534,36.382609],[140.145263,36.382512],[140.144577,36.382268],[140.142421,36.381519],[140.140611,36.380886],[140.138521,36.380162]]}},{"type":"Feature","properties":{"id":199067309,"highway":"unclassified"},"geometry":{"type":"LineString","coordinates":[[140.125718,36.394351],[140.1257,36.39456],[140.125506,36.395815]]}},{"type":"Feature","properties":{"id":199067310,"highway":"residential"},"geometry":{"type":"LineString","coordinates":[[140.154747,36.356558],[140.15473,36.356415],[140.154583,36.355517]]}},{"type":"Feature","properties":{"id":199067311,"highway":"unclassified"},"geometry":{"type":"LineString","coordinates":[[140.112699,36.364789],[140.112738,36.364806],[140.113215,36.364702],[140.113282,36.364684]]}},{"type":"Feature","properties":{"id":199067320,"highway":"unclassified"},"geometry":{"type":"LineString","coordinates":[[140.112429,36.298376],[140.112503,36.298538],[140.112528,36.298609],[140.112535,36.298676],[140.112544,36.298922],[140.112521,36.299076],[140.112452,36.299318],[140.112271,36.299707],[140.11216,36.299985],[140.112087,36.300032]]}},{"type":"Feature","properties":{"id":199067322,"highway":"unclassified"},"geometry":{"type":"LineString","coordinates":[[140.107246,36.362565],[140.10736,36.362889],[140.107376,36.36304]]}},{"type":"Feature","properties":{"id":199067361,"highway":"unclassified"},"geometry":{"type":"LineString","coordinates":[[140.154059,36.317197],[140.154014,36.317087],[140.153942,36.316976],[140.153799,36.316774],[140.153617,36.31659],[140.153448,36.316446],[140.153054,36.316201],[140.152979,36.316168],[140.152907,36.316153],[140.152849,36.316154],[140.152536,36.316184],[140.152381,36.316182],[140.152255,36.316157],[140.152049,36.316106],[140.151917,36.316035],[140.151837,36.315971],[140.151732,36.315883],[140.151544,36.315703],[140.15135,36.315517],[140.151253,36.315408],[140.151113,36.315251],[140.151038,36.315143],[140.150979,36.315047],[140.150635,36.314509],[140.150586,36.314439],[140.15056,36.314383],[140.150525,36.314352],[140.150476,36.31433],[140.150419,36.314318],[140.150372,36.314331],[140.150329,36.314352],[140.150227,36.314447],[140.150188,36.314496],[140.150167,36.314554],[140.150169,36.31461],[140.150174,36.314686],[140.150144,36.314769],[140.150145,36.314828],[140.150183,36.315018],[140.150315,36.31541],[140.150363,36.315539],[140.150394,36.315617],[140.15039,36.315653],[140.150339,36.315697]]}},{"type":"Feature","properties":{"id":199067379,"highway":"unclassified"},"geometry":{"type":"LineString","coordinates":[[140.156282,36.394169],[140.156197,36.394197],[140.156158,36.394226],[140.156133,36.394272],[140.156132,36.394326],[140.156159,36.394399],[140.156233,36.394484],[140.156271,36.394545],[140.156308,36.394616],[140.15635,36.394798],[140.15639,36.394932],[140.156421,36.39499],[140.156486,36.395086],[140.1565,36.395134],[140.15649,36.395182],[140.156446,36.395239],[140.15637,36.395297],[140.156244,36.395372],[140.156098,36.395445],[140.156018,36.395462],[140.155945,36.395457],[140.155888,36.395423],[140.155792,36.395325],[140.155719,36.395252],[140.155678,36.395213],[140.15562,36.395179],[140.155562,36.395157],[140.155472,36.395144],[140.155247,36.395144],[140.155205,36.395129],[140.155123,36.395062],[140.155062,36.395009],[140.155007,36.394984],[140.154948,36.394971],[140.154888,36.394976],[140.154834,36.394993],[140.154761,36.395027],[140.154699,36.395071],[140.154652,36.395122],[140.154634,36.39517],[140.154627,36.395222],[140.154634,36.395347],[140.154618,36.395419],[140.154589,36.395472],[140.154548,36.395516],[140.154489,36.395543],[140.154401,36.39554],[140.154312,36.395543],[140.154222,36.395551],[140.154104,36.395574],[140.154013,36.395586],[140.153925,36.395572],[140.153815,36.39555],[140.153733,36.395548],[140.153675,36.395578],[140.153645,36.395612],[140.153633,36.395669],[140.153649,36.395748],[140.153684,36.395817],[140.153689,36.395859],[140.153686,36.395913],[140.153628,36.396001],[140.15361,36.396051],[140.153604,36.396091],[140.153615,36.396157],[140.153725,36.396429],[140.153743,36.396505],[140.153765,36.396573],[140.153814,36.396653],[140.153875,36.396723],[140.153884,36.396771],[140.153882,36.396819],[140.153855,36.396866],[140.153818,36.3969],[140.153751,36.396918],[140.153676,36.396906],[140.153598,36.396879],[140.153487,36.396833],[140.153214,36.396678],[140.153114,36.396646],[140.15301,36.396645],[140.152943,36.396649],[140.152865,36.396664],[140.152774,36.396707],[140.152678,36.396767],[140.152607,36.396827],[140.152548,36.396896],[140.152501,36.396964],[140.152439,36.397002],[140.152374,36.397014],[140.152325,36.397003],[140.152265,36.396974],[140.152193,36.396916],[140.152121,36.396866],[140.152034,36.396866],[140.151981,36.396916],[140.151909,36.39702],[140.151885,36.397098],[140.151918,36.397137],[140.151975,36.397181],[140.152091,36.397271],[140.152235,36.397356],[140.152385,36.397434],[140.152482,36.397445],[140.152626,36.397466],[140.152745,36.397493],[140.152793,36.397532],[140.152819,36.39758],[140.152823,36.397625],[140.152801,36.397667],[140.152743,36.397752],[140.152704,36.397836],[140.152657,36.397961],[140.152644,36.398024],[140.152633,36.398083],[140.152652,36.398121],[140.152724,36.398149],[140.152842,36.398163],[140.152929,36.398177],[140.152985,36.39821],[140.152996,36.398281],[140.152989,36.398373],[140.152989,36.398436],[140.153015,36.398505],[140.153052,36.398608],[140.153069,36.398674],[140.153069,36.398749],[140.153026,36.398839],[140.152959,36.39893],[140.152918,36.399025],[140.152879,36.399116],[140.152817,36.399276],[140.152782,36.399359],[140.152789,36.399451],[140.152823,36.399518],[140.152942,36.39958],[140.153035,36.399662],[140.153054,36.399749],[140.153028,36.39982],[140.152992,36.399916],[140.152989,36.399975],[140.15302,36.400034],[140.153074,36.400062],[140.153184,36.400078],[140.153266,36.400071],[140.153374,36.400067],[140.153422,36.40009],[140.153437,36.400118],[140.153428,36.400199],[140.153413,36.400267],[140.153368,36.400345],[140.15332,36.400415],[140.153275,36.400483],[140.153225,36.400525],[140.153206,36.400554],[140.153179,36.400591],[140.153184,36.400641],[140.153225,36.400681],[140.153283,36.400728],[140.153325,36.400764],[140.153374,36.400806],[140.153406,36.400869],[140.153419,36.400978],[140.153443,36.401262],[140.153437,36.401566],[140.153428,36.401629],[140.153441,36.401686],[140.153467,36.401716],[140.153542,36.401757],[140.153633,36.401784],[140.153717,36.401797],[140.15378,36.401803],[140.153906,36.401785],[140.154001,36.401773],[140.154091,36.401775],[140.154147,36.401792],[140.154232,36.401837],[140.154284,36.401897],[140.154329,36.402046],[140.15433,36.402078],[140.154324,36.402112],[140.154319,36.402139],[140.154316,36.402165]]}},{"type":"Feature","properties":{"id":199067415,"highway":"unclassified"},"geometry":{"type":"LineString","coordinates":[[140.109283,36.365117],[140.109925,36.364999],[140.110223,36.364935],[140.110682,36.364821],[140.111187,36.36467],[140.111394,36.364604],[140.111702,36.364502],[140.11249,36.364209]]}},{"type":"Feature","properties":{"id":199067418,"highway":"unclassified"},"geometry":{"type":"LineString","coordinates":[[140.108564,36.364298],[140.107349,36.364375],[140.107034,36.364375]]}},{"type":"Feature","properties":{"id":199067425,"highway":"residential"},"geometry":{"type":"LineString","coordinates":[[140.151583,36.389935],[140.1515,36.389692],[140.151501,36.389609]]}},{"type":"Feature","properties":{"id":199067430,"highway":"service"},"geometry":{"type":"LineString","coordinates":[[140.151784,36.377474],[140.15179,36.377526],[140.15179,36.377595],[140.151853,36.377793],[140.151885,36.377896],[140.151907,36.378057]]}},{"type":"Feature","properties":{"id":199067431,"highway":"unclassified"},"geometry":{"type":"LineString","coordinates":[[140.126369,36.355725],[140.126428,36.356161],[140.126435,36.356451],[140.126415,36.357233]]}},{"type":"Feature","properties":{"id":199067433,"highway":"unclassified"},"geometry":{"type":"LineString","coordinates":[[140.106025,36.312748],[140.105488,36.312403],[140.10531,36.312279],[140.105213,36.312264]]}},{"type":"Feature","properties":{"id":199067438,"highway":"tertiary"},"geometry":{"type":"LineString","coordinates":[[140.103097,36.321632],[140.102681,36.321065],[140.102614,36.320931],[140.102577,36.320791],[140.102506,36.320138],[140.102455,36.31992],[140.102329,36.319614],[140.102189,36.319309],[140.102081,36.319082],[140.101852,36.318402],[140.101837,36.31832],[140.101834,36.318191],[140.101818,36.31805],[140.101723,36.317757]]}},{"type":"Feature","properties":{"id":199067440,"highway":"tertiary"},"geometry":{"type":"LineString","coordinates":[[140.100296,36.31547],[140.099234,36.313866],[140.099126,36.313679],[140.098919,36.313123],[140.098736,36.312609],[140.097931,36.310491],[140.097729,36.309935],[140.097728,36.309891],[140.097748,36.309844],[140.098699,36.309129],[140.099059,36.30887],[140.099923,36.308241],[140.100817,36.307591],[140.101698,36.306951],[140.102588,36.306292],[140.103464,36.305659],[140.104327,36.305032],[140.105242,36.304361],[140.105302,36.304317],[140.105474,36.304162],[140.105562,36.304041],[140.105632,36.303901],[140.105814,36.302997],[140.105947,36.302116]]}},{"type":"Feature","properties":{"id":199067442,"highway":"unclassified"},"geometry":{"type":"LineString","coordinates":[[140.158759,36.38737],[140.158693,36.387209]]}},{"type":"Feature","properties":{"id":199067444,"highway":"service"},"geometry":{"type":"LineString","coordinates":[[140.118637,36.313911],[140.118698,36.313899],[140.118815,36.31385],[140.119016,36.313773],[140.119088,36.313741],[140.119173,36.313707],[140.119376,36.313652],[140.119602,36.313638],[140.119715,36.31368],[140.11983,36.31371],[140.119869,36.313701],[140.119892,36.313671],[140.11993,36.31358]]}},{"type":"Feature","properties":{"id":199067455,"highway":"unclassified"},"geometry":{"type":"LineString","coordinates":[[140.110854,36.315258],[140.111284,36.315213],[140.111596,36.315162],[140.112083,36.315185]]}},{"type":"Feature","properties":{"id":199067476,"highway":"unclassified"},"geometry":{"type":"LineString","coordinates":[[140.132868,36.352697],[140.132876,36.352853],[140.132916,36.353099],[140.132923,36.353212],[140.132897,36.353364],[140.132828,36.353559]]}},{"type":"Feature","properties":{"id":199067501,"highway":"residential"},"geometry":{"type":"LineString","coordinates":[[140.117739,36.305573],[140.117489,36.305605],[140.117374,36.305638],[140.117315,36.30565],[140.117277,36.305648],[140.117159,36.305606],[140.117027,36.305567],[140.116879,36.305529],[140.116816,36.305517],[140.116631,36.305509],[140.116554,36.305497],[140.116477,36.305484],[140.116325,36.30545]]}},{"type":"Feature","properties":{"id":199067502,"highway":"unclassified"},"geometry":{"type":"LineString","coordinates":[[140.116346,36.366276],[140.11602,36.366441],[140.115777,36.366631],[140.115487,36.366871]]}},{"type":"Feature","properties":{"id":199067521,"highway":"unclassified"},"geometry":{"type":"LineString","coordinates":[[140.09711,36.374513],[140.097136,36.37438],[140.097164,36.374284],[140.097206,36.374237],[140.097317,36.374171],[140.097499,36.374133],[140.097581,36.374105],[140.097615,36.374075],[140.097726,36.37392],[140.09777,36.373865],[140.097832,36.373822],[140.097888,36.373811],[140.098181,36.373812],[140.098486,36.373792],[140.098759,36.373764],[140.099247,36.373775],[140.099643,36.373762],[140.100039,36.373779]]}},{"type":"Feature","properties":{"id":199067533,"highway":"tertiary"},"geometry":{"type":"LineString","coordinates":[[140.116736,36.32671],[140.116681,36.326617],[140.116577,36.326465],[140.116533,36.326429]]}},{"type":"Feature","properties":{"id":199067547,"highway":"unclassified"},"geometry":{"type":"LineString","coordinates":[[140.112829,36.374772],[140.11279,36.374786],[140.111509,36.375449],[140.111429,36.375516],[140.111195,36.375796],[140.11114,36.375855],[140.111062,36.375906],[140.11088,36.376013],[140.110847,36.376042],[140.110837,36.376098],[140.110854,36.376355],[140.110826,36.37669]]}},{"type":"Feature","properties":{"id":199067565,"highway":"unclassified"},"geometry":{"type":"LineString","coordinates":[[140.139557,36.362389],[140.139537,36.362958]]}},{"type":"Feature","properties":{"id":199067569,"highway":"unclassified"},"geometry":{"type":"LineString","coordinates":[[140.130014,36.379176],[140.130058,36.379096],[140.130288,36.37864],[140.130439,36.378253]]}},{"type":"Feature","properties":{"id":199067574,"highway":"unclassified"},"geometry":{"type":"LineString","coordinates":[[140.10716,36.363905],[140.107704,36.363828],[140.108317,36.363681],[140.108445,36.363649]]}},{"type":"Feature","properties":{"id":199067582,"highway":"unclassified"},"geometry":{"type":"LineString","coordinates":[[140.150116,36.389037],[140.150049,36.389102],[140.150018,36.389154],[140.150009,36.389207],[140.150013,36.389274],[140.150056,36.389382],[140.150069,36.389447],[140.15005,36.389627],[140.150057,36.389729],[140.150064,36.38979],[140.150068,36.389865],[140.150083,36.389929],[140.150191,36.390257],[140.150233,36.390362],[140.150274,36.390441],[140.150295,36.390513]]}},{"type":"Feature","properties":{"id":199067592,"highway":"residential"},"geometry":{"type":"LineString","coordinates":[[140.134239,36.373674],[140.134652,36.373649],[140.135101,36.373623]]}},{"type":"Feature","properties":{"id":199067599,"highway":"residential"},"geometry":{"type":"LineString","coordinates":[[140.101415,36.312016],[140.101732,36.311957],[140.102213,36.311765]]}},{"type":"Feature","properties":{"id":199067603,"highway":"unclassified"},"geometry":{"type":"LineString","coordinates":[[140.12555,36.395809],[140.125506,36.395815],[140.125392,36.395833],[140.12468,36.395953],[140.124547,36.395971],[140.124416,36.395998],[140.124337,36.396029],[140.124244,36.39609],[140.124151,36.396172],[140.124021,36.396311],[140.123992,36.396349],[140.123953,36.396403],[140.123908,36.396497],[140.123888,36.396574],[140.123861,36.396805],[140.123854,36.396977],[140.12385,36.397048],[140.123834,36.39712],[140.123804,36.397163],[140.123734,36.397209],[140.123641,36.397237],[140.123165,36.397263],[140.123073,36.397278],[140.122997,36.397303],[140.122927,36.397343],[140.122887,36.397378]]}},{"type":"Feature","properties":{"id":199067613,"highway":"unclassified"},"geometry":{"type":"LineString","coordinates":[[140.125925,36.386552],[140.125958,36.386533],[140.127385,36.385408]]}},{"type":"Feature","properties":{"id":199067615,"highway":"unclassified"},"geometry":{"type":"LineString","coordinates":[[140.161104,36.38605],[140.160853,36.385366],[140.160763,36.385108],[140.160757,36.385053],[140.160758,36.385],[140.160799,36.384556],[140.160831,36.384393],[140.160844,36.384329]]}},{"type":"Feature","properties":{"id":199067627,"highway":"unclassified"},"geometry":{"type":"LineString","coordinates":[[140.136263,36.348114],[140.136251,36.347637],[140.136181,36.346916],[140.136153,36.346787]]}},{"type":"Feature","properties":{"id":199067648,"highway":"unclassified"},"geometry":{"type":"LineString","coordinates":[[140.099741,36.326965],[140.100748,36.326935],[140.100858,36.326935],[140.100974,36.326968]]}},{"type":"Feature","properties":{"id":199067649,"highway":"residential"},"geometry":{"type":"LineString","coordinates":[[140.145219,36.372242],[140.145223,36.372321],[140.14521,36.372459],[140.145177,36.372712],[140.145165,36.372893],[140.145143,36.373531],[140.145133,36.373603],[140.145131,36.373649]]}},{"type":"Feature","properties":{"id":199067676,"highway":"unclassified"},"geometry":{"type":"LineString","coordinates":[[140.146919,36.352651],[140.146584,36.352595],[140.146269,36.352548],[140.145947,36.352504]]}},{"type":"Feature","properties":{"id":199067685,"highway":"unclassified"},"geometry":{"type":"LineString","coordinates":[[140.142038,36.353158],[140.142049,36.353223],[140.142071,36.353281],[140.142115,36.353338]]}},{"type":"Feature","properties":{"id":199067694,"highway":"unclassified"},"geometry":{"type":"LineString","coordinates":[[140.107831,36.325854],[140.107776,36.325708],[140.107722,36.325555],[140.10768,36.32539],[140.107628,36.325197]]}},{"type":"Feature","properties":{"id":199067698,"highway":"residential"},"geometry":{"type":"LineString","coordinates":[[140.143738,36.333459],[140.143866,36.333483],[140.143909,36.333482],[140.143993,36.333457],[140.144046,36.333458],[140.144097,36.333488],[140.144155,36.333573],[140.144227,36.333636],[140.144337,36.333705],[140.144379,36.333736],[140.144403,36.333773],[140.144415,36.334086],[140.144453,36.334213],[140.144524,36.334367],[140.144527,36.334452],[140.144511,36.334532],[140.144425,36.334727],[140.144419,36.33484],[140.144447,36.334957],[140.144595,36.335299],[140.144696,36.335551],[140.144732,36.335624],[140.144856,36.335787],[140.144932,36.335917],[140.14496,36.33607],[140.144961,36.336309],[140.144942,36.336405],[140.144934,36.336545],[140.144969,36.336718],[140.145036,36.336899],[140.145083,36.336985],[140.145259,36.33723],[140.145808,36.338134]]}},{"type":"Feature","properties":{"id":199067758,"highway":"residential"},"geometry":{"type":"LineString","coordinates":[[140.162095,36.348156],[140.1622,36.348057],[140.160581,36.347948],[140.160317,36.347973]]}},{"type":"Feature","properties":{"id":199067789,"highway":"unclassified"},"geometry":{"type":"LineString","coordinates":[[140.112075,36.301412],[140.11161,36.301395],[140.111382,36.301381],[140.110904,36.301386]]}},{"type":"Feature","properties":{"id":199067797,"highway":"unclassified"},"geometry":{"type":"LineString","coordinates":[[140.160844,36.384329],[140.160779,36.384275],[140.160152,36.383864],[140.159841,36.383685],[140.159781,36.383662]]}},{"type":"Feature","properties":{"id":199067807,"highway":"unclassified"},"geometry":{"type":"LineString","coordinates":[[140.108632,36.309095],[140.108571,36.308888],[140.10853,36.308816],[140.108444,36.308713]]}},{"type":"Feature","properties":{"id":199067823,"highway":"unclassified"},"geometry":{"type":"LineString","coordinates":[[140.12624,36.354843],[140.126264,36.355023],[140.12634,36.355412],[140.126361,36.355635]]}},{"type":"Feature","properties":{"id":199067829,"highway":"unclassified"},"geometry":{"type":"LineString","coordinates":[[140.109283,36.365117],[140.108668,36.36519],[140.108006,36.365246],[140.10775,36.365262]]}},{"type":"Feature","properties":{"id":199067844,"highway":"service"},"geometry":{"type":"LineString","coordinates":[[140.113615,36.306723],[140.113886,36.306965],[140.114155,36.30708],[140.114521,36.307342],[140.114697,36.307551]]}},{"type":"Feature","properties":{"id":199067877,"highway":"unclassified"},"geometry":{"type":"LineString","coordinates":[[140.15361,36.354056],[140.153822,36.354914]]}},{"type":"Feature","properties":{"id":199067889,"highway":"unclassified"},"geometry":{"type":"LineString","coordinates":[[140.172994,36.364848],[140.172914,36.364876],[140.172729,36.364936],[140.172637,36.36499],[140.172452,36.36512],[140.172373,36.365201]]}},{"type":"Feature","properties":{"id":199067896,"highway":"service"},"geometry":{"type":"LineString","coordinates":[[140.10542,36.313054],[140.105308,36.312737],[140.105264,36.312498],[140.105238,36.312381],[140.105213,36.312264]]}},{"type":"Feature","properties":{"id":199067904,"highway":"unclassified"},"geometry":{"type":"LineString","coordinates":[[140.134775,36.356214],[140.134752,36.356301],[140.134737,36.356364]]}},{"type":"Feature","properties":{"id":199067918,"highway":"residential"},"geometry":{"type":"LineString","coordinates":[[140.100296,36.31547],[140.099952,36.315601],[140.099527,36.315755],[140.09914,36.315904]]}},{"type":"Feature","properties":{"id":199067933,"highway":"tertiary"},"geometry":{"type":"LineString","coordinates":[[140.127093,36.384268],[140.127084,36.384175],[140.127056,36.383899],[140.127055,36.383882],[140.127023,36.383796],[140.126807,36.383281],[140.125741,36.381103],[140.125723,36.381059],[140.125464,36.380519],[140.125381,36.380315],[140.125277,36.379984],[140.125121,36.379452],[140.124995,36.379135],[140.124942,36.379023],[140.124587,36.378255],[140.124433,36.377889],[140.124345,36.377622],[140.124288,36.377362],[140.124262,36.377174],[140.124223,36.377069],[140.124164,36.376991],[140.124079,36.376942],[140.123994,36.376906],[140.123857,36.376872],[140.123533,36.376795],[140.123256,36.376712],[140.122993,36.376625],[140.122635,36.376483],[140.122424,36.37638],[140.122312,36.376289],[140.12222,36.376192],[140.122015,36.375926],[140.121665,36.375565],[140.121527,36.375448],[140.121393,36.37537],[140.121281,36.375325],[140.121149,36.375301],[140.119236,36.375016],[140.119073,36.374974],[140.118949,36.374927],[140.118805,36.374845],[140.118732,36.374744],[140.118714,36.374717],[140.118534,36.374446],[140.118427,36.374364],[140.118242,36.37429],[140.117988,36.374177],[140.117847,36.374061],[140.117733,36.373842],[140.117411,36.373043],[140.117301,36.372746],[140.117154,36.372529],[140.11704,36.372416],[140.116869,36.372314],[140.116675,36.372242],[140.115856,36.372036],[140.115494,36.37193],[140.115155,36.371856],[140.114921,36.371754],[140.114616,36.371497],[140.114204,36.371151],[140.114105,36.371035],[140.114023,36.370884],[140.113594,36.369383],[140.113496,36.368967],[140.113433,36.368876],[140.113299,36.368845],[140.113239,36.368822],[140.113218,36.368785],[140.113233,36.368355],[140.113276,36.368204],[140.113364,36.368004],[140.11356,36.367639],[140.113608,36.367436],[140.113627,36.367256],[140.113624,36.367086],[140.113513,36.366387],[140.113448,36.365938],[140.113415,36.365623],[140.113358,36.36514],[140.113282,36.364684],[140.113247,36.364556],[140.113161,36.364307],[140.113047,36.364058],[140.112986,36.363951],[140.112797,36.363633]]}},{"type":"Feature","properties":{"id":199067935,"highway":"unclassified"},"geometry":{"type":"LineString","coordinates":[[140.106783,36.36775],[140.106906,36.367752],[140.107079,36.367769],[140.107143,36.367796],[140.107241,36.36786],[140.10735,36.367923],[140.107442,36.367972],[140.107561,36.368014],[140.107654,36.368037],[140.108143,36.368109],[140.108532,36.368139],[140.108908,36.368179]]}},{"type":"Feature","properties":{"id":199067939,"highway":"unclassified"},"geometry":{"type":"LineString","coordinates":[[140.110223,36.367081],[140.110242,36.366923],[140.110208,36.366751],[140.110132,36.366312]]}},{"type":"Feature","properties":{"id":199067968,"highway":"unclassified"},"geometry":{"type":"LineString","coordinates":[[140.153021,36.36164],[140.152765,36.361657],[140.152314,36.361701],[140.152138,36.361714],[140.15183,36.361698],[140.151644,36.36168],[140.151511,36.361663],[140.151435,36.361646],[140.151333,36.361606],[140.151083,36.361478],[140.151027,36.361453]]}},{"type":"Feature","properties":{"id":199067989,"highway":"unclassified"},"geometry":{"type":"LineString","coordinates":[[140.136249,36.365917],[140.136174,36.365971],[140.136002,36.366062],[140.135905,36.366097],[140.13586,36.366103],[140.135785,36.366107],[140.135669,36.366086],[140.135139,36.366001],[140.134406,36.365898],[140.134192,36.365858],[140.13402,36.365808],[140.133906,36.365764],[140.133531,36.365626],[140.132904,36.365451],[140.13267,36.365371],[140.132044,36.365107],[140.131974,36.365072],[140.131902,36.365066]]}},{"type":"Feature","properties":{"id":199067999,"highway":"unclassified"},"geometry":{"type":"LineString","coordinates":[[140.111331,36.365087],[140.112699,36.364789]]}},{"type":"Feature","properties":{"id":199068001,"highway":"residential"},"geometry":{"type":"LineString","coordinates":[[140.108143,36.368109],[140.108107,36.368513],[140.108083,36.368702],[140.108096,36.368934]]}},{"type":"Feature","properties":{"id":199068004,"highway":"residential"},"geometry":{"type":"LineString","coordinates":[[140.115644,36.328555],[140.115311,36.328335],[140.114653,36.328147],[140.114247,36.32808]]}},{"type":"Feature","properties":{"id":199068005,"highway":"unclassified"},"geometry":{"type":"LineString","coordinates":[[140.115135,36.301175],[140.115346,36.30062],[140.115381,36.30052],[140.115386,36.300463]]}},{"type":"Feature","properties":{"id":199068009,"highway":"unclassified"},"geometry":{"type":"LineString","coordinates":[[140.119203,36.361117],[140.11918,36.361066],[140.119131,36.36095],[140.118982,36.360522],[140.118948,36.360374],[140.118875,36.359939]]}},{"type":"Feature","properties":{"id":199068011,"highway":"unclassified"},"geometry":{"type":"LineString","coordinates":[[140.143736,36.345826],[140.144022,36.345773],[140.144231,36.345755],[140.144432,36.34576]]}},{"type":"Feature","properties":{"id":199068018,"highway":"unclassified"},"geometry":{"type":"LineString","coordinates":[[140.107421,36.360309],[140.10763,36.360248]]}},{"type":"Feature","properties":{"id":199068019,"highway":"unclassified"},"geometry":{"type":"LineString","coordinates":[[140.144112,36.364264],[140.144273,36.363055]]}},{"type":"Feature","properties":{"id":199068024,"highway":"residential"},"geometry":{"type":"LineString","coordinates":[[140.113934,36.308235],[140.113635,36.308345],[140.113607,36.308357],[140.113173,36.308442]]}},{"type":"Feature","properties":{"id":199068027,"highway":"service"},"geometry":{"type":"LineString","coordinates":[[140.115494,36.37193],[140.115292,36.371779],[140.115305,36.371707],[140.115325,36.371647]]}},{"type":"Feature","properties":{"id":199068039,"highway":"unclassified"},"geometry":{"type":"LineString","coordinates":[[140.1273,36.354803],[140.127856,36.354832],[140.128145,36.354854]]}},{"type":"Feature","properties":{"id":199068058,"highway":"unclassified"},"geometry":{"type":"LineString","coordinates":[[140.124639,36.357454],[140.124629,36.357331],[140.124601,36.355849]]}},{"type":"Feature","properties":{"id":199068063,"highway":"service"},"geometry":{"type":"LineString","coordinates":[[140.109952,36.330852],[140.109945,36.330782],[140.109937,36.330736],[140.109899,36.330663],[140.109886,36.330599],[140.109898,36.330339],[140.109922,36.330116],[140.109973,36.329771],[140.10997,36.329682],[140.109965,36.329553],[140.109976,36.32949],[140.110028,36.329438],[140.110141,36.329343],[140.110193,36.32928],[140.110217,36.329203],[140.110277,36.328918]]}},{"type":"Feature","properties":{"id":199068071,"highway":"unclassified"},"geometry":{"type":"LineString","coordinates":[[140.101493,36.327113],[140.103508,36.32719],[140.103581,36.327193]]}},{"type":"Feature","properties":{"id":199068072,"highway":"residential"},"geometry":{"type":"LineString","coordinates":[[140.151902,36.345268],[140.152179,36.345262],[140.152605,36.345465],[140.153294,36.345827]]}},{"type":"Feature","properties":{"id":199068077,"highway":"service"},"geometry":{"type":"LineString","coordinates":[[140.109994,36.30966],[140.110266,36.310331]]}},{"type":"Feature","properties":{"id":199068080,"highway":"unclassified"},"geometry":{"type":"LineString","coordinates":[[140.138645,36.379523],[140.13866,36.379633],[140.138521,36.380162],[140.138485,36.380225],[140.138425,36.38027],[140.1383,36.380316],[140.138238,36.380339]]}},{"type":"Feature","properties":{"id":199068092,"highway":"residential"},"geometry":{"type":"LineString","coordinates":[[140.160757,36.385053],[140.160648,36.385078],[140.160571,36.385098],[140.160267,36.385112]]}},{"type":"Feature","properties":{"id":199068098,"highway":"unclassified"},"geometry":{"type":"LineString","coordinates":[[140.12531,36.386591],[140.125402,36.38656],[140.125639,36.386513],[140.125742,36.3865],[140.125823,36.386537],[140.125881,36.386552],[140.125925,36.386552]]}},{"type":"Feature","properties":{"id":199068102,"highway":"unclassified"},"geometry":{"type":"LineString","coordinates":[[140.106662,36.323314],[140.10658,36.323306],[140.106532,36.323276],[140.106481,36.323212],[140.106372,36.323042],[140.106095,36.322701]]}},{"type":"Feature","properties":{"id":199068103,"highway":"residential"},"geometry":{"type":"LineString","coordinates":[[140.107442,36.367972],[140.107405,36.368101],[140.10738,36.368428]]}},{"type":"Feature","properties":{"id":199068105,"highway":"residential"},"geometry":{"type":"LineString","coordinates":[[140.111878,36.307937],[140.112156,36.308662],[140.112152,36.308842]]}},{"type":"Feature","properties":{"id":199068115,"highway":"unclassified"},"geometry":{"type":"LineString","coordinates":[[140.131908,36.385778],[140.131891,36.385739],[140.131657,36.385357],[140.131565,36.385134],[140.131541,36.385078]]}},{"type":"Feature","properties":{"id":199068116,"highway":"unclassified"},"geometry":{"type":"LineString","coordinates":[[140.163767,36.328854],[140.16379,36.329309],[140.164078,36.330768],[140.164136,36.330908]]}},{"type":"Feature","properties":{"id":199068120,"highway":"unclassified"},"geometry":{"type":"LineString","coordinates":[[140.160097,36.348521],[140.159977,36.348663],[140.159549,36.349062],[140.159204,36.349496],[140.158857,36.349909],[140.158804,36.349999],[140.158768,36.350073],[140.158744,36.350146],[140.158681,36.350274],[140.158572,36.350456],[140.158159,36.351067],[140.157963,36.351374],[140.157855,36.351497]]}},{"type":"Feature","properties":{"id":199068136,"highway":"unclassified"},"geometry":{"type":"LineString","coordinates":[[140.099866,36.374654],[140.099911,36.374391],[140.099973,36.37413],[140.100039,36.373779],[140.100093,36.373428],[140.100119,36.373272],[140.100153,36.373038],[140.100167,36.372906],[140.100216,36.372604],[140.100236,36.372524],[140.100262,36.372466],[140.10031,36.372423],[140.10038,36.372385],[140.100464,36.372358],[140.100564,36.372343],[140.101017,36.372336],[140.101313,36.372332],[140.101587,36.372317],[140.101863,36.372311],[140.102087,36.372321],[140.102293,36.372324],[140.102586,36.372319],[140.102871,36.37232],[140.102968,36.372325],[140.103114,36.372346],[140.103231,36.372354],[140.10334,36.372355],[140.103518,36.372319],[140.103656,36.372299],[140.103771,36.372313]]}},{"type":"Feature","properties":{"id":199068137,"highway":"unclassified"},"geometry":{"type":"LineString","coordinates":[[140.15325,36.345],[140.153105,36.345012],[140.152752,36.345014],[140.151892,36.345071]]}},{"type":"Feature","properties":{"id":199068149,"highway":"unclassified"},"geometry":{"type":"LineString","coordinates":[[140.136227,36.350108],[140.136282,36.3493],[140.136249,36.349021],[140.136224,36.348681]]}},{"type":"Feature","properties":{"id":199068152,"highway":"unclassified"},"geometry":{"type":"LineString","coordinates":[[140.121332,36.3542],[140.121332,36.353969],[140.121431,36.353575],[140.121438,36.353569]]}},{"type":"Feature","properties":{"id":199068155,"highway":"service"},"geometry":{"type":"LineString","coordinates":[[140.103606,36.29978],[140.103592,36.300044],[140.103541,36.300271],[140.103482,36.30051],[140.103385,36.300779],[140.103278,36.300982],[140.103192,36.30114]]}},{"type":"Feature","properties":{"id":199068178,"highway":"unclassified"},"geometry":{"type":"LineString","coordinates":[[140.152462,36.393791],[140.152419,36.393814],[140.152397,36.393853],[140.152389,36.393917],[140.152399,36.393968]]}},{"type":"Feature","properties":{"id":199068190,"highway":"unclassified"},"geometry":{"type":"LineString","coordinates":[[140.142926,36.371719],[140.143005,36.371734],[140.143103,36.371767],[140.143407,36.37188],[140.14354,36.371938]]}},{"type":"Feature","properties":{"id":199068194,"highway":"unclassified"},"geometry":{"type":"LineString","coordinates":[[140.138271,36.35897],[140.138575,36.358982],[140.138712,36.359006],[140.138737,36.359736]]}},{"type":"Feature","properties":{"id":199068238,"highway":"unclassified"},"geometry":{"type":"LineString","coordinates":[[140.11323,36.311604],[140.112884,36.311208],[140.112811,36.311138],[140.112723,36.31111],[140.112592,36.31109]]}},{"type":"Feature","properties":{"id":199068259,"highway":"unclassified"},"geometry":{"type":"LineString","coordinates":[[140.151947,36.386815],[140.151178,36.387167]]}},{"type":"Feature","properties":{"id":199068276,"highway":"unclassified"},"geometry":{"type":"LineString","coordinates":[[140.143969,36.354318],[140.143631,36.354391],[140.143409,36.354483],[140.143177,36.354607],[140.143039,36.354743],[140.14263,36.35516],[140.141183,36.355376]]}},{"type":"Feature","properties":{"id":199068277,"highway":"unclassified"},"geometry":{"type":"LineString","coordinates":[[140.113513,36.366387],[140.11375,36.366375],[140.11411,36.366393],[140.114595,36.366476]]}},{"type":"Feature","properties":{"id":199068280,"highway":"service"},"geometry":{"type":"LineString","coordinates":[[140.104234,36.332973],[140.103694,36.332937],[140.102943,36.332872],[140.102874,36.332865]]}},{"type":"Feature","properties":{"id":199068295,"highway":"unclassified"},"geometry":{"type":"LineString","coordinates":[[140.130887,36.384149],[140.130918,36.384179],[140.131052,36.384341],[140.131218,36.384612],[140.131351,36.384826],[140.131541,36.385078]]}},{"type":"Feature","properties":{"id":199068299,"highway":"unclassified"},"geometry":{"type":"LineString","coordinates":[[140.150426,36.333821],[140.149984,36.333482],[140.149555,36.333128]]}},{"type":"Feature","properties":{"id":199068303,"highway":"service"},"geometry":{"type":"LineString","coordinates":[[140.10542,36.313054],[140.105245,36.313185],[140.105023,36.313208],[140.104736,36.313169]]}},{"type":"Feature","properties":{"id":199068312,"highway":"residential"},"geometry":{"type":"LineString","coordinates":[[140.153004,36.346249],[140.153063,36.346134]]}},{"type":"Feature","properties":{"id":199068316,"highway":"unclassified"},"geometry":{"type":"LineString","coordinates":[[140.135204,36.363457],[140.13509,36.363466],[140.13347,36.363507],[140.133339,36.363518],[140.133213,36.363534],[140.133054,36.363551],[140.131901,36.36371],[140.131188,36.363805],[140.130335,36.363918],[140.130281,36.363923]]}},{"type":"Feature","properties":{"id":199068323,"highway":"unclassified"},"geometry":{"type":"LineString","coordinates":[[140.1113,36.318249],[140.111207,36.317664],[140.111179,36.317562],[140.111065,36.316875]]}},{"type":"Feature","properties":{"id":199068324,"highway":"unclassified"},"geometry":{"type":"LineString","coordinates":[[140.13881,36.36686],[140.138984,36.366678],[140.139039,36.366632],[140.139095,36.366608],[140.139165,36.366608],[140.139252,36.366632],[140.139692,36.366781],[140.139787,36.366751],[140.139968,36.366724],[140.140099,36.366704]]}},{"type":"Feature","properties":{"id":199068326,"highway":"unclassified"},"geometry":{"type":"LineString","coordinates":[[140.172647,36.364333],[140.172697,36.364356],[140.172758,36.364397],[140.172828,36.364446],[140.172874,36.36449],[140.172911,36.364534],[140.172949,36.364601],[140.172979,36.364678],[140.173,36.364748],[140.173004,36.364804],[140.172994,36.364848]]}},{"type":"Feature","properties":{"id":199068340,"highway":"unclassified"},"geometry":{"type":"LineString","coordinates":[[140.164105,36.377182],[140.164078,36.377132],[140.163867,36.376746],[140.163862,36.376671]]}},{"type":"Feature","properties":{"id":199068355,"highway":"residential"},"geometry":{"type":"LineString","coordinates":[[140.172016,36.326495],[140.172595,36.326819],[140.172751,36.326949],[140.172938,36.327461],[140.173066,36.327669]]}},{"type":"Feature","properties":{"id":199068365,"highway":"unclassified"},"geometry":{"type":"LineString","coordinates":[[140.115386,36.300463],[140.115374,36.300429],[140.115277,36.300361],[140.115136,36.300285]]}},{"type":"Feature","properties":{"id":199068372,"highway":"service"},"geometry":{"type":"LineString","coordinates":[[140.10542,36.313054],[140.105873,36.313801]]}},{"type":"Feature","properties":{"id":199068378,"highway":"unclassified"},"geometry":{"type":"LineString","coordinates":[[140.103426,36.364863],[140.103901,36.364954],[140.104366,36.365044],[140.104749,36.365107],[140.105284,36.365183]]}},{"type":"Feature","properties":{"id":199068380,"highway":"service"},"geometry":{"type":"LineString","coordinates":[[140.155615,36.379248],[140.155594,36.379301],[140.155578,36.37934],[140.15558,36.379372]]}},{"type":"Feature","properties":{"id":199068381,"highway":"unclassified"},"geometry":{"type":"LineString","coordinates":[[140.115136,36.300285],[140.115037,36.3002],[140.115033,36.299989],[140.115005,36.299933]]}},{"type":"Feature","properties":{"id":199068384,"highway":"unclassified"},"geometry":{"type":"LineString","coordinates":[[140.108497,36.366543],[140.10838,36.367507],[140.108588,36.367531],[140.108875,36.367558],[140.10899,36.367566]]}},{"type":"Feature","properties":{"id":199068388,"highway":"unclassified"},"geometry":{"type":"LineString","coordinates":[[140.108341,36.32712],[140.108201,36.32685],[140.107955,36.326361],[140.1079,36.326203],[140.107831,36.325854]]}},{"type":"Feature","properties":{"id":199068390,"highway":"residential"},"geometry":{"type":"LineString","coordinates":[[140.166434,36.331225],[140.166329,36.331067],[140.16683,36.330927],[140.166862,36.330624],[140.166861,36.330546]]}},{"type":"Feature","properties":{"id":199068391,"highway":"unclassified"},"geometry":{"type":"LineString","coordinates":[[140.151415,36.373491],[140.150885,36.374879],[140.150846,36.375224],[140.150842,36.375254]]}},{"type":"Feature","properties":{"id":199068405,"highway":"unclassified"},"geometry":{"type":"LineString","coordinates":[[140.113624,36.367086],[140.113339,36.367144],[140.113067,36.367146],[140.112872,36.367135],[140.112449,36.367045],[140.111711,36.367105],[140.111531,36.367075]]}},{"type":"Feature","properties":{"id":199068421,"highway":"tertiary"},"geometry":{"type":"LineString","coordinates":[[140.125816,36.402113],[140.125403,36.401926],[140.125189,36.401856],[140.124682,36.401768],[140.124079,36.40167],[140.123712,36.401666],[140.123663,36.401674],[140.123467,36.401705],[140.122754,36.401844],[140.122443,36.401896],[140.122248,36.401893],[140.122058,36.40186],[140.120955,36.401511],[140.120258,36.401298],[140.120074,36.401217],[140.119971,36.401126],[140.119852,36.400976],[140.11978,36.400799],[140.119702,36.400506],[140.119633,36.400366],[140.119523,36.400272],[140.118283,36.399593],[140.118209,36.399509],[140.11818,36.399436],[140.118039,36.398744],[140.118042,36.398641],[140.118071,36.398535],[140.118165,36.398435],[140.118381,36.398245],[140.11845,36.398149],[140.118469,36.398032],[140.118471,36.397923],[140.118325,36.396134],[140.118279,36.39596],[140.118196,36.395784],[140.117993,36.395671],[140.11782,36.395609],[140.117492,36.395584],[140.117123,36.395627],[140.11656,36.395791],[140.116342,36.395839],[140.116166,36.395878],[140.115909,36.395903],[140.115606,36.395884],[140.115352,36.395808],[140.114436,36.395504],[140.114261,36.395413],[140.11417,36.395282],[140.114117,36.395144],[140.114129,36.394947],[140.114121,36.394735],[140.114053,36.394644],[140.113894,36.394577]]}},{"type":"Feature","properties":{"id":199068438,"highway":"unclassified"},"geometry":{"type":"LineString","coordinates":[[140.145544,36.372218],[140.145431,36.372214],[140.145327,36.372223],[140.145219,36.372242],[140.145146,36.372257],[140.144927,36.372307],[140.144796,36.372326],[140.144655,36.372337],[140.144547,36.372334],[140.144415,36.372315],[140.144316,36.372289],[140.144134,36.372236],[140.143608,36.372084],[140.143499,36.37203],[140.143454,36.371997]]}},{"type":"Feature","properties":{"id":199068461,"highway":"service"},"geometry":{"type":"LineString","coordinates":[[140.104369,36.302877],[140.104898,36.303387],[140.105427,36.303855],[140.105632,36.303901]]}},{"type":"Feature","properties":{"id":199068462,"highway":"unclassified"},"geometry":{"type":"LineString","coordinates":[[140.118802,36.312112],[140.1187,36.312119],[140.11794,36.312182],[140.117905,36.312188]]}},{"type":"Feature","properties":{"id":199068465,"highway":"unclassified"},"geometry":{"type":"LineString","coordinates":[[140.111639,36.309088],[140.111643,36.309445],[140.111727,36.309954]]}},{"type":"Feature","properties":{"id":199068472,"highway":"residential"},"geometry":{"type":"LineString","coordinates":[[140.125718,36.394351],[140.124931,36.394264]]}},{"type":"Feature","properties":{"id":199068475,"highway":"unclassified"},"geometry":{"type":"LineString","coordinates":[[140.151159,36.345526],[140.151161,36.345403],[140.151143,36.34536],[140.150426,36.34505],[140.149717,36.344768],[140.149267,36.344598]]}},{"type":"Feature","properties":{"id":199068507,"highway":"unclassified"},"geometry":{"type":"LineString","coordinates":[[140.116484,36.360773],[140.115105,36.361165]]}},{"type":"Feature","properties":{"id":199068518,"highway":"unclassified"},"geometry":{"type":"LineString","coordinates":[[140.127699,36.365097],[140.127339,36.364333]]}},{"type":"Feature","properties":{"id":199068519,"highway":"unclassified"},"geometry":{"type":"LineString","coordinates":[[140.101837,36.31832],[140.102867,36.318428],[140.102948,36.318425]]}},{"type":"Feature","properties":{"id":199068540,"highway":"unclassified"},"geometry":{"type":"LineString","coordinates":[[140.132801,36.399958],[140.132787,36.400347],[140.132778,36.400584],[140.132715,36.400971],[140.132653,36.401206]]}},{"type":"Feature","properties":{"id":199068549,"highway":"unclassified"},"geometry":{"type":"LineString","coordinates":[[140.107165,36.360963],[140.107168,36.361526],[140.107136,36.36195],[140.107164,36.362331],[140.107207,36.362435],[140.107246,36.362565]]}},{"type":"Feature","properties":{"id":199068567,"highway":"unclassified"},"geometry":{"type":"LineString","coordinates":[[140.100817,36.307591],[140.10355,36.31004]]}},{"type":"Feature","properties":{"id":199068570,"highway":"unclassified"},"geometry":{"type":"LineString","coordinates":[[140.141848,36.365559],[140.141928,36.363007],[140.14193,36.362972]]}},{"type":"Feature","properties":{"id":199068603,"highway":"residential"},"geometry":{"type":"LineString","coordinates":[[140.113171,36.30535],[140.113094,36.305637],[140.113062,36.305902],[140.11307,36.306221]]}},{"type":"Feature","properties":{"id":199068604,"highway":"service"},"geometry":{"type":"LineString","coordinates":[[140.16099,36.340329],[140.161067,36.340268],[140.161102,36.340218],[140.161106,36.340133]]}},{"type":"Feature","properties":{"id":199068605,"highway":"service"},"geometry":{"type":"LineString","coordinates":[[140.114345,36.315917],[140.114345,36.315965],[140.114381,36.316125],[140.114441,36.31633]]}},{"type":"Feature","properties":{"id":199068614,"highway":"unclassified"},"geometry":{"type":"LineString","coordinates":[[140.104065,36.319302],[140.104142,36.319443],[140.104186,36.319552],[140.10436,36.320213],[140.10481,36.32094]]}},{"type":"Feature","properties":{"id":199068651,"highway":"service"},"geometry":{"type":"LineString","coordinates":[[140.108871,36.303343],[140.105814,36.302997]]}},{"type":"Feature","properties":{"id":199068664,"highway":"unclassified"},"geometry":{"type":"LineString","coordinates":[[140.10591,36.322485],[140.105626,36.322189],[140.105405,36.321941],[140.105211,36.32178]]}},{"type":"Feature","properties":{"id":199068674,"highway":"residential"},"geometry":{"type":"LineString","coordinates":[[140.108822,36.36887],[140.109135,36.368882],[140.109347,36.368944],[140.109581,36.369015]]}},{"type":"Feature","properties":{"id":199068678,"highway":"unclassified"},"geometry":{"type":"LineString","coordinates":[[140.128115,36.382741],[140.128007,36.38279],[140.127668,36.382925],[140.127413,36.383034],[140.126921,36.383245],[140.126807,36.383281]]}},{"type":"Feature","properties":{"id":199068707,"highway":"service"},"geometry":{"type":"LineString","coordinates":[[140.114604,36.400112],[140.11454,36.400247],[140.114491,36.400353],[140.114415,36.400486],[140.11438,36.400578],[140.114391,36.400667],[140.114475,36.400776],[140.114561,36.400877],[140.114616,36.400969],[140.114619,36.401049],[140.114581,36.401115],[140.114506,36.401182],[140.114409,36.401231],[140.114301,36.401253],[140.114195,36.401271],[140.1141,36.401314],[140.114008,36.401363],[140.113916,36.4014],[140.113852,36.401412],[140.113795,36.4014],[140.113708,36.401363],[140.113611,36.401302],[140.113539,36.401245],[140.113487,36.401222],[140.113401,36.401199],[140.113321,36.401184],[140.11326,36.40117],[140.113192,36.40115],[140.113145,36.401113],[140.113111,36.401072],[140.113082,36.401015],[140.113057,36.400943],[140.113034,36.400857],[140.113014,36.400747],[140.112997,36.400618],[140.112983,36.400491],[140.112983,36.400344],[140.113008,36.400119],[140.11304,36.399909],[140.11308,36.399693],[140.113132,36.399499],[140.113196,36.399314],[140.113256,36.399185],[140.113419,36.398935],[140.113491,36.398814],[140.113528,36.398716],[140.113563,36.39857],[140.113618,36.398449],[140.113646,36.398401]]}},{"type":"Feature","properties":{"id":199068708,"highway":"unclassified"},"geometry":{"type":"LineString","coordinates":[[140.112443,36.383872],[140.112443,36.383701],[140.112427,36.383628],[140.112378,36.383527],[140.112301,36.383447],[140.112222,36.383389],[140.11214,36.383357],[140.111858,36.383301],[140.111693,36.383281],[140.111647,36.383265],[140.11162,36.383237],[140.111616,36.383207],[140.111616,36.383173],[140.11163,36.383136],[140.111817,36.382924],[140.111997,36.382652],[140.112023,36.382566],[140.112033,36.382503],[140.112032,36.382391],[140.112001,36.382295],[140.111943,36.382215],[140.111854,36.382143],[140.111726,36.382072],[140.111501,36.382001],[140.110925,36.381883],[140.110758,36.381822],[140.110647,36.381765],[140.11059,36.381702],[140.11053,36.381554],[140.110492,36.381448],[140.110437,36.381101],[140.110441,36.380998],[140.110461,36.380934],[140.110548,36.380816],[140.110578,36.380768],[140.110696,36.380511],[140.110739,36.380456],[140.110806,36.380414],[140.110959,36.380343],[140.111199,36.380248],[140.111396,36.380153],[140.11164,36.380033],[140.111702,36.379973],[140.111727,36.379913],[140.111723,36.379857],[140.111708,36.379823],[140.111668,36.37979],[140.111618,36.379763],[140.111551,36.379739],[140.111184,36.379681],[140.110953,36.379652],[140.110718,36.379604],[140.110505,36.379533],[140.110414,36.379491],[140.110363,36.379447],[140.110331,36.379362],[140.110327,36.379041],[140.110348,36.378601],[140.110337,36.378556]]}},{"type":"Feature","properties":{"id":199068730,"highway":"unclassified"},"geometry":{"type":"LineString","coordinates":[[140.105138,36.357141],[140.105057,36.357099],[140.104939,36.357035],[140.10483,36.356972],[140.104727,36.356885],[140.104343,36.35645]]}},{"type":"Feature","properties":{"id":199068736,"highway":"unclassified"},"geometry":{"type":"LineString","coordinates":[[140.172373,36.365201],[140.172411,36.365243],[140.172521,36.365376],[140.172602,36.365487],[140.172681,36.365571],[140.172726,36.365622],[140.172796,36.365708],[140.172873,36.365837],[140.172933,36.365952],[140.172965,36.366008],[140.172988,36.366054],[140.173082,36.366222],[140.173107,36.366278],[140.173121,36.366337]]}},{"type":"Feature","properties":{"id":199068737,"highway":"residential"},"geometry":{"type":"LineString","coordinates":[[140.156697,36.348979],[140.156739,36.348798],[140.157239,36.348243],[140.157362,36.348119],[140.15745,36.348079],[140.157515,36.348076],[140.15761,36.348081],[140.157665,36.34807],[140.15771,36.348045],[140.157739,36.348005]]}},{"type":"Feature","properties":{"id":199068745,"highway":"residential"},"geometry":{"type":"LineString","coordinates":[[140.106029,36.359446],[140.106108,36.359455],[140.106324,36.359443],[140.106379,36.359431],[140.106631,36.359324],[140.106681,36.359312],[140.107647,36.359196]]}},{"type":"Feature","properties":{"id":199068746,"highway":"residential"},"geometry":{"type":"LineString","coordinates":[[140.107779,36.330132],[140.107742,36.330117],[140.107579,36.330034],[140.107494,36.330001]]}},{"type":"Feature","properties":{"id":199068747,"highway":"unclassified"},"geometry":{"type":"LineString","coordinates":[[140.114811,36.36069],[140.115206,36.360586],[140.115726,36.360503],[140.11636,36.360408]]}},{"type":"Feature","properties":{"id":199068748,"highway":"residential"},"geometry":{"type":"LineString","coordinates":[[140.126229,36.353339],[140.126229,36.353389],[140.126222,36.353682],[140.126139,36.353992],[140.126154,36.354135]]}},{"type":"Feature","properties":{"id":199068755,"highway":"unclassified"},"geometry":{"type":"LineString","coordinates":[[140.115719,36.364482],[140.115103,36.364712],[140.114617,36.36486],[140.113945,36.365011],[140.113358,36.36514]]}},{"type":"Feature","properties":{"id":199068762,"highway":"residential"},"geometry":{"type":"LineString","coordinates":[[140.154153,36.370159],[140.153801,36.370523],[140.153567,36.370837],[140.153528,36.370949],[140.153494,36.371085],[140.153469,36.371164],[140.153401,36.371271],[140.15337,36.371346],[140.153348,36.371494],[140.153312,36.371845],[140.153298,36.371917]]}},{"type":"Feature","properties":{"id":199068809,"highway":"unclassified"},"geometry":{"type":"LineString","coordinates":[[140.143939,36.352365],[140.144765,36.352325],[140.144833,36.352427],[140.145266,36.352433],[140.145947,36.352504]]}},{"type":"Feature","properties":{"id":199068812,"highway":"unclassified"},"geometry":{"type":"LineString","coordinates":[[140.150649,36.378127],[140.151127,36.378089],[140.151714,36.378053],[140.151907,36.378057],[140.152239,36.37808],[140.152538,36.378138],[140.152664,36.378161],[140.152753,36.378163],[140.152837,36.378155],[140.152896,36.378138],[140.152966,36.378094],[140.153016,36.37805],[140.153081,36.378002],[140.153377,36.377791],[140.153415,36.37774]]}},{"type":"Feature","properties":{"id":199068822,"highway":"unclassified"},"geometry":{"type":"LineString","coordinates":[[140.159194,36.354774],[140.159092,36.354248],[140.158891,36.353336],[140.158878,36.353247],[140.158875,36.353184],[140.158906,36.352969],[140.158908,36.352744],[140.158937,36.352657],[140.159168,36.352255]]}},{"type":"Feature","properties":{"id":199068824,"highway":"unclassified"},"geometry":{"type":"LineString","coordinates":[[140.115135,36.301175],[140.115445,36.301224],[140.115587,36.301244],[140.115843,36.301263],[140.116177,36.30115],[140.116348,36.301063]]}},{"type":"Feature","properties":{"id":199068839,"highway":"unclassified"},"geometry":{"type":"LineString","coordinates":[[140.12163,36.355144],[140.121611,36.354893],[140.12136,36.354308],[140.121332,36.3542]]}},{"type":"Feature","properties":{"id":199068843,"highway":"residential"},"geometry":{"type":"LineString","coordinates":[[140.123866,36.378481],[140.123921,36.378726],[140.123935,36.378817],[140.123939,36.378939],[140.124111,36.378966]]}},{"type":"Feature","properties":{"id":199068855,"highway":"residential"},"geometry":{"type":"LineString","coordinates":[[140.106729,36.32626],[140.106443,36.326268],[140.106122,36.326228],[140.105983,36.326512],[140.105804,36.326514],[140.105579,36.326492],[140.105298,36.326442]]}},{"type":"Feature","properties":{"id":199068859,"highway":"residential"},"geometry":{"type":"LineString","coordinates":[[140.100287,36.312125],[140.101415,36.312016]]}},{"type":"Feature","properties":{"id":199068863,"highway":"unclassified"},"geometry":{"type":"LineString","coordinates":[[140.124587,36.355763],[140.124362,36.354888],[140.124309,36.354797]]}},{"type":"Feature","properties":{"id":199068874,"highway":"unclassified"},"geometry":{"type":"LineString","coordinates":[[140.100974,36.326968],[140.101179,36.327038],[140.101299,36.327089],[140.101493,36.327113]]}},{"type":"Feature","properties":{"id":199068878,"highway":"unclassified"},"geometry":{"type":"LineString","coordinates":[[140.154769,36.329868],[140.154726,36.329755],[140.154687,36.329512],[140.154546,36.328939],[140.154363,36.328084],[140.154168,36.327161],[140.154101,36.32689],[140.154036,36.32656],[140.153969,36.326146],[140.153851,36.325696]]}},{"type":"Feature","properties":{"id":199068888,"highway":"residential"},"geometry":{"type":"LineString","coordinates":[[140.15325,36.345],[140.153268,36.344912],[140.153362,36.344606],[140.153377,36.344266],[140.153451,36.343976],[140.153458,36.343835]]}},{"type":"Feature","properties":{"id":199068892,"highway":"unclassified"},"geometry":{"type":"LineString","coordinates":[[140.111361,36.318997],[140.111372,36.318909],[140.111374,36.318801],[140.111327,36.318368]]}},{"type":"Feature","properties":{"id":199068895,"highway":"unclassified"},"geometry":{"type":"LineString","coordinates":[[140.153153,36.372856],[140.153193,36.372698],[140.153286,36.37239],[140.153427,36.371949]]}},{"type":"Feature","properties":{"id":199068897,"highway":"unclassified"},"geometry":{"type":"LineString","coordinates":[[140.16154,36.386029],[140.161781,36.386044],[140.161907,36.386062],[140.162043,36.386105],[140.162129,36.386112],[140.162225,36.386127]]}},{"type":"Feature","properties":{"id":199068909,"highway":"unclassified"},"geometry":{"type":"LineString","coordinates":[[140.102609,36.31412],[140.102614,36.313761],[140.102381,36.313217]]}},{"type":"Feature","properties":{"id":199068912,"highway":"service"},"geometry":{"type":"LineString","coordinates":[[140.109255,36.301465],[140.109183,36.301464],[140.108682,36.301412],[140.106149,36.301105]]}},{"type":"Feature","properties":{"id":199068919,"highway":"unclassified"},"geometry":{"type":"LineString","coordinates":[[140.114533,36.366943],[140.114412,36.366941],[140.113624,36.367086]]}},{"type":"Feature","properties":{"id":199068921,"highway":"service"},"geometry":{"type":"LineString","coordinates":[[140.165846,36.336254],[140.165858,36.336238],[140.165886,36.336201],[140.165963,36.336142],[140.166247,36.336014],[140.166903,36.335803],[140.166939,36.33579]]}},{"type":"Feature","properties":{"id":199068929,"highway":"unclassified"},"geometry":{"type":"LineString","coordinates":[[140.126229,36.353339],[140.126313,36.353339],[140.126626,36.353305],[140.126954,36.353243],[140.127019,36.353243]]}},{"type":"Feature","properties":{"id":199068932,"highway":"unclassified"},"geometry":{"type":"LineString","coordinates":[[140.112717,36.371065],[140.112848,36.37109],[140.112954,36.371111],[140.113165,36.371129],[140.113316,36.37113],[140.113756,36.371084],[140.114105,36.371035]]}},{"type":"Feature","properties":{"id":199068935,"highway":"unclassified"},"geometry":{"type":"LineString","coordinates":[[140.123533,36.352786],[140.123792,36.352786],[140.123853,36.352809],[140.123945,36.352865],[140.124272,36.353119]]}},{"type":"Feature","properties":{"id":199068938,"highway":"service"},"geometry":{"type":"LineString","coordinates":[[140.161982,36.380753],[140.16198,36.38068],[140.162001,36.380523],[140.162002,36.380396],[140.161972,36.380114],[140.161943,36.3801],[140.161812,36.380092],[140.161505,36.38009],[140.161348,36.380178],[140.161044,36.38022]]}},{"type":"Feature","properties":{"id":199068939,"highway":"residential"},"geometry":{"type":"LineString","coordinates":[[140.116734,36.382014],[140.116637,36.381998],[140.116574,36.381979],[140.116534,36.38196],[140.116502,36.381932],[140.116443,36.381826],[140.116359,36.381659],[140.116283,36.381494],[140.116256,36.381412],[140.116234,36.381284],[140.116252,36.38123],[140.116405,36.381061],[140.11652,36.38088],[140.11652,36.380829],[140.116758,36.380544],[140.116882,36.380351],[140.117069,36.380156],[140.117144,36.380087],[140.117198,36.380048],[140.117295,36.380021],[140.117434,36.379998],[140.117732,36.379911]]}},{"type":"Feature","properties":{"id":199068940,"highway":"unclassified"},"geometry":{"type":"LineString","coordinates":[[140.105592,36.367019],[140.105486,36.366976],[140.105323,36.366802],[140.105018,36.3666],[140.104952,36.36655],[140.104877,36.366472]]}},{"type":"Feature","properties":{"id":199068942,"highway":"service"},"geometry":{"type":"LineString","coordinates":[[140.10895,36.329682],[140.108956,36.329601],[140.10885,36.328827],[140.108812,36.328671],[140.108765,36.328512]]}},{"type":"Feature","properties":{"id":199068943,"highway":"unclassified"},"geometry":{"type":"LineString","coordinates":[[140.115391,36.376392],[140.115396,36.376362],[140.115431,36.375905],[140.115446,36.375802],[140.11547,36.375681],[140.115525,36.375399],[140.11554,36.375284],[140.115526,36.374936],[140.115481,36.37415],[140.115449,36.373677],[140.115427,36.373481],[140.115389,36.37324],[140.115309,36.3728],[140.115248,36.372436],[140.115144,36.371939],[140.115155,36.371856]]}},{"type":"Feature","properties":{"id":199068961,"highway":"unclassified"},"geometry":{"type":"LineString","coordinates":[[140.132131,36.39456],[140.13219,36.394543],[140.132229,36.39449],[140.132328,36.394147],[140.132359,36.393954],[140.132423,36.393622],[140.132481,36.393378],[140.132513,36.393336],[140.132555,36.39331],[140.132623,36.393292],[140.132727,36.393275],[140.132915,36.393272]]}},{"type":"Feature","properties":{"id":199068976,"highway":"residential"},"geometry":{"type":"LineString","coordinates":[[140.100287,36.312125],[140.09998,36.312177],[140.099918,36.312199],[140.099785,36.312419],[140.099709,36.312498]]}},{"type":"Feature","properties":{"id":199069012,"highway":"residential"},"geometry":{"type":"LineString","coordinates":[[140.144211,36.371011],[140.144284,36.371031],[140.144345,36.371091],[140.144386,36.371121],[140.144438,36.371153],[140.144708,36.371258],[140.144838,36.371319],[140.144901,36.371364],[140.144964,36.371416],[140.145027,36.371489],[140.145505,36.372108],[140.145537,36.372169],[140.145544,36.372218]]}},{"type":"Feature","properties":{"id":199069016,"highway":"unclassified"},"geometry":{"type":"LineString","coordinates":[[140.143401,36.379037],[140.143345,36.379193],[140.143287,36.379373],[140.142959,36.379866]]}},{"type":"Feature","properties":{"id":199069021,"highway":"unclassified"},"geometry":{"type":"LineString","coordinates":[[140.139924,36.376017],[140.140057,36.376039],[140.140241,36.376054],[140.14053,36.376079]]}},{"type":"Feature","properties":{"id":199069038,"highway":"unclassified"},"geometry":{"type":"LineString","coordinates":[[140.110337,36.378556],[140.110295,36.378311],[140.110265,36.377816],[140.110248,36.377224],[140.110281,36.376546]]}},{"type":"Feature","properties":{"id":199069059,"highway":"unclassified"},"geometry":{"type":"LineString","coordinates":[[140.143736,36.345826],[140.143841,36.346196],[140.143911,36.346584],[140.143967,36.346776],[140.144025,36.346964]]}},{"type":"Feature","properties":{"id":199069078,"highway":"residential"},"geometry":{"type":"LineString","coordinates":[[140.171554,36.328651],[140.171414,36.328811],[140.17134,36.329197],[140.171283,36.329593]]}},{"type":"Feature","properties":{"id":199069101,"highway":"residential"},"geometry":{"type":"LineString","coordinates":[[140.109457,36.370195],[140.109454,36.370003],[140.109459,36.369822],[140.109483,36.369658],[140.109566,36.369228],[140.109581,36.369015]]}},{"type":"Feature","properties":{"id":199069132,"highway":"residential"},"geometry":{"type":"LineString","coordinates":[[140.109222,36.326892],[140.109712,36.326928],[140.110536,36.326879],[140.110841,36.326839],[140.111075,36.326784],[140.111601,36.326767],[140.111717,36.326733],[140.112778,36.326602],[140.113402,36.32661]]}},{"type":"Feature","properties":{"id":199069140,"highway":"service"},"geometry":{"type":"LineString","coordinates":[[140.106738,36.358241],[140.106027,36.358442]]}},{"type":"Feature","properties":{"id":199069151,"highway":"residential"},"geometry":{"type":"LineString","coordinates":[[140.15428,36.388301],[140.154246,36.388405],[140.154221,36.388514],[140.154202,36.388667],[140.154222,36.388759],[140.154267,36.38882],[140.154496,36.389074],[140.154764,36.389341]]}},{"type":"Feature","properties":{"id":199069165,"highway":"unclassified"},"geometry":{"type":"LineString","coordinates":[[140.129875,36.388529],[140.131417,36.38863],[140.1315,36.388606]]}},{"type":"Feature","properties":{"id":199069170,"highway":"unclassified"},"geometry":{"type":"LineString","coordinates":[[140.102837,36.316764],[140.102819,36.316987],[140.102795,36.31763],[140.102804,36.317731]]}},{"type":"Feature","properties":{"id":199069194,"highway":"unclassified"},"geometry":{"type":"LineString","coordinates":[[140.170517,36.381464],[140.17054,36.38139],[140.170547,36.381329],[140.170528,36.381114],[140.170544,36.380708],[140.170546,36.380676]]}},{"type":"Feature","properties":{"id":199069206,"highway":"unclassified"},"geometry":{"type":"LineString","coordinates":[[140.133311,36.356395],[140.131765,36.356573]]}},{"type":"Feature","properties":{"id":199069218,"highway":"unclassified"},"geometry":{"type":"LineString","coordinates":[[140.151412,36.334584],[140.151784,36.334409],[140.152585,36.334096]]}},{"type":"Feature","properties":{"id":199069223,"highway":"residential"},"geometry":{"type":"LineString","coordinates":[[140.104102,36.346948],[140.104059,36.34701],[140.10405,36.347091],[140.104052,36.347169],[140.104072,36.347253],[140.104138,36.347405],[140.104173,36.347475],[140.104246,36.347501],[140.104328,36.347516]]}},{"type":"Feature","properties":{"id":199069293,"highway":"service"},"geometry":{"type":"LineString","coordinates":[[140.110266,36.310331],[140.111727,36.309954]]}},{"type":"Feature","properties":{"id":199069296,"highway":"tertiary"},"geometry":{"type":"LineString","coordinates":[[140.101684,36.300981],[140.101561,36.300951],[140.101412,36.300923],[140.101276,36.300904],[140.101144,36.300893],[140.10007,36.300897],[140.099989,36.300913]]}},{"type":"Feature","properties":{"id":199069308,"highway":"unclassified"},"geometry":{"type":"LineString","coordinates":[[140.1295,36.386227],[140.129498,36.386326],[140.129484,36.386387],[140.129425,36.386438],[140.129131,36.386666]]}},{"type":"Feature","properties":{"id":199069316,"highway":"unclassified"},"geometry":{"type":"LineString","coordinates":[[140.150626,36.377645],[140.150584,36.377565],[140.150827,36.375401],[140.150832,36.37538]]}},{"type":"Feature","properties":{"id":199069323,"highway":"unclassified"},"geometry":{"type":"LineString","coordinates":[[140.108698,36.304251],[140.10864,36.304244],[140.107916,36.304171],[140.10567,36.3039],[140.105632,36.303901]]}},{"type":"Feature","properties":{"id":199069324,"highway":"service"},"geometry":{"type":"LineString","coordinates":[[140.104736,36.313169],[140.104828,36.313461],[140.104959,36.31377],[140.105114,36.313949]]}},{"type":"Feature","properties":{"id":199069326,"highway":"unclassified"},"geometry":{"type":"LineString","coordinates":[[140.17228,36.381079],[140.172306,36.381011],[140.172452,36.380579],[140.172584,36.380132],[140.172618,36.380061],[140.172639,36.37997],[140.1727,36.379831]]}},{"type":"Feature","properties":{"id":199069328,"highway":"unclassified"},"geometry":{"type":"LineString","coordinates":[[140.136705,36.380568],[140.137195,36.380494],[140.137563,36.380427],[140.137802,36.380371],[140.138063,36.380334],[140.138192,36.380283]]}},{"type":"Feature","properties":{"id":199069330,"highway":"unclassified"},"geometry":{"type":"LineString","coordinates":[[140.170225,36.380651],[140.170237,36.38058],[140.17028,36.380293],[140.17028,36.38018],[140.170264,36.380024],[140.170219,36.379868],[140.170193,36.379819],[140.170136,36.379797],[140.170064,36.379786],[140.169189,36.379687],[140.169067,36.379666],[140.168972,36.379634],[140.168762,36.379554],[140.168503,36.379448],[140.168417,36.379414],[140.168331,36.379368],[140.168232,36.379339],[140.168096,36.379312],[140.16791,36.379317],[140.167815,36.379297],[140.167699,36.379258],[140.167624,36.379236],[140.167536,36.379202],[140.167361,36.379116],[140.167277,36.379063],[140.166775,36.37876],[140.165843,36.378184],[140.165739,36.378128],[140.165641,36.378095],[140.165556,36.378051],[140.164825,36.377538],[140.164624,36.377398],[140.164478,36.377338],[140.164298,36.377243],[140.164188,36.377208],[140.164105,36.377182]]}},{"type":"Feature","properties":{"id":199069338,"highway":"unclassified"},"geometry":{"type":"LineString","coordinates":[[140.130877,36.392098],[140.130812,36.392127],[140.129903,36.392518]]}},{"type":"Feature","properties":{"id":199069346,"highway":"residential"},"geometry":{"type":"LineString","coordinates":[[140.106025,36.312748],[140.106479,36.312382]]}},{"type":"Feature","properties":{"id":199069347,"highway":"unclassified"},"geometry":{"type":"LineString","coordinates":[[140.105873,36.313801],[140.106326,36.313653],[140.106526,36.313615],[140.106832,36.313545]]}},{"type":"Feature","properties":{"id":199069352,"highway":"unclassified"},"geometry":{"type":"LineString","coordinates":[[140.133702,36.387091],[140.133728,36.387216],[140.1338,36.387382],[140.133804,36.38761],[140.133813,36.387695],[140.133821,36.387743]]}},{"type":"Feature","properties":{"id":199069356,"highway":"unclassified"},"geometry":{"type":"LineString","coordinates":[[140.11055,36.368139],[140.110628,36.368047],[140.110787,36.367516],[140.110932,36.367137]]}},{"type":"Feature","properties":{"id":199069360,"highway":"residential"},"geometry":{"type":"LineString","coordinates":[[140.157739,36.348005],[140.157164,36.3478],[140.156761,36.347661],[140.155871,36.347442],[140.155715,36.347391],[140.155074,36.34717],[140.154901,36.347095]]}},{"type":"Feature","properties":{"id":199069377,"highway":"unclassified"},"geometry":{"type":"LineString","coordinates":[[140.12174,36.356137],[140.12181,36.35586],[140.121824,36.355533],[140.12163,36.355144]]}},{"type":"Feature","properties":{"id":199069431,"highway":"unclassified"},"geometry":{"type":"LineString","coordinates":[[140.114977,36.365756],[140.11526,36.366667],[140.115487,36.366871]]}},{"type":"Feature","properties":{"id":199069443,"highway":"unclassified"},"geometry":{"type":"LineString","coordinates":[[140.109708,36.362989],[140.10968,36.362744],[140.109638,36.362409],[140.109579,36.362177],[140.109517,36.361829]]}},{"type":"Feature","properties":{"id":199069447,"highway":"unclassified"},"geometry":{"type":"LineString","coordinates":[[140.126674,36.358968],[140.126849,36.359609],[140.126777,36.35989]]}},{"type":"Feature","properties":{"id":199069453,"highway":"residential"},"geometry":{"type":"LineString","coordinates":[[140.112924,36.308478],[140.112837,36.308539],[140.112759,36.308593],[140.11255,36.308722],[140.112246,36.308841],[140.112152,36.308842]]}},{"type":"Feature","properties":{"id":199069464,"highway":"unclassified"},"geometry":{"type":"LineString","coordinates":[[140.148927,36.364914],[140.148843,36.364869],[140.148756,36.364809],[140.148654,36.364753],[140.148127,36.364369],[140.147971,36.36426],[140.147868,36.36419],[140.147647,36.364073],[140.14757,36.36402]]}},{"type":"Feature","properties":{"id":199069465,"highway":"unclassified"},"geometry":{"type":"LineString","coordinates":[[140.135604,36.370453],[140.135296,36.37028],[140.135218,36.370242],[140.135152,36.370258],[140.134055,36.370891]]}},{"type":"Feature","properties":{"id":199069466,"highway":"unclassified"},"geometry":{"type":"LineString","coordinates":[[140.130439,36.378253],[140.130729,36.378339],[140.130972,36.378422],[140.131403,36.378571],[140.13145,36.378607],[140.131799,36.378949],[140.131883,36.378994],[140.132034,36.379057],[140.132196,36.379133],[140.132687,36.379386],[140.132811,36.379437],[140.133082,36.379545],[140.133174,36.379581],[140.133308,36.379654],[140.133862,36.379951],[140.13403,36.380019],[140.134201,36.380066],[140.134359,36.380103],[140.134525,36.38015],[140.135018,36.38026],[140.13512,36.380276],[140.135204,36.38028],[140.13577,36.380237],[140.135911,36.380233],[140.136112,36.380244],[140.13644,36.380275],[140.13682,36.380309],[140.136971,36.380339],[140.137073,36.380357]]}},{"type":"Feature","properties":{"id":199069468,"highway":"unclassified"},"geometry":{"type":"LineString","coordinates":[[140.1727,36.379831],[140.172706,36.379769],[140.17269,36.379736],[140.172647,36.37971],[140.172593,36.379671],[140.172592,36.379637],[140.172603,36.3796],[140.172739,36.379394],[140.172774,36.379349],[140.172735,36.379308],[140.172651,36.379261],[140.172577,36.37922],[140.172523,36.379173],[140.172487,36.379138],[140.172478,36.379098],[140.172462,36.378985],[140.172479,36.378947],[140.172506,36.378916],[140.172631,36.378831]]}},{"type":"Feature","properties":{"id":199069473,"highway":"unclassified"},"geometry":{"type":"LineString","coordinates":[[140.144227,36.370817],[140.144162,36.370803],[140.143883,36.370631],[140.143739,36.370546]]}},{"type":"Feature","properties":{"id":199069477,"highway":"unclassified"},"geometry":{"type":"LineString","coordinates":[[140.101946,36.360356],[140.101925,36.360768]]}},{"type":"Feature","properties":{"id":199069483,"highway":"residential"},"geometry":{"type":"LineString","coordinates":[[140.109222,36.326892],[140.108988,36.326916],[140.108817,36.32692],[140.108734,36.326982],[140.108703,36.327073]]}},{"type":"Feature","properties":{"id":199069487,"highway":"unclassified"},"geometry":{"type":"LineString","coordinates":[[140.101966,36.359932],[140.102727,36.36002],[140.103403,36.360055]]}},{"type":"Feature","properties":{"id":199069498,"highway":"unclassified"},"geometry":{"type":"LineString","coordinates":[[140.126847,36.392982],[140.126734,36.393105],[140.126178,36.393652],[140.126077,36.393764],[140.125921,36.39391],[140.125835,36.394012],[140.125793,36.394098],[140.12576,36.394178],[140.12574,36.394249],[140.125718,36.394351]]}},{"type":"Feature","properties":{"id":199069567,"highway":"unclassified"},"geometry":{"type":"LineString","coordinates":[[140.103818,36.366392],[140.103779,36.366711],[140.103798,36.367002],[140.103833,36.367027],[140.10437,36.367141]]}},{"type":"Feature","properties":{"id":199069573,"highway":"unclassified"},"geometry":{"type":"LineString","coordinates":[[140.100481,36.354094],[140.100254,36.353957],[140.099252,36.353636],[140.099069,36.353547],[140.099016,36.353464]]}},{"type":"Feature","properties":{"id":199069579,"highway":"unclassified"},"geometry":{"type":"LineString","coordinates":[[140.11677,36.312644],[140.11664,36.312679],[140.116524,36.31269],[140.11627,36.312697],[140.115855,36.312709],[140.115765,36.312704],[140.115714,36.312701]]}},{"type":"Feature","properties":{"id":199069580,"highway":"unclassified"},"geometry":{"type":"LineString","coordinates":[[140.157722,36.374172],[140.157656,36.37415],[140.156397,36.373875],[140.156114,36.373825],[140.15542,36.373743],[140.154773,36.373669],[140.15352,36.373539],[140.153304,36.373525],[140.153187,36.37353],[140.153034,36.373548],[140.152961,36.373559],[140.152786,36.373603],[140.152352,36.373671],[140.15221,36.373687],[140.1521,36.373685],[140.151992,36.373671],[140.151888,36.373644],[140.151415,36.373491]]}},{"type":"Feature","properties":{"id":199069624,"highway":"unclassified"},"geometry":{"type":"LineString","coordinates":[[140.102914,36.362585],[140.103342,36.362596],[140.103849,36.362668],[140.104802,36.362787]]}},{"type":"Feature","properties":{"id":199069629,"highway":"residential"},"geometry":{"type":"LineString","coordinates":[[140.116533,36.326429],[140.116688,36.326042],[140.116702,36.326014],[140.117412,36.325996],[140.117986,36.325965]]}},{"type":"Feature","properties":{"id":199069640,"highway":"unclassified"},"geometry":{"type":"LineString","coordinates":[[140.102781,36.311419],[140.103204,36.311918],[140.103371,36.312274]]}},{"type":"Feature","properties":{"id":199069650,"highway":"unclassified"},"geometry":{"type":"LineString","coordinates":[[140.1295,36.386227],[140.129422,36.386173],[140.129359,36.386121],[140.129302,36.386044],[140.129182,36.385823],[140.129128,36.385749],[140.128936,36.385578],[140.128806,36.385447],[140.128693,36.385324],[140.128606,36.38519],[140.128542,36.385107],[140.128428,36.385014],[140.128355,36.384944],[140.128278,36.384867]]}},{"type":"Feature","properties":{"id":199069669,"highway":"unclassified"},"geometry":{"type":"LineString","coordinates":[[140.159168,36.352255],[140.158763,36.352027],[140.158236,36.351723],[140.158015,36.351613],[140.157855,36.351497]]}},{"type":"Feature","properties":{"id":199069726,"highway":"service"},"geometry":{"type":"LineString","coordinates":[[140.162579,36.342689],[140.162429,36.342811],[140.162223,36.342935],[140.162136,36.342937],[140.162058,36.342906],[140.161871,36.342771],[140.161687,36.342663],[140.161425,36.342544],[140.161158,36.342366],[140.161009,36.342247],[140.160896,36.342163],[140.160772,36.342109],[140.160623,36.342074],[140.16049,36.342025],[140.160406,36.341951],[140.160321,36.341827],[140.160208,36.341708],[140.15999,36.341531],[140.159568,36.341227],[140.15935,36.341064],[140.159251,36.341024],[140.159177,36.341039],[140.159182,36.341108],[140.159271,36.341306],[140.159261,36.341365],[140.159201,36.341395],[140.159132,36.341385],[140.158875,36.341207],[140.158756,36.341148],[140.158657,36.341133],[140.158613,36.341178],[140.158613,36.341261],[140.158702,36.341355],[140.15888,36.341508],[140.159033,36.341602],[140.15931,36.341741],[140.159478,36.341904],[140.159795,36.342215],[140.160414,36.342723],[140.160464,36.342793],[140.160455,36.342827],[140.160444,36.342872],[140.160385,36.34302],[140.16037,36.343139],[140.16039,36.343307],[140.160434,36.343445],[140.160538,36.343569],[140.160667,36.343653],[140.16084,36.343702],[140.161053,36.343722],[140.161182,36.343742],[140.161292,36.343799],[140.16146,36.343898],[140.161549,36.343987],[140.161559,36.344051],[140.16151,36.34415],[140.161381,36.344333],[140.161292,36.344407],[140.161158,36.344477],[140.16102,36.344526]]}},{"type":"Feature","properties":{"id":199069737,"highway":"service"},"geometry":{"type":"LineString","coordinates":[[140.101656,36.313782],[140.101865,36.314171],[140.101943,36.314225],[140.102182,36.314231],[140.102575,36.314137],[140.102609,36.31412]]}},{"type":"Feature","properties":{"id":199069738,"highway":"unclassified"},"geometry":{"type":"LineString","coordinates":[[140.102825,36.315054],[140.102793,36.314666],[140.102609,36.31412]]}},{"type":"Feature","properties":{"id":199069744,"highway":"unclassified"},"geometry":{"type":"LineString","coordinates":[[140.112614,36.369318],[140.112594,36.36971],[140.112562,36.369906],[140.112561,36.370033],[140.112653,36.370643],[140.112716,36.371027],[140.112717,36.371065]]}},{"type":"Feature","properties":{"id":199069752,"highway":"unclassified"},"geometry":{"type":"LineString","coordinates":[[140.106683,36.323484],[140.106743,36.323524],[140.106786,36.323564],[140.10688,36.323681],[140.107193,36.324092],[140.107256,36.324188],[140.107473,36.324486],[140.107479,36.324503]]}},{"type":"Feature","properties":{"id":199069763,"highway":"residential"},"geometry":{"type":"LineString","coordinates":[[140.141308,36.355612],[140.141264,36.355801],[140.141348,36.356038],[140.141418,36.356139],[140.141531,36.356234],[140.141833,36.356378]]}},{"type":"Feature","properties":{"id":199069790,"highway":"unclassified"},"geometry":{"type":"LineString","coordinates":[[140.147099,36.352703],[140.147465,36.3528],[140.147755,36.352762],[140.148238,36.352657],[140.148779,36.352521]]}},{"type":"Feature","properties":{"id":199069801,"highway":"unclassified"},"geometry":{"type":"LineString","coordinates":[[140.123522,36.342798],[140.123653,36.342967],[140.124252,36.343609],[140.124579,36.344009],[140.124728,36.344159],[140.124983,36.344454]]}},{"type":"Feature","properties":{"id":199069804,"highway":"unclassified"},"geometry":{"type":"LineString","coordinates":[[140.104075,36.327281],[140.104039,36.327643],[140.104078,36.327803],[140.104293,36.328008],[140.104489,36.328204],[140.104617,36.328323],[140.104979,36.328505]]}},{"type":"Feature","properties":{"id":199069811,"highway":"unclassified"},"geometry":{"type":"LineString","coordinates":[[140.103794,36.318884],[140.103666,36.318784],[140.103516,36.318705],[140.10323,36.318599],[140.103128,36.318555],[140.103028,36.318486],[140.102948,36.318425]]}},{"type":"Feature","properties":{"id":199069814,"highway":"residential"},"geometry":{"type":"LineString","coordinates":[[140.124864,36.367201],[140.125349,36.367363],[140.125773,36.367491]]}},{"type":"Feature","properties":{"id":199069819,"highway":"unclassified"},"geometry":{"type":"LineString","coordinates":[[140.131765,36.356573],[140.129944,36.356805],[140.128196,36.357017],[140.126415,36.357233],[140.125502,36.357343],[140.124639,36.357454],[140.124079,36.357521]]}},{"type":"Feature","properties":{"id":199069821,"highway":"unclassified"},"geometry":{"type":"LineString","coordinates":[[140.17005,36.390903],[140.170502,36.390681],[140.170734,36.390501],[140.170812,36.390454],[140.170829,36.390428],[140.170823,36.390399]]}},{"type":"Feature","properties":{"id":199069832,"highway":"unclassified"},"geometry":{"type":"LineString","coordinates":[[140.170001,36.389584],[140.169711,36.389493],[140.169609,36.389445],[140.16957,36.389412],[140.169503,36.389339],[140.16942,36.389228],[140.169183,36.388885],[140.169126,36.388798],[140.169054,36.388727],[140.16888,36.388586],[140.168778,36.388512],[140.168629,36.388423],[140.168412,36.388237],[140.168196,36.388038],[140.167956,36.387858],[140.167716,36.387693],[140.167622,36.387638],[140.167176,36.387426],[140.16707,36.387363],[140.166935,36.387266],[140.166861,36.387213],[140.166782,36.387177],[140.166719,36.387159],[140.166641,36.387155],[140.166562,36.38716],[140.166432,36.387176],[140.166337,36.387177],[140.166241,36.387173],[140.166183,36.387165],[140.166028,36.387133]]}},{"type":"Feature","properties":{"id":199069835,"highway":"unclassified"},"geometry":{"type":"LineString","coordinates":[[140.148647,36.356021],[140.148552,36.356031],[140.147404,36.355964],[140.147263,36.355982],[140.147154,36.356035],[140.146638,36.356053],[140.146573,36.355586]]}},{"type":"Feature","properties":{"id":199069839,"highway":"unclassified"},"geometry":{"type":"LineString","coordinates":[[140.1449,36.35327],[140.145022,36.35374],[140.145163,36.353949],[140.145346,36.354123],[140.145381,36.354181],[140.145396,36.354242],[140.145399,36.354335],[140.145403,36.354425],[140.145413,36.354522],[140.14546,36.35481],[140.145455,36.354848],[140.145442,36.354883],[140.145418,36.354924]]}},{"type":"Feature","properties":{"id":199069841,"highway":"residential"},"geometry":{"type":"LineString","coordinates":[[140.151806,36.347515],[140.153082,36.347704],[140.153305,36.347418],[140.153347,36.347387],[140.153578,36.347327],[140.153996,36.347119],[140.154133,36.347106],[140.154314,36.3471],[140.154582,36.347117],[140.154807,36.347126],[140.154901,36.347095]]}},{"type":"Feature","properties":{"id":199069858,"highway":"residential"},"geometry":{"type":"LineString","coordinates":[[140.151501,36.389609],[140.15144,36.38941],[140.151312,36.389005],[140.151259,36.388949]]}},{"type":"Feature","properties":{"id":199069860,"highway":"residential"},"geometry":{"type":"LineString","coordinates":[[140.103371,36.312274],[140.103412,36.312684],[140.103462,36.312976]]}},{"type":"Feature","properties":{"id":199069873,"highway":"unclassified"},"geometry":{"type":"LineString","coordinates":[[140.111795,36.312434],[140.111624,36.31265],[140.111033,36.313337],[140.110971,36.313529],[140.110934,36.31381]]}},{"type":"Feature","properties":{"id":199069879,"highway":"unclassified"},"geometry":{"type":"LineString","coordinates":[[140.106832,36.313545],[140.106697,36.31329],[140.106025,36.312748]]}},{"type":"Feature","properties":{"id":199069883,"highway":"unclassified"},"geometry":{"type":"LineString","coordinates":[[140.158807,36.374059],[140.15888,36.374064],[140.16003,36.374616],[140.162011,36.375575],[140.162157,36.37565]]}},{"type":"Feature","properties":{"id":199069884,"highway":"unclassified"},"geometry":{"type":"LineString","coordinates":[[140.122887,36.397378],[140.122792,36.397347],[140.12264,36.397243],[140.122331,36.397013],[140.121818,36.3967],[140.121763,36.39667]]}},{"type":"Feature","properties":{"id":199069885,"highway":"tertiary"},"geometry":{"type":"LineString","coordinates":[[140.146313,36.356305],[140.146368,36.356304],[140.146625,36.356293],[140.147098,36.35629],[140.147691,36.356293],[140.148109,36.35629],[140.148501,36.356249],[140.148701,36.356225],[140.149086,36.356166],[140.150724,36.35594],[140.15084,36.355933],[140.151015,36.355927],[140.151643,36.355945],[140.152372,36.355984],[140.152455,36.355988]]}},{"type":"Feature","properties":{"id":199069890,"highway":"unclassified"},"geometry":{"type":"LineString","coordinates":[[140.149492,36.338123],[140.14942,36.33802],[140.149221,36.337757],[140.149112,36.337577],[140.148954,36.337111]]}},{"type":"Feature","properties":{"id":199069892,"highway":"unclassified"},"geometry":{"type":"LineString","coordinates":[[140.114358,36.315335],[140.114704,36.315307],[140.115012,36.315242],[140.11522,36.31516],[140.115439,36.315006],[140.115593,36.314973]]}},{"type":"Feature","properties":{"id":199069902,"highway":"unclassified"},"geometry":{"type":"LineString","coordinates":[[140.117905,36.312188],[140.117808,36.312199],[140.117668,36.312233],[140.117432,36.312329],[140.117196,36.312442],[140.11677,36.312644]]}},{"type":"Feature","properties":{"id":199069907,"highway":"residential"},"geometry":{"type":"LineString","coordinates":[[140.108202,36.311864],[140.108453,36.311941],[140.108563,36.311921],[140.108591,36.311849],[140.108574,36.31167]]}},{"type":"Feature","properties":{"id":199069909,"highway":"unclassified"},"geometry":{"type":"LineString","coordinates":[[140.112075,36.301412],[140.112173,36.301409],[140.112359,36.301414],[140.112544,36.301432],[140.112705,36.301446],[140.112871,36.301445],[140.113056,36.30143],[140.113159,36.301418],[140.113288,36.301378],[140.113398,36.301331],[140.113515,36.301313],[140.113755,36.301316],[140.113937,36.301313],[140.114175,36.30131],[140.114462,36.301294]]}},{"type":"Feature","properties":{"id":199069910,"highway":"unclassified"},"geometry":{"type":"LineString","coordinates":[[140.110826,36.366169],[140.110754,36.366115],[140.110672,36.366093],[140.110351,36.366028]]}},{"type":"Feature","properties":{"id":199069912,"highway":"residential"},"geometry":{"type":"LineString","coordinates":[[140.105298,36.326442],[140.105363,36.326358],[140.105447,36.326166],[140.105509,36.326014],[140.105587,36.325862],[140.105629,36.325789],[140.105826,36.325445],[140.105975,36.325423],[140.106554,36.325386]]}},{"type":"Feature","properties":{"id":199069914,"highway":"residential"},"geometry":{"type":"LineString","coordinates":[[140.120332,36.357945],[140.120219,36.35744],[140.120404,36.357079],[140.120483,36.356833],[140.120459,36.356675]]}},{"type":"Feature","properties":{"id":199069917,"highway":"service"},"geometry":{"type":"LineString","coordinates":[[140.102982,36.313064],[140.102753,36.31244],[140.102213,36.311765]]}},{"type":"Feature","properties":{"id":199069928,"highway":"unclassified"},"geometry":{"type":"LineString","coordinates":[[140.106413,36.364099],[140.10575,36.364163],[140.105193,36.36413],[140.104829,36.36411],[140.104661,36.364105]]}},{"type":"Feature","properties":{"id":199069931,"highway":"residential"},"geometry":{"type":"LineString","coordinates":[[140.113489,36.311901],[140.1124,36.312372]]}},{"type":"Feature","properties":{"id":199069935,"highway":"residential"},"geometry":{"type":"LineString","coordinates":[[140.124111,36.378966],[140.124285,36.378987],[140.124598,36.379009],[140.124752,36.379076],[140.124942,36.379023]]}},{"type":"Feature","properties":{"id":199069953,"highway":"residential"},"geometry":{"type":"LineString","coordinates":[[140.169443,36.331324],[140.169704,36.33131],[140.170307,36.331207],[140.170571,36.331181],[140.171469,36.331154]]}},{"type":"Feature","properties":{"id":199069955,"highway":"residential"},"geometry":{"type":"LineString","coordinates":[[140.140811,36.336839],[140.141097,36.337897],[140.141366,36.339077],[140.141427,36.33934],[140.141481,36.339498],[140.141749,36.340334],[140.141784,36.340472],[140.141792,36.340576],[140.141795,36.340779],[140.141811,36.34092],[140.14195,36.341608],[140.14202,36.341672]]}},{"type":"Feature","properties":{"id":199069959,"highway":"unclassified"},"geometry":{"type":"LineString","coordinates":[[140.177927,36.383925],[140.177942,36.383755],[140.177952,36.383682],[140.17798,36.383601],[140.178034,36.383527],[140.178119,36.383423],[140.178469,36.382947],[140.178537,36.382849],[140.178651,36.38262],[140.178688,36.382503],[140.178794,36.382235]]}},{"type":"Feature","properties":{"id":199069960,"highway":"unclassified"},"geometry":{"type":"LineString","coordinates":[[140.130383,36.384256],[140.130409,36.384307],[140.130515,36.384502],[140.130704,36.385007],[140.130765,36.385128],[140.130842,36.385234],[140.130932,36.385326],[140.131068,36.385464],[140.131114,36.385496],[140.131212,36.38559],[140.131259,36.38566],[140.131366,36.385914]]}},{"type":"Feature","properties":{"id":199069961,"highway":"residential"},"geometry":{"type":"LineString","coordinates":[[140.150944,36.359224],[140.150933,36.359561],[140.150943,36.35982],[140.150957,36.359978],[140.150939,36.360287],[140.150923,36.360783]]}},{"type":"Feature","properties":{"id":199069962,"highway":"unclassified"},"geometry":{"type":"LineString","coordinates":[[140.10481,36.32094],[140.104845,36.32101],[140.104925,36.321203],[140.104995,36.321425],[140.105119,36.321653],[140.105211,36.32178]]}},{"type":"Feature","properties":{"id":199069964,"highway":"unclassified"},"geometry":{"type":"LineString","coordinates":[[140.160952,36.37757],[140.160965,36.377547],[140.161027,36.377464],[140.161058,36.377385],[140.161071,36.377308],[140.161094,36.377241],[140.16112,36.3771],[140.161188,36.376694],[140.161213,36.376628],[140.161242,36.376555],[140.161293,36.376479],[140.161469,36.376264],[140.161597,36.376122],[140.161737,36.375987],[140.161876,36.37589],[140.162118,36.375678],[140.162157,36.37565]]}},{"type":"Feature","properties":{"id":199069974,"highway":"unclassified"},"geometry":{"type":"LineString","coordinates":[[140.148866,36.383815],[140.148712,36.38298],[140.148689,36.382841],[140.148671,36.38277]]}},{"type":"Feature","properties":{"id":199069982,"highway":"unclassified"},"geometry":{"type":"LineString","coordinates":[[140.149544,36.348529],[140.149619,36.348584],[140.14973,36.348585],[140.150005,36.348545],[140.151263,36.348384],[140.15153,36.348367],[140.151622,36.348374]]}},{"type":"Feature","properties":{"id":199069984,"highway":"residential"},"geometry":{"type":"LineString","coordinates":[[140.169443,36.331324],[140.168905,36.331358],[140.168782,36.331374],[140.168717,36.331385],[140.168649,36.33142],[140.168553,36.331526],[140.168539,36.331584],[140.168598,36.331622],[140.168697,36.331673]]}},{"type":"Feature","properties":{"id":199069991,"highway":"residential"},"geometry":{"type":"LineString","coordinates":[[140.105298,36.326442],[140.105183,36.326561],[140.104992,36.326758],[140.104701,36.326999],[140.104372,36.327352]]}},{"type":"Feature","properties":{"id":199070001,"highway":"unclassified"},"geometry":{"type":"LineString","coordinates":[[140.12531,36.386591],[140.12511,36.386429],[140.124811,36.38625],[140.124672,36.386215],[140.124513,36.386188],[140.12446,36.386179],[140.124356,36.386148],[140.124273,36.38608],[140.12422,36.385989],[140.124184,36.385888],[140.124063,36.385624],[140.124022,36.385536],[140.123976,36.385451],[140.123945,36.385407],[140.123841,36.385265],[140.123715,36.38514],[140.123408,36.384916],[140.123331,36.384847],[140.123288,36.384763],[140.123271,36.384656],[140.123275,36.384574]]}},{"type":"Feature","properties":{"id":199070005,"highway":"residential"},"geometry":{"type":"LineString","coordinates":[[140.122009,36.36153],[140.121911,36.361434],[140.121848,36.361299],[140.121903,36.360753],[140.121896,36.360709],[140.121812,36.360653]]}},{"type":"Feature","properties":{"id":199070030,"highway":"unclassified"},"geometry":{"type":"LineString","coordinates":[[140.148866,36.383815],[140.148935,36.38438]]}},{"type":"Feature","properties":{"id":199070031,"highway":"unclassified"},"geometry":{"type":"LineString","coordinates":[[140.105378,36.319226],[140.105277,36.319245],[140.105165,36.31924],[140.104967,36.319206],[140.104866,36.31919],[140.104792,36.319191],[140.104181,36.319274],[140.104065,36.319302]]}},{"type":"Feature","properties":{"id":199070053,"highway":"unclassified"},"geometry":{"type":"LineString","coordinates":[[140.105592,36.367019],[140.105777,36.366974],[140.106025,36.366999],[140.106233,36.367057],[140.106853,36.366948]]}},{"type":"Feature","properties":{"id":199070069,"highway":"unclassified"},"geometry":{"type":"LineString","coordinates":[[140.136534,36.370262],[140.136516,36.370122],[140.136516,36.370052],[140.136547,36.36989],[140.136568,36.36965],[140.136609,36.369178],[140.136639,36.369093],[140.136735,36.368933],[140.136789,36.368842],[140.136916,36.368481],[140.137027,36.368227]]}},{"type":"Feature","properties":{"id":199070079,"highway":"residential"},"geometry":{"type":"LineString","coordinates":[[140.106479,36.312382],[140.106844,36.312329],[140.106957,36.312286],[140.107122,36.312187]]}},{"type":"Feature","properties":{"id":199070084,"highway":"unclassified"},"geometry":{"type":"LineString","coordinates":[[140.140099,36.366704],[140.140182,36.366716],[140.140265,36.366731],[140.140404,36.366746],[140.140535,36.366763],[140.140614,36.366786],[140.140709,36.366828]]}},{"type":"Feature","properties":{"id":199070085,"highway":"unclassified"},"geometry":{"type":"LineString","coordinates":[[140.155569,36.324182],[140.155656,36.324295],[140.155847,36.324411],[140.156113,36.324532],[140.156275,36.324631],[140.156421,36.324774],[140.156634,36.324965],[140.156939,36.325243]]}},{"type":"Feature","properties":{"id":199070092,"highway":"unclassified"},"geometry":{"type":"LineString","coordinates":[[140.107324,36.377254],[140.107428,36.377147],[140.107488,36.377081],[140.107556,36.377003],[140.107613,36.376926],[140.107762,36.376639],[140.107861,36.376411],[140.107992,36.376112]]}},{"type":"Feature","properties":{"id":199070105,"highway":"unclassified"},"geometry":{"type":"LineString","coordinates":[[140.10449,36.367695],[140.104476,36.367286],[140.10445,36.367208],[140.10437,36.367141],[140.104406,36.366827],[140.104472,36.366437]]}},{"type":"Feature","properties":{"id":199070122,"highway":"unclassified"},"geometry":{"type":"LineString","coordinates":[[140.099989,36.300913],[140.099997,36.300823],[140.100147,36.300446],[140.100292,36.300249],[140.100815,36.299856]]}},{"type":"Feature","properties":{"id":199070123,"highway":"unclassified"},"geometry":{"type":"LineString","coordinates":[[140.154564,36.386452],[140.154696,36.386379],[140.154798,36.386303],[140.154865,36.386228],[140.154944,36.386123],[140.155007,36.386017],[140.155039,36.385899],[140.155082,36.385631],[140.155078,36.385535]]}},{"type":"Feature","properties":{"id":199070129,"highway":"unclassified"},"geometry":{"type":"LineString","coordinates":[[140.159536,36.384765],[140.159592,36.38478],[140.159878,36.384778],[140.160043,36.384802],[140.160266,36.384863],[140.160303,36.384893],[140.160267,36.385112]]}},{"type":"Feature","properties":{"id":199070138,"highway":"unclassified"},"geometry":{"type":"LineString","coordinates":[[140.114533,36.366943],[140.115244,36.367085]]}},{"type":"Feature","properties":{"id":199070145,"highway":"unclassified"},"geometry":{"type":"LineString","coordinates":[[140.102976,36.315835],[140.103046,36.315497],[140.102825,36.315054]]}},{"type":"Feature","properties":{"id":199070151,"highway":"residential"},"geometry":{"type":"LineString","coordinates":[[140.10895,36.329682],[140.10901,36.329683],[140.109082,36.329688],[140.109132,36.329711],[140.109234,36.329815],[140.109386,36.329989],[140.109418,36.330043],[140.10942,36.330104],[140.109391,36.330156],[140.109255,36.330317],[140.109184,36.33036],[140.109086,36.330392],[140.108972,36.33042],[140.108922,36.330408],[140.108616,36.330261],[140.108535,36.330219],[140.108426,36.33021],[140.108128,36.330157],[140.107975,36.330149],[140.107779,36.330132]]}},{"type":"Feature","properties":{"id":199070153,"highway":"service"},"geometry":{"type":"LineString","coordinates":[[140.16099,36.340329],[140.161213,36.340464],[140.161329,36.340525],[140.161475,36.34056],[140.161613,36.340575],[140.161817,36.340579],[140.161879,36.340582]]}},{"type":"Feature","properties":{"id":199070163,"highway":"residential"},"geometry":{"type":"LineString","coordinates":[[140.141111,36.366334],[140.14108,36.366367],[140.140732,36.366787],[140.140709,36.366828]]}},{"type":"Feature","properties":{"id":199070169,"highway":"residential"},"geometry":{"type":"LineString","coordinates":[[140.108734,36.376347],[140.108647,36.376649],[140.108579,36.37697],[140.108574,36.377091],[140.108535,36.377516],[140.108513,36.377659],[140.10848,36.377763],[140.108425,36.377935],[140.108377,36.378006],[140.108329,36.378036]]}},{"type":"Feature","properties":{"id":199070180,"highway":"residential"},"geometry":{"type":"LineString","coordinates":[[140.121466,36.360427],[140.121488,36.360455],[140.121473,36.360548],[140.121498,36.360573],[140.121552,36.360584],[140.121611,36.360583],[140.121681,36.360578],[140.121812,36.360653]]}},{"type":"Feature","properties":{"id":199070181,"highway":"unclassified"},"geometry":{"type":"LineString","coordinates":[[140.13263,36.398099],[140.132682,36.39824],[140.132722,36.398396],[140.13281,36.398651],[140.132829,36.398832],[140.132834,36.399013],[140.132824,36.39931]]}},{"type":"Feature","properties":{"id":199070184,"highway":"unclassified"},"geometry":{"type":"LineString","coordinates":[[140.112161,36.303524],[140.112111,36.303542],[140.11207,36.303577],[140.112028,36.303675],[140.111998,36.303797],[140.111986,36.303941],[140.111993,36.304113],[140.112042,36.304368],[140.11208,36.304598],[140.11207,36.304894]]}},{"type":"Feature","properties":{"id":199070194,"highway":"unclassified"},"geometry":{"type":"LineString","coordinates":[[140.122051,36.312498],[140.121999,36.312457],[140.121922,36.312436],[140.121827,36.312444],[140.121755,36.312484],[140.121661,36.312571],[140.121584,36.312626],[140.121496,36.312665],[140.121418,36.312686],[140.121297,36.312698],[140.121105,36.31271],[140.12102,36.312727],[140.120826,36.312817],[140.120755,36.31284],[140.120694,36.312835],[140.120638,36.312813],[140.120608,36.312788],[140.120572,36.312727],[140.12048,36.312549],[140.120397,36.312439],[140.120305,36.312362],[140.120223,36.312313],[140.119668,36.312137],[140.119519,36.312094],[140.119302,36.312086],[140.119099,36.312098],[140.118802,36.312112]]}},{"type":"Feature","properties":{"id":199070199,"highway":"unclassified"},"geometry":{"type":"LineString","coordinates":[[140.144227,36.370817],[140.144211,36.371011],[140.14421,36.371076],[140.144195,36.371241],[140.144182,36.371317],[140.14416,36.37139],[140.144128,36.371456],[140.144096,36.371509],[140.144057,36.371559],[140.144,36.371613],[140.143892,36.371694],[140.143622,36.371881],[140.14354,36.371938],[140.143454,36.371997],[140.143378,36.372047],[140.142804,36.37245],[140.142718,36.372477],[140.142629,36.372489]]}},{"type":"Feature","properties":{"id":199070204,"highway":"unclassified"},"geometry":{"type":"LineString","coordinates":[[140.128519,36.391528],[140.129226,36.391991],[140.129643,36.392239],[140.129719,36.392289],[140.129792,36.392378],[140.129903,36.392518]]}},{"type":"Feature","properties":{"id":199070212,"highway":"unclassified"},"geometry":{"type":"LineString","coordinates":[[140.104698,36.376946],[140.104724,36.376541],[140.104771,36.376388],[140.104805,36.376318],[140.104816,36.376252],[140.104851,36.375603]]}},{"type":"Feature","properties":{"id":199070216,"highway":"unclassified"},"geometry":{"type":"LineString","coordinates":[[140.169854,36.372703],[140.169894,36.372659],[140.169925,36.372611],[140.169974,36.372484],[140.169999,36.372437],[140.170029,36.372402],[140.170073,36.372375],[140.170131,36.372349],[140.170198,36.372315],[140.170252,36.372284],[140.170315,36.372244],[140.170375,36.372187],[140.170615,36.371874],[140.170667,36.371816],[140.170735,36.371762],[140.170809,36.371714],[140.170879,36.37168],[140.170976,36.371647],[140.171415,36.371534]]}},{"type":"Feature","properties":{"id":199070227,"highway":"unclassified"},"geometry":{"type":"LineString","coordinates":[[140.138826,36.347745],[140.138945,36.347384],[140.13914,36.34695],[140.139265,36.346544],[140.139356,36.346116],[140.139396,36.345834]]}},{"type":"Feature","properties":{"id":199070228,"highway":"unclassified"},"geometry":{"type":"LineString","coordinates":[[140.129397,36.392756],[140.129146,36.392899],[140.12905,36.392973],[140.128984,36.393046],[140.128821,36.393244],[140.128702,36.393388],[140.128591,36.393492],[140.12841,36.393664],[140.128294,36.393788],[140.128195,36.393902]]}},{"type":"Feature","properties":{"id":199070236,"highway":"unclassified"},"geometry":{"type":"LineString","coordinates":[[140.136227,36.350108],[140.135465,36.350522],[140.13537,36.350586],[140.135291,36.350654],[140.135214,36.350733],[140.135167,36.350798],[140.135137,36.350885]]}},{"type":"Feature","properties":{"id":199070256,"highway":"residential"},"geometry":{"type":"LineString","coordinates":[[140.105138,36.357141],[140.105429,36.357192],[140.105651,36.357288],[140.105853,36.357394],[140.106283,36.357681],[140.106738,36.358241]]}},{"type":"Feature","properties":{"id":199070262,"highway":"unclassified"},"geometry":{"type":"LineString","coordinates":[[140.144025,36.346964],[140.144067,36.347096],[140.144083,36.347186],[140.14409,36.347285],[140.144085,36.347434],[140.144071,36.347508]]}},{"type":"Feature","properties":{"id":199070270,"highway":"unclassified"},"geometry":{"type":"LineString","coordinates":[[140.102276,36.368519],[140.102516,36.368537],[140.1031,36.368559]]}},{"type":"Feature","properties":{"id":199070275,"highway":"unclassified"},"geometry":{"type":"LineString","coordinates":[[140.101958,36.366445],[140.101744,36.366451],[140.101332,36.366589],[140.101155,36.366684],[140.100929,36.366772],[140.100837,36.366857],[140.100737,36.366946],[140.100618,36.367022],[140.100581,36.367082],[140.100573,36.36717],[140.100447,36.367384]]}},{"type":"Feature","properties":{"id":199070278,"highway":"unclassified"},"geometry":{"type":"LineString","coordinates":[[140.124601,36.355849],[140.126369,36.355725]]}},{"type":"Feature","properties":{"id":199070279,"highway":"unclassified"},"geometry":{"type":"LineString","coordinates":[[140.172795,36.37571],[140.172782,36.375784],[140.172845,36.376245],[140.172865,36.376335],[140.172858,36.37665],[140.172851,36.376742]]}},{"type":"Feature","properties":{"id":199070280,"highway":"unclassified"},"geometry":{"type":"LineString","coordinates":[[140.141185,36.386901],[140.141148,36.38702],[140.141121,36.387147],[140.141075,36.387257],[140.140899,36.387738],[140.140879,36.387855],[140.140879,36.387998],[140.140912,36.388343],[140.140915,36.388444]]}},{"type":"Feature","properties":{"id":199070281,"highway":"unclassified"},"geometry":{"type":"LineString","coordinates":[[140.122128,36.353143],[140.122433,36.352877],[140.122523,36.352848],[140.122697,36.352826],[140.12343,36.352786],[140.123533,36.352786]]}},{"type":"Feature","properties":{"id":199070295,"highway":"residential"},"geometry":{"type":"LineString","coordinates":[[140.121011,36.382929],[140.121039,36.383073],[140.12116,36.38319],[140.121182,36.383238],[140.121225,36.383336],[140.121192,36.383507],[140.121382,36.384212]]}},{"type":"Feature","properties":{"id":199070313,"highway":"unclassified"},"geometry":{"type":"LineString","coordinates":[[140.111878,36.307937],[140.112169,36.306771],[140.112195,36.306713]]}},{"type":"Feature","properties":{"id":199070319,"highway":"unclassified"},"geometry":{"type":"LineString","coordinates":[[140.145262,36.350312],[140.145239,36.350428],[140.145264,36.350718],[140.145229,36.350922],[140.145909,36.35241],[140.145947,36.352504]]}},{"type":"Feature","properties":{"id":199070322,"highway":"service"},"geometry":{"type":"LineString","coordinates":[[140.103192,36.30114],[140.102988,36.301435],[140.102886,36.301549]]}},{"type":"Feature","properties":{"id":199070332,"highway":"service"},"geometry":{"type":"LineString","coordinates":[[140.104349,36.382419],[140.104308,36.382565],[140.104165,36.383011],[140.10413,36.383136],[140.104091,36.383258],[140.10405,36.383319],[140.103955,36.383368],[140.103805,36.383392],[140.103688,36.383368],[140.103576,36.383331],[140.10349,36.383288],[140.103431,36.383236],[140.103383,36.383168],[140.103333,36.383086],[140.103224,36.382878],[140.103092,36.382606],[140.102883,36.382261],[140.10282,36.382152],[140.10278,36.382108],[140.102742,36.382081],[140.102694,36.382056],[140.102631,36.382036],[140.102561,36.38202],[140.102436,36.382018],[140.102361,36.382036],[140.1023,36.382063],[140.102257,36.382101],[140.102227,36.382151],[140.102218,36.382213],[140.102218,36.382267],[140.102243,36.382314],[140.102309,36.382387],[140.102377,36.38246],[140.1024,36.382505],[140.102409,36.382569],[140.10242,36.382655],[140.102425,36.382854],[140.102422,36.383178],[140.102422,36.383321],[140.102432,36.383403],[140.102456,36.38348],[140.102515,36.38362],[140.102567,36.383731],[140.102613,36.383856],[140.102645,36.383969],[140.102667,36.384098],[140.102706,36.384284],[140.102713,36.384429],[140.102704,36.384542],[140.10267,36.384666],[140.102627,36.384825],[140.102583,36.384945],[140.102533,36.385076],[140.102506,36.385145],[140.102488,36.385212],[140.102497,36.385303],[140.102533,36.385435],[140.102599,36.385642],[140.102654,36.385757],[140.102854,36.386187],[140.103042,36.386525],[140.103224,36.386842],[140.103273,36.386922],[140.103305,36.386955],[140.103359,36.386993],[140.103456,36.387048],[140.103693,36.387142],[140.103947,36.387223]]}},{"type":"Feature","properties":{"id":199070333,"highway":"unclassified"},"geometry":{"type":"LineString","coordinates":[[140.166983,36.321995],[140.166863,36.321995],[140.16653,36.321962],[140.166122,36.321954],[140.165224,36.321989],[140.164801,36.321924],[140.164715,36.32193],[140.164188,36.32198],[140.164092,36.321981],[140.163981,36.321975],[140.163322,36.321821],[140.163229,36.321787],[140.163175,36.321744],[140.163048,36.321609],[140.162967,36.321552],[140.162869,36.321508],[140.162776,36.321488],[140.162729,36.3215],[140.162691,36.321527],[140.162387,36.321938],[140.162364,36.321976],[140.162373,36.322026],[140.162408,36.322062],[140.162471,36.3221],[140.162613,36.322148],[140.16277,36.322215],[140.162892,36.322287],[140.163001,36.322373],[140.163059,36.322444],[140.163085,36.322506],[140.163095,36.322551],[140.163081,36.322591],[140.163038,36.322629],[140.162986,36.322643],[140.16292,36.322639],[140.162617,36.322544],[140.1625,36.322521],[140.162295,36.3225],[140.162227,36.322507],[140.161965,36.3226],[140.161741,36.322631],[140.161662,36.322624],[140.161241,36.322512],[140.160925,36.322464],[140.160857,36.322461],[140.160811,36.322477],[140.160746,36.322549],[140.160718,36.322605],[140.160602,36.322784],[140.160589,36.322991],[140.16058,36.323035],[140.160523,36.323073],[140.16046,36.323106],[140.160406,36.323115],[140.160279,36.323124],[140.160197,36.323124],[140.16,36.323092],[140.159967,36.323074],[140.159951,36.323048],[140.159959,36.32301],[140.159965,36.322972],[140.159939,36.322903],[140.15994,36.322837],[140.159964,36.322746],[140.159961,36.322707],[140.159942,36.322678],[140.15985,36.322597],[140.15982,36.322552],[140.159816,36.322512],[140.159812,36.32242],[140.159798,36.322375],[140.159591,36.322072],[140.159559,36.322015],[140.159491,36.321788],[140.159491,36.321733],[140.159575,36.321578],[140.159575,36.321512],[140.159562,36.321478],[140.159461,36.321323],[140.159434,36.321302],[140.159316,36.321269],[140.159183,36.321218],[140.159072,36.321161],[140.158899,36.321026],[140.158704,36.320838],[140.158653,36.320806],[140.15855,36.32077],[140.158331,36.3207],[140.158078,36.320556],[140.157887,36.320443],[140.157826,36.320419],[140.157788,36.320417]]}},{"type":"Feature","properties":{"id":199070337,"highway":"unclassified"},"geometry":{"type":"LineString","coordinates":[[140.152717,36.339022],[140.153027,36.338946],[140.153333,36.338855],[140.153739,36.338809],[140.153919,36.338805],[140.154107,36.338786],[140.154276,36.338754],[140.154434,36.338792],[140.154681,36.338888],[140.154939,36.339025],[140.155146,36.339091]]}},{"type":"Feature","properties":{"id":199070350,"highway":"unclassified"},"geometry":{"type":"LineString","coordinates":[[140.132559,36.352003],[140.1321,36.352342],[140.131954,36.352425],[140.131835,36.352477],[140.131619,36.352522],[140.131271,36.35256],[140.131087,36.352563],[140.130777,36.352567]]}},{"type":"Feature","properties":{"id":199070351,"highway":"unclassified"},"geometry":{"type":"LineString","coordinates":[[140.103371,36.312274],[140.103828,36.312269],[140.104285,36.312326],[140.105213,36.312264]]}},{"type":"Feature","properties":{"id":199070354,"highway":"unclassified"},"geometry":{"type":"LineString","coordinates":[[140.151777,36.371814],[140.151578,36.372862],[140.151536,36.373101],[140.151415,36.373491]]}},{"type":"Feature","properties":{"id":199070355,"highway":"unclassified"},"geometry":{"type":"LineString","coordinates":[[140.141775,36.378128],[140.141782,36.377891],[140.141798,36.377489],[140.141828,36.377084],[140.141835,36.376749],[140.141814,36.376638],[140.141715,36.376345],[140.141604,36.375973]]}},{"type":"Feature","properties":{"id":199070365,"highway":"unclassified"},"geometry":{"type":"LineString","coordinates":[[140.160666,36.382242],[140.160559,36.382279],[140.160297,36.382387],[140.160101,36.382451],[140.159934,36.382503],[140.15985,36.382548],[140.159806,36.382598],[140.159792,36.382659],[140.159839,36.383162]]}},{"type":"Feature","properties":{"id":199070368,"highway":"residential"},"geometry":{"type":"LineString","coordinates":[[140.140372,36.383228],[140.140474,36.383237],[140.140578,36.383264],[140.140637,36.383281],[140.140712,36.383321],[140.140866,36.383443],[140.141205,36.383739],[140.141254,36.383784],[140.141287,36.383839],[140.141392,36.384061],[140.141424,36.384105],[140.141785,36.384556]]}},{"type":"Feature","properties":{"id":199070370,"highway":"unclassified"},"geometry":{"type":"LineString","coordinates":[[140.110106,36.311541],[140.110196,36.312108],[140.110249,36.312574]]}},{"type":"Feature","properties":{"id":199070402,"highway":"service"},"geometry":{"type":"LineString","coordinates":[[140.109827,36.328405],[140.109916,36.328495],[140.110004,36.328564],[140.110102,36.32862],[140.110132,36.328651],[140.110167,36.32874],[140.110277,36.328918]]}},{"type":"Feature","properties":{"id":199070406,"highway":"service"},"geometry":{"type":"LineString","coordinates":[[140.114476,36.316952],[140.114507,36.317106],[140.114522,36.31727],[140.114598,36.317518],[140.114691,36.317851],[140.114147,36.317962]]}},{"type":"Feature","properties":{"id":199070413,"highway":"residential"},"geometry":{"type":"LineString","coordinates":[[140.127988,36.383311],[140.128209,36.383637],[140.128261,36.383768],[140.128405,36.38406],[140.128451,36.384147],[140.128474,36.384178],[140.12866,36.384109],[140.128764,36.38426],[140.128816,36.384301],[140.128887,36.384345],[140.12894,36.384409],[140.129015,36.38453],[140.12904,36.384554]]}},{"type":"Feature","properties":{"id":199070418,"highway":"unclassified"},"geometry":{"type":"LineString","coordinates":[[140.116927,36.300893],[140.116947,36.300886],[140.11719,36.30084],[140.117368,36.300812],[140.117567,36.300768],[140.117633,36.300768]]}},{"type":"Feature","properties":{"id":199070435,"highway":"unclassified"},"geometry":{"type":"LineString","coordinates":[[140.160267,36.385112],[140.160258,36.385264],[140.160359,36.385461],[140.160384,36.385543],[140.160384,36.385628],[140.160487,36.385886],[140.160523,36.386027],[140.160547,36.386111],[140.160585,36.386164],[140.160623,36.386192],[140.160681,36.386192],[140.160726,36.386181],[140.161104,36.38605]]}},{"type":"Feature","properties":{"id":199070439,"highway":"unclassified"},"geometry":{"type":"LineString","coordinates":[[140.115005,36.299933],[140.114932,36.299911],[140.114581,36.299946],[140.114421,36.299961],[140.114094,36.299972],[140.112291,36.300078],[140.112137,36.300092],[140.112079,36.3001]]}},{"type":"Feature","properties":{"id":199070468,"highway":"unclassified"},"geometry":{"type":"LineString","coordinates":[[140.127307,36.346618],[140.127427,36.346724],[140.127642,36.346967],[140.128165,36.347491],[140.128255,36.347581],[140.128345,36.347722],[140.128437,36.347891]]}},{"type":"Feature","properties":{"id":199070469,"highway":"unclassified"},"geometry":{"type":"LineString","coordinates":[[140.156084,36.394042],[140.156122,36.394016],[140.156182,36.393984],[140.156241,36.393979],[140.156285,36.39399],[140.156323,36.394014],[140.156344,36.394047],[140.156348,36.394093],[140.156338,36.394129],[140.156282,36.394169]]}},{"type":"Feature","properties":{"id":199070474,"highway":"residential"},"geometry":{"type":"LineString","coordinates":[[140.102381,36.313217],[140.102154,36.313419],[140.101945,36.313702],[140.101656,36.313782]]}},{"type":"Feature","properties":{"id":199070477,"highway":"unclassified"},"geometry":{"type":"LineString","coordinates":[[140.121804,36.379042],[140.12211,36.378369],[140.122161,36.378292],[140.122209,36.378287],[140.122268,36.378316],[140.122334,36.378378],[140.122356,36.378436],[140.122374,36.378575],[140.122393,36.378631],[140.122448,36.378681],[140.122563,36.378715],[140.122701,36.378732],[140.122912,36.378741],[140.122981,36.378717],[140.123114,36.378611],[140.123216,36.37855],[140.123344,36.378513],[140.123481,36.378499],[140.123866,36.378481],[140.124273,36.378356],[140.124587,36.378255]]}},{"type":"Feature","properties":{"id":199070478,"highway":"unclassified"},"geometry":{"type":"LineString","coordinates":[[140.102772,36.367499],[140.102189,36.3675],[140.102084,36.367515],[140.101991,36.367545],[140.101819,36.36761],[140.10174,36.367618],[140.101601,36.367616],[140.101443,36.367594],[140.100874,36.36747],[140.100447,36.367384],[140.10033,36.367395],[140.100109,36.367438],[140.099992,36.367434],[140.099237,36.367356],[140.09896,36.367305],[140.098538,36.367219],[140.097684,36.367064]]}},{"type":"Feature","properties":{"id":199070484,"highway":"unclassified"},"geometry":{"type":"LineString","coordinates":[[140.149541,36.366521],[140.149521,36.366385],[140.149452,36.366042],[140.14936,36.365738],[140.149325,36.365661],[140.14927,36.365551],[140.149208,36.365427],[140.149151,36.365339],[140.149064,36.365199],[140.14896,36.365044],[140.14892,36.364963],[140.148927,36.364914]]}},{"type":"Feature","properties":{"id":199070492,"highway":"unclassified"},"geometry":{"type":"LineString","coordinates":[[140.114476,36.316952],[140.114581,36.316943],[140.114873,36.316936],[140.115054,36.31695],[140.115414,36.317025],[140.115796,36.317012],[140.116072,36.316983],[140.116512,36.316952],[140.116791,36.316909],[140.116971,36.316907],[140.117146,36.316964]]}},{"type":"Feature","properties":{"id":199070493,"highway":"unclassified"},"geometry":{"type":"LineString","coordinates":[[140.144596,36.368137],[140.144528,36.368106],[140.144485,36.368095],[140.144256,36.368004],[140.143762,36.367832],[140.143628,36.367772],[140.143537,36.367703],[140.143467,36.367661],[140.143043,36.367468],[140.142826,36.36737],[140.142685,36.367287],[140.142368,36.367084],[140.141809,36.366744],[140.141111,36.366334],[140.140666,36.366099],[140.140495,36.366006],[140.140386,36.365945],[140.140278,36.365871],[140.140176,36.365795],[140.140025,36.365667],[140.139827,36.365484],[140.139738,36.365413],[140.139664,36.365366],[140.13958,36.365327],[140.139452,36.365281],[140.139396,36.365261],[140.13889,36.365066],[140.138799,36.365024],[140.138734,36.364983],[140.138641,36.364894],[140.137968,36.364279],[140.137904,36.364222],[140.137828,36.364173],[140.137732,36.364128],[140.137617,36.36409],[140.137344,36.364015],[140.137204,36.363973],[140.136474,36.363775],[140.136366,36.363735],[140.136191,36.363634],[140.136108,36.363611],[140.135859,36.36358],[140.135714,36.36356],[140.135269,36.363462],[140.135204,36.363457]]}},{"type":"Feature","properties":{"id":199070498,"highway":"unclassified"},"geometry":{"type":"LineString","coordinates":[[140.130043,36.354969],[140.130219,36.355283],[140.130219,36.355513],[140.130122,36.355829],[140.130052,36.35615],[140.130024,36.356353],[140.129944,36.356805]]}},{"type":"Feature","properties":{"id":199070501,"highway":"unclassified"},"geometry":{"type":"LineString","coordinates":[[140.124547,36.354295],[140.124313,36.354032],[140.124272,36.353964],[140.124215,36.353671],[140.124222,36.353294],[140.124243,36.353175],[140.124272,36.353119]]}},{"type":"Feature","properties":{"id":199070502,"highway":"unclassified"},"geometry":{"type":"LineString","coordinates":[[140.145808,36.338134],[140.146107,36.338777],[140.146145,36.338953],[140.146148,36.33919],[140.146174,36.339236],[140.146219,36.339262],[140.146817,36.339254]]}},{"type":"Feature","properties":{"id":199070503,"highway":"residential"},"geometry":{"type":"LineString","coordinates":[[140.172461,36.329856],[140.172402,36.329692],[140.172324,36.329481],[140.172178,36.329112],[140.172152,36.329062],[140.172139,36.328969],[140.17214,36.328891],[140.172156,36.328789]]}},{"type":"Feature","properties":{"id":199070510,"highway":"unclassified"},"geometry":{"type":"LineString","coordinates":[[140.142685,36.367287],[140.143335,36.366868],[140.143581,36.366759],[140.143684,36.36671],[140.144011,36.366384],[140.144092,36.366323],[140.144163,36.366283],[140.144362,36.366223],[140.14453,36.366181],[140.144669,36.366158],[140.144812,36.366148],[140.144937,36.366127],[140.145044,36.366115]]}},{"type":"Feature","properties":{"id":199070511,"highway":"unclassified"},"geometry":{"type":"LineString","coordinates":[[140.13934,36.388575],[140.1393,36.388424],[140.139264,36.388149],[140.139224,36.387832],[140.139198,36.387716],[140.138982,36.38735],[140.138945,36.387199],[140.138937,36.387057],[140.13891,36.386962],[140.138924,36.386882],[140.138908,36.386773],[140.138873,36.386644],[140.138797,36.386542],[140.138391,36.386206],[140.137806,36.385787],[140.137594,36.38564],[140.137497,36.385601],[140.13731,36.385558],[140.137175,36.385506],[140.136952,36.385405],[140.136762,36.38534],[140.136555,36.38524],[140.136466,36.385169],[140.136322,36.385035],[140.136251,36.384981],[140.136145,36.384926],[140.135984,36.384882],[140.135933,36.384855]]}},{"type":"Feature","properties":{"id":199070517,"highway":"unclassified"},"geometry":{"type":"LineString","coordinates":[[140.101466,36.362576],[140.101968,36.362439],[140.102171,36.362266],[140.102515,36.362164],[140.102587,36.362052],[140.102619,36.361636]]}},{"type":"Feature","properties":{"id":199070527,"highway":"unclassified"},"geometry":{"type":"LineString","coordinates":[[140.146966,36.36],[140.146965,36.359896],[140.146938,36.359811],[140.146866,36.359675],[140.146727,36.359487],[140.146674,36.359381],[140.146653,36.359288],[140.146634,36.359098],[140.146636,36.358931]]}},{"type":"Feature","properties":{"id":199070533,"highway":"residential"},"geometry":{"type":"LineString","coordinates":[[140.133543,36.375844],[140.13359,36.375846],[140.133616,36.37583],[140.133677,36.375776],[140.133731,36.375702],[140.133798,36.375544],[140.133836,36.375431],[140.133854,36.375317],[140.133881,36.375213],[140.134031,36.374853],[140.134136,36.374594],[140.134161,36.374514],[140.134205,36.374001],[140.134239,36.373674]]}},{"type":"Feature","properties":{"id":199070545,"highway":"unclassified"},"geometry":{"type":"LineString","coordinates":[[140.123057,36.398061],[140.123057,36.398134],[140.123058,36.398225],[140.122988,36.398721],[140.122919,36.398987],[140.122854,36.399212],[140.122842,36.399337],[140.122844,36.399434]]}},{"type":"Feature","properties":{"id":199070555,"highway":"residential"},"geometry":{"type":"LineString","coordinates":[[140.105768,36.331692],[140.105753,36.33158],[140.105818,36.331361],[140.105925,36.331148],[140.105944,36.330832],[140.105934,36.330647]]}},{"type":"Feature","properties":{"id":199070557,"highway":"unclassified"},"geometry":{"type":"LineString","coordinates":[[140.152389,36.356682],[140.152437,36.356708],[140.152838,36.3567],[140.153285,36.356712],[140.153749,36.356666],[140.154747,36.356558]]}},{"type":"Feature","properties":{"id":199070564,"highway":"unclassified"},"geometry":{"type":"LineString","coordinates":[[140.157855,36.351497],[140.157705,36.351555],[140.157315,36.351695],[140.156934,36.351824],[140.156731,36.351891],[140.15632,36.351998],[140.155941,36.352063],[140.155821,36.352061]]}},{"type":"Feature","properties":{"id":199070569,"highway":"residential"},"geometry":{"type":"LineString","coordinates":[[140.102976,36.315835],[140.10349,36.315909],[140.106208,36.316298],[140.106264,36.316303],[140.106328,36.316299]]}},{"type":"Feature","properties":{"id":199070574,"highway":"unclassified"},"geometry":{"type":"LineString","coordinates":[[140.110303,36.312536],[140.110511,36.312498],[140.110755,36.312425],[140.111073,36.312355],[140.111289,36.312339],[140.111619,36.312354],[140.111795,36.312434]]}},{"type":"Feature","properties":{"id":199070577,"highway":"residential"},"geometry":{"type":"LineString","coordinates":[[140.1449,36.35327],[140.144867,36.353276],[140.144523,36.353381],[140.144399,36.353415],[140.144256,36.353449],[140.144036,36.35349],[140.143961,36.353498]]}},{"type":"Feature","properties":{"id":199070579,"highway":"residential"},"geometry":{"type":"LineString","coordinates":[[140.128937,36.345311],[140.128912,36.345219],[140.128868,36.3451],[140.128798,36.344928],[140.12866,36.344511],[140.12866,36.344387],[140.128687,36.344313]]}},{"type":"Feature","properties":{"id":199070586,"highway":"unclassified"},"geometry":{"type":"LineString","coordinates":[[140.153793,36.317526],[140.153811,36.317481],[140.153827,36.317456],[140.153975,36.317352],[140.15403,36.317315],[140.15405,36.317259],[140.154059,36.317197]]}},{"type":"Feature","properties":{"id":199070591,"highway":"unclassified"},"geometry":{"type":"LineString","coordinates":[[140.170564,36.382703],[140.17054,36.38264],[140.170458,36.382519],[140.170378,36.382448],[140.170311,36.38241],[140.170246,36.382381],[140.170214,36.382339],[140.170213,36.382286],[140.170242,36.382208],[140.170278,36.382133],[140.170333,36.382056],[140.170378,36.382008],[140.170412,36.381945],[140.170433,36.38188],[140.170477,36.381616],[140.17048,36.381571]]}},{"type":"Feature","properties":{"id":199070592,"highway":"residential"},"geometry":{"type":"LineString","coordinates":[[140.133174,36.379581],[140.13297,36.37988],[140.132731,36.380234],[140.132561,36.380464],[140.132414,36.38069]]}},{"type":"Feature","properties":{"id":199070593,"highway":"residential"},"geometry":{"type":"LineString","coordinates":[[140.153566,36.345939],[140.15461,36.346399],[140.155001,36.346557],[140.156063,36.346958],[140.156228,36.347026],[140.156539,36.347184],[140.156805,36.347309],[140.156952,36.347377],[140.157923,36.347536]]}},{"type":"Feature","properties":{"id":199070609,"highway":"unclassified"},"geometry":{"type":"LineString","coordinates":[[140.13738,36.383267],[140.137657,36.383282],[140.138037,36.383376],[140.138277,36.383448],[140.138791,36.383658],[140.139119,36.38379],[140.139499,36.383832],[140.139801,36.383858]]}},{"type":"Feature","properties":{"id":199070614,"highway":"residential"},"geometry":{"type":"LineString","coordinates":[[140.136268,36.389668],[140.136072,36.389338],[140.136067,36.389285],[140.136072,36.389258],[140.136106,36.389238],[140.136218,36.389196],[140.136309,36.389159],[140.136333,36.38912],[140.136352,36.389073],[140.136346,36.389033],[140.136239,36.388899],[140.136167,36.388812],[140.136145,36.388775],[140.136144,36.388739],[140.136161,36.388712],[140.136191,36.388699],[140.136321,36.388689],[140.136529,36.38868],[140.136603,36.388667],[140.136648,36.388677],[140.136733,36.388697],[140.136829,36.38871],[140.136989,36.388751]]}},{"type":"Feature","properties":{"id":199070647,"highway":"residential"},"geometry":{"type":"LineString","coordinates":[[140.171554,36.328651],[140.172304,36.328051],[140.17247,36.327948],[140.172727,36.327869],[140.172866,36.3278],[140.173066,36.327669]]}},{"type":"Feature","properties":{"id":199070651,"highway":"residential"},"geometry":{"type":"LineString","coordinates":[[140.112559,36.356307],[140.11249,36.356899],[140.112406,36.357366],[140.112336,36.357789],[140.112294,36.358211],[140.112283,36.35843],[140.112289,36.35848],[140.112297,36.358529],[140.112377,36.358878]]}},{"type":"Feature","properties":{"id":199070657,"highway":"unclassified"},"geometry":{"type":"LineString","coordinates":[[140.148779,36.352521],[140.14957,36.352412],[140.151778,36.352123]]}},{"type":"Feature","properties":{"id":199070660,"highway":"unclassified"},"geometry":{"type":"LineString","coordinates":[[140.10307,36.34679],[140.103679,36.346802],[140.103809,36.346814],[140.103906,36.346849],[140.104016,36.346913],[140.104102,36.346948]]}},{"type":"Feature","properties":{"id":199070664,"highway":"unclassified"},"geometry":{"type":"LineString","coordinates":[[140.132162,36.396539],[140.132188,36.396576],[140.132199,36.396634],[140.132191,36.396771],[140.132158,36.397013],[140.132166,36.397089],[140.132182,36.397132],[140.132209,36.397205],[140.132254,36.397303],[140.132399,36.397601],[140.132419,36.397656],[140.132502,36.39783],[140.132521,36.397877]]}},{"type":"Feature","properties":{"id":199070667,"highway":"residential"},"geometry":{"type":"LineString","coordinates":[[140.135107,36.342354],[140.135297,36.343259],[140.135638,36.344584],[140.135687,36.344731],[140.135951,36.345688],[140.136153,36.346787]]}},{"type":"Feature","properties":{"id":199070680,"highway":"unclassified"},"geometry":{"type":"LineString","coordinates":[[140.107502,36.324565],[140.107551,36.324747],[140.107562,36.324931],[140.107628,36.325197]]}},{"type":"Feature","properties":{"id":199070695,"highway":"residential"},"geometry":{"type":"LineString","coordinates":[[140.172156,36.328789],[140.172215,36.328674],[140.172324,36.328536],[140.17242,36.328423],[140.172604,36.328317],[140.17299,36.328198]]}},{"type":"Feature","properties":{"id":199070698,"highway":"residential"},"geometry":{"type":"LineString","coordinates":[[140.102003,36.343295],[140.102371,36.343501],[140.102553,36.343626],[140.102785,36.343789],[140.10287,36.343828],[140.102955,36.343846]]}},{"type":"Feature","properties":{"id":199070700,"highway":"unclassified"},"geometry":{"type":"LineString","coordinates":[[140.146572,36.387869],[140.146642,36.387898],[140.147341,36.388096],[140.147436,36.388116],[140.147558,36.388113],[140.148031,36.38803],[140.148141,36.388015],[140.148243,36.38801],[140.148325,36.388014],[140.148412,36.388035],[140.148505,36.38809],[140.148597,36.388156],[140.148659,36.388189],[140.148737,36.388197],[140.148827,36.388189],[140.148941,36.388149],[140.149081,36.388109],[140.149169,36.388097],[140.149261,36.388104],[140.149352,36.38813],[140.149459,36.388182],[140.149558,36.388256],[140.14971,36.388465],[140.150025,36.38895],[140.150053,36.388982],[140.150116,36.389037],[140.15018,36.389045],[140.150264,36.389048],[140.150409,36.389031],[140.150559,36.389016],[140.150829,36.388977],[140.151004,36.388976],[140.151158,36.388972],[140.151259,36.388949],[140.15133,36.388882],[140.151412,36.388803],[140.151469,36.388727],[140.1515,36.388663],[140.151492,36.388567],[140.151453,36.388308],[140.151425,36.388194],[140.151367,36.388071],[140.151275,36.38794],[140.151227,36.387834],[140.151197,36.38773],[140.151184,36.387655],[140.151184,36.387373],[140.151169,36.387252],[140.151178,36.387167]]}},{"type":"Feature","properties":{"id":199070704,"highway":"unclassified"},"geometry":{"type":"LineString","coordinates":[[140.171806,36.363227],[140.171982,36.363414],[140.172011,36.363449],[140.172056,36.363608],[140.172096,36.36369],[140.172177,36.363832],[140.172249,36.363986],[140.172319,36.364155],[140.172341,36.364195],[140.172371,36.364226],[140.172412,36.364251],[140.172487,36.36428],[140.172647,36.364333]]}},{"type":"Feature","properties":{"id":199070728,"highway":"unclassified"},"geometry":{"type":"LineString","coordinates":[[140.155325,36.333144],[140.155558,36.333106],[140.155947,36.333042],[140.156196,36.332999]]}},{"type":"Feature","properties":{"id":199070730,"highway":"service"},"geometry":{"type":"LineString","coordinates":[[140.104951,36.349594],[140.104459,36.34984],[140.103795,36.350197],[140.103684,36.350249]]}},{"type":"Feature","properties":{"id":199070753,"highway":"unclassified"},"geometry":{"type":"LineString","coordinates":[[140.12164,36.314263],[140.121532,36.314186],[140.121488,36.314144],[140.121477,36.3141],[140.121482,36.314052],[140.121521,36.314007],[140.121587,36.31396],[140.12171,36.313914],[140.12183,36.313861],[140.122033,36.31378],[140.122148,36.31375],[140.122251,36.313707],[140.122299,36.313672],[140.122339,36.313631],[140.122354,36.31358],[140.122359,36.313491],[140.122351,36.313389],[140.122333,36.313277],[140.122314,36.313201],[140.122291,36.313148],[140.122262,36.313109],[140.122169,36.313003],[140.122116,36.312913],[140.122081,36.312845],[140.122075,36.31276],[140.122088,36.312618],[140.12208,36.312546],[140.122051,36.312498]]}},{"type":"Feature","properties":{"id":199070757,"highway":"residential"},"geometry":{"type":"LineString","coordinates":[[140.110106,36.311541],[140.109206,36.311689],[140.108574,36.31167]]}},{"type":"Feature","properties":{"id":199070759,"highway":"unclassified"},"geometry":{"type":"LineString","coordinates":[[140.154747,36.356558],[140.155799,36.356414],[140.156532,36.356296],[140.15701,36.356208]]}},{"type":"Feature","properties":{"id":199070760,"highway":"unclassified"},"geometry":{"type":"LineString","coordinates":[[140.132915,36.393272],[140.132945,36.39327],[140.13297,36.393252],[140.132976,36.393229],[140.132851,36.393108],[140.132733,36.393005],[140.132558,36.392845],[140.132501,36.392756],[140.132404,36.392513],[140.132355,36.392453],[140.132261,36.392346],[140.132136,36.392196],[140.131826,36.391809],[140.131508,36.391555],[140.131385,36.39143],[140.131213,36.391186],[140.13115,36.391084],[140.131078,36.390944],[140.131001,36.39081],[140.130914,36.390695],[140.130816,36.390665]]}},{"type":"Feature","properties":{"id":199070763,"highway":"unclassified"},"geometry":{"type":"LineString","coordinates":[[140.113282,36.364684],[140.113367,36.364634],[140.113736,36.364565],[140.113833,36.364543],[140.114258,36.364447],[140.114802,36.364321],[140.115482,36.364061]]}},{"type":"Feature","properties":{"id":199070765,"highway":"residential"},"geometry":{"type":"LineString","coordinates":[[140.148178,36.359899],[140.148216,36.359867],[140.148267,36.359834],[140.148296,36.3598],[140.148346,36.359391],[140.148374,36.359041]]}},{"type":"Feature","properties":{"id":199070799,"highway":"residential"},"geometry":{"type":"LineString","coordinates":[[140.109566,36.369228],[140.109886,36.369228],[140.110157,36.369202],[140.110533,36.369166],[140.111167,36.369169],[140.11139,36.369162],[140.111419,36.369171],[140.111427,36.369193],[140.111413,36.369366],[140.111433,36.369386],[140.111468,36.369402],[140.111502,36.369421],[140.111641,36.369748],[140.111694,36.369819]]}},{"type":"Feature","properties":{"id":199070806,"highway":"unclassified"},"geometry":{"type":"LineString","coordinates":[[140.122887,36.397378],[140.12285,36.397431],[140.122815,36.397552],[140.122812,36.397617],[140.122816,36.397671],[140.122841,36.397727],[140.122872,36.397771],[140.122929,36.397824],[140.123021,36.397929],[140.123057,36.398061]]}},{"type":"Feature","properties":{"id":199070808,"highway":"residential"},"geometry":{"type":"LineString","coordinates":[[140.156959,36.369918],[140.157493,36.369877],[140.158071,36.370025],[140.158449,36.370001],[140.158608,36.37028],[140.15859,36.370534],[140.158615,36.370645],[140.158591,36.370881],[140.158585,36.370934]]}},{"type":"Feature","properties":{"id":199070812,"highway":"unclassified"},"geometry":{"type":"LineString","coordinates":[[140.138826,36.347745],[140.139021,36.347762],[140.139251,36.347795],[140.13962,36.347824],[140.139969,36.347841],[140.140414,36.347897],[140.141209,36.347973]]}},{"type":"Feature","properties":{"id":199070818,"highway":"residential"},"geometry":{"type":"LineString","coordinates":[[140.133826,36.387984],[140.13387,36.388033],[140.133948,36.388233],[140.134028,36.388426],[140.134188,36.388782],[140.134234,36.388849],[140.134285,36.388892],[140.134349,36.388934],[140.134459,36.38899],[140.134531,36.389018],[140.134577,36.389038],[140.134601,36.389064],[140.13466,36.389175]]}},{"type":"Feature","properties":{"id":199070826,"highway":"residential"},"geometry":{"type":"LineString","coordinates":[[140.126151,36.369151],[140.12608,36.369191],[140.125931,36.369265],[140.125783,36.369321],[140.125685,36.369363],[140.125598,36.369422],[140.125279,36.369693],[140.125139,36.369924]]}},{"type":"Feature","properties":{"id":199070840,"highway":"residential"},"geometry":{"type":"LineString","coordinates":[[140.100813,36.323446],[140.100682,36.323281],[140.10064,36.323135],[140.10064,36.322892],[140.100682,36.322537],[140.100616,36.322476]]}},{"type":"Feature","properties":{"id":199070846,"highway":"residential"},"geometry":{"type":"LineString","coordinates":[[140.106025,36.350376],[140.106054,36.350865],[140.106052,36.351011],[140.105963,36.351059],[140.105842,36.351135],[140.105657,36.35132],[140.105551,36.351422]]}},{"type":"Feature","properties":{"id":199070849,"highway":"unclassified"},"geometry":{"type":"LineString","coordinates":[[140.141615,36.351323],[140.141667,36.351628],[140.141715,36.351853],[140.141771,36.352123],[140.14184,36.352349],[140.141922,36.35263],[140.141984,36.352843],[140.142005,36.35298],[140.142038,36.353158]]}},{"type":"Feature","properties":{"id":199070856,"highway":"unclassified"},"geometry":{"type":"LineString","coordinates":[[140.123229,36.400194],[140.123165,36.400106],[140.122923,36.399676],[140.122887,36.399595],[140.122857,36.399506],[140.122844,36.399434]]}},{"type":"Feature","properties":{"id":199070881,"highway":"unclassified"},"geometry":{"type":"LineString","coordinates":[[140.161846,36.390872],[140.161931,36.39094],[140.16199,36.390979],[140.162077,36.391013],[140.162138,36.391016],[140.162216,36.391004],[140.162331,36.390973],[140.162385,36.390973],[140.162444,36.390994],[140.162521,36.391047],[140.162574,36.3911],[140.162669,36.391124],[140.162724,36.391127],[140.162795,36.391123],[140.162871,36.391111],[140.162937,36.391089],[140.162979,36.39107],[140.163018,36.391037],[140.163067,36.390963],[140.163087,36.390909],[140.163102,36.390859],[140.163095,36.390796],[140.163045,36.390638],[140.163032,36.390564],[140.163046,36.390509],[140.163069,36.390462],[140.163101,36.390429],[140.163144,36.390409],[140.163196,36.390406],[140.163242,36.390425],[140.163309,36.390463],[140.163384,36.390557],[140.163476,36.390638],[140.163665,36.390861],[140.163763,36.391006],[140.16393,36.391396],[140.163969,36.391547],[140.163975,36.391628],[140.163978,36.391724],[140.163987,36.391778],[140.163999,36.391812],[140.164037,36.391853],[140.164073,36.391874],[140.164124,36.391888],[140.164217,36.391889],[140.164292,36.391875],[140.164383,36.391859],[140.164471,36.39183],[140.164611,36.391814],[140.164713,36.391815],[140.164799,36.391844],[140.164884,36.391898],[140.165129,36.392058],[140.165162,36.392086],[140.165239,36.392114],[140.165279,36.392119],[140.165335,36.392109],[140.165369,36.392077],[140.1654,36.391997],[140.165418,36.391976],[140.165448,36.391964],[140.165736,36.391995],[140.165782,36.391994],[140.165809,36.391971],[140.165833,36.391895],[140.1659,36.391746],[140.165943,36.391688],[140.165973,36.39166],[140.166006,36.391639],[140.166063,36.391624],[140.166114,36.39162],[140.166171,36.391628],[140.166255,36.391656],[140.166327,36.391714],[140.166483,36.391869],[140.166531,36.391906],[140.166568,36.391917],[140.166618,36.391921],[140.166667,36.391909],[140.166704,36.391887],[140.166757,36.391843],[140.166808,36.391778],[140.166853,36.391734],[140.166931,36.391689],[140.16707,36.391636],[140.167227,36.391589],[140.167317,36.39158],[140.167391,36.391581],[140.167456,36.391596],[140.167563,36.391635],[140.167711,36.391675],[140.167791,36.391691],[140.167874,36.391699],[140.168042,36.391683],[140.168196,36.391679],[140.168253,36.391692],[140.168423,36.391752],[140.168474,36.391778],[140.168509,36.391809],[140.168524,36.391853],[140.168463,36.392082],[140.168451,36.392151],[140.168452,36.392236],[140.168508,36.392432],[140.168535,36.39257],[140.168556,36.392604],[140.168591,36.392626],[140.168628,36.392633],[140.168666,36.392621],[140.168701,36.392596],[140.168727,36.392572],[140.168727,36.392571],[140.168727,36.392542],[140.168694,36.392478],[140.16865,36.392409],[140.168623,36.392335],[140.168613,36.392268],[140.168615,36.392207],[140.16863,36.392142],[140.168683,36.391998],[140.168766,36.391866],[140.16885,36.391764],[140.168927,36.391682],[140.168988,36.391604],[140.169027,36.391521],[140.16906,36.391481],[140.169236,36.391295],[140.169314,36.391227],[140.169453,36.391162],[140.17005,36.390903]]}},{"type":"Feature","properties":{"id":199070904,"highway":"unclassified"},"geometry":{"type":"LineString","coordinates":[[140.148948,36.310935],[140.149085,36.311115],[140.149172,36.311243],[140.149181,36.311283],[140.149175,36.311332],[140.149139,36.311377],[140.149027,36.311477],[140.148866,36.311574],[140.148791,36.311596],[140.148628,36.31163],[140.148256,36.311678],[140.14819,36.311705],[140.148149,36.311752],[140.148141,36.311804],[140.148149,36.311864],[140.148244,36.312058],[140.148341,36.312292],[140.148349,36.31246],[140.148352,36.31254],[140.148345,36.31258],[140.148313,36.312614],[140.148283,36.31264],[140.148241,36.31265],[140.148182,36.312629],[140.14804,36.312568],[140.147989,36.312563],[140.14794,36.312574],[140.147907,36.312599],[140.147886,36.312632],[140.147881,36.312671],[140.147889,36.312706],[140.14792,36.312742],[140.147985,36.312779],[140.148104,36.312804],[140.148212,36.312806],[140.14838,36.312825],[140.148547,36.312807],[140.148681,36.31272],[140.148722,36.312711],[140.148758,36.31272],[140.148838,36.31279],[140.148847,36.312821],[140.148837,36.312853],[140.148731,36.312999],[140.148727,36.313056],[140.148752,36.313109],[140.148814,36.313178],[140.148874,36.313246],[140.148887,36.31328],[140.148886,36.313327],[140.148731,36.313486],[140.148678,36.313569],[140.148655,36.313641],[140.148636,36.313731],[140.148614,36.313777],[140.148428,36.313957],[140.1484,36.313999],[140.148385,36.314064],[140.148405,36.314312],[140.148426,36.314455],[140.148418,36.31456],[140.148393,36.314616],[140.148308,36.3147],[140.148286,36.314752],[140.14828,36.314784],[140.148302,36.314824],[140.148341,36.314855],[140.148385,36.314874],[140.148437,36.314878],[140.14852,36.314858],[140.148773,36.314756],[140.148822,36.31472],[140.148922,36.314618],[140.148937,36.314575],[140.14894,36.314516],[140.148955,36.31447],[140.148983,36.314433],[140.149031,36.314407],[140.149071,36.314401],[140.149126,36.314407],[140.149161,36.314443],[140.149186,36.314488],[140.149201,36.314548],[140.149225,36.314748],[140.149255,36.314787],[140.149333,36.3149],[140.149361,36.314964],[140.149367,36.315051],[140.149346,36.315213],[140.149321,36.315368],[140.1493,36.315424],[140.149261,36.315473],[140.149159,36.315556],[140.149101,36.315586],[140.148989,36.31562],[140.14893,36.315643],[140.148896,36.31568],[140.148884,36.315726],[140.148896,36.31577],[140.148935,36.315802],[140.14901,36.315816],[140.149105,36.315816],[140.149192,36.315787],[140.149281,36.315763],[140.149688,36.315753],[140.150249,36.315718],[140.150299,36.315712],[140.150339,36.315697]]}},{"type":"Feature","properties":{"id":199070935,"highway":"unclassified"},"geometry":{"type":"LineString","coordinates":[[140.156584,36.378766],[140.156492,36.378813],[140.156453,36.378822],[140.15641,36.378814],[140.156365,36.378788],[140.156321,36.378765],[140.156276,36.378752],[140.156234,36.378752],[140.156181,36.378763],[140.156138,36.378777],[140.156104,36.378809],[140.155948,36.378957],[140.155817,36.379082],[140.155718,36.379188],[140.155669,36.379233],[140.155615,36.379248],[140.155555,36.379243],[140.155483,36.379242],[140.155424,36.379246],[140.155241,36.379284],[140.155151,36.379294],[140.155037,36.379296],[140.154905,36.379296],[140.154834,36.379289],[140.154746,36.379244],[140.154688,36.379199],[140.154543,36.379145],[140.154231,36.379037],[140.154137,36.378994],[140.15409,36.378956],[140.154031,36.378896],[140.153727,36.378585],[140.153614,36.378488],[140.153505,36.378426],[140.153372,36.378351],[140.153269,36.378257],[140.153016,36.37805],[140.152746,36.377843],[140.152675,36.377793],[140.152664,36.377718]]}},{"type":"Feature","properties":{"id":199070945,"highway":"unclassified"},"geometry":{"type":"LineString","coordinates":[[140.14916,36.339452],[140.149197,36.339332],[140.149269,36.339198],[140.149519,36.338808],[140.149565,36.338712],[140.149583,36.338587],[140.149567,36.338423],[140.149536,36.338236],[140.149492,36.338123]]}},{"type":"Feature","properties":{"id":199070956,"highway":"unclassified"},"geometry":{"type":"LineString","coordinates":[[140.147581,36.337611],[140.147706,36.337703],[140.147966,36.337793],[140.148227,36.337854],[140.148404,36.337983],[140.148727,36.3381],[140.148963,36.338148],[140.149165,36.338173],[140.149416,36.338144],[140.149492,36.338123]]}},{"type":"Feature","properties":{"id":199070969,"highway":"unclassified"},"geometry":{"type":"LineString","coordinates":[[140.111639,36.309088],[140.110687,36.309496],[140.109987,36.309646]]}},{"type":"Feature","properties":{"id":199071009,"highway":"unclassified"},"geometry":{"type":"LineString","coordinates":[[140.148866,36.383815],[140.149346,36.383825],[140.14979,36.38383],[140.150427,36.383836],[140.150822,36.383849],[140.151056,36.383836],[140.151226,36.383806],[140.151615,36.383714],[140.151817,36.383675],[140.151991,36.383649],[140.152193,36.383661],[140.152411,36.383711],[140.152587,36.383759],[140.15275,36.383825],[140.152937,36.383917],[140.153071,36.384008],[140.153189,36.38411],[140.153341,36.384263],[140.153425,36.384336],[140.153494,36.384381],[140.153606,36.384417],[140.153938,36.384457]]}},{"type":"Feature","properties":{"id":199071037,"highway":"residential"},"geometry":{"type":"LineString","coordinates":[[140.159549,36.349062],[140.159312,36.348997],[140.159033,36.348928],[140.158761,36.348999],[140.158647,36.349085],[140.158688,36.349257],[140.15886,36.349655],[140.158857,36.349909]]}},{"type":"Feature","properties":{"id":199071055,"highway":"residential"},"geometry":{"type":"LineString","coordinates":[[140.15699,36.385339],[140.157076,36.385296],[140.157312,36.38515],[140.157396,36.385103],[140.1575,36.385078],[140.157612,36.385089],[140.15776,36.385142],[140.157819,36.385156],[140.15791,36.385165],[140.158042,36.385139],[140.158154,36.385111],[140.158284,36.385013],[140.158427,36.38488],[140.158478,36.384827]]}},{"type":"Feature","properties":{"id":199071083,"highway":"residential"},"geometry":{"type":"LineString","coordinates":[[140.14426,36.379621],[140.14427,36.379496],[140.144305,36.37934],[140.144324,36.379237],[140.144326,36.378972],[140.144309,36.378896],[140.144304,36.378786],[140.144315,36.378434]]}},{"type":"Feature","properties":{"id":199071085,"highway":"unclassified"},"geometry":{"type":"LineString","coordinates":[[140.100296,36.31547],[140.102976,36.315835]]}},{"type":"Feature","properties":{"id":199071117,"highway":"unclassified"},"geometry":{"type":"LineString","coordinates":[[140.115385,36.376537],[140.115383,36.376586],[140.115368,36.376836],[140.115363,36.377095],[140.115349,36.377418]]}},{"type":"Feature","properties":{"id":199071118,"highway":"service"},"geometry":{"type":"LineString","coordinates":[[140.161572,36.325899],[140.161797,36.32597],[140.162115,36.326043],[140.162207,36.326086]]}},{"type":"Feature","properties":{"id":199071120,"highway":"unclassified"},"geometry":{"type":"LineString","coordinates":[[140.104561,36.372855],[140.104862,36.372351],[140.10487,36.372311],[140.104861,36.372273],[140.104735,36.372209],[140.104532,36.372129]]}},{"type":"Feature","properties":{"id":199071125,"highway":"unclassified"},"geometry":{"type":"LineString","coordinates":[[140.124654,36.352944],[140.124857,36.352984],[140.125072,36.353079],[140.125295,36.353192],[140.125462,36.35326],[140.125679,36.35331],[140.125902,36.353339],[140.126229,36.353339]]}},{"type":"Feature","properties":{"id":199071175,"highway":"unclassified"},"geometry":{"type":"LineString","coordinates":[[140.129397,36.382309],[140.129332,36.38231],[140.129027,36.38234],[140.128865,36.382379],[140.128726,36.382438],[140.128471,36.382574],[140.128115,36.382741]]}},{"type":"Feature","properties":{"id":199071224,"highway":"unclassified"},"geometry":{"type":"LineString","coordinates":[[140.126023,36.388212],[140.126046,36.388064],[140.126072,36.387934],[140.126156,36.387673],[140.126179,36.387581],[140.126184,36.387487],[140.126174,36.387398],[140.126138,36.387335],[140.126093,36.387262],[140.126021,36.387198],[140.125412,36.386692]]}},{"type":"Feature","properties":{"id":199071237,"highway":"unclassified"},"geometry":{"type":"LineString","coordinates":[[140.171806,36.363227],[140.171778,36.36318],[140.171767,36.363143],[140.171769,36.3631],[140.171785,36.363061],[140.171813,36.363029],[140.171859,36.363006],[140.172138,36.362936],[140.172296,36.362893],[140.172453,36.362809],[140.172551,36.362745],[140.172613,36.362678],[140.172759,36.362432],[140.172815,36.362322],[140.172835,36.362248],[140.17284,36.36216],[140.172835,36.362056],[140.172818,36.361914],[140.172773,36.361745],[140.172698,36.361517],[140.172696,36.361422]]}},{"type":"Feature","properties":{"id":199071246,"highway":"tertiary"},"geometry":{"type":"LineString","coordinates":[[140.135132,36.353983],[140.135121,36.354047],[140.135001,36.354964],[140.134947,36.355422],[140.134882,36.355849],[140.134836,36.356037],[140.134775,36.356214]]}},{"type":"Feature","properties":{"id":199071291,"highway":"unclassified"},"geometry":{"type":"LineString","coordinates":[[140.140286,36.368892],[140.140912,36.368858],[140.142036,36.368836],[140.142315,36.368855],[140.142361,36.368903],[140.142374,36.369185],[140.142377,36.369451],[140.14253,36.369749],[140.142531,36.36984]]}},{"type":"Feature","properties":{"id":199071316,"highway":"unclassified"},"geometry":{"type":"LineString","coordinates":[[140.115714,36.312701],[140.115513,36.312686],[140.115291,36.312661],[140.114623,36.312453],[140.114537,36.312424],[140.114094,36.312278],[140.113746,36.312132],[140.113642,36.312058],[140.113548,36.31198]]}},{"type":"Feature","properties":{"id":199071320,"highway":"service"},"geometry":{"type":"LineString","coordinates":[[140.111878,36.307937],[140.111561,36.30784],[140.111285,36.307687],[140.110957,36.30754]]}},{"type":"Feature","properties":{"id":199071324,"highway":"unclassified"},"geometry":{"type":"LineString","coordinates":[[140.169075,36.329624],[140.169129,36.329521],[140.169273,36.329378],[140.169401,36.329197],[140.169507,36.32901],[140.169674,36.328777],[140.169728,36.32866],[140.169746,36.328522],[140.169794,36.328349],[140.17003,36.327593]]}},{"type":"Feature","properties":{"id":199071336,"highway":"unclassified"},"geometry":{"type":"LineString","coordinates":[[140.114381,36.316952],[140.114308,36.316938],[140.114093,36.316845],[140.113831,36.316789],[140.11356,36.316744],[140.113341,36.31673],[140.113079,36.316784],[140.112868,36.316784],[140.112369,36.316808],[140.111855,36.316802],[140.111065,36.316875]]}},{"type":"Feature","properties":{"id":199071344,"highway":"unclassified"},"geometry":{"type":"LineString","coordinates":[[140.141926,36.344618],[140.142543,36.344649],[140.142932,36.344683],[140.143,36.344674],[140.143096,36.344544],[140.143229,36.344489],[140.143654,36.344396],[140.143987,36.344341],[140.14428,36.344313],[140.144642,36.344307]]}},{"type":"Feature","properties":{"id":199071349,"highway":"service"},"geometry":{"type":"LineString","coordinates":[[140.114441,36.31633],[140.114486,36.316304],[140.114547,36.31628],[140.1146,36.31627],[140.114822,36.316237],[140.115103,36.316162],[140.115283,36.316139],[140.115477,36.316088],[140.11571,36.316028],[140.115769,36.316024],[140.115831,36.316023],[140.115873,36.316034],[140.115902,36.316057],[140.115946,36.316094],[140.11601,36.316175]]}},{"type":"Feature","properties":{"id":199071352,"highway":"residential"},"geometry":{"type":"LineString","coordinates":[[140.115653,36.306859],[140.115118,36.307363],[140.114918,36.307507],[140.114697,36.307551]]}},{"type":"Feature","properties":{"id":199071356,"highway":"residential"},"geometry":{"type":"LineString","coordinates":[[140.123095,36.352386],[140.122739,36.351919],[140.122621,36.351863],[140.122475,36.351818],[140.122274,36.351789],[140.122162,36.351716],[140.121911,36.351479],[140.12171,36.351324]]}},{"type":"Feature","properties":{"id":199071357,"highway":"unclassified"},"geometry":{"type":"LineString","coordinates":[[140.150038,36.36045],[140.149523,36.360373],[140.148968,36.36029],[140.148807,36.360251],[140.148628,36.360196],[140.148543,36.360156],[140.148484,36.360115],[140.148418,36.360106],[140.148365,36.360084],[140.148307,36.360039],[140.148227,36.359935],[140.148178,36.359899]]}},{"type":"Feature","properties":{"id":199071370,"highway":"residential"},"geometry":{"type":"LineString","coordinates":[[140.109987,36.309646],[140.109889,36.309382],[140.109849,36.3093],[140.109812,36.309281],[140.109666,36.309247],[140.10914,36.309167],[140.108632,36.309095]]}},{"type":"Feature","properties":{"id":199071372,"highway":"unclassified"},"geometry":{"type":"LineString","coordinates":[[140.135365,36.367806],[140.135522,36.367894],[140.135619,36.367928],[140.135879,36.367984],[140.136524,36.368145],[140.136894,36.368218],[140.137027,36.368227]]}},{"type":"Feature","properties":{"id":199071407,"highway":"unclassified"},"geometry":{"type":"LineString","coordinates":[[140.16903,36.322702],[140.168908,36.322872],[140.168841,36.322934],[140.168779,36.322975],[140.168712,36.323012],[140.168686,36.323045],[140.168677,36.32309],[140.168685,36.323153],[140.168737,36.323389],[140.16874,36.323495],[140.168736,36.323555],[140.168721,36.323604],[140.168689,36.323637],[140.168599,36.323693],[140.168473,36.323731],[140.168394,36.323747]]}},{"type":"Feature","properties":{"id":199071412,"highway":"unclassified"},"geometry":{"type":"LineString","coordinates":[[140.148178,36.359899],[140.148101,36.35991],[140.147705,36.360045],[140.147659,36.360049],[140.147621,36.360032],[140.147579,36.359998],[140.147478,36.359884],[140.147381,36.359893],[140.147033,36.359987],[140.146966,36.36]]}},{"type":"Feature","properties":{"id":199071420,"highway":"service"},"geometry":{"type":"LineString","coordinates":[[140.115464,36.327461],[140.115621,36.327938],[140.11565,36.328101],[140.11572,36.328208],[140.115763,36.32824],[140.115938,36.328291],[140.116046,36.328369],[140.115991,36.328466],[140.115644,36.328555]]}},{"type":"Feature","properties":{"id":199071459,"highway":"unclassified"},"geometry":{"type":"LineString","coordinates":[[140.145947,36.352504],[140.145767,36.35274],[140.145721,36.352895],[140.145698,36.353008],[140.145599,36.353073],[140.145421,36.353175],[140.145222,36.353219],[140.145053,36.35324],[140.1449,36.35327]]}},{"type":"Feature","properties":{"id":199071469,"highway":"service"},"geometry":{"type":"LineString","coordinates":[[140.111177,36.329232],[140.111061,36.329163],[140.110955,36.329119],[140.11076,36.329079],[140.110642,36.329047],[140.110393,36.328954],[140.110277,36.328918]]}},{"type":"Feature","properties":{"id":199071470,"highway":"residential"},"geometry":{"type":"LineString","coordinates":[[140.168684,36.324444],[140.16917,36.324451],[140.169273,36.324424],[140.169329,36.324384],[140.169419,36.324318],[140.169515,36.32429],[140.169628,36.324295],[140.170134,36.324457]]}},{"type":"Feature","properties":{"id":199071476,"highway":"unclassified"},"geometry":{"type":"LineString","coordinates":[[140.153822,36.354914],[140.153839,36.355438],[140.15382,36.355687],[140.153795,36.35572],[140.15374,36.355741],[140.153367,36.355722],[140.153152,36.355699],[140.152783,36.355647],[140.152449,36.355618]]}},{"type":"Feature","properties":{"id":199071479,"highway":"residential"},"geometry":{"type":"LineString","coordinates":[[140.159515,36.350333],[140.159648,36.350175],[140.159936,36.349827],[140.159977,36.349787],[140.160043,36.349734],[140.160479,36.349436],[140.160786,36.349228],[140.160889,36.3492]]}},{"type":"Feature","properties":{"id":199071484,"highway":"residential"},"geometry":{"type":"LineString","coordinates":[[140.145457,36.348421],[140.145125,36.348063],[140.145158,36.347874],[140.145081,36.347818],[140.144879,36.347739],[140.14428,36.347559],[140.144141,36.347524],[140.144071,36.347508]]}},{"type":"Feature","properties":{"id":199071486,"highway":"unclassified"},"geometry":{"type":"LineString","coordinates":[[140.144596,36.368137],[140.144658,36.368153],[140.144749,36.368201],[140.145276,36.368551],[140.145847,36.368898],[140.146351,36.369217],[140.14642,36.369274],[140.146748,36.369618],[140.146895,36.369739],[140.1471,36.36986],[140.14729,36.369979],[140.147797,36.370349],[140.148101,36.370573],[140.14859,36.370932],[140.148779,36.371077],[140.149234,36.371405],[140.1499,36.371943],[140.150005,36.372001],[140.150064,36.372004],[140.150169,36.371968],[140.150296,36.371917],[140.150496,36.371865],[140.150681,36.371831],[140.150907,36.371815],[140.151263,36.371795],[140.151496,36.37179],[140.151777,36.371814]]}},{"type":"Feature","properties":{"id":199071489,"highway":"service"},"geometry":{"type":"LineString","coordinates":[[140.114345,36.315917],[140.114302,36.315946],[140.113919,36.315937],[140.113696,36.315919],[140.113441,36.315875],[140.113431,36.315622],[140.112647,36.315623],[140.112453,36.315611],[140.11229,36.315614],[140.1122,36.315495],[140.112083,36.315185]]}},{"type":"Feature","properties":{"id":199071501,"highway":"service"},"geometry":{"type":"LineString","coordinates":[[140.118802,36.312112],[140.118785,36.312145],[140.118819,36.312236],[140.118839,36.312361],[140.118842,36.312468],[140.118832,36.312543],[140.118812,36.312596],[140.118777,36.312629],[140.118619,36.312708],[140.1186,36.312741],[140.118595,36.312793],[140.1186,36.312913],[140.11862,36.313097]]}},{"type":"Feature","properties":{"id":199071511,"highway":"unclassified"},"geometry":{"type":"LineString","coordinates":[[140.101902,36.355006],[140.101856,36.354993],[140.101606,36.355052],[140.101453,36.355092],[140.101342,36.355098],[140.101245,36.355075],[140.101183,36.355052],[140.10113,36.355022],[140.10108,36.354967],[140.101027,36.354886],[140.100926,36.354739],[140.100878,36.354665]]}},{"type":"Feature","properties":{"id":199071514,"highway":"residential"},"geometry":{"type":"LineString","coordinates":[[140.09914,36.323564],[140.099703,36.323467],[140.099892,36.323454],[140.100105,36.323481],[140.100316,36.3235],[140.100594,36.323498],[140.100704,36.323486],[140.100813,36.323446]]}},{"type":"Feature","properties":{"id":199071529,"highway":"unclassified"},"geometry":{"type":"LineString","coordinates":[[140.105381,36.369628],[140.105367,36.369575],[140.105428,36.369469],[140.105784,36.368977],[140.105939,36.368663],[140.106043,36.368144],[140.106105,36.367877]]}},{"type":"Feature","properties":{"id":199071537,"highway":"residential"},"geometry":{"type":"LineString","coordinates":[[140.154564,36.386452],[140.154459,36.386547],[140.154348,36.386633],[140.154303,36.386718],[140.154276,36.386803],[140.154258,36.386928],[140.154253,36.387031],[140.15426,36.38754],[140.154253,36.38767],[140.154216,36.387767],[140.154156,36.38791],[140.154151,36.387991],[140.154241,36.388153],[140.154281,36.388234],[140.15428,36.388301]]}},{"type":"Feature","properties":{"id":199071540,"highway":"unclassified"},"geometry":{"type":"LineString","coordinates":[[140.112083,36.315185],[140.113453,36.315275],[140.114358,36.315335]]}},{"type":"Feature","properties":{"id":199071541,"highway":"service"},"geometry":{"type":"LineString","coordinates":[[140.113131,36.302737],[140.112965,36.302768],[140.112787,36.302802],[140.112667,36.30282],[140.112517,36.302855],[140.112408,36.302858],[140.112129,36.302834]]}},{"type":"Feature","properties":{"id":199071544,"highway":"unclassified"},"geometry":{"type":"LineString","coordinates":[[140.110135,36.304886],[140.109767,36.304892],[140.109592,36.304875],[140.109475,36.304824],[140.109135,36.304492],[140.108911,36.304323],[140.108807,36.304272],[140.108763,36.304259],[140.108698,36.304251]]}},{"type":"Feature","properties":{"id":199071546,"highway":"unclassified"},"geometry":{"type":"LineString","coordinates":[[140.137027,36.368227],[140.137224,36.368245],[140.137611,36.368275],[140.137702,36.368289],[140.13782,36.368322],[140.138416,36.368472],[140.138492,36.368485],[140.138587,36.368484],[140.138655,36.368471],[140.138707,36.368458]]}},{"type":"Feature","properties":{"id":199071552,"highway":"unclassified"},"geometry":{"type":"LineString","coordinates":[[140.155125,36.335713],[140.155081,36.335739],[140.154803,36.335908],[140.154704,36.335993],[140.154685,36.336042],[140.154699,36.336116],[140.154803,36.336341],[140.154831,36.33642],[140.154838,36.336499]]}},{"type":"Feature","properties":{"id":199071553,"highway":"residential"},"geometry":{"type":"LineString","coordinates":[[140.103631,36.374645],[140.103658,36.374634],[140.103721,36.374628],[140.103721,36.374436],[140.103642,36.37399],[140.103665,36.373918]]}},{"type":"Feature","properties":{"id":199071558,"highway":"residential"},"geometry":{"type":"LineString","coordinates":[[140.102781,36.311419],[140.10333,36.311148],[140.104121,36.310583]]}},{"type":"Feature","properties":{"id":199071580,"highway":"unclassified"},"geometry":{"type":"LineString","coordinates":[[140.130646,36.352929],[140.13073,36.352966],[140.130948,36.353034],[140.13176,36.353258],[140.132016,36.353331],[140.132828,36.353559]]}},{"type":"Feature","properties":{"id":199071601,"highway":"residential"},"geometry":{"type":"LineString","coordinates":[[140.114644,36.305573],[140.114637,36.305545],[140.114598,36.305399],[140.114546,36.305332],[140.114449,36.305273],[140.114144,36.305201],[140.11369,36.305206],[140.11335,36.305177]]}},{"type":"Feature","properties":{"id":199071618,"highway":"unclassified"},"geometry":{"type":"LineString","coordinates":[[140.153938,36.384457],[140.154308,36.384495],[140.15443,36.384526],[140.154513,36.384581],[140.154583,36.384678],[140.154869,36.38517],[140.154968,36.385345],[140.155028,36.385496],[140.155078,36.385535]]}},{"type":"Feature","properties":{"id":199071622,"highway":"service"},"geometry":{"type":"LineString","coordinates":[[140.161375,36.382242],[140.161482,36.382053],[140.161613,36.381902],[140.161736,36.381782],[140.161943,36.381601],[140.162114,36.381227],[140.162217,36.381039],[140.162287,36.380868],[140.162285,36.38079],[140.162252,36.380767],[140.162183,36.380758],[140.161982,36.380753]]}},{"type":"Feature","properties":{"id":199071625,"highway":"residential"},"geometry":{"type":"LineString","coordinates":[[140.17299,36.328198],[140.173049,36.328133],[140.173099,36.328054],[140.173112,36.328004],[140.17312,36.327874],[140.173066,36.327669]]}},{"type":"Feature","properties":{"id":199071629,"highway":"unclassified"},"geometry":{"type":"LineString","coordinates":[[140.128738,36.369418],[140.128829,36.368987],[140.128856,36.368369],[140.128875,36.367941],[140.128918,36.36734]]}},{"type":"Feature","properties":{"id":199071635,"highway":"unclassified"},"geometry":{"type":"LineString","coordinates":[[140.126023,36.388212],[140.126021,36.388349],[140.126025,36.38846],[140.126051,36.388672],[140.126139,36.389196],[140.12617,36.389414],[140.126175,36.389567],[140.126173,36.389826],[140.126143,36.390149],[140.126137,36.390293]]}},{"type":"Feature","properties":{"id":199071641,"highway":"unclassified"},"geometry":{"type":"LineString","coordinates":[[140.157558,36.370899],[140.157478,36.370896],[140.156929,36.370669],[140.156853,36.370616],[140.156522,36.370184],[140.156281,36.369749],[140.156026,36.369348],[140.155899,36.369106],[140.156047,36.368994]]}},{"type":"Feature","properties":{"id":199071643,"highway":"unclassified"},"geometry":{"type":"LineString","coordinates":[[140.153743,36.352146],[140.154113,36.352145],[140.154434,36.3521],[140.154628,36.352055],[140.155101,36.351973],[140.155336,36.351936],[140.155399,36.351921],[140.155491,36.351941]]}},{"type":"Feature","properties":{"id":199071645,"highway":"residential"},"geometry":{"type":"LineString","coordinates":[[140.122714,36.386939],[140.122566,36.387009],[140.122385,36.387125],[140.122267,36.387206],[140.122138,36.38731],[140.122037,36.387368],[140.121971,36.387371],[140.121624,36.387322]]}},{"type":"Feature","properties":{"id":199071654,"highway":"unclassified"},"geometry":{"type":"LineString","coordinates":[[140.157722,36.374172],[140.157868,36.374192],[140.158015,36.374192],[140.158604,36.374149],[140.158717,36.374111],[140.158807,36.374059]]}},{"type":"Feature","properties":{"id":199071658,"highway":"unclassified"},"geometry":{"type":"LineString","coordinates":[[140.151412,36.334584],[140.151488,36.334767],[140.151632,36.335806],[140.151846,36.336331]]}},{"type":"Feature","properties":{"id":199071665,"highway":"residential"},"geometry":{"type":"LineString","coordinates":[[140.136208,36.350223],[140.136312,36.35028],[140.136472,36.350363],[140.136647,36.350428],[140.13696,36.350544],[140.137426,36.350674],[140.13767,36.35073],[140.137894,36.350792]]}},{"type":"Feature","properties":{"id":199071684,"highway":"tertiary"},"geometry":{"type":"LineString","coordinates":[[140.143584,36.355674],[140.143494,36.355638],[140.143314,36.355575],[140.143049,36.355489],[140.14283,36.355463],[140.142725,36.355472],[140.142544,36.355493],[140.141842,36.355578],[140.141308,36.355612],[140.141108,36.355635],[140.141039,36.355618],[140.141021,36.355578],[140.140996,36.355512],[140.140968,36.355423],[140.140881,36.355296],[140.140753,36.355213],[140.140637,36.355171],[140.140164,36.355056],[140.139945,36.354995],[140.139893,36.354967],[140.139802,36.354893],[140.139591,36.354675],[140.139281,36.354321],[140.139195,36.354272],[140.139097,36.354244],[140.13897,36.354241],[140.138528,36.354303],[140.138101,36.354346],[140.137999,36.354343],[140.137889,36.354321],[140.137685,36.354243],[140.137418,36.354178],[140.137171,36.35414],[140.136943,36.354141],[140.136573,36.354198],[140.136426,36.354204],[140.136301,36.354199],[140.135926,36.354149],[140.135496,36.354056],[140.135183,36.353988],[140.135132,36.353983],[140.135008,36.353965],[140.134778,36.353949],[140.134475,36.353908],[140.13385,36.35382],[140.133584,36.353768],[140.13316,36.353661],[140.132953,36.353601],[140.132828,36.353559]]}},{"type":"Feature","properties":{"id":199071724,"highway":"unclassified"},"geometry":{"type":"LineString","coordinates":[[140.098176,36.317883],[140.098646,36.317913],[140.098981,36.317968],[140.099148,36.318103],[140.099421,36.318188],[140.100985,36.31826],[140.101837,36.31832]]}},{"type":"Feature","properties":{"id":199071737,"highway":"unclassified"},"geometry":{"type":"LineString","coordinates":[[140.101774,36.37691],[140.101883,36.376919],[140.102004,36.376933],[140.102109,36.376943],[140.102484,36.376936],[140.102648,36.376931],[140.102751,36.376925],[140.102864,36.376911],[140.103031,36.376868],[140.103104,36.376856],[140.103165,36.376851],[140.103451,36.376839],[140.10356,36.376848],[140.103652,36.376862],[140.103812,36.376906],[140.103902,36.376925],[140.104018,36.376939],[140.104418,36.376945],[140.104698,36.376946],[140.105011,36.376949],[140.105435,36.376957],[140.105627,36.37697],[140.106231,36.377014],[140.106355,36.377034],[140.106941,36.377125],[140.107057,36.377158],[140.107324,36.377254],[140.107376,36.377282],[140.107537,36.377376],[140.107673,36.377473],[140.107874,36.377629],[140.108087,36.377816],[140.108329,36.378036],[140.10836,36.378068],[140.108479,36.378149],[140.108617,36.378225],[140.108779,36.378356],[140.108847,36.378409],[140.108927,36.378428],[140.1092,36.378437],[140.109306,36.378452],[140.109398,36.378482],[140.109448,36.378518],[140.109493,36.378563],[140.109544,36.378657],[140.109581,36.378695],[140.109652,36.378706],[140.110076,36.378723],[140.11025,36.378567],[140.110337,36.378556]]}},{"type":"Feature","properties":{"id":199071738,"highway":"unclassified"},"geometry":{"type":"LineString","coordinates":[[140.115892,36.367218],[140.116142,36.366986],[140.116378,36.366793],[140.116629,36.366675],[140.116852,36.366594],[140.117109,36.366479]]}},{"type":"Feature","properties":{"id":199071745,"highway":"residential"},"geometry":{"type":"LineString","coordinates":[[140.108691,36.309889],[140.109994,36.30966]]}},{"type":"Feature","properties":{"id":199071756,"highway":"unclassified"},"geometry":{"type":"LineString","coordinates":[[140.138826,36.347745],[140.13859,36.347745],[140.138415,36.347762],[140.138109,36.347812],[140.13797,36.347869],[140.137893,36.347936],[140.137817,36.348043],[140.137768,36.348189],[140.137753,36.348269]]}},{"type":"Feature","properties":{"id":199071767,"highway":"residential"},"geometry":{"type":"LineString","coordinates":[[140.170134,36.324457],[140.17024,36.324545],[140.170486,36.324669],[140.170612,36.324763],[140.170663,36.324824],[140.170693,36.324915],[140.170708,36.325001],[140.170698,36.325134],[140.170695,36.325228],[140.170711,36.325288],[140.17076,36.325339]]}},{"type":"Feature","properties":{"id":199071769,"highway":"residential"},"geometry":{"type":"LineString","coordinates":[[140.115386,36.300463],[140.11543,36.300463],[140.115646,36.300469],[140.115757,36.300503],[140.115861,36.300565],[140.115952,36.30066],[140.11613,36.300804],[140.116224,36.300905],[140.116348,36.301063]]}},{"type":"Feature","properties":{"id":199071773,"highway":"unclassified"},"geometry":{"type":"LineString","coordinates":[[140.131908,36.385778],[140.131962,36.38588],[140.132062,36.386082],[140.132091,36.38616],[140.132171,36.386427],[140.13219,36.386461],[140.132259,36.386514],[140.13237,36.386573],[140.132539,36.386635]]}},{"type":"Feature","properties":{"id":199071775,"highway":"unclassified"},"geometry":{"type":"LineString","coordinates":[[140.143548,36.351048],[140.143432,36.351101],[140.143287,36.351148],[140.143049,36.351209],[140.142856,36.351254],[140.142615,36.351307],[140.142279,36.351353],[140.141615,36.351323]]}},{"type":"Feature","properties":{"id":199071808,"highway":"unclassified"},"geometry":{"type":"LineString","coordinates":[[140.126415,36.357233],[140.126406,36.357301],[140.126404,36.35786],[140.126485,36.358268],[140.126596,36.358669],[140.126674,36.358968]]}},{"type":"Feature","properties":{"id":199071826,"highway":"unclassified"},"geometry":{"type":"LineString","coordinates":[[140.146817,36.339254],[140.148211,36.339233],[140.148605,36.339414],[140.14916,36.339452]]}},{"type":"Feature","properties":{"id":199071831,"highway":"residential"},"geometry":{"type":"LineString","coordinates":[[140.190927,36.384501],[140.190924,36.384511],[140.190861,36.384646],[140.190841,36.384761],[140.190808,36.384839],[140.190751,36.384871],[140.190659,36.384888],[140.190603,36.38491],[140.190537,36.384948]]}},{"type":"Feature","properties":{"id":199071833,"highway":"service"},"geometry":{"type":"LineString","coordinates":[[140.120041,36.32595],[140.120039,36.325887],[140.119791,36.325582],[140.119505,36.325401],[140.1194,36.325238],[140.119115,36.324877],[140.118964,36.324626],[140.11856,36.324137],[140.118355,36.323972]]}},{"type":"Feature","properties":{"id":199071851,"highway":"unclassified"},"geometry":{"type":"LineString","coordinates":[[140.115178,36.377339],[140.115105,36.377535],[140.115059,36.37761],[140.114927,36.377749],[140.114879,36.377826],[140.114797,36.377874],[140.114707,36.377933],[140.114573,36.378047],[140.114169,36.378388],[140.114122,36.378409],[140.114073,36.378412],[140.113931,36.378354],[140.11369,36.378371],[140.113561,36.378346],[140.113066,36.378232],[140.112679,36.378092],[140.112378,36.378004],[140.112214,36.377926],[140.112154,36.37788],[140.112109,36.37783],[140.111989,36.377669],[140.111922,36.377611],[140.111794,36.377516],[140.111663,36.37741],[140.11159,36.377344],[140.111546,36.377281],[140.111514,36.377212],[140.111416,36.376931],[140.111406,36.376837]]}},{"type":"Feature","properties":{"id":199071870,"highway":"residential"},"geometry":{"type":"LineString","coordinates":[[140.114644,36.305573],[140.114784,36.305613],[140.115079,36.305622],[140.115916,36.305458],[140.116325,36.30545]]}},{"type":"Feature","properties":{"id":199071897,"highway":"unclassified"},"geometry":{"type":"LineString","coordinates":[[140.15985,36.382548],[140.15981,36.382491],[140.159772,36.382465],[140.159637,36.382448],[140.159487,36.38242],[140.159359,36.38238],[140.159197,36.382316],[140.159002,36.382233],[140.158836,36.382168],[140.158702,36.382131],[140.158574,36.382117]]}},{"type":"Feature","properties":{"id":199071907,"highway":"unclassified"},"geometry":{"type":"LineString","coordinates":[[140.144071,36.347508],[140.144043,36.347632],[140.143985,36.347883],[140.143873,36.348129],[140.143796,36.348278],[140.143746,36.348333],[140.143667,36.348354],[140.143371,36.348332],[140.142717,36.34822]]}},{"type":"Feature","properties":{"id":199071939,"highway":"unclassified"},"geometry":{"type":"LineString","coordinates":[[140.099964,36.381985],[140.100064,36.381941],[140.100548,36.381913],[140.100585,36.381875],[140.100593,36.381834],[140.10058,36.381792],[140.10055,36.381749],[140.100505,36.381712],[140.100423,36.381675],[140.100271,36.381645],[140.09979,36.381594]]}},{"type":"Feature","properties":{"id":199071949,"highway":"residential"},"geometry":{"type":"LineString","coordinates":[[140.141833,36.356378],[140.141691,36.356809],[140.141649,36.357079],[140.1416,36.35731],[140.141551,36.357423],[140.141422,36.357672],[140.141436,36.357779],[140.14152,36.357926],[140.141521,36.358004],[140.141542,36.358056]]}},{"type":"Feature","properties":{"id":199071952,"highway":"unclassified"},"geometry":{"type":"LineString","coordinates":[[140.146057,36.364222],[140.146342,36.364076],[140.146601,36.363948],[140.14673,36.363907],[140.146871,36.36387],[140.146999,36.363855],[140.147107,36.363856],[140.147212,36.36387],[140.147316,36.363903],[140.147461,36.363963],[140.14757,36.36402]]}},{"type":"Feature","properties":{"id":199071955,"highway":"residential"},"geometry":{"type":"LineString","coordinates":[[140.147814,36.337509],[140.147805,36.337455],[140.147844,36.337382],[140.147884,36.337309],[140.147893,36.33726],[140.147869,36.337198],[140.147782,36.337146],[140.147722,36.337124],[140.147572,36.337031],[140.147527,36.336979],[140.147474,36.336965],[140.147405,36.336942],[140.147333,36.336889],[140.147282,36.336861],[140.147234,36.336844],[140.147188,36.336813]]}},{"type":"Feature","properties":{"id":199072007,"highway":"service"},"geometry":{"type":"LineString","coordinates":[[140.121454,36.323926],[140.121204,36.323967],[140.120906,36.324003],[140.12065,36.324037],[140.120441,36.32406],[140.120224,36.324047],[140.119721,36.324076],[140.11935,36.32398],[140.11906,36.324002],[140.118956,36.324013],[140.118355,36.323972]]}},{"type":"Feature","properties":{"id":199072032,"highway":"unclassified"},"geometry":{"type":"LineString","coordinates":[[140.146899,36.386269],[140.147173,36.38635],[140.147303,36.386389],[140.14738,36.38643],[140.147628,36.386697],[140.1477,36.386783],[140.147725,36.38682],[140.147765,36.387016],[140.147774,36.38724],[140.147823,36.387485],[140.147934,36.387761],[140.148031,36.38803],[140.14818,36.388501],[140.14827,36.388925],[140.148331,36.389117],[140.148384,36.389249],[140.14863,36.389666],[140.148982,36.390226],[140.149115,36.390452],[140.149189,36.390532],[140.149242,36.390579],[140.149291,36.390594],[140.149491,36.390609],[140.149681,36.390596],[140.150295,36.390513]]}},{"type":"Feature","properties":{"id":199072037,"highway":"service"},"geometry":{"type":"LineString","coordinates":[[140.110479,36.356867],[140.110462,36.357147],[140.110426,36.357244],[140.110308,36.357389],[140.110288,36.357721],[140.110149,36.358071],[140.109908,36.358521],[140.109786,36.358895],[140.109783,36.358973]]}},{"type":"Feature","properties":{"id":199072042,"highway":"unclassified"},"geometry":{"type":"LineString","coordinates":[[140.161883,36.360974],[140.161829,36.360971],[140.16167,36.360993],[140.16157,36.361014],[140.161427,36.361069],[140.161332,36.3611],[140.161174,36.361158],[140.16106,36.361193],[140.160965,36.361202],[140.160842,36.36122],[140.160668,36.361257],[140.160586,36.361287],[140.160516,36.361325],[140.160453,36.361366],[140.160375,36.361406],[140.160287,36.361434],[140.160172,36.361453],[140.160049,36.361462],[140.159912,36.361463],[140.159673,36.361439],[140.159625,36.361426]]}},{"type":"Feature","properties":{"id":199072060,"highway":"unclassified"},"geometry":{"type":"LineString","coordinates":[[140.104561,36.372855],[140.10441,36.372812],[140.104339,36.372806],[140.10428,36.372828],[140.10419,36.372918],[140.104057,36.373122],[140.103839,36.373375],[140.103738,36.373534],[140.103728,36.373794],[140.103665,36.373918]]}},{"type":"Feature","properties":{"id":199072097,"highway":"unclassified"},"geometry":{"type":"LineString","coordinates":[[140.154838,36.336499],[140.154838,36.336617],[140.15481,36.336662],[140.154657,36.336837],[140.154573,36.336972],[140.154553,36.337045],[140.154559,36.337152],[140.154615,36.337231],[140.154741,36.337316]]}},{"type":"Feature","properties":{"id":199072101,"highway":"unclassified"},"geometry":{"type":"LineString","coordinates":[[140.128918,36.36734],[140.128944,36.366892],[140.128931,36.366754],[140.128811,36.366595],[140.127864,36.365339],[140.127699,36.365097]]}},{"type":"Feature","properties":{"id":199072108,"highway":"unclassified"},"geometry":{"type":"LineString","coordinates":[[140.162157,36.37565],[140.162219,36.375678],[140.162659,36.375951],[140.163758,36.376619],[140.163862,36.376671],[140.163952,36.376703],[140.164046,36.376725],[140.16415,36.376736],[140.164247,36.376734],[140.164353,36.376721],[140.164447,36.376696],[140.164528,36.376657],[140.164614,36.37661],[140.165481,36.375877],[140.165643,36.375763],[140.165838,36.375645],[140.166531,36.375255],[140.166596,36.375211],[140.166731,36.375137],[140.167288,36.374818],[140.167404,36.374741],[140.167505,36.374651],[140.167792,36.374363],[140.167903,36.374291],[140.168261,36.374119],[140.16833,36.374076],[140.168392,36.374021],[140.168513,36.373891],[140.169151,36.373176],[140.169302,36.373009],[140.169375,36.372947],[140.169452,36.3729],[140.16956,36.372843],[140.169792,36.372736],[140.169854,36.372703]]}},{"type":"Feature","properties":{"id":199072116,"highway":"unclassified"},"geometry":{"type":"LineString","coordinates":[[140.152717,36.339022],[140.152837,36.339345],[140.15279,36.339968],[140.15279,36.340208],[140.152841,36.340749],[140.152616,36.341941]]}},{"type":"Feature","properties":{"id":199072134,"highway":"residential"},"geometry":{"type":"LineString","coordinates":[[140.115079,36.305622],[140.11511,36.305723],[140.115153,36.305805],[140.115373,36.306195],[140.115434,36.306297],[140.115438,36.306503],[140.115481,36.306619],[140.115653,36.306859]]}},{"type":"Feature","properties":{"id":199072135,"highway":"unclassified"},"geometry":{"type":"LineString","coordinates":[[140.132419,36.397656],[140.132385,36.397704],[140.132324,36.397885],[140.132276,36.398001],[140.132239,36.398007],[140.132137,36.398088],[140.132042,36.398171],[140.131982,36.398216],[140.131946,36.398233],[140.131881,36.398233],[140.131766,36.398204],[140.131319,36.398068],[140.13126,36.398039],[140.13121,36.398008],[140.131142,36.397957],[140.131122,36.397908],[140.131101,36.397873]]}},{"type":"Feature","properties":{"id":199072147,"highway":"unclassified"},"geometry":{"type":"LineString","coordinates":[[140.180769,36.331234],[140.180582,36.330935],[140.180609,36.330816],[140.180516,36.330644],[140.180414,36.330493],[140.180366,36.330287],[140.18022,36.330048],[140.180269,36.329885],[140.18023,36.329548],[140.180385,36.329077],[140.180603,36.328675],[140.180828,36.328263],[140.181171,36.328013],[140.181512,36.327777],[140.181715,36.3276],[140.182045,36.327365],[140.182259,36.327144],[140.182454,36.326762]]}},{"type":"Feature","properties":{"id":199072174,"highway":"unclassified"},"geometry":{"type":"LineString","coordinates":[[140.128195,36.393902],[140.128085,36.394045],[140.128026,36.394149],[140.127878,36.394409],[140.127588,36.394917],[140.127457,36.395145],[140.127367,36.395257],[140.127281,36.395354],[140.127231,36.395404],[140.127171,36.395452],[140.127072,36.395511],[140.126992,36.39556],[140.126886,36.395613],[140.126776,36.395652],[140.126656,36.395687],[140.126516,36.395718],[140.126406,36.395738],[140.126268,36.395756],[140.125669,36.395799]]}},{"type":"Feature","properties":{"id":199072177,"highway":"unclassified"},"geometry":{"type":"LineString","coordinates":[[140.155262,36.348956],[140.155546,36.349153],[140.155658,36.34923],[140.155805,36.349271],[140.155924,36.349283],[140.156102,36.349286],[140.156267,36.349234],[140.156599,36.349041],[140.156697,36.348979]]}},{"type":"Feature","properties":{"id":199072180,"highway":"unclassified"},"geometry":{"type":"LineString","coordinates":[[140.158197,36.378104],[140.158215,36.378169],[140.158291,36.37824],[140.15843,36.378303],[140.158543,36.378337],[140.158742,36.378429],[140.159033,36.378699],[140.159106,36.378767],[140.159296,36.378957],[140.159524,36.37923],[140.159644,36.379407],[140.159837,36.379714],[140.159988,36.379925],[140.160123,36.380192],[140.160185,36.380291],[140.160299,36.380426],[140.160372,36.380521],[140.160487,36.380681],[140.160609,36.380923],[140.160648,36.381041],[140.160746,36.381289],[140.160779,36.381391],[140.160796,36.381515],[140.160789,36.381747],[140.160744,36.382106],[140.160721,36.382176],[140.160666,36.382242]]}},{"type":"Feature","properties":{"id":199072197,"highway":"residential"},"geometry":{"type":"LineString","coordinates":[[140.157923,36.347536],[140.158624,36.347631],[140.158865,36.347577],[140.158962,36.347468],[140.159131,36.347371]]}},{"type":"Feature","properties":{"id":199072200,"highway":"residential"},"geometry":{"type":"LineString","coordinates":[[140.152498,36.352151],[140.152484,36.352106],[140.15242,36.351942],[140.152378,36.351852],[140.15226,36.35166],[140.152148,36.351508],[140.151885,36.351209],[140.151745,36.351198],[140.15164,36.351193],[140.151581,36.351141]]}},{"type":"Feature","properties":{"id":199072206,"highway":"unclassified"},"geometry":{"type":"LineString","coordinates":[[140.169895,36.32106],[140.169857,36.321107],[140.169793,36.321214],[140.169761,36.321296],[140.169745,36.321369],[140.169753,36.321446],[140.169754,36.321503],[140.169713,36.321604],[140.169661,36.321679],[140.169604,36.321742],[140.169462,36.321842],[140.169371,36.321925],[140.169315,36.322014],[140.169271,36.322049],[140.169238,36.322074],[140.169182,36.322148],[140.169131,36.322335],[140.169094,36.322539],[140.169061,36.322642],[140.16903,36.322702]]}},{"type":"Feature","properties":{"id":199072220,"highway":"unclassified"},"geometry":{"type":"LineString","coordinates":[[140.151412,36.334584],[140.151273,36.334512],[140.150944,36.334269],[140.150747,36.334082],[140.150426,36.333821]]}},{"type":"Feature","properties":{"id":199072231,"highway":"service"},"geometry":{"type":"LineString","coordinates":[[140.113559,36.393921],[140.113616,36.393838],[140.113711,36.393691],[140.113824,36.393556],[140.113924,36.393478],[140.114014,36.393443],[140.114129,36.393458],[140.114278,36.393492],[140.114348,36.393501],[140.114425,36.393498],[140.114532,36.393459],[140.11461,36.393401],[140.114673,36.393341],[140.114711,36.393258],[140.114734,36.393137],[140.114745,36.392947],[140.114748,36.392878],[140.114768,36.392821],[140.114812,36.392749],[140.114872,36.392668],[140.114901,36.392622],[140.114924,36.392564],[140.114938,36.392487],[140.114938,36.392378],[140.114916,36.392258],[140.114879,36.39214],[140.114827,36.392045],[140.114767,36.39199],[140.114694,36.391953],[140.114611,36.391939],[140.11451,36.39193],[140.114436,36.391904],[140.114401,36.391852],[140.114372,36.391772],[140.114358,36.391659],[140.114375,36.391564],[140.11441,36.39151],[140.114459,36.391461],[140.114513,36.391415],[140.114571,36.391375],[140.114617,36.391334],[140.114651,36.391288],[140.114672,36.391238],[140.114683,36.391177],[140.114695,36.391111],[140.114715,36.391059],[140.114752,36.39101],[140.11481,36.390956],[140.114853,36.390918],[140.114928,36.390878],[140.114994,36.390849],[140.115054,36.390815],[140.115124,36.390757],[140.115164,36.390697],[140.115196,36.390628],[140.115221,36.390556],[140.115239,36.39049],[140.115244,36.390389],[140.115219,36.390185],[140.115216,36.390102],[140.115227,36.39005],[140.115265,36.389996],[140.115328,36.389953],[140.1154,36.389904],[140.115459,36.389852],[140.115492,36.3898],[140.115495,36.389737],[140.115492,36.389662],[140.115481,36.389576],[140.115492,36.389518],[140.115544,36.389443],[140.115607,36.389409],[140.115685,36.389394],[140.115766,36.389398],[140.115878,36.38942],[140.116048,36.389507],[140.11617,36.38959],[140.116644,36.38993],[140.116869,36.390094],[140.11693,36.39014],[140.11704,36.390223],[140.117151,36.390289],[140.117307,36.390353],[140.117592,36.390459],[140.117951,36.390654],[140.118126,36.390749],[140.118331,36.390872],[140.118485,36.391039],[140.11854,36.391061],[140.118682,36.39107],[140.118756,36.391057],[140.11882,36.391048],[140.118936,36.391056],[140.119007,36.39105],[140.119058,36.391042],[140.119121,36.391021],[140.119171,36.390995]]}},{"type":"Feature","properties":{"id":203112383,"highway":"tertiary"},"geometry":{"type":"LineString","coordinates":[[140.102894,36.363341],[140.102882,36.363797],[140.102879,36.364013],[140.102879,36.364065],[140.102877,36.364187]]}},{"type":"Feature","properties":{"id":203112385,"highway":"unclassified"},"geometry":{"type":"LineString","coordinates":[[140.114051,36.365961],[140.114469,36.365865]]}},{"type":"Feature","properties":{"id":203112390,"highway":"unclassified"},"geometry":{"type":"LineString","coordinates":[[140.100837,36.366857],[140.100874,36.36747]]}},{"type":"Feature","properties":{"id":203112391,"highway":"tertiary"},"geometry":{"type":"LineString","coordinates":[[140.102901,36.36302],[140.102894,36.363341]]}},{"type":"Feature","properties":{"id":203112402,"highway":"tertiary"},"geometry":{"type":"LineString","coordinates":[[140.108506,36.370946],[140.108512,36.370906],[140.108622,36.370202],[140.108707,36.369707],[140.108769,36.369274],[140.108822,36.36887],[140.108908,36.368179]]}},{"type":"Feature","properties":{"id":203112406,"highway":"unclassified"},"geometry":{"type":"LineString","coordinates":[[140.109688,36.366832],[140.109571,36.367805]]}},{"type":"Feature","properties":{"id":203112407,"highway":"tertiary"},"geometry":{"type":"LineString","coordinates":[[140.108482,36.371108],[140.108506,36.370946]]}},{"type":"Feature","properties":{"id":203112412,"highway":"unclassified"},"geometry":{"type":"LineString","coordinates":[[140.101939,36.36625],[140.101864,36.365749],[140.101812,36.36527]]}},{"type":"Feature","properties":{"id":203112417,"highway":"tertiary"},"geometry":{"type":"LineString","coordinates":[[140.106258,36.363615],[140.106351,36.363861]]}},{"type":"Feature","properties":{"id":203112419,"highway":"tertiary"},"geometry":{"type":"LineString","coordinates":[[140.102154,36.369134],[140.102054,36.369293]]}},{"type":"Feature","properties":{"id":203112421,"highway":"service"},"geometry":{"type":"LineString","coordinates":[[140.101375,36.361106],[140.101408,36.360751],[140.101396,36.360502],[140.101338,36.360207],[140.101296,36.36013],[140.101262,36.36007],[140.101201,36.359974],[140.101185,36.359916],[140.101171,36.359784]]}},{"type":"Feature","properties":{"id":203112424,"highway":"unclassified"},"geometry":{"type":"LineString","coordinates":[[140.114645,36.366705],[140.114533,36.366943]]}},{"type":"Feature","properties":{"id":203112432,"highway":"unclassified"},"geometry":{"type":"LineString","coordinates":[[140.110208,36.366751],[140.109688,36.366832],[140.109074,36.366925]]}},{"type":"Feature","properties":{"id":203112435,"highway":"tertiary"},"geometry":{"type":"LineString","coordinates":[[140.107751,36.359816],[140.107652,36.359831],[140.107611,36.359852],[140.10759,36.359886],[140.107585,36.359928],[140.107601,36.359982],[140.10763,36.360056],[140.107661,36.360158],[140.107687,36.360177],[140.107733,36.360195],[140.107792,36.360205],[140.107843,36.3602],[140.107936,36.360181],[140.108178,36.360117],[140.108254,36.360114],[140.108312,36.360118],[140.108372,36.360137],[140.108449,36.360193]]}},{"type":"Feature","properties":{"id":203112436,"highway":"tertiary"},"geometry":{"type":"LineString","coordinates":[[140.116956,36.360299],[140.117281,36.361423],[140.117406,36.361781]]}},{"type":"Feature","properties":{"id":203112438,"highway":"service"},"geometry":{"type":"LineString","coordinates":[[140.108382,36.35989],[140.108267,36.359882],[140.108148,36.359892],[140.107704,36.359943],[140.107652,36.359958],[140.107601,36.359982]]}},{"type":"Feature","properties":{"id":203112439,"highway":"unclassified"},"geometry":{"type":"LineString","coordinates":[[140.107729,36.362048],[140.107721,36.361936],[140.107765,36.361872],[140.107768,36.361807],[140.107713,36.361541],[140.107775,36.361504],[140.107775,36.361474],[140.107774,36.361418],[140.107775,36.361357],[140.107775,36.361331],[140.107774,36.361284],[140.107774,36.361247],[140.107774,36.361095],[140.107788,36.361056],[140.107763,36.361019],[140.107718,36.360864]]}},{"type":"Feature","properties":{"id":203112441,"highway":"unclassified"},"geometry":{"type":"LineString","coordinates":[[140.109603,36.361806],[140.109601,36.361544],[140.109612,36.361396],[140.109622,36.361344],[140.109663,36.361252],[140.109656,36.361138],[140.109555,36.360816],[140.109465,36.36043]]}},{"type":"Feature","properties":{"id":203112444,"highway":"service"},"geometry":{"type":"LineString","coordinates":[[140.10763,36.360056],[140.107673,36.36007],[140.10772,36.360071],[140.108265,36.359995],[140.108308,36.359977],[140.108357,36.359958],[140.108411,36.359928]]}},{"type":"Feature","properties":{"id":203112446,"highway":"tertiary"},"geometry":{"type":"LineString","coordinates":[[140.102054,36.369293],[140.102035,36.369318],[140.101011,36.370915],[140.100832,36.371227],[140.100744,36.371471],[140.100714,36.37167],[140.100709,36.371914]]}},{"type":"Feature","properties":{"id":203112448,"highway":"unclassified"},"geometry":{"type":"LineString","coordinates":[[140.09965,36.363469],[140.099697,36.363432],[140.10058,36.363643],[140.100642,36.363643],[140.100722,36.363393]]}},{"type":"Feature","properties":{"id":203112456,"highway":"primary"},"geometry":{"type":"LineString","coordinates":[[140.106583,36.364883],[140.106616,36.365097],[140.106637,36.365269],[140.106805,36.366587],[140.106853,36.366948],[140.106866,36.36703],[140.106872,36.367142],[140.106864,36.367266],[140.106841,36.367402],[140.106783,36.36775],[140.106681,36.368323],[140.106647,36.368512],[140.106626,36.368605],[140.106603,36.368674],[140.106567,36.368746],[140.106533,36.368803],[140.10648,36.368879],[140.106433,36.368931],[140.106388,36.368978],[140.106302,36.369046],[140.106205,36.369115],[140.105595,36.3695],[140.105381,36.369628],[140.105238,36.369722],[140.10518,36.36976],[140.105122,36.369805],[140.105065,36.369857],[140.105019,36.369903],[140.104984,36.369945],[140.104926,36.37003],[140.104884,36.370109],[140.10485,36.370197],[140.104819,36.370284],[140.104736,36.370546]]}},{"type":"Feature","properties":{"id":203112458,"highway":"primary"},"geometry":{"type":"LineString","coordinates":[[140.104691,36.3707],[140.104736,36.370546]]}},{"type":"Feature","properties":{"id":214846372,"highway":"residential"},"geometry":{"type":"LineString","coordinates":[[140.14035,36.377748],[140.140377,36.377698],[140.14039,36.377672],[140.14039,36.377231],[140.140412,36.377188],[140.140446,36.377139],[140.140478,36.377113],[140.140524,36.377091],[140.140557,36.377078],[140.140572,36.377062],[140.140578,36.376786],[140.140627,36.376734],[140.14066,36.376679],[140.140668,36.37662],[140.140653,36.376504],[140.140629,36.376417],[140.140607,36.376364],[140.14058,36.376341],[140.140524,36.376326],[140.14053,36.376079]]}},{"type":"Feature","properties":{"id":216090735,"highway":"unclassified"},"geometry":{"type":"LineString","coordinates":[[140.194282,36.342651],[140.19429,36.342236]]}},{"type":"Feature","properties":{"id":216098668,"highway":"tertiary"},"geometry":{"type":"LineString","coordinates":[[140.187875,36.346482],[140.188543,36.345822],[140.18869,36.345657],[140.18873,36.345486],[140.18869,36.345303],[140.188234,36.344626],[140.188178,36.3445],[140.188138,36.34438],[140.188129,36.34426],[140.188133,36.344162],[140.188149,36.344083],[140.188168,36.344024],[140.188221,36.343897],[140.188273,36.343806],[140.18833,36.343732],[140.188806,36.34322]]}},{"type":"Feature","properties":{"id":216098671,"highway":"service"},"geometry":{"type":"LineString","coordinates":[[140.164455,36.342678],[140.164505,36.34264],[140.164575,36.342566],[140.164689,36.342471],[140.164778,36.342382],[140.164803,36.342323],[140.164844,36.342136],[140.164977,36.341739],[140.165017,36.341551],[140.165017,36.341396],[140.164991,36.341198],[140.164929,36.340918],[140.164903,36.340624],[140.16487,36.340435],[140.164793,36.340137],[140.164759,36.33991],[140.164748,36.339652],[140.164767,36.339489],[140.1648,36.339399],[140.164888,36.339237],[140.164951,36.339112],[140.164991,36.338969],[140.165013,36.338795],[140.164999,36.338612],[140.164947,36.338504],[140.1648,36.338335],[140.164774,36.338272],[140.164774,36.338206],[140.164811,36.33803],[140.164866,36.337687],[140.164907,36.337588],[140.165014,36.337437],[140.165179,36.337129],[140.165364,36.33686],[140.165664,36.3365]]}},{"type":"Feature","properties":{"id":310028534,"highway":"residential"},"geometry":{"type":"LineString","coordinates":[[140.179232,36.346505],[140.179191,36.346375],[140.179121,36.346274],[140.178745,36.345914],[140.17855,36.3457],[140.178488,36.345593],[140.178333,36.345251],[140.178307,36.345194]]}},{"type":"Feature","properties":{"id":310028535,"highway":"unclassified"},"geometry":{"type":"LineString","coordinates":[[140.17189,36.346252],[140.171956,36.34635],[140.172064,36.346637],[140.17262,36.346482],[140.173014,36.34648],[140.173335,36.346473],[140.173509,36.346475],[140.173631,36.346488],[140.173749,36.346517],[140.173863,36.346559],[140.174087,36.346695],[140.174262,36.346805],[140.174382,36.346854],[140.174508,36.346891],[140.17464,36.346913],[140.174784,36.346915],[140.17501,36.346903],[140.175167,36.346883],[140.175325,36.346854],[140.175746,36.346721],[140.175928,36.346652],[140.176156,36.346562],[140.176342,36.346462],[140.176678,36.346288],[140.176867,36.346192],[140.177001,36.346206]]}},{"type":"Feature","properties":{"id":310028541,"highway":"tertiary"},"geometry":{"type":"LineString","coordinates":[[140.152183,36.354188],[140.152377,36.355072]]}},{"type":"Feature","properties":{"id":310028542,"highway":"tertiary"},"geometry":{"type":"LineString","coordinates":[[140.152163,36.354092],[140.152183,36.354188]]}},{"type":"Feature","properties":{"id":310028545,"highway":"residential"},"geometry":{"type":"LineString","coordinates":[[140.143988,36.354359],[140.144047,36.354352],[140.144124,36.354368],[140.14422,36.354389],[140.144292,36.354383],[140.144361,36.35437],[140.144428,36.354344],[140.144488,36.354304],[140.144535,36.354259],[140.144562,36.354211],[140.144606,36.354137],[140.144664,36.354087],[140.144747,36.354053],[140.144908,36.354017],[140.145163,36.353949]]}},{"type":"Feature","properties":{"id":310028549,"highway":"trunk"},"geometry":{"type":"LineString","coordinates":[[140.145628,36.3579],[140.145707,36.357896],[140.146342,36.357878],[140.146479,36.357875],[140.14866,36.357815],[140.151025,36.357756],[140.15196,36.357732],[140.152062,36.35773],[140.152252,36.357727],[140.153846,36.357686],[140.154321,36.357652],[140.154757,36.357609],[140.155278,36.357526],[140.155934,36.357365],[140.156373,36.357236],[140.156814,36.35708],[140.157398,36.356831],[140.157993,36.356523],[140.159053,36.355815],[140.159226,36.355697],[140.160832,36.354572],[140.162149,36.35365],[140.163005,36.353056],[140.16453,36.35197],[140.16498,36.351624],[140.165463,36.351205],[140.166341,36.350461],[140.166496,36.350344],[140.166803,36.350143],[140.166976,36.350038],[140.167285,36.349874],[140.167716,36.349677],[140.16811,36.349544],[140.168422,36.349449],[140.168754,36.349369],[140.169067,36.34931],[140.169384,36.349258],[140.169725,36.349227],[140.170564,36.349182],[140.171458,36.34917],[140.171991,36.349183],[140.172372,36.349205],[140.172686,36.349234],[140.172921,36.349265],[140.173161,36.349302],[140.173526,36.349368],[140.17381,36.34943],[140.174535,36.349611],[140.175984,36.349999],[140.177452,36.350392]]}},{"type":"Feature","properties":{"id":310028550,"highway":"trunk"},"geometry":{"type":"LineString","coordinates":[[140.145367,36.357906],[140.145628,36.3579]]}},{"type":"Feature","properties":{"id":310028551,"highway":"service"},"geometry":{"type":"LineString","coordinates":[[140.143494,36.355638],[140.143507,36.355609],[140.143505,36.355552],[140.143482,36.355502],[140.143421,36.355482],[140.14336,36.355502],[140.14333,36.355545],[140.143314,36.355575]]}},{"type":"Feature","properties":{"id":310028553,"highway":"service"},"geometry":{"type":"LineString","coordinates":[[140.143482,36.355502],[140.143657,36.355444],[140.144217,36.355372]]}},{"type":"Feature","properties":{"id":310028566,"highway":"tertiary"},"geometry":{"type":"LineString","coordinates":[[140.143793,36.358296],[140.143851,36.358476]]}},{"type":"Feature","properties":{"id":310028567,"highway":"tertiary"},"geometry":{"type":"LineString","coordinates":[[140.143851,36.358476],[140.143864,36.358505],[140.144106,36.359065],[140.144384,36.359709]]}},{"type":"Feature","properties":{"id":310028568,"highway":"residential"},"geometry":{"type":"LineString","coordinates":[[140.143864,36.358505],[140.143434,36.358566],[140.142821,36.358654],[140.142301,36.358724],[140.141982,36.358752],[140.141619,36.358793]]}},{"type":"Feature","properties":{"id":310028573,"highway":"unclassified"},"geometry":{"type":"LineString","coordinates":[[140.134488,36.361025],[140.134527,36.361041],[140.134638,36.361077],[140.135311,36.361184],[140.135774,36.361257],[140.136075,36.361308],[140.136631,36.361409],[140.136779,36.361433],[140.13691,36.361451],[140.137324,36.361481],[140.14003,36.361604],[140.140107,36.361605],[140.140283,36.361612],[140.140415,36.361608],[140.140541,36.361598],[140.14073,36.361569],[140.140926,36.361526],[140.141101,36.361486],[140.141254,36.361437],[140.141494,36.361344],[140.1416,36.361298],[140.141776,36.361221],[140.142201,36.361042],[140.142363,36.360959],[140.142539,36.360853],[140.142666,36.360769],[140.142806,36.360653],[140.142889,36.360592],[140.142971,36.360547],[140.143086,36.360513],[140.143324,36.36046],[140.143426,36.360434],[140.143509,36.360381],[140.143574,36.360329],[140.143705,36.360201],[140.143834,36.360029],[140.143895,36.359961],[140.144012,36.359867],[140.14409,36.359811],[140.144179,36.35977],[140.144384,36.359709]]}},{"type":"Feature","properties":{"id":310028575,"highway":"tertiary"},"geometry":{"type":"LineString","coordinates":[[140.134241,36.360911],[140.134488,36.361025]]}},{"type":"Feature","properties":{"id":310028586,"highway":"residential"},"geometry":{"type":"LineString","coordinates":[[140.109653,36.364606],[140.109832,36.364733],[140.110373,36.364611],[140.111067,36.364412],[140.111938,36.364122],[140.112063,36.364018],[140.112095,36.363892]]}},{"type":"Feature","properties":{"id":310028587,"highway":"unclassified"},"geometry":{"type":"LineString","coordinates":[[140.109815,36.365918],[140.110351,36.366028]]}},{"type":"Feature","properties":{"id":310028588,"highway":"residential"},"geometry":{"type":"LineString","coordinates":[[140.107782,36.365497],[140.108613,36.365667],[140.109214,36.36579]]}},{"type":"Feature","properties":{"id":310028589,"highway":"residential"},"geometry":{"type":"LineString","coordinates":[[140.113575,36.363822],[140.11375,36.364217],[140.113833,36.364543]]}},{"type":"Feature","properties":{"id":310028590,"highway":"residential"},"geometry":{"type":"LineString","coordinates":[[140.11375,36.364217],[140.115241,36.363642],[140.116433,36.363194],[140.117389,36.362834]]}},{"type":"Feature","properties":{"id":310028591,"highway":"residential"},"geometry":{"type":"LineString","coordinates":[[140.113945,36.365011],[140.113833,36.364543]]}},{"type":"Feature","properties":{"id":310028592,"highway":"residential"},"geometry":{"type":"LineString","coordinates":[[140.104819,36.370284],[140.104457,36.370109],[140.104379,36.370066],[140.104048,36.369896],[140.103779,36.369784]]}},{"type":"Feature","properties":{"id":310028593,"highway":"residential"},"geometry":{"type":"LineString","coordinates":[[140.104048,36.369896],[140.104163,36.369355],[140.104211,36.369336],[140.104561,36.369336],[140.104457,36.370109]]}},{"type":"Feature","properties":{"id":310028594,"highway":"residential"},"geometry":{"type":"LineString","coordinates":[[140.1031,36.368559],[140.103284,36.368938],[140.103798,36.368787],[140.104182,36.369088]]}},{"type":"Feature","properties":{"id":310028595,"highway":"residential"},"geometry":{"type":"LineString","coordinates":[[140.108532,36.368139],[140.108588,36.367531]]}},{"type":"Feature","properties":{"id":310028596,"highway":"residential"},"geometry":{"type":"LineString","coordinates":[[140.115777,36.366631],[140.115473,36.365657]]}},{"type":"Feature","properties":{"id":310028597,"highway":"residential"},"geometry":{"type":"LineString","coordinates":[[140.116188,36.365772],[140.116791,36.365648]]}},{"type":"Feature","properties":{"id":310028598,"highway":"residential"},"geometry":{"type":"LineString","coordinates":[[140.11672,36.365414],[140.118074,36.364995]]}},{"type":"Feature","properties":{"id":310028599,"highway":"residential"},"geometry":{"type":"LineString","coordinates":[[140.117405,36.366375],[140.117413,36.365733],[140.117408,36.365683]]}},{"type":"Feature","properties":{"id":310028602,"highway":"unclassified"},"geometry":{"type":"LineString","coordinates":[[140.137264,36.356326],[140.136435,36.356347],[140.136259,36.356346],[140.135286,36.356306],[140.135197,36.356309],[140.135065,36.35632],[140.134737,36.356364]]}},{"type":"Feature","properties":{"id":310028603,"highway":"residential"},"geometry":{"type":"LineString","coordinates":[[140.135926,36.354149],[140.135744,36.354797],[140.135694,36.354926],[140.135356,36.355016],[140.135001,36.354964]]}},{"type":"Feature","properties":{"id":310042461,"highway":"service"},"geometry":{"type":"LineString","coordinates":[[140.147691,36.356293],[140.147735,36.356958],[140.147743,36.357155]]}},{"type":"Feature","properties":{"id":310042466,"highway":"service"},"geometry":{"type":"LineString","coordinates":[[140.146317,36.35746],[140.146363,36.357462],[140.146379,36.357463],[140.146442,36.357441],[140.146487,36.357463],[140.146607,36.357467],[140.146672,36.357516],[140.147575,36.357485]]}},{"type":"Feature","properties":{"id":310042477,"highway":"service"},"geometry":{"type":"LineString","coordinates":[[140.148501,36.356249],[140.148558,36.35666],[140.148551,36.356822]]}},{"type":"Feature","properties":{"id":310042480,"highway":"residential"},"geometry":{"type":"LineString","coordinates":[[140.1449,36.35327],[140.144883,36.352991],[140.144858,36.352782],[140.144833,36.352427]]}},{"type":"Feature","properties":{"id":310042481,"highway":"residential"},"geometry":{"type":"LineString","coordinates":[[140.145262,36.350312],[140.145205,36.350273],[140.14511,36.350262],[140.14466,36.350264],[140.143935,36.350326],[140.143818,36.350318],[140.143681,36.35024],[140.143589,36.350236],[140.143153,36.350342],[140.142706,36.350458]]}},{"type":"Feature","properties":{"id":310042482,"highway":"residential"},"geometry":{"type":"LineString","coordinates":[[140.143863,36.35172],[140.143625,36.351773],[140.143164,36.351885],[140.142717,36.352079],[140.142661,36.352103],[140.1425,36.352189],[140.14184,36.352349]]}},{"type":"Feature","properties":{"id":310042483,"highway":"residential"},"geometry":{"type":"LineString","coordinates":[[140.141229,36.353484],[140.141819,36.353098]]}},{"type":"Feature","properties":{"id":310042484,"highway":"residential"},"geometry":{"type":"LineString","coordinates":[[140.141984,36.352843],[140.142611,36.352707],[140.142676,36.352677],[140.142743,36.352543],[140.142762,36.352393],[140.142717,36.352079]]}},{"type":"Feature","properties":{"id":310042485,"highway":"residential"},"geometry":{"type":"LineString","coordinates":[[140.141942,36.350235],[140.142097,36.350288],[140.142325,36.350376],[140.142518,36.350359],[140.142619,36.350321]]}},{"type":"Feature","properties":{"id":310042486,"highway":"residential"},"geometry":{"type":"LineString","coordinates":[[140.151806,36.347515],[140.151261,36.347535]]}},{"type":"Feature","properties":{"id":310042487,"highway":"residential"},"geometry":{"type":"LineString","coordinates":[[140.153063,36.346134],[140.153242,36.345896]]}},{"type":"Feature","properties":{"id":310042488,"highway":"residential"},"geometry":{"type":"LineString","coordinates":[[140.153242,36.345896],[140.153294,36.345827]]}},{"type":"Feature","properties":{"id":310042489,"highway":"residential"},"geometry":{"type":"LineString","coordinates":[[140.154339,36.346847],[140.154368,36.346779]]}},{"type":"Feature","properties":{"id":310042490,"highway":"residential"},"geometry":{"type":"LineString","coordinates":[[140.154368,36.346779],[140.154577,36.34645]]}},{"type":"Feature","properties":{"id":310042491,"highway":"residential"},"geometry":{"type":"LineString","coordinates":[[140.154577,36.34645],[140.15461,36.346399]]}},{"type":"Feature","properties":{"id":310042492,"highway":"residential"},"geometry":{"type":"LineString","coordinates":[[140.156063,36.346958],[140.15602,36.347038]]}},{"type":"Feature","properties":{"id":310042493,"highway":"residential"},"geometry":{"type":"LineString","coordinates":[[140.15602,36.347038],[140.155805,36.347324]]}},{"type":"Feature","properties":{"id":310042494,"highway":"residential"},"geometry":{"type":"LineString","coordinates":[[140.155805,36.347324],[140.155715,36.347391]]}},{"type":"Feature","properties":{"id":310042495,"highway":"residential"},"geometry":{"type":"LineString","coordinates":[[140.155715,36.347391],[140.155432,36.347773],[140.155186,36.348153],[140.154909,36.348586]]}},{"type":"Feature","properties":{"id":310042496,"highway":"residential"},"geometry":{"type":"LineString","coordinates":[[140.153082,36.347704],[140.152963,36.347935],[140.152905,36.348223],[140.152862,36.348499]]}},{"type":"Feature","properties":{"id":310042498,"highway":"residential"},"geometry":{"type":"LineString","coordinates":[[140.156063,36.346958],[140.15616,36.346717],[140.156239,36.346412],[140.156386,36.345614]]}},{"type":"Feature","properties":{"id":310042499,"highway":"residential"},"geometry":{"type":"LineString","coordinates":[[140.156386,36.345614],[140.156453,36.34523],[140.156534,36.344734],[140.15662,36.344325]]}},{"type":"Feature","properties":{"id":310048342,"highway":"unclassified"},"geometry":{"type":"LineString","coordinates":[[140.145866,36.361368],[140.145614,36.361204],[140.145758,36.361055],[140.145799,36.361],[140.145843,36.360936],[140.145888,36.360793],[140.145951,36.360686],[140.145952,36.360622],[140.145872,36.360544]]}},{"type":"Feature","properties":{"id":310048343,"highway":"residential"},"geometry":{"type":"LineString","coordinates":[[140.137259,36.362404],[140.137263,36.362067],[140.137323,36.362044],[140.13753,36.362047],[140.13798,36.361853],[140.138093,36.361824],[140.138305,36.361805],[140.138384,36.36179],[140.138571,36.361764],[140.138863,36.361765],[140.13918,36.361756],[140.139453,36.361766],[140.139598,36.361751],[140.13993,36.361678],[140.14003,36.361604]]}},{"type":"Feature","properties":{"id":310048344,"highway":"unclassified"},"geometry":{"type":"LineString","coordinates":[[140.144767,36.360747],[140.144475,36.360841],[140.144211,36.360965],[140.144022,36.361073],[140.143784,36.36125],[140.143624,36.361326],[140.14329,36.361492],[140.143069,36.361591],[140.142919,36.361669],[140.14266,36.361774],[140.141938,36.362017],[140.141852,36.362045],[140.141699,36.362089],[140.141579,36.362133],[140.141724,36.362408]]}},{"type":"Feature","properties":{"id":310048345,"highway":"residential"},"geometry":{"type":"LineString","coordinates":[[140.138316,36.359742],[140.138737,36.359736]]}},{"type":"Feature","properties":{"id":310048346,"highway":"unclassified"},"geometry":{"type":"LineString","coordinates":[[140.136257,36.358328],[140.136162,36.357801],[140.13624,36.357662],[140.13626,36.357583],[140.136242,36.357521],[140.136245,36.357453],[140.136307,36.357303],[140.136405,36.357257],[140.136481,36.357223],[140.136492,36.357175],[140.136446,36.356727],[140.13643,36.356392],[140.136435,36.356347]]}},{"type":"Feature","properties":{"id":313579670,"highway":"unclassified"},"geometry":{"type":"LineString","coordinates":[[140.178631,36.34455],[140.178502,36.344284]]}},{"type":"Feature","properties":{"id":313582379,"highway":"unclassified"},"geometry":{"type":"LineString","coordinates":[[140.180634,36.344073],[140.180542,36.343803]]}},{"type":"Feature","properties":{"id":313582380,"highway":"unclassified"},"geometry":{"type":"LineString","coordinates":[[140.183806,36.343092],[140.183869,36.343341]]}},{"type":"Feature","properties":{"id":313582381,"highway":"unclassified"},"geometry":{"type":"LineString","coordinates":[[140.181089,36.343969],[140.181171,36.344184],[140.181314,36.344395],[140.18147,36.34444],[140.181678,36.344425],[140.181783,36.344489],[140.181865,36.344626]]}},{"type":"Feature","properties":{"id":313582944,"highway":"service"},"geometry":{"type":"LineString","coordinates":[[140.105817,36.349558],[140.105862,36.349626]]}},{"type":"Feature","properties":{"id":313582945,"highway":"service"},"geometry":{"type":"LineString","coordinates":[[140.10561,36.349298],[140.105817,36.349558]]}},{"type":"Feature","properties":{"id":313588300,"highway":"unclassified"},"geometry":{"type":"LineString","coordinates":[[140.197793,36.342791],[140.197188,36.342413]]}},{"type":"Feature","properties":{"id":313588301,"highway":"unclassified"},"geometry":{"type":"LineString","coordinates":[[140.197188,36.342413],[140.196286,36.341897],[140.195931,36.34165],[140.195616,36.341492]]}},{"type":"Feature","properties":{"id":316784428,"highway":"secondary"},"geometry":{"type":"LineString","coordinates":[[140.15583,36.418043],[140.155962,36.416744],[140.156067,36.415821],[140.156188,36.414864],[140.156253,36.414405],[140.156268,36.414125],[140.156249,36.41402],[140.156219,36.413907],[140.156138,36.413715],[140.156016,36.413526],[140.155646,36.412928],[140.155545,36.412735],[140.155507,36.412549],[140.155491,36.411202],[140.155484,36.410826],[140.155457,36.410198],[140.155408,36.409513],[140.15538,36.409286],[140.155319,36.409146],[140.155166,36.408954],[140.154914,36.408729],[140.154403,36.408286],[140.154257,36.408104],[140.154149,36.407879],[140.154044,36.407482],[140.15396,36.407164],[140.153872,36.406786],[140.153819,36.406561],[140.153741,36.406345],[140.153711,36.406267],[140.153601,36.406115],[140.153527,36.40602],[140.153213,36.405762],[140.152655,36.405427],[140.152128,36.405099],[140.151973,36.40494],[140.151895,36.404795],[140.15188,36.40467],[140.151901,36.404456],[140.151903,36.404255],[140.151825,36.403407],[140.151756,36.403281],[140.151679,36.40318],[140.151631,36.403149],[140.151542,36.403114],[140.151311,36.403089],[140.150901,36.403065],[140.150763,36.403058],[140.150648,36.403014],[140.150549,36.402878],[140.150274,36.40257],[140.150225,36.402426],[140.150204,36.402221],[140.150123,36.402022],[140.150113,36.401933],[140.150155,36.401879],[140.150349,36.40177],[140.150387,36.401708],[140.150367,36.40161],[140.150305,36.40156],[140.150206,36.401515],[140.150069,36.401513],[140.149891,36.401557],[140.14974,36.401641],[140.149612,36.401812],[140.149455,36.401982],[140.149384,36.402062],[140.149276,36.402123],[140.149163,36.40215],[140.149029,36.402132],[140.148912,36.40209],[140.148856,36.402025],[140.148772,36.401954],[140.148594,36.40187],[140.14838,36.401781],[140.148102,36.401693],[140.14794,36.401649],[140.147746,36.401574],[140.147667,36.401477],[140.147609,36.401357],[140.147647,36.401254],[140.147683,36.401155],[140.147915,36.401007],[140.148105,36.400931],[140.14818,36.400891],[140.148203,36.400815],[140.148158,36.40072],[140.148086,36.400678],[140.147976,36.400675],[140.147843,36.400736],[140.147698,36.40084],[140.147412,36.401124],[140.147267,36.401303],[140.147214,36.401614],[140.147092,36.401705],[140.146961,36.401771],[140.146847,36.401792],[140.146265,36.401697],[140.145444,36.401552],[140.144801,36.401366],[140.143653,36.401004],[140.143296,36.400887],[140.143031,36.400834],[140.141296,36.400745],[140.14114,36.400771],[140.140973,36.400845],[140.140836,36.400974],[140.140682,36.401166],[140.140514,36.4013],[140.140368,36.401378],[140.140019,36.401463],[140.139178,36.401627],[140.137862,36.401896],[140.13684,36.402107],[140.136526,36.402164],[140.136296,36.402195],[140.1361,36.402177],[140.13575,36.402088],[140.134694,36.401788],[140.134149,36.401639],[140.132653,36.401206],[140.131881,36.401013],[140.131623,36.400926],[140.131272,36.400778],[140.131035,36.400636],[140.129643,36.399624]]}},{"type":"Feature","properties":{"id":316784431,"highway":"secondary"},"geometry":{"type":"LineString","coordinates":[[140.1325,36.383756],[140.132613,36.383711],[140.133159,36.383503],[140.13342,36.383395],[140.133879,36.383198],[140.134061,36.383109],[140.134257,36.383001],[140.134437,36.382877],[140.134638,36.382725],[140.134823,36.382561],[140.134959,36.382414],[140.135155,36.382172],[140.136003,36.381091],[140.13612,36.380963],[140.136269,36.380826],[140.136474,36.38069],[140.136705,36.380568],[140.137073,36.380357],[140.137893,36.379909],[140.138274,36.37972],[140.138645,36.379523],[140.139491,36.379094],[140.139677,36.37901],[140.139776,36.378971],[140.140113,36.378844],[140.140415,36.378749],[140.14082,36.37865],[140.141438,36.378521],[140.141584,36.378492],[140.142066,36.378392],[140.142191,36.378357],[140.142302,36.378313],[140.142466,36.378225],[140.142587,36.378168],[140.142762,36.378095]]}},{"type":"Feature","properties":{"id":318483684,"highway":"tertiary"},"geometry":{"type":"LineString","coordinates":[[140.106351,36.363861],[140.106413,36.364099],[140.106477,36.36438],[140.106519,36.364571],[140.106529,36.364619],[140.106556,36.364746]]}},{"type":"Feature","properties":{"id":318483688,"highway":"unclassified"},"geometry":{"type":"LineString","coordinates":[[140.11135,36.361207],[140.111323,36.361121],[140.111215,36.360833],[140.111174,36.360677],[140.110971,36.359992]]}},{"type":"Feature","properties":{"id":318483691,"highway":"trunk"},"geometry":{"type":"LineString","coordinates":[[140.124371,36.359374],[140.124559,36.359323],[140.125041,36.359201],[140.125702,36.359087],[140.126674,36.358968],[140.12726,36.358921],[140.128593,36.35882],[140.128963,36.358794],[140.129469,36.358755],[140.131043,36.358634],[140.131461,36.358613],[140.133447,36.358476],[140.134592,36.358431],[140.136257,36.358328],[140.13812,36.358247],[140.139995,36.358143],[140.141542,36.358056],[140.143727,36.35794],[140.144128,36.357935],[140.144467,36.35793],[140.145301,36.357909],[140.145367,36.357906]]}},{"type":"Feature","properties":{"id":318505867,"highway":"primary"},"geometry":{"type":"LineString","coordinates":[[140.112178,36.303832],[140.112192,36.304086],[140.112213,36.304301],[140.112272,36.304623],[140.112344,36.304959],[140.112387,36.305181],[140.112449,36.305495],[140.112582,36.306147],[140.112602,36.306239],[140.112755,36.30699],[140.112863,36.307541],[140.112905,36.307907],[140.112918,36.308194],[140.112924,36.308478],[140.112922,36.308698],[140.11291,36.308939],[140.112886,36.309199],[140.112762,36.309999],[140.11264,36.310783],[140.112592,36.31109],[140.1124,36.312372],[140.112363,36.312608],[140.112331,36.312806],[140.112288,36.312988],[140.112223,36.313202],[140.11215,36.313384],[140.112087,36.313528],[140.111987,36.313725],[140.111857,36.313947],[140.111692,36.314194],[140.111523,36.314403],[140.111334,36.314617],[140.110886,36.315069],[140.110589,36.315356],[140.110316,36.315629],[140.110017,36.315937],[140.109801,36.316175],[140.109639,36.31638],[140.109457,36.316629],[140.109285,36.316873],[140.109103,36.317166],[140.108966,36.317408],[140.108619,36.318005],[140.108361,36.318456],[140.108292,36.318575],[140.107962,36.319152],[140.107464,36.320018],[140.106863,36.32106],[140.106751,36.321259],[140.106658,36.321453],[140.106597,36.32161],[140.106567,36.321728],[140.106546,36.321861],[140.106531,36.322038],[140.106526,36.322184],[140.106536,36.322346],[140.106555,36.322545],[140.10663,36.323074],[140.106662,36.323314],[140.106683,36.323484],[140.106687,36.323581],[140.106691,36.323655],[140.106695,36.323799],[140.106685,36.323944],[140.106665,36.324098],[140.106585,36.324624],[140.106556,36.32488],[140.106547,36.325093],[140.106554,36.325386],[140.106564,36.325527],[140.106578,36.325674],[140.106615,36.325872],[140.106661,36.326054],[140.106729,36.32626],[140.107215,36.327536],[140.107238,36.327597],[140.107399,36.328061],[140.107596,36.328662],[140.107642,36.328854],[140.107669,36.328991],[140.107686,36.329134],[140.107675,36.329314],[140.107655,36.329494],[140.107625,36.329651],[140.107568,36.329806],[140.107494,36.330001],[140.107401,36.330216],[140.107308,36.330422],[140.107205,36.330594],[140.107087,36.330749],[140.10697,36.330892],[140.106821,36.331028],[140.106568,36.331252],[140.105892,36.331881],[140.105512,36.332217],[140.104944,36.332724],[140.104712,36.33294],[140.104563,36.333104],[140.104448,36.333252],[140.104353,36.333393],[140.104324,36.333445],[140.10426,36.333563],[140.104171,36.333736],[140.103806,36.334778],[140.10326,36.336286],[140.103036,36.336923],[140.102482,36.338468],[140.102288,36.339024],[140.102176,36.339396],[140.102122,36.339632],[140.102086,36.33991],[140.102063,36.340185],[140.102063,36.340372],[140.102068,36.340628],[140.102139,36.341624],[140.102189,36.342063],[140.102224,36.342274],[140.102263,36.342431],[140.102339,36.342646],[140.102401,36.342812],[140.102491,36.342998],[140.102955,36.343846],[140.103015,36.344005],[140.103075,36.344218],[140.103122,36.344451],[140.103136,36.344647],[140.103133,36.34481],[140.103118,36.344955],[140.103104,36.345079],[140.103077,36.345224],[140.10304,36.345378],[140.102954,36.345626],[140.102884,36.34576],[140.102773,36.345973],[140.102663,36.346167],[140.101265,36.348303],[140.100466,36.349548],[140.100438,36.349595],[140.099593,36.350921],[140.098779,36.352175],[140.098212,36.35306],[140.097742,36.353792],[140.097134,36.354746],[140.097115,36.354779],[140.096918,36.355098],[140.096813,36.355279],[140.096715,36.355463],[140.096544,36.355821],[140.096421,36.356092],[140.096314,36.356368]]}},{"type":"Feature","properties":{"id":318507337,"highway":"unclassified"},"geometry":{"type":"LineString","coordinates":[[140.186689,36.351842],[140.186545,36.351681],[140.186373,36.351454],[140.186286,36.351379],[140.186201,36.351333],[140.185976,36.351254],[140.185739,36.351206],[140.185598,36.351166],[140.185402,36.351086],[140.185201,36.350998],[140.185029,36.35093],[140.18457,36.35077],[140.184103,36.35062],[140.1828,36.350175],[140.181373,36.34968],[140.180441,36.349359],[140.18025,36.349295],[140.180097,36.349263],[140.179853,36.349235],[140.179592,36.349207],[140.179441,36.349175],[140.179242,36.349116],[140.179032,36.349036],[140.178877,36.348978],[140.178802,36.348945],[140.178609,36.348836],[140.178554,36.348802],[140.178379,36.348719],[140.1782,36.348661],[140.177903,36.348587],[140.177804,36.348544]]}},{"type":"Feature","properties":{"id":318507338,"highway":"secondary"},"geometry":{"type":"LineString","coordinates":[[140.186689,36.351842],[140.187004,36.352116],[140.187124,36.352201],[140.187289,36.35227],[140.18851,36.35271],[140.188723,36.352793],[140.188843,36.352847],[140.188923,36.352896],[140.188979,36.352955],[140.189015,36.353013],[140.189054,36.353095],[140.189087,36.353299],[140.189131,36.353412],[140.189201,36.353528],[140.189314,36.353747],[140.189469,36.354004],[140.189519,36.35411],[140.189638,36.354433],[140.189669,36.35449],[140.189693,36.354521],[140.189744,36.354573],[140.189814,36.354625],[140.189922,36.354726],[140.190069,36.354881],[140.190241,36.355094],[140.190579,36.355422],[140.190957,36.355763],[140.191123,36.355907],[140.191349,36.356046],[140.191599,36.356228],[140.191762,36.356334],[140.191916,36.356397],[140.192488,36.356588],[140.192695,36.356645],[140.192801,36.356693],[140.192955,36.356811],[140.193084,36.356918],[140.193509,36.357177],[140.193709,36.357297],[140.194087,36.357481],[140.194417,36.35761],[140.194931,36.357793],[140.195933,36.358147],[140.196105,36.3582],[140.196186,36.358215],[140.196225,36.358214],[140.196278,36.358205],[140.196369,36.358172]]}},{"type":"Feature","properties":{"id":328080406,"highway":"residential"},"geometry":{"type":"LineString","coordinates":[[140.142567,36.34973],[140.143827,36.349839],[140.143887,36.349827],[140.143924,36.349784],[140.144032,36.34924],[140.144069,36.349214],[140.144584,36.349101]]}},{"type":"Feature","properties":{"id":328080407,"highway":"secondary"},"geometry":{"type":"LineString","coordinates":[[140.144384,36.359709],[140.145199,36.359414],[140.145279,36.359378],[140.145474,36.359243],[140.145659,36.35912],[140.14576,36.359062],[140.145871,36.359012],[140.145988,36.358981],[140.146133,36.358948],[140.146263,36.358922],[140.14639,36.35892],[140.146636,36.358931]]}},{"type":"Feature","properties":{"id":328080408,"highway":"secondary"},"geometry":{"type":"LineString","coordinates":[[140.144384,36.359709],[140.144767,36.360747],[140.145049,36.361524],[140.145133,36.361748],[140.145208,36.361976],[140.145619,36.363093],[140.145637,36.363177],[140.14566,36.36331],[140.145675,36.363417],[140.145683,36.36363],[140.145676,36.36379],[140.145662,36.363926],[140.145648,36.364027],[140.145553,36.364338],[140.145518,36.364453],[140.145342,36.365032],[140.145108,36.365873],[140.145099,36.365903],[140.145044,36.366115],[140.144596,36.368137],[140.144507,36.368563],[140.144438,36.368862],[140.144336,36.369204],[140.144232,36.36953],[140.144071,36.369911],[140.143739,36.370546],[140.143347,36.371109],[140.142926,36.371719],[140.142816,36.371932],[140.142721,36.372168],[140.142651,36.372401],[140.142629,36.372489],[140.142609,36.372629],[140.142588,36.372785],[140.142569,36.373027],[140.142569,36.37306],[140.142567,36.373091]]}},{"type":"Feature","properties":{"id":328080409,"highway":"primary"},"geometry":{"type":"LineString","coordinates":[[140.173477,36.314833],[140.173243,36.315187],[140.172098,36.317018],[140.171803,36.317505],[140.171561,36.317863],[140.171491,36.31795],[140.171422,36.318035],[140.17128,36.318184],[140.171062,36.318341],[140.170876,36.318443],[140.170668,36.318531],[140.170472,36.318574],[140.170022,36.318626],[140.169681,36.318654],[140.16931,36.318649],[140.168996,36.318626],[140.168751,36.318603],[140.168628,36.318618],[140.168437,36.318659],[140.168159,36.318799],[140.167818,36.31893],[140.1673,36.319072],[140.16712,36.319199],[140.167093,36.319305],[140.167022,36.319517],[140.166963,36.320178],[140.166976,36.321388],[140.166983,36.321995],[140.166996,36.322271],[140.16703,36.3224],[140.167148,36.322563],[140.167665,36.323046],[140.168394,36.323747],[140.168589,36.323953],[140.168672,36.324074],[140.168698,36.324245],[140.168684,36.324444],[140.168637,36.3247],[140.168249,36.32595],[140.168195,36.326081],[140.167918,36.326628],[140.167781,36.32685],[140.167528,36.32719],[140.167164,36.32785],[140.166994,36.328185],[140.16692,36.328405],[140.166863,36.32862],[140.166849,36.328792],[140.166863,36.329001],[140.166906,36.329226],[140.166955,36.329512],[140.166997,36.329799],[140.167014,36.329975],[140.16705,36.330094],[140.167142,36.330352],[140.1672,36.330501]]}},{"type":"Feature","properties":{"id":328080410,"highway":"tertiary"},"geometry":{"type":"LineString","coordinates":[[140.151771,36.336614],[140.151755,36.337189],[140.151787,36.339035],[140.151801,36.339986],[140.151837,36.341881],[140.15185,36.342745],[140.151881,36.344382],[140.151892,36.345071],[140.151902,36.345268],[140.151905,36.34552],[140.151919,36.346281],[140.151915,36.346632],[140.151901,36.346904],[140.151882,36.347093],[140.151806,36.347515],[140.151622,36.348374],[140.151442,36.349241],[140.151419,36.349486],[140.15141,36.349743],[140.151421,36.350174],[140.151427,36.350261],[140.151478,36.350647],[140.151581,36.351141],[140.151778,36.352123],[140.151977,36.353094],[140.152009,36.353277]]}},{"type":"Feature","properties":{"id":351164018,"highway":"service"},"geometry":{"type":"LineString","coordinates":[[140.113161,36.364307],[140.112599,36.364458]]}},{"type":"Feature","properties":{"id":351164064,"highway":"service"},"geometry":{"type":"LineString","coordinates":[[140.143687,36.357478],[140.144478,36.357475],[140.144468,36.357805],[140.144126,36.357808]]}},{"type":"Feature","properties":{"id":351164065,"highway":"service"},"geometry":{"type":"LineString","coordinates":[[140.144128,36.357935],[140.144127,36.357858],[140.144126,36.357808]]}},{"type":"Feature","properties":{"id":351164066,"highway":"service"},"geometry":{"type":"LineString","coordinates":[[140.144467,36.35793],[140.144468,36.357853],[140.144468,36.357805]]}},{"type":"Feature","properties":{"id":351176615,"highway":"service"},"geometry":{"type":"LineString","coordinates":[[140.149086,36.356166],[140.14906,36.356083],[140.148984,36.35571]]}},{"type":"Feature","properties":{"id":351176616,"highway":"service"},"geometry":{"type":"LineString","coordinates":[[140.14906,36.356083],[140.148866,36.356106],[140.148843,36.355986]]}},{"type":"Feature","properties":{"id":351264390,"highway":"residential"},"geometry":{"type":"LineString","coordinates":[[140.103639,36.352223],[140.104018,36.35215],[140.104407,36.352057],[140.10471,36.351942],[140.104847,36.351642],[140.104925,36.351558],[140.105032,36.351514],[140.105551,36.351422]]}},{"type":"Feature","properties":{"id":373279728,"highway":"secondary"},"geometry":{"type":"LineString","coordinates":[[140.128278,36.384867],[140.128406,36.384819],[140.128767,36.384651],[140.12904,36.384554],[140.129544,36.384433],[140.130383,36.384256],[140.130818,36.384164],[140.130887,36.384149],[140.131515,36.384017],[140.131817,36.38395],[140.132113,36.383876],[140.1325,36.383756]]}},{"type":"Feature","properties":{"id":373279730,"highway":"secondary"},"geometry":{"type":"LineString","coordinates":[[140.126301,36.384527],[140.126474,36.384462]]}},{"type":"Feature","properties":{"id":373303376,"highway":"tertiary"},"geometry":{"type":"LineString","coordinates":[[140.101723,36.317757],[140.101664,36.317558]]}},{"type":"Feature","properties":{"id":373303377,"highway":"unclassified"},"geometry":{"type":"LineString","coordinates":[[140.171926,36.365325],[140.172044,36.365298]]}},{"type":"Feature","properties":{"id":373303378,"highway":"unclassified"},"geometry":{"type":"LineString","coordinates":[[140.172044,36.365298],[140.172259,36.36524],[140.172373,36.365201]]}},{"type":"Feature","properties":{"id":373303379,"highway":"tertiary"},"geometry":{"type":"LineString","coordinates":[[140.101664,36.317558],[140.101576,36.317371],[140.101409,36.317154],[140.100992,36.316523],[140.100296,36.31547]]}},{"type":"Feature","properties":{"id":373417241,"highway":"trunk"},"geometry":{"type":"LineString","coordinates":[[140.098588,36.363434],[140.100207,36.363773],[140.101819,36.364101],[140.102002,36.364139]]}},{"type":"Feature","properties":{"id":373533060,"highway":"secondary"},"geometry":{"type":"LineString","coordinates":[[140.211528,36.373239],[140.211468,36.373293],[140.211375,36.373346],[140.210967,36.373538],[140.210654,36.373725],[140.21038,36.37394],[140.210133,36.374098],[140.209864,36.374306],[140.20968,36.374457],[140.209192,36.374855],[140.208954,36.374998],[140.208723,36.375123],[140.208443,36.375186],[140.2077,36.375358],[140.207472,36.375411],[140.207335,36.375421],[140.207058,36.37535],[140.206662,36.375184],[140.206021,36.374924],[140.205832,36.374832],[140.205453,36.374566],[140.205159,36.374439],[140.204902,36.374377],[140.204714,36.374363],[140.204305,36.374353],[140.204149,36.374322],[140.203778,36.374201],[140.203239,36.374118],[140.202996,36.374115],[140.202791,36.374149],[140.202149,36.37432],[140.201868,36.374367],[140.201436,36.374392],[140.20073,36.374395],[140.200458,36.374409],[140.200272,36.374449],[140.200062,36.374518],[140.199886,36.37455],[140.199713,36.374566],[140.199244,36.374539],[140.198341,36.374671],[140.197832,36.374768],[140.197089,36.374861],[140.196596,36.37486],[140.196261,36.374844],[140.195549,36.374795],[140.195231,36.374867],[140.194357,36.375095],[140.193955,36.375201],[140.19327,36.375215],[140.192574,36.375257],[140.19231,36.375277],[140.191435,36.375336],[140.191103,36.37537],[140.190747,36.375442],[140.19053,36.375534],[140.190298,36.375595],[140.190173,36.375615],[140.190004,36.375588],[140.189808,36.375614],[140.189744,36.375658],[140.189675,36.375809],[140.189551,36.376072],[140.189337,36.376381],[140.189095,36.376595],[140.187754,36.377162],[140.187563,36.377287],[140.187283,36.377678],[140.187143,36.378171],[140.187222,36.378545],[140.187231,36.378591],[140.187393,36.378886],[140.187504,36.379217],[140.187608,36.379646],[140.18762,36.379992],[140.187615,36.380217],[140.187517,36.380459],[140.187457,36.38053],[140.186897,36.3812],[140.186356,36.38183],[140.186122,36.382063],[140.185669,36.382618],[140.185411,36.382808],[140.185229,36.382995],[140.185069,36.383205],[140.184995,36.383283],[140.18492,36.383318],[140.184842,36.383349],[140.184774,36.383357],[140.184668,36.383365],[140.18437,36.383376],[140.183642,36.383323],[140.183142,36.383288],[140.182972,36.38326],[140.182737,36.383206],[140.182398,36.383099],[140.182204,36.383048],[140.182005,36.383012],[140.181811,36.382989],[140.1814,36.38297],[140.181165,36.382954],[140.180749,36.382906],[140.180572,36.382872],[140.180427,36.382828],[140.180311,36.382758],[140.179907,36.38247],[140.179704,36.382401],[140.179094,36.382278],[140.17889,36.382248],[140.178794,36.382235],[140.17866,36.38221],[140.178516,36.382167],[140.178297,36.382088],[140.178149,36.382014],[140.177994,36.381927],[140.177795,36.381853],[140.177582,36.3818],[140.177411,36.381776],[140.17717,36.38176],[140.176982,36.381749],[140.176834,36.381732],[140.176639,36.381696],[140.176425,36.381656],[140.176276,36.381619],[140.176016,36.381569],[140.175565,36.38148],[140.175444,36.381447],[140.175327,36.381412],[140.1752,36.381362],[140.175025,36.381284],[140.174906,36.381251],[140.174768,36.381218],[140.174556,36.381178],[140.174356,36.381147],[140.174005,36.381098],[140.173681,36.381069],[140.173453,36.38106],[140.173167,36.381058],[140.172713,36.381067],[140.172448,36.381078],[140.17228,36.381079],[140.172092,36.38106],[140.171916,36.381027],[140.171767,36.380988],[140.171188,36.380795],[140.171051,36.380755],[140.17094,36.380731],[140.17074,36.380697],[140.170546,36.380676],[140.170225,36.380651],[140.170113,36.380642],[140.169389,36.38058],[140.168697,36.380522],[140.168523,36.380498],[140.168319,36.380459],[140.168127,36.380407],[140.167985,36.380367],[140.167687,36.380267],[140.167516,36.380218],[140.167289,36.380164],[140.167059,36.380115],[140.166486,36.380016]]}},{"type":"Feature","properties":{"id":405403311,"highway":"primary"},"geometry":{"type":"LineString","coordinates":[[140.104691,36.3707],[140.104686,36.370733],[140.104629,36.370884],[140.104596,36.370962],[140.104536,36.371056]]}},{"type":"Feature","properties":{"id":405403312,"highway":"secondary"},"geometry":{"type":"LineString","coordinates":[[140.10321,36.375119],[140.103201,36.37531],[140.103206,36.37536],[140.103231,36.375396],[140.103273,36.375425],[140.103336,36.375455],[140.103423,36.375471],[140.103985,36.375517],[140.104453,36.375542],[140.104668,36.375566],[140.104851,36.375603],[140.105323,36.375677],[140.105639,36.375721],[140.106284,36.375803],[140.106764,36.37585],[140.10701,36.375867],[140.107327,36.375927],[140.107651,36.375996],[140.10783,36.37605],[140.107992,36.376112],[140.108287,36.376208]]}},{"type":"Feature","properties":{"id":405403313,"highway":"secondary"},"geometry":{"type":"LineString","coordinates":[[140.128091,36.38482],[140.128143,36.384844],[140.128208,36.384862],[140.128278,36.384867]]}},{"type":"Feature","properties":{"id":405403314,"highway":"secondary"},"geometry":{"type":"LineString","coordinates":[[140.126474,36.384462],[140.126514,36.384445],[140.126841,36.384322],[140.126986,36.384277],[140.127045,36.384266],[140.127093,36.384268],[140.127201,36.384336],[140.1275,36.384497],[140.127818,36.384677],[140.128091,36.38482]]}},{"type":"Feature","properties":{"id":405403315,"highway":"secondary"},"geometry":{"type":"LineString","coordinates":[[140.103771,36.372313],[140.10375,36.372341],[140.103733,36.372377],[140.103289,36.373874],[140.103265,36.373966],[140.103253,36.374041],[140.103246,36.374152],[140.10321,36.375119]]}},{"type":"Feature","properties":{"id":405403316,"highway":"secondary"},"geometry":{"type":"LineString","coordinates":[[140.104536,36.371056],[140.104574,36.37115],[140.104568,36.371437],[140.104552,36.371567],[140.104531,36.371657],[140.104504,36.371736],[140.10446,36.371812],[140.104411,36.371899],[140.104347,36.371989],[140.104296,36.372045],[140.104221,36.372112],[140.10413,36.372177],[140.10404,36.372222],[140.103958,36.372256],[140.103864,36.37228],[140.103812,36.372295],[140.103771,36.372313]]}},{"type":"Feature","properties":{"id":405403317,"highway":"secondary"},"geometry":{"type":"LineString","coordinates":[[140.108738,36.361899],[140.108693,36.361595],[140.108652,36.361322],[140.108534,36.360678],[140.108449,36.360193]]}},{"type":"Feature","properties":{"id":405403318,"highway":"tertiary"},"geometry":{"type":"LineString","coordinates":[[140.106024,36.361954],[140.106072,36.36262],[140.106105,36.363067],[140.106154,36.363212],[140.106258,36.363615]]}},{"type":"Feature","properties":{"id":405403319,"highway":"tertiary"},"geometry":{"type":"LineString","coordinates":[[140.100466,36.360694],[140.10053,36.360719],[140.101375,36.361106],[140.101945,36.361375],[140.102182,36.361474],[140.102619,36.361636],[140.102948,36.36174],[140.103454,36.361861],[140.103725,36.361903],[140.104091,36.361953],[140.104658,36.361986],[140.104907,36.361981],[140.106024,36.361954]]}},{"type":"Feature","properties":{"id":405403320,"highway":"tertiary"},"geometry":{"type":"LineString","coordinates":[[140.106024,36.361954],[140.106644,36.36195],[140.107136,36.36195],[140.107721,36.361936],[140.108327,36.361918],[140.108738,36.361899]]}},{"type":"Feature","properties":{"id":405403321,"highway":"secondary"},"geometry":{"type":"LineString","coordinates":[[140.132498,36.386757],[140.132539,36.386635],[140.132551,36.386596]]}},{"type":"Feature","properties":{"id":405403322,"highway":"secondary"},"geometry":{"type":"LineString","coordinates":[[140.132551,36.386596],[140.132576,36.386465],[140.132595,36.386337],[140.132609,36.386186],[140.132613,36.385799],[140.132604,36.385179],[140.132601,36.38477],[140.132601,36.384482],[140.132587,36.384176],[140.132558,36.384006],[140.132529,36.383844],[140.1325,36.383756]]}},{"type":"Feature","properties":{"id":405403323,"highway":"tertiary"},"geometry":{"type":"LineString","coordinates":[[140.108449,36.360193],[140.108454,36.359994]]}},{"type":"Feature","properties":{"id":405403324,"highway":"unclassified"},"geometry":{"type":"LineString","coordinates":[[140.131718,36.386858],[140.131366,36.385914]]}},{"type":"Feature","properties":{"id":405403325,"highway":"unclassified"},"geometry":{"type":"LineString","coordinates":[[140.131718,36.386858],[140.131633,36.386889],[140.131492,36.386908],[140.131091,36.386958],[140.130765,36.386973]]}},{"type":"Feature","properties":{"id":405403326,"highway":"unclassified"},"geometry":{"type":"LineString","coordinates":[[140.131613,36.388714],[140.131581,36.388691],[140.131541,36.388657],[140.1315,36.388606],[140.131184,36.388192],[140.13105,36.38802],[140.130981,36.38792],[140.130916,36.387799],[140.130869,36.387696],[140.130838,36.387581],[140.130807,36.387461],[140.130783,36.387191],[140.130765,36.386973]]}},{"type":"Feature","properties":{"id":411401973,"highway":"unclassified"},"geometry":{"type":"LineString","coordinates":[[140.176362,36.345263],[140.176032,36.344905]]}},{"type":"Feature","properties":{"id":411401974,"highway":"unclassified"},"geometry":{"type":"LineString","coordinates":[[140.176032,36.344905],[140.175976,36.344836],[140.175202,36.344008],[140.175082,36.343867],[140.175012,36.343769],[140.174806,36.343448],[140.174663,36.343211],[140.174483,36.342898],[140.174258,36.3425],[140.174032,36.342121],[140.173607,36.34143],[140.173155,36.340797],[140.173484,36.340553]]}},{"type":"Feature","properties":{"id":412090595,"highway":"unclassified"},"geometry":{"type":"LineString","coordinates":[[140.192257,36.34222],[140.192267,36.34254]]}},{"type":"Feature","properties":{"id":412090597,"highway":"unclassified"},"geometry":{"type":"LineString","coordinates":[[140.192267,36.34254],[140.192278,36.342632]]}},{"type":"Feature","properties":{"id":412456906,"highway":"unclassified"},"geometry":{"type":"LineString","coordinates":[[140.181043,36.343637],[140.181089,36.343969]]}},{"type":"Feature","properties":{"id":412456907,"highway":"unclassified"},"geometry":{"type":"LineString","coordinates":[[140.183869,36.343341],[140.183887,36.343398]]}},{"type":"Feature","properties":{"id":412456908,"highway":"unclassified"},"geometry":{"type":"LineString","coordinates":[[140.180542,36.343803],[140.180468,36.343648]]}},{"type":"Feature","properties":{"id":412456909,"highway":"tertiary"},"geometry":{"type":"LineString","coordinates":[[140.188806,36.34322],[140.188745,36.34318],[140.188605,36.34309],[140.188486,36.342972],[140.188414,36.342876],[140.188349,36.342761],[140.188328,36.342727],[140.188277,36.342521],[140.188185,36.342104]]}},{"type":"Feature","properties":{"id":421361089,"highway":"secondary"},"geometry":{"type":"LineString","coordinates":[[140.106597,36.32161],[140.106396,36.321638],[140.106197,36.321665],[140.105825,36.321729],[140.105586,36.321759],[140.105397,36.321775],[140.105211,36.32178],[140.105046,36.321762],[140.104627,36.321711],[140.104555,36.321701],[140.104519,36.321697],[140.104106,36.321647],[140.103849,36.321617],[140.103562,36.321617],[140.103338,36.321615],[140.103097,36.321632],[140.102776,36.321689],[140.102502,36.32175],[140.102244,36.321837],[140.102121,36.321887]]}},{"type":"Feature","properties":{"id":421361090,"highway":"secondary"},"geometry":{"type":"LineString","coordinates":[[140.102121,36.321887],[140.101754,36.322039]]}},{"type":"Feature","properties":{"id":426145469,"highway":"tertiary"},"geometry":{"type":"LineString","coordinates":[[140.190387,36.350214],[140.190238,36.350124]]}},{"type":"Feature","properties":{"id":426145470,"highway":"tertiary"},"geometry":{"type":"LineString","coordinates":[[140.190238,36.350124],[140.190166,36.350084],[140.190071,36.350029],[140.190028,36.350004],[140.187923,36.348786],[140.186834,36.348156],[140.186762,36.348053],[140.186714,36.347959],[140.186683,36.347838],[140.186711,36.347682],[140.1868,36.347526],[140.18738,36.346965],[140.187662,36.346682]]}},{"type":"Feature","properties":{"id":432028459,"highway":"secondary"},"geometry":{"type":"LineString","coordinates":[[140.140556,36.351479],[140.140599,36.351418],[140.140604,36.351383],[140.140883,36.349842],[140.141112,36.348526],[140.141209,36.347973],[140.14133,36.347344],[140.141412,36.347068],[140.141623,36.346587],[140.141807,36.346217],[140.14191,36.345942],[140.141973,36.345617],[140.141953,36.345046],[140.14195,36.345013],[140.141926,36.344618],[140.141903,36.343831],[140.141904,36.343452],[140.141904,36.342891],[140.1419,36.342682],[140.1419,36.342597]]}},{"type":"Feature","properties":{"id":432028460,"highway":"secondary"},"geometry":{"type":"LineString","coordinates":[[140.14189,36.342323],[140.1419,36.342597]]}},{"type":"Feature","properties":{"id":432391650,"highway":"secondary"},"geometry":{"type":"LineString","coordinates":[[140.142567,36.373091],[140.142557,36.373244]]}},{"type":"Feature","properties":{"id":432391651,"highway":"secondary"},"geometry":{"type":"LineString","coordinates":[[140.142557,36.373244],[140.142554,36.373292],[140.142442,36.374932],[140.142429,36.375122],[140.142422,36.375449],[140.14243,36.375884],[140.14243,36.375923],[140.142431,36.37594]]}},{"type":"Feature","properties":{"id":432573910,"highway":"trunk"},"geometry":{"type":"LineString","coordinates":[[140.122199,36.360146],[140.122854,36.359884]]}},{"type":"Feature","properties":{"id":432573911,"highway":"trunk"},"geometry":{"type":"LineString","coordinates":[[140.122854,36.359884],[140.123274,36.359727]]}},{"type":"Feature","properties":{"id":432577031,"highway":"secondary"},"geometry":{"type":"LineString","coordinates":[[140.166486,36.380016],[140.166314,36.379987]]}},{"type":"Feature","properties":{"id":432577032,"highway":"secondary"},"geometry":{"type":"LineString","coordinates":[[140.166314,36.379987],[140.16628,36.379981],[140.166022,36.379936],[140.165652,36.379868],[140.165356,36.379816],[140.165078,36.379795],[140.164293,36.379748],[140.164203,36.379739],[140.164062,36.379721],[140.163924,36.379691],[140.163815,36.379654],[140.163696,36.3796],[140.163269,36.379391],[140.162796,36.379167],[140.161933,36.378758],[140.160924,36.378238],[140.160724,36.378156],[140.160585,36.37811],[140.160404,36.378068],[140.1602,36.378039],[140.159985,36.378025],[140.159823,36.378026],[140.159544,36.378041],[140.159322,36.378055],[140.158427,36.378103],[140.158197,36.378104],[140.158013,36.3781],[140.157779,36.378079],[140.157359,36.378024],[140.157204,36.378004],[140.157044,36.377985],[140.156894,36.377968],[140.156716,36.377938],[140.156513,36.37789],[140.15628,36.377816],[140.156098,36.377759],[140.155896,36.377721],[140.155706,36.377696],[140.155489,36.377682],[140.155168,36.377689],[140.153415,36.37774],[140.153118,36.377747],[140.15293,36.377747],[140.152784,36.377733],[140.152664,36.377718],[140.152527,36.377689],[140.152408,36.377656],[140.151972,36.377523],[140.151784,36.377474],[140.15167,36.377459],[140.151528,36.377445],[140.151377,36.377444],[140.151225,36.377457],[140.151074,36.377481],[140.150925,36.37752],[140.150755,36.377582],[140.150626,36.377645],[140.150563,36.377678],[140.150045,36.377999],[140.149933,36.378057],[140.149821,36.378104],[140.149639,36.378166],[140.14952,36.378195],[140.14937,36.378224],[140.149169,36.378248],[140.148098,36.378347],[140.147108,36.37844],[140.14688,36.378457],[140.146687,36.378463],[140.146479,36.37846],[140.146299,36.378448],[140.146132,36.37843],[140.14587,36.378391],[140.145767,36.378374],[140.145471,36.378327],[140.144687,36.378205],[140.144305,36.378145]]}},{"type":"Feature","properties":{"id":443636180,"highway":"unclassified"},"geometry":{"type":"LineString","coordinates":[[140.176917,36.346021],[140.176734,36.345716]]}},{"type":"Feature","properties":{"id":443636181,"highway":"unclassified"},"geometry":{"type":"LineString","coordinates":[[140.176734,36.345716],[140.17667,36.345616],[140.176551,36.345462],[140.176362,36.345263]]}},{"type":"Feature","properties":{"id":443727887,"highway":"primary"},"geometry":{"type":"LineString","coordinates":[[140.106583,36.364883],[140.106556,36.364746]]}},{"type":"Feature","properties":{"id":443727909,"highway":"trunk"},"geometry":{"type":"LineString","coordinates":[[140.184187,36.352176],[140.184625,36.352293],[140.187232,36.352977],[140.187949,36.35317],[140.188268,36.353274],[140.188629,36.353394],[140.189153,36.353592]]}},{"type":"Feature","properties":{"id":451557745,"highway":"unclassified"},"geometry":{"type":"LineString","coordinates":[[140.105138,36.357141],[140.105171,36.357342],[140.105213,36.357461],[140.105817,36.358129],[140.105953,36.35832],[140.106027,36.358442]]}},{"type":"Feature","properties":{"id":451557746,"highway":"unclassified"},"geometry":{"type":"LineString","coordinates":[[140.105001,36.355541],[140.105064,36.355833],[140.105097,36.355984],[140.105197,36.356272],[140.105203,36.356359],[140.105169,36.35669],[140.105138,36.357141]]}},{"type":"Feature","properties":{"id":451557748,"highway":"unclassified"},"geometry":{"type":"LineString","coordinates":[[140.105964,36.360983],[140.106003,36.361443],[140.106024,36.361954]]}},{"type":"Feature","properties":{"id":451557749,"highway":"unclassified"},"geometry":{"type":"LineString","coordinates":[[140.106027,36.358442],[140.106083,36.358581],[140.106115,36.358741],[140.106128,36.358977],[140.106123,36.359133],[140.106095,36.359266],[140.106029,36.359446],[140.10599,36.359552],[140.10597,36.35961],[140.105955,36.359666],[140.105941,36.359763],[140.105938,36.359782],[140.105898,36.360044],[140.10588,36.360397],[140.105922,36.360686],[140.105964,36.360983]]}},{"type":"Feature","properties":{"id":486981024,"highway":"tertiary"},"geometry":{"type":"LineString","coordinates":[[140.183257,36.349675],[140.183374,36.349438],[140.183414,36.349343],[140.183447,36.349283],[140.183481,36.349213],[140.183535,36.349125],[140.183594,36.349049],[140.183661,36.348976],[140.183801,36.34885],[140.184136,36.348597],[140.18437,36.348418],[140.184531,36.348292],[140.184612,36.348219],[140.184673,36.348156],[140.184786,36.34802],[140.184845,36.347927],[140.184923,36.347796],[140.185006,36.347671],[140.185075,36.347562],[140.185138,36.347459],[140.185186,36.347356],[140.185229,36.347235],[140.185242,36.347181],[140.185261,36.347101],[140.185272,36.34701],[140.185275,36.346898],[140.185272,36.346824],[140.185221,36.346562],[140.184982,36.345762],[140.184931,36.345557],[140.184923,36.345414],[140.18493,36.34524],[140.184955,36.345101],[140.184995,36.344967],[140.185021,36.344898],[140.185063,36.344785],[140.185122,36.34464]]}},{"type":"Feature","properties":{"id":486981025,"highway":"unclassified"},"geometry":{"type":"LineString","coordinates":[[140.178548,36.345249],[140.178595,36.345271],[140.178704,36.345281],[140.178961,36.345274],[140.179274,36.345265],[140.179621,36.345305],[140.17979,36.34527],[140.179798,36.345254],[140.179817,36.345212]]}},{"type":"Feature","properties":{"id":486981026,"highway":"residential"},"geometry":{"type":"LineString","coordinates":[[140.178704,36.345281],[140.178816,36.345656]]}},{"type":"Feature","properties":{"id":486981027,"highway":"residential"},"geometry":{"type":"LineString","coordinates":[[140.171469,36.331154],[140.172111,36.331717],[140.172279,36.33187],[140.172286,36.332009],[140.172279,36.332122],[140.172355,36.332217],[140.17242,36.332389],[140.172519,36.332915]]}},{"type":"Feature","properties":{"id":486981028,"highway":"residential"},"geometry":{"type":"LineString","coordinates":[[140.174761,36.331578],[140.175458,36.331578],[140.175496,36.331523],[140.175523,36.331404],[140.175683,36.331149],[140.175958,36.330857],[140.176152,36.330682],[140.176175,36.330356],[140.176213,36.330224],[140.176354,36.329972],[140.176522,36.329877],[140.176308,36.329604]]}},{"type":"Feature","properties":{"id":486981030,"highway":"service"},"geometry":{"type":"LineString","coordinates":[[140.162478,36.326767],[140.162344,36.326392],[140.162292,36.326332],[140.162207,36.326086]]}},{"type":"Feature","properties":{"id":535123391,"highway":"service"},"geometry":{"type":"LineString","coordinates":[[140.145773,36.347355],[140.145732,36.347843],[140.145703,36.348181],[140.146119,36.3482],[140.146706,36.348228]]}},{"type":"Feature","properties":{"id":535123392,"highway":"service"},"geometry":{"type":"LineString","coordinates":[[140.145732,36.347843],[140.146154,36.34787],[140.146119,36.3482]]}},{"type":"Feature","properties":{"id":553311306,"highway":"unclassified"},"geometry":{"type":"LineString","coordinates":[[140.193938,36.30473],[140.193882,36.304695]]}},{"type":"Feature","properties":{"id":553311307,"highway":"residential"},"geometry":{"type":"LineString","coordinates":[[140.194365,36.305087],[140.194143,36.304977],[140.194092,36.30494],[140.19405,36.304886],[140.193989,36.304782],[140.193938,36.30473]]}},{"type":"Feature","properties":{"id":553311308,"highway":"unclassified"},"geometry":{"type":"LineString","coordinates":[[140.193978,36.302305],[140.194574,36.302196]]}},{"type":"Feature","properties":{"id":553311309,"highway":"unclassified"},"geometry":{"type":"LineString","coordinates":[[140.193291,36.302399],[140.193379,36.302406],[140.193912,36.302321]]}},{"type":"Feature","properties":{"id":553324890,"highway":"residential"},"geometry":{"type":"LineString","coordinates":[[140.177627,36.308947],[140.177669,36.308958],[140.17888,36.309259],[140.17893,36.309259],[140.178965,36.309246]]}},{"type":"Feature","properties":{"id":553324891,"highway":"residential"},"geometry":{"type":"LineString","coordinates":[[140.176716,36.308732],[140.177544,36.308927]]}},{"type":"Feature","properties":{"id":553324894,"highway":"secondary"},"geometry":{"type":"LineString","coordinates":[[140.178695,36.303654],[140.178869,36.303594]]}},{"type":"Feature","properties":{"id":553324895,"highway":"secondary"},"geometry":{"type":"LineString","coordinates":[[140.178284,36.303822],[140.178395,36.303767],[140.178443,36.303742],[140.178695,36.303654]]}},{"type":"Feature","properties":{"id":553324896,"highway":"unclassified"},"geometry":{"type":"LineString","coordinates":[[140.176632,36.311448],[140.176712,36.311548]]}},{"type":"Feature","properties":{"id":553324897,"highway":"unclassified"},"geometry":{"type":"LineString","coordinates":[[140.175874,36.311234],[140.17639,36.311343],[140.176484,36.311367],[140.176564,36.311394],[140.176632,36.311448]]}},{"type":"Feature","properties":{"id":554047314,"highway":"service"},"geometry":{"type":"LineString","coordinates":[[140.193743,36.308054],[140.19372,36.307985],[140.193724,36.307938],[140.193742,36.307892],[140.193784,36.307853],[140.193907,36.307807],[140.193941,36.307786],[140.193961,36.307763],[140.193969,36.307722],[140.19396,36.307664],[140.193941,36.307626],[140.193893,36.307572],[140.193803,36.307495]]}},{"type":"Feature","properties":{"id":554047316,"highway":"unclassified"},"geometry":{"type":"LineString","coordinates":[[140.192834,36.308536],[140.192809,36.308572]]}},{"type":"Feature","properties":{"id":554047320,"highway":"unclassified"},"geometry":{"type":"LineString","coordinates":[[140.192809,36.308572],[140.192641,36.30881],[140.192545,36.308946],[140.192523,36.30904]]}},{"type":"Feature","properties":{"id":554371010,"highway":"unclassified"},"geometry":{"type":"LineString","coordinates":[[140.199816,36.305015],[140.199718,36.305057]]}},{"type":"Feature","properties":{"id":554371011,"highway":"unclassified"},"geometry":{"type":"LineString","coordinates":[[140.199876,36.304981],[140.199816,36.305015]]}},{"type":"Feature","properties":{"id":557036078,"highway":"service"},"geometry":{"type":"LineString","coordinates":[[140.139283,36.351564],[140.139769,36.350284],[140.139947,36.349216]]}},{"type":"Feature","properties":{"id":560321443,"highway":"unclassified"},"geometry":{"type":"LineString","coordinates":[[140.151846,36.336331],[140.15187,36.336399]]}},{"type":"Feature","properties":{"id":560321444,"highway":"unclassified"},"geometry":{"type":"LineString","coordinates":[[140.15187,36.336399],[140.151892,36.336451]]}},{"type":"Feature","properties":{"id":650444123,"highway":"trunk"},"geometry":{"type":"LineString","coordinates":[[140.121466,36.360427],[140.122199,36.360146]]}},{"type":"Feature","properties":{"id":650444124,"highway":"trunk"},"geometry":{"type":"LineString","coordinates":[[140.118418,36.361528],[140.119255,36.361206],[140.119416,36.361147],[140.120035,36.360925],[140.120593,36.36072],[140.121466,36.360427]]}},{"type":"Feature","properties":{"id":650456245,"highway":"trunk"},"geometry":{"type":"LineString","coordinates":[[140.118353,36.361437],[140.117406,36.361781]]}},{"type":"Feature","properties":{"id":650456246,"highway":"tertiary"},"geometry":{"type":"LineString","coordinates":[[140.117406,36.361781],[140.117441,36.361877]]}},{"type":"Feature","properties":{"id":650456247,"highway":"trunk"},"geometry":{"type":"LineString","coordinates":[[140.117406,36.361781],[140.113789,36.363142]]}},{"type":"Feature","properties":{"id":650456521,"highway":"trunk"},"geometry":{"type":"LineString","coordinates":[[140.117441,36.361877],[140.118418,36.361528]]}},{"type":"Feature","properties":{"id":650456525,"highway":"trunk"},"geometry":{"type":"LineString","coordinates":[[140.116406,36.362274],[140.117441,36.361877]]}},{"type":"Feature","properties":{"id":650456999,"highway":"trunk"},"geometry":{"type":"LineString","coordinates":[[140.113789,36.363142],[140.112871,36.363488],[140.112737,36.36354]]}},{"type":"Feature","properties":{"id":650457000,"highway":"tertiary"},"geometry":{"type":"LineString","coordinates":[[140.112737,36.36354],[140.112677,36.36345],[140.112532,36.363191],[140.112108,36.362503]]}},{"type":"Feature","properties":{"id":650457379,"highway":"trunk"},"geometry":{"type":"LineString","coordinates":[[140.112737,36.36354],[140.111777,36.36389],[140.110893,36.364196],[140.110278,36.364363]]}},{"type":"Feature","properties":{"id":650457614,"highway":"trunk"},"geometry":{"type":"LineString","coordinates":[[140.111818,36.363993],[140.112095,36.363892],[140.112797,36.363633]]}},{"type":"Feature","properties":{"id":650457615,"highway":"tertiary"},"geometry":{"type":"LineString","coordinates":[[140.112797,36.363633],[140.112737,36.36354]]}},{"type":"Feature","properties":{"id":650457616,"highway":"trunk"},"geometry":{"type":"LineString","coordinates":[[140.112797,36.363633],[140.112923,36.363586],[140.116406,36.362274]]}},{"type":"Feature","properties":{"id":650458413,"highway":"trunk"},"geometry":{"type":"LineString","coordinates":[[140.110278,36.364363],[140.109744,36.364486],[140.109259,36.364568]]}},{"type":"Feature","properties":{"id":650458414,"highway":"secondary"},"geometry":{"type":"LineString","coordinates":[[140.109259,36.364568],[140.109229,36.364201],[140.109207,36.364095],[140.109083,36.363477]]}},{"type":"Feature","properties":{"id":650458415,"highway":"trunk"},"geometry":{"type":"LineString","coordinates":[[140.109259,36.364568],[140.108777,36.364636],[140.108316,36.364687],[140.107684,36.364735]]}},{"type":"Feature","properties":{"id":650458543,"highway":"trunk"},"geometry":{"type":"LineString","coordinates":[[140.108182,36.364804],[140.109267,36.364671]]}},{"type":"Feature","properties":{"id":650458544,"highway":"trunk"},"geometry":{"type":"LineString","coordinates":[[140.109267,36.364671],[140.109653,36.364606],[140.109739,36.364591],[140.110343,36.364457],[140.110941,36.364288],[140.111818,36.363993]]}},{"type":"Feature","properties":{"id":650458901,"highway":"trunk"},"geometry":{"type":"LineString","coordinates":[[140.106556,36.364746],[140.106371,36.364737],[140.106006,36.364713],[140.105443,36.364658],[140.104743,36.364552],[140.104435,36.364497],[140.103983,36.364402]]}},{"type":"Feature","properties":{"id":650458902,"highway":"trunk"},"geometry":{"type":"LineString","coordinates":[[140.107684,36.364735],[140.107002,36.364751],[140.10673,36.364748],[140.106556,36.364746]]}},{"type":"Feature","properties":{"id":650459755,"highway":"trunk"},"geometry":{"type":"LineString","coordinates":[[140.105394,36.364802],[140.105889,36.364847],[140.106311,36.364874],[140.106386,36.364878],[140.106583,36.364883]]}},{"type":"Feature","properties":{"id":650459757,"highway":"trunk"},"geometry":{"type":"LineString","coordinates":[[140.106583,36.364883],[140.107373,36.364872],[140.108182,36.364804]]}},{"type":"Feature","properties":{"id":650460214,"highway":"trunk"},"geometry":{"type":"LineString","coordinates":[[140.103983,36.364402],[140.103111,36.364233],[140.10304,36.364218],[140.102877,36.364187]]}},{"type":"Feature","properties":{"id":650460215,"highway":"tertiary"},"geometry":{"type":"LineString","coordinates":[[140.102877,36.364187],[140.102872,36.364326]]}},{"type":"Feature","properties":{"id":650460216,"highway":"trunk"},"geometry":{"type":"LineString","coordinates":[[140.102877,36.364187],[140.102711,36.364156],[140.101842,36.363993],[140.098751,36.363367]]}},{"type":"Feature","properties":{"id":650460349,"highway":"trunk"},"geometry":{"type":"LineString","coordinates":[[140.102002,36.364139],[140.102627,36.364273],[140.102711,36.364291],[140.102872,36.364326]]}},{"type":"Feature","properties":{"id":650460350,"highway":"tertiary"},"geometry":{"type":"LineString","coordinates":[[140.102872,36.364326],[140.102867,36.364439],[140.102865,36.364499],[140.102852,36.364717],[140.102833,36.365342],[140.102806,36.365812],[140.102807,36.366322],[140.102794,36.366715],[140.10279,36.366854],[140.102772,36.367499],[140.102759,36.367751],[140.102745,36.367849],[140.102716,36.368001],[140.102673,36.368161],[140.102622,36.368309],[140.102575,36.368415],[140.102516,36.368537],[140.10242,36.368712],[140.102175,36.369098],[140.102154,36.369134]]}},{"type":"Feature","properties":{"id":650460351,"highway":"trunk"},"geometry":{"type":"LineString","coordinates":[[140.102872,36.364326],[140.103032,36.364358],[140.104682,36.364699],[140.105394,36.364802]]}},{"type":"Feature","properties":{"id":668006219,"highway":"unclassified"},"geometry":{"type":"LineString","coordinates":[[140.11207,36.304894],[140.112096,36.305048],[140.112196,36.305282],[140.112312,36.305459],[140.112357,36.305485],[140.112449,36.305495]]}},{"type":"Feature","properties":{"id":668008526,"highway":"service"},"geometry":{"type":"LineString","coordinates":[[140.110831,36.36144],[140.110885,36.361574],[140.110998,36.361595]]}},{"type":"Feature","properties":{"id":668008530,"highway":"service"},"geometry":{"type":"LineString","coordinates":[[140.108178,36.360117],[140.108338,36.360056],[140.108454,36.359994]]}},{"type":"Feature","properties":{"id":668008531,"highway":"tertiary"},"geometry":{"type":"LineString","coordinates":[[140.108454,36.359994],[140.108411,36.359928],[140.108382,36.35989],[140.108317,36.359829],[140.108278,36.359804],[140.108213,36.359779],[140.108161,36.35977],[140.108105,36.359768],[140.107971,36.35978],[140.107751,36.359816]]}},{"type":"Feature","properties":{"id":668008532,"highway":"unclassified"},"geometry":{"type":"LineString","coordinates":[[140.10763,36.360248],[140.107709,36.360235],[140.107792,36.360205]]}},{"type":"Feature","properties":{"id":668008533,"highway":"unclassified"},"geometry":{"type":"LineString","coordinates":[[140.107661,36.360158],[140.107657,36.36019],[140.107642,36.360223],[140.10763,36.360248]]}},{"type":"Feature","properties":{"id":668008536,"highway":"tertiary"},"geometry":{"type":"LineString","coordinates":[[140.101703,36.363114],[140.101596,36.36287]]}},{"type":"Feature","properties":{"id":668008537,"highway":"service"},"geometry":{"type":"LineString","coordinates":[[140.104464,36.322272],[140.104547,36.322287],[140.104936,36.322447],[140.105276,36.322564],[140.105357,36.322698],[140.10545,36.322846]]}},{"type":"Feature","properties":{"id":668008538,"highway":"service"},"geometry":{"type":"LineString","coordinates":[[140.106396,36.321638],[140.10591,36.322485]]}},{"type":"Feature","properties":{"id":691903211,"highway":"residential"},"geometry":{"type":"LineString","coordinates":[[140.184035,36.347987],[140.184325,36.347501],[140.185006,36.347671]]}},{"type":"Feature","properties":{"id":691903212,"highway":"residential"},"geometry":{"type":"LineString","coordinates":[[140.184035,36.347987],[140.183905,36.348229]]}},{"type":"Feature","properties":{"id":691903213,"highway":"residential"},"geometry":{"type":"LineString","coordinates":[[140.184325,36.347501],[140.183799,36.347387],[140.183669,36.347336],[140.183457,36.347167]]}},{"type":"Feature","properties":{"id":691903214,"highway":"residential"},"geometry":{"type":"LineString","coordinates":[[140.185101,36.348339],[140.185106,36.347857],[140.184923,36.347796]]}},{"type":"Feature","properties":{"id":691903215,"highway":"residential"},"geometry":{"type":"LineString","coordinates":[[140.185223,36.348057],[140.185232,36.347681],[140.185171,36.347605],[140.185075,36.347562]]}},{"type":"Feature","properties":{"id":691904097,"highway":"service"},"geometry":{"type":"LineString","coordinates":[[140.186066,36.349991],[140.185377,36.34975],[140.185381,36.349487],[140.185078,36.349366]]}},{"type":"Feature","properties":{"id":691907071,"highway":"tertiary"},"geometry":{"type":"LineString","coordinates":[[140.187307,36.346403],[140.187049,36.346209],[140.185638,36.345072],[140.185122,36.34464]]}},{"type":"Feature","properties":{"id":691908988,"highway":"unclassified"},"geometry":{"type":"LineString","coordinates":[[140.187006,36.351642],[140.187045,36.351616],[140.187186,36.351666],[140.187225,36.351671],[140.187325,36.351688],[140.187395,36.351692],[140.188788,36.352202],[140.189039,36.352335],[140.189213,36.352404],[140.189242,36.352441]]}},{"type":"Feature","properties":{"id":691908990,"highway":"residential"},"geometry":{"type":"LineString","coordinates":[[140.185029,36.35093],[140.184932,36.350974],[140.184749,36.350997],[140.184578,36.35102],[140.184357,36.351148]]}},{"type":"Feature","properties":{"id":691908992,"highway":"residential"},"geometry":{"type":"LineString","coordinates":[[140.184749,36.350997],[140.184716,36.351368],[140.184789,36.351764],[140.184901,36.351843],[140.184998,36.351707],[140.185045,36.351346],[140.18507,36.351318],[140.185115,36.351293],[140.185243,36.351214],[140.185402,36.351086]]}},{"type":"Feature","properties":{"id":691911948,"highway":"residential"},"geometry":{"type":"LineString","coordinates":[[140.185221,36.346562],[140.185016,36.346601]]}},{"type":"Feature","properties":{"id":691911950,"highway":"service"},"geometry":{"type":"LineString","coordinates":[[140.185221,36.346562],[140.186518,36.346322]]}},{"type":"Feature","properties":{"id":691912820,"highway":"service"},"geometry":{"type":"LineString","coordinates":[[140.184343,36.35331],[140.184398,36.353368],[140.184362,36.3537],[140.184283,36.353893],[140.184237,36.353886],[140.184094,36.353863]]}},{"type":"Feature","properties":{"id":691916573,"highway":"service"},"geometry":{"type":"LineString","coordinates":[[140.186324,36.349401],[140.186698,36.349314]]}},{"type":"Feature","properties":{"id":691916576,"highway":"residential"},"geometry":{"type":"LineString","coordinates":[[140.183574,36.349958],[140.183704,36.349819],[140.183801,36.349594],[140.184219,36.349607]]}},{"type":"Feature","properties":{"id":691916632,"highway":"service"},"geometry":{"type":"LineString","coordinates":[[140.187307,36.346403],[140.187341,36.3466],[140.18738,36.346965]]}},{"type":"Feature","properties":{"id":700619828,"highway":"residential"},"geometry":{"type":"LineString","coordinates":[[140.171945,36.348745],[140.171897,36.348669],[140.171817,36.348678],[140.171626,36.348931],[140.171466,36.349042]]}},{"type":"Feature","properties":{"id":700619829,"highway":"residential"},"geometry":{"type":"LineString","coordinates":[[140.171229,36.348723],[140.171558,36.34887]]}},{"type":"Feature","properties":{"id":700619830,"highway":"residential"},"geometry":{"type":"LineString","coordinates":[[140.171095,36.348254],[140.171743,36.348573]]}},{"type":"Feature","properties":{"id":700619831,"highway":"residential"},"geometry":{"type":"LineString","coordinates":[[140.172195,36.348159],[140.171986,36.348323],[140.171843,36.348453],[140.171743,36.348573],[140.171648,36.348725],[140.171558,36.34887],[140.171466,36.349042]]}},{"type":"Feature","properties":{"id":700619832,"highway":"unclassified"},"geometry":{"type":"LineString","coordinates":[[140.171466,36.349042],[140.171458,36.34917]]}},{"type":"Feature","properties":{"id":700619833,"highway":"unclassified"},"geometry":{"type":"LineString","coordinates":[[140.177804,36.348544],[140.177734,36.34846],[140.177587,36.348236],[140.177474,36.348051],[140.177416,36.347941],[140.177381,36.347856],[140.177278,36.347388],[140.177001,36.346206],[140.17696,36.346108],[140.176917,36.346021]]}},{"type":"Feature","properties":{"id":700619834,"highway":"secondary"},"geometry":{"type":"LineString","coordinates":[[140.186938,36.351686],[140.186721,36.351822],[140.186689,36.351842]]}},{"type":"Feature","properties":{"id":700619837,"highway":"trunk"},"geometry":{"type":"LineString","coordinates":[[140.189355,36.353676],[140.189584,36.353773],[140.189813,36.353877],[140.189974,36.353954],[140.190129,36.354038],[140.190388,36.354173],[140.190641,36.354318],[140.191596,36.354922],[140.19433,36.356793]]}},{"type":"Feature","properties":{"id":700619838,"highway":"residential"},"geometry":{"type":"LineString","coordinates":[[140.193563,36.357656],[140.19362,36.357565],[140.19365,36.357381],[140.193709,36.357297]]}},{"type":"Feature","properties":{"id":700619839,"highway":"trunk"},"geometry":{"type":"LineString","coordinates":[[140.197245,36.358761],[140.198408,36.359563],[140.199358,36.360205],[140.199679,36.360423],[140.200369,36.360891],[140.200843,36.361209],[140.201142,36.361406],[140.202149,36.36205]]}},{"type":"Feature","properties":{"id":709874757,"highway":"unclassified"},"geometry":{"type":"LineString","coordinates":[[140.184107,36.350536],[140.184104,36.350572]]}},{"type":"Feature","properties":{"id":709874758,"highway":"unclassified"},"geometry":{"type":"LineString","coordinates":[[140.184104,36.350572],[140.184103,36.35062]]}},{"type":"Feature","properties":{"id":709874759,"highway":"secondary"},"geometry":{"type":"LineString","coordinates":[[140.186981,36.351658],[140.186938,36.351686]]}},{"type":"Feature","properties":{"id":709874760,"highway":"secondary"},"geometry":{"type":"LineString","coordinates":[[140.187006,36.351642],[140.186981,36.351658]]}},{"type":"Feature","properties":{"id":749169879,"highway":"tertiary"},"geometry":{"type":"LineString","coordinates":[[140.108738,36.361899],[140.109172,36.361868],[140.10936,36.361847],[140.109517,36.361829],[140.109603,36.361806],[140.109949,36.361726],[140.110323,36.361633],[140.110587,36.361541],[140.110831,36.36144]]}},{"type":"Feature","properties":{"id":771310351,"highway":"unclassified"},"geometry":{"type":"LineString","coordinates":[[140.143079,36.345079],[140.143101,36.344932],[140.143171,36.344759],[140.143,36.344674]]}},{"type":"Feature","properties":{"id":771310352,"highway":"residential"},"geometry":{"type":"LineString","coordinates":[[140.143654,36.344396],[140.143729,36.344739],[140.143726,36.345061],[140.143601,36.345058]]}},{"type":"Feature","properties":{"id":820001632,"highway":"unclassified"},"geometry":{"type":"LineString","coordinates":[[140.192273,36.341144],[140.192247,36.341124]]}},{"type":"Feature","properties":{"id":820001633,"highway":"tertiary"},"geometry":{"type":"LineString","coordinates":[[140.188158,36.341985],[140.188145,36.341941],[140.187947,36.341039],[140.187888,36.34082],[140.187807,36.340564],[140.187698,36.340265],[140.187123,36.338984],[140.186483,36.337569]]}},{"type":"Feature","properties":{"id":827848657,"highway":"residential"},"geometry":{"type":"LineString","coordinates":[[140.139995,36.358143],[140.139947,36.357804],[140.13984,36.357714],[140.139974,36.357537],[140.140113,36.357009],[140.14029,36.356569],[140.14043,36.356253],[140.140752,36.355865],[140.140918,36.35564],[140.141108,36.355635]]}},{"type":"Feature","properties":{"id":827848659,"highway":"residential"},"geometry":{"type":"LineString","coordinates":[[140.139987,36.343724],[140.14011,36.34369],[140.140523,36.343793],[140.14106,36.34356],[140.141904,36.343452]]}},{"type":"Feature","properties":{"id":827848660,"highway":"residential"},"geometry":{"type":"LineString","coordinates":[[140.148211,36.339233],[140.148203,36.338523],[140.147586,36.338333],[140.147151,36.337821]]}},{"type":"Feature","properties":{"id":827848661,"highway":"residential"},"geometry":{"type":"LineString","coordinates":[[140.126229,36.353339],[140.126247,36.35276],[140.126247,36.352721],[140.126247,36.352626],[140.126198,36.352488],[140.126011,36.352345],[140.125963,36.352259],[140.125957,36.351995],[140.125946,36.351827]]}},{"type":"Feature","properties":{"id":827848662,"highway":"residential"},"geometry":{"type":"LineString","coordinates":[[140.126247,36.352721],[140.126139,36.352829],[140.126054,36.352812],[140.126011,36.352769],[140.125963,36.352376],[140.126011,36.352345]]}},{"type":"Feature","properties":{"id":828134181,"highway":"service"},"geometry":{"type":"LineString","coordinates":[[140.158543,36.378337],[140.158381,36.378651],[140.158302,36.378817],[140.158188,36.378891],[140.157972,36.378823]]}},{"type":"Feature","properties":{"id":828134182,"highway":"service"},"geometry":{"type":"LineString","coordinates":[[140.151531,36.378813],[140.151137,36.37881],[140.151101,36.378785],[140.151088,36.378758],[140.151081,36.378514],[140.151071,36.378332],[140.151071,36.378251],[140.151126,36.378155],[140.151127,36.378089]]}},{"type":"Feature","properties":{"id":828145063,"highway":"residential"},"geometry":{"type":"LineString","coordinates":[[140.140848,36.35474],[140.140997,36.354695],[140.141509,36.354913]]}},{"type":"Feature","properties":{"id":828145065,"highway":"residential"},"geometry":{"type":"LineString","coordinates":[[140.109347,36.368944],[140.109337,36.368996],[140.109329,36.369298]]}},{"type":"Feature","properties":{"id":838622065,"highway":"residential"},"geometry":{"type":"LineString","coordinates":[[140.17552,36.306698],[140.175424,36.306452],[140.175387,36.305976],[140.175652,36.305857],[140.175818,36.305758],[140.176135,36.305766],[140.17628,36.305818],[140.176363,36.305887],[140.176444,36.3059],[140.176838,36.305782],[140.17691,36.305738],[140.177015,36.305635]]}},{"type":"Feature","properties":{"id":902676515,"highway":"residential"},"geometry":{"type":"LineString","coordinates":[[140.184612,36.348219],[140.184035,36.347987]]}},{"type":"Feature","properties":{"id":902676521,"highway":"tertiary"},"geometry":{"type":"LineString","coordinates":[[140.184348,36.344156],[140.184618,36.344269],[140.184839,36.344415],[140.185122,36.34464]]}},{"type":"Feature","properties":{"id":902676522,"highway":"residential"},"geometry":{"type":"LineString","coordinates":[[140.182665,36.344278],[140.182761,36.344407],[140.181971,36.344901]]}},{"type":"Feature","properties":{"id":902681310,"highway":"unclassified"},"geometry":{"type":"LineString","coordinates":[[140.177351,36.345128],[140.177604,36.345025]]}},{"type":"Feature","properties":{"id":902681311,"highway":"unclassified"},"geometry":{"type":"LineString","coordinates":[[140.176551,36.345462],[140.177351,36.345128]]}},{"type":"Feature","properties":{"id":925919208,"highway":"service"},"geometry":{"type":"LineString","coordinates":[[140.121569,36.331903],[140.121604,36.331868],[140.12163,36.331829],[140.121675,36.331729],[140.121706,36.331575],[140.121705,36.331492],[140.121696,36.331443],[140.121659,36.331355],[140.121649,36.331261],[140.121625,36.331183],[140.121605,36.33113],[140.121586,36.331104],[140.121552,36.331082],[140.12152,36.331068],[140.121464,36.331054],[140.121434,36.331042],[140.121411,36.331015],[140.121401,36.330993],[140.121399,36.330943],[140.121393,36.330909],[140.121368,36.330847]]}},{"type":"Feature","properties":{"id":925919209,"highway":"service"},"geometry":{"type":"LineString","coordinates":[[140.121001,36.330752],[140.121169,36.330816],[140.121231,36.330834],[140.121303,36.330847],[140.121368,36.330847]]}},{"type":"Feature","properties":{"id":925919210,"highway":"service"},"geometry":{"type":"LineString","coordinates":[[140.120878,36.331957],[140.120917,36.331956],[140.120945,36.331957],[140.120964,36.331966],[140.12098,36.331982],[140.120984,36.332046],[140.12099,36.332071],[140.121003,36.332088],[140.121021,36.332104],[140.121045,36.33211],[140.121076,36.332109],[140.121162,36.332082],[140.121227,36.332057],[140.121266,36.33204],[140.121316,36.332005],[140.121398,36.331944],[140.121431,36.331915],[140.121453,36.331902],[140.121477,36.331895],[140.121504,36.331892],[140.121537,36.331898],[140.121569,36.331903]]}},{"type":"Feature","properties":{"id":925919211,"highway":"service"},"geometry":{"type":"LineString","coordinates":[[140.11277,36.329459],[140.112822,36.329487],[140.112862,36.329498],[140.112909,36.329481],[140.112999,36.329432]]}},{"type":"Feature","properties":{"id":925932380,"highway":"unclassified"},"geometry":{"type":"LineString","coordinates":[[140.151224,36.30744],[140.151203,36.307349],[140.151204,36.307293],[140.151225,36.307223],[140.151307,36.307101],[140.151306,36.307034],[140.15127,36.306994],[140.151204,36.306957]]}},{"type":"Feature","properties":{"id":925932392,"highway":"unclassified"},"geometry":{"type":"LineString","coordinates":[[140.123261,36.315461],[140.123372,36.315471],[140.123466,36.315511],[140.12356,36.31556],[140.123627,36.315599],[140.123678,36.31564],[140.12371,36.315685],[140.12375,36.31582],[140.123762,36.315914],[140.123787,36.315959],[140.123817,36.315993],[140.123879,36.316025],[140.123934,36.316036],[140.124013,36.316027]]}},{"type":"Feature","properties":{"id":926784243,"highway":"unclassified"},"geometry":{"type":"LineString","coordinates":[[140.147495,36.301565],[140.147494,36.301513],[140.147515,36.301478],[140.147545,36.301452],[140.147631,36.301381],[140.147661,36.301339],[140.147685,36.301279],[140.147687,36.301167],[140.147695,36.301097],[140.147719,36.301063],[140.147764,36.301033],[140.147916,36.300991],[140.147977,36.300965],[140.148026,36.300917],[140.148063,36.300863],[140.148063,36.300815],[140.148034,36.300763],[140.147951,36.30067],[140.14793,36.300621],[140.147927,36.300547],[140.147945,36.30038],[140.147943,36.300321],[140.147885,36.300135],[140.147865,36.300074],[140.147869,36.300011],[140.14789,36.299953],[140.147934,36.299875]]}},{"type":"Feature","properties":{"id":928883041,"highway":"residential"},"geometry":{"type":"LineString","coordinates":[[140.120508,36.302875],[140.120517,36.302733],[140.120539,36.302665]]}},{"type":"Feature","properties":{"id":928883044,"highway":"residential"},"geometry":{"type":"LineString","coordinates":[[140.165759,36.30704],[140.165886,36.306792],[140.165996,36.30665]]}},{"type":"Feature","properties":{"id":928883045,"highway":"residential"},"geometry":{"type":"LineString","coordinates":[[140.165604,36.30645],[140.165728,36.306497],[140.165842,36.306555],[140.165996,36.30665]]}},{"type":"Feature","properties":{"id":928883046,"highway":"residential"},"geometry":{"type":"LineString","coordinates":[[140.166159,36.306915],[140.166295,36.306921],[140.166381,36.306929],[140.166588,36.306944],[140.166681,36.306957]]}},{"type":"Feature","properties":{"id":928883047,"highway":"residential"},"geometry":{"type":"LineString","coordinates":[[140.165996,36.30665],[140.166093,36.30662],[140.166238,36.306608],[140.166329,36.306609],[140.166414,36.306636],[140.16649,36.306677],[140.166539,36.30674],[140.166584,36.306811],[140.166635,36.306921],[140.166681,36.306957]]}},{"type":"Feature","properties":{"id":928883050,"highway":"service"},"geometry":{"type":"LineString","coordinates":[[140.15841,36.3238],[140.158718,36.323788]]}},{"type":"Feature","properties":{"id":928883051,"highway":"service"},"geometry":{"type":"LineString","coordinates":[[140.158672,36.324159],[140.158808,36.324084],[140.158878,36.324053]]}},{"type":"Feature","properties":{"id":928883052,"highway":"service"},"geometry":{"type":"LineString","coordinates":[[140.159154,36.325403],[140.159175,36.325324],[140.159245,36.325261],[140.159288,36.325235],[140.159351,36.325164],[140.159384,36.325157],[140.159434,36.325165],[140.159529,36.325198],[140.159639,36.325256],[140.15968,36.325266]]}},{"type":"Feature","properties":{"id":928883053,"highway":"service"},"geometry":{"type":"LineString","coordinates":[[140.159692,36.325366],[140.15969,36.325331],[140.15968,36.325266]]}},{"type":"Feature","properties":{"id":928883054,"highway":"service"},"geometry":{"type":"LineString","coordinates":[[140.159511,36.325746],[140.159475,36.325846],[140.159479,36.325916],[140.159487,36.326025],[140.159471,36.326082]]}},{"type":"Feature","properties":{"id":928883055,"highway":"service"},"geometry":{"type":"LineString","coordinates":[[140.159692,36.325366],[140.159664,36.32549],[140.159612,36.325614],[140.159511,36.325746]]}},{"type":"Feature","properties":{"id":928883056,"highway":"service"},"geometry":{"type":"LineString","coordinates":[[140.158809,36.32543],[140.158989,36.325557],[140.159119,36.325637],[140.159193,36.32567],[140.15932,36.325693],[140.159462,36.325735],[140.159511,36.325746]]}},{"type":"Feature","properties":{"id":928883057,"highway":"service"},"geometry":{"type":"LineString","coordinates":[[140.156939,36.325243],[140.157182,36.325113],[140.157314,36.324835],[140.157557,36.324918]]}},{"type":"Feature","properties":{"id":928883058,"highway":"service"},"geometry":{"type":"LineString","coordinates":[[140.161572,36.325899],[140.161403,36.325916],[140.161319,36.325895],[140.161218,36.325853],[140.161131,36.325801],[140.161068,36.325744],[140.161002,36.325699],[140.160896,36.325651],[140.160734,36.32564],[140.16039,36.325589],[140.160101,36.325466],[140.159969,36.325424],[140.159796,36.325376],[140.159692,36.325366]]}},{"type":"Feature","properties":{"id":948591813,"highway":"service"},"geometry":{"type":"LineString","coordinates":[[140.170668,36.318531],[140.170564,36.318669],[140.170443,36.318874],[140.17014,36.31913],[140.170162,36.319294],[140.170246,36.319464],[140.170355,36.319633]]}},{"type":"Feature","properties":{"id":963389885,"highway":"residential"},"geometry":{"type":"LineString","coordinates":[[140.151902,36.389496],[140.151842,36.389519],[140.151766,36.389565],[140.151587,36.389609],[140.151501,36.389609]]}},{"type":"Feature","properties":{"id":963389886,"highway":"unclassified"},"geometry":{"type":"LineString","coordinates":[[140.133502,36.3983],[140.133464,36.398283],[140.133308,36.398264],[140.133108,36.398216],[140.133064,36.398194],[140.132972,36.398152],[140.132878,36.398118],[140.132803,36.398103],[140.132691,36.398086],[140.13263,36.398099]]}},{"type":"Feature","properties":{"id":972976876,"highway":"unclassified"},"geometry":{"type":"LineString","coordinates":[[140.116803,36.359737],[140.116055,36.35991]]}},{"type":"Feature","properties":{"id":1077853960,"highway":"unclassified"},"geometry":{"type":"LineString","coordinates":[[140.174262,36.329555],[140.173382,36.329904],[140.173224,36.329935],[140.172826,36.329911],[140.172461,36.329856],[140.171956,36.329757],[140.171283,36.329593],[140.171097,36.329561],[140.170859,36.329591],[140.170577,36.329695],[140.170077,36.329676],[140.169075,36.329624],[140.16899,36.329738],[140.168927,36.329779],[140.168826,36.329821],[140.168721,36.329836],[140.16756,36.329858],[140.16728,36.32994],[140.167167,36.329962],[140.167014,36.329975]]}},{"type":"Feature","properties":{"id":1077853961,"highway":"unclassified"},"geometry":{"type":"LineString","coordinates":[[140.174373,36.329505],[140.174262,36.329555]]}},{"type":"Feature","properties":{"id":1091056093,"highway":"unclassified"},"geometry":{"type":"LineString","coordinates":[[140.107479,36.324503],[140.107502,36.324565]]}},{"type":"Feature","properties":{"id":1091056095,"highway":"service"},"geometry":{"type":"LineString","coordinates":[[140.121088,36.3261],[140.121161,36.326124],[140.121481,36.326376],[140.121597,36.326474],[140.121603,36.326501]]}},{"type":"Feature","properties":{"id":1091278285,"highway":"unclassified"},"geometry":{"type":"LineString","coordinates":[[140.116874,36.360014],[140.116925,36.360157]]}},{"type":"Feature","properties":{"id":1091278286,"highway":"unclassified"},"geometry":{"type":"LineString","coordinates":[[140.116925,36.360157],[140.116956,36.360299]]}},{"type":"Feature","properties":{"id":1091278287,"highway":"unclassified"},"geometry":{"type":"LineString","coordinates":[[140.1031,36.368559],[140.103224,36.368385],[140.104218,36.367665]]}},{"type":"Feature","properties":{"id":1091278288,"highway":"tertiary"},"geometry":{"type":"LineString","coordinates":[[140.11826,36.364411],[140.117922,36.364515],[140.116562,36.364923],[140.115967,36.365074],[140.11398,36.3655],[140.113415,36.365623],[140.112843,36.365749],[140.112481,36.365818],[140.11164,36.365998],[140.110826,36.366169],[140.110132,36.366312],[140.109782,36.366379],[140.109114,36.366489],[140.108497,36.366543],[140.107899,36.366576],[140.107331,36.366587],[140.106805,36.366587]]}},{"type":"Feature","properties":{"id":1096079411,"highway":"residential"},"geometry":{"type":"LineString","coordinates":[[140.118966,36.304543],[140.118865,36.30458],[140.118843,36.304606],[140.118825,36.304636],[140.11869,36.304652],[140.118571,36.304661]]}},{"type":"Feature","properties":{"id":1096079412,"highway":"residential"},"geometry":{"type":"LineString","coordinates":[[140.117367,36.304939],[140.11735,36.304911],[140.11732,36.30488],[140.117276,36.304862],[140.117223,36.304855],[140.117164,36.304863],[140.117086,36.304879],[140.116981,36.304922],[140.116914,36.304933]]}},{"type":"Feature","properties":{"id":1096079413,"highway":"residential"},"geometry":{"type":"LineString","coordinates":[[140.118571,36.304661],[140.118481,36.304686],[140.118362,36.304689],[140.11823,36.304688],[140.118076,36.304707],[140.117942,36.304693],[140.117655,36.304675],[140.117429,36.304677],[140.117269,36.304707],[140.117177,36.304746],[140.117062,36.304825],[140.116924,36.304927],[140.116914,36.304933],[140.116748,36.305041],[140.116654,36.305131],[140.11657,36.305231],[140.116526,36.305279],[140.116408,36.305357],[140.116348,36.305403],[140.116325,36.30545]]}},{"type":"Feature","properties":{"id":1096079414,"highway":"residential"},"geometry":{"type":"LineString","coordinates":[[140.115653,36.306859],[140.115866,36.306709],[140.11655,36.306299]]}},{"type":"Feature","properties":{"id":1096085456,"highway":"unclassified"},"geometry":{"type":"LineString","coordinates":[[140.121704,36.321483],[140.121781,36.321498],[140.121874,36.3215],[140.121973,36.321484],[140.122068,36.32146],[140.12216,36.321427],[140.122298,36.321344],[140.122377,36.321279],[140.122428,36.321229],[140.122472,36.321167],[140.122518,36.321082],[140.122538,36.321007],[140.122542,36.320939],[140.122536,36.320877],[140.122521,36.320791],[140.122499,36.320753],[140.122464,36.320723]]}},{"type":"Feature","properties":{"id":1096085460,"highway":"unclassified"},"geometry":{"type":"LineString","coordinates":[[140.124099,36.318774],[140.124181,36.318813],[140.124261,36.318915],[140.124316,36.318993],[140.124344,36.319041],[140.124347,36.319113],[140.124337,36.319171],[140.124297,36.319242],[140.12424,36.319295],[140.124167,36.319337],[140.124104,36.319361],[140.123969,36.31939],[140.123883,36.319407],[140.123785,36.319393],[140.123581,36.319357],[140.123484,36.319347],[140.123392,36.319359],[140.123227,36.319412],[140.12312,36.319426],[140.123018,36.319419],[140.122864,36.319397],[140.122729,36.319383],[140.122637,36.319387],[140.122577,36.319417],[140.122537,36.31946],[140.122519,36.319511],[140.122515,36.319564],[140.122538,36.319618],[140.122574,36.319679],[140.122723,36.319842],[140.122772,36.3199],[140.122792,36.319939],[140.122802,36.319991],[140.122797,36.320044],[140.122772,36.320086],[140.122722,36.320129],[140.122664,36.32016],[140.122582,36.320189],[140.122536,36.320205],[140.122493,36.320239],[140.122468,36.320282],[140.122429,36.320319],[140.122378,36.320361],[140.122298,36.320395],[140.122261,36.320421],[140.122243,36.320448],[140.12223,36.320488],[140.122228,36.320527],[140.122241,36.320566],[140.122257,36.3206],[140.122321,36.320641],[140.122464,36.320723]]}},{"type":"Feature","properties":{"id":1096687511,"highway":"residential"},"geometry":{"type":"LineString","coordinates":[[140.171639,36.310766],[140.171465,36.310675],[140.171316,36.310555],[140.171216,36.310461],[140.171111,36.310353]]}},{"type":"Feature","properties":{"id":1096687512,"highway":"residential"},"geometry":{"type":"LineString","coordinates":[[140.171639,36.310766],[140.171609,36.310795],[140.171536,36.310806],[140.171484,36.310797],[140.171288,36.31071],[140.171159,36.310626],[140.171007,36.310501],[140.17094,36.310471],[140.170866,36.310464],[140.170768,36.31047]]}},{"type":"Feature","properties":{"id":1096687513,"highway":"service"},"geometry":{"type":"LineString","coordinates":[[140.172945,36.309326],[140.173018,36.309539],[140.173016,36.309613],[140.172873,36.309675],[140.172514,36.309865]]}},{"type":"Feature","properties":{"id":1096727042,"highway":"unclassified"},"geometry":{"type":"LineString","coordinates":[[140.124013,36.316027],[140.12426,36.316011],[140.12435,36.316015],[140.124398,36.31602],[140.124457,36.316032],[140.124505,36.316051],[140.124548,36.316082],[140.124583,36.316124],[140.12462,36.316191],[140.124659,36.316312],[140.124767,36.316688],[140.124787,36.316772],[140.124791,36.316825],[140.124787,36.316883],[140.124757,36.316941],[140.124714,36.316986],[140.124651,36.317022],[140.124501,36.317087],[140.124445,36.317118],[140.124398,36.317163],[140.124317,36.317263],[140.124198,36.317383],[140.12406,36.317505],[140.123993,36.317564],[140.123924,36.317607],[140.123882,36.317644],[140.123863,36.317687],[140.123865,36.317752],[140.123875,36.317805],[140.123904,36.317873],[140.123954,36.317996],[140.123974,36.318062],[140.123977,36.318121],[140.123966,36.318188],[140.123934,36.318265],[140.12392,36.31832],[140.123923,36.318405],[140.123942,36.318488],[140.123982,36.318576],[140.124037,36.318706],[140.124064,36.318747],[140.124099,36.318774]]}},{"type":"Feature","properties":{"id":1096727043,"highway":"service"},"geometry":{"type":"LineString","coordinates":[[140.119088,36.311849],[140.119086,36.31193],[140.119075,36.311964],[140.11904,36.31199],[140.118847,36.312067],[140.118802,36.312112]]}},{"type":"Feature","properties":{"id":1096727045,"highway":"service"},"geometry":{"type":"LineString","coordinates":[[140.11822,36.314351],[140.118262,36.314374],[140.118328,36.314387],[140.118379,36.314382],[140.118611,36.31432],[140.11876,36.314259]]}},{"type":"Feature","properties":{"id":1096727046,"highway":"service"},"geometry":{"type":"LineString","coordinates":[[140.11822,36.314351],[140.118211,36.314269],[140.118154,36.314119],[140.118148,36.314078],[140.118163,36.314042],[140.118193,36.31401],[140.118435,36.31396],[140.118637,36.313911]]}},{"type":"Feature","properties":{"id":1096727047,"highway":"service"},"geometry":{"type":"LineString","coordinates":[[140.117779,36.312874],[140.117958,36.313213],[140.118128,36.313831],[140.118193,36.31401]]}},{"type":"Feature","properties":{"id":1096727048,"highway":"service"},"geometry":{"type":"LineString","coordinates":[[140.118637,36.313911],[140.118531,36.313615],[140.118501,36.313578],[140.118474,36.313514],[140.11845,36.313418],[140.118413,36.313221],[140.118398,36.313074]]}},{"type":"Feature","properties":{"id":1097173826,"highway":"residential"},"geometry":{"type":"LineString","coordinates":[[140.105286,36.345682],[140.105378,36.34565],[140.105567,36.345537],[140.105707,36.345453],[140.105845,36.34538],[140.10599,36.34527],[140.106097,36.345183],[140.106168,36.345122],[140.106293,36.344985],[140.106349,36.344884]]}},{"type":"Feature","properties":{"id":1097173827,"highway":"service"},"geometry":{"type":"LineString","coordinates":[[140.10325,36.344804],[140.103257,36.344949],[140.103249,36.345054],[140.103216,36.345321],[140.103183,36.345649],[140.103126,36.345706]]}},{"type":"Feature","properties":{"id":1097173828,"highway":"service"},"geometry":{"type":"LineString","coordinates":[[140.111657,36.329769],[140.111581,36.329682],[140.111431,36.329426],[140.111378,36.329358],[140.111319,36.329298],[140.111221,36.329258],[140.111177,36.329232]]}},{"type":"Feature","properties":{"id":1128134993,"highway":"service"},"geometry":{"type":"LineString","coordinates":[[140.106054,36.350865],[140.106194,36.350825],[140.106333,36.350784],[140.106434,36.350741]]}},{"type":"Feature","properties":{"id":1138593515,"highway":"primary"},"geometry":{"type":"LineString","coordinates":[[140.112263,36.298421],[140.112248,36.298559],[140.112087,36.300032],[140.112079,36.3001],[140.112062,36.300356],[140.112057,36.300583],[140.112066,36.301028],[140.112075,36.301412],[140.112077,36.30147],[140.112129,36.302834],[140.11215,36.303379],[140.112161,36.303524],[140.112166,36.303611],[140.112175,36.303781]]}},{"type":"Feature","properties":{"id":1138593516,"highway":"primary"},"geometry":{"type":"LineString","coordinates":[[140.112175,36.303781],[140.112178,36.303832]]}},{"type":"Feature","properties":{"id":1138655058,"highway":"service"},"geometry":{"type":"LineString","coordinates":[[140.107433,36.35935],[140.106965,36.359413],[140.106093,36.359595],[140.10597,36.35961]]}},{"type":"Feature","properties":{"id":1157232066,"highway":"unclassified"},"geometry":{"type":"LineString","coordinates":[[140.169848,36.347283],[140.169648,36.347371],[140.169519,36.347433],[140.169228,36.347537]]}},{"type":"Feature","properties":{"id":1157232069,"highway":"residential"},"geometry":{"type":"LineString","coordinates":[[140.171752,36.346717],[140.172064,36.346637]]}},{"type":"Feature","properties":{"id":1157294426,"highway":"unclassified"},"geometry":{"type":"LineString","coordinates":[[140.158059,36.350272],[140.158599,36.350266],[140.158681,36.350274]]}},{"type":"Feature","properties":{"id":1157294427,"highway":"residential"},"geometry":{"type":"LineString","coordinates":[[140.1613,36.349449],[140.160955,36.349243],[140.160889,36.3492],[140.160313,36.348626],[140.160275,36.348561]]}},{"type":"Feature","properties":{"id":1157294428,"highway":"residential"},"geometry":{"type":"LineString","coordinates":[[140.160955,36.349243],[140.161141,36.348966],[140.161339,36.34879],[140.161382,36.348677]]}},{"type":"Feature","properties":{"id":1183456390,"highway":"residential"},"geometry":{"type":"LineString","coordinates":[[140.179062,36.308958],[140.178965,36.309246]]}},{"type":"Feature","properties":{"id":1191381894,"highway":"unclassified"},"geometry":{"type":"LineString","coordinates":[[140.198314,36.330631],[140.19845,36.330561],[140.198548,36.330522],[140.198666,36.330497],[140.198765,36.330486],[140.19905,36.330486],[140.199126,36.330486],[140.199201,36.330466],[140.199266,36.330434],[140.199303,36.330384],[140.199311,36.330326],[140.199309,36.330278],[140.199283,36.330225],[140.199242,36.330166],[140.199117,36.330023],[140.199065,36.329949],[140.198914,36.329694],[140.198839,36.329596],[140.198725,36.329493],[140.198631,36.329425],[140.198568,36.329357],[140.198544,36.329301],[140.198537,36.32924],[140.19854,36.329186],[140.198553,36.329145],[140.198586,36.329098],[140.198647,36.329055],[140.19873,36.329021],[140.198899,36.328972],[140.198994,36.328925],[140.199065,36.328879],[140.199173,36.328774],[140.19925,36.328732],[140.199309,36.328711]]}},{"type":"Feature","properties":{"id":1191381905,"highway":"unclassified"},"geometry":{"type":"LineString","coordinates":[[140.199309,36.328711],[140.199425,36.328713],[140.199526,36.32872],[140.199595,36.328735],[140.199655,36.328755],[140.199702,36.328788],[140.199782,36.328879],[140.199884,36.328981],[140.199942,36.329031],[140.2,36.329066],[140.200072,36.329087],[140.200142,36.329091],[140.200257,36.32908],[140.200408,36.329051],[140.20049,36.329026],[140.200554,36.328988],[140.200614,36.328929],[140.200691,36.328831],[140.200756,36.328783],[140.200825,36.32875],[140.200907,36.328725],[140.201003,36.328725],[140.201129,36.328736],[140.201242,36.328753],[140.201342,36.328771],[140.201499,36.32882],[140.201604,36.328847],[140.201694,36.328853],[140.201778,36.328846],[140.201847,36.328828],[140.201957,36.328781],[140.202096,36.32871],[140.202191,36.32865],[140.202281,36.32857],[140.202339,36.328499],[140.202392,36.328453],[140.202423,36.328407],[140.2025,36.328232],[140.202542,36.328162],[140.202687,36.327999],[140.202753,36.327941],[140.202825,36.327907],[140.202899,36.327894],[140.20298,36.327898],[140.203054,36.327921],[140.20311,36.327961],[140.203153,36.328021],[140.203281,36.328289],[140.203293,36.328349],[140.203276,36.328674],[140.203267,36.32874],[140.203243,36.328805],[140.203188,36.3289],[140.203161,36.328962],[140.203154,36.329013],[140.203155,36.329065],[140.203185,36.32915],[140.203226,36.329217],[140.203295,36.329297],[140.20337,36.329358],[140.203447,36.329402],[140.203556,36.32944],[140.203651,36.329467],[140.203742,36.329481],[140.203847,36.329483]]}},{"type":"Feature","properties":{"id":1191381911,"highway":"residential"},"geometry":{"type":"LineString","coordinates":[[140.180838,36.314594],[140.181051,36.314982]]}},{"type":"Feature","properties":{"id":1193176839,"highway":"primary"},"geometry":{"type":"LineString","coordinates":[[140.198221,36.303684],[140.197981,36.303473],[140.197934,36.303433],[140.19773,36.303261],[140.197333,36.302926],[140.197029,36.302671],[140.196796,36.302483],[140.196378,36.302174],[140.19606,36.30196],[140.195669,36.301724],[140.195296,36.301514],[140.194948,36.301324],[140.19456,36.301112],[140.193366,36.300472],[140.192605,36.300059],[140.192516,36.300012],[140.192426,36.299965],[140.192037,36.299755],[140.192002,36.299736],[140.191322,36.299357],[140.190825,36.299042],[140.190228,36.298612],[140.189963,36.298411]]}},{"type":"Feature","properties":{"id":1193176840,"highway":"unclassified"},"geometry":{"type":"LineString","coordinates":[[140.197934,36.303433],[140.198002,36.303397],[140.198027,36.303372],[140.198028,36.303304],[140.197895,36.302979],[140.197749,36.302636],[140.197583,36.302191],[140.197549,36.302098],[140.197533,36.301986],[140.197524,36.301663],[140.197528,36.301595],[140.197584,36.301147],[140.197664,36.30053],[140.197689,36.300347],[140.197713,36.300214],[140.197747,36.300071]]}},{"type":"Feature","properties":{"id":1193176841,"highway":"unclassified"},"geometry":{"type":"LineString","coordinates":[[140.198028,36.303304],[140.198121,36.303486],[140.198221,36.303684]]}},{"type":"Feature","properties":{"id":1193176842,"highway":"primary"},"geometry":{"type":"LineString","coordinates":[[140.202827,36.306873],[140.202622,36.306763],[140.20245,36.306704],[140.20226,36.306689],[140.201811,36.306678],[140.20161,36.30664],[140.20144,36.306566],[140.201293,36.306469],[140.201127,36.306281],[140.200996,36.306137],[140.200848,36.306026],[140.200616,36.30589],[140.200371,36.305726],[140.200191,36.305573],[140.199996,36.305376],[140.199859,36.305217],[140.199718,36.305057],[140.199344,36.304668],[140.199188,36.304524],[140.198952,36.304308],[140.198753,36.304138],[140.198491,36.303908],[140.198221,36.303684]]}},{"type":"Feature","properties":{"id":1202034226,"highway":"primary"},"geometry":{"type":"LineString","coordinates":[[140.178066,36.303523],[140.178181,36.303681],[140.178231,36.303749],[140.178284,36.303822]]}},{"type":"Feature","properties":{"id":1202034228,"highway":"primary"},"geometry":{"type":"LineString","coordinates":[[140.184536,36.278572],[140.184457,36.278685],[140.184407,36.278751],[140.184293,36.278895],[140.184183,36.279028],[140.183841,36.279378],[140.183631,36.279616],[140.183569,36.279738],[140.183454,36.280008],[140.183326,36.280307],[140.183228,36.280536],[140.183113,36.28079],[140.182998,36.280972],[140.182892,36.281102],[140.182644,36.281308],[140.182424,36.281492],[140.182232,36.281698],[140.181826,36.282329],[140.181725,36.282505],[140.181628,36.28273],[140.18154,36.282969],[140.181501,36.28316],[140.181196,36.285071],[140.180998,36.286252],[140.180923,36.286712],[140.180842,36.287179],[140.180685,36.28813],[140.180561,36.288839],[140.180322,36.290378],[140.180179,36.291137],[140.180058,36.291458],[140.17995,36.291684],[140.179814,36.291899],[140.179672,36.292083],[140.179073,36.292834],[140.17825,36.293902],[140.1781,36.294143],[140.178049,36.294268],[140.178023,36.29434],[140.177972,36.294489],[140.177928,36.294702],[140.177917,36.294929],[140.177891,36.295375],[140.177797,36.297722],[140.177769,36.298469],[140.177747,36.299197],[140.177733,36.299747],[140.177699,36.301093],[140.177661,36.302233],[140.177657,36.302579],[140.177678,36.302723],[140.177728,36.302931],[140.177791,36.303095],[140.177824,36.303165],[140.177868,36.30324],[140.177909,36.303305],[140.177951,36.303365],[140.178066,36.303523]]}},{"type":"Feature","properties":{"id":1202034234,"highway":"tertiary"},"geometry":{"type":"LineString","coordinates":[[140.171386,36.334687],[140.171251,36.334588],[140.171135,36.334552],[140.171021,36.334531],[140.170866,36.334506]]}},{"type":"Feature","properties":{"id":1202034235,"highway":"tertiary"},"geometry":{"type":"LineString","coordinates":[[140.17096,36.334713],[140.171108,36.334693],[140.171204,36.334678],[140.171288,36.334677],[140.171386,36.334687]]}},{"type":"Feature","properties":{"id":1202034256,"highway":"primary"},"geometry":{"type":"LineString","coordinates":[[140.177727,36.345436],[140.177812,36.345576],[140.177844,36.34563],[140.178097,36.34601]]}},{"type":"Feature","properties":{"id":1202034257,"highway":"tertiary"},"geometry":{"type":"LineString","coordinates":[[140.177727,36.345436],[140.17786,36.345372],[140.177912,36.345348],[140.178118,36.345257],[140.17821,36.345225]]}},{"type":"Feature","properties":{"id":1202034258,"highway":"primary"},"geometry":{"type":"LineString","coordinates":[[140.177401,36.344924],[140.1776,36.345237],[140.177629,36.345283],[140.177727,36.345436]]}},{"type":"Feature","properties":{"id":1202034264,"highway":"primary"},"geometry":{"type":"LineString","coordinates":[[140.178316,36.349949],[140.178165,36.350341],[140.178145,36.350396],[140.178083,36.350561]]}},{"type":"Feature","properties":{"id":1202034266,"highway":"trunk"},"geometry":{"type":"LineString","coordinates":[[140.177452,36.350392],[140.177841,36.350496],[140.177904,36.350513],[140.178083,36.350561]]}},{"type":"Feature","properties":{"id":1202034267,"highway":"trunk"},"geometry":{"type":"LineString","coordinates":[[140.178083,36.350561],[140.178246,36.350604],[140.178312,36.350622],[140.178786,36.350747]]}},{"type":"Feature","properties":{"id":1206390845,"highway":"unclassified"},"geometry":{"type":"LineString","coordinates":[[140.100236,36.372524],[140.100173,36.372497],[140.099939,36.372164],[140.099866,36.372018],[140.099854,36.37197]]}},{"type":"Feature","properties":{"id":1206390846,"highway":"unclassified"},"geometry":{"type":"LineString","coordinates":[[140.100605,36.382902],[140.100546,36.383017],[140.100448,36.383053],[140.100377,36.383067],[140.100317,36.383063],[140.100243,36.383034],[140.100176,36.383006],[140.100093,36.382948],[140.100017,36.382944],[140.099941,36.382966],[140.0999,36.382994],[140.099861,36.383093],[140.099831,36.383109],[140.099791,36.383135],[140.09975,36.383142],[140.099692,36.383128],[140.099134,36.383016]]}},{"type":"Feature","properties":{"id":1207099188,"highway":"tertiary"},"geometry":{"type":"LineString","coordinates":[[140.105947,36.302116],[140.106149,36.301105],[140.106321,36.300134],[140.106354,36.29997],[140.106374,36.299866],[140.106395,36.299717],[140.10639,36.299597],[140.106366,36.299445],[140.106224,36.298966],[140.106057,36.29843],[140.10565,36.297126],[140.105356,36.296202],[140.105069,36.295274],[140.104813,36.294448],[140.104491,36.293445],[140.104249,36.292679],[140.104133,36.292399]]}},{"type":"Feature","properties":{"id":1207099189,"highway":"tertiary"},"geometry":{"type":"LineString","coordinates":[[140.105947,36.302116],[140.104645,36.301956],[140.104511,36.301932],[140.104349,36.301901],[140.104183,36.301858],[140.104074,36.301824],[140.10383,36.301744],[140.102988,36.301435],[140.10281,36.301374]]}},{"type":"Feature","properties":{"id":1208045083,"highway":"service"},"geometry":{"type":"LineString","coordinates":[[140.110904,36.301386],[140.110395,36.301399],[140.110007,36.30141],[140.109408,36.30146],[140.109329,36.301464],[140.109255,36.301465]]}},{"type":"Feature","properties":{"id":1208045084,"highway":"service"},"geometry":{"type":"LineString","coordinates":[[140.11215,36.303379],[140.112095,36.303367],[140.111965,36.303348],[140.11143,36.303376],[140.111226,36.303426],[140.11088,36.303421]]}},{"type":"Feature","properties":{"id":1208045085,"highway":"residential"},"geometry":{"type":"LineString","coordinates":[[140.112527,36.303739],[140.11268,36.303714],[140.113233,36.303695],[140.113269,36.303692],[140.113505,36.303667],[140.113629,36.303717],[140.113948,36.303883],[140.11415,36.30394],[140.114213,36.30399],[140.114197,36.304159],[140.114088,36.304225],[140.113987,36.30435],[140.113816,36.304786],[140.113715,36.304842],[140.113517,36.304871],[140.113384,36.304902],[140.113208,36.304959]]}},{"type":"Feature","properties":{"id":1208045086,"highway":"residential"},"geometry":{"type":"LineString","coordinates":[[140.113269,36.303692],[140.113128,36.302953],[140.113131,36.302737]]}},{"type":"Feature","properties":{"id":1208045087,"highway":"residential"},"geometry":{"type":"LineString","coordinates":[[140.113288,36.302487],[140.113438,36.302226],[140.113543,36.302026],[140.113501,36.301658],[140.113544,36.301511],[140.113515,36.301313]]}},{"type":"Feature","properties":{"id":1208045088,"highway":"residential"},"geometry":{"type":"LineString","coordinates":[[140.113288,36.302487],[140.113197,36.302638],[140.113131,36.302737]]}},{"type":"Feature","properties":{"id":1208201623,"highway":"unclassified"},"geometry":{"type":"LineString","coordinates":[[140.138929,36.375112],[140.138923,36.375241]]}},{"type":"Feature","properties":{"id":1208201624,"highway":"unclassified"},"geometry":{"type":"LineString","coordinates":[[140.138923,36.375241],[140.138921,36.375315]]}},{"type":"Feature","properties":{"id":1208201625,"highway":"tertiary"},"geometry":{"type":"LineString","coordinates":[[140.157429,36.375884],[140.157409,36.37601]]}},{"type":"Feature","properties":{"id":1208201626,"highway":"tertiary"},"geometry":{"type":"LineString","coordinates":[[140.157409,36.37601],[140.157406,36.376046],[140.157204,36.378004]]}},{"type":"Feature","properties":{"id":1208201628,"highway":"unclassified"},"geometry":{"type":"LineString","coordinates":[[140.159781,36.383662],[140.159501,36.383544],[140.159417,36.383518],[140.159308,36.383495],[140.159189,36.383484],[140.156409,36.383306],[140.155207,36.383226],[140.15408,36.383153],[140.152889,36.383079],[140.151747,36.382999],[140.150518,36.382917],[140.149539,36.382855],[140.149147,36.382827],[140.14897,36.382804],[140.148734,36.382765],[140.148671,36.38277]]}},{"type":"Feature","properties":{"id":1208208196,"highway":"unclassified"},"geometry":{"type":"LineString","coordinates":[[140.137204,36.363973],[140.137231,36.362912],[140.137241,36.362816],[140.137259,36.362404]]}},{"type":"Feature","properties":{"id":1208215872,"highway":"residential"},"geometry":{"type":"LineString","coordinates":[[140.140265,36.366731],[140.140246,36.366793],[140.140171,36.366964],[140.140121,36.367052],[140.140087,36.367096],[140.140032,36.367146],[140.139955,36.367208],[140.139684,36.367435]]}},{"type":"Feature","properties":{"id":1208340947,"highway":"unclassified"},"geometry":{"type":"LineString","coordinates":[[140.127236,36.354802],[140.1273,36.354803]]}},{"type":"Feature","properties":{"id":1208340948,"highway":"unclassified"},"geometry":{"type":"LineString","coordinates":[[140.12624,36.354843],[140.126683,36.354815],[140.127236,36.354802]]}},{"type":"Feature","properties":{"id":1208340949,"highway":"unclassified"},"geometry":{"type":"LineString","coordinates":[[140.124596,36.355818],[140.124587,36.355763]]}},{"type":"Feature","properties":{"id":1208340950,"highway":"unclassified"},"geometry":{"type":"LineString","coordinates":[[140.124601,36.355849],[140.124596,36.355818]]}},{"type":"Feature","properties":{"id":1208340952,"highway":"unclassified"},"geometry":{"type":"LineString","coordinates":[[140.150717,36.380892],[140.15071,36.380992]]}},{"type":"Feature","properties":{"id":1208340989,"highway":"unclassified"},"geometry":{"type":"LineString","coordinates":[[140.153473,36.359339],[140.153639,36.358669],[140.153655,36.358569]]}},{"type":"Feature","properties":{"id":1208340992,"highway":"unclassified"},"geometry":{"type":"LineString","coordinates":[[140.145208,36.361976],[140.145328,36.361951],[140.145473,36.361904],[140.145628,36.361843],[140.145742,36.361789],[140.145857,36.361708],[140.145937,36.361657],[140.146055,36.3616],[140.145866,36.361368]]}},{"type":"Feature","properties":{"id":1208340996,"highway":"unclassified"},"geometry":{"type":"LineString","coordinates":[[140.146636,36.358931],[140.146683,36.358934],[140.147193,36.358964],[140.148374,36.359041],[140.149651,36.359128],[140.150944,36.359224],[140.151327,36.359244],[140.151644,36.359251],[140.152236,36.359301],[140.152412,36.359331],[140.15246,36.359364],[140.152517,36.35972],[140.152537,36.359858],[140.152554,36.359917],[140.152583,36.359989],[140.152621,36.360046],[140.152684,36.360101],[140.15279,36.360161],[140.152975,36.360239],[140.153065,36.360312],[140.153096,36.360379],[140.15309,36.360483],[140.152982,36.360896],[140.152975,36.361019],[140.152973,36.361161],[140.152992,36.361383],[140.153021,36.36164],[140.153031,36.361725]]}},{"type":"Feature","properties":{"id":1208408276,"highway":"unclassified"},"geometry":{"type":"LineString","coordinates":[[140.164202,36.390161],[140.164028,36.390093],[140.163868,36.390017],[140.16375,36.389924],[140.163643,36.389821],[140.163541,36.389692],[140.163439,36.389578],[140.163369,36.389481],[140.163272,36.38941],[140.163144,36.389352],[140.162959,36.389309],[140.162854,36.389272],[140.16275,36.389193],[140.162618,36.389063],[140.162469,36.388854],[140.162242,36.388605]]}},{"type":"Feature","properties":{"id":1208408277,"highway":"unclassified"},"geometry":{"type":"LineString","coordinates":[[140.16154,36.386029],[140.161786,36.387028],[140.161815,36.387227],[140.161808,36.387388],[140.161811,36.387578],[140.161838,36.387716],[140.161889,36.387855],[140.162054,36.388318],[140.162149,36.388495],[140.162242,36.388605]]}},{"type":"Feature","properties":{"id":1208408278,"highway":"residential"},"geometry":{"type":"LineString","coordinates":[[140.158154,36.385111],[140.158187,36.385238],[140.158232,36.385305]]}},{"type":"Feature","properties":{"id":1208408279,"highway":"residential"},"geometry":{"type":"LineString","coordinates":[[140.153307,36.385547],[140.153443,36.385842],[140.153455,36.385931],[140.153517,36.386147],[140.15358,36.386243],[140.153603,36.386407],[140.153713,36.386841]]}},{"type":"Feature","properties":{"id":1208408281,"highway":"residential"},"geometry":{"type":"LineString","coordinates":[[140.142322,36.387392],[140.142172,36.387399],[140.142125,36.387361],[140.142066,36.387261],[140.141972,36.387248],[140.141741,36.387229],[140.141589,36.387199],[140.141469,36.387165],[140.141242,36.387056],[140.141148,36.38702]]}},{"type":"Feature","properties":{"id":1208408282,"highway":"unclassified"},"geometry":{"type":"LineString","coordinates":[[140.157201,36.363254],[140.157148,36.363266],[140.155417,36.363292],[140.153271,36.36326],[140.152309,36.363225],[140.149957,36.363178],[140.147602,36.363124],[140.145619,36.363093]]}},{"type":"Feature","properties":{"id":1208412421,"highway":"unclassified"},"geometry":{"type":"LineString","coordinates":[[140.148935,36.38438],[140.148832,36.384489],[140.148435,36.384839],[140.148368,36.384895],[140.14824,36.384969],[140.148092,36.385033],[140.147536,36.38524],[140.147497,36.385261],[140.147405,36.385321],[140.14729,36.385413],[140.147202,36.385522],[140.147146,36.385636],[140.147101,36.385756],[140.146899,36.386269],[140.146769,36.386606],[140.146748,36.386742],[140.146702,36.387234],[140.146656,36.387731],[140.146628,36.38781],[140.146572,36.387869]]}},{"type":"Feature","properties":{"id":1208412422,"highway":"unclassified"},"geometry":{"type":"LineString","coordinates":[[140.134654,36.387208],[140.134584,36.387296],[140.134117,36.387599],[140.133886,36.387721],[140.133821,36.387743]]}},{"type":"Feature","properties":{"id":1208491536,"highway":"unclassified"},"geometry":{"type":"LineString","coordinates":[[140.186652,36.384903],[140.186707,36.384944],[140.186742,36.384981],[140.186761,36.385028],[140.186761,36.385077],[140.186732,36.385121],[140.186671,36.385177],[140.186588,36.385234],[140.186527,36.385253],[140.186482,36.385268],[140.186453,36.385301],[140.186429,36.385362],[140.186407,36.385443]]}},{"type":"Feature","properties":{"id":1209065004,"highway":"service"},"geometry":{"type":"LineString","coordinates":[[140.114185,36.302604],[140.11405,36.302569],[140.113854,36.302556],[140.113288,36.302487]]}},{"type":"Feature","properties":{"id":1209070626,"highway":"service"},"geometry":{"type":"LineString","coordinates":[[140.114637,36.305545],[140.114678,36.305508],[140.114624,36.305248],[140.114635,36.305063],[140.114838,36.304872],[140.11495,36.304602],[140.115009,36.304521],[140.115332,36.304364]]}},{"type":"Feature","properties":{"id":1209070627,"highway":"service"},"geometry":{"type":"LineString","coordinates":[[140.110135,36.304886],[140.109988,36.304242],[140.10998,36.304164],[140.110098,36.304174],[140.110194,36.304167],[140.110294,36.304155],[140.110666,36.304087],[140.111287,36.30396],[140.111376,36.303936]]}},{"type":"Feature","properties":{"id":1209223829,"highway":"service"},"geometry":{"type":"LineString","coordinates":[[140.111852,36.310705],[140.112175,36.310623],[140.112298,36.310609],[140.112449,36.310612],[140.11264,36.310783]]}},{"type":"Feature","properties":{"id":1209229425,"highway":"service"},"geometry":{"type":"LineString","coordinates":[[140.109285,36.316873],[140.109123,36.316892],[140.108817,36.31695],[140.108753,36.316967],[140.108607,36.317062],[140.108486,36.317159],[140.108245,36.317357],[140.107991,36.317483]]}},{"type":"Feature","properties":{"id":1209229446,"highway":"service"},"geometry":{"type":"LineString","coordinates":[[140.098321,36.362326],[140.098462,36.362331],[140.099257,36.362343],[140.099424,36.362387],[140.099786,36.362495],[140.100297,36.362548]]}},{"type":"Feature","properties":{"id":1209229447,"highway":"residential"},"geometry":{"type":"LineString","coordinates":[[140.101569,36.362808],[140.101244,36.362769],[140.100756,36.362736],[140.100245,36.362763],[140.100175,36.362745],[140.100149,36.362682],[140.100167,36.362608],[140.100297,36.362548],[140.10043,36.362474],[140.100497,36.362283]]}},{"type":"Feature","properties":{"id":1209229448,"highway":"unclassified"},"geometry":{"type":"LineString","coordinates":[[140.101727,36.36317],[140.100992,36.363064],[140.100515,36.363055],[140.099808,36.363135],[140.099779,36.363171],[140.100722,36.363393],[140.101521,36.363553],[140.101856,36.363619]]}},{"type":"Feature","properties":{"id":1209229449,"highway":"service"},"geometry":{"type":"LineString","coordinates":[[140.107207,36.362435],[140.107533,36.362218],[140.107741,36.362137],[140.107729,36.362048]]}},{"type":"Feature","properties":{"id":1209229450,"highway":"service"},"geometry":{"type":"LineString","coordinates":[[140.10736,36.362889],[140.107644,36.362817],[140.107767,36.362769],[140.107929,36.362629],[140.108125,36.362286],[140.10824,36.362188],[140.10861,36.362081]]}},{"type":"Feature","properties":{"id":1209229451,"highway":"service"},"geometry":{"type":"LineString","coordinates":[[140.108986,36.363072],[140.10955,36.363028],[140.109708,36.362989],[140.11049,36.362745]]}},{"type":"Feature","properties":{"id":1209234408,"highway":"residential"},"geometry":{"type":"LineString","coordinates":[[140.107215,36.358666],[140.108203,36.358511],[140.108333,36.358455],[140.108777,36.358219]]}},{"type":"Feature","properties":{"id":1209234409,"highway":"service"},"geometry":{"type":"LineString","coordinates":[[140.108777,36.358219],[140.10965,36.358088],[140.109739,36.358061],[140.109867,36.357989],[140.109957,36.357897]]}},{"type":"Feature","properties":{"id":1209234411,"highway":"residential"},"geometry":{"type":"LineString","coordinates":[[140.107168,36.361526],[140.107441,36.361529],[140.107713,36.361541],[140.107966,36.36155],[140.108477,36.361598],[140.108693,36.361595]]}},{"type":"Feature","properties":{"id":1209234412,"highway":"service"},"geometry":{"type":"LineString","coordinates":[[140.106622,36.360959],[140.106624,36.361113],[140.106642,36.361166],[140.106639,36.361271],[140.106619,36.361482],[140.106644,36.36195]]}},{"type":"Feature","properties":{"id":1209234413,"highway":"service"},"geometry":{"type":"LineString","coordinates":[[140.104907,36.361981],[140.104973,36.361896],[140.105199,36.361723],[140.105439,36.361604],[140.105632,36.361473],[140.106003,36.361443]]}},{"type":"Feature","properties":{"id":1219700250,"highway":"service"},"geometry":{"type":"LineString","coordinates":[[140.102343,36.345042],[140.102463,36.345027],[140.10253,36.345045],[140.102558,36.345238],[140.102561,36.345269],[140.102614,36.345296],[140.102663,36.345279],[140.102768,36.34524],[140.102901,36.345213],[140.103016,36.345213],[140.103077,36.345224]]}},{"type":"Feature","properties":{"id":1219700255,"highway":"service"},"geometry":{"type":"LineString","coordinates":[[140.101951,36.342912],[140.102003,36.343295]]}},{"type":"Feature","properties":{"id":1229987528,"highway":"primary"},"geometry":{"type":"LineString","coordinates":[[140.178284,36.303822],[140.178206,36.303889],[140.178163,36.303947],[140.178133,36.304003],[140.178094,36.30409],[140.17774,36.304972],[140.177631,36.305277],[140.177589,36.305412],[140.177559,36.30553],[140.177516,36.305754],[140.177353,36.306676],[140.177288,36.306975],[140.177237,36.307182],[140.177177,36.307388],[140.17677,36.308573],[140.176716,36.308732],[140.176196,36.310313],[140.175874,36.311234],[140.175861,36.311272],[140.175631,36.311904],[140.175572,36.312034],[140.175513,36.31216],[140.175442,36.312276],[140.175336,36.312421],[140.175099,36.312709],[140.174692,36.313215],[140.17396,36.314178],[140.173684,36.314542],[140.173477,36.314833]]}},{"type":"Feature","properties":{"id":1240169513,"highway":"service"},"geometry":{"type":"LineString","coordinates":[[140.109712,36.326928],[140.109788,36.327415],[140.109793,36.327609]]}},{"type":"Feature","properties":{"id":1250324323,"highway":"secondary"},"geometry":{"type":"LineString","coordinates":[[140.144305,36.378145],[140.144121,36.378116]]}},{"type":"Feature","properties":{"id":1250324324,"highway":"secondary"},"geometry":{"type":"LineString","coordinates":[[140.144121,36.378116],[140.144071,36.37811],[140.143903,36.378084],[140.143742,36.378068],[140.143524,36.378056],[140.143249,36.378062],[140.142878,36.378091],[140.142762,36.378095]]}},{"type":"Feature","properties":{"id":1250324325,"highway":"secondary"},"geometry":{"type":"LineString","coordinates":[[140.142431,36.37594],[140.142438,36.37609]]}},{"type":"Feature","properties":{"id":1250324326,"highway":"secondary"},"geometry":{"type":"LineString","coordinates":[[140.142438,36.37609],[140.142441,36.376172],[140.14246,36.376229],[140.142762,36.378095]]}},{"type":"Feature","properties":{"id":1250324327,"highway":"unclassified"},"geometry":{"type":"LineString","coordinates":[[140.145518,36.364453],[140.145589,36.364444],[140.145768,36.364389],[140.145897,36.364338],[140.145985,36.364278],[140.146057,36.364222]]}},{"type":"Feature","properties":{"id":1250324328,"highway":"unclassified"},"geometry":{"type":"LineString","coordinates":[[140.144767,36.360747],[140.144832,36.360733],[140.145137,36.36075],[140.145336,36.360708],[140.145587,36.360667],[140.145729,36.360631],[140.145872,36.360544]]}},{"type":"Feature","properties":{"id":1256041229,"highway":"residential"},"geometry":{"type":"LineString","coordinates":[[140.141616,36.358573],[140.141614,36.358529]]}},{"type":"Feature","properties":{"id":1256041232,"highway":"unclassified"},"geometry":{"type":"LineString","coordinates":[[140.126361,36.355635],[140.126365,36.355688]]}},{"type":"Feature","properties":{"id":1256041233,"highway":"unclassified"},"geometry":{"type":"LineString","coordinates":[[140.126365,36.355688],[140.126369,36.355725]]}},{"type":"Feature","properties":{"id":1256041234,"highway":"tertiary"},"geometry":{"type":"LineString","coordinates":[[140.12749,36.353444],[140.127418,36.353527]]}},{"type":"Feature","properties":{"id":1256041235,"highway":"tertiary"},"geometry":{"type":"LineString","coordinates":[[140.130646,36.352929],[140.130565,36.352905],[140.130477,36.352886],[140.130316,36.352865],[140.129858,36.352818],[140.129566,36.35281],[140.129034,36.352821],[140.128326,36.352853],[140.128146,36.352868],[140.127999,36.352899],[140.127839,36.352978],[140.127768,36.35304],[140.127593,36.353281],[140.12754,36.353372],[140.12749,36.353444]]}},{"type":"Feature","properties":{"id":1261376553,"highway":"unclassified"},"geometry":{"type":"LineString","coordinates":[[140.113871,36.359567],[140.113689,36.359614],[140.113522,36.359658],[140.113257,36.359709],[140.11292,36.359741],[140.112467,36.359772],[140.112149,36.35976],[140.111674,36.3598],[140.11137,36.359868],[140.110971,36.359992],[140.110202,36.360225],[140.109465,36.36043],[140.108534,36.360678],[140.107718,36.360864],[140.107348,36.360941],[140.107165,36.360963],[140.106622,36.360959],[140.105964,36.360983],[140.105272,36.360983],[140.104508,36.360949],[140.103428,36.360878],[140.102645,36.360821],[140.101925,36.360768],[140.101408,36.360751],[140.101029,36.360687],[140.100643,36.36067],[140.100466,36.360694]]}},{"type":"Feature","properties":{"id":1266394502,"highway":"unclassified"},"geometry":{"type":"LineString","coordinates":[[140.127431,36.377426],[140.127368,36.377431],[140.12712,36.377596],[140.126646,36.377717],[140.126313,36.377779],[140.125697,36.377869],[140.125594,36.377902],[140.124587,36.378255]]}},{"type":"Feature","properties":{"id":1266394503,"highway":"residential"},"geometry":{"type":"LineString","coordinates":[[140.121214,36.388105],[140.12128,36.387821]]}},{"type":"Feature","properties":{"id":1266394504,"highway":"residential"},"geometry":{"type":"LineString","coordinates":[[140.124513,36.386188],[140.124451,36.386394],[140.124415,36.386477],[140.124371,36.386683],[140.124303,36.386836],[140.123706,36.387292],[140.123567,36.387346],[140.123176,36.387365],[140.12273,36.387401],[140.12234,36.387503],[140.122069,36.387513],[140.121946,36.387545],[140.121404,36.387814],[140.12128,36.387821],[140.121069,36.387638],[140.120998,36.38757]]}},{"type":"Feature","properties":{"id":1266394506,"highway":"unclassified"},"geometry":{"type":"LineString","coordinates":[[140.107124,36.374947],[140.107126,36.375028],[140.107059,36.375242],[140.107008,36.375319],[140.106917,36.375458],[140.106764,36.37585]]}},{"type":"Feature","properties":{"id":1267290545,"highway":"service"},"geometry":{"type":"LineString","coordinates":[[140.112377,36.358878],[140.11143,36.358995],[140.111417,36.358978],[140.111415,36.358938]]}},{"type":"Feature","properties":{"id":1267290546,"highway":"service"},"geometry":{"type":"LineString","coordinates":[[140.109776,36.359024],[140.109783,36.358973]]}},{"type":"Feature","properties":{"id":1267290547,"highway":"service"},"geometry":{"type":"LineString","coordinates":[[140.111415,36.358938],[140.111426,36.358848],[140.111432,36.358793],[140.111421,36.358689],[140.111417,36.358641],[140.11142,36.358613],[140.111445,36.358574],[140.111608,36.358452]]}},{"type":"Feature","properties":{"id":1267290548,"highway":"unclassified"},"geometry":{"type":"LineString","coordinates":[[140.108454,36.359994],[140.108514,36.359955],[140.108633,36.359905],[140.108764,36.359854],[140.108897,36.359821],[140.109054,36.359794],[140.109458,36.359761]]}},{"type":"Feature","properties":{"id":1267290560,"highway":"residential"},"geometry":{"type":"LineString","coordinates":[[140.105169,36.35669],[140.105788,36.356465],[140.10597,36.35638],[140.106115,36.356321],[140.106224,36.356294],[140.106333,36.356282],[140.106469,36.356284],[140.106703,36.356313],[140.107276,36.356391],[140.107347,36.356391],[140.107413,36.356377],[140.107464,36.356363],[140.107534,36.356329],[140.108051,36.356055],[140.108204,36.355946]]}},{"type":"Feature","properties":{"id":1267290562,"highway":"residential"},"geometry":{"type":"LineString","coordinates":[[140.106647,36.354783],[140.106697,36.354779],[140.106752,36.354778],[140.106821,36.354786],[140.106861,36.354804],[140.10689,36.35483],[140.107036,36.355056],[140.107042,36.355103],[140.107022,36.355161],[140.106992,36.355215],[140.106934,36.355269],[140.106891,36.355301],[140.106807,36.355335],[140.106161,36.355523],[140.106074,36.355528],[140.105863,36.355539],[140.105757,36.355545],[140.105686,36.355555],[140.105634,36.355559],[140.105585,36.355561],[140.105516,36.35556],[140.10545,36.35555],[140.105367,36.355539],[140.105289,36.355526],[140.105201,36.355524],[140.105092,36.355528],[140.105001,36.355541]]}},{"type":"Feature","properties":{"id":1267290563,"highway":"service"},"geometry":{"type":"LineString","coordinates":[[140.105486,36.354652],[140.10541,36.354485],[140.105376,36.354456],[140.105337,36.354443],[140.105274,36.354442],[140.105097,36.354486],[140.10504,36.354484],[140.104666,36.354594]]}},{"type":"Feature","properties":{"id":1267290564,"highway":"service"},"geometry":{"type":"LineString","coordinates":[[140.105064,36.355833],[140.105025,36.355894],[140.104962,36.356068],[140.104922,36.356111],[140.104767,36.356221],[140.104521,36.356347],[140.104343,36.35645]]}},{"type":"Feature","properties":{"id":1267290565,"highway":"service"},"geometry":{"type":"LineString","coordinates":[[140.102898,36.355598],[140.102907,36.355509],[140.10267,36.355062],[140.102605,36.355026],[140.102488,36.354844],[140.102465,36.354816]]}},{"type":"Feature","properties":{"id":1267290566,"highway":"service"},"geometry":{"type":"LineString","coordinates":[[140.102249,36.355562],[140.102196,36.355593],[140.101951,36.355657],[140.101766,36.355727],[140.101289,36.355852],[140.101108,36.355901],[140.100951,36.355931],[140.100818,36.35598],[140.10079,36.356014],[140.100743,36.3561],[140.100738,36.356153],[140.100771,36.356271]]}},{"type":"Feature","properties":{"id":1267290577,"highway":"service"},"geometry":{"type":"LineString","coordinates":[[140.105557,36.349153],[140.105124,36.349141],[140.105069,36.349149],[140.105024,36.349169],[140.10501,36.349209],[140.104971,36.349561],[140.104951,36.349594]]}},{"type":"Feature","properties":{"id":1267290578,"highway":"residential"},"geometry":{"type":"LineString","coordinates":[[140.103684,36.350249],[140.103419,36.350386],[140.103314,36.350434]]}},{"type":"Feature","properties":{"id":1267290580,"highway":"service"},"geometry":{"type":"LineString","coordinates":[[140.105862,36.349626],[140.10598,36.349819],[140.106002,36.349986],[140.106025,36.350376]]}},{"type":"Feature","properties":{"id":1267290581,"highway":"residential"},"geometry":{"type":"LineString","coordinates":[[140.103363,36.351006],[140.103836,36.350786],[140.104348,36.350503],[140.104853,36.350188],[140.105116,36.350039],[140.105311,36.349933],[140.105601,36.349749],[140.105767,36.34968],[140.105862,36.349626]]}},{"type":"Feature","properties":{"id":1267290585,"highway":"service"},"geometry":{"type":"LineString","coordinates":[[140.105067,36.348901],[140.105044,36.348862],[140.105015,36.348852],[140.104908,36.348844],[140.104513,36.348801],[140.104431,36.348801],[140.104375,36.348813],[140.104318,36.348857],[140.104274,36.348915],[140.104184,36.348983],[140.103851,36.349067],[140.103204,36.349178]]}},{"type":"Feature","properties":{"id":1267290597,"highway":"service"},"geometry":{"type":"LineString","coordinates":[[140.104519,36.321697],[140.104409,36.32193],[140.104229,36.322258],[140.104073,36.322581],[140.104002,36.322766],[140.10396,36.322775],[140.103728,36.32279],[140.103662,36.322786],[140.103616,36.322776],[140.103576,36.322755],[140.103544,36.322727]]}},{"type":"Feature","properties":{"id":1267290598,"highway":"residential"},"geometry":{"type":"LineString","coordinates":[[140.10436,36.323051],[140.104414,36.32278],[140.104438,36.322564],[140.104464,36.322272],[140.104472,36.322174],[140.104487,36.322099],[140.104549,36.321938],[140.104627,36.321711]]}},{"type":"Feature","properties":{"id":1267290614,"highway":"service"},"geometry":{"type":"LineString","coordinates":[[140.105629,36.325789],[140.105549,36.325767],[140.105218,36.325616],[140.104985,36.325548],[140.10486,36.325517],[140.104659,36.325508],[140.104441,36.325516],[140.104277,36.325528]]}},{"type":"Feature","properties":{"id":1267290616,"highway":"service"},"geometry":{"type":"LineString","coordinates":[[140.104596,36.325942],[140.104652,36.325567],[140.104659,36.325508]]}},{"type":"Feature","properties":{"id":1267290620,"highway":"service"},"geometry":{"type":"LineString","coordinates":[[140.106687,36.323581],[140.106616,36.323585],[140.106439,36.323651]]}},{"type":"Feature","properties":{"id":1267290621,"highway":"unclassified"},"geometry":{"type":"LineString","coordinates":[[140.102816,36.317864],[140.102836,36.318213],[140.102892,36.318345],[140.102948,36.318425]]}},{"type":"Feature","properties":{"id":1267290622,"highway":"unclassified"},"geometry":{"type":"LineString","coordinates":[[140.102804,36.317731],[140.102816,36.317864]]}},{"type":"Feature","properties":{"id":1267290653,"highway":"service"},"geometry":{"type":"LineString","coordinates":[[140.102858,36.301588],[140.10285,36.301603],[140.102863,36.301627],[140.102917,36.301659],[140.103038,36.301719],[140.103215,36.301833]]}},{"type":"Feature","properties":{"id":1267290654,"highway":"service"},"geometry":{"type":"LineString","coordinates":[[140.102886,36.301549],[140.102858,36.301588]]}},{"type":"Feature","properties":{"id":1267290661,"highway":"tertiary"},"geometry":{"type":"LineString","coordinates":[[140.10281,36.301374],[140.102036,36.301097]]}},{"type":"Feature","properties":{"id":1267290662,"highway":"tertiary"},"geometry":{"type":"LineString","coordinates":[[140.102036,36.301097],[140.101827,36.301027],[140.101684,36.300981]]}},{"type":"Feature","properties":{"id":1267309142,"highway":"service"},"geometry":{"type":"LineString","coordinates":[[140.100771,36.356271],[140.100862,36.356456],[140.100938,36.356617]]}},{"type":"Feature","properties":{"id":1267309187,"highway":"residential"},"geometry":{"type":"LineString","coordinates":[[140.101471,36.343994],[140.101538,36.343957],[140.101593,36.343902],[140.101717,36.343646],[140.10189,36.34344],[140.102003,36.343295]]}},{"type":"Feature","properties":{"id":1267309191,"highway":"service"},"geometry":{"type":"LineString","coordinates":[[140.104712,36.33294],[140.104562,36.332925],[140.104234,36.332973],[140.104223,36.333151],[140.104239,36.333276],[140.104266,36.333402],[140.104324,36.333445]]}},{"type":"Feature","properties":{"id":1311234019,"highway":"tertiary"},"geometry":{"type":"LineString","coordinates":[[140.187662,36.346682],[140.187579,36.346617],[140.187307,36.346403]]}},{"type":"Feature","properties":{"id":1347235882,"highway":"unclassified"},"geometry":{"type":"LineString","coordinates":[[140.127496,36.385318],[140.127422,36.385377]]}},{"type":"Feature","properties":{"id":1347235883,"highway":"unclassified"},"geometry":{"type":"LineString","coordinates":[[140.127422,36.385377],[140.127385,36.385408]]}},{"type":"Feature","properties":{"id":1347235884,"highway":"unclassified"},"geometry":{"type":"LineString","coordinates":[[140.129131,36.386666],[140.129057,36.386724]]}},{"type":"Feature","properties":{"id":1347235885,"highway":"unclassified"},"geometry":{"type":"LineString","coordinates":[[140.129057,36.386724],[140.129025,36.38675]]}},{"type":"Feature","properties":{"id":1347235886,"highway":"unclassified"},"geometry":{"type":"LineString","coordinates":[[140.129757,36.388523],[140.129875,36.388529]]}},{"type":"Feature","properties":{"id":1347235887,"highway":"unclassified"},"geometry":{"type":"LineString","coordinates":[[140.129714,36.388518],[140.129757,36.388523]]}},{"type":"Feature","properties":{"id":1347235888,"highway":"unclassified"},"geometry":{"type":"LineString","coordinates":[[140.125303,36.398263],[140.125209,36.398257]]}},{"type":"Feature","properties":{"id":1347235889,"highway":"unclassified"},"geometry":{"type":"LineString","coordinates":[[140.125209,36.398257],[140.12518,36.398255],[140.123057,36.398061]]}},{"type":"Feature","properties":{"id":1347235891,"highway":"unclassified"},"geometry":{"type":"LineString","coordinates":[[140.128436,36.391472],[140.128519,36.391528]]}},{"type":"Feature","properties":{"id":1347235892,"highway":"unclassified"},"geometry":{"type":"LineString","coordinates":[[140.128415,36.39146],[140.128436,36.391472]]}},{"type":"Feature","properties":{"id":1347235893,"highway":"unclassified"},"geometry":{"type":"LineString","coordinates":[[140.126971,36.393069],[140.126874,36.393003]]}},{"type":"Feature","properties":{"id":1347235894,"highway":"unclassified"},"geometry":{"type":"LineString","coordinates":[[140.126874,36.393003],[140.126847,36.392982]]}},{"type":"Feature","properties":{"id":1347235895,"highway":"unclassified"},"geometry":{"type":"LineString","coordinates":[[140.125669,36.395799],[140.12555,36.395809]]}},{"type":"Feature","properties":{"id":1350622545,"highway":"unclassified"},"geometry":{"type":"LineString","coordinates":[[140.135931,36.365579],[140.135867,36.365603],[140.135797,36.36559],[140.135682,36.365542],[140.135587,36.365499],[140.135443,36.365471],[140.135267,36.365434],[140.13503,36.36537],[140.134853,36.365305],[140.134714,36.365241],[140.134643,36.365197],[140.134576,36.365141],[140.134518,36.365072],[140.134444,36.364937],[140.1344,36.364857],[140.134342,36.364774],[140.134238,36.364664],[140.133924,36.364384],[140.133711,36.364221],[140.13356,36.364131],[140.133539,36.364101]]}},{"type":"Feature","properties":{"id":1350622551,"highway":"residential"},"geometry":{"type":"LineString","coordinates":[[140.159884,36.370073],[140.159875,36.36993],[140.159902,36.369794],[140.15992,36.369708],[140.159832,36.369675],[140.159307,36.369598],[140.159197,36.369596],[140.159033,36.369552],[140.158701,36.369593],[140.15858,36.369541]]}},{"type":"Feature","properties":{"id":1350653684,"highway":"residential"},"geometry":{"type":"LineString","coordinates":[[140.187431,36.344105],[140.18735,36.344115]]}},{"type":"Feature","properties":{"id":1350653685,"highway":"residential"},"geometry":{"type":"LineString","coordinates":[[140.188168,36.344024],[140.1879,36.344044],[140.187431,36.344105]]}},{"type":"Feature","properties":{"id":1350653698,"highway":"unclassified"},"geometry":{"type":"LineString","coordinates":[[140.178324,36.345142],[140.178548,36.345249]]}},{"type":"Feature","properties":{"id":1350653699,"highway":"unclassified"},"geometry":{"type":"LineString","coordinates":[[140.177604,36.345025],[140.177807,36.344949],[140.178007,36.344997],[140.178244,36.345104],[140.178324,36.345142]]}},{"type":"Feature","properties":{"id":1350653707,"highway":"unclassified"},"geometry":{"type":"LineString","coordinates":[[140.184001,36.326306],[140.183755,36.326257],[140.183534,36.326232],[140.183224,36.326283],[140.182893,36.326356],[140.182724,36.326605],[140.182568,36.326683],[140.182507,36.326712],[140.182454,36.326762]]}},{"type":"Feature","properties":{"id":1350653711,"highway":"unclassified"},"geometry":{"type":"LineString","coordinates":[[140.188868,36.341792],[140.188891,36.341859]]}},{"type":"Feature","properties":{"id":1350653712,"highway":"unclassified"},"geometry":{"type":"LineString","coordinates":[[140.18866,36.341559],[140.188817,36.341597],[140.188858,36.341763],[140.188868,36.341792]]}},{"type":"Feature","properties":{"id":1353386436,"highway":"service"},"geometry":{"type":"LineString","coordinates":[[140.110798,36.327515],[140.110971,36.327379],[140.111185,36.327279],[140.111389,36.32713],[140.111539,36.327013],[140.111601,36.326767]]}},{"type":"Feature","properties":{"id":1373730537,"highway":"unclassified"},"geometry":{"type":"LineString","coordinates":[[140.111331,36.365087],[140.111475,36.365537],[140.11164,36.365998]]}},{"type":"Feature","properties":{"id":1373730539,"highway":"unclassified"},"geometry":{"type":"LineString","coordinates":[[140.105595,36.3695],[140.105617,36.369537],[140.105594,36.36969],[140.105602,36.369922],[140.105627,36.369952],[140.105661,36.369989],[140.105668,36.370032],[140.105697,36.370061],[140.105754,36.37008],[140.107819,36.370211],[140.108141,36.370214],[140.108622,36.370202]]}},{"type":"Feature","properties":{"id":1373730540,"highway":"residential"},"geometry":{"type":"LineString","coordinates":[[140.111089,36.369528],[140.111189,36.370053]]}},{"type":"Feature","properties":{"id":1373730559,"highway":"residential"},"geometry":{"type":"LineString","coordinates":[[140.139395,36.378003],[140.139706,36.377934],[140.139985,36.377756],[140.140032,36.377716],[140.140165,36.377716],[140.14035,36.377748],[140.140864,36.377821],[140.14127,36.37787],[140.141782,36.377891]]}},{"type":"Feature","properties":{"id":1373739052,"highway":"residential"},"geometry":{"type":"LineString","coordinates":[[140.115844,36.364739],[140.117808,36.364168]]}},{"type":"Feature","properties":{"id":1374141449,"highway":"unclassified"},"geometry":{"type":"LineString","coordinates":[[140.180895,36.352749],[140.180775,36.352528],[140.18074,36.35238],[140.180716,36.352093],[140.180917,36.351957],[140.180966,36.351845],[140.181062,36.351756],[140.181127,36.351592],[140.181277,36.351516],[140.181427,36.351495],[140.181459,36.351451]]}},{"type":"Feature","properties":{"id":1384519940,"highway":"trunk"},"geometry":{"type":"LineString","coordinates":[[140.19433,36.356793],[140.196035,36.357946]]}},{"type":"Feature","properties":{"id":1384519943,"highway":"trunk"},"geometry":{"type":"LineString","coordinates":[[140.178786,36.350747],[140.179146,36.350842],[140.181459,36.351451],[140.182609,36.351754]]}},{"type":"Feature","properties":{"id":1384519944,"highway":"trunk"},"geometry":{"type":"LineString","coordinates":[[140.182609,36.351754],[140.182697,36.351778]]}},{"type":"Feature","properties":{"id":1384519947,"highway":"tertiary"},"geometry":{"type":"LineString","coordinates":[[140.09514,36.359384],[140.096246,36.359465],[140.096771,36.359508],[140.097018,36.359537],[140.097283,36.3596],[140.097629,36.359698],[140.09908,36.360173],[140.099607,36.360356],[140.100466,36.360694]]}},{"type":"Feature","properties":{"id":1384519948,"highway":"tertiary"},"geometry":{"type":"LineString","coordinates":[[140.110831,36.36144],[140.110911,36.361407],[140.11135,36.361207],[140.112568,36.360579],[140.11305,36.360341],[140.113317,36.360158],[140.113446,36.36004],[140.113623,36.359879],[140.113771,36.359692],[140.113871,36.359567]]}},{"type":"Feature","properties":{"id":1390899994,"highway":"service"},"geometry":{"type":"LineString","coordinates":[[140.171803,36.317505],[140.17153,36.317561],[140.171427,36.317587],[140.171328,36.31762],[140.171266,36.317657],[140.171144,36.317797],[140.171094,36.317842],[140.171038,36.317856],[140.170993,36.317856],[140.170954,36.317856],[140.170859,36.317839],[140.170774,36.317797],[140.170664,36.317757],[140.170639,36.31773],[140.170586,36.317624],[140.170433,36.31747],[140.170406,36.317434],[140.17041,36.317392],[140.170438,36.31734],[140.170445,36.317315],[140.170436,36.317282]]}},{"type":"Feature","properties":{"id":1390899995,"highway":"residential"},"geometry":{"type":"LineString","coordinates":[[140.171005,36.318151],[140.170993,36.317856]]}},{"type":"Feature","properties":{"id":1391608509,"highway":"secondary"},"geometry":{"type":"LineString","coordinates":[[140.146313,36.356305],[140.14626,36.356299],[140.146123,36.356259],[140.146045,36.356225],[140.146009,36.356198],[140.145985,36.356172],[140.145958,36.356129],[140.145906,36.356057],[140.145875,36.356024],[140.145839,36.355991],[140.145804,36.355969],[140.145767,36.355949],[140.145729,36.355932],[140.145684,36.355914],[140.145655,36.355905],[140.145642,36.355902],[140.145637,36.355901]]}},{"type":"Feature","properties":{"id":1391608517,"highway":"secondary"},"geometry":{"type":"LineString","coordinates":[[140.145543,36.355893],[140.145322,36.355873]]}},{"type":"Feature","properties":{"id":1391608519,"highway":"secondary"},"geometry":{"type":"LineString","coordinates":[[140.145322,36.355873],[140.145303,36.355687],[140.145302,36.355611],[140.145306,36.355541],[140.145325,36.355456],[140.145353,36.355384],[140.145453,36.355175],[140.145474,36.355104],[140.145474,36.355046],[140.145462,36.35499],[140.145455,36.354972],[140.145435,36.354938],[140.145418,36.354924]]}},{"type":"Feature","properties":{"id":1391608520,"highway":"unclassified"},"geometry":{"type":"LineString","coordinates":[[140.140556,36.351479],[140.140633,36.351495],[140.14075,36.351471],[140.141087,36.351381],[140.141615,36.351323],[140.141719,36.351126],[140.141728,36.350983],[140.141707,36.350732],[140.141732,36.350605],[140.141773,36.350496],[140.141942,36.350235],[140.142117,36.349997],[140.14228,36.349742],[140.142359,36.349653],[140.142493,36.349538],[140.142563,36.349511]]}},{"type":"Feature","properties":{"id":1418341115,"highway":"unclassified"},"geometry":{"type":"LineString","coordinates":[[140.194629,36.341494],[140.194034,36.341767],[140.193897,36.341826],[140.19378,36.341812],[140.193726,36.341804],[140.193667,36.34181],[140.19347,36.341916]]}},{"type":"Feature","properties":{"id":1421293806,"highway":"secondary"},"geometry":{"type":"LineString","coordinates":[[140.130875,36.398163],[140.130907,36.398121]]}},{"type":"Feature","properties":{"id":1421293807,"highway":"secondary"},"geometry":{"type":"LineString","coordinates":[[140.129643,36.399624],[140.129829,36.399473],[140.13008,36.399195],[140.130282,36.398908],[140.130797,36.398267],[140.130875,36.398163]]}},{"type":"Feature","properties":{"id":1421293812,"highway":"unclassified"},"geometry":{"type":"LineString","coordinates":[[140.132801,36.39993],[140.132801,36.399958]]}},{"type":"Feature","properties":{"id":1421293813,"highway":"unclassified"},"geometry":{"type":"LineString","coordinates":[[140.132824,36.39931],[140.132801,36.39993]]}},{"type":"Feature","properties":{"id":1424719544,"highway":"residential"},"geometry":{"type":"LineString","coordinates":[[140.189103,36.352583],[140.189132,36.352543]]}},{"type":"Feature","properties":{"id":1424719548,"highway":"tertiary"},"geometry":{"type":"LineString","coordinates":[[140.19658,36.363451],[140.195427,36.363453],[140.193452,36.363458]]}},{"type":"Feature","properties":{"id":1424781497,"highway":"trunk"},"geometry":{"type":"LineString","coordinates":[[140.196756,36.358433],[140.196989,36.358589],[140.197245,36.358761]]}},{"type":"Feature","properties":{"id":1424781498,"highway":"trunk"},"geometry":{"type":"LineString","coordinates":[[140.196369,36.358172],[140.196624,36.358344],[140.196756,36.358433]]}},{"type":"Feature","properties":{"id":1424781499,"highway":"trunk"},"geometry":{"type":"LineString","coordinates":[[140.196035,36.357946],[140.19619,36.358051],[140.196369,36.358172]]}},{"type":"Feature","properties":{"id":1436926697,"highway":"service"},"geometry":{"type":"LineString","coordinates":[[140.18704,36.340594],[140.18716,36.340817],[140.187243,36.340836],[140.187452,36.340871],[140.187608,36.340905],[140.187648,36.341086],[140.187685,36.341086],[140.187947,36.341039]]}},{"type":"Feature","properties":{"id":1442758696,"highway":"unclassified"},"geometry":{"type":"LineString","coordinates":[[140.103779,36.366711],[140.103304,36.366722],[140.102794,36.366715]]}},{"type":"Feature","properties":{"id":1442759078,"highway":"residential"},"geometry":{"type":"LineString","coordinates":[[140.113063,36.360948],[140.113259,36.360793],[140.113556,36.360499],[140.113586,36.360456],[140.113591,36.360411],[140.113474,36.360056],[140.113446,36.36004]]}},{"type":"Feature","properties":{"id":1442760713,"highway":"unclassified"},"geometry":{"type":"LineString","coordinates":[[140.104984,36.369945],[140.105375,36.369976],[140.105596,36.36997],[140.105627,36.369952]]}},{"type":"Feature","properties":{"id":1442762073,"highway":"residential"},"geometry":{"type":"LineString","coordinates":[[140.117928,36.363382],[140.119044,36.363081],[140.11934,36.363002]]}},{"type":"Feature","properties":{"id":1442762074,"highway":"residential"},"geometry":{"type":"LineString","coordinates":[[140.119044,36.363081],[140.119148,36.363622]]}},{"type":"Feature","properties":{"id":1442762164,"highway":"unclassified"},"geometry":{"type":"LineString","coordinates":[[140.101991,36.366805],[140.10279,36.366854]]}},{"type":"Feature","properties":{"id":1442765504,"highway":"residential"},"geometry":{"type":"LineString","coordinates":[[140.106841,36.367402],[140.107244,36.367411],[140.107281,36.367405],[140.107417,36.367314],[140.10743,36.367294],[140.107422,36.366966]]}},{"type":"Feature","properties":{"id":1442765934,"highway":"unclassified"},"geometry":{"type":"LineString","coordinates":[[140.129858,36.352818],[140.129856,36.352774],[140.12987,36.352702],[140.129856,36.352626],[140.129782,36.352471],[140.129721,36.352294],[140.129518,36.35192],[140.129496,36.351744]]}},{"type":"Feature","properties":{"id":1442769051,"highway":"unclassified"},"geometry":{"type":"LineString","coordinates":[[140.102833,36.365342],[140.103406,36.365406]]}},{"type":"Feature","properties":{"id":1442769052,"highway":"unclassified"},"geometry":{"type":"LineString","coordinates":[[140.102218,36.365773],[140.102247,36.364595]]}},{"type":"Feature","properties":{"id":1442769717,"highway":"unclassified"},"geometry":{"type":"LineString","coordinates":[[140.112481,36.365818],[140.112579,36.366142],[140.112566,36.366167],[140.11226,36.366311],[140.112233,36.366315],[140.111712,36.366184],[140.111687,36.366186]]}},{"type":"Feature","properties":{"id":1442772915,"highway":"residential"},"geometry":{"type":"LineString","coordinates":[[140.141201,36.376164],[140.141194,36.376218],[140.141213,36.376325],[140.141244,36.37639],[140.141288,36.376401],[140.141715,36.376345],[140.142208,36.376275],[140.14246,36.376229]]}},{"type":"Feature","properties":{"id":1442774500,"highway":"service"},"geometry":{"type":"LineString","coordinates":[[140.107464,36.320018],[140.107663,36.320213],[140.107878,36.320318],[140.108116,36.320353],[140.108517,36.320431]]}},{"type":"Feature","properties":{"id":1442776502,"highway":"unclassified"},"geometry":{"type":"LineString","coordinates":[[140.146057,36.364222],[140.145971,36.364046],[140.145816,36.363648],[140.145752,36.36363],[140.145683,36.36363]]}},{"type":"Feature","properties":{"id":1442777062,"highway":"residential"},"geometry":{"type":"LineString","coordinates":[[140.151644,36.359251],[140.151581,36.359684],[140.151532,36.359972],[140.15151,36.359987],[140.150957,36.359978]]}},{"type":"Feature","properties":{"id":1442778443,"highway":"residential"},"geometry":{"type":"LineString","coordinates":[[140.15246,36.359364],[140.15251,36.359336],[140.152518,36.359332],[140.1526,36.359138],[140.152684,36.358905],[140.152829,36.358441]]}},{"type":"Feature","properties":{"id":1442820993,"highway":"residential"},"geometry":{"type":"LineString","coordinates":[[140.142593,36.35682],[140.142496,36.356605],[140.142436,36.356395],[140.142436,36.356287],[140.142474,36.356162],[140.14262,36.355945],[140.142711,36.355815],[140.142823,36.355497],[140.14283,36.355463]]}},{"type":"Feature","properties":{"id":1442821938,"highway":"residential"},"geometry":{"type":"LineString","coordinates":[[140.184901,36.351843],[140.184902,36.352215]]}},{"type":"Feature","properties":{"id":1442829064,"highway":"unclassified"},"geometry":{"type":"LineString","coordinates":[[140.199679,36.360423],[140.19998,36.36024],[140.200058,36.360165],[140.200285,36.359862],[140.200541,36.359668]]}},{"type":"Feature","properties":{"id":1442834503,"highway":"residential"},"geometry":{"type":"LineString","coordinates":[[140.140883,36.349842],[140.140946,36.349872],[140.141014,36.34996],[140.141142,36.350126],[140.141309,36.350263],[140.141417,36.350317],[140.141508,36.350327],[140.141595,36.350312],[140.141802,36.350225],[140.141878,36.350221],[140.141942,36.350235]]}},{"type":"Feature","properties":{"id":1442836470,"highway":"residential"},"geometry":{"type":"LineString","coordinates":[[140.135496,36.354056],[140.135586,36.353314],[140.135633,36.352778],[140.135658,36.352233],[140.135632,36.352215],[140.135342,36.352219]]}},{"type":"Feature","properties":{"id":1442836471,"highway":"residential"},"geometry":{"type":"LineString","coordinates":[[140.135326,36.352766],[140.135633,36.352778]]}},{"type":"Feature","properties":{"id":1446278935,"highway":"residential"},"geometry":{"type":"LineString","coordinates":[[140.119144,36.381088],[140.119092,36.381126],[140.118941,36.381406],[140.118872,36.381523],[140.118807,36.381622],[140.118702,36.381725],[140.118656,36.381787],[140.118655,36.38187],[140.118607,36.381973]]}},{"type":"Feature","properties":{"id":1446281791,"highway":"unclassified"},"geometry":{"type":"LineString","coordinates":[[140.118714,36.374717],[140.118566,36.3748],[140.118477,36.374834],[140.118395,36.374847],[140.117646,36.374867],[140.117353,36.37485],[140.116976,36.374817],[140.116229,36.374752],[140.115863,36.374748],[140.115819,36.374769],[140.115774,36.374935],[140.115526,36.374936]]}},{"type":"Feature","properties":{"id":1458279909,"highway":"service"},"geometry":{"type":"LineString","coordinates":[[140.18374,36.353287],[140.183894,36.352958],[140.183953,36.352893],[140.18398,36.352868]]}},{"type":"Feature","properties":{"id":1458282736,"highway":"trunk"},"geometry":{"type":"LineString","coordinates":[[140.182697,36.351778],[140.183321,36.351942]]}},{"type":"Feature","properties":{"id":1458282737,"highway":"trunk"},"geometry":{"type":"LineString","coordinates":[[140.183749,36.352058],[140.184187,36.352176]]}},{"type":"Feature","properties":{"id":1458282738,"highway":"trunk"},"geometry":{"type":"LineString","coordinates":[[140.183321,36.351942],[140.183512,36.351992],[140.183749,36.352058]]}},{"type":"Feature","properties":{"id":1478804230,"highway":"unclassified"},"geometry":{"type":"LineString","coordinates":[[140.124371,36.359374],[140.124556,36.359412],[140.125743,36.359672],[140.126707,36.359884],[140.126777,36.35989],[140.126841,36.3599],[140.127924,36.360038],[140.1292,36.360166],[140.131382,36.360379],[140.131808,36.360411],[140.13247,36.360461],[140.132742,36.360496],[140.133262,36.360581],[140.133434,36.36062],[140.13374,36.360709],[140.133928,36.360776],[140.134205,36.360895],[140.134241,36.360911]]}},{"type":"Feature","properties":{"id":1478804231,"highway":"unclassified"},"geometry":{"type":"LineString","coordinates":[[140.134737,36.356364],[140.134659,36.356588],[140.134623,36.356837],[140.134609,36.357049],[140.13458,36.358057],[140.134592,36.358431]]}},{"type":"Feature","properties":{"id":1478804232,"highway":"unclassified"},"geometry":{"type":"LineString","coordinates":[[140.118208,36.36544],[140.117408,36.365683],[140.116863,36.365849]]}},{"type":"Feature","properties":{"id":1478804233,"highway":"tertiary"},"geometry":{"type":"LineString","coordinates":[[140.117441,36.361877],[140.117488,36.361984],[140.117578,36.362273],[140.11786,36.363166],[140.117928,36.363382],[140.118215,36.364287],[140.11826,36.364411]]}},{"type":"Feature","properties":{"id":1478804234,"highway":"unclassified"},"geometry":{"type":"LineString","coordinates":[[140.125365,36.368408],[140.125245,36.368482],[140.125204,36.368497]]}},{"type":"Feature","properties":{"id":1478807656,"highway":"unclassified"},"geometry":{"type":"LineString","coordinates":[[140.160937,36.384263],[140.160896,36.384308]]}},{"type":"Feature","properties":{"id":1478807657,"highway":"unclassified"},"geometry":{"type":"LineString","coordinates":[[140.160896,36.384308],[140.160844,36.384329]]}},{"type":"Feature","properties":{"id":1479659711,"highway":"unclassified"},"geometry":{"type":"LineString","coordinates":[[140.17049,36.381516],[140.170517,36.381464]]}},{"type":"Feature","properties":{"id":1479659712,"highway":"unclassified"},"geometry":{"type":"LineString","coordinates":[[140.17048,36.381571],[140.17049,36.381516]]}},{"type":"Feature","properties":{"id":1479659713,"highway":"residential"},"geometry":{"type":"LineString","coordinates":[[140.170668,36.373081],[140.170312,36.372904],[140.170167,36.372831],[140.169968,36.372741],[140.169918,36.372728],[140.169854,36.372703]]}},{"type":"Feature","properties":{"id":1480134133,"highway":"service"},"geometry":{"type":"LineString","coordinates":[[140.158574,36.382117],[140.158443,36.382057],[140.158359,36.382023],[140.158256,36.381954],[140.158136,36.381851],[140.158003,36.381762]]}},{"type":"Feature","properties":{"id":1480134134,"highway":"service"},"geometry":{"type":"LineString","coordinates":[[140.151086,36.379091],[140.151083,36.378829],[140.151101,36.378785]]}},{"type":"Feature","properties":{"id":1480134135,"highway":"service"},"geometry":{"type":"LineString","coordinates":[[140.151726,36.378531],[140.151722,36.378271],[140.151714,36.378053]]}},{"type":"Feature","properties":{"id":1480134136,"highway":"residential"},"geometry":{"type":"LineString","coordinates":[[140.16374,36.374665],[140.163681,36.374504],[140.16362,36.374365]]}},{"type":"Feature","properties":{"id":1480207519,"highway":"residential"},"geometry":{"type":"LineString","coordinates":[[140.12904,36.384554],[140.129067,36.384589],[140.12926,36.38511],[140.129328,36.385314],[140.129391,36.385464],[140.129448,36.38563],[140.12946,36.385806],[140.12947,36.38609],[140.1295,36.386227]]}},{"type":"Feature","properties":{"id":1480648703,"highway":"residential"},"geometry":{"type":"LineString","coordinates":[[140.139623,36.389832],[140.139173,36.390129],[140.139079,36.390206],[140.139008,36.39027],[140.138949,36.390361],[140.138919,36.390453],[140.138822,36.390454],[140.138709,36.390475]]}},{"type":"Feature","properties":{"id":1480648705,"highway":"residential"},"geometry":{"type":"LineString","coordinates":[[140.13346,36.384707],[140.133219,36.384698],[140.13282,36.384753],[140.132703,36.384762],[140.132601,36.38477]]}},{"type":"Feature","properties":{"id":1480648706,"highway":"unclassified"},"geometry":{"type":"LineString","coordinates":[[140.158693,36.387209],[140.158475,36.386775]]}},{"type":"Feature","properties":{"id":1480648707,"highway":"unclassified"},"geometry":{"type":"LineString","coordinates":[[140.158475,36.386775],[140.158413,36.386717],[140.158305,36.386648]]}},{"type":"Feature","properties":{"id":1480648708,"highway":"unclassified"},"geometry":{"type":"LineString","coordinates":[[140.15982,36.383496],[140.159988,36.383604],[140.160378,36.383845],[140.160522,36.383927],[140.160683,36.384032],[140.160934,36.3842],[140.160974,36.384233],[140.161026,36.384261],[140.161367,36.384473],[140.161616,36.384627],[140.161819,36.384762],[140.161945,36.384852],[140.162068,36.384956],[140.162192,36.385063],[140.162314,36.385191],[140.162421,36.385309],[140.162492,36.385394],[140.162559,36.385501],[140.162621,36.385623],[140.162727,36.385863],[140.162787,36.38595]]}},{"type":"Feature","properties":{"id":1480716128,"highway":"unclassified"},"geometry":{"type":"LineString","coordinates":[[140.143739,36.370546],[140.142531,36.36984],[140.142356,36.369736]]}},{"type":"Feature","properties":{"id":1480716129,"highway":"unclassified"},"geometry":{"type":"LineString","coordinates":[[140.144071,36.369911],[140.144161,36.369937],[140.144232,36.369969],[140.144267,36.37],[140.144278,36.370047],[140.144227,36.370817]]}},{"type":"Feature","properties":{"id":1480716130,"highway":"residential"},"geometry":{"type":"LineString","coordinates":[[140.147038,36.367062],[140.147123,36.367018]]}},{"type":"Feature","properties":{"id":1480716131,"highway":"unclassified"},"geometry":{"type":"LineString","coordinates":[[140.153034,36.373548],[140.15304,36.373496],[140.153057,36.373425],[140.153076,36.373362],[140.153111,36.373066],[140.153153,36.372856]]}},{"type":"Feature","properties":{"id":1481090285,"highway":"unclassified"},"geometry":{"type":"LineString","coordinates":[[140.174048,36.377532],[140.174015,36.377597],[140.173918,36.37767],[140.173667,36.377982]]}},{"type":"Feature","properties":{"id":1481090287,"highway":"unclassified"},"geometry":{"type":"LineString","coordinates":[[140.171603,36.354786],[140.171493,36.354805],[140.171417,36.354791]]}},{"type":"Feature","properties":{"id":1481090288,"highway":"unclassified"},"geometry":{"type":"LineString","coordinates":[[140.173276,36.355456],[140.173275,36.355401],[140.173276,36.355103],[140.173277,36.355061]]}},{"type":"Feature","properties":{"id":1481090290,"highway":"residential"},"geometry":{"type":"LineString","coordinates":[[140.163325,36.360747],[140.163261,36.360774],[140.163182,36.360825],[140.163017,36.360911],[140.162853,36.361002],[140.162682,36.361098],[140.162616,36.361125],[140.162559,36.36114],[140.162493,36.361137],[140.162412,36.361123],[140.162255,36.361085],[140.162075,36.361035],[140.161982,36.360999],[140.161883,36.360974]]}},{"type":"Feature","properties":{"id":1481090293,"highway":"unclassified"},"geometry":{"type":"LineString","coordinates":[[140.174056,36.364747],[140.174025,36.364764],[140.173724,36.36484],[140.173622,36.36486],[140.173567,36.364856],[140.173389,36.36483],[140.173307,36.364831],[140.173204,36.36484],[140.173072,36.364855],[140.172994,36.364848]]}},{"type":"Feature","properties":{"id":1481090296,"highway":"residential"},"geometry":{"type":"LineString","coordinates":[[140.134188,36.388782],[140.13389,36.388864],[140.13381,36.388877],[140.133579,36.388953],[140.133303,36.389033],[140.133203,36.389055]]}},{"type":"Feature","properties":{"id":1481128566,"highway":"unclassified"},"geometry":{"type":"LineString","coordinates":[[140.129973,36.392989],[140.129925,36.39291],[140.129891,36.392805]]}},{"type":"Feature","properties":{"id":1481128567,"highway":"residential"},"geometry":{"type":"LineString","coordinates":[[140.132398,36.395506],[140.132353,36.395513],[140.132192,36.395548],[140.132128,36.395569],[140.132074,36.395601],[140.132037,36.39564],[140.132011,36.395694],[140.131987,36.39574],[140.131949,36.39579],[140.131891,36.395852],[140.131816,36.395928],[140.131755,36.395979],[140.131704,36.396006],[140.131661,36.396025],[140.1316,36.396056],[140.131545,36.39607]]}},{"type":"Feature","properties":{"id":1481128568,"highway":"residential"},"geometry":{"type":"LineString","coordinates":[[140.129973,36.392989],[140.129856,36.393052],[140.129772,36.393078],[140.12966,36.393121]]}},{"type":"Feature","properties":{"id":1481186418,"highway":"unclassified"},"geometry":{"type":"LineString","coordinates":[[140.13263,36.398099],[140.132589,36.398106],[140.1324,36.398046],[140.132276,36.398001]]}},{"type":"Feature","properties":{"id":1481186419,"highway":"unclassified"},"geometry":{"type":"LineString","coordinates":[[140.132521,36.397877],[140.132494,36.397905],[140.1324,36.398046]]}},{"type":"Feature","properties":{"id":1481261463,"highway":"residential"},"geometry":{"type":"LineString","coordinates":[[140.133299,36.376366],[140.133181,36.376439],[140.133081,36.376477]]}},{"type":"Feature","properties":{"id":1481261464,"highway":"unclassified"},"geometry":{"type":"LineString","coordinates":[[140.136132,36.37984],[140.136167,36.379923],[140.13644,36.380275]]}},{"type":"Feature","properties":{"id":1481309367,"highway":"unclassified"},"geometry":{"type":"LineString","coordinates":[[140.11044,36.365755],[140.111475,36.365537],[140.111804,36.365464],[140.112771,36.365263]]}},{"type":"Feature","properties":{"id":1481309368,"highway":"unclassified"},"geometry":{"type":"LineString","coordinates":[[140.110351,36.366028],[140.11044,36.365755],[140.11029,36.365307]]}},{"type":"Feature","properties":{"id":1481460827,"highway":"residential"},"geometry":{"type":"LineString","coordinates":[[140.121763,36.39667],[140.121723,36.39655]]}},{"type":"Feature","properties":{"id":1481460829,"highway":"unclassified"},"geometry":{"type":"LineString","coordinates":[[140.160758,36.385],[140.160836,36.384996],[140.160919,36.384962],[140.160989,36.384943],[140.161076,36.384935],[140.16119,36.384939],[140.161652,36.384959],[140.161711,36.384967],[140.161765,36.384981],[140.161815,36.38503],[140.161898,36.385124],[140.161935,36.385171],[140.161969,36.38523],[140.161984,36.385293],[140.161998,36.385356],[140.162119,36.386056],[140.162129,36.386112]]}},{"type":"Feature","properties":{"id":1481655510,"highway":"unclassified"},"geometry":{"type":"LineString","coordinates":[[140.108668,36.36519],[140.108613,36.365667],[140.108497,36.366543]]}},{"type":"Feature","properties":{"id":1481655511,"highway":"residential"},"geometry":{"type":"LineString","coordinates":[[140.108034,36.36896],[140.108096,36.368934],[140.108456,36.36891],[140.108822,36.36887]]}},{"type":"Feature","properties":{"id":1481655512,"highway":"residential"},"geometry":{"type":"LineString","coordinates":[[140.108341,36.375152],[140.108708,36.375173]]}},{"type":"Feature","properties":{"id":1481655514,"highway":"secondary"},"geometry":{"type":"LineString","coordinates":[[140.108287,36.376208],[140.108497,36.376292],[140.108734,36.376347],[140.108899,36.376367],[140.109092,36.376384],[140.109361,36.376396],[140.109754,36.376435],[140.109941,36.376469],[140.110281,36.376546]]}},{"type":"Feature","properties":{"id":1481655515,"highway":"unclassified"},"geometry":{"type":"LineString","coordinates":[[140.104532,36.372129],[140.104523,36.371968],[140.104501,36.371869],[140.10446,36.371812]]}},{"type":"Feature","properties":{"id":1481830073,"highway":"unclassified"},"geometry":{"type":"LineString","coordinates":[[140.1416,36.361298],[140.141818,36.361714],[140.141914,36.361981],[140.141938,36.362017]]}},{"type":"Feature","properties":{"id":1481830074,"highway":"residential"},"geometry":{"type":"LineString","coordinates":[[140.146898,36.360126],[140.146907,36.360177],[140.146914,36.360269],[140.146922,36.360349],[140.146932,36.360413],[140.14694,36.360472],[140.146938,36.360714],[140.146919,36.360779],[140.146894,36.360815],[140.146835,36.360845],[140.146625,36.360901]]}},{"type":"Feature","properties":{"id":1481830078,"highway":"unclassified"},"geometry":{"type":"LineString","coordinates":[[140.133339,36.363518],[140.133348,36.363545],[140.133366,36.363587],[140.133429,36.36367],[140.133455,36.363717],[140.133477,36.363773],[140.133503,36.36384],[140.133527,36.363972],[140.133533,36.364065],[140.133539,36.364101]]}},{"type":"Feature","properties":{"id":1481830079,"highway":"unclassified"},"geometry":{"type":"LineString","coordinates":[[140.138707,36.368458],[140.138777,36.368475],[140.13888,36.368512],[140.138949,36.368542],[140.13902,36.368583],[140.139077,36.368604],[140.139125,36.368617],[140.139195,36.368616],[140.139277,36.368605],[140.139352,36.368587],[140.139408,36.36856],[140.139626,36.368414],[140.139951,36.368242],[140.140024,36.368218],[140.140125,36.368197],[140.14022,36.368156],[140.140384,36.368076],[140.140419,36.368063]]}},{"type":"Feature","properties":{"id":1482919892,"highway":"unclassified"},"geometry":{"type":"LineString","coordinates":[[140.106665,36.332783],[140.106536,36.332813],[140.106265,36.33284],[140.10592,36.332785],[140.105429,36.332822],[140.105063,36.332753],[140.104944,36.332724]]}},{"type":"Feature","properties":{"id":1482919895,"highway":"service"},"geometry":{"type":"LineString","coordinates":[[140.117974,36.31621],[140.117494,36.316206],[140.117201,36.316196],[140.116919,36.316186],[140.116668,36.316186],[140.116409,36.316182],[140.116339,36.316188],[140.116167,36.316204],[140.116092,36.316203],[140.116041,36.316193],[140.11601,36.316175],[140.115954,36.316195],[140.115817,36.316223],[140.11541,36.316309],[140.115355,36.316313],[140.115333,36.316299],[140.115315,36.316263],[140.115283,36.316139]]}},{"type":"Feature","properties":{"id":1482922492,"highway":"residential"},"geometry":{"type":"LineString","coordinates":[[140.114147,36.317962],[140.114405,36.318187],[140.114518,36.31834],[140.114539,36.318436],[140.114546,36.31884],[140.114651,36.319252]]}},{"type":"Feature","properties":{"id":1482922493,"highway":"residential"},"geometry":{"type":"LineString","coordinates":[[140.115593,36.314973],[140.115842,36.314813],[140.11601,36.314645],[140.116196,36.314583],[140.116445,36.314572]]}},{"type":"Feature","properties":{"id":1482928496,"highway":"residential"},"geometry":{"type":"LineString","coordinates":[[140.113816,36.311602],[140.114344,36.311267]]}},{"type":"Feature","properties":{"id":1482928500,"highway":"service"},"geometry":{"type":"LineString","coordinates":[[140.11584,36.313641],[140.115737,36.313587],[140.115622,36.313462],[140.11563,36.31326],[140.115697,36.31277],[140.115714,36.312701]]}},{"type":"Feature","properties":{"id":1482928501,"highway":"service"},"geometry":{"type":"LineString","coordinates":[[140.114537,36.312424],[140.114822,36.312369],[140.114975,36.312311],[140.115331,36.312318],[140.1156,36.312277],[140.115684,36.312564],[140.115765,36.312704]]}},{"type":"Feature","properties":{"id":1483393498,"highway":"service"},"geometry":{"type":"LineString","coordinates":[[140.18009,36.354053],[140.179754,36.353361]]}},{"type":"Feature","properties":{"id":1483639818,"highway":"residential"},"geometry":{"type":"LineString","coordinates":[[140.11805,36.358396],[140.118196,36.358774],[140.118235,36.358993],[140.118204,36.359083]]}},{"type":"Feature","properties":{"id":1483639845,"highway":"residential"},"geometry":{"type":"LineString","coordinates":[[140.121499,36.358748],[140.121447,36.358485],[140.121886,36.358291],[140.121897,36.358123]]}},{"type":"Feature","properties":{"id":1483639846,"highway":"service"},"geometry":{"type":"LineString","coordinates":[[140.122805,36.359031],[140.122837,36.358926],[140.122881,36.358782],[140.122938,36.358596],[140.123068,36.358172],[140.123231,36.358203],[140.123397,36.358237]]}},{"type":"Feature","properties":{"id":1483639847,"highway":"service"},"geometry":{"type":"LineString","coordinates":[[140.122938,36.358596],[140.123098,36.358625]]}},{"type":"Feature","properties":{"id":1483639848,"highway":"service"},"geometry":{"type":"LineString","coordinates":[[140.123231,36.358203],[140.123098,36.358625]]}},{"type":"Feature","properties":{"id":1483639849,"highway":"service"},"geometry":{"type":"LineString","coordinates":[[140.123068,36.358172],[140.122616,36.358074],[140.122426,36.358032],[140.122299,36.358427],[140.122228,36.358648],[140.12206,36.358612],[140.121929,36.358583],[140.121634,36.358519],[140.121621,36.358567],[140.121677,36.358689],[140.122372,36.358831],[140.122837,36.358926]]}},{"type":"Feature","properties":{"id":1483639850,"highway":"service"},"geometry":{"type":"LineString","coordinates":[[140.122372,36.358831],[140.122409,36.358685],[140.122616,36.358074]]}},{"type":"Feature","properties":{"id":1483639851,"highway":"service"},"geometry":{"type":"LineString","coordinates":[[140.122228,36.358648],[140.122409,36.358685],[140.122881,36.358782]]}},{"type":"Feature","properties":{"id":1483639852,"highway":"service"},"geometry":{"type":"LineString","coordinates":[[140.121634,36.358519],[140.121897,36.358413],[140.121958,36.358487],[140.121929,36.358583]]}},{"type":"Feature","properties":{"id":1483639853,"highway":"service"},"geometry":{"type":"LineString","coordinates":[[140.122299,36.358427],[140.122129,36.358385],[140.12206,36.358612]]}},{"type":"Feature","properties":{"id":1483639865,"highway":"service"},"geometry":{"type":"LineString","coordinates":[[140.123988,36.357963],[140.123701,36.35861],[140.123571,36.358816],[140.123304,36.358956],[140.123261,36.359126]]}},{"type":"Feature","properties":{"id":1483639870,"highway":"tertiary"},"geometry":{"type":"LineString","coordinates":[[140.123255,36.359125],[140.123261,36.359126],[140.123824,36.35924],[140.124371,36.359374]]}},{"type":"Feature","properties":{"id":1483639871,"highway":"tertiary"},"geometry":{"type":"LineString","coordinates":[[140.123045,36.359083],[140.123255,36.359125]]}},{"type":"Feature","properties":{"id":1483803212,"highway":"residential"},"geometry":{"type":"LineString","coordinates":[[140.182556,36.309978],[140.182779,36.310003],[140.182995,36.309923],[140.183214,36.309805]]}},{"type":"Feature","properties":{"id":1483808228,"highway":"residential"},"geometry":{"type":"LineString","coordinates":[[140.162663,36.328878],[140.162729,36.328688],[140.162796,36.328596],[140.163029,36.328462],[140.163117,36.328447],[140.163189,36.328471],[140.163244,36.328497],[140.163733,36.328532]]}},{"type":"Feature","properties":{"id":1483808229,"highway":"service"},"geometry":{"type":"LineString","coordinates":[[140.162663,36.328878],[140.162778,36.328876],[140.163073,36.328986],[140.163218,36.328629],[140.163189,36.328471]]}},{"type":"Feature","properties":{"id":1489331612,"highway":"service"},"geometry":{"type":"LineString","coordinates":[[140.11365,36.395588],[140.11375,36.395043],[140.113808,36.394776],[140.113833,36.394614],[140.113894,36.394577]]}}]}