{"type":"FeatureCollection","features":[{"type":"Feature","properties":{"id":104651242,"highway":"primary"},"geometry":{"type":"LineString","coordinates":[[140.155577,36.953656],[140.155807,36.953396],[140.155935,36.95327],[140.156037,36.953165],[140.156156,36.953074],[140.156288,36.952994],[140.156328,36.952977],[140.156443,36.952927],[140.156607,36.952874],[140.156761,36.952838],[140.156936,36.952825],[140.157105,36.952832],[140.157182,36.952841],[140.157221,36.952845],[140.157359,36.952874],[140.157675,36.953],[140.15816,36.953223],[140.158416,36.953339],[140.158627,36.953405],[140.158801,36.953447],[140.159028,36.953472],[140.159291,36.953469],[140.159506,36.953435],[140.159721,36.953377],[140.159868,36.953324],[140.161886,36.952593],[140.162277,36.952447],[140.162474,36.952366],[140.162632,36.952284],[140.162763,36.952192],[140.162895,36.95208],[140.163003,36.951961],[140.16313,36.951782],[140.163231,36.951578],[140.163261,36.951462],[140.163299,36.951255],[140.163347,36.951027],[140.163393,36.950745],[140.163409,36.950675],[140.163487,36.950512],[140.163585,36.950357],[140.163725,36.95021],[140.163857,36.95011],[140.164031,36.950009],[140.164231,36.949929],[140.164512,36.949859],[140.165251,36.949736],[140.166155,36.949582],[140.166745,36.949458],[140.167092,36.949346],[140.16736,36.949236],[140.167629,36.949071],[140.167869,36.948859],[140.16813,36.948599],[140.168305,36.948329],[140.168426,36.948057],[140.16851,36.947609],[140.168495,36.947345],[140.16838,36.946915],[140.168109,36.94623],[140.167896,36.945479],[140.167752,36.944737],[140.167638,36.944258],[140.167482,36.943814],[140.167136,36.943002],[140.166955,36.942303],[140.166797,36.94158],[140.166335,36.939076],[140.166245,36.938613],[140.166095,36.938205],[140.165935,36.937941],[140.165809,36.937753],[140.165361,36.937251],[140.165016,36.936839],[140.163916,36.935485],[140.163834,36.935369],[140.163685,36.935167],[140.163455,36.934801],[140.163168,36.934186],[140.162974,36.933822],[140.16276,36.933482],[140.1625,36.933009],[140.162316,36.932535],[140.162112,36.931975],[140.161946,36.931652],[140.161371,36.930948],[140.160954,36.930546],[140.160694,36.930263],[140.160478,36.929888],[140.160186,36.929206],[140.159711,36.928189],[140.159381,36.927389],[140.159141,36.92701],[140.158557,36.92643],[140.15826,36.926082],[140.157904,36.925413],[140.157486,36.92454],[140.157401,36.924263],[140.157337,36.923842],[140.15731,36.923585],[140.157263,36.923032],[140.157213,36.922767],[140.157148,36.922579],[140.156999,36.922372],[140.15676,36.922214],[140.156472,36.922078],[140.155415,36.921785],[140.155048,36.921678],[140.15492,36.921605],[140.154872,36.921529],[140.154866,36.921458],[140.154947,36.921291]]}},{"type":"Feature","properties":{"id":104651250,"highway":"primary"},"geometry":{"type":"LineString","coordinates":[[140.155054,36.921092],[140.155098,36.920985],[140.155133,36.920843],[140.155136,36.920677],[140.155077,36.920433],[140.154926,36.920073],[140.154786,36.919819],[140.154605,36.919596],[140.15403,36.918996],[140.153697,36.918636],[140.153501,36.918293],[140.15326,36.917951],[140.15293,36.917521],[140.152785,36.917263],[140.152624,36.916958],[140.152408,36.916504],[140.15223,36.915983],[140.152185,36.915873],[140.152105,36.915802],[140.151991,36.915759],[140.151362,36.915539],[140.151152,36.915405],[140.151086,36.91536],[140.150997,36.915288],[140.150659,36.914995],[140.149945,36.914466],[140.149703,36.914347],[140.149481,36.91426],[140.149287,36.914128],[140.1491,36.913891],[140.148768,36.913398],[140.148477,36.912954],[140.148132,36.912214],[140.14802,36.911936],[140.147597,36.910836],[140.147306,36.910067]]}},{"type":"Feature","properties":{"id":104651260,"highway":"primary"},"geometry":{"type":"LineString","coordinates":[[140.154947,36.921291],[140.155054,36.921092]]}},{"type":"Feature","properties":{"id":104651270,"highway":"primary"},"geometry":{"type":"LineString","coordinates":[[140.147306,36.910067],[140.147149,36.909754]]}},{"type":"Feature","properties":{"id":104651287,"highway":"primary"},"geometry":{"type":"LineString","coordinates":[[140.147149,36.909754],[140.146965,36.909259],[140.146716,36.908402],[140.146661,36.908168],[140.146503,36.907344],[140.146453,36.907035],[140.1463,36.906457],[140.146181,36.906054],[140.145845,36.905355],[140.145174,36.904232],[140.144993,36.903799],[140.14494,36.903523],[140.144924,36.903303],[140.144945,36.903066],[140.145032,36.902707],[140.145371,36.901949],[140.145677,36.901278],[140.145826,36.900695],[140.145884,36.900127],[140.145881,36.899641],[140.145887,36.898419],[140.145987,36.897745],[140.146132,36.897245],[140.146274,36.896703],[140.146236,36.896153],[140.146066,36.895241],[140.145974,36.89492],[140.145926,36.894491],[140.145961,36.893743],[140.146059,36.892685],[140.146184,36.891314],[140.146239,36.890602],[140.146297,36.88991],[140.1463,36.889337],[140.146245,36.888837],[140.146058,36.88845],[140.146081,36.88799],[140.146087,36.887569],[140.145949,36.887311],[140.145629,36.886895],[140.145371,36.886705],[140.144697,36.886282],[140.144399,36.886066],[140.144144,36.885751],[140.143498,36.884135],[140.143107,36.883203],[140.143082,36.883135],[140.142937,36.882815],[140.142736,36.882517],[140.142289,36.882024],[140.142096,36.881838],[140.141831,36.881694],[140.141001,36.881376],[140.14066,36.881307],[140.140327,36.881305],[140.139426,36.881356],[140.139025,36.88131],[140.138676,36.881206],[140.138231,36.880991],[140.137482,36.880642],[140.13699,36.880439],[140.136578,36.880305],[140.135825,36.880085],[140.134832,36.879802],[140.134399,36.879692],[140.133906,36.879594],[140.133493,36.879513],[140.133065,36.879423],[140.13266,36.879313],[140.132234,36.879177],[140.131533,36.878932],[140.131402,36.878883],[140.131293,36.878835],[140.131201,36.878781]]}},{"type":"Feature","properties":{"id":104651290,"highway":"trunk"},"geometry":{"type":"LineString","coordinates":[[140.156436,36.955006],[140.156426,36.955111],[140.156398,36.955237]]}},{"type":"Feature","properties":{"id":104651308,"highway":"trunk"},"geometry":{"type":"LineString","coordinates":[[140.155196,36.957983],[140.155164,36.958065],[140.15515,36.958106],[140.155138,36.958144],[140.155127,36.958181],[140.155108,36.958273],[140.155096,36.958371],[140.155084,36.958478],[140.155082,36.95857],[140.155085,36.958666],[140.155097,36.958783],[140.155249,36.959835],[140.155278,36.960034]]}},{"type":"Feature","properties":{"id":104651324,"highway":"trunk"},"geometry":{"type":"LineString","coordinates":[[140.130607,36.924456],[140.130989,36.925259],[140.131245,36.925763],[140.1313,36.925872],[140.131509,36.926257],[140.131984,36.927107],[140.132328,36.927738],[140.132572,36.928207],[140.1328,36.928694],[140.133086,36.929324],[140.133308,36.929902],[140.133533,36.930636],[140.133682,36.931235],[140.133772,36.931807],[140.133866,36.932578],[140.133953,36.933552],[140.134036,36.934374],[140.134102,36.93469],[140.134178,36.934932],[140.134365,36.93532],[140.134708,36.935912],[140.135308,36.936944],[140.135533,36.937316],[140.135592,36.937405]]}},{"type":"Feature","properties":{"id":104696628,"highway":"trunk"},"geometry":{"type":"LineString","coordinates":[[140.12927,36.922783],[140.129418,36.922905]]}},{"type":"Feature","properties":{"id":104696631,"highway":"trunk"},"geometry":{"type":"LineString","coordinates":[[140.123086,36.914076],[140.123665,36.915675]]}},{"type":"Feature","properties":{"id":104696658,"highway":"trunk"},"geometry":{"type":"LineString","coordinates":[[140.123665,36.915675],[140.123758,36.91589],[140.123884,36.916126],[140.123995,36.916322],[140.124122,36.916516],[140.124232,36.916668],[140.124388,36.916859],[140.124547,36.917025],[140.124923,36.917403]]}},{"type":"Feature","properties":{"id":104696670,"highway":"trunk"},"geometry":{"type":"LineString","coordinates":[[140.124923,36.917403],[140.125567,36.918097]]}},{"type":"Feature","properties":{"id":104696691,"highway":"unclassified"},"geometry":{"type":"LineString","coordinates":[[140.120935,36.913298],[140.119774,36.912491],[140.119617,36.912377],[140.117861,36.911117],[140.116086,36.909818],[140.115173,36.909146],[140.113509,36.907806],[140.113453,36.907768],[140.112875,36.907294],[140.112425,36.906929],[140.111915,36.9065],[140.111632,36.906201],[140.111249,36.905807],[140.110751,36.905238],[140.109971,36.904321],[140.109054,36.903162]]}},{"type":"Feature","properties":{"id":104696695,"highway":"trunk"},"geometry":{"type":"LineString","coordinates":[[140.117919,36.884228],[140.117896,36.88431],[140.117837,36.884648],[140.117814,36.884803],[140.117808,36.884939],[140.117819,36.885115],[140.117901,36.885937],[140.11792,36.88608],[140.117948,36.886216],[140.117982,36.886324],[140.118039,36.886446],[140.118143,36.886632],[140.118347,36.886977],[140.118416,36.887155],[140.118457,36.887297],[140.118467,36.887443],[140.118426,36.888287],[140.118357,36.889253],[140.118259,36.890198],[140.118178,36.890966],[140.118102,36.891881],[140.118074,36.892335],[140.118046,36.893048],[140.11802,36.893643],[140.11802,36.893769],[140.118024,36.893901],[140.118037,36.894061],[140.118081,36.894517],[140.118144,36.895272],[140.118245,36.896845],[140.11831,36.897509],[140.118393,36.898465],[140.118412,36.898711],[140.118486,36.900035],[140.118547,36.90062],[140.118574,36.900802],[140.11861,36.900945],[140.118655,36.901066],[140.118727,36.90121],[140.118856,36.901431],[140.119313,36.902182],[140.119664,36.90275],[140.119822,36.902994],[140.12,36.903235],[140.1205,36.903897],[140.120806,36.904304],[140.1209,36.904422],[140.121011,36.904551],[140.121529,36.905097],[140.121663,36.905244],[140.121763,36.905384],[140.121832,36.905505],[140.121884,36.905623],[140.122004,36.905988],[140.122204,36.906588],[140.122263,36.906803],[140.122292,36.906942],[140.122319,36.907111],[140.122402,36.907873],[140.122421,36.908136],[140.122425,36.908287],[140.122424,36.90842],[140.122412,36.908591],[140.122396,36.908746],[140.122354,36.909004],[140.122244,36.909537],[140.122182,36.909877],[140.122127,36.910214],[140.122106,36.910462],[140.122102,36.910715],[140.12212,36.910995],[140.12215,36.911269],[140.122196,36.91152]]}},{"type":"Feature","properties":{"id":104696716,"highway":"tertiary"},"geometry":{"type":"LineString","coordinates":[[140.122196,36.91152],[140.121943,36.911555],[140.121807,36.911597],[140.121739,36.91163],[140.121659,36.911699],[140.121599,36.911766],[140.121543,36.911848],[140.12149,36.911957],[140.121295,36.912444],[140.121116,36.912953],[140.121049,36.913117],[140.120993,36.913227],[140.120935,36.913298],[140.12061,36.913653],[140.120486,36.913781],[140.120045,36.914175],[140.119688,36.914487]]}},{"type":"Feature","properties":{"id":104696718,"highway":"trunk"},"geometry":{"type":"LineString","coordinates":[[140.126256,36.919018],[140.126568,36.919493],[140.126818,36.919926],[140.127201,36.920612],[140.127493,36.921133],[140.12763,36.921352],[140.127801,36.92157],[140.127944,36.921726],[140.128154,36.921919],[140.128387,36.922108],[140.128797,36.922411],[140.12927,36.922783]]}},{"type":"Feature","properties":{"id":104974613,"highway":"primary"},"geometry":{"type":"LineString","coordinates":[[140.150511,36.918311],[140.150297,36.91841]]}},{"type":"Feature","properties":{"id":104974627,"highway":"primary"},"geometry":{"type":"LineString","coordinates":[[140.128317,36.918048],[140.127565,36.918349]]}},{"type":"Feature","properties":{"id":104974639,"highway":"primary"},"geometry":{"type":"LineString","coordinates":[[140.15293,36.917521],[140.152308,36.917779],[140.15166,36.918076],[140.15147,36.918134],[140.151225,36.918151],[140.150956,36.918171],[140.150719,36.918231],[140.150511,36.918311]]}},{"type":"Feature","properties":{"id":104974640,"highway":"primary"},"geometry":{"type":"LineString","coordinates":[[140.127565,36.918349],[140.127392,36.918433],[140.126979,36.918646],[140.126256,36.919018]]}},{"type":"Feature","properties":{"id":104974642,"highway":"primary"},"geometry":{"type":"LineString","coordinates":[[140.150297,36.91841],[140.150236,36.918433],[140.150014,36.918489],[140.148731,36.918683],[140.14802,36.918785],[140.146791,36.918985],[140.146237,36.919099],[140.145758,36.919203],[140.144844,36.919389],[140.144196,36.919517],[140.143834,36.919539],[140.143505,36.919514],[140.142114,36.919393],[140.141743,36.919316],[140.141457,36.919212],[140.140752,36.918864],[140.140357,36.918664],[140.14004,36.918511],[140.139486,36.918327],[140.139048,36.918206],[140.138745,36.918183],[140.138393,36.918233],[140.137511,36.918399],[140.137227,36.918397],[140.136912,36.918341],[140.136634,36.918228],[140.135586,36.917709],[140.135021,36.917449],[140.134717,36.917311],[140.134426,36.9172],[140.133971,36.917042],[140.133687,36.917015],[140.133372,36.917026],[140.131718,36.917273]]}},{"type":"Feature","properties":{"id":109918591,"highway":"trunk"},"geometry":{"type":"LineString","coordinates":[[140.139916,36.94091],[140.140476,36.941514],[140.140827,36.941849]]}},{"type":"Feature","properties":{"id":109918593,"highway":"trunk"},"geometry":{"type":"LineString","coordinates":[[140.168871,36.997274],[140.168989,36.997444],[140.169165,36.997667],[140.169474,36.998036],[140.169659,36.998234],[140.169841,36.998403],[140.170199,36.998738],[140.170468,36.998939],[140.1707,36.999121],[140.171126,36.99944],[140.171941,37.000014],[140.17241,37.000342],[140.173121,37.000777],[140.17386,37.001211],[140.174404,37.001515],[140.174765,37.001722],[140.174997,37.00187],[140.175148,37.002009],[140.17535,37.002208],[140.175552,37.002463],[140.175559,37.002473],[140.175638,37.002603],[140.175703,37.002721],[140.175807,37.002934],[140.175923,37.00323],[140.176468,37.004588],[140.176582,37.004939],[140.176641,37.005119],[140.176696,37.005367],[140.176721,37.005638],[140.176734,37.005998],[140.176707,37.006406],[140.176704,37.006453],[140.17647,37.007782],[140.176429,37.008064],[140.17642,37.008347],[140.17645,37.008661],[140.176518,37.009037],[140.176649,37.009489],[140.17679,37.009918],[140.177214,37.011276],[140.177316,37.011593],[140.17742,37.011919],[140.177508,37.012216],[140.177582,37.01247],[140.177627,37.012678],[140.177666,37.012864]]}},{"type":"Feature","properties":{"id":109918602,"highway":"trunk"},"geometry":{"type":"LineString","coordinates":[[140.14432,36.944339],[140.144511,36.944526],[140.144707,36.944754],[140.144818,36.944894],[140.144969,36.945086],[140.145014,36.945141],[140.145496,36.945723],[140.14586,36.946073],[140.146077,36.94624],[140.146608,36.946621],[140.146932,36.946891],[140.147203,36.947155],[140.147432,36.94753],[140.147592,36.947912],[140.147795,36.948406],[140.147835,36.948511],[140.147948,36.948803],[140.14807,36.949058],[140.148193,36.949252],[140.148241,36.949307],[140.148325,36.949405],[140.148445,36.94953],[140.148608,36.949659],[140.1494,36.950179],[140.149592,36.950303],[140.149814,36.950476],[140.15005,36.95069],[140.150302,36.950934],[140.1507,36.951363],[140.150749,36.951416]]}},{"type":"Feature","properties":{"id":134774636,"highway":"residential"},"geometry":{"type":"LineString","coordinates":[[140.131374,36.974233],[140.131517,36.974198],[140.131653,36.974143],[140.131747,36.974087],[140.132232,36.97424],[140.132576,36.974351],[140.13265,36.9744],[140.132761,36.974505],[140.133077,36.974896],[140.133174,36.975007],[140.133227,36.975049],[140.133334,36.975104],[140.133494,36.975155],[140.133568,36.975195],[140.133715,36.97535],[140.134238,36.975856]]}},{"type":"Feature","properties":{"id":134774641,"highway":"tertiary"},"geometry":{"type":"LineString","coordinates":[[140.103467,36.948768],[140.103293,36.948777],[140.103161,36.948802],[140.103052,36.948838],[140.10297,36.948879],[140.102941,36.9489],[140.102902,36.948929],[140.102845,36.94899],[140.102803,36.949046],[140.102769,36.94912],[140.102741,36.949198]]}},{"type":"Feature","properties":{"id":134774642,"highway":"tertiary"},"geometry":{"type":"LineString","coordinates":[[140.102741,36.949198],[140.102603,36.949847],[140.10248,36.950565],[140.102391,36.951189],[140.102355,36.951348],[140.102294,36.951537],[140.102202,36.951718],[140.102029,36.952016],[140.102008,36.952053],[140.101911,36.952247],[140.101846,36.952401],[140.101757,36.952667],[140.101645,36.953002],[140.101532,36.953324],[140.101443,36.953496],[140.101319,36.953665],[140.101189,36.95383],[140.100673,36.954457],[140.1003,36.954899],[140.099978,36.955294],[140.099953,36.955325],[140.099665,36.955675],[140.09957,36.955774],[140.099552,36.955793],[140.099365,36.955964],[140.09915,36.956128],[140.098368,36.956725],[140.098127,36.956909],[140.09756,36.957336],[140.097379,36.957474],[140.097236,36.957591],[140.097115,36.957707],[140.096962,36.95789],[140.096647,36.958382],[140.096381,36.958809],[140.096079,36.959268],[140.095749,36.95978],[140.095737,36.959798],[140.095648,36.959933],[140.095522,36.960114],[140.095488,36.960156],[140.095384,36.960278],[140.095184,36.960499],[140.095164,36.960521],[140.094653,36.961062],[140.093982,36.961765],[140.093763,36.961987],[140.093192,36.962563],[140.092635,36.963126],[140.09243,36.963334],[140.091632,36.964125],[140.090608,36.965135]]}},{"type":"Feature","properties":{"id":134774652,"highway":"service"},"geometry":{"type":"LineString","coordinates":[[140.103108,36.972628],[140.103195,36.972525],[140.103275,36.972431],[140.103368,36.972238],[140.103511,36.971961],[140.103715,36.971609],[140.103931,36.971296],[140.104075,36.971105],[140.104282,36.970867],[140.104383,36.970784],[140.104641,36.970597],[140.104835,36.970423],[140.105056,36.970198],[140.105326,36.969913],[140.105369,36.969853],[140.105436,36.969724]]}},{"type":"Feature","properties":{"id":134774687,"highway":"service"},"geometry":{"type":"LineString","coordinates":[[140.135422,36.968239],[140.134826,36.968545],[140.134646,36.968643],[140.134607,36.968665],[140.134275,36.968854],[140.133918,36.969118],[140.133632,36.969329],[140.133394,36.969567]]}},{"type":"Feature","properties":{"id":134774691,"highway":"tertiary"},"geometry":{"type":"LineString","coordinates":[[140.126456,36.982739],[140.126388,36.982721],[140.126313,36.982672],[140.126122,36.98236],[140.126088,36.982251],[140.126069,36.982136],[140.126085,36.981995],[140.126226,36.981496],[140.126431,36.980871],[140.126458,36.980675],[140.126446,36.980537],[140.126397,36.980412],[140.126306,36.98025],[140.126155,36.980083],[140.125791,36.979711],[140.12549,36.979387],[140.125403,36.979259],[140.125333,36.979144],[140.124932,36.978375],[140.124807,36.978125],[140.124718,36.977907],[140.124653,36.977688],[140.124567,36.977335],[140.124421,36.976672],[140.124335,36.976303],[140.124303,36.976195],[140.124246,36.976084],[140.124191,36.976],[140.124118,36.975917],[140.123986,36.975784],[140.123825,36.975621],[140.122992,36.974748],[140.122459,36.974193],[140.121933,36.973647],[140.121738,36.973414],[140.121612,36.973233],[140.121526,36.973052],[140.121396,36.972759],[140.121338,36.972586],[140.121205,36.972189],[140.121162,36.97206],[140.121136,36.971945],[140.121114,36.971814],[140.121072,36.97121],[140.121028,36.970883],[140.12099,36.970692],[140.120962,36.970554],[140.120901,36.970315],[140.120877,36.970192],[140.120869,36.970098],[140.120881,36.970028],[140.120907,36.969945],[140.121005,36.969676]]}},{"type":"Feature","properties":{"id":134774718,"highway":"service"},"geometry":{"type":"LineString","coordinates":[[140.109384,36.953144],[140.109412,36.953097],[140.109439,36.953083],[140.109495,36.953079],[140.109508,36.953066],[140.109526,36.95295],[140.109576,36.952733],[140.109694,36.952505],[140.109838,36.952275],[140.10998,36.952123],[140.11002,36.952048],[140.110074,36.951868],[140.110188,36.951604],[140.110273,36.951306],[140.110322,36.951253],[140.11061,36.951076],[140.110682,36.951017],[140.110835,36.950829],[140.110926,36.950755],[140.111456,36.950423],[140.111536,36.9504],[140.111802,36.950402],[140.111925,36.950377],[140.112025,36.950346],[140.112588,36.950077],[140.11264,36.950031],[140.112659,36.949987],[140.11272,36.949872],[140.112865,36.949768],[140.113052,36.949667],[140.1132,36.949484],[140.113299,36.9493],[140.113408,36.949017],[140.113436,36.948543],[140.113459,36.948485],[140.113514,36.94843],[140.113986,36.948085],[140.114084,36.948034],[140.114807,36.947736],[140.11493,36.947672],[140.115043,36.947599],[140.115132,36.947515],[140.115219,36.947395],[140.115301,36.94725],[140.115339,36.947204],[140.115431,36.947121],[140.115464,36.947071],[140.115502,36.946958],[140.115646,36.946565],[140.115725,36.946402],[140.115834,36.94625],[140.115939,36.946161],[140.1161,36.946045],[140.11616,36.945989],[140.116182,36.945931],[140.1162,36.945623],[140.116188,36.945257],[140.11619,36.945116],[140.116197,36.944804],[140.116194,36.944389],[140.116171,36.944128],[140.116116,36.943827],[140.116098,36.943735],[140.116092,36.943615],[140.116116,36.943466],[140.116163,36.943367],[140.116378,36.943137],[140.116582,36.942819],[140.116653,36.942738],[140.116882,36.942588],[140.11707,36.942438],[140.117111,36.942399]]}},{"type":"Feature","properties":{"id":134774727,"highway":"unclassified"},"geometry":{"type":"LineString","coordinates":[[140.103336,36.936373],[140.103371,36.934943],[140.10337,36.934554],[140.10329,36.934225],[140.103206,36.933932],[140.103157,36.933673],[140.103101,36.93347],[140.10308,36.933261],[140.103165,36.932891],[140.103182,36.932467],[140.103165,36.932435],[140.103123,36.932398]]}},{"type":"Feature","properties":{"id":134774796,"highway":"service"},"geometry":{"type":"LineString","coordinates":[[140.114913,36.967206],[140.115151,36.967556],[140.115214,36.967609],[140.115308,36.967646],[140.11545,36.967669],[140.116059,36.967759],[140.116292,36.967804],[140.116355,36.967844],[140.116444,36.967889],[140.116549,36.967931],[140.116895,36.968017],[140.117044,36.968038],[140.117096,36.96803],[140.117122,36.968002],[140.11725,36.967681]]}},{"type":"Feature","properties":{"id":134774848,"highway":"unclassified"},"geometry":{"type":"LineString","coordinates":[[140.1234,36.986226],[140.123444,36.986128],[140.123482,36.986031],[140.123483,36.986004],[140.123485,36.985948],[140.123467,36.985856],[140.123383,36.98571],[140.123284,36.985537],[140.123209,36.985374],[140.123171,36.985271],[140.123153,36.985194],[140.123131,36.985083],[140.12311,36.984933],[140.123106,36.98489],[140.123043,36.984155],[140.122967,36.983431],[140.12296,36.983386],[140.122956,36.983361],[140.122943,36.983309],[140.122878,36.983167],[140.122782,36.982977],[140.122752,36.982909],[140.122731,36.982821],[140.12272,36.98274],[140.122678,36.982154],[140.12266,36.98189],[140.122639,36.981778],[140.122591,36.981612],[140.122519,36.981425],[140.122358,36.981162],[140.12218,36.980958],[140.121917,36.980684],[140.121802,36.980519],[140.121753,36.980416],[140.121718,36.980314],[140.121683,36.980105],[140.121681,36.980094],[140.121625,36.979764],[140.121593,36.979591],[140.121443,36.978817],[140.121415,36.978733],[140.121382,36.978663],[140.121261,36.978474],[140.12105,36.978099],[140.121027,36.978031],[140.121013,36.97797],[140.121032,36.977899],[140.121223,36.977544],[140.121308,36.977385],[140.121434,36.977136],[140.121648,36.976636]]}},{"type":"Feature","properties":{"id":134774916,"highway":"unclassified"},"geometry":{"type":"LineString","coordinates":[[140.130585,36.975562],[140.130619,36.975722],[140.130653,36.975841],[140.130707,36.975949],[140.130826,36.976074],[140.131099,36.976275],[140.131285,36.976391],[140.131474,36.976496],[140.131596,36.976559],[140.131674,36.976604]]}},{"type":"Feature","properties":{"id":134774931,"highway":"unclassified"},"geometry":{"type":"LineString","coordinates":[[140.11725,36.967681],[140.117418,36.967272],[140.117445,36.967239],[140.117498,36.967212],[140.117863,36.967108],[140.117964,36.967071],[140.118014,36.967027],[140.11806,36.966952],[140.118097,36.966905],[140.118128,36.966871],[140.118376,36.966704]]}},{"type":"Feature","properties":{"id":134774942,"highway":"service"},"geometry":{"type":"LineString","coordinates":[[140.107444,36.958334],[140.107372,36.958295],[140.107316,36.958291],[140.107261,36.958298],[140.107134,36.9583],[140.107054,36.95827],[140.10686,36.958116],[140.10681,36.958031],[140.106787,36.957932],[140.106756,36.957743],[140.106712,36.956984],[140.106791,36.956546],[140.106916,36.956097],[140.106976,36.955692],[140.10711,36.954812],[140.107115,36.954746],[140.107113,36.954701],[140.107096,36.954654],[140.107088,36.95464],[140.107003,36.954486],[140.106957,36.954422],[140.10648,36.953947]]}},{"type":"Feature","properties":{"id":134775160,"highway":"residential"},"geometry":{"type":"LineString","coordinates":[[140.137356,36.975099],[140.137062,36.97468],[140.136614,36.974028],[140.136337,36.973764],[140.136212,36.973631],[140.135971,36.973396],[140.135923,36.973394],[140.135843,36.973381],[140.135666,36.973284],[140.13559,36.973222],[140.135536,36.973155],[140.134994,36.972327]]}},{"type":"Feature","properties":{"id":134775653,"highway":"unclassified"},"geometry":{"type":"LineString","coordinates":[[140.128287,36.973281],[140.12808,36.973452],[140.127987,36.973553],[140.127934,36.973627],[140.127899,36.973731],[140.127909,36.974201],[140.127913,36.97437],[140.127931,36.974603],[140.127944,36.97485],[140.127974,36.97502],[140.128021,36.97523],[140.128037,36.975417],[140.128037,36.975604],[140.127981,36.976023],[140.127948,36.976391],[140.127946,36.976683],[140.127982,36.977169]]}},{"type":"Feature","properties":{"id":134775708,"highway":"service"},"geometry":{"type":"LineString","coordinates":[[140.12075,36.963724],[140.120487,36.963572],[140.120239,36.963389],[140.119843,36.963031],[140.119236,36.962747],[140.119048,36.962634],[140.118977,36.962555],[140.118841,36.96233],[140.118638,36.961965],[140.118326,36.961357],[140.118177,36.961054],[140.117961,36.960649],[140.117866,36.960475],[140.117461,36.959867],[140.117052,36.959269],[140.116814,36.958976]]}},{"type":"Feature","properties":{"id":134775741,"highway":"service"},"geometry":{"type":"LineString","coordinates":[[140.129679,36.967686],[140.13014,36.969119],[140.130475,36.970135],[140.130522,36.97031],[140.130496,36.970448],[140.130384,36.970625],[140.129382,36.971691],[140.129209,36.971811],[140.129103,36.971884],[140.128684,36.972392],[140.128435,36.972683],[140.128222,36.972917],[140.12816,36.972968],[140.128085,36.973008]]}},{"type":"Feature","properties":{"id":134775753,"highway":"unclassified"},"geometry":{"type":"LineString","coordinates":[[140.105732,36.944935],[140.106098,36.945094],[140.106193,36.945119],[140.106312,36.945139],[140.1064,36.945169],[140.106466,36.945217],[140.106539,36.945335],[140.106616,36.945467],[140.106662,36.945607],[140.106778,36.945981],[140.106789,36.946063],[140.106797,36.946203],[140.106743,36.946518],[140.106714,36.946713],[140.106726,36.946823],[140.106864,36.947182],[140.106946,36.947312],[140.107081,36.94751],[140.107387,36.947859],[140.10756,36.948032],[140.107664,36.948096],[140.108316,36.948405],[140.108587,36.948545],[140.108943,36.948741],[140.109113,36.948799],[140.109326,36.948841],[140.10995,36.948892],[140.110134,36.948917],[140.110277,36.94894],[140.110662,36.949063],[140.110835,36.949147],[140.111122,36.949296],[140.111234,36.949363],[140.111284,36.94942],[140.111334,36.949498],[140.111603,36.950007],[140.111688,36.950088],[140.111823,36.950136],[140.111915,36.95015],[140.112029,36.950156],[140.112136,36.950134],[140.112513,36.949976],[140.11256,36.949964],[140.112659,36.949987]]}},{"type":"Feature","properties":{"id":134775798,"highway":"service"},"geometry":{"type":"LineString","coordinates":[[140.127885,36.980503],[140.127498,36.980335],[140.127399,36.980268],[140.127072,36.980022],[140.126872,36.979824],[140.126819,36.979763],[140.126793,36.979706],[140.126737,36.979521],[140.126698,36.979473],[140.126631,36.979407],[140.126274,36.979108],[140.125995,36.978774],[140.12593,36.978727],[140.125735,36.978649],[140.125675,36.978607],[140.125472,36.978108],[140.125426,36.97807],[140.125361,36.978058],[140.124978,36.978113],[140.124807,36.978125]]}},{"type":"Feature","properties":{"id":134775849,"highway":"unclassified"},"geometry":{"type":"LineString","coordinates":[[140.132414,36.969917],[140.132413,36.969888],[140.132411,36.969666],[140.132409,36.969511],[140.132394,36.969439],[140.132299,36.969183],[140.132279,36.969102],[140.132256,36.96905],[140.132168,36.968964],[140.130467,36.967002],[140.12972,36.966173]]}},{"type":"Feature","properties":{"id":134776005,"highway":"unclassified"},"geometry":{"type":"LineString","coordinates":[[140.121933,36.973647],[140.1218,36.973772],[140.121776,36.973837],[140.121764,36.973965],[140.121776,36.974108],[140.121821,36.97424],[140.122014,36.974706],[140.122037,36.97481],[140.122041,36.974907],[140.121889,36.975851],[140.12184,36.976031],[140.121774,36.976247],[140.121697,36.976467]]}},{"type":"Feature","properties":{"id":134776007,"highway":"unclassified"},"geometry":{"type":"LineString","coordinates":[[140.101335,36.968722],[140.101246,36.968655],[140.100858,36.968453],[140.100696,36.968347],[140.100639,36.968287],[140.100483,36.968068],[140.100402,36.967958],[140.100327,36.967881],[140.100127,36.967733],[140.099961,36.967598],[140.099804,36.967432],[140.099771,36.967369],[140.099768,36.967289],[140.099804,36.967235],[140.09988,36.967176],[140.100048,36.967064],[140.100506,36.966778],[140.100622,36.966724],[140.100807,36.966668],[140.101042,36.966595],[140.101237,36.966524],[140.101405,36.966433],[140.101618,36.966266],[140.101728,36.966141],[140.101828,36.965961],[140.1019,36.965753],[140.102028,36.965368],[140.102138,36.965123],[140.102461,36.964533],[140.10248,36.964488],[140.102557,36.964309],[140.10268,36.963999]]}},{"type":"Feature","properties":{"id":134776138,"highway":"unclassified"},"geometry":{"type":"LineString","coordinates":[[140.108402,36.953059],[140.10817,36.953133],[140.107867,36.953231],[140.107305,36.953463],[140.106844,36.953702],[140.10648,36.953947],[140.106229,36.954123],[140.105925,36.954358],[140.105407,36.954663],[140.105134,36.954809],[140.104859,36.954944],[140.104437,36.95515],[140.104401,36.955173],[140.104388,36.955197],[140.104388,36.955229],[140.104455,36.955486],[140.104531,36.955736],[140.104543,36.955819],[140.104555,36.955929],[140.104499,36.956295],[140.104496,36.956647],[140.104536,36.956956],[140.104741,36.95788],[140.104733,36.957986],[140.104679,36.958116],[140.104604,36.958247],[140.104258,36.958741],[140.104217,36.958918],[140.104357,36.960297],[140.104335,36.960466],[140.104294,36.960551],[140.103576,36.961294],[140.103492,36.961418],[140.103331,36.961953]]}},{"type":"Feature","properties":{"id":134776200,"highway":"service"},"geometry":{"type":"LineString","coordinates":[[140.099183,36.951298],[140.099554,36.951124],[140.100022,36.950887],[140.100224,36.950781],[140.100352,36.950707],[140.100777,36.950406],[140.100938,36.950306],[140.101157,36.950187],[140.10129,36.950128],[140.101531,36.95003],[140.101885,36.949854],[140.102148,36.949686],[140.102501,36.949396],[140.102741,36.949198]]}},{"type":"Feature","properties":{"id":134776233,"highway":"residential"},"geometry":{"type":"LineString","coordinates":[[140.134815,36.97783],[140.134033,36.977082],[140.133372,36.976441],[140.132854,36.975929],[140.132788,36.975862],[140.132729,36.975812],[140.132661,36.975778],[140.132574,36.975761],[140.132442,36.975753],[140.132241,36.975743],[140.132159,36.975738],[140.132087,36.975747],[140.132021,36.975785],[140.13186,36.975897],[140.131783,36.975958],[140.131722,36.976014],[140.131685,36.976079],[140.131695,36.976294],[140.1317,36.976461],[140.131695,36.97655],[140.131674,36.976604]]}},{"type":"Feature","properties":{"id":134776234,"highway":"unclassified"},"geometry":{"type":"LineString","coordinates":[[140.10268,36.963999],[140.102773,36.964162],[140.102842,36.964233],[140.102947,36.964294],[140.103126,36.964358],[140.103217,36.964403],[140.103445,36.964481],[140.103507,36.964486],[140.103551,36.964474],[140.103589,36.964446],[140.103805,36.96424],[140.104076,36.964007],[140.104232,36.96391],[140.104308,36.963898],[140.104388,36.963902],[140.104448,36.963936],[140.104605,36.964073],[140.104686,36.964105],[140.104788,36.964106],[140.104871,36.9641],[140.105051,36.964053],[140.105285,36.96394],[140.105307,36.963915],[140.105346,36.963821],[140.105387,36.963772],[140.105442,36.963739],[140.105532,36.963724],[140.106061,36.963665],[140.106092,36.963664],[140.10612,36.963678]]}},{"type":"Feature","properties":{"id":134776387,"highway":"unclassified"},"geometry":{"type":"LineString","coordinates":[[140.12972,36.966173],[140.129313,36.966327],[140.128965,36.966479],[140.12871,36.966563],[140.128412,36.966634],[140.128194,36.966678],[140.127787,36.966825],[140.12742,36.966993],[140.127335,36.967047],[140.127279,36.967137],[140.127192,36.96733],[140.127054,36.967495],[140.126914,36.967624],[140.126713,36.967728],[140.126644,36.967805],[140.126419,36.968268],[140.126328,36.968366],[140.125779,36.96883],[140.125546,36.968995],[140.125167,36.969212],[140.124648,36.969488]]}},{"type":"Feature","properties":{"id":134776421,"highway":"service"},"geometry":{"type":"LineString","coordinates":[[140.095488,36.960156],[140.095849,36.960292],[140.095986,36.960366],[140.096489,36.960673],[140.096599,36.960725],[140.097176,36.960914],[140.097271,36.960927],[140.097371,36.960917],[140.097451,36.960891],[140.097532,36.960837],[140.097735,36.960526],[140.097847,36.960402],[140.098234,36.960107],[140.098501,36.959941],[140.098726,36.959828],[140.098877,36.959788],[140.099017,36.95978],[140.099386,36.959836],[140.099971,36.959948],[140.100116,36.959957],[140.100217,36.95996],[140.100293,36.959938],[140.100585,36.959769],[140.100714,36.959716],[140.100785,36.959704],[140.100869,36.9597],[140.101155,36.95972],[140.101182,36.959716],[140.1012,36.959706],[140.101339,36.959571],[140.101471,36.959409],[140.101511,36.959343],[140.101544,36.959282],[140.101579,36.959186],[140.101603,36.959114],[140.101621,36.95903],[140.101631,36.95893],[140.101632,36.958873],[140.10162,36.958832],[140.101596,36.958783],[140.101292,36.958281],[140.101251,36.958185],[140.101245,36.958126],[140.101276,36.957895],[140.101381,36.957563],[140.101499,36.957286],[140.101582,36.957088],[140.101668,36.956857],[140.101766,36.956654],[140.101889,36.95639],[140.102018,36.956092],[140.102153,36.955869],[140.102241,36.955708]]}},{"type":"Feature","properties":{"id":134776453,"highway":"residential"},"geometry":{"type":"LineString","coordinates":[[140.133585,36.974664],[140.133474,36.974588],[140.133371,36.974536],[140.13328,36.974469],[140.133234,36.974389],[140.133191,36.974084],[140.133166,36.974022],[140.133176,36.973948],[140.133248,36.973673],[140.133266,36.973545],[140.133276,36.973385],[140.133271,36.973279],[140.133249,36.97319],[140.133099,36.972685],[140.132887,36.972132],[140.132846,36.972043],[140.132787,36.971976],[140.132675,36.971864]]}},{"type":"Feature","properties":{"id":134776469,"highway":"service"},"geometry":{"type":"LineString","coordinates":[[140.131326,36.98383],[140.131426,36.983709],[140.13147,36.983657],[140.131572,36.983536],[140.131813,36.982869],[140.131997,36.982588],[140.132295,36.982326],[140.132524,36.982136],[140.132691,36.981982],[140.132802,36.981814],[140.13289,36.981678],[140.132946,36.981426],[140.132992,36.981184],[140.133032,36.981034],[140.133089,36.980877],[140.13319,36.98064],[140.133238,36.980515],[140.133293,36.98038]]}},{"type":"Feature","properties":{"id":134776506,"highway":"service"},"geometry":{"type":"LineString","coordinates":[[140.109484,36.95318],[140.109488,36.953505],[140.109483,36.95358],[140.109451,36.9537],[140.109409,36.953841],[140.1094,36.953872],[140.109339,36.954128],[140.109241,36.95428],[140.109212,36.954451],[140.109143,36.954598],[140.109125,36.954796],[140.109124,36.954916],[140.109102,36.95499],[140.109052,36.955137],[140.109039,36.955285],[140.109051,36.955385],[140.109122,36.955608],[140.109165,36.955851],[140.109167,36.956078],[140.109128,36.956483],[140.109106,36.95659],[140.108972,36.956849],[140.108852,36.957046],[140.108701,36.957248],[140.108646,36.957288],[140.108521,36.957338],[140.108422,36.957402],[140.108373,36.957471],[140.108316,36.957648],[140.108292,36.95772],[140.108238,36.957784],[140.108076,36.957882],[140.107768,36.958065],[140.10754,36.958263],[140.107444,36.958334],[140.107318,36.958415],[140.10729,36.958454],[140.107181,36.958831],[140.107123,36.958955],[140.107084,36.959021],[140.107043,36.959072],[140.107013,36.959109],[140.107005,36.959142],[140.107017,36.959207],[140.107118,36.959419]]}},{"type":"Feature","properties":{"id":134776587,"highway":"unclassified"},"geometry":{"type":"LineString","coordinates":[[140.102776,36.943345],[140.102476,36.943788],[140.102224,36.944098],[140.102037,36.944407],[140.101738,36.9449]]}},{"type":"Feature","properties":{"id":134776749,"highway":"unclassified"},"geometry":{"type":"LineString","coordinates":[[140.103331,36.961953],[140.103313,36.962006],[140.103254,36.962173],[140.103099,36.962511],[140.102973,36.962828],[140.102892,36.963038],[140.10275,36.963396],[140.102666,36.963598],[140.102643,36.963648]]}},{"type":"Feature","properties":{"id":134776822,"highway":"unclassified"},"geometry":{"type":"LineString","coordinates":[[140.121005,36.969676],[140.121147,36.969702],[140.121259,36.969715],[140.121393,36.969716],[140.121528,36.969709],[140.121858,36.969686],[140.122301,36.96965],[140.122411,36.96965],[140.122515,36.96965],[140.122845,36.969681],[140.122855,36.969682],[140.123309,36.969746],[140.123458,36.969761],[140.123521,36.969765],[140.123593,36.969769],[140.123723,36.969762],[140.123839,36.969741],[140.123944,36.969711],[140.124066,36.969661],[140.124133,36.969622],[140.124222,36.969558],[140.124245,36.969536],[140.124261,36.969506],[140.124266,36.969476],[140.12427,36.969387]]}},{"type":"Feature","properties":{"id":134777094,"highway":"service"},"geometry":{"type":"LineString","coordinates":[[140.133705,36.970285],[140.132453,36.969927],[140.132414,36.969917]]}},{"type":"Feature","properties":{"id":134777178,"highway":"unclassified"},"geometry":{"type":"LineString","coordinates":[[140.121648,36.976636],[140.121697,36.976467]]}},{"type":"Feature","properties":{"id":134777195,"highway":"service"},"geometry":{"type":"LineString","coordinates":[[140.099999,36.976669],[140.100523,36.975812]]}},{"type":"Feature","properties":{"id":134777361,"highway":"unclassified"},"geometry":{"type":"LineString","coordinates":[[140.10612,36.963678],[140.106249,36.964026],[140.106445,36.964543],[140.106529,36.964687],[140.106591,36.964835],[140.106567,36.965089],[140.106639,36.965456],[140.106641,36.965501],[140.106589,36.965587],[140.106528,36.965673],[140.10649,36.965807],[140.106234,36.966319],[140.106158,36.966438],[140.105858,36.966704],[140.105411,36.96719],[140.104915,36.967673],[140.10487,36.967706],[140.104788,36.96775],[140.104458,36.967838],[140.103998,36.967982],[140.10356,36.968195],[140.103414,36.968266],[140.103297,36.968305],[140.103189,36.968317],[140.102654,36.96834],[140.10241,36.968382],[140.101913,36.968488],[140.101246,36.968655]]}},{"type":"Feature","properties":{"id":134777384,"highway":"tertiary"},"geometry":{"type":"LineString","coordinates":[[140.130416,36.997345],[140.130409,36.997442],[140.130389,36.997511],[140.130363,36.997581],[140.130312,36.997667],[140.13022,36.997778],[140.12979,36.998187],[140.129778,36.998199],[140.129583,36.998395],[140.129429,36.998532],[140.129223,36.99872],[140.129142,36.998803],[140.129064,36.998894],[140.128852,36.999203],[140.128607,36.999578],[140.128469,36.999796],[140.128389,36.999899],[140.128149,37.000232],[140.127457,37.001116],[140.127399,37.001208],[140.127359,37.001286],[140.127321,37.001387],[140.127287,37.001522],[140.127257,37.001697],[140.127245,37.001831],[140.127242,37.00202],[140.127249,37.002111],[140.127277,37.002201],[140.127315,37.002319],[140.12738,37.002467],[140.127455,37.002608],[140.127462,37.002619],[140.127595,37.002832],[140.127762,37.003131],[140.127932,37.003436],[140.128116,37.00375],[140.12824,37.004015],[140.128298,37.004287],[140.12833,37.004441],[140.128354,37.004641],[140.128362,37.004718],[140.12836,37.004807],[140.128284,37.005575],[140.128238,37.005978],[140.128223,37.006222],[140.12822,37.006258],[140.128225,37.006328],[140.12824,37.006398],[140.128357,37.006701],[140.128384,37.006787],[140.128391,37.006846],[140.128389,37.006907],[140.128381,37.007076],[140.128306,37.007637],[140.128213,37.008354],[140.128176,37.008543],[140.12814,37.00871],[140.128096,37.008916],[140.127984,37.009299],[140.127978,37.009323],[140.127886,37.009663],[140.127718,37.010342]]}},{"type":"Feature","properties":{"id":134777760,"highway":"residential"},"geometry":{"type":"LineString","coordinates":[[140.132279,36.976301],[140.132424,36.976209],[140.132854,36.975929],[140.133281,36.975642],[140.133715,36.97535]]}},{"type":"Feature","properties":{"id":134777945,"highway":"residential"},"geometry":{"type":"LineString","coordinates":[[140.121648,36.976636],[140.121974,36.976664],[140.122136,36.97667],[140.122245,36.976657],[140.122343,36.976616],[140.122831,36.976296],[140.122942,36.976244],[140.123986,36.975784]]}},{"type":"Feature","properties":{"id":134778180,"highway":"service"},"geometry":{"type":"LineString","coordinates":[[140.127817,36.982787],[140.127965,36.983048]]}},{"type":"Feature","properties":{"id":134778273,"highway":"tertiary"},"geometry":{"type":"LineString","coordinates":[[140.100977,36.974724],[140.100725,36.974475],[140.100312,36.974117],[140.09989,36.973739],[140.099764,36.973644],[140.099627,36.973528],[140.099385,36.973357],[140.09909,36.973183],[140.098777,36.973005],[140.098326,36.97274],[140.098279,36.972701],[140.098244,36.972649],[140.098242,36.972456]]}},{"type":"Feature","properties":{"id":134778279,"highway":"unclassified"},"geometry":{"type":"LineString","coordinates":[[140.102725,36.943303],[140.102825,36.943278],[140.102904,36.943283],[140.103053,36.943348],[140.103457,36.943528],[140.10353,36.943559],[140.103863,36.94372]]}},{"type":"Feature","properties":{"id":134778671,"highway":"unclassified"},"geometry":{"type":"LineString","coordinates":[[140.109906,36.968779],[140.109756,36.968451],[140.10962,36.968153],[140.109568,36.968038],[140.10955,36.967993],[140.109555,36.967939],[140.109781,36.967181],[140.109837,36.967086],[140.110145,36.966653],[140.110297,36.966466],[140.110414,36.966323],[140.110499,36.966219],[140.110598,36.96612],[140.110823,36.965939],[140.111067,36.965744],[140.111164,36.965663],[140.111289,36.965559],[140.11135,36.965503],[140.11161,36.965287],[140.111977,36.964977],[140.112065,36.964903],[140.112258,36.964746],[140.112323,36.964706],[140.112402,36.964675],[140.112485,36.964654],[140.112995,36.964599],[140.113089,36.964586],[140.113194,36.964566],[140.113581,36.964464],[140.11375,36.964439],[140.11392,36.964426],[140.114024,36.964436],[140.114183,36.964479],[140.114395,36.964536],[140.114537,36.96458],[140.114647,36.964635],[140.114983,36.964837],[140.115097,36.964886],[140.115244,36.964932],[140.115358,36.964967],[140.115474,36.964988],[140.115718,36.965003],[140.115813,36.965016],[140.115911,36.965042],[140.116009,36.965087],[140.116223,36.965221],[140.116624,36.965426],[140.116692,36.965449],[140.116752,36.965454],[140.11682,36.965451],[140.116893,36.965427],[140.116963,36.965393],[140.11722,36.96522]]}},{"type":"Feature","properties":{"id":134778914,"highway":"unclassified"},"geometry":{"type":"LineString","coordinates":[[140.101738,36.9449],[140.10125,36.944689],[140.101063,36.944631],[140.10074,36.944558],[140.100304,36.944461],[140.099522,36.944282]]}},{"type":"Feature","properties":{"id":134779190,"highway":"service"},"geometry":{"type":"LineString","coordinates":[[140.127403,36.982046],[140.127817,36.982787]]}},{"type":"Feature","properties":{"id":134779494,"highway":"unclassified"},"geometry":{"type":"LineString","coordinates":[[140.099522,36.944282],[140.09998,36.943792],[140.100375,36.943332],[140.100612,36.943001],[140.100952,36.942493],[140.10123,36.942128],[140.101401,36.94191],[140.101771,36.941484],[140.102428,36.940696],[140.103352,36.939585]]}},{"type":"Feature","properties":{"id":134779860,"highway":"unclassified"},"geometry":{"type":"LineString","coordinates":[[140.100136,36.927383],[140.100503,36.927731]]}},{"type":"Feature","properties":{"id":134780006,"highway":"unclassified"},"geometry":{"type":"LineString","coordinates":[[140.103336,36.936373],[140.103338,36.936688],[140.103369,36.93723],[140.10339,36.937633],[140.103361,36.938226],[140.103382,36.938332],[140.10343,36.938378],[140.104073,36.938698]]}},{"type":"Feature","properties":{"id":134780096,"highway":"service"},"geometry":{"type":"LineString","coordinates":[[140.099975,36.937774],[140.101369,36.93852],[140.103352,36.939585]]}},{"type":"Feature","properties":{"id":134780350,"highway":"residential"},"geometry":{"type":"LineString","coordinates":[[140.100031,36.927475],[140.100136,36.927383]]}},{"type":"Feature","properties":{"id":134780556,"highway":"service"},"geometry":{"type":"LineString","coordinates":[[140.108141,36.9718],[140.108059,36.971784],[140.107872,36.971752],[140.107574,36.971674],[140.107413,36.971631],[140.107328,36.971586],[140.107259,36.971486],[140.107177,36.97125],[140.107083,36.971031],[140.107077,36.970994],[140.107093,36.970964],[140.107469,36.970796],[140.107504,36.970763],[140.107528,36.970722],[140.107542,36.97057],[140.107528,36.970517],[140.10744,36.970287],[140.107443,36.97025],[140.107558,36.969915],[140.107758,36.969626],[140.107784,36.969575],[140.107788,36.969518],[140.107777,36.969451],[140.107737,36.969322]]}},{"type":"Feature","properties":{"id":134780604,"highway":"service"},"geometry":{"type":"LineString","coordinates":[[140.104437,36.95515],[140.104368,36.955064],[140.104332,36.954992],[140.104284,36.954814],[140.104265,36.954694],[140.104216,36.954308],[140.104181,36.95408],[140.104109,36.95379],[140.104108,36.953682],[140.104111,36.953234],[140.104076,36.953077],[140.104007,36.952826],[140.10395,36.952625],[140.103801,36.952359],[140.103643,36.952155],[140.103493,36.951944],[140.103392,36.951733],[140.103311,36.951419],[140.103258,36.951175],[140.103258,36.951098],[140.103285,36.950944],[140.103327,36.950821],[140.103369,36.95075]]}},{"type":"Feature","properties":{"id":134780620,"highway":"service"},"geometry":{"type":"LineString","coordinates":[[140.100483,36.968068],[140.100097,36.968298],[140.100067,36.968322],[140.100047,36.968358],[140.100031,36.968401],[140.100012,36.96856],[140.100004,36.968575],[140.099991,36.96859],[140.099969,36.968594],[140.099942,36.968587],[140.099915,36.968571],[140.099564,36.968271],[140.099471,36.968199],[140.099393,36.968171],[140.099315,36.968159],[140.099115,36.968143],[140.098936,36.968156],[140.098834,36.968168],[140.098751,36.968186],[140.098407,36.968306],[140.098111,36.968391],[140.097939,36.968428],[140.097815,36.968441],[140.097707,36.968448],[140.09754,36.968436],[140.09714,36.968336],[140.096762,36.968257],[140.09628,36.968131]]}},{"type":"Feature","properties":{"id":134780643,"highway":"service"},"geometry":{"type":"LineString","coordinates":[[140.133293,36.98038],[140.133237,36.98039],[140.133184,36.980382],[140.132943,36.980298],[140.132896,36.980293],[140.132833,36.980295],[140.132791,36.98031],[140.132761,36.980333],[140.13245,36.980623],[140.132362,36.980662],[140.131771,36.980848],[140.13167,36.980851],[140.131439,36.980815],[140.131177,36.980842],[140.1307,36.980895],[140.130379,36.980924],[140.130148,36.980918],[140.130033,36.980894],[140.129952,36.980872],[140.129891,36.980837],[140.129835,36.980788],[140.129737,36.980607],[140.129632,36.980374],[140.129555,36.98019],[140.129473,36.980012],[140.129437,36.979941],[140.129322,36.979824],[140.129308,36.97979],[140.129287,36.979622],[140.12921,36.97922],[140.129169,36.97908],[140.129127,36.978977],[140.128981,36.97882]]}},{"type":"Feature","properties":{"id":134780711,"highway":"service"},"geometry":{"type":"LineString","coordinates":[[140.108175,36.973114],[140.108241,36.972991],[140.108324,36.972774],[140.108375,36.972526],[140.108375,36.972424],[140.108346,36.972327],[140.10829,36.972219],[140.108233,36.972144],[140.10816,36.972082],[140.10802,36.972003],[140.107862,36.971941],[140.107743,36.971906],[140.10761,36.971878],[140.107492,36.971865],[140.107331,36.971868],[140.107165,36.971898],[140.105532,36.972409],[140.105363,36.972491],[140.105212,36.972594],[140.105087,36.97271],[140.10501,36.972852],[140.104987,36.972999],[140.105,36.973148],[140.105055,36.97329],[140.105152,36.973392],[140.105267,36.973493],[140.10542,36.973591],[140.105618,36.973662],[140.105792,36.97369],[140.105958,36.973686],[140.106059,36.973672],[140.106208,36.97365],[140.106946,36.973535],[140.107573,36.97345],[140.107715,36.973415],[140.107858,36.97336],[140.107962,36.973308],[140.108082,36.973225],[140.108175,36.973114]]}},{"type":"Feature","properties":{"id":134780733,"highway":"unclassified"},"geometry":{"type":"LineString","coordinates":[[140.102643,36.963648],[140.102595,36.963716],[140.102406,36.963929],[140.102329,36.964005],[140.102298,36.964047],[140.10219,36.964277],[140.102092,36.964424],[140.102026,36.964503],[140.101962,36.96456],[140.101899,36.964595],[140.101803,36.964628],[140.101712,36.964645],[140.101645,36.964645],[140.10156,36.964635],[140.101496,36.964613],[140.101438,36.964585],[140.101336,36.964537],[140.101138,36.964477],[140.101062,36.964462],[140.100975,36.964461],[140.100904,36.964492],[140.100668,36.964662],[140.100596,36.964692],[140.10048,36.964713],[140.100211,36.964713],[140.100052,36.964698],[140.099938,36.964673],[140.099878,36.964656],[140.09979,36.964631],[140.099681,36.964588],[140.099379,36.964428],[140.099369,36.964423],[140.099257,36.964386],[140.099154,36.964366],[140.099016,36.964366],[140.098723,36.964397],[140.098507,36.964442],[140.098308,36.964533],[140.098181,36.964622],[140.098064,36.964733],[140.097921,36.964886]]}},{"type":"Feature","properties":{"id":134780761,"highway":"unclassified"},"geometry":{"type":"LineString","coordinates":[[140.131902,36.973296],[140.131156,36.97307],[140.131103,36.973048],[140.131075,36.973009],[140.131069,36.972941],[140.131288,36.971477],[140.131342,36.971426],[140.13138,36.971406],[140.13161,36.971313],[140.131666,36.971267],[140.131705,36.971208],[140.132015,36.970481],[140.132049,36.97043],[140.132147,36.970338],[140.13228,36.970205],[140.132355,36.9701],[140.13241,36.969964],[140.132414,36.969917]]}},{"type":"Feature","properties":{"id":134780768,"highway":"unclassified"},"geometry":{"type":"LineString","coordinates":[[140.108987,36.942626],[140.109012,36.942582],[140.109037,36.942554],[140.109095,36.942525],[140.109349,36.942415],[140.109451,36.94235],[140.109555,36.942277],[140.109654,36.94224],[140.109971,36.942167],[140.110086,36.942126],[140.110221,36.942059],[140.110406,36.941956],[140.110538,36.94186],[140.110634,36.941774],[140.11072,36.941655],[140.110773,36.941548],[140.110838,36.941294],[140.110872,36.941208],[140.110995,36.941054],[140.111214,36.940888],[140.111289,36.940809],[140.111337,36.940723],[140.111405,36.940487],[140.111522,36.940212],[140.11161,36.940042],[140.111643,36.939953],[140.111714,36.939867],[140.111913,36.939673],[140.111935,36.939642],[140.112099,36.939216],[140.112118,36.939107],[140.112109,36.938803],[140.112123,36.938744],[140.112219,36.938499],[140.112322,36.938153],[140.112383,36.937821],[140.112394,36.937743],[140.112366,36.937563]]}},{"type":"Feature","properties":{"id":134781058,"highway":"unclassified"},"geometry":{"type":"LineString","coordinates":[[140.110874,36.977595],[140.110806,36.977365],[140.110734,36.977152],[140.110692,36.977012],[140.110681,36.976927],[140.110679,36.976863],[140.110693,36.976785],[140.110716,36.97671],[140.110752,36.976633],[140.110814,36.976539],[140.111026,36.97638],[140.111195,36.976154],[140.111596,36.97549],[140.111715,36.975222],[140.112128,36.974569],[140.112364,36.974156],[140.112631,36.97369],[140.112738,36.973452],[140.112971,36.972927],[140.113005,36.972868],[140.113052,36.972806],[140.113392,36.972625],[140.113784,36.972411],[140.11398,36.9723],[140.114169,36.97219],[140.114306,36.972092],[140.11469,36.971784],[140.114868,36.971666],[140.11512,36.971541],[140.115427,36.9714],[140.115508,36.971356],[140.115592,36.971295],[140.115668,36.971231],[140.11583,36.971056],[140.116323,36.970484],[140.116396,36.970397],[140.116456,36.970302],[140.116832,36.969623],[140.117161,36.969073],[140.117543,36.968497],[140.117697,36.96829],[140.11774,36.968211],[140.117756,36.968148],[140.117766,36.967905],[140.117757,36.967862],[140.117726,36.967826],[140.11768,36.967805],[140.117329,36.967731],[140.117274,36.96771],[140.11725,36.967681]]}},{"type":"Feature","properties":{"id":134781249,"highway":"service"},"geometry":{"type":"LineString","coordinates":[[140.12972,36.966173],[140.130175,36.965964],[140.130424,36.965869],[140.131537,36.965531],[140.131664,36.965515],[140.131786,36.965521],[140.132216,36.965616],[140.13225,36.965614],[140.132272,36.965606],[140.132323,36.965554],[140.132419,36.965438],[140.132551,36.965378],[140.132862,36.96525],[140.132919,36.965235],[140.132978,36.965231],[140.133064,36.965234],[140.133132,36.965241],[140.133227,36.965259],[140.133416,36.965306],[140.133538,36.965345],[140.133612,36.965383],[140.133669,36.965431],[140.133701,36.965492],[140.133728,36.965596],[140.134016,36.966994]]}},{"type":"Feature","properties":{"id":134781497,"highway":"unclassified"},"geometry":{"type":"LineString","coordinates":[[140.101527,36.936157],[140.101875,36.936265],[140.101993,36.936295],[140.102554,36.936406],[140.10284,36.936447],[140.103062,36.936435],[140.10312,36.936419],[140.103229,36.936394],[140.103336,36.936373]]}},{"type":"Feature","properties":{"id":134781582,"highway":"service"},"geometry":{"type":"LineString","coordinates":[[140.100523,36.975812],[140.100619,36.975603],[140.100977,36.974724]]}},{"type":"Feature","properties":{"id":134781744,"highway":"residential"},"geometry":{"type":"LineString","coordinates":[[140.133595,36.977373],[140.134033,36.977082],[140.13446,36.976785],[140.134904,36.97649]]}},{"type":"Feature","properties":{"id":134782148,"highway":"residential"},"geometry":{"type":"LineString","coordinates":[[140.133585,36.974664],[140.133544,36.974703],[140.133227,36.975049]]}},{"type":"Feature","properties":{"id":134782819,"highway":"residential"},"geometry":{"type":"LineString","coordinates":[[140.137785,36.973379],[140.137669,36.97333],[140.137407,36.973129],[140.137212,36.97296],[140.136963,36.972682],[140.1368,36.972449],[140.136592,36.972189],[140.136356,36.971963],[140.135866,36.972068],[140.13543,36.972181],[140.134994,36.972327],[140.134767,36.972406],[140.134392,36.972577],[140.134349,36.972542],[140.133919,36.972173],[140.133445,36.971735],[140.132993,36.971321]]}},{"type":"Feature","properties":{"id":134783163,"highway":"tertiary"},"geometry":{"type":"LineString","coordinates":[[140.09185,36.944162],[140.092244,36.944446],[140.092355,36.944504],[140.092454,36.944544],[140.092558,36.944576],[140.092626,36.94459],[140.092695,36.9446],[140.092786,36.944603],[140.092898,36.9446],[140.093095,36.944575],[140.093137,36.94457],[140.093363,36.944557],[140.093499,36.944565],[140.093647,36.944592],[140.093805,36.94463],[140.094269,36.944797],[140.094428,36.944867],[140.094643,36.944957],[140.094946,36.945061],[140.095984,36.945319],[140.098102,36.945801],[140.099276,36.946082],[140.099465,36.946101],[140.099585,36.946098],[140.099643,36.94609],[140.099713,36.946081],[140.099802,36.946052],[140.099892,36.946011],[140.099946,36.945977],[140.09998,36.945956],[140.100191,36.945768]]}},{"type":"Feature","properties":{"id":134783191,"highway":"residential"},"geometry":{"type":"LineString","coordinates":[[140.101369,36.93852],[140.103062,36.936435]]}},{"type":"Feature","properties":{"id":134783687,"highway":"service"},"geometry":{"type":"LineString","coordinates":[[140.126969,36.983054],[140.126491,36.983095]]}},{"type":"Feature","properties":{"id":134783716,"highway":"service"},"geometry":{"type":"LineString","coordinates":[[140.127817,36.982787],[140.126969,36.983054]]}},{"type":"Feature","properties":{"id":134783871,"highway":"unclassified"},"geometry":{"type":"LineString","coordinates":[[140.101993,36.934552],[140.101548,36.934409],[140.101145,36.934338],[140.101081,36.934342],[140.101029,36.934369],[140.100927,36.934447],[140.100837,36.934472],[140.10072,36.934484],[140.100589,36.934481],[140.100427,36.934468],[140.099454,36.934258],[140.099313,36.934262],[140.099155,36.93428],[140.099047,36.93427],[140.098125,36.934071],[140.098074,36.934084],[140.098039,36.934116],[140.097923,36.934294],[140.097872,36.934334],[140.097656,36.934408],[140.097577,36.934412],[140.097523,36.934388],[140.097412,36.93428],[140.097047,36.934049],[140.097001,36.934032],[140.096949,36.934039],[140.09674,36.934138],[140.096675,36.934154],[140.096369,36.934148],[140.096274,36.934129],[140.096248,36.934117],[140.095911,36.933971],[140.09527,36.933575],[140.095236,36.93356],[140.095201,36.933575],[140.094562,36.934028],[140.09406,36.934412],[140.093959,36.934478],[140.09321,36.934896],[140.092877,36.935023]]}},{"type":"Feature","properties":{"id":134784052,"highway":"residential"},"geometry":{"type":"LineString","coordinates":[[140.10602,36.944505],[140.106528,36.943773],[140.106544,36.943739],[140.106551,36.943698],[140.106541,36.943662],[140.106368,36.943462],[140.106362,36.943428],[140.106384,36.943363],[140.10646,36.943237],[140.106564,36.943083]]}},{"type":"Feature","properties":{"id":134784165,"highway":"service"},"geometry":{"type":"LineString","coordinates":[[140.133394,36.969567],[140.133416,36.969726],[140.133442,36.969871],[140.133494,36.970019],[140.133509,36.970039],[140.133705,36.970285]]}},{"type":"Feature","properties":{"id":134784759,"highway":"unclassified"},"geometry":{"type":"LineString","coordinates":[[140.104073,36.938698],[140.103352,36.939585]]}},{"type":"Feature","properties":{"id":134784934,"highway":"service"},"geometry":{"type":"LineString","coordinates":[[140.127965,36.983048],[140.128816,36.982774],[140.128666,36.982499],[140.127817,36.982787]]}},{"type":"Feature","properties":{"id":134785124,"highway":"service"},"geometry":{"type":"LineString","coordinates":[[140.133293,36.98038],[140.133424,36.980213],[140.13355,36.980083],[140.133589,36.980035],[140.133725,36.979843]]}},{"type":"Feature","properties":{"id":134785581,"highway":"residential"},"geometry":{"type":"LineString","coordinates":[[140.121895,36.969402],[140.121876,36.969476],[140.121858,36.969686]]}},{"type":"Feature","properties":{"id":134785783,"highway":"residential"},"geometry":{"type":"LineString","coordinates":[[140.098936,36.941264],[140.099775,36.940414],[140.100215,36.939891],[140.101369,36.93852]]}},{"type":"Feature","properties":{"id":134786927,"highway":"residential"},"geometry":{"type":"LineString","coordinates":[[140.134382,36.978107],[140.133595,36.977373],[140.132964,36.976739],[140.132424,36.976209]]}},{"type":"Feature","properties":{"id":134787035,"highway":"residential"},"geometry":{"type":"LineString","coordinates":[[140.132964,36.976739],[140.133372,36.976441],[140.133802,36.97614],[140.134238,36.975856],[140.134618,36.975609],[140.134679,36.97557],[140.134785,36.975516],[140.134908,36.975492],[140.135047,36.9755],[140.135159,36.975517],[140.135235,36.975539],[140.135429,36.975579],[140.135945,36.975673]]}},{"type":"Feature","properties":{"id":134787126,"highway":"residential"},"geometry":{"type":"LineString","coordinates":[[140.134785,36.975516],[140.134812,36.975385],[140.134811,36.975305],[140.134801,36.975214],[140.134763,36.975067]]}},{"type":"Feature","properties":{"id":134787501,"highway":"unclassified"},"geometry":{"type":"LineString","coordinates":[[140.102643,36.963648],[140.102687,36.963716],[140.102707,36.963786],[140.1027,36.963899],[140.10268,36.963999]]}},{"type":"Feature","properties":{"id":134788008,"highway":"tertiary"},"geometry":{"type":"LineString","coordinates":[[140.115333,37.001849],[140.115366,37.001811],[140.115387,37.001788],[140.115421,37.001748],[140.115512,37.001587],[140.115587,37.001425],[140.115637,37.001286],[140.11581,37.00072],[140.115895,37.000501],[140.115989,37.000298],[140.116135,37.000058],[140.116284,36.999863],[140.116448,36.999707],[140.116635,36.999545],[140.117096,36.999196],[140.118012,36.998509],[140.119642,36.997302],[140.119847,36.997138],[140.120019,36.996971],[140.120127,36.996843],[140.120224,36.996706],[140.120324,36.996518],[140.120384,36.996363],[140.120443,36.996191],[140.120453,36.996088],[140.120547,36.995275],[140.120753,36.993522],[140.12086,36.992539],[140.120859,36.992264],[140.120845,36.992073],[140.120699,36.99113],[140.120693,36.991091],[140.12069,36.990909],[140.120721,36.990749],[140.120784,36.990569],[140.120869,36.990404],[140.121,36.990248],[140.121142,36.990122],[140.121207,36.990063],[140.121473,36.989845],[140.121655,36.989696],[140.122532,36.988999],[140.122721,36.988844],[140.123029,36.988635],[140.123319,36.988467],[140.123771,36.988255],[140.12522,36.987543],[140.125623,36.987341],[140.12644,36.986937],[140.126584,36.986848],[140.12671,36.986723],[140.126807,36.986598],[140.126883,36.98649],[140.126914,36.98635],[140.126907,36.986133],[140.126862,36.985819],[140.126561,36.983852],[140.126491,36.983095],[140.126456,36.982739],[140.12646,36.98256],[140.126493,36.982346],[140.126569,36.982099],[140.126672,36.981896],[140.126826,36.981694],[140.127885,36.980503],[140.128231,36.980093],[140.128414,36.979846],[140.128601,36.979553],[140.128981,36.97882],[140.128997,36.978787],[140.129317,36.978156],[140.129456,36.977833],[140.129522,36.977644],[140.129575,36.977447],[140.129618,36.977186],[140.129707,36.976471],[140.12975,36.976322],[140.129787,36.976225],[140.129841,36.976128],[140.129966,36.976016],[140.130226,36.975842]]}},{"type":"Feature","properties":{"id":134788152,"highway":"service"},"geometry":{"type":"LineString","coordinates":[[140.100977,36.974724],[140.101314,36.974515],[140.101573,36.974376],[140.101631,36.974324],[140.101799,36.974135],[140.102195,36.973746],[140.102649,36.97323],[140.102715,36.973129],[140.102771,36.973032],[140.102815,36.972947],[140.102855,36.972907],[140.102991,36.972804],[140.103108,36.972628]]}},{"type":"Feature","properties":{"id":134788293,"highway":"service"},"geometry":{"type":"LineString","coordinates":[[140.101771,36.941484],[140.101997,36.941622],[140.102531,36.941883],[140.10281,36.942034],[140.1029,36.942099],[140.102975,36.942197],[140.103006,36.942217],[140.103642,36.942558],[140.103692,36.942572],[140.103741,36.942574],[140.103772,36.942575],[140.103864,36.942606],[140.10453,36.942952]]}},{"type":"Feature","properties":{"id":134788611,"highway":"tertiary"},"geometry":{"type":"LineString","coordinates":[[140.102368,36.976547],[140.1021,36.976397],[140.101918,36.97624],[140.101811,36.976124],[140.101706,36.975954],[140.101496,36.975588],[140.101185,36.975049],[140.100977,36.974724]]}},{"type":"Feature","properties":{"id":134789298,"highway":"tertiary"},"geometry":{"type":"LineString","coordinates":[[140.136174,36.977483],[140.135872,36.977699],[140.135673,36.977854],[140.135582,36.977948],[140.135507,36.978059],[140.135445,36.97817],[140.135117,36.978802],[140.135041,36.978935],[140.134936,36.979058],[140.134268,36.979567],[140.13386,36.979893],[140.133812,36.979931]]}},{"type":"Feature","properties":{"id":134789307,"highway":"service"},"geometry":{"type":"LineString","coordinates":[[140.127965,36.983048],[140.128038,36.983182],[140.128045,36.983222],[140.127822,36.983253],[140.127569,36.983276],[140.127052,36.983342],[140.127014,36.983348],[140.126969,36.983054]]}},{"type":"Feature","properties":{"id":134789574,"highway":"residential"},"geometry":{"type":"LineString","coordinates":[[140.134249,36.978279],[140.134292,36.978187],[140.134382,36.978107],[140.134815,36.97783],[140.135237,36.977553],[140.13569,36.977263],[140.136115,36.977029],[140.136229,36.976991],[140.136302,36.976954]]}},{"type":"Feature","properties":{"id":134789709,"highway":"residential"},"geometry":{"type":"LineString","coordinates":[[140.135866,36.972068],[140.13639,36.972685],[140.1368,36.973131],[140.136854,36.973221],[140.136858,36.973332],[140.136614,36.974028]]}},{"type":"Feature","properties":{"id":134789713,"highway":"unclassified"},"geometry":{"type":"LineString","coordinates":[[140.100503,36.927731],[140.100827,36.928046],[140.102105,36.929268],[140.102161,36.929308],[140.102308,36.929347],[140.102803,36.929347],[140.103024,36.929406],[140.103508,36.929613]]}},{"type":"Feature","properties":{"id":134789805,"highway":"residential"},"geometry":{"type":"LineString","coordinates":[[140.121681,36.980094],[140.121462,36.980079],[140.121397,36.980054],[140.121333,36.980006],[140.120741,36.979454],[140.120342,36.979121],[140.120069,36.97891],[140.120034,36.978872],[140.120008,36.978813],[140.120001,36.978593],[140.119977,36.977892],[140.119983,36.977869],[140.120006,36.977861],[140.120216,36.977845],[140.120447,36.977844],[140.120492,36.977833],[140.120621,36.977733],[140.120636,36.977704],[140.120666,36.977561],[140.120681,36.977533],[140.120739,36.977511],[140.121308,36.977385]]}},{"type":"Feature","properties":{"id":134789822,"highway":"residential"},"geometry":{"type":"LineString","coordinates":[[140.133585,36.974664],[140.133704,36.974648],[140.133824,36.974624],[140.133948,36.974602],[140.134042,36.97483],[140.134169,36.975139],[140.134197,36.975176],[140.134251,36.975181],[140.134763,36.975067],[140.134899,36.97501],[140.135271,36.974815],[140.135874,36.9745],[140.136172,36.974342]]}},{"type":"Feature","properties":{"id":134789901,"highway":"service"},"geometry":{"type":"LineString","coordinates":[[140.133394,36.969567],[140.133357,36.9693],[140.133316,36.968987],[140.133313,36.968811],[140.133381,36.968509],[140.13337,36.968115],[140.133349,36.968061],[140.133237,36.967887],[140.13318,36.967829],[140.13312,36.967798],[140.133046,36.967793],[140.13289,36.967796]]}},{"type":"Feature","properties":{"id":134789956,"highway":"unclassified"},"geometry":{"type":"LineString","coordinates":[[140.131674,36.976604],[140.131719,36.976643],[140.131733,36.976685],[140.13173,36.976741],[140.131673,36.977093],[140.131632,36.977229],[140.131591,36.977344],[140.131569,36.977391],[140.131525,36.977442],[140.131452,36.977486],[140.131343,36.977536]]}},{"type":"Feature","properties":{"id":134790136,"highway":"service"},"geometry":{"type":"LineString","coordinates":[[140.096643,36.974351],[140.096827,36.974378],[140.097007,36.974384],[140.097133,36.974413],[140.097942,36.974846],[140.098082,36.974932],[140.098301,36.975067],[140.098474,36.975122],[140.098611,36.975184],[140.098757,36.975281],[140.099046,36.975478],[140.099173,36.975577],[140.099299,36.975599],[140.099544,36.975606],[140.099657,36.975641],[140.099914,36.975777],[140.100019,36.9758],[140.100335,36.975805],[140.100523,36.975812]]}},{"type":"Feature","properties":{"id":134790264,"highway":"service"},"geometry":{"type":"LineString","coordinates":[[140.102241,36.955708],[140.10241,36.955672],[140.10262,36.955688],[140.103007,36.955755],[140.103493,36.955851],[140.103602,36.955864],[140.103675,36.955856],[140.103706,36.95583],[140.103801,36.955667],[140.103865,36.955604],[140.103965,36.955529],[140.104108,36.955441],[140.104291,36.955307],[140.104333,36.955268],[140.104388,36.955197]]}},{"type":"Feature","properties":{"id":134791108,"highway":"primary"},"geometry":{"type":"LineString","coordinates":[[140.12427,36.969387],[140.124378,36.9694],[140.124477,36.96942],[140.124559,36.969446],[140.124648,36.969488],[140.124751,36.969552],[140.124856,36.969632],[140.12498,36.969755],[140.125189,36.969969],[140.125223,36.970003],[140.125345,36.970122],[140.125469,36.970237],[140.125482,36.970248],[140.125561,36.970312],[140.125636,36.970367],[140.12567,36.970392],[140.125972,36.9706],[140.126003,36.970624],[140.126494,36.970953],[140.126627,36.971051],[140.126745,36.971142],[140.126786,36.971182],[140.126853,36.971247],[140.126946,36.971361],[140.12704,36.971499],[140.127254,36.971807],[140.127374,36.971992],[140.127529,36.97222],[140.128085,36.973008],[140.128254,36.97324],[140.128287,36.973281],[140.12837,36.973374],[140.12853,36.973521],[140.128644,36.973602],[140.128756,36.973677],[140.128933,36.973771],[140.129694,36.974105],[140.129824,36.974195],[140.129927,36.9743],[140.130004,36.97442],[140.130051,36.974556],[140.130072,36.974727],[140.130033,36.975259],[140.130059,36.975465],[140.130226,36.975842],[140.130488,36.976324],[140.130681,36.976615],[140.130753,36.976717],[140.130899,36.976916],[140.131134,36.97723],[140.131343,36.977536],[140.131451,36.977694],[140.131728,36.978039],[140.131894,36.978209],[140.132173,36.978453],[140.132455,36.978685],[140.132631,36.978832],[140.132977,36.9791],[140.13318,36.979265],[140.133339,36.979415],[140.133486,36.979577],[140.133725,36.979843],[140.133812,36.979931],[140.134097,36.980204],[140.134191,36.980266],[140.134292,36.980331],[140.134556,36.980472],[140.134912,36.980612],[140.135155,36.980698],[140.135378,36.980753],[140.135612,36.980797],[140.136036,36.980862],[140.13663,36.980938],[140.136938,36.980986],[140.137201,36.981038],[140.137649,36.981136],[140.138001,36.981238],[140.138442,36.981386],[140.13921,36.981616],[140.139477,36.981678],[140.139739,36.981727],[140.139945,36.981752],[140.140127,36.981761],[140.140287,36.98176],[140.140434,36.981751],[140.140559,36.98174],[140.140804,36.981701],[140.141005,36.981671],[140.141292,36.981625],[140.14144,36.981606],[140.141539,36.981595],[140.141642,36.981591],[140.141781,36.981595]]}},{"type":"Feature","properties":{"id":134791112,"highway":"primary"},"geometry":{"type":"LineString","coordinates":[[140.097788,36.940239],[140.098115,36.940548],[140.09857,36.940978],[140.098772,36.941147],[140.098936,36.941264],[140.099101,36.941375],[140.099466,36.941599],[140.09948,36.941609],[140.1001,36.942006],[140.100267,36.942113],[140.100429,36.942214],[140.10063,36.942332],[140.1008,36.94242],[140.100952,36.942493],[140.101291,36.942641],[140.10156,36.942758],[140.101609,36.942777],[140.101981,36.942932],[140.102273,36.943059],[140.102409,36.943118],[140.102558,36.943196],[140.102667,36.943262],[140.102725,36.943303]]}},{"type":"Feature","properties":{"id":134791117,"highway":"primary"},"geometry":{"type":"LineString","coordinates":[[140.103806,36.944187],[140.104904,36.944807]]}},{"type":"Feature","properties":{"id":134791122,"highway":"primary"},"geometry":{"type":"LineString","coordinates":[[140.10557,36.945164],[140.104904,36.944807]]}},{"type":"Feature","properties":{"id":134791807,"highway":"unclassified"},"geometry":{"type":"LineString","coordinates":[[140.117468,36.965521],[140.117852,36.965257],[140.117948,36.965202],[140.118095,36.965133],[140.118824,36.964788],[140.11898,36.964726],[140.119155,36.964683],[140.119284,36.96467],[140.119361,36.964679],[140.119398,36.964696],[140.119447,36.964734]]}},{"type":"Feature","properties":{"id":134792118,"highway":"primary"},"geometry":{"type":"LineString","coordinates":[[140.137348,36.941254],[140.136365,36.941542],[140.136154,36.941594],[140.135621,36.94169],[140.134989,36.941779],[140.134751,36.941798],[140.134513,36.94179],[140.134334,36.941771],[140.134239,36.941761],[140.133401,36.941647],[140.133336,36.941638],[140.133211,36.941605],[140.133109,36.94157],[140.133028,36.941533],[140.132472,36.94119],[140.132386,36.941155],[140.132284,36.941142],[140.132165,36.941148],[140.132047,36.94118],[140.131671,36.941319],[140.131325,36.941442],[140.131088,36.94153],[140.130856,36.941606],[140.130765,36.941631],[140.130661,36.941653],[140.130561,36.941666],[140.130466,36.94167],[140.130361,36.941665],[140.129699,36.941592],[140.129175,36.941549],[140.128945,36.941521],[140.128699,36.941471],[140.128453,36.941399],[140.128233,36.941287],[140.127859,36.941012],[140.126529,36.940045],[140.126453,36.93997],[140.126349,36.939788],[140.126234,36.939613],[140.126125,36.939508],[140.126049,36.939467],[140.125883,36.939411],[140.125712,36.939388],[140.12543,36.939405],[140.124409,36.939472],[140.123992,36.939491],[140.123587,36.939486],[140.123403,36.939468],[140.122661,36.939388],[140.122283,36.939361],[140.122044,36.939358],[140.121773,36.939379],[140.121425,36.939416],[140.121266,36.939432],[140.120972,36.93947],[140.120813,36.939506],[140.120554,36.939592],[140.120452,36.939635],[140.11994,36.939872],[140.119213,36.940251],[140.118998,36.940351],[140.118632,36.940481],[140.117931,36.940664],[140.117476,36.940761],[140.116951,36.940862],[140.11646,36.940957],[140.116263,36.941009],[140.116055,36.941093],[140.11587,36.941187],[140.115707,36.941274],[140.115248,36.941499],[140.113814,36.942203],[140.113702,36.942253],[140.113571,36.942292],[140.113456,36.942315],[140.11336,36.94232],[140.113252,36.942305],[140.113135,36.942266],[140.112292,36.941945],[140.112143,36.941899],[140.111981,36.94188],[140.111845,36.941896],[140.11167,36.941947],[140.111284,36.94209],[140.110799,36.94226],[140.110056,36.942494],[140.109868,36.942543],[140.109687,36.942583],[140.109452,36.942606],[140.109191,36.942619],[140.109043,36.942624],[140.108987,36.942626],[140.108952,36.942628],[140.108877,36.942639],[140.108783,36.942672],[140.108675,36.942731],[140.108576,36.942796],[140.108486,36.942872],[140.107852,36.943394],[140.107692,36.943521],[140.107456,36.943679],[140.107073,36.943917],[140.106803,36.944092],[140.106517,36.944316],[140.106464,36.944347],[140.106415,36.944369],[140.106353,36.944391],[140.106146,36.944453],[140.106074,36.944476],[140.10602,36.944505],[140.105985,36.944549],[140.10578,36.944862],[140.105732,36.944935],[140.10557,36.945164]]}},{"type":"Feature","properties":{"id":137902425,"highway":"tertiary"},"geometry":{"type":"LineString","coordinates":[[140.118074,36.892335],[140.118003,36.892345],[140.117952,36.892362],[140.11791,36.89239],[140.117344,36.892993],[140.117098,36.893266],[140.115627,36.894837],[140.114078,36.896578],[140.112689,36.898071],[140.11127,36.899629],[140.110815,36.900182],[140.11032,36.901033],[140.109054,36.903162],[140.108501,36.904069],[140.1083,36.90441],[140.106741,36.907043],[140.105561,36.909004],[140.104684,36.910472]]}},{"type":"Feature","properties":{"id":137902467,"highway":"primary"},"geometry":{"type":"LineString","coordinates":[[140.12258,36.916983],[140.12157,36.916913]]}},{"type":"Feature","properties":{"id":137902468,"highway":"primary"},"geometry":{"type":"LineString","coordinates":[[140.124122,36.916516],[140.123802,36.91678],[140.123717,36.916847],[140.123638,36.916895],[140.123583,36.916925],[140.123514,36.916959],[140.123414,36.916991],[140.123336,36.917013],[140.123242,36.917026],[140.123161,36.917025],[140.122862,36.917003],[140.122647,36.916988],[140.12258,36.916983]]}},{"type":"Feature","properties":{"id":138031428,"highway":"unclassified"},"geometry":{"type":"LineString","coordinates":[[140.163265,36.961768],[140.163245,36.961677],[140.163106,36.961308],[140.163109,36.961251],[140.163126,36.961201],[140.163193,36.961091],[140.163226,36.961036],[140.163241,36.960984],[140.163212,36.960732],[140.163183,36.960588],[140.16317,36.960512],[140.163167,36.96041],[140.163194,36.960325],[140.163278,36.960196],[140.163454,36.960028],[140.163813,36.959742],[140.163861,36.959678],[140.16387,36.959637],[140.163799,36.959159],[140.1638,36.959078],[140.163887,36.958712],[140.163915,36.958572],[140.163961,36.958322],[140.164012,36.958114]]}},{"type":"Feature","properties":{"id":138031431,"highway":"unclassified"},"geometry":{"type":"LineString","coordinates":[[140.150749,36.951416],[140.150771,36.951587],[140.150826,36.951988],[140.150837,36.952022],[140.150851,36.952063],[140.150913,36.952134],[140.150972,36.952168],[140.151037,36.952197],[140.151134,36.952218],[140.15158,36.952264],[140.151685,36.95228],[140.151797,36.952313],[140.151899,36.952351],[140.151995,36.952401],[140.15208,36.952481],[140.15231,36.952685],[140.152795,36.953134],[140.152912,36.953202],[140.153033,36.953261],[140.15314,36.953298],[140.153452,36.95336],[140.153811,36.953424],[140.153904,36.953445],[140.153981,36.953471],[140.154028,36.953505],[140.154053,36.953539],[140.154088,36.953607],[140.154116,36.95367],[140.154136,36.953759],[140.154226,36.954342],[140.154242,36.954411],[140.154268,36.954496],[140.154302,36.95457],[140.154343,36.954633],[140.154402,36.95471]]}},{"type":"Feature","properties":{"id":138031436,"highway":"unclassified"},"geometry":{"type":"LineString","coordinates":[[140.162492,36.961053],[140.16248,36.961053],[140.162465,36.961052],[140.162444,36.961044],[140.162247,36.960854],[140.162096,36.960653],[140.162064,36.960617],[140.161982,36.960571],[140.161635,36.960311],[140.161616,36.960299],[140.161335,36.960124],[140.160899,36.959829],[140.160417,36.959551],[140.160324,36.959505],[140.160151,36.95945],[140.159746,36.959338],[140.159671,36.959313],[140.15961,36.959284],[140.159467,36.959204],[140.159395,36.959175],[140.159297,36.959144],[140.158947,36.959046],[140.158885,36.959032],[140.15882,36.959026],[140.15875,36.959026],[140.158678,36.959046],[140.158575,36.959083],[140.158499,36.95911],[140.158387,36.959142],[140.158293,36.959153],[140.158187,36.959156],[140.158097,36.95915],[140.158052,36.95914],[140.158023,36.959133],[140.157957,36.95911],[140.15791,36.959088],[140.157861,36.959061],[140.157737,36.958977],[140.157578,36.958891],[140.157502,36.958852],[140.157449,36.95883],[140.157395,36.958816],[140.157228,36.958793],[140.157124,36.958776],[140.157027,36.958751],[140.156896,36.958706]]}},{"type":"Feature","properties":{"id":138031439,"highway":"unclassified"},"geometry":{"type":"LineString","coordinates":[[140.199753,36.977707],[140.202157,36.979113]]}},{"type":"Feature","properties":{"id":138031442,"highway":"unclassified"},"geometry":{"type":"LineString","coordinates":[[140.207788,36.972461],[140.207755,36.972343],[140.207733,36.972232],[140.207709,36.972163],[140.207612,36.972005],[140.207544,36.971893],[140.207495,36.971837],[140.207426,36.971784],[140.20719,36.971635],[140.207141,36.971614],[140.207069,36.971607],[140.206964,36.971614],[140.206832,36.97163],[140.206717,36.971659],[140.206565,36.971708],[140.206265,36.971821],[140.206155,36.971853],[140.206039,36.971876],[140.20593,36.971891],[140.205543,36.971928],[140.205312,36.971962],[140.205147,36.971997],[140.204934,36.972063],[140.204734,36.97214],[140.204501,36.97224],[140.204333,36.972317],[140.204232,36.972377],[140.203921,36.972575],[140.203871,36.972597],[140.203818,36.972613],[140.203758,36.972621],[140.203434,36.972627],[140.20265,36.972644],[140.202449,36.972669],[140.202122,36.972741],[140.202037,36.972771],[140.201964,36.97281],[140.201852,36.972889],[140.201694,36.973013],[140.201631,36.973044],[140.201543,36.973069],[140.20076,36.973153],[140.2007,36.973152],[140.2004,36.973103],[140.200338,36.973101],[140.200267,36.973112],[140.200207,36.973134],[140.200061,36.973206],[140.199865,36.973313],[140.199815,36.973329],[140.199775,36.973333],[140.199686,36.973343],[140.1996,36.973367],[140.199538,36.973401],[140.199394,36.973502]]}},{"type":"Feature","properties":{"id":138031448,"highway":"unclassified"},"geometry":{"type":"LineString","coordinates":[[140.161234,36.955039],[140.161418,36.955113],[140.16182,36.955284],[140.16194,36.955327],[140.162052,36.955342],[140.162337,36.955347],[140.162418,36.955353],[140.162526,36.955364],[140.163266,36.955526],[140.163447,36.955573],[140.163572,36.955634],[140.163762,36.955756],[140.164128,36.95608],[140.164427,36.956336],[140.164592,36.956443],[140.164806,36.956554],[140.165939,36.956917],[140.166404,36.957102],[140.167043,36.957338],[140.167186,36.957411],[140.167428,36.957555],[140.167569,36.957583],[140.167709,36.957581],[140.167958,36.957572],[140.168166,36.957588],[140.169158,36.957845],[140.16936,36.957877],[140.169996,36.957919],[140.17017,36.957906],[140.170303,36.957864],[140.170412,36.957807],[140.170789,36.957496],[140.17089,36.957452],[140.171048,36.9574],[140.171775,36.957267],[140.171901,36.957283],[140.171985,36.957337],[140.172019,36.957406],[140.172023,36.957467],[140.172047,36.958097],[140.172071,36.958722],[140.172033,36.95891],[140.17186,36.959135],[140.171655,36.95926]]}},{"type":"Feature","properties":{"id":138031450,"highway":"tertiary"},"geometry":{"type":"LineString","coordinates":[[140.160304,36.957921],[140.160311,36.957959],[140.160292,36.958003],[140.160276,36.958042],[140.160203,36.958236]]}},{"type":"Feature","properties":{"id":138031453,"highway":"residential"},"geometry":{"type":"LineString","coordinates":[[140.161722,36.958377],[140.16161,36.958356],[140.161355,36.958329],[140.161315,36.958408],[140.161297,36.958425],[140.161271,36.958434],[140.16085,36.958388],[140.160203,36.958236]]}},{"type":"Feature","properties":{"id":138031454,"highway":"unclassified"},"geometry":{"type":"LineString","coordinates":[[140.195649,36.976333],[140.196155,36.976164],[140.196309,36.976121],[140.196472,36.976087],[140.196779,36.976063],[140.196887,36.976072],[140.196973,36.976091],[140.197035,36.976122],[140.197695,36.976487],[140.198535,36.976976],[140.199753,36.977707]]}},{"type":"Feature","properties":{"id":138031460,"highway":"unclassified"},"geometry":{"type":"LineString","coordinates":[[140.164806,36.956554],[140.164721,36.956595],[140.164649,36.956643],[140.16456,36.956708]]}},{"type":"Feature","properties":{"id":138031461,"highway":"residential"},"geometry":{"type":"LineString","coordinates":[[140.161902,36.957683],[140.161825,36.957961],[140.161722,36.958377],[140.161971,36.958433],[140.162549,36.958478],[140.162788,36.958522],[140.16351,36.958654],[140.163887,36.958712]]}},{"type":"Feature","properties":{"id":138031462,"highway":"unclassified"},"geometry":{"type":"LineString","coordinates":[[140.12794,36.900691],[140.127416,36.900703],[140.127003,36.900027],[140.126906,36.899831],[140.126932,36.89913],[140.126919,36.898882],[140.126772,36.897575],[140.12769,36.897417]]}},{"type":"Feature","properties":{"id":138031463,"highway":"residential"},"geometry":{"type":"LineString","coordinates":[[140.157584,36.957751],[140.158096,36.957972],[140.158187,36.958009],[140.158289,36.95807],[140.158435,36.958154],[140.158493,36.958182],[140.158758,36.95826],[140.158873,36.958288],[140.158927,36.958295],[140.158989,36.958305],[140.159252,36.958376],[140.159568,36.958462]]}},{"type":"Feature","properties":{"id":138031464,"highway":"unclassified"},"geometry":{"type":"LineString","coordinates":[[140.16066,36.956984],[140.16114,36.957072],[140.161379,36.957115],[140.161543,36.957156],[140.161735,36.957198],[140.161993,36.95724],[140.162533,36.957356],[140.163128,36.957487],[140.163357,36.957527],[140.163464,36.95754],[140.163566,36.957539],[140.163802,36.957524],[140.163875,36.957516],[140.16414,36.957421],[140.164215,36.957404],[140.16434,36.957386]]}},{"type":"Feature","properties":{"id":138031465,"highway":"unclassified"},"geometry":{"type":"LineString","coordinates":[[140.157584,36.957751],[140.157305,36.958198],[140.157285,36.958223],[140.157266,36.958245],[140.157111,36.958385],[140.157034,36.958467]]}},{"type":"Feature","properties":{"id":138031467,"highway":"secondary"},"geometry":{"type":"LineString","coordinates":[[140.12934,36.910525],[140.12801,36.906691]]}},{"type":"Feature","properties":{"id":138031468,"highway":"secondary"},"geometry":{"type":"LineString","coordinates":[[140.12801,36.906691],[140.127789,36.906121],[140.127713,36.905937],[140.127577,36.905579],[140.12744,36.905118],[140.127315,36.904733],[140.127226,36.904259],[140.127218,36.903881],[140.127243,36.903299],[140.127331,36.902781],[140.127389,36.902518],[140.127555,36.901994],[140.127599,36.901848],[140.12794,36.900691],[140.128031,36.900221],[140.128104,36.899779],[140.128081,36.89915],[140.12769,36.897417],[140.127323,36.895803],[140.126765,36.893399],[140.126407,36.891784],[140.12616,36.890751],[140.125958,36.889839],[140.125899,36.889194],[140.125941,36.888432],[140.126122,36.887801],[140.126466,36.88683],[140.126511,36.886705],[140.126901,36.885623],[140.127002,36.885262],[140.127012,36.884836],[140.12695,36.884467],[140.126645,36.883683],[140.126637,36.883665],[140.126329,36.882961],[140.126229,36.882715]]}},{"type":"Feature","properties":{"id":138031469,"highway":"secondary"},"geometry":{"type":"LineString","coordinates":[[140.130322,36.913323],[140.130108,36.912681],[140.129502,36.910973],[140.129401,36.910679],[140.12934,36.910525]]}},{"type":"Feature","properties":{"id":138031474,"highway":"primary"},"geometry":{"type":"LineString","coordinates":[[140.197108,36.955617],[140.197057,36.955514],[140.197022,36.955452],[140.196966,36.955387],[140.196892,36.955328],[140.196814,36.955289],[140.196698,36.955257],[140.195998,36.955177],[140.195467,36.955114],[140.19523,36.95508],[140.195116,36.955066],[140.194862,36.955038],[140.194725,36.955045],[140.194601,36.955084],[140.194505,36.955103],[140.194337,36.955098],[140.194071,36.955051],[140.193669,36.954947],[140.193338,36.954861],[140.193235,36.954841],[140.193098,36.954826],[140.192967,36.954816],[140.192808,36.95483],[140.19253,36.9549],[140.192277,36.954936],[140.192063,36.954963],[140.191232,36.955016],[140.190875,36.955025],[140.190774,36.955036],[140.190696,36.955069],[140.190657,36.955113],[140.190447,36.95551],[140.190397,36.955559],[140.19032,36.955602],[140.190235,36.955637],[140.189499,36.955801],[140.189354,36.955846],[140.189005,36.956041],[140.188244,36.956509],[140.188136,36.956559],[140.18802,36.956589],[140.187911,36.956598],[140.187822,36.956594],[140.187396,36.956529],[140.1873,36.956533],[140.187192,36.956561],[140.187053,36.95662],[140.186944,36.956657],[140.186811,36.956689],[140.186707,36.956705],[140.186585,36.956706],[140.186311,36.956677],[140.185733,36.956622],[140.185422,36.956596],[140.185357,36.956598],[140.185008,36.956612],[140.184892,36.956627],[140.184811,36.956647],[140.184711,36.956689],[140.184214,36.956939],[140.184003,36.957059],[140.183835,36.95717],[140.183501,36.957446],[140.183227,36.957676],[140.182987,36.957877],[140.182809,36.958044],[140.182694,36.958191],[140.18231,36.958861],[140.182243,36.958999],[140.182184,36.959154],[140.182145,36.959312],[140.182108,36.95954],[140.182081,36.959629],[140.182058,36.959685],[140.182022,36.959735],[140.181986,36.95977],[140.181944,36.959797],[140.181893,36.95982],[140.181829,36.959849],[140.181539,36.959957],[140.181309,36.960042],[140.181056,36.960114],[140.180802,36.960172],[140.180006,36.96032],[140.179905,36.96034]]}},{"type":"Feature","properties":{"id":138031478,"highway":"unclassified"},"geometry":{"type":"LineString","coordinates":[[140.195592,36.976059],[140.195745,36.975831],[140.195841,36.975663],[140.195961,36.975395],[140.196081,36.975182],[140.196021,36.975101],[140.195994,36.975027],[140.195976,36.974944],[140.195975,36.974881],[140.195988,36.974787],[140.195991,36.974742],[140.195985,36.974685],[140.195969,36.974621],[140.195947,36.974574],[140.195754,36.974374],[140.195727,36.97434],[140.195718,36.974289],[140.195747,36.974121],[140.195742,36.974079],[140.195711,36.97404],[140.195657,36.974018],[140.195344,36.973937],[140.19518,36.973876],[140.194941,36.973752],[140.194513,36.973495],[140.19405,36.973214],[140.193959,36.973172],[140.193882,36.973162],[140.193719,36.973169],[140.193666,36.973158],[140.193639,36.973145],[140.193611,36.973132],[140.193459,36.972992],[140.193121,36.972651],[140.193073,36.972598],[140.193023,36.972565],[140.193071,36.97247]]}},{"type":"Feature","properties":{"id":138031480,"highway":"unclassified"},"geometry":{"type":"LineString","coordinates":[[140.193162,36.972284],[140.193224,36.972135],[140.193242,36.972076],[140.193254,36.972019],[140.193281,36.971775],[140.193274,36.971728],[140.193251,36.971665],[140.193212,36.971613],[140.192873,36.971318],[140.192817,36.971246],[140.192792,36.971182],[140.192782,36.971072],[140.192783,36.970738],[140.192793,36.970601],[140.192833,36.970458],[140.19291,36.970264],[140.19294,36.970067],[140.192913,36.969866],[140.19289,36.969818],[140.192858,36.969787],[140.192805,36.969763],[140.192692,36.969727],[140.192594,36.969684],[140.192532,36.969654],[140.192478,36.969615],[140.192431,36.969568],[140.192158,36.96919],[140.192125,36.969129],[140.192103,36.969064],[140.192093,36.969005],[140.192071,36.96856],[140.192067,36.968497],[140.192053,36.968421],[140.192031,36.968352],[140.191996,36.968267],[140.191842,36.96797],[140.191618,36.967533],[140.191531,36.967285],[140.191499,36.967169],[140.191417,36.966763],[140.191381,36.966648],[140.191298,36.966544],[140.191184,36.966453],[140.190802,36.966291],[140.190532,36.966192],[140.189944,36.966011],[140.189865,36.966004],[140.189655,36.966057],[140.189602,36.966062],[140.189562,36.966056],[140.18942,36.96599],[140.189381,36.965988],[140.189339,36.965995]]}},{"type":"Feature","properties":{"id":138031481,"highway":"primary"},"geometry":{"type":"LineString","coordinates":[[140.250689,36.987509],[140.250504,36.987454],[140.250244,36.987396],[140.249874,36.987347],[140.249552,36.987291],[140.249389,36.987236],[140.249118,36.987062],[140.248581,36.986694],[140.24833,36.986502],[140.248223,36.98636],[140.248199,36.98624],[140.248062,36.985923],[140.247991,36.985762],[140.247904,36.985623],[140.247804,36.985526],[140.247719,36.985484],[140.247644,36.985473],[140.247584,36.985485],[140.247511,36.985534],[140.247475,36.98561],[140.247423,36.985727],[140.247356,36.985871],[140.247289,36.985964],[140.247209,36.985992],[140.247157,36.985993],[140.247098,36.985974],[140.247039,36.985937],[140.247015,36.985899],[140.24701,36.985841],[140.247023,36.985766],[140.247051,36.985717],[140.247107,36.985625],[140.247161,36.985518],[140.247249,36.98542],[140.247306,36.985364],[140.247394,36.985312],[140.24749,36.985279],[140.247613,36.985264],[140.247712,36.985267],[140.247884,36.985309],[140.248021,36.985378],[140.24815,36.985492],[140.248241,36.985607],[140.248319,36.985691],[140.248402,36.985755],[140.248466,36.985787],[140.248555,36.985815],[140.248632,36.985813],[140.248691,36.985777],[140.248716,36.985728],[140.248716,36.985666],[140.24866,36.985578],[140.248587,36.985513],[140.248512,36.985455],[140.248376,36.985394],[140.248137,36.985308],[140.247755,36.98517],[140.247407,36.985054],[140.247229,36.984988],[140.247058,36.984937],[140.246866,36.984897],[140.246573,36.984843],[140.246348,36.984818],[140.246094,36.984783],[140.245846,36.9848],[140.245423,36.984925],[140.24505,36.98501],[140.244757,36.985052],[140.244529,36.985064],[140.244295,36.98508],[140.244135,36.985105],[140.244052,36.985162],[140.244012,36.98524],[140.243996,36.985335],[140.244011,36.985433],[140.244066,36.985528],[140.244162,36.985606],[140.244327,36.985687],[140.24457,36.985805],[140.244733,36.985902],[140.244824,36.985962],[140.244902,36.98605],[140.244934,36.986154],[140.24491,36.986218],[140.244849,36.986251],[140.244789,36.986257],[140.2447,36.986237],[140.244553,36.986171],[140.244473,36.986135],[140.244405,36.986111],[140.244333,36.986094],[140.244264,36.986099],[140.244164,36.986126],[140.24409,36.986137],[140.243984,36.986151],[140.243904,36.986151],[140.243807,36.986111],[140.243703,36.986045],[140.243657,36.985978],[140.243604,36.9859],[140.24352,36.985817],[140.243442,36.985751],[140.243339,36.9857],[140.243251,36.985681],[140.243147,36.985684],[140.242824,36.985803],[140.242596,36.985872],[140.242469,36.985887],[140.24173,36.985909],[140.241605,36.985933],[140.241482,36.985978],[140.24137,36.986032],[140.241268,36.986109],[140.241219,36.986192],[140.241213,36.986314],[140.241337,36.986486],[140.241393,36.986556],[140.241409,36.986623],[140.241407,36.986694],[140.241364,36.986732],[140.241308,36.986744],[140.241248,36.986743],[140.241196,36.986722],[140.241104,36.98666],[140.240851,36.98643],[140.240774,36.986367],[140.240694,36.986298],[140.240613,36.986239],[140.240506,36.986191],[140.240375,36.98618],[140.240254,36.986219],[140.240155,36.986251],[140.240031,36.986337],[140.239835,36.986464],[140.23971,36.986519],[140.239546,36.986572],[140.23932,36.986612],[140.238956,36.986632],[140.238497,36.986656],[140.238092,36.986694],[140.237929,36.986722],[140.237819,36.986769],[140.237714,36.986844],[140.237644,36.986921],[140.237622,36.986978],[140.237604,36.987108],[140.237628,36.987187],[140.237692,36.987293],[140.237762,36.987384],[140.237837,36.987485],[140.237869,36.987572],[140.237869,36.987643],[140.237863,36.987692],[140.237835,36.987721],[140.237784,36.987744],[140.237723,36.987747],[140.237668,36.987727],[140.237627,36.98769],[140.237547,36.987583],[140.237084,36.987033],[140.237006,36.986919],[140.236927,36.98685],[140.236817,36.986777],[140.236664,36.986717],[140.236455,36.986698],[140.236074,36.986661],[140.235769,36.986649],[140.23561,36.986659],[140.235426,36.986679],[140.235245,36.986726],[140.235154,36.986761],[140.235087,36.986792],[140.234981,36.986857],[140.23482,36.986917],[140.234674,36.986938],[140.23453,36.986941],[140.234369,36.98693],[140.234222,36.986904],[140.234101,36.986889],[140.233902,36.986899],[140.233566,36.986948],[140.233342,36.98699],[140.233149,36.987022],[140.23299,36.987021],[140.232727,36.986985],[140.232496,36.986921],[140.232221,36.986889],[140.232063,36.986872],[140.231861,36.986786],[140.231678,36.986706],[140.231499,36.986596],[140.231337,36.986454],[140.231188,36.9863],[140.231003,36.986234],[140.230466,36.986162],[140.229844,36.98609],[140.229426,36.986024],[140.228576,36.985837],[140.228274,36.985757],[140.228039,36.9857],[140.227784,36.985621],[140.227483,36.985498],[140.227202,36.985317],[140.226856,36.985031],[140.226595,36.984866],[140.226215,36.984716],[140.225858,36.98459],[140.225488,36.984443],[140.225287,36.984333],[140.225051,36.984183],[140.224786,36.98401],[140.224587,36.983785],[140.224308,36.983475],[140.224087,36.983298],[140.223841,36.983219],[140.223543,36.983145],[140.223232,36.983034],[140.22304,36.982906],[140.222939,36.982754],[140.222919,36.982628],[140.222864,36.982314],[140.222803,36.981907],[140.222706,36.981532],[140.222638,36.981336],[140.222575,36.981163],[140.222495,36.980977],[140.222423,36.980823],[140.222325,36.980657],[140.221992,36.98024],[140.22166,36.979812],[140.221498,36.97964],[140.221132,36.979307],[140.219806,36.978293],[140.21877,36.977573],[140.218139,36.97708],[140.217917,36.976849],[140.217573,36.976467],[140.217261,36.976128],[140.217086,36.975942],[140.216758,36.975647],[140.216435,36.975416],[140.216048,36.97512],[140.215735,36.974805],[140.215479,36.97451],[140.215339,36.974301],[140.215264,36.974148],[140.215202,36.974017],[140.21512,36.973928],[140.214953,36.973795],[140.214807,36.973691],[140.214508,36.973517],[140.214261,36.97337],[140.214003,36.973231],[140.213703,36.973094],[140.213354,36.972971],[140.213255,36.972938],[140.213083,36.97289],[140.212874,36.972846],[140.212401,36.972745],[140.211981,36.972662],[140.211727,36.972625],[140.211583,36.972609],[140.211438,36.972599],[140.211269,36.972593],[140.211158,36.972592],[140.211084,36.972585],[140.210991,36.972574],[140.210919,36.972561],[140.210836,36.97254],[140.210747,36.972512],[140.210652,36.972473],[140.210563,36.972435],[140.210429,36.972365],[140.210068,36.972159],[140.209775,36.971995],[140.209674,36.97195],[140.209562,36.971918],[140.209482,36.971904],[140.209397,36.9719],[140.209304,36.971909],[140.209197,36.971925],[140.209084,36.971955],[140.208551,36.972115],[140.208141,36.972252],[140.208012,36.972306],[140.20793,36.972348],[140.207847,36.972404],[140.207788,36.972461],[140.207751,36.972524],[140.207712,36.972632],[140.207659,36.972793],[140.207618,36.972861],[140.207555,36.972915],[140.207439,36.972976],[140.207307,36.973028],[140.207102,36.973089],[140.206898,36.973133],[140.206251,36.973244],[140.205179,36.973418],[140.204997,36.973454],[140.204375,36.973606],[140.204144,36.973652],[140.204028,36.973667],[140.203911,36.973675],[140.203734,36.973669],[140.203249,36.973604],[140.20302,36.973576],[140.202876,36.973577],[140.202702,36.973598],[140.20248,36.973634],[140.202092,36.973707],[140.201886,36.973746],[140.200964,36.973918],[140.200234,36.974047],[140.199785,36.974129],[140.199719,36.974142],[140.199443,36.974206],[140.199152,36.974286],[140.198952,36.974353],[140.198233,36.974612],[140.198095,36.974654],[140.197945,36.974688],[140.197776,36.974723],[140.197596,36.974748],[140.19743,36.974769],[140.19726,36.974776],[140.197079,36.974775],[140.196667,36.974744],[140.195985,36.974685],[140.195428,36.974631],[140.194312,36.974542],[140.19399,36.974519],[140.193881,36.974506]]}},{"type":"Feature","properties":{"id":138031482,"highway":"primary"},"geometry":{"type":"LineString","coordinates":[[140.195468,36.976246],[140.195649,36.976333],[140.19597,36.976487],[140.196162,36.976572],[140.196485,36.976697],[140.196763,36.976823],[140.197118,36.977025],[140.197719,36.977376],[140.198357,36.97776],[140.198767,36.978011],[140.199225,36.978288],[140.19994,36.978673],[140.200085,36.978758],[140.200233,36.978855],[140.20033,36.97891],[140.200442,36.978973],[140.201207,36.97938],[140.201692,36.979638],[140.202057,36.979812],[140.202673,36.980126],[140.202899,36.980246],[140.203124,36.980375],[140.203294,36.980472],[140.20339,36.980534],[140.203476,36.980598],[140.203545,36.98066],[140.203715,36.980835],[140.203908,36.981034],[140.204542,36.981688],[140.204831,36.981971],[140.204892,36.982028],[140.204995,36.982124],[140.205204,36.982299],[140.205337,36.982411],[140.205536,36.982569],[140.205763,36.982719],[140.206002,36.982865],[140.206274,36.98301],[140.206687,36.983202],[140.206786,36.983246],[140.207306,36.983475],[140.207544,36.983604],[140.207636,36.983677],[140.207648,36.983686],[140.207726,36.983748],[140.207878,36.983888],[140.20797,36.983981],[140.208302,36.984318],[140.208371,36.98438],[140.208461,36.984449],[140.208537,36.98449],[140.208615,36.984525],[140.2087,36.984561],[140.208821,36.984597],[140.208928,36.984624],[140.209143,36.984677],[140.209269,36.984711],[140.209393,36.984758],[140.209483,36.984808],[140.209564,36.984855],[140.209657,36.984925],[140.210065,36.985272],[140.210237,36.985433],[140.210389,36.985615],[140.210596,36.985883],[140.210854,36.986232],[140.211573,36.987206],[140.211612,36.987278],[140.212161,36.988282],[140.212254,36.98843],[140.212336,36.98855],[140.212783,36.989181],[140.213343,36.989964],[140.213718,36.990482],[140.213891,36.990723],[140.213995,36.990874],[140.214106,36.991053],[140.214326,36.991468],[140.214455,36.991703],[140.214603,36.991978],[140.214758,36.992302],[140.214887,36.992563],[140.214993,36.992739],[140.215098,36.992898],[140.215187,36.993015],[140.215285,36.99313],[140.215566,36.993439],[140.215709,36.993608],[140.215817,36.993762],[140.215895,36.993893],[140.215973,36.994031],[140.216058,36.994204],[140.216265,36.994673],[140.216474,36.995183],[140.216561,36.99538]]}},{"type":"Feature","properties":{"id":176470199,"highway":"unclassified"},"geometry":{"type":"LineString","coordinates":[[140.197708,36.927634],[140.197822,36.927592],[140.197878,36.92754],[140.197913,36.927483],[140.19792,36.927348],[140.197892,36.927175],[140.197829,36.926943],[140.197811,36.926895],[140.197773,36.926847],[140.197734,36.926817],[140.197674,36.92678],[140.197407,36.926663],[140.197318,36.926615],[140.19712,36.92643],[140.197057,36.92638],[140.19698,36.926335],[140.196559,36.926165],[140.196507,36.926128],[140.196454,36.926082],[140.196383,36.925985],[140.196345,36.9259],[140.196313,36.925793],[140.196308,36.92575],[140.196307,36.925653],[140.196313,36.925602],[140.196362,36.925382],[140.196364,36.925314],[140.196363,36.925202],[140.196355,36.925134],[140.196306,36.924932],[140.196302,36.92486],[140.196305,36.924814],[140.196348,36.924746],[140.196395,36.924702],[140.196461,36.924661],[140.196682,36.924585],[140.197022,36.924443],[140.197197,36.924392],[140.197443,36.924364],[140.197578,36.924356],[140.197939,36.92441],[140.198156,36.92441],[140.198252,36.924392],[140.198336,36.924352],[140.198495,36.924267],[140.198703,36.924195],[140.198857,36.924155],[140.198985,36.924138],[140.199095,36.924147],[140.199208,36.924174],[140.199296,36.924215],[140.199392,36.924264],[140.199454,36.924294],[140.199526,36.924309],[140.199631,36.924296],[140.199746,36.924257],[140.199822,36.924208],[140.199938,36.924117],[140.200009,36.924088],[140.20013,36.924058],[140.200246,36.924044],[140.200315,36.924075],[140.200369,36.924129],[140.200409,36.924189],[140.200457,36.924311],[140.200468,36.924425],[140.200465,36.9245],[140.200425,36.924577],[140.200369,36.924678],[140.200342,36.924744],[140.200353,36.924802],[140.200385,36.924848],[140.200431,36.924889],[140.200484,36.924933],[140.200522,36.924984],[140.200557,36.925053],[140.200602,36.925148],[140.200665,36.925192],[140.200744,36.925194],[140.200825,36.925156],[140.2009,36.925066],[140.200996,36.924933],[140.201082,36.924822],[140.201124,36.92471],[140.201126,36.924584],[140.201205,36.924482],[140.201292,36.924434],[140.201409,36.924392],[140.20149,36.924345],[140.201559,36.924277],[140.201587,36.92416],[140.201597,36.923792],[140.201624,36.923535],[140.201694,36.923396],[140.201871,36.923289],[140.202043,36.92322],[140.202258,36.923173],[140.202455,36.92317],[140.202643,36.923196],[140.202772,36.923286],[140.202949,36.923427],[140.20304,36.923612],[140.203083,36.923783],[140.203131,36.923908],[140.203218,36.923958],[140.203308,36.923972],[140.203432,36.923951],[140.203496,36.923886],[140.203523,36.923775],[140.203566,36.923556],[140.20363,36.92338],[140.203695,36.923302],[140.203823,36.92323],[140.204028,36.923182],[140.204312,36.923156],[140.204574,36.923183],[140.204747,36.923237],[140.204891,36.923316],[140.204966,36.923376],[140.205069,36.923383],[140.205187,36.92331],[140.205309,36.92323],[140.205428,36.923186],[140.205534,36.923161],[140.205653,36.923183],[140.205793,36.92325],[140.20593,36.923308],[140.206013,36.923325],[140.206109,36.923305],[140.206171,36.923235],[140.206224,36.923157],[140.206229,36.923035],[140.206192,36.922902],[140.20615,36.922753],[140.206187,36.922661],[140.206256,36.922604],[140.206332,36.922596],[140.206449,36.922621],[140.206557,36.922654],[140.206615,36.922658],[140.206674,36.922645],[140.206731,36.922591],[140.206784,36.92251],[140.206818,36.922447],[140.2069,36.922285],[140.206933,36.92221],[140.206943,36.922095],[140.206916,36.922044],[140.206833,36.92201],[140.20676,36.922002],[140.206645,36.922025],[140.20653,36.922051],[140.206426,36.922064],[140.206308,36.922045],[140.2062,36.922032],[140.206055,36.922027],[140.20583,36.922032],[140.205717,36.922036],[140.205634,36.922062],[140.205543,36.922135],[140.205457,36.922206],[140.205326,36.92227],[140.205049,36.92237],[140.204891,36.92242],[140.204784,36.922437],[140.204682,36.922415],[140.204615,36.922373],[140.204583,36.92232],[140.204511,36.922249],[140.204421,36.922195],[140.204318,36.922187],[140.204212,36.922216],[140.204016,36.92228],[140.203906,36.922302],[140.20377,36.922287],[140.203673,36.922235],[140.203617,36.922141],[140.203537,36.922062],[140.203426,36.922002],[140.203322,36.92194],[140.203186,36.921865],[140.203118,36.921774],[140.20308,36.921648],[140.203076,36.921571],[140.203105,36.921513],[140.203142,36.921438],[140.203137,36.921373],[140.203083,36.921311],[140.203005,36.921281],[140.202917,36.92128],[140.202818,36.921322],[140.202716,36.921384],[140.202651,36.921438],[140.202547,36.921498],[140.202469,36.921534],[140.20234,36.921553],[140.202257,36.921558],[140.202136,36.921521],[140.202042,36.921465],[140.201959,36.921376],[140.20193,36.921262],[140.20193,36.921146],[140.201965,36.920985],[140.201989,36.920859],[140.201991,36.920739],[140.20193,36.920642],[140.201844,36.920594],[140.201745,36.920591],[140.201651,36.920627],[140.201594,36.9207],[140.201568,36.920764],[140.201546,36.920831],[140.201522,36.920912],[140.201484,36.920962],[140.201409,36.920985],[140.201324,36.920983],[140.201259,36.92096],[140.201205,36.920895],[140.201195,36.920818],[140.201216,36.920728],[140.201235,36.920644],[140.2012,36.920477],[140.201146,36.920333],[140.201086,36.920233],[140.20101,36.920192],[140.200933,36.920192],[140.200838,36.920222],[140.20079,36.920268],[140.200744,36.920359],[140.200672,36.920491],[140.200597,36.920643],[140.200525,36.920731],[140.20046,36.920794],[140.200426,36.920838],[140.200399,36.920904],[140.200359,36.920975],[140.20031,36.921014],[140.200213,36.921037],[140.200098,36.921041],[140.199993,36.921028],[140.199883,36.920979],[140.199803,36.920913],[140.199746,36.920829],[140.199728,36.920726],[140.199712,36.920653],[140.199613,36.920561],[140.199481,36.920466],[140.199376,36.920381],[140.199301,36.920288],[140.199266,36.920181],[140.199255,36.920054],[140.199245,36.919937],[140.199202,36.919851],[140.199164,36.919756],[140.199175,36.919679],[140.199227,36.919586],[140.19925,36.919499],[140.199226,36.919409],[140.199183,36.919349],[140.199128,36.919277],[140.199047,36.919243],[140.198969,36.91924],[140.198883,36.919255],[140.198781,36.919296],[140.198711,36.919325],[140.198669,36.919384],[140.198647,36.919443],[140.198645,36.919485],[140.198655,36.919536],[140.198657,36.919598],[140.198642,36.919654],[140.198585,36.91975],[140.198521,36.919797],[140.198452,36.919839],[140.1984,36.919874],[140.198368,36.919916],[140.198355,36.919967],[140.198352,36.920048],[140.198342,36.920115],[140.198304,36.920169],[140.198274,36.92021],[140.198217,36.920252],[140.198159,36.920288],[140.198083,36.920316],[140.198003,36.920325],[140.197928,36.920323],[140.19785,36.920295],[140.197794,36.920255],[140.19774,36.920185],[140.197689,36.920108],[140.197523,36.919999],[140.197421,36.919934],[140.19733,36.919909],[140.197249,36.919911],[140.197147,36.919928],[140.197051,36.919937],[140.196994,36.919939],[140.196925,36.919918],[140.196876,36.919881],[140.196796,36.919817],[140.196726,36.919793],[140.196624,36.919799],[140.19653,36.919823],[140.196428,36.919842],[140.196335,36.919854],[140.196249,36.919842],[140.196187,36.919799],[140.196142,36.91972],[140.196131,36.919598],[140.196174,36.91951],[140.196217,36.919433],[140.196259,36.919351],[140.196254,36.919276],[140.196198,36.919212],[140.196134,36.919186],[140.196023,36.919186],[140.195777,36.919201],[140.195621,36.91921],[140.195511,36.919244],[140.195396,36.919302],[140.195319,36.919326],[140.19522,36.919311],[140.195152,36.919278],[140.195088,36.919219],[140.195029,36.919153],[140.194932,36.919092],[140.194846,36.919072],[140.194774,36.919079],[140.194693,36.919109],[140.194666,36.919156],[140.194664,36.91922],[140.194648,36.919286],[140.194629,36.919328],[140.194572,36.91937],[140.194524,36.919388],[140.194436,36.919388],[140.194339,36.91936],[140.194232,36.919291],[140.194154,36.919222],[140.194012,36.919135],[140.193907,36.91912],[140.19383,36.919127],[140.193766,36.91915],[140.193685,36.919202],[140.193656,36.919232],[140.193583,36.919273],[140.193508,36.919296],[140.193451,36.919293],[140.193363,36.919263],[140.193315,36.91921],[140.193301,36.919143],[140.19332,36.919087],[140.193357,36.919008],[140.193381,36.918918],[140.193406,36.918786],[140.19346,36.918653],[140.193534,36.918554],[140.19362,36.9185],[140.193674,36.91847],[140.193757,36.918433],[140.193844,36.91838],[140.193878,36.918322],[140.193913,36.918251],[140.193955,36.918206],[140.194023,36.918165],[140.194084,36.918129],[140.194127,36.91806],[140.194119,36.917989],[140.194066,36.917937],[140.194004,36.917899],[140.193921,36.917884],[140.193832,36.917884],[140.193723,36.917892],[140.193634,36.917897],[140.19358,36.917899],[140.193502,36.91788],[140.193424,36.91785],[140.193366,36.917802],[140.193331,36.917735],[140.193288,36.917661],[140.193237,36.917619],[140.193183,36.917539],[140.193167,36.917464],[140.193199,36.91737],[140.193258,36.917301],[140.193363,36.917209],[140.193436,36.917158],[140.193532,36.917134],[140.193624,36.91712],[140.193685,36.9171],[140.193741,36.917067],[140.19377,36.916988],[140.19375,36.916918],[140.193693,36.916862],[140.193618,36.916843],[140.19353,36.916806],[140.193478,36.916726],[140.193478,36.916666],[140.193534,36.916602],[140.193594,36.916564],[140.193685,36.916529],[140.19375,36.916498],[140.193784,36.916422],[140.193784,36.91633],[140.193787,36.916227],[140.193819,36.916153],[140.193859,36.916042],[140.193838,36.915982],[140.193786,36.915926],[140.193685,36.915878],[140.193585,36.915839],[140.193508,36.915796],[140.193465,36.915721],[140.193465,36.915642],[140.193529,36.915476],[140.193588,36.915341],[140.193588,36.915266],[140.193562,36.915205],[140.193519,36.915172],[140.193422,36.915148],[140.193339,36.915145],[140.193267,36.915175],[140.193178,36.91523],[140.19309,36.915286],[140.193,36.915334],[140.192939,36.91536],[140.192846,36.915365],[140.192776,36.915339],[140.192719,36.915303],[140.192692,36.915251],[140.192607,36.915162],[140.192535,36.915121],[140.192438,36.915124],[140.192376,36.915144],[140.19232,36.915192],[140.192285,36.915249],[140.192266,36.91535],[140.192242,36.915432],[140.19222,36.915511],[140.192193,36.915573],[140.19214,36.915627],[140.192094,36.915656],[140.192019,36.91568],[140.191928,36.915686],[140.191858,36.915665],[140.191784,36.915638],[140.191687,36.915577],[140.191606,36.915536],[140.191485,36.9155],[140.191386,36.9155],[140.191312,36.915518],[140.191236,36.915582],[140.191202,36.915627],[140.191193,36.915681],[140.191201,36.915742],[140.191228,36.915804],[140.191306,36.915875],[140.191373,36.915961],[140.191397,36.915998],[140.191394,36.916044],[140.191386,36.916077],[140.191341,36.916125],[140.191311,36.916154],[140.191252,36.916169],[140.191177,36.916169],[140.191067,36.91615],[140.190965,36.916132],[140.190909,36.916132],[140.190826,36.916155],[140.190778,36.916182],[140.190716,36.916236],[140.19064,36.916276],[140.190565,36.916293],[140.190483,36.916288],[140.190351,36.916272],[140.19027,36.916272],[140.190198,36.916283],[140.190117,36.916308],[140.190026,36.916351],[140.189919,36.91641],[140.189822,36.916456],[140.189715,36.916495],[140.189608,36.916527],[140.18953,36.916538],[140.189455,36.916536],[140.189393,36.916523],[140.189313,36.916478],[140.189276,36.916433],[140.189246,36.916383],[140.189216,36.9163],[140.189189,36.916229],[140.189147,36.916172],[140.189063,36.916124],[140.188983,36.916101],[140.188876,36.916071],[140.18876,36.916042],[140.188656,36.916021],[140.188589,36.915969],[140.188544,36.915895],[140.18856,36.915833],[140.18861,36.915753],[140.188637,36.915697],[140.188639,36.915635],[140.188572,36.915556],[140.188492,36.915485],[140.188395,36.915397],[140.188288,36.915339],[140.188184,36.915283],[140.188122,36.915217],[140.188095,36.915144],[140.188082,36.915082],[140.188087,36.915028],[140.188114,36.914972],[140.188173,36.914925],[140.188229,36.914865],[140.188248,36.914799],[140.188206,36.914729],[140.188104,36.914626],[140.188041,36.914539],[140.188026,36.914473],[140.188033,36.914327],[140.18805,36.914237],[140.188092,36.914155],[140.188111,36.914082],[140.188074,36.914019],[140.188015,36.913975],[140.187913,36.913931],[140.187739,36.913877],[140.187569,36.91384],[140.187508,36.913836],[140.187432,36.913842],[140.18736,36.913861],[140.187298,36.913866],[140.187239,36.913859],[140.187178,36.913845],[140.187116,36.913806],[140.187076,36.913737],[140.187057,36.913683],[140.187062,36.913589],[140.187113,36.913503],[140.187154,36.91345],[140.18721,36.913425],[140.187275,36.913425],[140.187361,36.913429],[140.187524,36.913447],[140.187701,36.913446],[140.187813,36.913411],[140.187948,36.913385],[140.188049,36.913392],[140.188141,36.913405],[140.188226,36.913439],[140.188289,36.91347],[140.188446,36.913565],[140.188532,36.91358],[140.188659,36.913583],[140.188787,36.913555],[140.188935,36.913558],[140.189032,36.913575],[140.189144,36.913606],[140.189302,36.913651],[140.189377,36.913653],[140.189452,36.91363],[140.189551,36.913576],[140.189659,36.913489],[140.189704,36.913407],[140.189718,36.913312],[140.189726,36.913223],[140.189758,36.913145],[140.1899,36.913004],[140.189962,36.912896],[140.189967,36.912823],[140.189932,36.912738],[140.189836,36.91253],[140.189742,36.912259],[140.189756,36.912187],[140.189801,36.912135],[140.189865,36.91209],[140.189938,36.91206],[140.190069,36.912051],[140.190161,36.912061],[140.190228,36.912074],[140.190348,36.912114],[140.190434,36.912144],[140.190501,36.912152],[140.190686,36.912124],[140.190823,36.912106],[140.190896,36.912082],[140.190933,36.912036],[140.190946,36.911959],[140.190949,36.911871],[140.19097,36.911773],[140.191011,36.911702],[140.19108,36.91165],[140.191129,36.91161],[140.191249,36.911558],[140.191332,36.911505],[140.191394,36.911455],[140.191483,36.91137],[140.191601,36.911254],[140.191668,36.911196],[140.191748,36.911155],[140.191819,36.911138],[140.191896,36.911151],[140.191982,36.911179],[140.192083,36.911206],[140.192196,36.911219],[140.192252,36.911243],[140.192274,36.911264],[140.192307,36.911316],[140.192323,36.911359],[140.19233,36.91143],[140.192352,36.911469],[140.192392,36.911509],[140.192456,36.911539],[140.192532,36.911572],[140.192617,36.911586],[140.192682,36.911586],[140.192798,36.911574],[140.192902,36.911539],[140.193079,36.911457],[140.193199,36.9114],[140.193278,36.911396],[140.193331,36.911413],[140.193398,36.911462],[140.19347,36.91153],[140.193532,36.911591],[140.193599,36.911623],[140.193655,36.911631],[140.193738,36.911629],[140.1938,36.91159],[140.19384,36.911539],[140.193864,36.91146],[140.193907,36.911252],[140.193945,36.911164],[140.193999,36.911119],[140.194049,36.911097],[140.194124,36.911084],[140.194189,36.911095],[140.194243,36.911132],[140.19431,36.911177],[140.194399,36.911229],[140.194458,36.91125],[140.194525,36.911244],[140.194583,36.911215],[140.194618,36.911164],[140.194618,36.911091],[140.194623,36.910971],[140.194607,36.910874],[140.194548,36.91075],[140.194509,36.910637],[140.194548,36.910531],[140.194623,36.910381],[140.19467,36.910131],[140.194649,36.910011],[140.194543,36.909909],[140.194473,36.909785],[140.194452,36.90963],[140.194425,36.90951],[140.194354,36.909384],[140.194344,36.909257],[140.194366,36.909176],[140.194473,36.909103],[140.19458,36.909034],[140.194672,36.908953],[140.194736,36.908833],[140.194853,36.908685],[140.194897,36.908545],[140.194983,36.908451],[140.195079,36.908408],[140.19523,36.908404],[140.195326,36.908404],[140.195433,36.908386],[140.195517,36.908334],[140.195561,36.908218],[140.195545,36.908145],[140.195482,36.908052],[140.195433,36.907906],[140.195478,36.907832],[140.195578,36.90776],[140.19562,36.907699],[140.195625,36.907604],[140.195561,36.907403],[140.195433,36.907305],[140.195266,36.907231],[140.195073,36.907184],[140.194858,36.907154],[140.194778,36.90712],[140.194688,36.90704],[140.194682,36.906941],[140.194752,36.906851],[140.19487,36.906774],[140.195026,36.906645],[140.19511,36.906528],[140.195154,36.90637],[140.195154,36.906267],[140.195105,36.906154],[140.194965,36.906039],[140.194645,36.905834],[140.194521,36.905718],[140.194391,36.905653],[140.194306,36.905571],[140.194307,36.905482],[140.194328,36.905397],[140.194371,36.905337],[140.194446,36.905302],[140.194532,36.905294],[140.194622,36.905288],[140.194669,36.905221],[140.194709,36.905124],[140.194726,36.905043],[140.194758,36.904987],[140.194833,36.90494],[140.194924,36.904901],[140.195008,36.904871],[140.195063,36.904835],[140.195093,36.9048],[140.195112,36.904755],[140.19512,36.904712],[140.19512,36.904661],[140.195109,36.904609],[140.195057,36.904546]]}},{"type":"Feature","properties":{"id":176474132,"highway":"unclassified"},"geometry":{"type":"LineString","coordinates":[[140.165817,36.913269],[140.166368,36.912905],[140.167424,36.912207],[140.167624,36.912082],[140.167694,36.912041]]}},{"type":"Feature","properties":{"id":176474136,"highway":"unclassified"},"geometry":{"type":"LineString","coordinates":[[140.167424,36.912207],[140.166735,36.911526],[140.165672,36.910458],[140.165196,36.909992],[140.164572,36.90939],[140.163368,36.908193],[140.162319,36.907177],[140.162142,36.906975],[140.161949,36.906821]]}},{"type":"Feature","properties":{"id":176474137,"highway":"tertiary"},"geometry":{"type":"LineString","coordinates":[[140.169362,36.910355],[140.169816,36.910042],[140.170266,36.909755],[140.170435,36.909656],[140.170655,36.909512],[140.171098,36.909223],[140.171323,36.909088],[140.171503,36.909008],[140.171723,36.908927],[140.171996,36.908845],[140.172227,36.908777],[140.172404,36.908699],[140.172521,36.908617],[140.172662,36.9085],[140.173061,36.908077],[140.173113,36.907982],[140.173155,36.907893],[140.173193,36.90776],[140.17332,36.90729],[140.173416,36.906844],[140.17345,36.906712],[140.173494,36.906634],[140.173549,36.906543],[140.173624,36.906461],[140.173841,36.906284],[140.173988,36.906158],[140.17405,36.906089],[140.174096,36.906025],[140.174113,36.905937],[140.174085,36.905857]]}},{"type":"Feature","properties":{"id":176475379,"highway":"tertiary"},"geometry":{"type":"LineString","coordinates":[[140.198507,36.901358],[140.198792,36.901119],[140.19896,36.900992],[140.199178,36.900855],[140.199381,36.900739],[140.199689,36.900597],[140.200065,36.90045],[140.200719,36.90018],[140.201227,36.89996]]}},{"type":"Feature","properties":{"id":176476066,"highway":"tertiary"},"geometry":{"type":"LineString","coordinates":[[140.166004,36.909512],[140.16623,36.909425],[140.166501,36.909352],[140.166746,36.909319],[140.166972,36.909302],[140.16723,36.909321],[140.167503,36.909341],[140.167708,36.90938],[140.168078,36.909467],[140.168363,36.909553],[140.168534,36.909656],[140.16881,36.909836],[140.169057,36.910081],[140.169362,36.910355],[140.169427,36.910407],[140.169663,36.91057],[140.169878,36.910664],[140.170135,36.910754],[140.17035,36.910793],[140.170543,36.910806],[140.170757,36.91081],[140.172018,36.910887],[140.173702,36.910977],[140.174689,36.911029],[140.174995,36.911054],[140.175224,36.91107],[140.175312,36.911076],[140.175703,36.911157],[140.175977,36.911213],[140.176234,36.911269],[140.176481,36.911286],[140.176792,36.911294],[140.177023,36.911265],[140.177264,36.911204],[140.177522,36.911097],[140.17831,36.910733],[140.178943,36.91045],[140.179169,36.910347],[140.179378,36.910287],[140.179598,36.910261],[140.179801,36.910244],[140.180231,36.910252],[140.18088,36.910261],[140.181545,36.910244],[140.182173,36.910257],[140.182527,36.910239],[140.182779,36.910196],[140.183031,36.910119],[140.183332,36.909999],[140.184597,36.909347],[140.185037,36.909137],[140.18523,36.90906],[140.185456,36.909004],[140.185751,36.90897],[140.186148,36.908931],[140.186502,36.908888],[140.186749,36.908837],[140.188498,36.908395]]}},{"type":"Feature","properties":{"id":176476069,"highway":"tertiary"},"geometry":{"type":"LineString","coordinates":[[140.165851,36.909596],[140.166004,36.909512]]}},{"type":"Feature","properties":{"id":176476307,"highway":"tertiary"},"geometry":{"type":"LineString","coordinates":[[140.174039,36.905721],[140.173996,36.90564],[140.173928,36.905515],[140.173875,36.905408],[140.173846,36.905296],[140.173828,36.905195],[140.17384,36.905125],[140.173886,36.905],[140.173957,36.904824],[140.174046,36.904551],[140.174062,36.904468],[140.174049,36.904383],[140.174008,36.904243],[140.17377,36.903778],[140.173534,36.903439],[140.173281,36.90305],[140.173196,36.90289],[140.173108,36.90265],[140.173009,36.902349],[140.172946,36.902158],[140.172919,36.902006],[140.172926,36.901918],[140.172936,36.901839],[140.17299,36.901689],[140.173123,36.901448],[140.17328,36.901161],[140.173433,36.900887],[140.173463,36.900762],[140.173485,36.900635],[140.173492,36.90052],[140.173481,36.900417],[140.173457,36.900312],[140.173352,36.899864],[140.173194,36.899274],[140.173067,36.898728],[140.172943,36.898222],[140.172809,36.897675],[140.172781,36.897504],[140.172769,36.89737],[140.172784,36.89723],[140.172806,36.897036],[140.172864,36.896799],[140.172926,36.896618],[140.173069,36.896304],[140.173276,36.89592],[140.173537,36.895417],[140.173839,36.894869],[140.173941,36.894702],[140.174043,36.894562],[140.174169,36.894425],[140.174287,36.894314],[140.174708,36.893947],[140.174823,36.893848],[140.174935,36.893729],[140.17499,36.89361],[140.175011,36.893509],[140.175007,36.893411],[140.174983,36.893298],[140.174933,36.893185],[140.174877,36.893082],[140.174826,36.892969],[140.174807,36.892894],[140.174801,36.892798],[140.174802,36.892716],[140.174837,36.892591],[140.174893,36.892471],[140.175183,36.891924],[140.175228,36.89183],[140.175282,36.891688],[140.175296,36.891604],[140.175294,36.891483],[140.175278,36.891129],[140.175251,36.890664],[140.175258,36.890547],[140.175273,36.890417],[140.175305,36.890273],[140.175435,36.889605]]}},{"type":"Feature","properties":{"id":176476317,"highway":"tertiary"},"geometry":{"type":"LineString","coordinates":[[140.174085,36.905857],[140.174039,36.905721]]}},{"type":"Feature","properties":{"id":176477524,"highway":"tertiary"},"geometry":{"type":"LineString","coordinates":[[140.163882,36.91081],[140.163274,36.910205],[140.162686,36.909637],[140.162086,36.909052],[140.161552,36.908545],[140.161326,36.908339],[140.161037,36.907983],[140.160599,36.907448],[140.160441,36.907258],[140.1602,36.906988],[140.160061,36.906859],[140.15967,36.90661],[140.158033,36.905665],[140.157824,36.905542],[140.157625,36.905409],[140.157416,36.905212],[140.156862,36.904664],[140.156595,36.904444],[140.156123,36.904093],[140.155994,36.903985],[140.155909,36.903878],[140.155764,36.903706],[140.155466,36.903328],[140.155047,36.902862],[140.154573,36.902355],[140.15394,36.901694],[140.153188,36.900874],[140.15222,36.899823],[140.150934,36.898561],[140.149396,36.897194],[140.148344,36.896194],[140.14783,36.895732],[140.147685,36.895612],[140.147423,36.895403],[140.147102,36.895251],[140.146871,36.8952],[140.146629,36.895174],[140.146425,36.895191]]}},{"type":"Feature","properties":{"id":176477525,"highway":"unclassified"},"geometry":{"type":"LineString","coordinates":[[140.156862,36.904664],[140.157216,36.904426],[140.157547,36.904197],[140.157683,36.904137]]}},{"type":"Feature","properties":{"id":176482982,"highway":"unclassified"},"geometry":{"type":"LineString","coordinates":[[140.195057,36.904546],[140.194972,36.904461],[140.194913,36.904414],[140.19485,36.904393],[140.194772,36.904393],[140.19465,36.904418],[140.194562,36.904453],[140.194471,36.904491],[140.194391,36.904515],[140.194331,36.904526],[140.194265,36.904519],[140.194205,36.904511],[140.194114,36.904498],[140.194037,36.904502],[140.193964,36.904519],[140.193875,36.904549],[140.193801,36.904556],[140.193663,36.904549],[140.193532,36.904579],[140.193443,36.904609],[140.193342,36.904663],[140.193248,36.904686],[140.193151,36.904725],[140.193087,36.90477],[140.192993,36.904865],[140.19288,36.90497],[140.192778,36.90503],[140.192698,36.905077],[140.192613,36.9051],[140.19254,36.905096],[140.192489,36.905076],[140.19244,36.905049],[140.192417,36.905008],[140.192408,36.904968],[140.192427,36.904927],[140.192556,36.90477],[140.19262,36.904657],[140.192682,36.904564],[140.192757,36.904489],[140.192987,36.904305],[140.193079,36.904185],[140.193127,36.904017],[140.193154,36.903874],[140.193148,36.903739],[140.193138,36.903638],[140.193154,36.903543],[140.193198,36.90347],[140.193237,36.903393],[140.193231,36.903342],[140.193186,36.903239],[140.193119,36.903142],[140.193046,36.903027],[140.192991,36.902996],[140.192889,36.902968],[140.192805,36.902979],[140.192733,36.903011],[140.192674,36.903061],[140.192632,36.903133],[140.19261,36.903238],[140.192594,36.903335],[140.192565,36.903412],[140.192492,36.903511],[140.192385,36.90362],[140.192317,36.903717],[140.192261,36.903831],[140.192196,36.90394],[140.192142,36.904004],[140.192057,36.904067],[140.191939,36.904125],[140.191786,36.904185],[140.191697,36.904232],[140.191611,36.904305],[140.191527,36.904396],[140.191343,36.90456],[140.191212,36.904702],[140.191083,36.904815],[140.190973,36.904869],[140.190877,36.904894],[140.190781,36.904896],[140.190681,36.904914],[140.190608,36.90497],[140.190494,36.9051],[140.190388,36.905216],[140.190349,36.905319],[140.190337,36.905463],[140.190294,36.905637],[140.190236,36.90578],[140.190155,36.905892],[140.190085,36.905954],[140.190026,36.905997],[140.18996,36.906007],[140.189907,36.906005],[140.189844,36.905974],[140.189804,36.905924],[140.189777,36.905849],[140.18975,36.905738],[140.189703,36.905611],[140.189691,36.905553],[140.189661,36.90548],[140.18961,36.905444],[140.189552,36.905437],[140.189479,36.905442],[140.189423,36.905465],[140.189385,36.905504],[140.189366,36.905562],[140.189361,36.905639],[140.189366,36.905723],[140.189364,36.905774],[140.189335,36.905823],[140.189286,36.905856],[140.189224,36.905875],[140.189155,36.905872],[140.189115,36.905853],[140.189061,36.905806],[140.188992,36.905728],[140.188948,36.905682],[140.188898,36.905662],[140.188784,36.905613],[140.188691,36.905551],[140.188626,36.905493],[140.188547,36.905458],[140.188484,36.905461],[140.188402,36.905486],[140.188364,36.90552],[140.188329,36.905589],[140.188337,36.90566],[140.188386,36.905718],[140.188433,36.905752],[140.188506,36.905797],[140.188583,36.905879],[140.188651,36.906037],[140.188702,36.906198],[140.188761,36.906428],[140.188756,36.906593],[140.188764,36.906691],[140.188769,36.906764],[140.18875,36.906829],[140.188701,36.906872],[140.188643,36.906897],[140.188571,36.906921],[140.1885,36.90693],[140.18841,36.906923],[140.188323,36.906889],[140.188253,36.906853],[140.188138,36.906765],[140.187998,36.906649],[140.187908,36.906548],[140.187846,36.906482],[140.187796,36.906458],[140.187731,36.906445],[140.187658,36.90645],[140.187599,36.906473],[140.187552,36.906524],[140.187516,36.906598],[140.187508,36.906698],[140.187537,36.906911],[140.187534,36.907005],[140.1875,36.90708],[140.187439,36.90714],[140.187341,36.907213],[140.187227,36.907245],[140.187132,36.907254],[140.18706,36.907241],[140.186994,36.90721],[140.18691,36.907138],[140.186861,36.907063],[140.186834,36.906958],[140.186805,36.906831],[140.186773,36.9067],[140.18677,36.906619],[140.186743,36.906565],[140.186695,36.906523],[140.186574,36.906467],[140.186453,36.906439],[140.186352,36.906426],[140.186258,36.906407],[140.186183,36.906407],[140.186102,36.906428],[140.186012,36.906481],[140.185914,36.906535],[140.185846,36.906604],[140.185778,36.906681],[140.185732,36.906804],[140.185711,36.906894],[140.185686,36.906975],[140.185666,36.907052],[140.185646,36.907102],[140.185601,36.907138],[140.185537,36.907159],[140.185481,36.907163],[140.185427,36.907146],[140.185365,36.907114],[140.185308,36.907057],[140.18529,36.906994],[140.185281,36.906906],[140.185281,36.906861],[140.185269,36.906799],[140.185228,36.906765],[140.185164,36.906749],[140.185108,36.906747],[140.185032,36.906778],[140.18496,36.90684],[140.184868,36.906881],[140.184828,36.906891],[140.184766,36.9069],[140.184714,36.906882],[140.184622,36.906801],[140.184544,36.906713],[140.184471,36.906651],[140.18437,36.906614],[140.184246,36.9066],[140.184156,36.906606],[140.184045,36.906632],[140.183976,36.906633],[140.183887,36.906608],[140.18382,36.906546],[140.183793,36.906488],[140.18379,36.906407],[140.183753,36.906237],[140.183659,36.905946],[140.183606,36.905838],[140.18357,36.905793],[140.183492,36.905735],[140.183385,36.905678],[140.183286,36.905628],[140.183209,36.90558],[140.183114,36.905484],[140.183069,36.905422],[140.183047,36.90533],[140.183042,36.905259],[140.183042,36.905203],[140.183034,36.905116],[140.183012,36.905051],[140.18294,36.90494],[140.182867,36.904824],[140.18282,36.904776],[140.182758,36.904742],[140.182698,36.904734],[140.182618,36.904747],[140.182563,36.904778],[140.182484,36.904802],[140.182414,36.904817],[140.182316,36.90483],[140.182234,36.904832],[140.182175,36.904815],[140.182104,36.904776],[140.182068,36.904734],[140.182063,36.904691],[140.182039,36.904629],[140.181982,36.904571],[140.181918,36.904524],[140.18184,36.904479],[140.181733,36.90444],[140.181616,36.904416],[140.181542,36.904386],[140.181451,36.904361],[140.181407,36.904332],[140.181365,36.904283],[140.181348,36.904231],[140.181363,36.90418],[140.181389,36.904118],[140.181411,36.904071],[140.181422,36.904015],[140.18143,36.903981],[140.181459,36.903938],[140.181513,36.903902],[140.181567,36.903874],[140.181601,36.903841],[140.181626,36.903805],[140.181634,36.903756],[140.181617,36.9037],[140.181585,36.903649],[140.181538,36.903624],[140.18147,36.903588],[140.181379,36.903543],[140.181258,36.90346],[140.181212,36.903415],[140.181176,36.903369],[140.18116,36.903324],[140.181156,36.903286],[140.181175,36.903247],[140.181205,36.903219],[140.181239,36.903194],[140.18128,36.903168],[140.181305,36.903127],[140.181314,36.903078],[140.181317,36.903035],[140.181293,36.902999],[140.181258,36.902966],[140.1812,36.90294],[140.181132,36.902919],[140.181079,36.902899],[140.181017,36.902868],[140.180966,36.902829],[140.18092,36.90276],[140.180905,36.902693],[140.180896,36.902608],[140.180888,36.902518],[140.180885,36.902405],[140.180901,36.902308],[140.180942,36.902226],[140.180977,36.902168],[140.181011,36.902138],[140.18107,36.902117],[140.181172,36.902126],[140.181283,36.902166],[140.181387,36.902179],[140.181457,36.902173],[140.181513,36.902149],[140.181596,36.902113],[140.181667,36.902082],[140.181774,36.902071],[140.181938,36.902091],[140.182055,36.902108],[140.182149,36.902117],[140.182213,36.902111],[140.182268,36.90208],[140.182297,36.902031],[140.182299,36.901986],[140.182269,36.90193],[140.182234,36.901896],[140.182186,36.90186],[140.182107,36.901833],[140.181991,36.90181],[140.181888,36.901765],[140.18177,36.901705],[140.181381,36.901424],[140.181328,36.901371],[140.181285,36.9013],[140.18128,36.901251],[140.18129,36.901188],[140.18132,36.901137],[140.181425,36.900963],[140.181486,36.900875],[140.18155,36.900819],[140.181639,36.900757],[140.181765,36.900693],[140.181856,36.900646],[140.181939,36.900596],[140.181998,36.900539],[140.182079,36.900399],[140.182162,36.900283],[140.182192,36.900231],[140.182243,36.900142],[140.182305,36.899982],[140.182354,36.899864]]}},{"type":"Feature","properties":{"id":176487313,"highway":"tertiary"},"geometry":{"type":"LineString","coordinates":[[140.15293,36.917521],[140.153281,36.917403],[140.153676,36.917306],[140.15405,36.917214],[140.154443,36.917133],[140.154761,36.917063],[140.155006,36.916972],[140.155453,36.916809],[140.15586,36.916681],[140.156729,36.916433],[140.157014,36.916317],[140.15725,36.91618],[140.157566,36.915969],[140.158264,36.915472],[140.158526,36.915296],[140.158682,36.915202],[140.159015,36.91506],[140.159471,36.914867],[140.159819,36.914679],[140.160012,36.914481],[140.160125,36.914254],[140.160211,36.913975],[140.160297,36.913727],[140.160388,36.913568],[140.160501,36.913452],[140.160978,36.913057],[140.162078,36.912242],[140.162865,36.911773],[140.163212,36.911555],[140.16334,36.91146],[140.163429,36.911375],[140.163551,36.911199],[140.163684,36.911001],[140.163882,36.91081],[140.163998,36.910711],[140.165196,36.909992],[140.165851,36.909596]]}},{"type":"Feature","properties":{"id":176488836,"highway":"unclassified"},"geometry":{"type":"LineString","coordinates":[[140.136343,36.938834],[140.136326,36.93868],[140.136341,36.938605],[140.136421,36.938445],[140.136524,36.938264]]}},{"type":"Feature","properties":{"id":176488837,"highway":"secondary"},"geometry":{"type":"LineString","coordinates":[[140.07457,36.982194],[140.074682,36.982145],[140.074872,36.98205],[140.075563,36.981659],[140.075791,36.981502],[140.075959,36.981351],[140.076051,36.981249],[140.076117,36.981172],[140.076371,36.980944],[140.076772,36.980633],[140.07711,36.980389],[140.077295,36.980274],[140.077431,36.980203],[140.077538,36.980165],[140.077668,36.980124],[140.07789,36.980066],[140.078097,36.980014],[140.078384,36.979942],[140.078621,36.97988],[140.078815,36.97982],[140.078984,36.979756],[140.079123,36.979687],[140.07924,36.979618],[140.079384,36.979508],[140.07964,36.979246],[140.079922,36.978966],[140.080093,36.978749],[140.080254,36.978567],[140.080575,36.978159],[140.080775,36.977895],[140.080856,36.977796],[140.080966,36.97769],[140.081099,36.977587],[140.081323,36.977451],[140.081882,36.977118],[140.082186,36.976936],[140.082697,36.976633],[140.082903,36.976521],[140.083148,36.976396],[140.083414,36.976274],[140.083497,36.976233],[140.083591,36.976177],[140.083671,36.97612],[140.084367,36.975517],[140.084709,36.975235],[140.085704,36.974431],[140.086068,36.974121],[140.086245,36.973979],[140.086369,36.973893],[140.086525,36.973807],[140.086662,36.973745],[140.086925,36.973645],[140.087178,36.973555],[140.087527,36.973411],[140.087745,36.973308],[140.0879,36.973228],[140.08817,36.973051],[140.088351,36.972902],[140.0886,36.972692],[140.088695,36.9726],[140.088809,36.972503],[140.089008,36.972332],[140.089241,36.972127],[140.089498,36.971899],[140.089653,36.971769],[140.089731,36.971712],[140.089872,36.971631],[140.09001,36.971559],[140.09013,36.971517],[140.090279,36.971502],[140.090552,36.971502],[140.09086,36.971515],[140.091187,36.971533],[140.091571,36.971551],[140.091956,36.971563],[140.092145,36.971566],[140.09238,36.971559],[140.09258,36.971543],[140.093179,36.971462],[140.09359,36.971399],[140.093699,36.971387],[140.093822,36.971372],[140.093998,36.97136],[140.094216,36.971354],[140.094531,36.971367],[140.094801,36.971395],[140.094825,36.971398],[140.095199,36.971445],[140.095318,36.97146],[140.096121,36.971577],[140.096292,36.971612],[140.096333,36.97162],[140.096488,36.971662],[140.096668,36.971716],[140.096843,36.97179],[140.097038,36.971887],[140.097613,36.972177],[140.097931,36.972349],[140.098085,36.972412],[140.098172,36.97244],[140.098242,36.972456],[140.098325,36.972462],[140.098413,36.97246],[140.098502,36.972444],[140.098592,36.972418],[140.098681,36.972375],[140.098794,36.972311],[140.098989,36.972183],[140.099259,36.971992],[140.099367,36.97191],[140.099459,36.971826],[140.099544,36.971739],[140.099577,36.971701],[140.099633,36.971636],[140.099709,36.971531],[140.099781,36.971417],[140.09984,36.971307],[140.099899,36.971184],[140.099967,36.971018],[140.100439,36.96984],[140.10053,36.969613],[140.100535,36.969599],[140.100642,36.969344],[140.100696,36.969238],[140.10076,36.969138],[140.100847,36.969031],[140.100953,36.968928],[140.101073,36.968848],[140.101189,36.968785],[140.101285,36.968739],[140.101335,36.968722],[140.101436,36.968695],[140.101572,36.968679],[140.101778,36.968672],[140.102031,36.96869],[140.102243,36.968724],[140.10252,36.968762],[140.103013,36.968849],[140.103069,36.968859],[140.103794,36.968981],[140.10401,36.96903],[140.104193,36.969087],[140.104371,36.969158],[140.104527,36.969252],[140.104834,36.969469],[140.104965,36.96955],[140.105067,36.969604],[140.105202,36.969661],[140.105314,36.969697],[140.105436,36.969724],[140.105528,36.969735],[140.105653,36.969743],[140.105787,36.969735],[140.105921,36.969717],[140.106038,36.969697],[140.106439,36.969615],[140.106936,36.969504],[140.107102,36.969467],[140.107737,36.969322],[140.108238,36.969206],[140.108693,36.9691],[140.108701,36.969098],[140.109074,36.969015],[140.10931,36.968963],[140.109597,36.968886],[140.109764,36.968833],[140.109906,36.968779],[140.1101,36.968705],[140.110274,36.968624],[140.110424,36.968542],[140.11082,36.968318],[140.11119,36.968119],[140.11131,36.96806],[140.111462,36.968001],[140.111648,36.967943],[140.111832,36.967898],[140.111995,36.967872],[140.112192,36.967849],[140.112575,36.967818],[140.112838,36.967798],[140.113242,36.967758],[140.113438,36.96773],[140.1136,36.9677],[140.113753,36.967663],[140.113879,36.96763],[140.114007,36.967588],[140.114289,36.967475],[140.114913,36.967206],[140.115587,36.966907],[140.115841,36.9668],[140.115987,36.966742],[140.116124,36.966696],[140.116298,36.966656],[140.116582,36.966593],[140.116815,36.966536],[140.116951,36.966491],[140.117083,36.966438],[140.117222,36.966366],[140.117365,36.966267],[140.117619,36.966085],[140.117783,36.96596],[140.119223,36.96488],[140.119363,36.964785],[140.119447,36.964734],[140.119571,36.964671],[140.119712,36.964625],[140.119872,36.964583],[140.120044,36.964568],[140.120198,36.964576],[140.120362,36.964599],[140.12041,36.964606],[140.120548,36.964631],[140.120801,36.964694],[140.12115,36.964785],[140.12147,36.964867],[140.121686,36.96493],[140.122511,36.965171],[140.122745,36.965232],[140.122933,36.965268],[140.123111,36.965284],[140.123225,36.965271],[140.123318,36.965243],[140.123411,36.965206],[140.124192,36.964768],[140.124633,36.964549],[140.125219,36.964242],[140.125619,36.964033],[140.125729,36.963961],[140.125846,36.96387],[140.126033,36.963694],[140.127462,36.962373],[140.12754,36.962309],[140.127696,36.962206],[140.127949,36.962055],[140.128203,36.961892],[140.128285,36.96183],[140.128343,36.961769],[140.128386,36.961708],[140.128421,36.961631],[140.128523,36.961395],[140.128601,36.961163],[140.128662,36.960938],[140.128731,36.960593],[140.128833,36.96006],[140.128946,36.959468],[140.128943,36.959336],[140.128891,36.959199],[140.128798,36.959065],[140.128449,36.958699],[140.12835,36.958548],[140.12826,36.958356],[140.128234,36.958249],[140.128232,36.958125],[140.128252,36.958008],[140.128314,36.95784],[140.128422,36.957595],[140.128738,36.957105],[140.128785,36.956995],[140.128805,36.956878],[140.128822,36.956484],[140.128794,36.956099],[140.128737,36.955574],[140.128727,36.955147],[140.128697,36.954612],[140.128691,36.954574],[140.128656,36.954319],[140.128614,36.954163],[140.128556,36.953961],[140.128436,36.953647],[140.128422,36.953605],[140.128382,36.953465],[140.128284,36.952839],[140.128212,36.952155],[140.128221,36.952063],[140.128268,36.951994],[140.128323,36.951939],[140.128635,36.951637],[140.129139,36.951149],[140.129225,36.951055],[140.12978,36.950129],[140.130137,36.949483],[140.130342,36.949088],[140.130407,36.94901],[140.130769,36.948576],[140.131591,36.94775],[140.132064,36.947258],[140.132642,36.946626],[140.133078,36.946112],[140.133483,36.945778],[140.133884,36.945517],[140.134201,36.945331],[140.134476,36.945144],[140.134727,36.94493],[140.134865,36.944773],[140.135045,36.944539],[140.135179,36.944367],[140.135298,36.94425],[140.135488,36.944129],[140.135689,36.944041],[140.135985,36.943958],[140.136215,36.943883],[140.136384,36.943802],[140.136519,36.943702],[140.137047,36.943233],[140.137676,36.942702],[140.137835,36.942569]]}},{"type":"Feature","properties":{"id":176488839,"highway":"unclassified"},"geometry":{"type":"LineString","coordinates":[[140.136343,36.938834],[140.13644,36.939025],[140.136588,36.939343],[140.136693,36.939583],[140.136878,36.939895],[140.137096,36.940287],[140.137155,36.940447],[140.137258,36.940876],[140.137343,36.941229],[140.137348,36.941254]]}},{"type":"Feature","properties":{"id":176489470,"highway":"primary"},"geometry":{"type":"LineString","coordinates":[[140.138256,36.94292],[140.138528,36.943081],[140.138859,36.943258]]}},{"type":"Feature","properties":{"id":176489472,"highway":"primary"},"geometry":{"type":"LineString","coordinates":[[140.138859,36.943258],[140.138885,36.943273],[140.138903,36.943282],[140.138931,36.943299],[140.139125,36.943407],[140.139305,36.943505],[140.139368,36.943542],[140.139643,36.943717],[140.139927,36.94391],[140.140156,36.944053],[140.140256,36.944116],[140.140693,36.94439]]}},{"type":"Feature","properties":{"id":176489581,"highway":"primary"},"geometry":{"type":"LineString","coordinates":[[140.143357,36.94489],[140.143381,36.944876],[140.143603,36.944748],[140.14389,36.944582],[140.14432,36.944339]]}},{"type":"Feature","properties":{"id":176489582,"highway":"primary"},"geometry":{"type":"LineString","coordinates":[[140.142767,36.945226],[140.142874,36.945172],[140.143357,36.94489]]}},{"type":"Feature","properties":{"id":176491467,"highway":"tertiary"},"geometry":{"type":"LineString","coordinates":[[140.147411,36.951604],[140.147751,36.951364]]}},{"type":"Feature","properties":{"id":176491469,"highway":"tertiary"},"geometry":{"type":"LineString","coordinates":[[140.147751,36.951364],[140.147768,36.951352],[140.1494,36.950179]]}},{"type":"Feature","properties":{"id":179079329,"highway":"unclassified"},"geometry":{"type":"LineString","coordinates":[[140.127047,36.95208],[140.126961,36.951825],[140.126753,36.951205],[140.126718,36.951143],[140.126628,36.951046],[140.126351,36.950821],[140.126285,36.950749],[140.126234,36.950648],[140.126199,36.950552],[140.12619,36.950445],[140.126189,36.950409],[140.126189,36.950385],[140.126213,36.950315],[140.12627,36.950219],[140.126336,36.950146],[140.126441,36.950053],[140.127096,36.949446],[140.127225,36.949363],[140.127339,36.949314],[140.127442,36.949285],[140.12803,36.94924],[140.128209,36.949189],[140.128314,36.94911],[140.128376,36.949009],[140.128432,36.948908],[140.128672,36.948168],[140.128701,36.948081],[140.128892,36.947715],[140.129639,36.945659],[140.129714,36.945367],[140.129776,36.945013],[140.129822,36.944832],[140.129867,36.944735],[140.130038,36.944451],[140.130106,36.944241],[140.130127,36.944091],[140.130135,36.94392],[140.130128,36.943701],[140.130145,36.943575],[140.13017,36.943473],[140.130553,36.942398],[140.13064,36.942237],[140.131004,36.941717],[140.131088,36.94153]]}},{"type":"Feature","properties":{"id":179079330,"highway":"unclassified"},"geometry":{"type":"LineString","coordinates":[[140.128436,36.953647],[140.128309,36.953673],[140.128177,36.953683],[140.128039,36.95368],[140.127964,36.953669],[140.127886,36.953649],[140.127415,36.953509],[140.126809,36.953337],[140.126216,36.953158],[140.12605,36.953133],[140.125894,36.953141],[140.125699,36.953178],[140.125525,36.953192],[140.125464,36.953178],[140.125455,36.953143],[140.125823,36.952717],[140.12589,36.952626],[140.125961,36.952556],[140.126017,36.952518],[140.126113,36.952477],[140.126403,36.952363],[140.12658,36.952289],[140.126788,36.952197],[140.126979,36.952106],[140.127047,36.95208],[140.127155,36.952059],[140.127402,36.952005],[140.127609,36.95196],[140.127695,36.951955],[140.127771,36.951964],[140.128221,36.952063]]}},{"type":"Feature","properties":{"id":195249355,"highway":"tertiary"},"geometry":{"type":"LineString","coordinates":[[140.167764,36.994865],[140.167779,36.994844],[140.167785,36.994836],[140.167798,36.994804],[140.167804,36.994758],[140.167802,36.994711],[140.167792,36.994674],[140.167762,36.994615],[140.16771,36.994542],[140.167355,36.994164],[140.167075,36.993876],[140.166702,36.993481],[140.166217,36.992944],[140.165828,36.992497],[140.165535,36.992145],[140.165079,36.991593],[140.164988,36.991503],[140.164939,36.991474],[140.164887,36.991453],[140.164822,36.991442],[140.16476,36.991441],[140.164687,36.99145],[140.1646,36.991458],[140.16453,36.991453],[140.164458,36.991445],[140.164423,36.99143],[140.164378,36.991412],[140.16433,36.991375],[140.164283,36.991319],[140.163871,36.990728],[140.163636,36.990371],[140.163595,36.990308]]}},{"type":"Feature","properties":{"id":195249707,"highway":"tertiary"},"geometry":{"type":"LineString","coordinates":[[140.162412,36.990684],[140.162252,36.990722]]}},{"type":"Feature","properties":{"id":195249709,"highway":"tertiary"},"geometry":{"type":"LineString","coordinates":[[140.163595,36.990308],[140.163534,36.990331],[140.162919,36.990568],[140.162795,36.990605],[140.162693,36.990631],[140.162412,36.990684]]}},{"type":"Feature","properties":{"id":197981238,"highway":"unclassified"},"geometry":{"type":"LineString","coordinates":[[140.174635,36.941183],[140.17478,36.941156],[140.174984,36.941128],[140.175664,36.941089],[140.175917,36.941072],[140.176247,36.941077],[140.176586,36.941148],[140.176906,36.941207],[140.176971,36.941214],[140.177356,36.941208]]}},{"type":"Feature","properties":{"id":197981241,"highway":"unclassified"},"geometry":{"type":"LineString","coordinates":[[140.172792,36.941134],[140.173047,36.941196],[140.173363,36.941269],[140.173594,36.941325],[140.173648,36.941332],[140.173847,36.941325],[140.174149,36.94128],[140.174254,36.941258],[140.174598,36.94119],[140.174635,36.941183]]}},{"type":"Feature","properties":{"id":197981243,"highway":"unclassified"},"geometry":{"type":"LineString","coordinates":[[140.200825,36.940747],[140.20093,36.940722],[140.200994,36.94069],[140.201016,36.940676],[140.201118,36.940616],[140.201223,36.940543],[140.201258,36.940498],[140.20135,36.94034],[140.20141,36.940279],[140.201493,36.940222],[140.20168,36.940132],[140.201743,36.940093],[140.201803,36.940048],[140.201904,36.939929],[140.202263,36.939348],[140.20243,36.939146],[140.202599,36.938977],[140.202712,36.938813],[140.202838,36.938543],[140.202916,36.938425],[140.202993,36.938346],[140.203083,36.938274],[140.203238,36.938171],[140.203554,36.937867],[140.203935,36.937429],[140.203939,36.937401],[140.203941,36.937341],[140.203939,36.937309],[140.203918,36.937255],[140.203888,36.937201],[140.203853,36.937154],[140.203729,36.937032],[140.203661,36.936952],[140.203617,36.936881],[140.203613,36.936842],[140.203617,36.936757],[140.203729,36.936425],[140.203724,36.936242],[140.203696,36.936162],[140.203645,36.936047],[140.203596,36.935844],[140.203589,36.935466],[140.203631,36.935162],[140.203638,36.934993],[140.203561,36.934863],[140.203399,36.934707],[140.203281,36.934572],[140.203196,36.934504],[140.203153,36.934479],[140.203104,36.934461],[140.203041,36.934459],[140.202996,36.934474],[140.202971,36.934504],[140.202963,36.934529],[140.202963,36.934577],[140.202989,36.934622],[140.203105,36.934785],[140.203147,36.934899],[140.203174,36.934998],[140.203182,36.935044],[140.203183,36.935138],[140.203174,36.935184],[140.203147,36.93523],[140.203098,36.935263],[140.203034,36.935275],[140.202875,36.93527],[140.202811,36.935272],[140.202765,36.935299],[140.20274,36.935325],[140.202716,36.935368],[140.202714,36.935449],[140.202721,36.935492],[140.20275,36.935546],[140.202865,36.935688],[140.202881,36.935737],[140.202881,36.935793],[140.202871,36.935821],[140.202845,36.935855],[140.202783,36.935919],[140.202739,36.935966],[140.202673,36.936015],[140.202631,36.936025],[140.202576,36.936024],[140.20253,36.936019],[140.202488,36.935996],[140.202297,36.935794],[140.201974,36.935511],[140.201872,36.935378],[140.20186,36.935355],[140.20185,36.935323],[140.201813,36.935179],[140.201793,36.935145],[140.201763,36.935125],[140.201724,36.935107],[140.201643,36.935102],[140.201598,36.935115],[140.201553,36.935134],[140.201503,36.935169],[140.201471,36.935198],[140.201443,36.935248],[140.201378,36.935342],[140.201315,36.935415],[140.201288,36.935454],[140.201273,36.935489],[140.201274,36.935569],[140.201281,36.935602],[140.201308,36.935635],[140.20138,36.935717],[140.201412,36.935752],[140.201415,36.93577],[140.201415,36.935796],[140.201409,36.935817],[140.201371,36.935861],[140.201266,36.935935],[140.201118,36.93598],[140.201005,36.936006],[140.200916,36.93602],[140.200831,36.936014],[140.200749,36.935984],[140.20069,36.935946],[140.200648,36.935877],[140.200599,36.935742],[140.200571,36.93554],[140.200487,36.935207],[140.200487,36.935116],[140.200488,36.935038],[140.200515,36.93492],[140.200524,36.934868],[140.200522,36.934814],[140.200515,36.934779],[140.200489,36.934737],[140.200453,36.9347],[140.200214,36.934548],[140.200011,36.934401],[140.199695,36.933996],[140.199611,36.933945],[140.199534,36.933922],[140.199274,36.933883],[140.199064,36.933872],[140.198958,36.933883],[140.198915,36.933888],[140.19887,36.933888],[140.198832,36.933883],[140.198787,36.933865],[140.198759,36.933843],[140.198724,36.933788],[140.198643,36.933669],[140.198599,36.933629],[140.198542,36.933594],[140.198446,36.933512],[140.19842,36.93346],[140.198407,36.933413],[140.198402,36.933362],[140.198414,36.933334],[140.198439,36.933297],[140.198594,36.933197],[140.198657,36.933107],[140.198734,36.932955],[140.198839,36.932769],[140.198909,36.932707],[140.198972,36.932679],[140.199092,36.932673],[140.199232,36.932701],[140.199309,36.932741],[140.199478,36.932926],[140.19959,36.932994],[140.199702,36.932994],[140.199807,36.932955],[140.199927,36.932853],[140.199969,36.932786],[140.199983,36.932684],[140.199856,36.932425],[140.1998,36.932301],[140.1998,36.932194],[140.199843,36.932109],[140.199905,36.932062],[140.199981,36.932031],[140.20006,36.932008],[140.200164,36.932008],[140.200207,36.932014],[140.200362,36.932053],[140.200405,36.93206],[140.200474,36.932059],[140.200521,36.932029],[140.200551,36.931996],[140.200565,36.931946],[140.200564,36.931678],[140.200558,36.931631],[140.20053,36.931612],[140.200487,36.931588],[140.200426,36.931564],[140.200255,36.931566],[140.200158,36.931563],[140.200046,36.931541],[140.199639,36.931541],[140.199562,36.931524],[140.199358,36.931456],[140.199183,36.931428],[140.199028,36.931383],[140.198958,36.931377],[140.198608,36.931366],[140.198503,36.931349],[140.198285,36.931259],[140.198173,36.931231],[140.197934,36.931219],[140.197752,36.931191],[140.197401,36.931142]]}},{"type":"Feature","properties":{"id":197981245,"highway":"unclassified"},"geometry":{"type":"LineString","coordinates":[[140.197022,36.955452],[140.197716,36.955204],[140.198065,36.955024],[140.198267,36.954886],[140.198378,36.954782],[140.198492,36.954729],[140.198609,36.954746],[140.19874,36.954751],[140.19884,36.954697],[140.198963,36.954603],[140.199063,36.954582],[140.199171,36.954624],[140.199309,36.954683],[140.199466,36.954668],[140.199652,36.954576],[140.199892,36.954452],[140.200065,36.954294],[140.200183,36.95419],[140.200307,36.954128],[140.200375,36.954065],[140.200435,36.953923],[140.200524,36.953757],[140.200637,36.953616],[140.200964,36.953356],[140.201086,36.953265],[140.201181,36.953153],[140.201279,36.953009],[140.201481,36.952773],[140.20165,36.952647],[140.201725,36.952558],[140.201841,36.952407],[140.202001,36.952265],[140.202063,36.952182],[140.202217,36.951955],[140.2024,36.951748],[140.20246,36.951686],[140.202526,36.951636],[140.202659,36.951561],[140.202706,36.951526],[140.202734,36.951479],[140.20273,36.951399],[140.202689,36.951249],[140.202698,36.951202],[140.202723,36.951155],[140.202781,36.951109],[140.202928,36.951016],[140.202997,36.950965],[140.203085,36.950862],[140.203188,36.950721],[140.203263,36.950661],[140.203413,36.950586],[140.203489,36.950535],[140.203582,36.950441],[140.203618,36.950381],[140.203656,36.950277],[140.203656,36.950173],[140.2037,36.95007],[140.203862,36.949878],[140.204,36.949763],[140.204284,36.949601],[140.204344,36.949552],[140.204371,36.949499],[140.204365,36.94943],[140.204333,36.949385],[140.204302,36.94935],[140.20425,36.94933],[140.204175,36.949343],[140.204082,36.949385],[140.203961,36.949435],[140.203848,36.949465],[140.203748,36.949483],[140.20366,36.949492],[140.203564,36.949458],[140.203473,36.949394],[140.203395,36.949174],[140.203397,36.948977],[140.203383,36.948791],[140.203352,36.948649],[140.203291,36.948526],[140.203208,36.948451],[140.203082,36.948346],[140.203045,36.948232],[140.203023,36.948145],[140.203019,36.948019],[140.203014,36.947955],[140.203042,36.947908],[140.203092,36.947891],[140.20316,36.947886],[140.20322,36.947894],[140.203292,36.947938],[140.203388,36.948059],[140.203495,36.948193],[140.203551,36.948226],[140.203624,36.948237],[140.203697,36.948219],[140.203747,36.948181],[140.203776,36.948127],[140.203768,36.948067],[140.20369,36.947905],[140.203577,36.94775],[140.203496,36.947706],[140.203362,36.947629],[140.203302,36.947559],[140.203098,36.947308],[140.203058,36.94724],[140.203007,36.947148],[140.202963,36.947104],[140.2029,36.947063],[140.202821,36.947041],[140.202739,36.947049],[140.202632,36.94709],[140.202277,36.947279],[140.202103,36.947328],[140.201923,36.947339],[140.201785,36.947323],[140.201697,36.947258],[140.201661,36.947163],[140.201641,36.947068],[140.201626,36.946903],[140.20159,36.946804],[140.201503,36.94672],[140.201349,36.946577],[140.201295,36.946461],[140.201265,36.946372],[140.201287,36.946245],[140.201316,36.946154],[140.201358,36.94608],[140.201423,36.946019],[140.201519,36.945951],[140.201638,36.945878],[140.201807,36.945698],[140.201862,36.945661],[140.201908,36.945641],[140.201955,36.945634],[140.20201,36.945636],[140.202102,36.945669],[140.202172,36.945731],[140.202227,36.945816],[140.202291,36.945939],[140.202374,36.945996],[140.202543,36.946046],[140.202803,36.946046],[140.203112,36.945968],[140.203406,36.945912],[140.203561,36.945861],[140.203764,36.945771],[140.203795,36.945745],[140.203813,36.945717],[140.203814,36.945668],[140.203802,36.945634],[140.203759,36.94561],[140.203554,36.945506],[140.203245,36.945371],[140.203077,36.945275],[140.202816,36.94507],[140.20279,36.945034],[140.202768,36.944993],[140.202761,36.944925],[140.202768,36.944873],[140.202793,36.944834],[140.202913,36.944735],[140.202949,36.944696],[140.202951,36.944637],[140.202911,36.944588],[140.202863,36.944548],[140.202754,36.944508],[140.202374,36.944418],[140.202088,36.944327],[140.201998,36.944286],[140.201933,36.944248],[140.201898,36.944223],[140.201863,36.944187],[140.201834,36.94413],[140.201834,36.943933],[140.201818,36.943886],[140.20176,36.943848],[140.201688,36.943832],[140.201624,36.943831],[140.201568,36.943848],[140.201511,36.943888],[140.201496,36.943945],[140.201504,36.944118],[140.20149,36.94417],[140.201455,36.944203],[140.201399,36.944237],[140.201315,36.944255],[140.20121,36.944226],[140.200788,36.94399],[140.200613,36.943888],[140.200325,36.94364],[140.200199,36.943482],[140.200108,36.943336],[140.200024,36.943172],[140.199926,36.943015],[140.19954,36.942575],[140.199344,36.9423],[140.199283,36.94224],[140.199211,36.942175],[140.198944,36.941978],[140.198741,36.94185],[140.198516,36.941725],[140.19832,36.941623],[140.198249,36.94155],[140.198217,36.941506],[140.198186,36.94145],[140.198176,36.941401],[140.198165,36.941305]]}},{"type":"Feature","properties":{"id":197981251,"highway":"unclassified"},"geometry":{"type":"LineString","coordinates":[[140.185157,36.941821],[140.184926,36.941804],[140.184309,36.941804],[140.18414,36.941827],[140.183768,36.941855],[140.183649,36.941872],[140.183284,36.941877],[140.183065,36.941793],[140.182813,36.941719],[140.182638,36.941703],[140.182132,36.94168],[140.181999,36.941669],[140.181312,36.941613],[140.181152,36.9416],[140.180993,36.941582]]}},{"type":"Feature","properties":{"id":197981253,"highway":"unclassified"},"geometry":{"type":"LineString","coordinates":[[140.190825,36.941052],[140.190861,36.94104],[140.191176,36.940925],[140.191774,36.940745],[140.192215,36.940677],[140.192489,36.940665],[140.192644,36.940671],[140.192867,36.940716],[140.193542,36.94092],[140.193807,36.940987],[140.193949,36.941003],[140.194433,36.94102],[140.195226,36.94102],[140.196489,36.94102],[140.196769,36.941043],[140.197072,36.941087]]}},{"type":"Feature","properties":{"id":197981254,"highway":"residential"},"geometry":{"type":"LineString","coordinates":[[140.175059,36.940234],[140.17508,36.940178],[140.175116,36.940138],[140.175223,36.9401],[140.175369,36.940063],[140.175524,36.940046],[140.175748,36.940007],[140.176169,36.939928],[140.176269,36.939928],[140.176324,36.939934],[140.176457,36.939973],[140.176598,36.940024],[140.176738,36.940086],[140.176976,36.94021],[140.177355,36.940356],[140.177424,36.940376],[140.177472,36.940396],[140.177478,36.940443]]}},{"type":"Feature","properties":{"id":197981258,"highway":"unclassified"},"geometry":{"type":"LineString","coordinates":[[140.185157,36.941821],[140.185557,36.941844],[140.185761,36.941821],[140.185964,36.941776],[140.186378,36.941663],[140.186715,36.941618],[140.187248,36.941613],[140.187382,36.941624],[140.187803,36.941624],[140.188041,36.94159],[140.188251,36.941528],[140.188687,36.941365],[140.189009,36.941258],[140.189213,36.941218],[140.18936,36.941195],[140.189985,36.941183],[140.190454,36.94115],[140.19065,36.941105],[140.190825,36.941052]]}},{"type":"Feature","properties":{"id":197981259,"highway":"residential"},"geometry":{"type":"LineString","coordinates":[[140.197072,36.941087],[140.197101,36.941]]}},{"type":"Feature","properties":{"id":197981260,"highway":"residential"},"geometry":{"type":"LineString","coordinates":[[140.179767,36.941175],[140.179915,36.940867]]}},{"type":"Feature","properties":{"id":197981261,"highway":"residential"},"geometry":{"type":"LineString","coordinates":[[140.177478,36.940443],[140.177421,36.940824]]}},{"type":"Feature","properties":{"id":197981263,"highway":"unclassified"},"geometry":{"type":"LineString","coordinates":[[140.177496,36.941201],[140.177356,36.941208]]}},{"type":"Feature","properties":{"id":197981265,"highway":"residential"},"geometry":{"type":"LineString","coordinates":[[140.179755,36.9412],[140.179767,36.941175]]}},{"type":"Feature","properties":{"id":197981266,"highway":"residential"},"geometry":{"type":"LineString","coordinates":[[140.181067,36.941209],[140.180993,36.941582]]}},{"type":"Feature","properties":{"id":197981267,"highway":"residential"},"geometry":{"type":"LineString","coordinates":[[140.174906,36.94056],[140.175059,36.940234]]}},{"type":"Feature","properties":{"id":197981268,"highway":"residential"},"geometry":{"type":"LineString","coordinates":[[140.197101,36.941],[140.197248,36.940613]]}},{"type":"Feature","properties":{"id":197981269,"highway":"residential"},"geometry":{"type":"LineString","coordinates":[[140.185039,36.940913],[140.185087,36.941273]]}},{"type":"Feature","properties":{"id":197981270,"highway":"residential"},"geometry":{"type":"LineString","coordinates":[[140.177421,36.940824],[140.177356,36.941208]]}},{"type":"Feature","properties":{"id":197981271,"highway":"residential"},"geometry":{"type":"LineString","coordinates":[[140.197248,36.940613],[140.197308,36.940581],[140.197414,36.940408],[140.197458,36.940318],[140.19745,36.940182],[140.197401,36.940069],[140.197408,36.939551],[140.197471,36.939027],[140.19752,36.938779],[140.19766,36.938306],[140.19778,36.938075],[140.198159,36.937258],[140.198152,36.936954],[140.198264,36.936571],[140.198341,36.93647],[140.198657,36.93625],[140.198762,36.936166],[140.19886,36.936041],[140.19893,36.935799],[140.198993,36.935687]]}},{"type":"Feature","properties":{"id":197981272,"highway":"residential"},"geometry":{"type":"LineString","coordinates":[[140.181096,36.941028],[140.18141,36.940964],[140.181655,36.940846],[140.18181,36.940832],[140.182028,36.940834],[140.182118,36.940841],[140.182223,36.940858],[140.182306,36.940861],[140.182348,36.940854],[140.1824,36.940795],[140.182471,36.940661],[140.182503,36.940583],[140.18252,36.940559],[140.182553,36.940549],[140.182715,36.940537],[140.18336,36.940469],[140.183648,36.940435],[140.18414,36.940401],[140.184265,36.940384],[140.184961,36.940351]]}},{"type":"Feature","properties":{"id":197981281,"highway":"residential"},"geometry":{"type":"LineString","coordinates":[[140.185087,36.941273],[140.18515,36.941753],[140.185157,36.941821]]}},{"type":"Feature","properties":{"id":197981282,"highway":"residential"},"geometry":{"type":"LineString","coordinates":[[140.181096,36.941028],[140.181081,36.941154],[140.181067,36.941209]]}},{"type":"Feature","properties":{"id":197981305,"highway":"unclassified"},"geometry":{"type":"LineString","coordinates":[[140.197072,36.941087],[140.197246,36.941112],[140.197527,36.941162],[140.198165,36.941305]]}},{"type":"Feature","properties":{"id":197981306,"highway":"residential"},"geometry":{"type":"LineString","coordinates":[[140.184961,36.940351],[140.185012,36.940705],[140.185031,36.940852],[140.185039,36.940913]]}},{"type":"Feature","properties":{"id":197981317,"highway":"residential"},"geometry":{"type":"LineString","coordinates":[[140.174635,36.941183],[140.174639,36.941127],[140.174654,36.941072],[140.174878,36.940623],[140.174906,36.94056]]}},{"type":"Feature","properties":{"id":197981331,"highway":"residential"},"geometry":{"type":"LineString","coordinates":[[140.181447,36.93944],[140.181325,36.9396],[140.181298,36.939653],[140.181283,36.939703],[140.181277,36.940086],[140.181185,36.940542],[140.181103,36.940972],[140.181096,36.941028]]}},{"type":"Feature","properties":{"id":197981333,"highway":"unclassified"},"geometry":{"type":"LineString","coordinates":[[140.197401,36.931142],[140.197225,36.931118],[140.19705,36.931062],[140.196706,36.930915],[140.19639,36.930819],[140.19618,36.930735],[140.195963,36.930622],[140.195801,36.930504],[140.195759,36.930481],[140.19571,36.930464],[140.195505,36.930426],[140.195455,36.930393],[140.195429,36.93034],[140.195433,36.930251],[140.195448,36.930089],[140.195424,36.930043],[140.195384,36.930003],[140.195324,36.92999],[140.195225,36.929991],[140.19491,36.930048],[140.19485,36.930057],[140.194755,36.930053],[140.194712,36.930036],[140.19467,36.930008],[140.194547,36.929875],[140.194489,36.929834],[140.194425,36.929824],[140.19435,36.929828],[140.194145,36.929884],[140.194094,36.929893],[140.194005,36.92989],[140.19394,36.929869],[140.193879,36.929833],[140.193822,36.929766],[140.193774,36.929648],[140.193767,36.929501],[140.193822,36.929411],[140.19387,36.929355],[140.193955,36.92931],[140.19413,36.929231],[140.194235,36.929174],[140.194342,36.929084],[140.194447,36.928943],[140.194482,36.928853],[140.194495,36.928713],[140.194475,36.928634],[140.194419,36.928566],[140.194232,36.928444],[140.194205,36.928413],[140.194177,36.928361],[140.194162,36.928278],[140.194172,36.928194],[140.194197,36.928141],[140.194229,36.928087],[140.194255,36.92806],[140.19438,36.927977],[140.194422,36.92794],[140.19446,36.92789],[140.194484,36.927828],[140.1945,36.927771],[140.194517,36.927605],[140.194545,36.927543],[140.194602,36.92749],[140.19468,36.927456],[140.194757,36.927449],[140.194973,36.927451],[140.19531,36.927473],[140.195674,36.927407],[140.195743,36.927402],[140.195826,36.9274],[140.195864,36.927406],[140.196026,36.927451],[140.196222,36.927501],[140.196446,36.92758],[140.196491,36.927588],[140.196562,36.927591],[140.196608,36.92758],[140.196917,36.927462],[140.19697,36.927455],[140.197015,36.927454],[140.197071,36.927462],[140.19738,36.927585],[140.197541,36.92763],[140.197703,36.927637],[140.197708,36.927634]]}},{"type":"Feature","properties":{"id":197981334,"highway":"unclassified"},"geometry":{"type":"LineString","coordinates":[[140.180993,36.941582],[140.180891,36.941568],[140.18068,36.941522],[140.18052,36.941477],[140.180427,36.941443],[140.180125,36.941331],[140.180008,36.94129],[140.179895,36.941246],[140.179755,36.9412]]}},{"type":"Feature","properties":{"id":197981335,"highway":"unclassified"},"geometry":{"type":"LineString","coordinates":[[140.179755,36.9412],[140.179589,36.941146],[140.179409,36.941086],[140.179306,36.94106],[140.179221,36.941049],[140.178969,36.941055],[140.178822,36.941077],[140.178134,36.941162],[140.177496,36.941201]]}},{"type":"Feature","properties":{"id":198223924,"highway":"unclassified"},"geometry":{"type":"LineString","coordinates":[[140.146152,36.930464],[140.146075,36.930497],[140.145977,36.930576],[140.145935,36.930633],[140.145752,36.930976],[140.145682,36.931038],[140.145577,36.931083],[140.1455,36.931094],[140.145198,36.931094],[140.144917,36.931055]]}},{"type":"Feature","properties":{"id":198223925,"highway":"unclassified"},"geometry":{"type":"LineString","coordinates":[[140.169769,36.941003],[140.169952,36.941088],[140.170387,36.941235],[140.170767,36.941342],[140.170949,36.941364],[140.171272,36.941364],[140.171407,36.941338],[140.171502,36.941314],[140.171657,36.941263],[140.171714,36.941241]]}},{"type":"Feature","properties":{"id":198223926,"highway":"unclassified"},"geometry":{"type":"LineString","coordinates":[[140.128731,36.914306],[140.128774,36.914058],[140.128788,36.914007],[140.128823,36.913844],[140.128935,36.913692],[140.129173,36.913438],[140.129299,36.913297],[140.129559,36.912942],[140.129643,36.912813],[140.129664,36.912798]]}},{"type":"Feature","properties":{"id":198223928,"highway":"unclassified"},"geometry":{"type":"LineString","coordinates":[[140.147144,36.91528],[140.147179,36.91537],[140.14735,36.91607],[140.147559,36.916902],[140.147785,36.91786],[140.147813,36.917971],[140.14783,36.918028],[140.147902,36.918315],[140.147914,36.918363],[140.14802,36.918785]]}},{"type":"Feature","properties":{"id":198223929,"highway":"service"},"geometry":{"type":"LineString","coordinates":[[140.138309,36.920656],[140.13826,36.92081],[140.138182,36.921001],[140.13807,36.921248],[140.138022,36.921363],[140.137904,36.921667],[140.137862,36.92176],[140.137803,36.921804],[140.13773,36.921832],[140.137639,36.921853]]}},{"type":"Feature","properties":{"id":198223930,"highway":"unclassified"},"geometry":{"type":"LineString","coordinates":[[140.165217,36.9255],[140.165049,36.925505],[140.164733,36.925494],[140.164354,36.925466],[140.164087,36.925471],[140.163687,36.925538],[140.163559,36.925619],[140.163426,36.925697],[140.163285,36.925739],[140.163212,36.925754]]}},{"type":"Feature","properties":{"id":198223931,"highway":"residential"},"geometry":{"type":"LineString","coordinates":[[140.152105,36.915802],[140.152205,36.915647],[140.152266,36.915565],[140.152304,36.915485],[140.152322,36.915407],[140.152309,36.915352],[140.152275,36.915307],[140.152189,36.91524],[140.152109,36.915183],[140.151865,36.915108]]}},{"type":"Feature","properties":{"id":198223932,"highway":"residential"},"geometry":{"type":"LineString","coordinates":[[140.128753,36.902101],[140.128847,36.902066],[140.128917,36.902048],[140.12898,36.902023],[140.129032,36.901984],[140.129095,36.901748],[140.129112,36.901731],[140.12913,36.901719],[140.129475,36.901691],[140.130028,36.901652]]}},{"type":"Feature","properties":{"id":198223933,"highway":"unclassified"},"geometry":{"type":"LineString","coordinates":[[140.145609,36.912695],[140.145602,36.912835],[140.145511,36.913342],[140.145357,36.914272],[140.145315,36.914485],[140.145294,36.914655],[140.145301,36.915005],[140.145336,36.915202],[140.145385,36.915348],[140.145476,36.915529]]}},{"type":"Feature","properties":{"id":198223935,"highway":"residential"},"geometry":{"type":"LineString","coordinates":[[140.12548,36.902503],[140.126037,36.902426],[140.126318,36.902389],[140.126366,36.902385],[140.126508,36.902371],[140.126606,36.902364],[140.126715,36.902375],[140.12691,36.902401],[140.127058,36.902423],[140.127389,36.902518]]}},{"type":"Feature","properties":{"id":198223939,"highway":"unclassified"},"geometry":{"type":"LineString","coordinates":[[140.109888,36.928969],[140.108915,36.929082],[140.108404,36.929204],[140.108176,36.929231],[140.108019,36.929216],[140.107763,36.929216],[140.107509,36.92922],[140.107084,36.92923],[140.106901,36.929223],[140.106744,36.929198],[140.106596,36.929164]]}},{"type":"Feature","properties":{"id":198223940,"highway":"residential"},"geometry":{"type":"LineString","coordinates":[[140.133887,36.918703],[140.133774,36.918747],[140.133624,36.918812],[140.13351,36.918886],[140.133426,36.918948],[140.133378,36.918998],[140.133353,36.919043],[140.133346,36.91909],[140.133356,36.919184],[140.133363,36.919265],[140.133358,36.919398]]}},{"type":"Feature","properties":{"id":198223943,"highway":"unclassified"},"geometry":{"type":"LineString","coordinates":[[140.14698,36.926547],[140.147324,36.926554],[140.147486,36.926542],[140.147661,36.926502],[140.14797,36.926367],[140.14825,36.926232],[140.148434,36.926187],[140.148685,36.926187],[140.148918,36.926192],[140.149227,36.926216],[140.149759,36.926239],[140.150146,36.926239]]}},{"type":"Feature","properties":{"id":198223944,"highway":"residential"},"geometry":{"type":"LineString","coordinates":[[140.154446,36.922113],[140.153937,36.922729],[140.153884,36.922795],[140.153429,36.922612],[140.15324,36.922549],[140.152784,36.922402],[140.152629,36.92234],[140.152553,36.922289],[140.152308,36.922025],[140.152251,36.921979],[140.152146,36.921918],[140.151879,36.921809]]}},{"type":"Feature","properties":{"id":198223946,"highway":"unclassified"},"geometry":{"type":"LineString","coordinates":[[140.131549,36.909365],[140.131346,36.909285],[140.131192,36.909195],[140.131073,36.9091],[140.131031,36.90901],[140.131021,36.90892],[140.131018,36.908818],[140.131031,36.908745],[140.131049,36.90866],[140.131066,36.908592],[140.131107,36.9085],[140.131145,36.90843]]}},{"type":"Feature","properties":{"id":198223948,"highway":"residential"},"geometry":{"type":"LineString","coordinates":[[140.129732,36.917698],[140.129843,36.917857],[140.129994,36.918063],[140.130067,36.918111],[140.130272,36.91807],[140.130321,36.918084],[140.130361,36.918121],[140.130443,36.918242],[140.130486,36.9183],[140.130538,36.918341],[140.130624,36.91835],[140.131048,36.918231],[140.13136,36.91812]]}},{"type":"Feature","properties":{"id":198223949,"highway":"unclassified"},"geometry":{"type":"LineString","coordinates":[[140.149949,36.925156],[140.150111,36.925281],[140.150272,36.925342],[140.150483,36.925392],[140.150946,36.925472],[140.151053,36.925487],[140.151135,36.925507],[140.151184,36.925522],[140.151238,36.925554],[140.151262,36.925589],[140.151269,36.92563],[140.151295,36.926097],[140.151297,36.926176]]}},{"type":"Feature","properties":{"id":198223951,"highway":"unclassified"},"geometry":{"type":"LineString","coordinates":[[140.16924,36.930374],[140.167848,36.93043],[140.166873,36.930492],[140.166522,36.930486],[140.166038,36.930453],[140.165547,36.930458],[140.165399,36.930498],[140.165238,36.930548],[140.16521,36.930565],[140.165063,36.930608],[140.164964,36.930633],[140.164877,36.930649],[140.164768,36.930665]]}},{"type":"Feature","properties":{"id":198223952,"highway":"residential"},"geometry":{"type":"LineString","coordinates":[[140.149735,36.920839],[140.149655,36.920805],[140.149527,36.920781],[140.149425,36.920754],[140.149268,36.920672],[140.149167,36.920593],[140.148987,36.920379],[140.148819,36.920103],[140.148747,36.920014],[140.148653,36.919946],[140.14857,36.919883],[140.148461,36.919836],[140.148287,36.919824]]}},{"type":"Feature","properties":{"id":198223954,"highway":"unclassified"},"geometry":{"type":"LineString","coordinates":[[140.150997,36.915288],[140.150817,36.915337],[140.15063,36.915363],[140.150478,36.915377],[140.150383,36.91538],[140.150306,36.915375],[140.150215,36.915363],[140.150045,36.915328],[140.149693,36.915231],[140.149587,36.915224],[140.149034,36.915214],[140.148497,36.915202],[140.148151,36.915218]]}},{"type":"Feature","properties":{"id":198223956,"highway":"residential"},"geometry":{"type":"LineString","coordinates":[[140.132086,36.923005],[140.13208,36.922916],[140.132065,36.922807],[140.132023,36.922677],[140.131955,36.922544],[140.131882,36.922435],[140.131763,36.922294],[140.131758,36.922254],[140.131758,36.922167],[140.131763,36.922125],[140.131826,36.921939],[140.132072,36.921337],[140.132359,36.920761]]}},{"type":"Feature","properties":{"id":198223957,"highway":"residential"},"geometry":{"type":"LineString","coordinates":[[140.177778,36.927206],[140.177854,36.926498],[140.177889,36.926188],[140.177896,36.926025],[140.177839,36.925912],[140.177643,36.92576],[140.177489,36.925647],[140.177383,36.925596],[140.177257,36.925568],[140.177018,36.925546],[140.176913,36.925523],[140.17679,36.925507],[140.176666,36.925478]]}},{"type":"Feature","properties":{"id":198223959,"highway":"unclassified"},"geometry":{"type":"LineString","coordinates":[[140.154446,36.922113],[140.154487,36.922153],[140.154543,36.922196],[140.154654,36.92228],[140.15502,36.922595],[140.155258,36.922808],[140.155282,36.922825],[140.155314,36.92283],[140.155814,36.922963],[140.156214,36.923105],[140.156587,36.923275],[140.15724,36.923563],[140.15731,36.923585]]}},{"type":"Feature","properties":{"id":198223961,"highway":"unclassified"},"geometry":{"type":"LineString","coordinates":[[140.127757,36.907832],[140.127848,36.908147],[140.127897,36.908293],[140.128142,36.90879],[140.128213,36.908913],[140.128361,36.909254],[140.128564,36.909725],[140.128578,36.909737],[140.128683,36.909945],[140.128788,36.910097],[140.128906,36.910255],[140.129168,36.910623],[140.129333,36.910689],[140.129401,36.910679]]}},{"type":"Feature","properties":{"id":198223962,"highway":"residential"},"geometry":{"type":"LineString","coordinates":[[140.127408,36.912597],[140.127724,36.912479],[140.127824,36.912443],[140.127866,36.912423],[140.127891,36.912397],[140.127916,36.912322],[140.12793,36.912266],[140.127944,36.912229],[140.127959,36.912191],[140.127981,36.91217],[140.128711,36.912204],[140.129012,36.912227],[140.129173,36.912227]]}},{"type":"Feature","properties":{"id":198223963,"highway":"residential"},"geometry":{"type":"LineString","coordinates":[[140.154872,36.921529],[140.154781,36.921565],[140.154658,36.921579],[140.154494,36.921574],[140.154412,36.921578],[140.15437,36.921601],[140.154364,36.921634],[140.154363,36.921693],[140.15437,36.921747],[140.154465,36.921931],[140.154472,36.921985],[140.154465,36.922044],[140.154446,36.922113]]}},{"type":"Feature","properties":{"id":198223965,"highway":"residential"},"geometry":{"type":"LineString","coordinates":[[140.133887,36.918703],[140.134147,36.918706],[140.134316,36.918728],[140.134493,36.918748],[140.134699,36.918738],[140.134801,36.918745],[140.134919,36.918751],[140.135043,36.918749],[140.135134,36.918738],[140.135463,36.918641],[140.135671,36.918567],[140.136131,36.918413],[140.136553,36.918259],[140.136634,36.918228]]}},{"type":"Feature","properties":{"id":198223966,"highway":"residential"},"geometry":{"type":"LineString","coordinates":[[140.151297,36.926176],[140.151423,36.926145],[140.152096,36.926019],[140.152454,36.926002],[140.152616,36.926029],[140.152756,36.926097],[140.152896,36.926232],[140.153128,36.926656],[140.153282,36.926992],[140.15331,36.927072],[140.153346,36.927127],[140.153415,36.927142],[140.153598,36.927151],[140.153745,36.927149]]}},{"type":"Feature","properties":{"id":198223968,"highway":"unclassified"},"geometry":{"type":"LineString","coordinates":[[140.151166,36.928307],[140.151099,36.928262],[140.151051,36.928224],[140.150994,36.928177],[140.150939,36.928126],[140.150897,36.928067],[140.150767,36.927881],[140.150681,36.927746],[140.150489,36.927382],[140.150377,36.927066],[140.150335,36.926789],[140.150321,36.926537],[140.150286,36.926436],[140.150258,36.926396]]}},{"type":"Feature","properties":{"id":198223969,"highway":"unclassified"},"geometry":{"type":"LineString","coordinates":[[140.133186,36.911744],[140.132994,36.911734],[140.132884,36.91174],[140.132838,36.911728],[140.132796,36.911705],[140.132776,36.911673],[140.132759,36.911644],[140.13275,36.911602],[140.132761,36.91154],[140.132792,36.9115],[140.132852,36.911433],[140.132938,36.911347],[140.132986,36.911286],[140.133059,36.911148]]}},{"type":"Feature","properties":{"id":198223970,"highway":"unclassified"},"geometry":{"type":"LineString","coordinates":[[140.163478,36.92617],[140.16353,36.926243],[140.164038,36.926677],[140.164076,36.926719],[140.164094,36.926756],[140.164101,36.926825],[140.164115,36.927506],[140.164143,36.927612],[140.164326,36.928041],[140.164354,36.928419],[140.164515,36.928757],[140.164611,36.928916],[140.164631,36.928969],[140.164636,36.929022]]}},{"type":"Feature","properties":{"id":198223971,"highway":"unclassified"},"geometry":{"type":"LineString","coordinates":[[140.145476,36.915529],[140.145539,36.915641],[140.145606,36.915768],[140.145617,36.915817],[140.14562,36.915963],[140.14563,36.916419],[140.145672,36.916644],[140.145911,36.917033],[140.146009,36.917241],[140.146093,36.917501],[140.146142,36.917743],[140.146191,36.918363],[140.146226,36.918904],[140.146237,36.919099]]}},{"type":"Feature","properties":{"id":198223972,"highway":"unclassified"},"geometry":{"type":"LineString","coordinates":[[140.171747,36.925546],[140.171652,36.925535],[140.171524,36.925529],[140.171413,36.925543],[140.171306,36.925563],[140.170934,36.925619],[140.170637,36.925645],[140.170449,36.925654],[140.170275,36.925653],[140.169932,36.925647],[140.169504,36.925613],[140.168999,36.925596],[140.167764,36.925608],[140.167315,36.925636]]}},{"type":"Feature","properties":{"id":198223973,"highway":"unclassified"},"geometry":{"type":"LineString","coordinates":[[140.163212,36.925754],[140.163055,36.925735],[140.162837,36.925663],[140.162271,36.925426],[140.161842,36.925268],[140.161292,36.925033],[140.160437,36.924706],[140.159632,36.924391],[140.15957,36.924364],[140.159498,36.924318],[140.15933,36.924183],[140.159168,36.924036],[140.159112,36.923975],[140.159087,36.923909]]}},{"type":"Feature","properties":{"id":198223974,"highway":"residential"},"geometry":{"type":"LineString","coordinates":[[140.132359,36.920761],[140.132591,36.921241],[140.132703,36.921472],[140.133206,36.92264],[140.133298,36.922629],[140.13339,36.922609],[140.133804,36.922514],[140.134307,36.922407],[140.1343,36.922365],[140.134232,36.922142],[140.134077,36.921647],[140.13377,36.920902],[140.133623,36.920575],[140.133595,36.920501]]}},{"type":"Feature","properties":{"id":198223976,"highway":"service"},"geometry":{"type":"LineString","coordinates":[[140.137125,36.935283],[140.137143,36.935228],[140.137171,36.935161],[140.137202,36.935093],[140.137235,36.935032],[140.137334,36.934931],[140.137509,36.93479],[140.137879,36.934569],[140.138028,36.93448],[140.138284,36.934385],[140.138365,36.934344],[140.138405,36.934307],[140.138434,36.934266],[140.138478,36.934131],[140.138597,36.933697],[140.138622,36.933633]]}},{"type":"Feature","properties":{"id":198223981,"highway":"service"},"geometry":{"type":"LineString","coordinates":[[140.13495,36.9318],[140.134855,36.93178],[140.134801,36.931767],[140.134774,36.931746],[140.134748,36.931695],[140.134705,36.93141],[140.134628,36.93096],[140.134574,36.930799],[140.13444,36.930429],[140.134401,36.930378],[140.134354,36.930321],[140.13433,36.930258],[140.134323,36.929888],[140.134314,36.929837],[140.134278,36.929792],[140.134227,36.929766],[140.134112,36.929771],[140.13368,36.92983],[140.133308,36.929902]]}},{"type":"Feature","properties":{"id":198223982,"highway":"tertiary"},"geometry":{"type":"LineString","coordinates":[[140.162083,36.919766],[140.162142,36.919681],[140.162402,36.919394],[140.162625,36.919118],[140.162794,36.91888],[140.162802,36.918844],[140.162798,36.918799],[140.162777,36.918744],[140.162662,36.918463],[140.162668,36.91834],[140.16271,36.91808],[140.162745,36.917912],[140.162983,36.916915],[140.163057,36.916715],[140.163193,36.916535]]}},{"type":"Feature","properties":{"id":198223984,"highway":"residential"},"geometry":{"type":"LineString","coordinates":[[140.12915,36.915653],[140.129194,36.91568],[140.129264,36.915675],[140.129797,36.915568],[140.12999,36.916063],[140.130023,36.916156],[140.130068,36.916282],[140.130092,36.91634],[140.130253,36.916756],[140.130322,36.916961],[140.130348,36.917023],[140.130582,36.916976],[140.130687,36.917213],[140.130729,36.917348],[140.130766,36.917465]]}},{"type":"Feature","properties":{"id":198223985,"highway":"unclassified"},"geometry":{"type":"LineString","coordinates":[[140.134986,36.905128],[140.135158,36.905359],[140.135254,36.905468],[140.135338,36.905626],[140.135384,36.905773],[140.135416,36.905945],[140.135406,36.906066],[140.135322,36.906388],[140.135311,36.906551],[140.135322,36.90664],[140.135346,36.906793],[140.135334,36.906914],[140.135288,36.90704],[140.135216,36.907271],[140.13518,36.907617]]}},{"type":"Feature","properties":{"id":198223986,"highway":"unclassified"},"geometry":{"type":"LineString","coordinates":[[140.160287,36.926865],[140.160327,36.926842],[140.160382,36.926819],[140.160467,36.926785],[140.160712,36.926734],[140.161118,36.92665],[140.161652,36.926446],[140.16222,36.926227],[140.16226,36.926223],[140.162333,36.926226],[140.162422,36.926256],[140.1626,36.926328],[140.162714,36.926333],[140.162783,36.926328],[140.163028,36.926271]]}},{"type":"Feature","properties":{"id":198223987,"highway":"service"},"geometry":{"type":"LineString","coordinates":[[140.137639,36.921853],[140.137384,36.92181],[140.137245,36.921851],[140.137125,36.921861],[140.136994,36.921884],[140.13676,36.921941],[140.136657,36.921969],[140.13655,36.921997],[140.136435,36.922017],[140.136337,36.922017],[140.136195,36.922014],[140.136085,36.921996]]}},{"type":"Feature","properties":{"id":198223988,"highway":"unclassified"},"geometry":{"type":"LineString","coordinates":[[140.14698,36.926547],[140.147275,36.925957],[140.147402,36.925647],[140.147437,36.925506],[140.147437,36.925039],[140.147422,36.924886],[140.14743,36.924502],[140.147507,36.924023],[140.147626,36.923595],[140.147647,36.923364],[140.147689,36.92324],[140.147816,36.923009],[140.147844,36.922869],[140.147844,36.922385],[140.147774,36.921827],[140.147781,36.921748]]}},{"type":"Feature","properties":{"id":198223989,"highway":"residential"},"geometry":{"type":"LineString","coordinates":[[140.127477,36.914678],[140.127481,36.914644],[140.127472,36.914597],[140.127456,36.91457],[140.127441,36.914561],[140.127411,36.914543],[140.127334,36.914499],[140.127247,36.914451],[140.127224,36.914431],[140.127211,36.914407],[140.127203,36.914373],[140.127198,36.914325],[140.127202,36.91425],[140.127218,36.913979],[140.127337,36.913184],[140.127408,36.912597]]}},{"type":"Feature","properties":{"id":198223994,"highway":"residential"},"geometry":{"type":"LineString","coordinates":[[140.104679,36.919764],[140.104742,36.920243],[140.104771,36.920435],[140.104834,36.920987],[140.104883,36.921494],[140.104911,36.921669],[140.104996,36.922812],[140.104982,36.923066],[140.104926,36.923269],[140.10482,36.923691],[140.104771,36.923967],[140.104687,36.924355],[140.104504,36.925442],[140.104498,36.925572],[140.104399,36.926146],[140.104322,36.926603],[140.104269,36.926834]]}},{"type":"Feature","properties":{"id":198223995,"highway":"unclassified"},"geometry":{"type":"LineString","coordinates":[[140.145317,36.920377],[140.145164,36.920639],[140.144947,36.920926],[140.144736,36.921224],[140.144259,36.922142],[140.144179,36.922245],[140.144119,36.922298],[140.144028,36.922367],[140.143981,36.922425],[140.143951,36.922474],[140.143929,36.922553],[140.143916,36.922649],[140.143937,36.922801],[140.144026,36.923016],[140.144031,36.923053],[140.144028,36.923116],[140.144004,36.923217]]}},{"type":"Feature","properties":{"id":198223996,"highway":"unclassified"},"geometry":{"type":"LineString","coordinates":[[140.159087,36.923909],[140.159097,36.923856],[140.159141,36.923781],[140.15922,36.923658],[140.159762,36.922767],[140.159898,36.922532],[140.159987,36.922406],[140.160073,36.922299],[140.160195,36.922172],[140.160418,36.922001],[140.160642,36.921844],[140.161127,36.921557],[140.16154,36.921328],[140.161605,36.921272],[140.161652,36.921218],[140.161678,36.921169],[140.161687,36.921124]]}},{"type":"Feature","properties":{"id":198223997,"highway":"service"},"geometry":{"type":"LineString","coordinates":[[140.138309,36.920656],[140.138185,36.92062],[140.1381,36.920596],[140.13797,36.92057],[140.137819,36.920554],[140.137717,36.920548],[140.137572,36.92055],[140.137449,36.920564],[140.137272,36.92061],[140.137137,36.920653],[140.137004,36.920701],[140.136622,36.92087],[140.136155,36.921087],[140.135839,36.921212],[140.135734,36.921244],[140.135585,36.921262],[140.135515,36.92128]]}},{"type":"Feature","properties":{"id":198223999,"highway":"residential"},"geometry":{"type":"LineString","coordinates":[[140.144731,36.931213],[140.144092,36.931124],[140.144054,36.931109],[140.143977,36.931032],[140.143905,36.930986],[140.14383,36.930948],[140.143774,36.930931],[140.143662,36.93092],[140.143402,36.930914],[140.142933,36.930779],[140.142849,36.930762],[140.142561,36.930655],[140.142063,36.930508],[140.141586,36.930413],[140.141284,36.930339],[140.141066,36.930255],[140.140954,36.930232],[140.140498,36.930074],[140.140201,36.929993]]}},{"type":"Feature","properties":{"id":198224000,"highway":"residential"},"geometry":{"type":"LineString","coordinates":[[140.165234,36.924474],[140.165217,36.9255]]}},{"type":"Feature","properties":{"id":198224002,"highway":"unclassified"},"geometry":{"type":"LineString","coordinates":[[140.161946,36.931652],[140.162766,36.931281]]}},{"type":"Feature","properties":{"id":198224005,"highway":"residential"},"geometry":{"type":"LineString","coordinates":[[140.153122,36.919619],[140.153125,36.920179]]}},{"type":"Feature","properties":{"id":198224006,"highway":"residential"},"geometry":{"type":"LineString","coordinates":[[140.156985,36.921587],[140.156963,36.921533],[140.157146,36.921377],[140.157544,36.921134],[140.157568,36.921071],[140.157693,36.920954],[140.157895,36.920819],[140.157999,36.920734],[140.158137,36.920686],[140.158493,36.920507]]}},{"type":"Feature","properties":{"id":198224007,"highway":"unclassified"},"geometry":{"type":"LineString","coordinates":[[140.103508,36.929613],[140.10446,36.929955]]}},{"type":"Feature","properties":{"id":198224009,"highway":"unclassified"},"geometry":{"type":"LineString","coordinates":[[140.165346,36.934255],[140.165619,36.934033]]}},{"type":"Feature","properties":{"id":198224010,"highway":"residential"},"geometry":{"type":"LineString","coordinates":[[140.125403,36.90251],[140.12548,36.902503]]}},{"type":"Feature","properties":{"id":198224011,"highway":"unclassified"},"geometry":{"type":"LineString","coordinates":[[140.147691,36.915239],[140.148151,36.915218]]}},{"type":"Feature","properties":{"id":198224012,"highway":"unclassified"},"geometry":{"type":"LineString","coordinates":[[140.145758,36.919203],[140.145614,36.919765]]}},{"type":"Feature","properties":{"id":198224014,"highway":"unclassified"},"geometry":{"type":"LineString","coordinates":[[140.105308,36.915807],[140.105657,36.915017]]}},{"type":"Feature","properties":{"id":198224020,"highway":"unclassified"},"geometry":{"type":"LineString","coordinates":[[140.164702,36.934751],[140.165346,36.934255]]}},{"type":"Feature","properties":{"id":198224023,"highway":"unclassified"},"geometry":{"type":"LineString","coordinates":[[140.15995,36.927041],[140.160287,36.926865]]}},{"type":"Feature","properties":{"id":198224025,"highway":"residential"},"geometry":{"type":"LineString","coordinates":[[140.146413,36.91225],[140.146797,36.912187]]}},{"type":"Feature","properties":{"id":198224033,"highway":"tertiary"},"geometry":{"type":"LineString","coordinates":[[140.105715,36.914918],[140.105759,36.914817],[140.105848,36.914617],[140.105894,36.914513]]}},{"type":"Feature","properties":{"id":198224041,"highway":"residential"},"geometry":{"type":"LineString","coordinates":[[140.163379,36.933277],[140.16276,36.933482]]}},{"type":"Feature","properties":{"id":198224043,"highway":"unclassified"},"geometry":{"type":"LineString","coordinates":[[140.132007,36.919764],[140.132055,36.919888]]}},{"type":"Feature","properties":{"id":198224046,"highway":"residential"},"geometry":{"type":"LineString","coordinates":[[140.166131,36.936092],[140.165016,36.936839]]}},{"type":"Feature","properties":{"id":198224050,"highway":"unclassified"},"geometry":{"type":"LineString","coordinates":[[140.158662,36.924056],[140.15855,36.923977]]}},{"type":"Feature","properties":{"id":198224052,"highway":"unclassified"},"geometry":{"type":"LineString","coordinates":[[140.173747,36.926298],[140.173176,36.926062]]}},{"type":"Feature","properties":{"id":198224053,"highway":"tertiary"},"geometry":{"type":"LineString","coordinates":[[140.105657,36.915017],[140.105688,36.914972],[140.105715,36.914918]]}},{"type":"Feature","properties":{"id":198224054,"highway":"unclassified"},"geometry":{"type":"LineString","coordinates":[[140.148285,36.919766],[140.148287,36.919824]]}},{"type":"Feature","properties":{"id":198224056,"highway":"unclassified"},"geometry":{"type":"LineString","coordinates":[[140.147087,36.920424],[140.146929,36.919766]]}},{"type":"Feature","properties":{"id":198224057,"highway":"residential"},"geometry":{"type":"LineString","coordinates":[[140.132359,36.920761],[140.133595,36.920501]]}},{"type":"Feature","properties":{"id":198224058,"highway":"unclassified"},"geometry":{"type":"LineString","coordinates":[[140.162766,36.931281],[140.163263,36.931097]]}},{"type":"Feature","properties":{"id":198224061,"highway":"unclassified"},"geometry":{"type":"LineString","coordinates":[[140.144731,36.931213],[140.144917,36.931055]]}},{"type":"Feature","properties":{"id":198224064,"highway":"residential"},"geometry":{"type":"LineString","coordinates":[[140.168247,36.937035],[140.168441,36.936786]]}},{"type":"Feature","properties":{"id":198224065,"highway":"unclassified"},"geometry":{"type":"LineString","coordinates":[[140.131103,36.917387],[140.13136,36.91812]]}},{"type":"Feature","properties":{"id":198224068,"highway":"unclassified"},"geometry":{"type":"LineString","coordinates":[[140.163263,36.931097],[140.163628,36.930969]]}},{"type":"Feature","properties":{"id":198224069,"highway":"service"},"geometry":{"type":"LineString","coordinates":[[140.140157,36.919765],[140.14017,36.919754]]}},{"type":"Feature","properties":{"id":198224070,"highway":"residential"},"geometry":{"type":"LineString","coordinates":[[140.133413,36.919764],[140.133358,36.919398]]}},{"type":"Feature","properties":{"id":198224071,"highway":"residential"},"geometry":{"type":"LineString","coordinates":[[140.132055,36.919888],[140.132456,36.919782]]}},{"type":"Feature","properties":{"id":198224072,"highway":"unclassified"},"geometry":{"type":"LineString","coordinates":[[140.128753,36.902101],[140.128752,36.902463]]}},{"type":"Feature","properties":{"id":198224073,"highway":"unclassified"},"geometry":{"type":"LineString","coordinates":[[140.144574,36.933285],[140.144683,36.933494]]}},{"type":"Feature","properties":{"id":198224075,"highway":"service"},"geometry":{"type":"LineString","coordinates":[[140.140157,36.919765],[140.139654,36.920141]]}},{"type":"Feature","properties":{"id":198224076,"highway":"tertiary"},"geometry":{"type":"LineString","coordinates":[[140.105894,36.914513],[140.105935,36.914419],[140.106357,36.913438]]}},{"type":"Feature","properties":{"id":198224078,"highway":"service"},"geometry":{"type":"LineString","coordinates":[[140.135824,36.932011],[140.13495,36.9318]]}},{"type":"Feature","properties":{"id":198224080,"highway":"unclassified"},"geometry":{"type":"LineString","coordinates":[[140.132055,36.919888],[140.132359,36.920761]]}},{"type":"Feature","properties":{"id":198224081,"highway":"unclassified"},"geometry":{"type":"LineString","coordinates":[[140.158947,36.923943],[140.158662,36.924056]]}},{"type":"Feature","properties":{"id":198224082,"highway":"residential"},"geometry":{"type":"LineString","coordinates":[[140.153223,36.919402],[140.153122,36.919619]]}},{"type":"Feature","properties":{"id":198224083,"highway":"residential"},"geometry":{"type":"LineString","coordinates":[[140.171747,36.925546],[140.171752,36.924433]]}},{"type":"Feature","properties":{"id":198224085,"highway":"tertiary"},"geometry":{"type":"LineString","coordinates":[[140.163193,36.916535],[140.163395,36.916421]]}},{"type":"Feature","properties":{"id":198224086,"highway":"residential"},"geometry":{"type":"LineString","coordinates":[[140.173176,36.926062],[140.173739,36.925216]]}},{"type":"Feature","properties":{"id":198224088,"highway":"unclassified"},"geometry":{"type":"LineString","coordinates":[[140.146929,36.919766],[140.146791,36.918985]]}},{"type":"Feature","properties":{"id":198224090,"highway":"unclassified"},"geometry":{"type":"LineString","coordinates":[[140.14802,36.918785],[140.148285,36.919766]]}},{"type":"Feature","properties":{"id":198224094,"highway":"unclassified"},"geometry":{"type":"LineString","coordinates":[[140.150146,36.926239],[140.150258,36.926396]]}},{"type":"Feature","properties":{"id":198224096,"highway":"residential"},"geometry":{"type":"LineString","coordinates":[[140.168977,36.938705],[140.170114,36.939748]]}},{"type":"Feature","properties":{"id":198224097,"highway":"unclassified"},"geometry":{"type":"LineString","coordinates":[[140.157425,36.922559],[140.157757,36.922473]]}},{"type":"Feature","properties":{"id":198224099,"highway":"residential"},"geometry":{"type":"LineString","coordinates":[[140.146797,36.912187],[140.147262,36.912088]]}},{"type":"Feature","properties":{"id":198224103,"highway":"unclassified"},"geometry":{"type":"LineString","coordinates":[[140.149949,36.925156],[140.149823,36.92501],[140.149753,36.924864],[140.149669,36.924615],[140.149655,36.924604],[140.149473,36.924001],[140.149401,36.923635],[140.149359,36.923392],[140.149304,36.923212],[140.14917,36.92306],[140.148945,36.92288],[140.148889,36.922796],[140.148861,36.922689],[140.148875,36.922261],[140.148868,36.922053],[140.148812,36.921878],[140.148721,36.921698],[140.148496,36.921388],[140.148444,36.921342],[140.148372,36.921289]]}},{"type":"Feature","properties":{"id":198224104,"highway":"residential"},"geometry":{"type":"LineString","coordinates":[[140.130028,36.901652],[140.130092,36.901652],[140.130131,36.901646],[140.130168,36.901627],[140.130196,36.901613],[140.13028,36.901196],[140.130287,36.900914],[140.13026,36.900824],[140.130178,36.900702],[140.130116,36.900597],[140.130035,36.900493],[140.129962,36.900394],[140.129908,36.900288],[140.129866,36.900153],[140.129488,36.900148],[140.129165,36.900154],[140.12864,36.900176],[140.128458,36.900188],[140.128262,36.900193],[140.128031,36.900221]]}},{"type":"Feature","properties":{"id":198224105,"highway":"residential"},"geometry":{"type":"LineString","coordinates":[[140.16583,36.932903],[140.165982,36.932864],[140.166333,36.93274],[140.166431,36.932717],[140.166501,36.932706],[140.166578,36.932689],[140.166581,36.932656],[140.166577,36.932485],[140.166579,36.932453],[140.166598,36.93244],[140.166646,36.932441],[140.166796,36.932458],[140.166983,36.932469],[140.167021,36.932464],[140.16704,36.932444],[140.167276,36.931991],[140.167301,36.931934],[140.167306,36.931856],[140.167301,36.931821],[140.167259,36.931469]]}},{"type":"Feature","properties":{"id":198224107,"highway":"service"},"geometry":{"type":"LineString","coordinates":[[140.139404,36.925836],[140.139416,36.925906],[140.139444,36.925959],[140.13948,36.925996],[140.139527,36.926033],[140.139604,36.926115],[140.13972,36.926234],[140.139787,36.926341],[140.139793,36.926437],[140.139777,36.926566],[140.139757,36.926664],[140.139718,36.926875],[140.139707,36.926971],[140.139704,36.927099],[140.13972,36.927216],[140.139764,36.927289],[140.139859,36.927377],[140.140031,36.927505],[140.140239,36.927646],[140.140316,36.927706],[140.140548,36.927837]]}},{"type":"Feature","properties":{"id":198224108,"highway":"unclassified"},"geometry":{"type":"LineString","coordinates":[[140.1364,36.933629],[140.136295,36.933499],[140.135943,36.93293],[140.135845,36.932776],[140.135806,36.932699],[140.135791,36.932625],[140.135806,36.932566],[140.13592,36.9322],[140.135938,36.932143],[140.13593,36.932092],[140.135896,36.93204],[140.135862,36.932026],[140.135824,36.932011]]}},{"type":"Feature","properties":{"id":198224110,"highway":"unclassified"},"geometry":{"type":"LineString","coordinates":[[140.144917,36.931055],[140.145135,36.930863],[140.145191,36.930796],[140.145219,36.930723],[140.14524,36.930615],[140.145268,36.930249],[140.145317,36.929928],[140.145388,36.929821],[140.145479,36.929731],[140.145823,36.929545],[140.146152,36.929314],[140.146293,36.929179],[140.146552,36.928779],[140.146658,36.928531],[140.146714,36.928255],[140.146763,36.92785],[140.146791,36.927765],[140.146826,36.927303],[140.146847,36.926947],[140.146882,36.926785],[140.146966,36.926564],[140.14698,36.926547]]}},{"type":"Feature","properties":{"id":198224111,"highway":"residential"},"geometry":{"type":"LineString","coordinates":[[140.138622,36.933633],[140.138716,36.933432],[140.138772,36.933348],[140.138838,36.933292],[140.138913,36.933241],[140.139039,36.93319],[140.139144,36.933162],[140.139494,36.933111],[140.139909,36.933122],[140.14021,36.933134],[140.140505,36.933166],[140.140581,36.933171],[140.140712,36.933171],[140.140786,36.933166],[140.140975,36.93311],[140.14174,36.93284],[140.142385,36.93266],[140.14263,36.932631],[140.142827,36.932637],[140.142904,36.932642],[140.143608,36.932788],[140.143896,36.932765],[140.144365,36.932666]]}},{"type":"Feature","properties":{"id":198224112,"highway":"residential"},"geometry":{"type":"LineString","coordinates":[[140.135454,36.904142],[140.135577,36.904128],[140.135631,36.90412],[140.135699,36.90409],[140.13575,36.904052],[140.135812,36.903994],[140.13588,36.90392],[140.135914,36.903848],[140.135946,36.903775],[140.135967,36.90369],[140.135986,36.903635],[140.136029,36.903531],[140.13607,36.903408],[140.136085,36.903344],[140.136129,36.903231],[140.136149,36.903153],[140.136172,36.903076],[140.136189,36.902991],[140.136213,36.902923],[140.136234,36.902861],[140.1364,36.902549],[140.136612,36.902136],[140.136674,36.902036]]}},{"type":"Feature","properties":{"id":198224113,"highway":"residential"},"geometry":{"type":"LineString","coordinates":[[140.134774,36.90221],[140.134801,36.902118],[140.134826,36.902078],[140.134868,36.902057],[140.134937,36.902044],[140.135069,36.902031],[140.135219,36.902025],[140.135311,36.902019],[140.135336,36.902012],[140.135364,36.902002],[140.135458,36.901944],[140.135532,36.901897],[140.135786,36.901725],[140.135915,36.901608],[140.135968,36.901541],[140.136016,36.901461],[140.136049,36.901365],[140.136126,36.901072],[140.136126,36.901032],[140.136148,36.900993],[140.136211,36.900581],[140.13626,36.900379]]}},{"type":"Feature","properties":{"id":198224115,"highway":"residential"},"geometry":{"type":"LineString","coordinates":[[140.163028,36.926271],[140.163006,36.926614],[140.162986,36.926864],[140.16298,36.927026],[140.162993,36.927056],[140.163512,36.927365],[140.163556,36.927416],[140.163583,36.927477],[140.163596,36.92754],[140.163596,36.927827],[140.163613,36.927886],[140.163638,36.927931],[140.163736,36.928064],[140.163851,36.928224],[140.163891,36.928334],[140.163918,36.928471],[140.163926,36.9287],[140.163968,36.928819],[140.164038,36.928902],[140.164101,36.928959],[140.164242,36.929016],[140.164396,36.929037],[140.164558,36.929027],[140.164636,36.929022]]}},{"type":"Feature","properties":{"id":198224116,"highway":"unclassified"},"geometry":{"type":"LineString","coordinates":[[140.142995,36.915991],[140.142888,36.916072],[140.14282,36.91612],[140.142783,36.916139],[140.142729,36.916154],[140.142681,36.916154],[140.14257,36.916137],[140.142528,36.916138],[140.142473,36.916158],[140.142419,36.916202],[140.142183,36.916416],[140.14218,36.91645],[140.142189,36.916488],[140.142209,36.916518],[140.142476,36.916672],[140.142679,36.916824],[140.142876,36.916999],[140.143058,36.917236],[140.143128,36.917388],[140.143149,36.917512],[140.143184,36.917585],[140.143268,36.917641],[140.143604,36.917805],[140.143969,36.918036],[140.144354,36.918323]]}},{"type":"Feature","properties":{"id":198224118,"highway":"service"},"geometry":{"type":"LineString","coordinates":[[140.135012,36.921427],[140.134911,36.921439],[140.134802,36.921437],[140.134732,36.921427],[140.134673,36.921394],[140.134637,36.921349],[140.134603,36.921277],[140.134583,36.921191],[140.134605,36.921134],[140.13466,36.921056],[140.134705,36.921014],[140.134777,36.920967],[140.134833,36.920932],[140.134894,36.920905],[140.134978,36.9209],[140.135066,36.920905],[140.135186,36.92094],[140.135324,36.92099],[140.135427,36.921039],[140.135472,36.921071],[140.135498,36.921107],[140.135511,36.921204],[140.135515,36.92128],[140.135318,36.921354],[140.135192,36.921381],[140.135012,36.921427]]}},{"type":"Feature","properties":{"id":198224119,"highway":"unclassified"},"geometry":{"type":"LineString","coordinates":[[140.185959,36.929616],[140.185739,36.929707],[140.185325,36.929649],[140.185171,36.929599],[140.185064,36.929549],[140.184946,36.929486],[140.184546,36.929128],[140.184455,36.929067],[140.184349,36.929027],[140.184222,36.929016],[140.184082,36.929016],[140.183767,36.929072],[140.183584,36.929089],[140.183289,36.929071],[140.183198,36.929054],[140.18242,36.928684],[140.181915,36.928509],[140.181132,36.928202],[140.180786,36.928059],[140.178661,36.927214],[140.178541,36.927163],[140.178473,36.927145],[140.178412,36.927141],[140.178239,36.927146],[140.177952,36.92718],[140.177778,36.927206]]}},{"type":"Feature","properties":{"id":198224121,"highway":"service"},"geometry":{"type":"LineString","coordinates":[[140.13682,36.922279],[140.136762,36.922444],[140.136737,36.922522],[140.136722,36.922592],[140.136705,36.922687],[140.136712,36.922769],[140.136727,36.922832],[140.136745,36.922887],[140.136772,36.922937],[140.136834,36.922992],[140.136937,36.923084],[140.137014,36.923139],[140.137092,36.923177],[140.13721,36.923221],[140.137322,36.923251],[140.137414,36.92327],[140.137547,36.923279],[140.137667,36.923276],[140.137784,36.923254],[140.137892,36.923226],[140.138015,36.923181],[140.138383,36.923069],[140.138499,36.923057],[140.138773,36.923086],[140.139464,36.923192],[140.140029,36.923287]]}},{"type":"Feature","properties":{"id":198224126,"highway":"unclassified"},"geometry":{"type":"LineString","coordinates":[[140.145614,36.919765],[140.145459,36.920081],[140.145317,36.920377]]}},{"type":"Feature","properties":{"id":198224127,"highway":"residential"},"geometry":{"type":"LineString","coordinates":[[140.133358,36.919398],[140.132643,36.919685],[140.132449,36.919731]]}},{"type":"Feature","properties":{"id":198224129,"highway":"residential"},"geometry":{"type":"LineString","coordinates":[[140.167617,36.937438],[140.168156,36.937075],[140.168247,36.937035]]}},{"type":"Feature","properties":{"id":198224130,"highway":"tertiary"},"geometry":{"type":"LineString","coordinates":[[140.165038,36.91586],[140.165656,36.915868],[140.16578,36.915836]]}},{"type":"Feature","properties":{"id":198224132,"highway":"residential"},"geometry":{"type":"LineString","coordinates":[[140.167745,36.939512],[140.167992,36.939346],[140.168977,36.938705]]}},{"type":"Feature","properties":{"id":198224133,"highway":"unclassified"},"geometry":{"type":"LineString","coordinates":[[140.13136,36.91812],[140.131801,36.91911],[140.132007,36.919764]]}},{"type":"Feature","properties":{"id":198224135,"highway":"unclassified"},"geometry":{"type":"LineString","coordinates":[[140.159381,36.927389],[140.159813,36.927117],[140.15995,36.927041]]}},{"type":"Feature","properties":{"id":198224136,"highway":"unclassified"},"geometry":{"type":"LineString","coordinates":[[140.157425,36.922559],[140.157297,36.922582],[140.157148,36.922579]]}},{"type":"Feature","properties":{"id":198224137,"highway":"residential"},"geometry":{"type":"LineString","coordinates":[[140.152464,36.921064],[140.152244,36.921388],[140.151879,36.921809]]}},{"type":"Feature","properties":{"id":198224138,"highway":"unclassified"},"geometry":{"type":"LineString","coordinates":[[140.14563,36.912367],[140.145616,36.912457],[140.145609,36.912695]]}},{"type":"Feature","properties":{"id":198224139,"highway":"unclassified"},"geometry":{"type":"LineString","coordinates":[[140.152464,36.921064],[140.153592,36.921669],[140.154446,36.922113]]}},{"type":"Feature","properties":{"id":198224141,"highway":"unclassified"},"geometry":{"type":"LineString","coordinates":[[140.147144,36.91528],[140.147039,36.915303],[140.145476,36.915529]]}},{"type":"Feature","properties":{"id":198224145,"highway":"unclassified"},"geometry":{"type":"LineString","coordinates":[[140.158662,36.924056],[140.158476,36.924136],[140.157486,36.92454]]}},{"type":"Feature","properties":{"id":198224146,"highway":"residential"},"geometry":{"type":"LineString","coordinates":[[140.153125,36.920179],[140.153044,36.92033],[140.152464,36.921064]]}},{"type":"Feature","properties":{"id":198224148,"highway":"unclassified"},"geometry":{"type":"LineString","coordinates":[[140.163028,36.926271],[140.163288,36.926219],[140.163478,36.92617]]}},{"type":"Feature","properties":{"id":198224149,"highway":"service"},"geometry":{"type":"LineString","coordinates":[[140.140029,36.923287],[140.139906,36.923535],[140.139896,36.923557]]}},{"type":"Feature","properties":{"id":198224150,"highway":"unclassified"},"geometry":{"type":"LineString","coordinates":[[140.145778,36.911713],[140.145658,36.912175],[140.14563,36.912367]]}},{"type":"Feature","properties":{"id":198224153,"highway":"residential"},"geometry":{"type":"LineString","coordinates":[[140.104642,36.917389],[140.104913,36.916655],[140.105213,36.916013],[140.105308,36.915807]]}},{"type":"Feature","properties":{"id":198224155,"highway":"residential"},"geometry":{"type":"LineString","coordinates":[[140.168977,36.938705],[140.169574,36.93832],[140.170004,36.938037]]}},{"type":"Feature","properties":{"id":198224157,"highway":"unclassified"},"geometry":{"type":"LineString","coordinates":[[140.163834,36.935369],[140.164425,36.934938],[140.164702,36.934751]]}},{"type":"Feature","properties":{"id":198224158,"highway":"unclassified"},"geometry":{"type":"LineString","coordinates":[[140.164636,36.929022],[140.164759,36.930536],[140.164768,36.930665]]}},{"type":"Feature","properties":{"id":198224160,"highway":"unclassified"},"geometry":{"type":"LineString","coordinates":[[140.159087,36.923909],[140.159005,36.923922],[140.158947,36.923943]]}},{"type":"Feature","properties":{"id":198224161,"highway":"unclassified"},"geometry":{"type":"LineString","coordinates":[[140.147691,36.915239],[140.147466,36.915253],[140.147144,36.91528]]}},{"type":"Feature","properties":{"id":198224162,"highway":"unclassified"},"geometry":{"type":"LineString","coordinates":[[140.163212,36.925754],[140.163313,36.925998],[140.163478,36.92617]]}},{"type":"Feature","properties":{"id":198224163,"highway":"unclassified"},"geometry":{"type":"LineString","coordinates":[[140.129664,36.912798],[140.129699,36.912784],[140.130108,36.912681]]}},{"type":"Feature","properties":{"id":198224166,"highway":"residential"},"geometry":{"type":"LineString","coordinates":[[140.137965,36.913559],[140.138171,36.913395],[140.138423,36.913188],[140.138525,36.913102],[140.138572,36.913047],[140.138672,36.912936],[140.138816,36.912802],[140.138889,36.912745],[140.139061,36.912662],[140.139191,36.912607],[140.139334,36.912563],[140.139403,36.912545],[140.139468,36.912522],[140.139546,36.912473],[140.139692,36.91237],[140.140002,36.912155],[140.140247,36.911977],[140.14045,36.911855],[140.140562,36.91182],[140.14071,36.911792],[140.141229,36.911782],[140.141299,36.911765],[140.141727,36.911555],[140.141945,36.911457],[140.142094,36.911402],[140.142274,36.91134],[140.142435,36.911298],[140.142609,36.911263],[140.14283,36.911235],[140.143052,36.911193],[140.143104,36.91116]]}},{"type":"Feature","properties":{"id":198224167,"highway":"residential"},"geometry":{"type":"LineString","coordinates":[[140.142537,36.925047],[140.142477,36.925212],[140.14247,36.925292],[140.142491,36.925489],[140.142491,36.925754],[140.142414,36.926024],[140.142386,36.926078],[140.142365,36.926148],[140.142364,36.926276],[140.142372,36.926317],[140.142414,36.926385],[140.142519,36.926469],[140.142659,36.926559],[140.142687,36.926604],[140.142689,36.9267],[140.14268,36.926745],[140.14254,36.927083],[140.142414,36.927258],[140.142315,36.927354],[140.14221,36.927427],[140.142084,36.927489],[140.141516,36.927675],[140.141347,36.927748],[140.14127,36.927776],[140.141053,36.927872],[140.140954,36.927939],[140.140863,36.92803],[140.140674,36.928368],[140.140505,36.928841],[140.140477,36.928892],[140.140421,36.929061]]}},{"type":"Feature","properties":{"id":198224168,"highway":"residential"},"geometry":{"type":"LineString","coordinates":[[140.138423,36.911485],[140.138443,36.911647],[140.138435,36.911707],[140.138389,36.911762],[140.138304,36.911822],[140.138219,36.911885],[140.138173,36.911955],[140.138164,36.912012],[140.138173,36.91207],[140.138205,36.912103],[140.138243,36.912125],[140.138405,36.91215],[140.138478,36.91216],[140.138518,36.912172],[140.138544,36.912197],[140.138554,36.912237],[140.138549,36.912399],[140.13853,36.91255],[140.138509,36.912587],[140.138394,36.912662],[140.138274,36.912702],[140.138173,36.912704],[140.138068,36.912672],[140.137923,36.912579],[140.137836,36.912549],[140.137761,36.912565],[140.137735,36.9126],[140.137745,36.912672],[140.137942,36.913202],[140.137963,36.913292],[140.137965,36.913559]]}},{"type":"Feature","properties":{"id":198224171,"highway":"unclassified"},"geometry":{"type":"LineString","coordinates":[[140.152295,36.911118],[140.15214,36.911309],[140.151986,36.911613],[140.151881,36.911867],[140.151818,36.912061],[140.151798,36.91219],[140.151801,36.912296],[140.151818,36.912375],[140.151842,36.912466],[140.151878,36.912581],[140.151888,36.912644],[140.151908,36.912744],[140.151901,36.912844],[140.151895,36.912925],[140.151883,36.913026],[140.151868,36.913105],[140.151866,36.913234],[140.151869,36.913448],[140.151878,36.913571],[140.151895,36.913697],[140.151901,36.913805],[140.151905,36.913893],[140.151915,36.913982],[140.15193,36.914057],[140.151969,36.91416],[140.151994,36.914243],[140.152001,36.914319],[140.152008,36.914425],[140.151994,36.914553],[140.151965,36.914802],[140.151919,36.91496],[140.151865,36.915108]]}},{"type":"Feature","properties":{"id":198224172,"highway":"residential"},"geometry":{"type":"LineString","coordinates":[[140.137643,36.914285],[140.137606,36.914327],[140.137463,36.914465],[140.137326,36.914597],[140.137227,36.914711],[140.137199,36.914773],[140.137199,36.914903],[140.137213,36.915016],[140.13722,36.915269],[140.137198,36.915398],[140.137158,36.915509],[140.137141,36.915558],[140.137116,36.915601],[140.137048,36.915691],[140.136974,36.915776],[140.13691,36.91583],[140.136749,36.915963],[140.136525,36.916132],[140.13629,36.916327],[140.136257,36.916364],[140.136231,36.916421],[140.136158,36.916556],[140.136099,36.916656],[140.136011,36.916756],[140.135898,36.91684],[140.135792,36.916891],[140.135707,36.916925],[140.135614,36.916954],[140.135327,36.917035],[140.134998,36.917164],[140.134852,36.917238],[140.134717,36.917311]]}},{"type":"Feature","properties":{"id":198224173,"highway":"unclassified"},"geometry":{"type":"LineString","coordinates":[[140.133059,36.911148],[140.133126,36.911015],[140.133224,36.910818],[140.133281,36.910772],[140.133319,36.910742],[140.133335,36.910725],[140.133346,36.910705],[140.133355,36.910683],[140.133356,36.910668],[140.133354,36.910645],[140.133348,36.910615],[140.133331,36.910559],[140.133319,36.910458],[140.133325,36.910357],[140.133348,36.910242],[140.133345,36.910152],[140.133277,36.910027],[140.133201,36.90998],[140.133093,36.90996],[140.132965,36.909975],[140.132917,36.909997],[140.132867,36.910028],[140.132832,36.910085],[140.132718,36.910402],[140.132611,36.910598],[140.132555,36.910632],[140.132474,36.910633],[140.132426,36.91061],[140.132363,36.910542],[140.13225,36.910282],[140.132166,36.910147],[140.131977,36.909893],[140.131837,36.909562],[140.13176,36.909448],[140.131704,36.90941],[140.131549,36.909365]]}},{"type":"Feature","properties":{"id":198224180,"highway":"service"},"geometry":{"type":"LineString","coordinates":[[140.135815,36.922356],[140.135732,36.922399],[140.135677,36.922441],[140.135607,36.922501],[140.135585,36.922542],[140.135565,36.922592],[140.135569,36.922772],[140.135605,36.922862],[140.135722,36.923132],[140.13577,36.923219],[140.135924,36.923472],[140.135997,36.923552],[140.136039,36.923597],[140.136087,36.923629],[140.13617,36.923661],[140.136249,36.923677],[140.13638,36.923697],[140.136437,36.923695],[140.136547,36.923662],[140.136642,36.923614],[140.1367,36.923574],[140.136747,36.923516],[140.136779,36.923465],[140.136777,36.923397],[140.136742,36.923327],[140.136712,36.92326],[140.136615,36.923019],[140.13657,36.922926],[140.13648,36.922741],[140.136425,36.922644],[140.136362,36.922542],[140.136297,36.922455],[140.136239,36.922386],[140.136187,36.922346],[140.13614,36.922322],[140.13599,36.92231],[140.135912,36.922327],[140.135815,36.922356]]}},{"type":"Feature","properties":{"id":198224186,"highway":"residential"},"geometry":{"type":"LineString","coordinates":[[140.167617,36.937438],[140.167953,36.937748],[140.16864,36.93839],[140.168977,36.938705]]}},{"type":"Feature","properties":{"id":198224188,"highway":"residential"},"geometry":{"type":"LineString","coordinates":[[140.171714,36.941241],[140.171026,36.940604],[140.170317,36.939934],[140.170114,36.939748]]}},{"type":"Feature","properties":{"id":198224189,"highway":"residential"},"geometry":{"type":"LineString","coordinates":[[140.133413,36.919764],[140.133517,36.92017],[140.133554,36.920333],[140.133595,36.920501]]}},{"type":"Feature","properties":{"id":198224190,"highway":"unclassified"},"geometry":{"type":"LineString","coordinates":[[140.144365,36.932666],[140.144437,36.932986],[140.144505,36.933149],[140.144574,36.933285]]}},{"type":"Feature","properties":{"id":198224191,"highway":"residential"},"geometry":{"type":"LineString","coordinates":[[140.15403,36.918996],[140.153598,36.919173],[140.153354,36.919279],[140.153223,36.919402]]}},{"type":"Feature","properties":{"id":198224192,"highway":"residential"},"geometry":{"type":"LineString","coordinates":[[140.166131,36.936092],[140.166361,36.936293],[140.167441,36.937269],[140.167617,36.937438]]}},{"type":"Feature","properties":{"id":198224193,"highway":"unclassified"},"geometry":{"type":"LineString","coordinates":[[140.151865,36.915108],[140.151752,36.915164],[140.151486,36.915231],[140.151086,36.91536]]}},{"type":"Feature","properties":{"id":198224194,"highway":"unclassified"},"geometry":{"type":"LineString","coordinates":[[140.132538,36.908487],[140.132678,36.908515],[140.132904,36.908538],[140.133135,36.908542]]}},{"type":"Feature","properties":{"id":198224196,"highway":"unclassified"},"geometry":{"type":"LineString","coordinates":[[140.150625,36.919766],[140.150675,36.919926],[140.150719,36.920054],[140.150756,36.920176]]}},{"type":"Feature","properties":{"id":198224198,"highway":"unclassified"},"geometry":{"type":"LineString","coordinates":[[140.134986,36.905128],[140.134944,36.905041],[140.134896,36.904872],[140.134874,36.904654]]}},{"type":"Feature","properties":{"id":198224200,"highway":"residential"},"geometry":{"type":"LineString","coordinates":[[140.14802,36.911936],[140.147958,36.911947],[140.147852,36.911962],[140.147262,36.912088]]}},{"type":"Feature","properties":{"id":198224203,"highway":"residential"},"geometry":{"type":"LineString","coordinates":[[140.145317,36.920377],[140.146182,36.920396],[140.146701,36.920424],[140.147087,36.920424]]}},{"type":"Feature","properties":{"id":198224205,"highway":"residential"},"geometry":{"type":"LineString","coordinates":[[140.170114,36.939748],[140.169917,36.939888],[140.169244,36.940322],[140.16909,36.940423]]}},{"type":"Feature","properties":{"id":198224206,"highway":"residential"},"geometry":{"type":"LineString","coordinates":[[140.137941,36.933549],[140.137748,36.933505],[140.13743,36.933505],[140.137332,36.933508]]}},{"type":"Feature","properties":{"id":198224209,"highway":"residential"},"geometry":{"type":"LineString","coordinates":[[140.166131,36.936092],[140.165674,36.935731],[140.165196,36.935212],[140.164702,36.934751]]}},{"type":"Feature","properties":{"id":198224212,"highway":"residential"},"geometry":{"type":"LineString","coordinates":[[140.171117,36.939098],[140.170962,36.939207],[140.170156,36.939725],[140.170114,36.939748]]}},{"type":"Feature","properties":{"id":198224214,"highway":"unclassified"},"geometry":{"type":"LineString","coordinates":[[140.150236,36.918433],[140.150317,36.918491],[140.150358,36.918595],[140.150625,36.919766]]}},{"type":"Feature","properties":{"id":198224216,"highway":"unclassified"},"geometry":{"type":"LineString","coordinates":[[140.150824,36.929517],[140.150904,36.929106],[140.151002,36.928824],[140.151166,36.928307]]}},{"type":"Feature","properties":{"id":198224219,"highway":"residential"},"geometry":{"type":"LineString","coordinates":[[140.164702,36.934751],[140.163779,36.933816],[140.163526,36.9335],[140.163379,36.933277]]}},{"type":"Feature","properties":{"id":198224221,"highway":"residential"},"geometry":{"type":"LineString","coordinates":[[140.14563,36.912367],[140.145686,36.912362],[140.145806,36.91235],[140.146413,36.91225]]}},{"type":"Feature","properties":{"id":198224223,"highway":"unclassified"},"geometry":{"type":"LineString","coordinates":[[140.130056,36.902474],[140.130273,36.902473],[140.130588,36.902479],[140.13075,36.902458],[140.130858,36.902431],[140.13124,36.902243],[140.131329,36.902216],[140.131409,36.902201],[140.131521,36.902195],[140.13161,36.902199],[140.131703,36.902212],[140.131816,36.902221],[140.131936,36.902226],[140.132227,36.902202],[140.13234,36.902199],[140.132419,36.902195],[140.132487,36.902205],[140.132608,36.90224],[140.132697,36.902261],[140.13282,36.902289],[140.132852,36.902309],[140.132856,36.902325],[140.132847,36.902341],[140.132808,36.902366],[140.132778,36.902381],[140.132753,36.902396],[140.132713,36.902423],[140.132702,36.902444],[140.132708,36.902473],[140.132726,36.902493],[140.13275,36.902511],[140.132774,36.90252],[140.132808,36.902524],[140.132864,36.902531],[140.132981,36.902532],[140.133144,36.902519],[140.133379,36.9025],[140.133462,36.902476],[140.133553,36.902429],[140.13373,36.902299],[140.133803,36.902262],[140.133904,36.902233],[140.134017,36.902227],[140.134774,36.90221]]}},{"type":"Feature","properties":{"id":198224224,"highway":"unclassified"},"geometry":{"type":"LineString","coordinates":[[140.130322,36.913323],[140.130392,36.913255],[140.130645,36.912644],[140.13075,36.912497],[140.130776,36.912472],[140.130804,36.912452],[140.130831,36.912441],[140.130863,36.912437],[140.130892,36.912438],[140.130939,36.912456],[140.130963,36.91248],[140.130979,36.912501],[140.130994,36.912528],[140.131004,36.912571],[140.131011,36.9126],[140.131031,36.912717],[140.13108,36.91279],[140.131171,36.912869],[140.131325,36.912965],[140.131626,36.913106],[140.131935,36.913218],[140.132031,36.913217],[140.132064,36.9132],[140.132091,36.913149],[140.13208,36.913097],[140.132043,36.913051],[140.131619,36.912706],[140.131554,36.912629],[140.13155,36.912601],[140.131557,36.912568],[140.131583,36.912534],[140.131676,36.912461],[140.131864,36.912386],[140.132082,36.912339],[140.132404,36.9123],[140.132839,36.912272],[140.133035,36.912244],[140.133168,36.912199],[140.133224,36.912143],[140.133299,36.911994],[140.13331,36.911938],[140.133312,36.91186],[140.133292,36.911811],[140.133265,36.911788],[140.133237,36.91176],[140.133186,36.911744]]}},{"type":"Feature","properties":{"id":198224225,"highway":"tertiary"},"geometry":{"type":"LineString","coordinates":[[140.101923,36.915211],[140.099179,36.919764]]}},{"type":"Feature","properties":{"id":198224226,"highway":"unclassified"},"geometry":{"type":"LineString","coordinates":[[140.127555,36.901994],[140.128433,36.902039],[140.12852,36.902046],[140.128703,36.902086],[140.128753,36.902101]]}},{"type":"Feature","properties":{"id":198224227,"highway":"residential"},"geometry":{"type":"LineString","coordinates":[[140.128731,36.914306],[140.128788,36.914294],[140.128865,36.914283],[140.130456,36.9139],[140.130517,36.913884]]}},{"type":"Feature","properties":{"id":198224228,"highway":"unclassified"},"geometry":{"type":"LineString","coordinates":[[140.127713,36.905937],[140.127621,36.906075],[140.127582,36.906437],[140.127681,36.907297],[140.127757,36.907832]]}},{"type":"Feature","properties":{"id":198224230,"highway":"unclassified"},"geometry":{"type":"LineString","coordinates":[[140.106596,36.929164],[140.106448,36.929103],[140.10634,36.929039],[140.106212,36.928964],[140.105469,36.928368],[140.105375,36.928317]]}},{"type":"Feature","properties":{"id":198224232,"highway":"unclassified"},"geometry":{"type":"LineString","coordinates":[[140.134939,36.904146],[140.134911,36.904306],[140.134891,36.904436],[140.134874,36.904571],[140.134874,36.904654]]}},{"type":"Feature","properties":{"id":198224233,"highway":"tertiary"},"geometry":{"type":"LineString","coordinates":[[140.14017,36.919754],[140.14045,36.91954],[140.140542,36.919433],[140.140584,36.919354],[140.140752,36.918864]]}},{"type":"Feature","properties":{"id":198224235,"highway":"service"},"geometry":{"type":"LineString","coordinates":[[140.139505,36.920644],[140.139779,36.921209],[140.139906,36.921473],[140.139991,36.92167],[140.140051,36.921815]]}},{"type":"Feature","properties":{"id":198224236,"highway":"unclassified"},"geometry":{"type":"LineString","coordinates":[[140.150756,36.920176],[140.150779,36.920231],[140.150796,36.920258],[140.150826,36.92028],[140.152464,36.921064]]}},{"type":"Feature","properties":{"id":198224237,"highway":"tertiary"},"geometry":{"type":"LineString","coordinates":[[140.167745,36.939512],[140.166943,36.938818],[140.166761,36.938643],[140.166487,36.938356],[140.166414,36.93829]]}},{"type":"Feature","properties":{"id":198224239,"highway":"unclassified"},"geometry":{"type":"LineString","coordinates":[[140.16909,36.940423],[140.16932,36.94066],[140.16963,36.940919],[140.169742,36.940987],[140.169769,36.941003]]}},{"type":"Feature","properties":{"id":198224240,"highway":"unclassified"},"geometry":{"type":"LineString","coordinates":[[140.165619,36.934033],[140.165643,36.934013],[140.16567,36.93397],[140.165764,36.933754],[140.165821,36.933579]]}},{"type":"Feature","properties":{"id":198224241,"highway":"residential"},"geometry":{"type":"LineString","coordinates":[[140.140201,36.929993],[140.140265,36.929741],[140.140323,36.929511],[140.140386,36.92919],[140.140421,36.929061]]}},{"type":"Feature","properties":{"id":198224242,"highway":"residential"},"geometry":{"type":"LineString","coordinates":[[140.167336,36.92415],[140.167189,36.925039],[140.167189,36.925259],[140.167301,36.925585],[140.167315,36.925636]]}},{"type":"Feature","properties":{"id":198224243,"highway":"residential"},"geometry":{"type":"LineString","coordinates":[[140.138622,36.933633],[140.138396,36.933633],[140.138301,36.933625],[140.138063,36.933578],[140.137941,36.933549]]}},{"type":"Feature","properties":{"id":198224244,"highway":"unclassified"},"geometry":{"type":"LineString","coordinates":[[140.151297,36.926176],[140.151157,36.926212],[140.150658,36.926312],[140.150419,36.926362],[140.150258,36.926396]]}},{"type":"Feature","properties":{"id":198224245,"highway":"unclassified"},"geometry":{"type":"LineString","coordinates":[[140.163628,36.930969],[140.163842,36.930892],[140.164164,36.930802],[140.164622,36.930696],[140.164768,36.930665]]}},{"type":"Feature","properties":{"id":198224246,"highway":"residential"},"geometry":{"type":"LineString","coordinates":[[140.166414,36.93829],[140.16688,36.937939],[140.16721,36.937714],[140.167525,36.937506],[140.167617,36.937438]]}},{"type":"Feature","properties":{"id":198224247,"highway":"residential"},"geometry":{"type":"LineString","coordinates":[[140.134939,36.904146],[140.134998,36.904148],[140.135138,36.904153],[140.135433,36.904142],[140.135454,36.904142]]}},{"type":"Feature","properties":{"id":198224250,"highway":"tertiary"},"geometry":{"type":"LineString","coordinates":[[140.101923,36.915211],[140.102364,36.914482],[140.102424,36.914386],[140.102508,36.914293],[140.102584,36.91424],[140.10268,36.914207],[140.102798,36.914193],[140.102929,36.914206]]}},{"type":"Feature","properties":{"id":198224251,"highway":"unclassified"},"geometry":{"type":"LineString","coordinates":[[140.173176,36.926062],[140.17281,36.925916],[140.172451,36.925777],[140.172001,36.925619],[140.171747,36.925546]]}},{"type":"Feature","properties":{"id":198224252,"highway":"tertiary"},"geometry":{"type":"LineString","coordinates":[[140.167931,36.939781],[140.167917,36.939691],[140.167901,36.939658],[140.167868,36.939618],[140.167745,36.939512]]}},{"type":"Feature","properties":{"id":198224253,"highway":"tertiary"},"geometry":{"type":"LineString","coordinates":[[140.105657,36.915017],[140.105577,36.915039],[140.105488,36.915039],[140.104835,36.914826],[140.102929,36.914206]]}},{"type":"Feature","properties":{"id":198224254,"highway":"tertiary"},"geometry":{"type":"LineString","coordinates":[[140.167691,36.940717],[140.167777,36.940503],[140.167896,36.940091],[140.167931,36.939877],[140.167931,36.939781]]}},{"type":"Feature","properties":{"id":198224255,"highway":"unclassified"},"geometry":{"type":"LineString","coordinates":[[140.171714,36.941241],[140.172057,36.941106],[140.172289,36.941066],[140.172514,36.941066],[140.172792,36.941134]]}},{"type":"Feature","properties":{"id":198224256,"highway":"residential"},"geometry":{"type":"LineString","coordinates":[[140.131549,36.909365],[140.131422,36.909415],[140.131336,36.90946],[140.131248,36.909523],[140.131186,36.909592]]}},{"type":"Feature","properties":{"id":198224258,"highway":"tertiary"},"geometry":{"type":"LineString","coordinates":[[140.166414,36.93829],[140.16636,36.938248],[140.166328,36.938225],[140.166273,36.938215],[140.166095,36.938205]]}},{"type":"Feature","properties":{"id":198224263,"highway":"residential"},"geometry":{"type":"LineString","coordinates":[[140.135454,36.904142],[140.135531,36.90432],[140.135549,36.904453],[140.135549,36.904619],[140.135572,36.904803],[140.135632,36.905028],[140.135674,36.905194],[140.135738,36.905258],[140.135844,36.905295],[140.136014,36.905323],[140.136281,36.905378],[140.136582,36.905453],[140.136701,36.905494],[140.136867,36.905559],[140.137014,36.905591],[140.137148,36.905577],[140.137313,36.905485],[140.137538,36.9053],[140.137729,36.905141],[140.137869,36.905043],[140.13795,36.904969],[140.138095,36.904783],[140.138263,36.904603],[140.138604,36.904289],[140.138673,36.90424],[140.138795,36.904174],[140.138874,36.904137],[140.138963,36.904121],[140.139067,36.904118],[140.139405,36.904118],[140.139775,36.904109],[140.13989,36.904099],[140.13995,36.904079],[140.140014,36.904051],[140.14034,36.903874],[140.14069,36.903686],[140.140879,36.903598],[140.141045,36.903545],[140.141297,36.903463],[140.141445,36.903422],[140.141529,36.903397],[140.141584,36.903367],[140.141647,36.903307],[140.141696,36.903245],[140.141737,36.903176],[140.14177,36.903128],[140.14182,36.903075],[140.14187,36.903045],[140.141922,36.903004],[140.142035,36.902976],[140.142484,36.902914],[140.142729,36.902846],[140.142952,36.902757],[140.14312,36.9027],[140.143317,36.902695],[140.143472,36.902723],[140.143737,36.902807],[140.143922,36.902872],[140.143985,36.902899]]}},{"type":"Feature","properties":{"id":198224264,"highway":"tertiary"},"geometry":{"type":"LineString","coordinates":[[140.161687,36.921124],[140.161785,36.920521],[140.16182,36.920374],[140.161897,36.920154],[140.161982,36.919963],[140.162083,36.919766]]}},{"type":"Feature","properties":{"id":198224265,"highway":"residential"},"geometry":{"type":"LineString","coordinates":[[140.162766,36.931281],[140.16281,36.931371],[140.162901,36.93163],[140.163142,36.932603],[140.163276,36.933038],[140.163379,36.933277]]}},{"type":"Feature","properties":{"id":198224266,"highway":"service"},"geometry":{"type":"LineString","coordinates":[[140.139654,36.920141],[140.139575,36.920294],[140.139519,36.920401],[140.13949,36.920485],[140.139485,36.920559],[140.139505,36.920644]]}},{"type":"Feature","properties":{"id":198224268,"highway":"unclassified"},"geometry":{"type":"LineString","coordinates":[[140.150146,36.926239],[140.150069,36.926081],[140.150034,36.925922],[140.150006,36.925747],[140.149984,36.925399],[140.149949,36.925156]]}},{"type":"Feature","properties":{"id":198224269,"highway":"residential"},"geometry":{"type":"LineString","coordinates":[[140.106113,36.927447],[140.10564,36.927254],[140.105477,36.927154],[140.10533,36.927088],[140.10456,36.926893],[140.104269,36.926834]]}},{"type":"Feature","properties":{"id":198224271,"highway":"unclassified"},"geometry":{"type":"LineString","coordinates":[[140.165821,36.933579],[140.165843,36.93347],[140.165855,36.933382],[140.165856,36.933066],[140.165844,36.932982],[140.16583,36.932903]]}},{"type":"Feature","properties":{"id":198224274,"highway":"unclassified"},"geometry":{"type":"LineString","coordinates":[[140.131501,36.907753],[140.131486,36.907848],[140.131409,36.908],[140.131339,36.908125],[140.13119,36.908348],[140.131145,36.90843]]}},{"type":"Feature","properties":{"id":198224275,"highway":"unclassified"},"geometry":{"type":"LineString","coordinates":[[140.128073,36.916323],[140.127965,36.916387],[140.12786,36.916461],[140.127758,36.916621]]}},{"type":"Feature","properties":{"id":198224276,"highway":"residential"},"geometry":{"type":"LineString","coordinates":[[140.129664,36.912798],[140.129535,36.912626],[140.129387,36.912412],[140.129309,36.912312],[140.129249,36.912263],[140.129173,36.912227]]}},{"type":"Feature","properties":{"id":198224277,"highway":"residential"},"geometry":{"type":"LineString","coordinates":[[140.129173,36.912227],[140.129243,36.911956],[140.129243,36.91181],[140.129047,36.911168],[140.12911,36.911064],[140.129502,36.910973]]}},{"type":"Feature","properties":{"id":198224278,"highway":"unclassified"},"geometry":{"type":"LineString","coordinates":[[140.133135,36.908542],[140.133302,36.908497],[140.133996,36.90826],[140.134503,36.908095],[140.134779,36.908006],[140.1349,36.907962]]}},{"type":"Feature","properties":{"id":198224281,"highway":"unclassified"},"geometry":{"type":"LineString","coordinates":[[140.164768,36.930665],[140.164792,36.930786],[140.164816,36.9309],[140.164845,36.930999],[140.164936,36.931162],[140.165104,36.931367]]}},{"type":"Feature","properties":{"id":198224282,"highway":"unclassified"},"geometry":{"type":"LineString","coordinates":[[140.128752,36.902463],[140.128748,36.902486],[140.129018,36.902491],[140.129386,36.9025],[140.129895,36.902486],[140.130056,36.902474]]}},{"type":"Feature","properties":{"id":198224283,"highway":"residential"},"geometry":{"type":"LineString","coordinates":[[140.150756,36.920176],[140.150139,36.920486],[140.149984,36.920594],[140.14988,36.920685],[140.14978,36.920785],[140.149735,36.920839]]}},{"type":"Feature","properties":{"id":198224285,"highway":"unclassified"},"geometry":{"type":"LineString","coordinates":[[140.13518,36.907617],[140.135166,36.907719],[140.13511,36.907832],[140.13504,36.907905],[140.13497,36.907938],[140.1349,36.907962]]}},{"type":"Feature","properties":{"id":198224286,"highway":"service"},"geometry":{"type":"LineString","coordinates":[[140.139505,36.920644],[140.139277,36.920441],[140.139222,36.9204],[140.139137,36.920351],[140.139065,36.920322],[140.138959,36.920291]]}},{"type":"Feature","properties":{"id":198224287,"highway":"unclassified"},"geometry":{"type":"LineString","coordinates":[[140.105715,36.914918],[140.106444,36.915565],[140.106802,36.915307],[140.105894,36.914513]]}},{"type":"Feature","properties":{"id":198224290,"highway":"service"},"geometry":{"type":"LineString","coordinates":[[140.138959,36.920291],[140.139062,36.920269],[140.139137,36.920244],[140.139289,36.920212],[140.139515,36.920172],[140.139654,36.920141]]}},{"type":"Feature","properties":{"id":198224292,"highway":"residential"},"geometry":{"type":"LineString","coordinates":[[140.127789,36.906121],[140.127976,36.906161],[140.128174,36.906248],[140.128391,36.906367],[140.128598,36.906497],[140.128668,36.906553],[140.128703,36.906571],[140.128756,36.906582],[140.128824,36.906585],[140.129061,36.90655],[140.129183,36.906521],[140.129336,36.906508],[140.129476,36.906513],[140.129555,36.906535],[140.129594,36.906567],[140.129619,36.906609],[140.129623,36.906651],[140.129604,36.906688],[140.129555,36.90673],[140.129464,36.906762],[140.129371,36.906791],[140.129231,36.906846],[140.129139,36.906886],[140.12911,36.90691],[140.129108,36.906945],[140.129113,36.907007],[140.129125,36.907097],[140.129139,36.907152],[140.129136,36.9072],[140.129113,36.907262],[140.129078,36.907378],[140.129065,36.907447],[140.12907,36.907482],[140.129108,36.907503],[140.129135,36.907503],[140.129179,36.907487],[140.129215,36.90745],[140.129286,36.907382],[140.129379,36.9073],[140.129455,36.90721],[140.12949,36.907173],[140.129535,36.907138],[140.129583,36.90711],[140.129623,36.9071],[140.12968,36.907102],[140.129763,36.907112],[140.129963,36.907138],[140.130221,36.907183],[140.130569,36.907243],[140.130683,36.907275],[140.13072,36.907291],[140.130749,36.907307],[140.13077,36.907338],[140.130768,36.907388],[140.130762,36.907446],[140.130773,36.907488],[140.130823,36.907533],[140.130868,36.907545],[140.130987,36.90756],[140.131129,36.907562],[140.131336,36.907583],[140.131423,36.907607],[140.131476,36.907645],[140.131491,36.907678],[140.131499,36.907715],[140.131501,36.907753]]}},{"type":"Feature","properties":{"id":198224294,"highway":"residential"},"geometry":{"type":"LineString","coordinates":[[140.165821,36.933579],[140.165294,36.933044],[140.165049,36.93274],[140.164536,36.931624],[140.164523,36.931579],[140.164993,36.931404],[140.165104,36.931367]]}},{"type":"Feature","properties":{"id":198224296,"highway":"unclassified"},"geometry":{"type":"LineString","coordinates":[[140.127477,36.914678],[140.127484,36.914931],[140.127463,36.915094],[140.127463,36.915162],[140.127491,36.915297],[140.127673,36.915686],[140.128073,36.916323]]}},{"type":"Feature","properties":{"id":198224298,"highway":"residential"},"geometry":{"type":"LineString","coordinates":[[140.130028,36.901652],[140.13012,36.901821],[140.130168,36.9019],[140.130217,36.901995],[140.130217,36.902069],[140.130098,36.902367],[140.130056,36.902474]]}},{"type":"Feature","properties":{"id":198224301,"highway":"unclassified"},"geometry":{"type":"LineString","coordinates":[[140.151297,36.926176],[140.151309,36.926282],[140.151325,36.927055],[140.151318,36.927602],[140.151289,36.927816],[140.151226,36.928126],[140.151166,36.928307]]}},{"type":"Feature","properties":{"id":198224302,"highway":"unclassified"},"geometry":{"type":"LineString","coordinates":[[140.148287,36.919824],[140.148288,36.919887],[140.1483,36.920018],[140.148317,36.920156],[140.148356,36.920402],[140.14837,36.920644],[140.148372,36.921289]]}},{"type":"Feature","properties":{"id":198224303,"highway":"tertiary"},"geometry":{"type":"LineString","coordinates":[[140.163395,36.916421],[140.163741,36.916263],[140.164155,36.916092],[140.164479,36.915942],[140.164592,36.915903],[140.164731,36.915884],[140.165038,36.91586]]}},{"type":"Feature","properties":{"id":198224307,"highway":"service"},"geometry":{"type":"LineString","coordinates":[[140.139896,36.923557],[140.139849,36.923662],[140.139811,36.923772],[140.139738,36.923976],[140.139674,36.924199],[140.139621,36.924427],[140.139614,36.924455]]}},{"type":"Feature","properties":{"id":198224309,"highway":"unclassified"},"geometry":{"type":"LineString","coordinates":[[140.177778,36.927206],[140.177313,36.92727],[140.177075,36.927281],[140.176591,36.927326],[140.176401,36.92736],[140.176058,36.927398],[140.175925,36.927398]]}},{"type":"Feature","properties":{"id":198224313,"highway":"unclassified"},"geometry":{"type":"LineString","coordinates":[[140.165104,36.931367],[140.165364,36.931686],[140.165452,36.931807],[140.165493,36.931894],[140.16554,36.932041],[140.165814,36.932852],[140.16583,36.932903]]}},{"type":"Feature","properties":{"id":198224314,"highway":"residential"},"geometry":{"type":"LineString","coordinates":[[140.127408,36.912597],[140.127428,36.912396],[140.12747,36.912306],[140.127624,36.912103],[140.12768,36.912041],[140.127758,36.911979],[140.127836,36.911891]]}},{"type":"Feature","properties":{"id":198224315,"highway":"unclassified"},"geometry":{"type":"LineString","coordinates":[[140.146413,36.91225],[140.146463,36.912467],[140.146534,36.912745],[140.146839,36.913988],[140.146908,36.914265],[140.147116,36.915105],[140.147144,36.91528]]}},{"type":"Feature","properties":{"id":198224316,"highway":"unclassified"},"geometry":{"type":"LineString","coordinates":[[140.147781,36.921748],[140.147725,36.921692],[140.147333,36.921118],[140.147276,36.921022],[140.147185,36.920779],[140.147122,36.920554],[140.147087,36.920424]]}},{"type":"Feature","properties":{"id":198224317,"highway":"service"},"geometry":{"type":"LineString","coordinates":[[140.145974,36.93313],[140.145888,36.933117],[140.145732,36.933115],[140.145609,36.93313],[140.145474,36.933162],[140.14504,36.933338],[140.144683,36.933494]]}},{"type":"Feature","properties":{"id":198224318,"highway":"residential"},"geometry":{"type":"LineString","coordinates":[[140.165455,36.915342],[140.165259,36.915414],[140.165188,36.915455],[140.16515,36.915512],[140.165115,36.915568],[140.165059,36.915771],[140.165038,36.91586]]}},{"type":"Feature","properties":{"id":198224320,"highway":"service"},"geometry":{"type":"LineString","coordinates":[[140.140051,36.921815],[140.140127,36.922086],[140.140167,36.922294],[140.140181,36.92251],[140.140182,36.922672],[140.140158,36.922872],[140.140111,36.92307],[140.140029,36.923287]]}},{"type":"Feature","properties":{"id":198224321,"highway":"unclassified"},"geometry":{"type":"LineString","coordinates":[[140.135232,36.902494],[140.135224,36.902656],[140.135213,36.902794],[140.135194,36.90295],[140.135174,36.903065],[140.135137,36.903244],[140.135099,36.903411],[140.134939,36.904146]]}},{"type":"Feature","properties":{"id":198224322,"highway":"residential"},"geometry":{"type":"LineString","coordinates":[[140.137643,36.914285],[140.137679,36.914229],[140.137703,36.913923],[140.137729,36.913807],[140.137749,36.91376],[140.137798,36.913705],[140.137907,36.913611],[140.137965,36.913559]]}},{"type":"Feature","properties":{"id":198224323,"highway":"tertiary"},"geometry":{"type":"LineString","coordinates":[[140.166955,36.942303],[140.1671,36.94225],[140.167135,36.942194],[140.167152,36.94199],[140.16725,36.94164],[140.167321,36.941471],[140.167672,36.940769],[140.167691,36.940717]]}},{"type":"Feature","properties":{"id":198224324,"highway":"unclassified"},"geometry":{"type":"LineString","coordinates":[[140.134774,36.90221],[140.134894,36.902217],[140.135013,36.902252],[140.135089,36.902296],[140.135148,36.902345],[140.135191,36.902379],[140.135218,36.902429],[140.135232,36.902494]]}},{"type":"Feature","properties":{"id":198224325,"highway":"unclassified"},"geometry":{"type":"LineString","coordinates":[[140.128073,36.916323],[140.128185,36.916184],[140.128328,36.916045],[140.128435,36.915977],[140.128927,36.915808],[140.129075,36.915746],[140.129141,36.915709],[140.12915,36.915653]]}},{"type":"Feature","properties":{"id":198224326,"highway":"unclassified"},"geometry":{"type":"LineString","coordinates":[[140.167931,36.939781],[140.168205,36.939787],[140.168301,36.939816],[140.168432,36.939888],[140.16857,36.939973],[140.168857,36.940198],[140.168948,36.940277],[140.16909,36.940423]]}},{"type":"Feature","properties":{"id":198224327,"highway":"service"},"geometry":{"type":"LineString","coordinates":[[140.138959,36.920291],[140.138884,36.920288],[140.138792,36.920297],[140.138692,36.920332],[140.138552,36.920388],[140.138447,36.920457],[140.138379,36.920526],[140.138309,36.920656]]}},{"type":"Feature","properties":{"id":198224328,"highway":"unclassified"},"geometry":{"type":"LineString","coordinates":[[140.131145,36.90843],[140.13118,36.90847],[140.131218,36.908535],[140.131275,36.908612],[140.131325,36.908643],[140.131366,36.908652],[140.131418,36.908658],[140.131537,36.908647]]}},{"type":"Feature","properties":{"id":198224329,"highway":"residential"},"geometry":{"type":"LineString","coordinates":[[140.149735,36.920839],[140.149918,36.920925],[140.150083,36.921016],[140.150553,36.921292],[140.15082,36.921433],[140.151247,36.921631],[140.151472,36.921698],[140.151879,36.921809]]}},{"type":"Feature","properties":{"id":198224331,"highway":"service"},"geometry":{"type":"LineString","coordinates":[[140.139614,36.924455],[140.139538,36.924757],[140.139477,36.925031],[140.139425,36.925318],[140.139393,36.925528],[140.139391,36.925627],[140.139391,36.925741],[140.139404,36.925836]]}},{"type":"Feature","properties":{"id":198224332,"highway":"unclassified"},"geometry":{"type":"LineString","coordinates":[[140.12915,36.915653],[140.129158,36.915602],[140.129145,36.915545],[140.128844,36.91519],[140.128703,36.914965],[140.128668,36.914852],[140.128675,36.914672],[140.128731,36.914306]]}},{"type":"Feature","properties":{"id":198224337,"highway":"service"},"geometry":{"type":"LineString","coordinates":[[140.13682,36.922279],[140.136542,36.922209],[140.136439,36.922194],[140.136355,36.922186],[140.136285,36.922186],[140.13625,36.92221],[140.136209,36.922247],[140.13614,36.922322]]}},{"type":"Feature","properties":{"id":198224340,"highway":"residential"},"geometry":{"type":"LineString","coordinates":[[140.104269,36.926834],[140.104231,36.927189],[140.104209,36.927336],[140.10416,36.927595],[140.104139,36.927781],[140.104111,36.927905],[140.10395,36.928288],[140.103922,36.928396]]}},{"type":"Feature","properties":{"id":198224343,"highway":"unclassified"},"geometry":{"type":"LineString","coordinates":[[140.129732,36.917698],[140.129481,36.917355],[140.129243,36.917089],[140.128998,36.916892],[140.128794,36.916762],[140.128472,36.916582],[140.128241,36.916441],[140.128073,36.916323]]}},{"type":"Feature","properties":{"id":198224344,"highway":"unclassified"},"geometry":{"type":"LineString","coordinates":[[140.131537,36.908647],[140.131666,36.908605],[140.131819,36.90851],[140.131943,36.90847],[140.132053,36.908448],[140.132126,36.908445],[140.132198,36.908442],[140.132293,36.908452],[140.132538,36.908487]]}},{"type":"Feature","properties":{"id":198224345,"highway":"unclassified"},"geometry":{"type":"LineString","coordinates":[[140.148372,36.921289],[140.148358,36.921332],[140.148322,36.921366],[140.148251,36.921411],[140.148052,36.921523],[140.147949,36.921585],[140.147881,36.921635],[140.147844,36.92167],[140.147781,36.921748]]}},{"type":"Feature","properties":{"id":198224346,"highway":"unclassified"},"geometry":{"type":"LineString","coordinates":[[140.148477,36.912954],[140.148623,36.912767],[140.148721,36.91266],[140.148791,36.912542],[140.148833,36.912457],[140.148889,36.912226],[140.148924,36.912159],[140.149016,36.912057],[140.149051,36.912023]]}},{"type":"Feature","properties":{"id":198224347,"highway":"residential"},"geometry":{"type":"LineString","coordinates":[[140.145609,36.912695],[140.145567,36.9127],[140.145504,36.912705],[140.145224,36.912778],[140.145069,36.91279],[140.14495,36.912778],[140.144131,36.91274],[140.144046,36.912727],[140.143906,36.912727]]}},{"type":"Feature","properties":{"id":198224348,"highway":"unclassified"},"geometry":{"type":"LineString","coordinates":[[140.175925,36.927398],[140.175847,36.927393],[140.175783,36.927382],[140.175735,36.927365],[140.175271,36.927095],[140.174977,36.926926],[140.174569,36.926673],[140.174212,36.926498],[140.173747,36.926298]]}},{"type":"Feature","properties":{"id":198224350,"highway":"residential"},"geometry":{"type":"LineString","coordinates":[[140.134426,36.9172],[140.134369,36.917335],[140.134283,36.91755],[140.134187,36.917752],[140.133967,36.918266],[140.133919,36.918386],[140.133904,36.918479],[140.133906,36.918577],[140.133887,36.918703]]}},{"type":"Feature","properties":{"id":198224351,"highway":"residential"},"geometry":{"type":"LineString","coordinates":[[140.127218,36.903881],[140.127462,36.903922],[140.128058,36.903939],[140.128128,36.903601],[140.128226,36.902942],[140.128268,36.902514],[140.128612,36.902474],[140.128703,36.902469],[140.128752,36.902463]]}},{"type":"Feature","properties":{"id":198224352,"highway":"unclassified"},"geometry":{"type":"LineString","coordinates":[[140.15855,36.923977],[140.15825,36.923766],[140.15815,36.923686],[140.158046,36.923591],[140.157894,36.923411],[140.157744,36.923208],[140.157667,36.923053],[140.157591,36.922898],[140.157425,36.922559]]}},{"type":"Feature","properties":{"id":198224353,"highway":"residential"},"geometry":{"type":"LineString","coordinates":[[140.104679,36.919764],[140.104669,36.919607],[140.104627,36.919252],[140.10448,36.918643],[140.104459,36.918401],[140.104459,36.918198],[140.104501,36.917904],[140.104557,36.917617],[140.104642,36.917389]]}},{"type":"Feature","properties":{"id":198224355,"highway":"residential"},"geometry":{"type":"LineString","coordinates":[[140.160186,36.929206],[140.16086,36.928871],[140.1609,36.928911],[140.161147,36.929174],[140.161688,36.929861],[140.161989,36.930238],[140.162186,36.930486],[140.162731,36.931218],[140.162766,36.931281]]}},{"type":"Feature","properties":{"id":198224356,"highway":"service"},"geometry":{"type":"LineString","coordinates":[[140.137639,36.921853],[140.137576,36.921899],[140.137493,36.921909],[140.137381,36.921924],[140.13713,36.921979],[140.137009,36.922004],[140.136912,36.922104],[140.136849,36.922159],[140.13682,36.922279]]}},{"type":"Feature","properties":{"id":198224357,"highway":"unclassified"},"geometry":{"type":"LineString","coordinates":[[140.144354,36.918323],[140.144411,36.918363],[140.14453,36.91847],[140.144572,36.918571],[140.144558,36.918815],[140.144552,36.918871],[140.144574,36.918954],[140.144724,36.919143],[140.144844,36.919389]]}},{"type":"Feature","properties":{"id":198224358,"highway":"unclassified"},"geometry":{"type":"LineString","coordinates":[[140.167315,36.925636],[140.167196,36.925642],[140.16674,36.925641],[140.166599,36.925618],[140.165996,36.925489],[140.16576,36.925475],[140.165585,36.925481],[140.165386,36.925494],[140.165217,36.9255]]}},{"type":"Feature","properties":{"id":198224361,"highway":"unclassified"},"geometry":{"type":"LineString","coordinates":[[140.144365,36.932666],[140.144321,36.932364],[140.144262,36.931885],[140.144292,36.93174],[140.14433,36.931646],[140.144405,36.931538],[140.144487,36.931446],[140.144672,36.931264],[140.144731,36.931213]]}},{"type":"Feature","properties":{"id":198296366,"highway":"unclassified"},"geometry":{"type":"LineString","coordinates":[[140.110751,36.905238],[140.109932,36.906722],[140.109162,36.908114],[140.108952,36.90848],[140.108629,36.909077],[140.108482,36.909336],[140.10823,36.909798],[140.107711,36.910728],[140.107506,36.911092],[140.107393,36.911268]]}},{"type":"Feature","properties":{"id":198296406,"highway":"residential"},"geometry":{"type":"LineString","coordinates":[[140.104945,36.901663],[140.105089,36.901071],[140.105159,36.90084],[140.105348,36.900232],[140.105397,36.900091],[140.10553,36.899798],[140.105672,36.899531],[140.105874,36.899293],[140.106168,36.89893],[140.10632,36.898765]]}},{"type":"Feature","properties":{"id":198296449,"highway":"residential"},"geometry":{"type":"LineString","coordinates":[[140.11015,36.9101],[140.110287,36.909908],[140.110601,36.909517],[140.110768,36.909291],[140.111025,36.908884],[140.111221,36.908591],[140.111328,36.908442],[140.111395,36.908327],[140.111807,36.907658],[140.111974,36.907409],[140.112095,36.907258],[140.112239,36.907109],[140.112425,36.906929]]}},{"type":"Feature","properties":{"id":198296458,"highway":"service"},"geometry":{"type":"LineString","coordinates":[[140.116009,36.919916],[140.115934,36.92007],[140.115894,36.920197],[140.115886,36.920328],[140.115906,36.920443],[140.115978,36.920555],[140.11605,36.920614],[140.116136,36.920668],[140.11628,36.920712],[140.116424,36.920716],[140.11656,36.920684],[140.116712,36.920601],[140.116818,36.920493],[140.116906,36.920336],[140.117015,36.920172],[140.117129,36.920052],[140.118795,36.918882],[140.11974,36.918206]]}},{"type":"Feature","properties":{"id":198296475,"highway":"service"},"geometry":{"type":"LineString","coordinates":[[140.120277,36.915206],[140.119974,36.915403],[140.119661,36.915669],[140.119212,36.916096],[140.118911,36.916316],[140.11847,36.916586],[140.118252,36.916744],[140.11786,36.917381],[140.117558,36.917759],[140.117475,36.917844],[140.117313,36.917962],[140.117011,36.918131],[140.116454,36.9184],[140.116324,36.918492],[140.115609,36.919024],[140.11519,36.919376]]}},{"type":"Feature","properties":{"id":198296551,"highway":"residential"},"geometry":{"type":"LineString","coordinates":[[140.106357,36.913438],[140.106484,36.913415],[140.106681,36.913387],[140.106996,36.913336],[140.107234,36.913314],[140.107424,36.913286],[140.107571,36.913269],[140.107739,36.913229],[140.108349,36.913032],[140.109653,36.912688],[140.109807,36.912655],[140.110094,36.912609],[140.110291,36.912564],[140.110311,36.912551],[140.110343,36.912496],[140.110411,36.912387],[140.11048,36.912255],[140.110505,36.912204]]}},{"type":"Feature","properties":{"id":198296564,"highway":"residential"},"geometry":{"type":"LineString","coordinates":[[140.102387,36.907854],[140.101562,36.907582]]}},{"type":"Feature","properties":{"id":198296566,"highway":"residential"},"geometry":{"type":"LineString","coordinates":[[140.109558,36.916726],[140.109138,36.917182],[140.108991,36.917304],[140.108743,36.917477],[140.108614,36.917594],[140.108534,36.917692],[140.108461,36.917787],[140.108447,36.917837],[140.108454,36.917927],[140.10858,36.918282],[140.108755,36.918717],[140.108786,36.918777],[140.108938,36.918801],[140.109204,36.918824],[140.109379,36.918858],[140.109674,36.918936],[140.109975,36.918959],[140.110753,36.918987],[140.111499,36.918946]]}},{"type":"Feature","properties":{"id":198296576,"highway":"residential"},"geometry":{"type":"LineString","coordinates":[[140.101522,36.903334],[140.101244,36.903841]]}},{"type":"Feature","properties":{"id":198296585,"highway":"residential"},"geometry":{"type":"LineString","coordinates":[[140.121481,36.908988],[140.120907,36.908449]]}},{"type":"Feature","properties":{"id":198296600,"highway":"residential"},"geometry":{"type":"LineString","coordinates":[[140.121481,36.908988],[140.1217,36.909194]]}},{"type":"Feature","properties":{"id":198296607,"highway":"service"},"geometry":{"type":"LineString","coordinates":[[140.116009,36.919916],[140.116098,36.919848]]}},{"type":"Feature","properties":{"id":198296608,"highway":"unclassified"},"geometry":{"type":"LineString","coordinates":[[140.107196,36.90361],[140.108501,36.904069]]}},{"type":"Feature","properties":{"id":198296619,"highway":"residential"},"geometry":{"type":"LineString","coordinates":[[140.101015,36.899741],[140.100716,36.900147]]}},{"type":"Feature","properties":{"id":198296627,"highway":"residential"},"geometry":{"type":"LineString","coordinates":[[140.10437,36.904377],[140.104569,36.90409]]}},{"type":"Feature","properties":{"id":198296637,"highway":"residential"},"geometry":{"type":"LineString","coordinates":[[140.100239,36.901328],[140.099861,36.901952],[140.098715,36.903946]]}},{"type":"Feature","properties":{"id":198296638,"highway":"residential"},"geometry":{"type":"LineString","coordinates":[[140.103533,36.905857],[140.103593,36.905741]]}},{"type":"Feature","properties":{"id":198296644,"highway":"residential"},"geometry":{"type":"LineString","coordinates":[[140.12,36.903235],[140.119617,36.903222]]}},{"type":"Feature","properties":{"id":198296647,"highway":"residential"},"geometry":{"type":"LineString","coordinates":[[140.101015,36.899741],[140.101347,36.899886],[140.101543,36.899981],[140.101652,36.90006],[140.101723,36.900125],[140.101864,36.900346],[140.101993,36.90049],[140.102258,36.900609],[140.10312,36.900776]]}},{"type":"Feature","properties":{"id":198296656,"highway":"tertiary"},"geometry":{"type":"LineString","coordinates":[[140.116009,36.919916],[140.11519,36.919376],[140.114678,36.91912],[140.113827,36.918651],[140.11269,36.91811]]}},{"type":"Feature","properties":{"id":198296658,"highway":"residential"},"geometry":{"type":"LineString","coordinates":[[140.1033,36.900872],[140.10312,36.900776]]}},{"type":"Feature","properties":{"id":198296662,"highway":"residential"},"geometry":{"type":"LineString","coordinates":[[140.116613,36.900006],[140.116536,36.899911]]}},{"type":"Feature","properties":{"id":198296666,"highway":"unclassified"},"geometry":{"type":"LineString","coordinates":[[140.114935,36.913683],[140.117861,36.911117]]}},{"type":"Feature","properties":{"id":198296669,"highway":"unclassified"},"geometry":{"type":"LineString","coordinates":[[140.12133,36.907967],[140.121688,36.90757]]}},{"type":"Feature","properties":{"id":198296671,"highway":"residential"},"geometry":{"type":"LineString","coordinates":[[140.122004,36.905988],[140.119649,36.906624]]}},{"type":"Feature","properties":{"id":198296673,"highway":"residential"},"geometry":{"type":"LineString","coordinates":[[140.111632,36.906201],[140.111859,36.906097],[140.112204,36.905918],[140.112625,36.90569],[140.112893,36.905555],[140.113544,36.905207],[140.113909,36.90501],[140.11407,36.904917],[140.114349,36.904717],[140.114608,36.90453],[140.11483,36.90437],[140.114878,36.90433],[140.114959,36.904293],[140.115029,36.904282],[140.115926,36.904],[140.11601,36.903972],[140.116732,36.903758],[140.117223,36.903607],[140.118316,36.903269],[140.119617,36.903222]]}},{"type":"Feature","properties":{"id":198296696,"highway":"unclassified"},"geometry":{"type":"LineString","coordinates":[[140.122421,36.908136],[140.122503,36.908132],[140.122544,36.907973],[140.122588,36.907863],[140.122648,36.907764],[140.122709,36.907679],[140.122775,36.90757],[140.122801,36.907471],[140.122799,36.907396],[140.122761,36.907314],[140.122691,36.907197],[140.122616,36.907084],[140.122532,36.906952],[140.122429,36.906804],[140.122333,36.906662],[140.122274,36.906621],[140.122204,36.906588]]}},{"type":"Feature","properties":{"id":198296727,"highway":"residential"},"geometry":{"type":"LineString","coordinates":[[140.101522,36.903334],[140.102161,36.902222],[140.102215,36.902121]]}},{"type":"Feature","properties":{"id":198296738,"highway":"residential"},"geometry":{"type":"LineString","coordinates":[[140.119649,36.906624],[140.120266,36.907167],[140.12133,36.907967]]}},{"type":"Feature","properties":{"id":198296762,"highway":"residential"},"geometry":{"type":"LineString","coordinates":[[140.101534,36.909432],[140.102387,36.907854]]}},{"type":"Feature","properties":{"id":198296780,"highway":"unclassified"},"geometry":{"type":"LineString","coordinates":[[140.1083,36.90441],[140.107031,36.903888],[140.107196,36.90361]]}},{"type":"Feature","properties":{"id":198296813,"highway":"unclassified"},"geometry":{"type":"LineString","coordinates":[[140.121688,36.90757],[140.121999,36.907089],[140.122123,36.906887],[140.122164,36.906851],[140.122263,36.906803]]}},{"type":"Feature","properties":{"id":198296822,"highway":"residential"},"geometry":{"type":"LineString","coordinates":[[140.110751,36.905238],[140.110809,36.90511],[140.11122,36.904278]]}},{"type":"Feature","properties":{"id":198296856,"highway":"residential"},"geometry":{"type":"LineString","coordinates":[[140.102387,36.907854],[140.102666,36.907402],[140.103267,36.90636],[140.103533,36.905857]]}},{"type":"Feature","properties":{"id":198296859,"highway":"service"},"geometry":{"type":"LineString","coordinates":[[140.116098,36.919848],[140.117534,36.918827]]}},{"type":"Feature","properties":{"id":198296865,"highway":"residential"},"geometry":{"type":"LineString","coordinates":[[140.104569,36.90409],[140.104947,36.903437],[140.105267,36.90286],[140.105487,36.902469],[140.105715,36.902069],[140.104945,36.901663],[140.1033,36.900872]]}},{"type":"Feature","properties":{"id":198296867,"highway":"residential"},"geometry":{"type":"LineString","coordinates":[[140.100716,36.900147],[140.100702,36.900344],[140.10066,36.900525],[140.100639,36.900614]]}},{"type":"Feature","properties":{"id":198296878,"highway":"residential"},"geometry":{"type":"LineString","coordinates":[[140.101272,36.904053],[140.101268,36.903984],[140.101244,36.903841]]}},{"type":"Feature","properties":{"id":198296883,"highway":"tertiary"},"geometry":{"type":"LineString","coordinates":[[140.106357,36.913438],[140.107052,36.911933],[140.107393,36.911268]]}},{"type":"Feature","properties":{"id":198296885,"highway":"unclassified"},"geometry":{"type":"LineString","coordinates":[[140.107196,36.90361],[140.107459,36.903034],[140.107473,36.902989],[140.107704,36.903084]]}},{"type":"Feature","properties":{"id":198296887,"highway":"residential"},"geometry":{"type":"LineString","coordinates":[[140.120993,36.913227],[140.121917,36.913679]]}},{"type":"Feature","properties":{"id":198296890,"highway":"residential"},"geometry":{"type":"LineString","coordinates":[[140.103593,36.905741],[140.103737,36.905527],[140.10423,36.904672],[140.10437,36.904377]]}},{"type":"Feature","properties":{"id":198296903,"highway":"unclassified"},"geometry":{"type":"LineString","coordinates":[[140.120907,36.908449],[140.121083,36.908271],[140.121218,36.908113],[140.12133,36.907967]]}},{"type":"Feature","properties":{"id":198296912,"highway":"residential"},"geometry":{"type":"LineString","coordinates":[[140.103593,36.905741],[140.100858,36.904722],[140.098715,36.903946],[140.097444,36.903521],[140.097394,36.903503]]}},{"type":"Feature","properties":{"id":198296915,"highway":"unclassified"},"geometry":{"type":"LineString","coordinates":[[140.108174,36.903259],[140.107782,36.903118],[140.107704,36.903084],[140.108005,36.902487],[140.10851,36.902679],[140.108174,36.903259]]}},{"type":"Feature","properties":{"id":198296917,"highway":"unclassified"},"geometry":{"type":"LineString","coordinates":[[140.117861,36.911117],[140.120907,36.908449]]}},{"type":"Feature","properties":{"id":198296922,"highway":"residential"},"geometry":{"type":"LineString","coordinates":[[140.123072,36.914034],[140.122945,36.914057],[140.12271,36.914046],[140.122513,36.913996],[140.121917,36.913679]]}},{"type":"Feature","properties":{"id":198296923,"highway":"residential"},"geometry":{"type":"LineString","coordinates":[[140.116613,36.900006],[140.116452,36.900159],[140.115809,36.900745],[140.115251,36.901255],[140.114785,36.901665]]}},{"type":"Feature","properties":{"id":198296927,"highway":"residential"},"geometry":{"type":"LineString","coordinates":[[140.10437,36.904377],[140.101522,36.903334]]}},{"type":"Feature","properties":{"id":198296931,"highway":"residential"},"geometry":{"type":"LineString","coordinates":[[140.118856,36.901431],[140.118194,36.901832],[140.118028,36.901694],[140.117858,36.901526],[140.117626,36.901263],[140.117168,36.900692],[140.116878,36.900365],[140.116613,36.900006]]}},{"type":"Feature","properties":{"id":198296936,"highway":"residential"},"geometry":{"type":"LineString","coordinates":[[140.122244,36.909537],[140.122091,36.9095],[140.122,36.909464],[140.121926,36.90942],[140.121861,36.909352],[140.1217,36.909194]]}},{"type":"Feature","properties":{"id":198296944,"highway":"residential"},"geometry":{"type":"LineString","coordinates":[[140.116613,36.900006],[140.117114,36.899573],[140.117471,36.899241],[140.117922,36.898838],[140.118165,36.898606],[140.118341,36.898477],[140.118393,36.898465]]}},{"type":"Feature","properties":{"id":198296948,"highway":"residential"},"geometry":{"type":"LineString","coordinates":[[140.112684,36.912813],[140.116086,36.909818],[140.119649,36.906624]]}},{"type":"Feature","properties":{"id":198296951,"highway":"residential"},"geometry":{"type":"LineString","coordinates":[[140.11122,36.904278],[140.111652,36.903364],[140.111756,36.903143],[140.111896,36.90284],[140.112001,36.902632],[140.112032,36.902562],[140.112127,36.90235],[140.112363,36.901868],[140.1125,36.901588],[140.112827,36.900919]]}},{"type":"Feature","properties":{"id":198296956,"highway":"residential"},"geometry":{"type":"LineString","coordinates":[[140.100239,36.901328],[140.10036,36.901129],[140.100473,36.900952],[140.100556,36.900809],[140.100604,36.900709],[140.100639,36.900614]]}},{"type":"Feature","properties":{"id":198296960,"highway":"residential"},"geometry":{"type":"LineString","coordinates":[[140.100858,36.904722],[140.101272,36.904053]]}},{"type":"Feature","properties":{"id":198296989,"highway":"residential"},"geometry":{"type":"LineString","coordinates":[[140.109234,36.911819],[140.109396,36.911504],[140.109519,36.911258],[140.109645,36.911017],[140.109905,36.910519],[140.110049,36.910247],[140.11015,36.9101]]}},{"type":"Feature","properties":{"id":198297025,"highway":"residential"},"geometry":{"type":"LineString","coordinates":[[140.10312,36.900776],[140.103373,36.900253],[140.103569,36.899804],[140.103869,36.899304],[140.103869,36.899265],[140.103826,36.899239],[140.103692,36.899244]]}},{"type":"Feature","properties":{"id":198297029,"highway":"residential"},"geometry":{"type":"LineString","coordinates":[[140.1033,36.900872],[140.103167,36.901325],[140.103135,36.901376],[140.103055,36.901399],[140.102901,36.901388],[140.102844,36.901432],[140.102495,36.90213],[140.102413,36.902164],[140.102215,36.902121]]}},{"type":"Feature","properties":{"id":198297035,"highway":"residential"},"geometry":{"type":"LineString","coordinates":[[140.106087,36.904655],[140.105944,36.904597],[140.105876,36.904577],[140.105748,36.90453],[140.105348,36.904372],[140.105047,36.90427],[140.104954,36.904237],[140.104837,36.904192],[140.104569,36.90409]]}},{"type":"Feature","properties":{"id":198297048,"highway":"residential"},"geometry":{"type":"LineString","coordinates":[[140.112827,36.900919],[140.113396,36.899719],[140.113557,36.899398],[140.113724,36.899032],[140.113752,36.898975],[140.113866,36.898761],[140.113901,36.898671],[140.114327,36.897781],[140.114577,36.897268]]}},{"type":"Feature","properties":{"id":198539281,"highway":"trunk"},"geometry":{"type":"LineString","coordinates":[[140.159465,36.984417],[140.159431,36.9846]]}},{"type":"Feature","properties":{"id":198539315,"highway":"primary"},"geometry":{"type":"LineString","coordinates":[[140.146733,36.982529],[140.146819,36.982641],[140.147004,36.982909],[140.147169,36.983118],[140.147257,36.983187],[140.147351,36.983233],[140.14749,36.983279],[140.147757,36.983315],[140.148319,36.983389],[140.148537,36.98344],[140.148732,36.983519],[140.149017,36.98367],[140.149385,36.98383],[140.149674,36.983914],[140.150071,36.984034],[140.150563,36.984205],[140.151017,36.98435],[140.151436,36.984499],[140.151722,36.984611],[140.151958,36.984732],[140.152117,36.984852],[140.152227,36.984959],[140.152318,36.985067],[140.152406,36.985174],[140.152477,36.985301],[140.152552,36.985464],[140.15261,36.985638],[140.152709,36.985892],[140.152776,36.986034],[140.152858,36.986165],[140.15294,36.986272],[140.153029,36.98637],[140.153131,36.986453],[140.153309,36.986576],[140.153476,36.986663],[140.153626,36.986722],[140.153836,36.986781],[140.154257,36.986876],[140.155747,36.987184]]}},{"type":"Feature","properties":{"id":198539318,"highway":"primary"},"geometry":{"type":"LineString","coordinates":[[140.155747,36.987184],[140.156066,36.987246]]}},{"type":"Feature","properties":{"id":198539320,"highway":"primary"},"geometry":{"type":"LineString","coordinates":[[140.156066,36.987246],[140.156308,36.987292],[140.156576,36.987331],[140.156834,36.987356],[140.15698,36.987363],[140.157181,36.98735],[140.157379,36.987327],[140.15758,36.987287],[140.158326,36.987085],[140.159257,36.986821]]}},{"type":"Feature","properties":{"id":198539321,"highway":"primary"},"geometry":{"type":"LineString","coordinates":[[140.143872,36.9821],[140.143703,36.982126],[140.143328,36.982172]]}},{"type":"Feature","properties":{"id":198539378,"highway":"service"},"geometry":{"type":"LineString","coordinates":[[140.148191,36.985125],[140.148107,36.984996],[140.148044,36.984953],[140.14801,36.984934],[140.147298,36.984917],[140.147248,36.984933],[140.147224,36.984971],[140.147222,36.985014],[140.147306,36.98539],[140.147524,36.985985]]}},{"type":"Feature","properties":{"id":198539379,"highway":"unclassified"},"geometry":{"type":"LineString","coordinates":[[140.151728,36.966579],[140.151744,36.966538],[140.151757,36.966352],[140.151764,36.966285],[140.151803,36.966226],[140.15185,36.96618],[140.152017,36.966092],[140.152081,36.966035],[140.152117,36.965979],[140.152138,36.965858],[140.152179,36.965525]]}},{"type":"Feature","properties":{"id":198539388,"highway":"service"},"geometry":{"type":"LineString","coordinates":[[140.097332,36.991786],[140.097419,36.991778],[140.098005,36.991891],[140.098432,36.99204],[140.098697,36.992106],[140.099107,36.992269],[140.099164,36.992284],[140.099209,36.992281],[140.099353,36.99227],[140.099463,36.992264],[140.0996,36.992265],[140.100087,36.992331]]}},{"type":"Feature","properties":{"id":198539391,"highway":"service"},"geometry":{"type":"LineString","coordinates":[[140.102237,36.977032],[140.102464,36.977146],[140.102589,36.977216],[140.102645,36.97727],[140.102669,36.977316],[140.102692,36.977581],[140.102754,36.977984],[140.102783,36.978192],[140.102824,36.97835]]}},{"type":"Feature","properties":{"id":198539408,"highway":"unclassified"},"geometry":{"type":"LineString","coordinates":[[140.127328,36.933813],[140.126378,36.933983],[140.126004,36.934086],[140.125758,36.934189],[140.125564,36.93431],[140.12513,36.934676],[140.124965,36.934812],[140.124587,36.935126],[140.124507,36.935225],[140.12445,36.935342],[140.124421,36.935466],[140.12441,36.935662],[140.124386,36.936058],[140.124317,36.936589],[140.12424,36.936862],[140.124175,36.937004],[140.124152,36.937124],[140.124158,36.937235],[140.124269,36.93755],[140.124301,36.937653],[140.124335,36.938169],[140.124377,36.938924],[140.124409,36.939472]]}},{"type":"Feature","properties":{"id":198539417,"highway":"unclassified"},"geometry":{"type":"LineString","coordinates":[[140.146176,36.989038],[140.146378,36.989149],[140.146495,36.989232],[140.146956,36.989604],[140.147048,36.989644],[140.147168,36.989677],[140.147206,36.989681],[140.1473,36.989689],[140.147643,36.989716],[140.147742,36.989747],[140.147899,36.989841],[140.14807,36.989944],[140.14825,36.990107]]}},{"type":"Feature","properties":{"id":198539428,"highway":"tertiary"},"geometry":{"type":"LineString","coordinates":[[140.106047,36.997889],[140.106078,36.997936],[140.106106,36.997988],[140.106176,36.998084],[140.106241,36.99815],[140.106364,36.998257],[140.10687,36.998595],[140.107034,36.998709],[140.107542,36.999065],[140.107655,36.999103],[140.1079,36.999128],[140.10807,36.999156],[140.108201,36.999197]]}},{"type":"Feature","properties":{"id":198539432,"highway":"unclassified"},"geometry":{"type":"LineString","coordinates":[[140.191865,36.996365],[140.191925,36.996235],[140.191981,36.996159],[140.192026,36.996109],[140.192108,36.99605],[140.192463,36.995881],[140.192757,36.995736],[140.192905,36.995657],[140.192948,36.995617],[140.192978,36.995572],[140.19299,36.99552],[140.192991,36.995462],[140.192975,36.995398],[140.192897,36.995015],[140.192891,36.99467],[140.192898,36.994495],[140.192987,36.994058],[140.192983,36.993875],[140.192941,36.993727],[140.192802,36.993396],[140.192654,36.992995],[140.192563,36.992639],[140.192351,36.992127],[140.192251,36.991925],[140.192154,36.991703],[140.192141,36.991611],[140.192164,36.991486],[140.192276,36.991249],[140.192458,36.99081],[140.192515,36.990658],[140.19255,36.9905],[140.192554,36.990466],[140.192553,36.990361],[140.192546,36.990315],[140.192521,36.990216],[140.192482,36.990107],[140.192409,36.989931],[140.192345,36.989751],[140.19233,36.98956],[140.192349,36.989456],[140.192376,36.989392],[140.192433,36.98931],[140.192527,36.989236],[140.192618,36.989195],[140.193041,36.989034],[140.193544,36.988855],[140.193647,36.988797],[140.193692,36.988749],[140.193716,36.988679],[140.193726,36.988608],[140.193721,36.988521],[140.193717,36.98847],[140.193699,36.988206],[140.193707,36.988065],[140.193729,36.98795],[140.193807,36.987708],[140.19389,36.987505],[140.193912,36.987427],[140.193918,36.987349],[140.193923,36.987177],[140.193913,36.98663],[140.193924,36.986565]]}},{"type":"Feature","properties":{"id":198539452,"highway":"service"},"geometry":{"type":"LineString","coordinates":[[140.11268,36.978682],[140.111903,36.978548],[140.111746,36.978529],[140.111563,36.978541],[140.111354,36.978573],[140.111132,36.978607],[140.110933,36.978654],[140.110767,36.978702]]}},{"type":"Feature","properties":{"id":198539460,"highway":"service"},"geometry":{"type":"LineString","coordinates":[[140.136395,36.960489],[140.137098,36.960492],[140.137359,36.960501],[140.137677,36.960558],[140.138083,36.960617],[140.138497,36.960656],[140.138518,36.960693],[140.138301,36.961066],[140.13761,36.960939]]}},{"type":"Feature","properties":{"id":198539465,"highway":"service"},"geometry":{"type":"LineString","coordinates":[[140.11546,36.978231],[140.114932,36.978146],[140.114614,36.978106],[140.114247,36.978052],[140.113943,36.978007],[140.113781,36.977976],[140.113487,36.977907],[140.113402,36.977897],[140.113091,36.977886],[140.112868,36.977862]]}},{"type":"Feature","properties":{"id":198539492,"highway":"service"},"geometry":{"type":"LineString","coordinates":[[140.149864,36.992013],[140.149576,36.992084],[140.149337,36.992185],[140.149352,36.992215],[140.149405,36.992363],[140.149409,36.992402],[140.149391,36.992463],[140.149281,36.992716],[140.149139,36.992963],[140.149113,36.993028],[140.149124,36.99309],[140.149397,36.993555]]}},{"type":"Feature","properties":{"id":198539516,"highway":"unclassified"},"geometry":{"type":"LineString","coordinates":[[140.157781,36.976644],[140.158266,36.978412],[140.158382,36.978857],[140.158411,36.978931],[140.158626,36.979236],[140.158713,36.979453]]}},{"type":"Feature","properties":{"id":198539541,"highway":"unclassified"},"geometry":{"type":"LineString","coordinates":[[140.140693,36.94439],[140.14068,36.944752],[140.140682,36.944908],[140.140686,36.944988],[140.140702,36.94507],[140.140731,36.945148],[140.140795,36.945256],[140.140959,36.945512],[140.141188,36.9459],[140.141297,36.946088],[140.141412,36.946218],[140.141527,36.946336],[140.141642,36.946431],[140.141949,36.946655],[140.142052,36.946722],[140.142128,36.946783],[140.142208,36.946864],[140.142275,36.946947],[140.142379,36.947122],[140.14248,36.947281],[140.142684,36.947613],[140.142714,36.947674],[140.142731,36.947741],[140.142763,36.947897],[140.142782,36.947958],[140.142827,36.948036],[140.142934,36.948199],[140.143496,36.948968],[140.14355,36.949044],[140.143583,36.949127],[140.143678,36.949561],[140.143718,36.949724],[140.143736,36.949825],[140.14375,36.949927]]}},{"type":"Feature","properties":{"id":198539545,"highway":"unclassified"},"geometry":{"type":"LineString","coordinates":[[140.154113,36.993895],[140.153658,36.993906],[140.15351,36.993923],[140.153393,36.993979],[140.153146,36.994155],[140.15284,36.994393],[140.152756,36.994501],[140.152632,36.994661],[140.152424,36.994823],[140.15235,36.994906],[140.152236,36.995055]]}},{"type":"Feature","properties":{"id":198539549,"highway":"unclassified"},"geometry":{"type":"LineString","coordinates":[[140.125833,36.91844],[140.125843,36.918115],[140.125857,36.918],[140.125993,36.917441],[140.126013,36.917274],[140.126013,36.917264],[140.126015,36.91723],[140.126007,36.917186],[140.125993,36.917134],[140.125971,36.917083],[140.125927,36.917028],[140.125864,36.916991],[140.125775,36.916965],[140.125564,36.916912],[140.125412,36.916895],[140.125217,36.916912],[140.124804,36.916975],[140.124547,36.917025]]}},{"type":"Feature","properties":{"id":198539553,"highway":"service"},"geometry":{"type":"LineString","coordinates":[[140.149397,36.993555],[140.149515,36.993422],[140.149591,36.993311],[140.14966,36.993208],[140.14974,36.992987],[140.149781,36.992839],[140.149822,36.992651],[140.149925,36.992211],[140.149922,36.992155],[140.149864,36.992013]]}},{"type":"Feature","properties":{"id":198539557,"highway":"service"},"geometry":{"type":"LineString","coordinates":[[140.126837,36.943767],[140.126922,36.943647],[140.127011,36.943564],[140.127216,36.943412],[140.127315,36.943331],[140.127375,36.943236],[140.12742,36.943196],[140.127474,36.943172],[140.127771,36.94308],[140.127898,36.943014],[140.128191,36.942816],[140.128266,36.94273],[140.128368,36.94255],[140.128467,36.942392],[140.12853,36.942303],[140.128587,36.942257],[140.128698,36.942219],[140.128961,36.942167],[140.129141,36.942112],[140.129201,36.942084],[140.129219,36.94207],[140.129242,36.942051],[140.129342,36.941932],[140.129452,36.941793],[140.129481,36.941769],[140.129635,36.94167],[140.129674,36.941631],[140.129699,36.941592]]}},{"type":"Feature","properties":{"id":198539564,"highway":"service"},"geometry":{"type":"LineString","coordinates":[[140.139014,36.939902],[140.138466,36.94021],[140.138353,36.940292],[140.138192,36.940455],[140.138076,36.940586],[140.138032,36.94067],[140.138021,36.940729],[140.138038,36.940846],[140.138118,36.940985],[140.137709,36.94112],[140.137343,36.941229]]}},{"type":"Feature","properties":{"id":198539581,"highway":"service"},"geometry":{"type":"LineString","coordinates":[[140.110874,36.977595],[140.111007,36.977535],[140.111232,36.977424],[140.111474,36.977303],[140.111514,36.977271],[140.11154,36.977226],[140.111598,36.977103],[140.111652,36.977065],[140.111752,36.977035],[140.111889,36.977023],[140.112046,36.977029],[140.112654,36.977099],[140.113033,36.977154]]}},{"type":"Feature","properties":{"id":198539589,"highway":"unclassified"},"geometry":{"type":"LineString","coordinates":[[140.12174,36.928638],[140.121619,36.928803],[140.121548,36.928869],[140.121426,36.928943],[140.121201,36.929041],[140.12092,36.92915],[140.120854,36.92919],[140.120817,36.929251],[140.120822,36.929302],[140.120971,36.929745],[140.120989,36.929826],[140.120973,36.929876],[140.120912,36.929912],[140.119309,36.930614]]}},{"type":"Feature","properties":{"id":198539596,"highway":"unclassified"},"geometry":{"type":"LineString","coordinates":[[140.16324,36.994434],[140.163433,36.994527],[140.163504,36.994549],[140.164152,36.994714],[140.164201,36.994725],[140.164248,36.994724],[140.164283,36.994718],[140.165745,36.994278]]}},{"type":"Feature","properties":{"id":198539598,"highway":"residential"},"geometry":{"type":"LineString","coordinates":[[140.16075,36.956193],[140.160693,36.956216],[140.160505,36.956282],[140.160459,36.956312],[140.160244,36.956493],[140.160169,36.956538],[140.159996,36.956624],[140.159817,36.956704],[140.159637,36.956771],[140.159507,36.956811],[140.159336,36.956853]]}},{"type":"Feature","properties":{"id":198539617,"highway":"unclassified"},"geometry":{"type":"LineString","coordinates":[[140.184498,36.963303],[140.184681,36.963325],[140.184784,36.96335],[140.184851,36.963392],[140.184892,36.963443],[140.184927,36.963511],[140.184938,36.963598],[140.184942,36.963818],[140.184926,36.963927],[140.184883,36.964014],[140.184765,36.964189],[140.184598,36.96444]]}},{"type":"Feature","properties":{"id":198539618,"highway":"service"},"geometry":{"type":"LineString","coordinates":[[140.16694,36.991602],[140.166818,36.991633],[140.166624,36.991686],[140.166562,36.991717],[140.166539,36.991744],[140.166531,36.99178],[140.166617,36.992022],[140.166614,36.992053],[140.166599,36.992075],[140.166572,36.992094],[140.166442,36.992171]]}},{"type":"Feature","properties":{"id":198539624,"highway":"unclassified"},"geometry":{"type":"LineString","coordinates":[[140.112188,36.985132],[140.112134,36.985363],[140.112073,36.985579],[140.112048,36.985638],[140.112016,36.985716],[140.111749,36.986185],[140.111715,36.986258],[140.11172,36.986317],[140.11183,36.986526],[140.111996,36.986839],[140.112016,36.98692],[140.112003,36.987005]]}},{"type":"Feature","properties":{"id":198539629,"highway":"service"},"geometry":{"type":"LineString","coordinates":[[140.112836,36.986873],[140.112869,36.98679],[140.112916,36.986599],[140.113009,36.986494],[140.113177,36.986354],[140.113459,36.986145],[140.113623,36.985997],[140.113722,36.985937],[140.113873,36.985886],[140.114067,36.985901],[140.114322,36.985895],[140.114364,36.98587],[140.114469,36.985745],[140.114654,36.985474],[140.114811,36.985216],[140.115136,36.984735],[140.115397,36.98432],[140.115541,36.984135]]}},{"type":"Feature","properties":{"id":198539633,"highway":"unclassified"},"geometry":{"type":"LineString","coordinates":[[140.118061,36.927078],[140.119138,36.926839],[140.11988,36.926669],[140.120603,36.926517],[140.12072,36.926483],[140.120822,36.926433],[140.121076,36.926298],[140.121153,36.926279],[140.121227,36.926278],[140.121279,36.92629],[140.121321,36.926313],[140.122308,36.926927],[140.122404,36.927034],[140.122494,36.927189],[140.122578,36.927275],[140.122666,36.92732],[140.122817,36.927374],[140.122994,36.927374],[140.123403,36.92729],[140.123775,36.927308],[140.124078,36.927356],[140.124362,36.927366],[140.124561,36.927352],[140.124804,36.927315],[140.125102,36.927262],[140.125946,36.927119],[140.126175,36.927081],[140.126268,36.927085],[140.126394,36.927137],[140.126502,36.927175],[140.126573,36.927183],[140.126629,36.92718],[140.126714,36.927161],[140.126879,36.927119],[140.127084,36.927052],[140.127285,36.926989],[140.127382,36.926967],[140.127458,36.926974],[140.127535,36.927018],[140.128114,36.927359],[140.129039,36.927759],[140.129594,36.927977],[140.129636,36.927978],[140.12968,36.927972],[140.129718,36.927954],[140.130662,36.927157],[140.130702,36.92712],[140.130737,36.927067],[140.130731,36.927026],[140.130641,36.926751],[140.130642,36.926723],[140.130645,36.926708],[140.130667,36.926689]]}},{"type":"Feature","properties":{"id":198539634,"highway":"unclassified"},"geometry":{"type":"LineString","coordinates":[[140.159604,36.989515],[140.159385,36.989194],[140.159286,36.989046],[140.159149,36.988735],[140.159123,36.9886],[140.158863,36.988051],[140.158326,36.987085]]}},{"type":"Feature","properties":{"id":198539635,"highway":"unclassified"},"geometry":{"type":"LineString","coordinates":[[140.156681,36.974775],[140.157034,36.974878],[140.157179,36.974917],[140.157277,36.974931],[140.157362,36.974923],[140.157581,36.974892],[140.158429,36.974891],[140.15853,36.974911],[140.158814,36.975015],[140.158894,36.975017],[140.158971,36.975008],[140.159318,36.974978],[140.159905,36.975033],[140.160208,36.97504]]}},{"type":"Feature","properties":{"id":198539638,"highway":"unclassified"},"geometry":{"type":"LineString","coordinates":[[140.113087,36.935247],[140.113343,36.934834],[140.113389,36.934473],[140.113401,36.934126],[140.113435,36.933923],[140.11352,36.933527],[140.113568,36.933342],[140.113693,36.933118],[140.114601,36.931752],[140.114779,36.931563],[140.115164,36.931302],[140.115714,36.930927],[140.116014,36.930736],[140.116661,36.930425],[140.117776,36.929846],[140.118091,36.929664],[140.118456,36.929412],[140.119167,36.928857]]}},{"type":"Feature","properties":{"id":198539640,"highway":"service"},"geometry":{"type":"LineString","coordinates":[[140.154123,36.968123],[140.15379,36.967696],[140.153581,36.967396],[140.153344,36.967116],[140.153162,36.967014],[140.152737,36.967003],[140.152375,36.966998],[140.152174,36.966924],[140.152019,36.966811],[140.151855,36.966694],[140.151728,36.966579]]}},{"type":"Feature","properties":{"id":198539646,"highway":"service"},"geometry":{"type":"LineString","coordinates":[[140.154817,36.93969],[140.154888,36.939624],[140.154999,36.939546],[140.155228,36.939418],[140.15541,36.939326],[140.155498,36.939267],[140.15557,36.939185],[140.155682,36.938925]]}},{"type":"Feature","properties":{"id":198539658,"highway":"service"},"geometry":{"type":"LineString","coordinates":[[140.135556,36.953795],[140.135652,36.953918],[140.135735,36.954059],[140.135802,36.954208],[140.135847,36.954438],[140.135848,36.95457],[140.135875,36.954831],[140.13589,36.954935],[140.135945,36.955012],[140.136044,36.955066],[140.136548,36.955174]]}},{"type":"Feature","properties":{"id":198539667,"highway":"unclassified"},"geometry":{"type":"LineString","coordinates":[[140.134175,36.952758],[140.134067,36.953131],[140.133865,36.95378],[140.133785,36.953964],[140.133676,36.954145],[140.133533,36.954366],[140.133118,36.954857],[140.132856,36.955128],[140.132699,36.955282],[140.132492,36.955463],[140.132336,36.955607],[140.132283,36.955674],[140.132235,36.955767],[140.132107,36.9561],[140.13205,36.956188],[140.131881,36.956403],[140.131633,36.956783],[140.131536,36.956981],[140.131451,36.957152],[140.13141,36.957254],[140.131372,36.957379],[140.131347,36.957498],[140.131337,36.957594],[140.131349,36.957684],[140.131675,36.958541]]}},{"type":"Feature","properties":{"id":198539669,"highway":"unclassified"},"geometry":{"type":"LineString","coordinates":[[140.17147,36.99985],[140.17134,36.999787],[140.171266,36.999756],[140.17099,36.99965],[140.170676,36.999541],[140.170342,36.999431],[140.170067,36.999339],[140.169937,36.999266],[140.169839,36.99921],[140.169698,36.999039],[140.169547,36.998822],[140.16942,36.998583],[140.168892,36.997711],[140.168749,36.997422]]}},{"type":"Feature","properties":{"id":198539689,"highway":"unclassified"},"geometry":{"type":"LineString","coordinates":[[140.152747,36.964525],[140.152708,36.964529],[140.152624,36.964541],[140.152559,36.964558],[140.152517,36.96458],[140.15249,36.964633],[140.152481,36.964675],[140.152344,36.965239],[140.152324,36.9653],[140.152306,36.965327],[140.152276,36.965364],[140.152237,36.965422],[140.152179,36.965525]]}},{"type":"Feature","properties":{"id":198539690,"highway":"service"},"geometry":{"type":"LineString","coordinates":[[140.162563,36.980836],[140.162395,36.980803],[140.161983,36.980673],[140.161462,36.9805],[140.16132,36.980459],[140.161226,36.980452],[140.161102,36.980488],[140.160951,36.980543],[140.16078,36.980641],[140.160478,36.980866],[140.160426,36.980902],[140.16041,36.980948],[140.160406,36.981004],[140.160275,36.980996]]}},{"type":"Feature","properties":{"id":198539692,"highway":"unclassified"},"geometry":{"type":"LineString","coordinates":[[140.165143,36.993335],[140.165159,36.993295],[140.16516,36.993249],[140.165136,36.993201],[140.165068,36.993133],[140.164929,36.992965],[140.164914,36.992939],[140.164907,36.992908],[140.16493,36.992827],[140.16493,36.992801],[140.164918,36.992757],[140.164762,36.99254],[140.164364,36.992054],[140.164291,36.992],[140.164218,36.99196],[140.16414,36.991917],[140.164097,36.991903],[140.164045,36.991907],[140.163217,36.992153],[140.163126,36.992184]]}},{"type":"Feature","properties":{"id":198539721,"highway":"residential"},"geometry":{"type":"LineString","coordinates":[[140.160403,36.986502],[140.160548,36.986457],[140.160622,36.986438],[140.160678,36.986445],[140.160729,36.986472],[140.160787,36.986519],[140.161064,36.986902],[140.161192,36.98711],[140.161331,36.987274],[140.161506,36.987462],[140.161548,36.987496],[140.161588,36.987509],[140.161636,36.987504],[140.161732,36.987482],[140.161789,36.987486],[140.161837,36.987508],[140.162075,36.987674],[140.162131,36.987656]]}},{"type":"Feature","properties":{"id":198539724,"highway":"service"},"geometry":{"type":"LineString","coordinates":[[140.170067,36.999339],[140.169928,36.999524],[140.169753,36.999717],[140.16967,36.99987],[140.169609,36.999952]]}},{"type":"Feature","properties":{"id":198539728,"highway":"unclassified"},"geometry":{"type":"LineString","coordinates":[[140.156452,36.974704],[140.15635,36.97466],[140.15627,36.9746],[140.156231,36.974558],[140.156199,36.974455],[140.156245,36.973872],[140.15629,36.973509],[140.156345,36.973399],[140.15658,36.973089],[140.156634,36.972957],[140.156715,36.9727],[140.156742,36.972612],[140.156759,36.972535],[140.156787,36.972152],[140.156788,36.972099],[140.156788,36.971928],[140.156799,36.971813],[140.156858,36.971611],[140.156875,36.971534],[140.156866,36.971404],[140.156827,36.971309],[140.156592,36.970922],[140.156522,36.970816],[140.156464,36.970754],[140.156401,36.970712],[140.156314,36.970692],[140.156097,36.970679],[140.156036,36.970677],[140.155981,36.970658],[140.155923,36.970618],[140.155828,36.970524],[140.155729,36.97041],[140.155648,36.970285],[140.155567,36.970122],[140.155505,36.969992],[140.155456,36.969864],[140.155405,36.969698],[140.1554,36.969681],[140.155364,36.969565],[140.155354,36.969507],[140.155349,36.969488]]}},{"type":"Feature","properties":{"id":198539731,"highway":"unclassified"},"geometry":{"type":"LineString","coordinates":[[140.155349,36.969488],[140.155309,36.969432],[140.155067,36.969242],[140.155037,36.969202],[140.154984,36.969091],[140.154966,36.968934],[140.154923,36.968854]]}},{"type":"Feature","properties":{"id":198539736,"highway":"service"},"geometry":{"type":"LineString","coordinates":[[140.153783,36.98735],[140.153778,36.987496],[140.153785,36.987692],[140.153788,36.987777],[140.153785,36.98785],[140.153769,36.98789],[140.153729,36.987935],[140.153687,36.987952],[140.153607,36.987952],[140.153538,36.987937],[140.153326,36.987894],[140.153218,36.987857]]}},{"type":"Feature","properties":{"id":198539738,"highway":"service"},"geometry":{"type":"LineString","coordinates":[[140.122989,36.95736],[140.123094,36.957396],[140.123501,36.957535],[140.123558,36.957542],[140.123697,36.957457],[140.123769,36.95744],[140.123989,36.957479],[140.124059,36.957505],[140.124531,36.957802]]}},{"type":"Feature","properties":{"id":198539743,"highway":"service"},"geometry":{"type":"LineString","coordinates":[[140.104326,36.996248],[140.104011,36.996088],[140.103816,36.995998],[140.103801,36.995972],[140.103944,36.995547],[140.104021,36.995318],[140.104006,36.994818],[140.104011,36.994805],[140.104128,36.994775],[140.104262,36.994758],[140.104392,36.994758],[140.104517,36.994777],[140.104682,36.994841],[140.10469,36.994853],[140.104666,36.994993]]}},{"type":"Feature","properties":{"id":198539750,"highway":"service"},"geometry":{"type":"LineString","coordinates":[[140.148833,36.98502],[140.14885,36.98507],[140.148876,36.985138],[140.148909,36.985193],[140.148947,36.985225],[140.148992,36.985249],[140.149233,36.985334],[140.149316,36.985371],[140.149357,36.985397],[140.149403,36.985444],[140.14954,36.985723],[140.149578,36.985924]]}},{"type":"Feature","properties":{"id":198539751,"highway":"unclassified"},"geometry":{"type":"LineString","coordinates":[[140.157277,36.974931],[140.157206,36.974972],[140.157125,36.975023],[140.157087,36.975071],[140.157077,36.975099],[140.157089,36.975147],[140.157174,36.975319],[140.157329,36.975688],[140.157359,36.975822],[140.157555,36.976011],[140.157616,36.976072],[140.157687,36.97628]]}},{"type":"Feature","properties":{"id":198539758,"highway":"service"},"geometry":{"type":"LineString","coordinates":[[140.114968,36.987463],[140.114855,36.987807],[140.114653,36.988446],[140.114449,36.989116],[140.114466,36.989165],[140.115127,36.988984],[140.115788,36.988786],[140.116445,36.988611]]}},{"type":"Feature","properties":{"id":198539807,"highway":"residential"},"geometry":{"type":"LineString","coordinates":[[140.159121,36.97427],[140.158926,36.974103],[140.158843,36.974047],[140.158745,36.974012],[140.158486,36.973958],[140.158415,36.973931],[140.15812,36.973747],[140.157956,36.973631],[140.157916,36.973576],[140.157896,36.973531],[140.15789,36.973347],[140.157906,36.973255],[140.157992,36.97304],[140.15802,36.972926],[140.158028,36.972711],[140.158029,36.972608],[140.157985,36.972365],[140.157984,36.972273],[140.157996,36.972201],[140.158021,36.972101],[140.158081,36.971962]]}},{"type":"Feature","properties":{"id":198539836,"highway":"service"},"geometry":{"type":"LineString","coordinates":[[140.138409,36.939283],[140.138879,36.939162],[140.139046,36.939097],[140.13909,36.939073],[140.139195,36.939015],[140.139449,36.938866],[140.139521,36.938838],[140.139697,36.938792],[140.140214,36.938659],[140.140456,36.938602],[140.140498,36.938586],[140.140522,36.938554],[140.140528,36.938434],[140.140524,36.938299],[140.140506,36.938162],[140.140481,36.938013],[140.140435,36.937836],[140.140404,36.937733],[140.140368,36.937638],[140.140309,36.937556],[140.140237,36.937433],[140.140171,36.937338],[140.140073,36.937226],[140.139915,36.937084]]}},{"type":"Feature","properties":{"id":198539865,"highway":"unclassified"},"geometry":{"type":"LineString","coordinates":[[140.109898,36.993802],[140.109943,36.993427],[140.109953,36.993248],[140.109938,36.993187],[140.109769,36.992958],[140.109687,36.992836],[140.109534,36.992556],[140.10942,36.99228],[140.109348,36.991987],[140.109323,36.99184],[140.109251,36.991376],[140.109164,36.99111],[140.10906,36.99087],[140.108993,36.990719],[140.108917,36.990617],[140.108823,36.990547],[140.108601,36.990424],[140.108421,36.990323],[140.108314,36.990265]]}},{"type":"Feature","properties":{"id":198539866,"highway":"service"},"geometry":{"type":"LineString","coordinates":[[140.112435,36.980275],[140.112665,36.980291],[140.11301,36.980309],[140.113167,36.980308],[140.113457,36.980265],[140.113792,36.980179],[140.113839,36.98015],[140.113873,36.980037],[140.11393,36.979726],[140.113934,36.979664],[140.113899,36.979631],[140.113672,36.979584],[140.113153,36.979507],[140.112792,36.979479],[140.112552,36.979459]]}},{"type":"Feature","properties":{"id":198539870,"highway":"unclassified"},"geometry":{"type":"LineString","coordinates":[[140.160706,36.9933],[140.160839,36.993345],[140.160887,36.993353],[140.161097,36.993369],[140.161137,36.993373],[140.161183,36.993389],[140.161749,36.993762],[140.162242,36.994108],[140.162365,36.994174],[140.162416,36.994194],[140.162477,36.994216],[140.162673,36.994261],[140.162861,36.994295],[140.162995,36.99433],[140.16324,36.994434]]}},{"type":"Feature","properties":{"id":198539880,"highway":"residential"},"geometry":{"type":"LineString","coordinates":[[140.158603,36.971935],[140.158568,36.972503],[140.158528,36.972756],[140.158447,36.972982],[140.15845,36.973026],[140.158506,36.973163],[140.15858,36.973296],[140.158678,36.973396],[140.159098,36.973681],[140.159209,36.973735],[140.159455,36.973986],[140.159476,36.974017],[140.159466,36.974044],[140.159121,36.97427]]}},{"type":"Feature","properties":{"id":198539882,"highway":"residential"},"geometry":{"type":"LineString","coordinates":[[140.151462,36.995884],[140.151291,36.995787],[140.151048,36.995553],[140.150822,36.995366],[140.150763,36.995265],[140.150681,36.995073],[140.150602,36.994953],[140.150442,36.994817],[140.150342,36.994759],[140.150168,36.994655],[140.150131,36.994624]]}},{"type":"Feature","properties":{"id":198539889,"highway":"unclassified"},"geometry":{"type":"LineString","coordinates":[[140.146564,36.966709],[140.146702,36.966717],[140.146903,36.966755],[140.147082,36.966808],[140.147539,36.967099],[140.147698,36.967159],[140.148287,36.967224],[140.148477,36.967291],[140.148621,36.96738],[140.148883,36.967552]]}},{"type":"Feature","properties":{"id":198539893,"highway":"unclassified"},"geometry":{"type":"LineString","coordinates":[[140.143642,36.96948],[140.143851,36.969239],[140.144019,36.968951],[140.144146,36.968855],[140.144239,36.968791],[140.144447,36.968596],[140.144791,36.968213],[140.144953,36.968077],[140.145128,36.968003],[140.145266,36.967977],[140.14563,36.967961],[140.145713,36.967918],[140.145769,36.967852],[140.146381,36.966864],[140.146564,36.966709]]}},{"type":"Feature","properties":{"id":198539915,"highway":"tertiary"},"geometry":{"type":"LineString","coordinates":[[140.186552,36.952552],[140.186532,36.952687],[140.186494,36.952779],[140.186414,36.952858],[140.186326,36.952911],[140.186226,36.952945],[140.185968,36.95298],[140.185863,36.952987],[140.185631,36.952982],[140.185513,36.952988],[140.18541,36.953012],[140.185298,36.953069],[140.185176,36.953145],[140.185135,36.953183],[140.185104,36.953239]]}},{"type":"Feature","properties":{"id":198539930,"highway":"unclassified"},"geometry":{"type":"LineString","coordinates":[[140.150438,36.989653],[140.150724,36.989707],[140.151029,36.989766],[140.152241,36.990273],[140.152368,36.990301],[140.152522,36.990318],[140.153041,36.99033],[140.153139,36.990352],[140.153398,36.990454],[140.153553,36.990538],[140.153785,36.990724],[140.153851,36.990816],[140.153889,36.990866],[140.153994,36.991038],[140.154062,36.991218],[140.154093,36.991366],[140.154176,36.991585],[140.154213,36.991777],[140.154228,36.99207],[140.154253,36.992186],[140.154305,36.992282],[140.154495,36.992591],[140.154586,36.992771],[140.154613,36.992965],[140.154638,36.993196],[140.154645,36.993352],[140.15463,36.993497],[140.154595,36.993641],[140.154533,36.993751],[140.154444,36.99383],[140.154373,36.993887]]}},{"type":"Feature","properties":{"id":198539933,"highway":"service"},"geometry":{"type":"LineString","coordinates":[[140.130989,36.925259],[140.131579,36.925001],[140.131594,36.924998],[140.131609,36.925005],[140.13175,36.925233],[140.131749,36.925258],[140.131731,36.925274],[140.131502,36.925375],[140.131492,36.92539],[140.131495,36.925406],[140.131542,36.925494],[140.131624,36.925591],[140.131719,36.92571],[140.131825,36.925879],[140.132183,36.926421],[140.132341,36.92663],[140.132407,36.926739],[140.132562,36.926968],[140.132897,36.927482]]}},{"type":"Feature","properties":{"id":198539943,"highway":"unclassified"},"geometry":{"type":"LineString","coordinates":[[140.161137,36.993373],[140.161301,36.993236],[140.161468,36.993103],[140.161589,36.993023],[140.161672,36.992965],[140.161746,36.992897],[140.161807,36.992818],[140.161854,36.992717],[140.161859,36.992675],[140.161861,36.992632],[140.161878,36.992603],[140.161908,36.992571],[140.16198,36.992538],[140.16208,36.992505],[140.162279,36.992448]]}},{"type":"Feature","properties":{"id":198539961,"highway":"unclassified"},"geometry":{"type":"LineString","coordinates":[[140.150097,36.98939],[140.149917,36.98937],[140.149748,36.989364],[140.149372,36.989362],[140.149211,36.989397],[140.149069,36.989449],[140.148955,36.989516],[140.148584,36.989757],[140.148462,36.989864],[140.148329,36.990037],[140.148287,36.990074],[140.14825,36.990107],[140.147948,36.990376],[140.147477,36.990752],[140.147134,36.991093],[140.147019,36.9912],[140.146862,36.991317],[140.146022,36.991857],[140.145675,36.992034],[140.145531,36.992093],[140.145344,36.992147],[140.144838,36.992263],[140.144751,36.992279],[140.144654,36.992288],[140.144502,36.992291],[140.144235,36.992265],[140.144017,36.992224],[140.143687,36.992149],[140.143545,36.992125],[140.143502,36.992111]]}},{"type":"Feature","properties":{"id":198539965,"highway":"unclassified"},"geometry":{"type":"LineString","coordinates":[[140.101488,36.98539],[140.101484,36.985317],[140.101506,36.984998],[140.101479,36.98485],[140.101434,36.984714],[140.101313,36.984494],[140.101181,36.984345],[140.10103,36.984227],[140.100839,36.984119],[140.100658,36.984015],[140.100457,36.983839],[140.10032,36.983693],[140.10011,36.983472],[140.099898,36.983215],[140.099775,36.983032],[140.099658,36.982801],[140.099504,36.982374],[140.099486,36.982267],[140.099489,36.982165],[140.099511,36.982075],[140.099551,36.981994],[140.099801,36.981648]]}},{"type":"Feature","properties":{"id":198539979,"highway":"unclassified"},"geometry":{"type":"LineString","coordinates":[[140.159951,36.99517],[140.159995,36.995197],[140.159996,36.99528],[140.159994,36.99534],[140.159987,36.995683],[140.159971,36.99612],[140.160037,36.996689],[140.160062,36.996815],[140.160195,36.99719],[140.160306,36.997549],[140.160324,36.997646],[140.16032,36.99775],[140.160297,36.997845],[140.160243,36.997948],[140.160041,36.998354],[140.159985,36.998562],[140.159953,36.998734],[140.159896,36.998989],[140.159834,36.999115],[140.159757,36.999224],[140.158998,37.000105]]}},{"type":"Feature","properties":{"id":198539985,"highway":"service"},"geometry":{"type":"LineString","coordinates":[[140.149036,37.000028],[140.148965,37.000007],[140.148877,36.999997],[140.148807,37.000005],[140.148743,37.000015],[140.148697,37.00003],[140.14841,37.000141],[140.148353,37.00015],[140.148299,37.000138],[140.148232,37.000078],[140.148141,36.999957]]}},{"type":"Feature","properties":{"id":198539987,"highway":"unclassified"},"geometry":{"type":"LineString","coordinates":[[140.158713,36.979453],[140.158621,36.979444],[140.158538,36.979428],[140.158464,36.979404],[140.158418,36.979371],[140.158287,36.979233],[140.158099,36.97914],[140.157903,36.978996],[140.157773,36.978951],[140.157732,36.978929],[140.157715,36.978902],[140.157673,36.978712],[140.157637,36.978659],[140.157581,36.978618],[140.157503,36.978602],[140.157421,36.978614],[140.157162,36.978675],[140.157115,36.978672],[140.156985,36.97858],[140.156787,36.978562],[140.15664,36.978552]]}},{"type":"Feature","properties":{"id":198540002,"highway":"service"},"geometry":{"type":"LineString","coordinates":[[140.135556,36.953795],[140.135432,36.953698],[140.135288,36.953619],[140.135122,36.953588],[140.134993,36.953609],[140.134903,36.953685],[140.134811,36.953918],[140.134743,36.954037],[140.134648,36.954108],[140.134483,36.954143],[140.134274,36.954146],[140.134076,36.954088],[140.133936,36.95403],[140.133785,36.953964]]}},{"type":"Feature","properties":{"id":198540052,"highway":"unclassified"},"geometry":{"type":"LineString","coordinates":[[140.14975,36.967845],[140.149864,36.96783],[140.15018,36.967791],[140.150514,36.967698],[140.150807,36.96761],[140.150911,36.967547],[140.150975,36.967462],[140.151147,36.967081],[140.15121,36.96694],[140.15129,36.966833],[140.151313,36.966802],[140.151344,36.966781],[140.151688,36.966612],[140.151728,36.966579]]}},{"type":"Feature","properties":{"id":198540063,"highway":"unclassified"},"geometry":{"type":"LineString","coordinates":[[140.15502,36.968199],[140.154968,36.968019],[140.154834,36.967645],[140.154717,36.967351],[140.154626,36.967147],[140.154585,36.967034],[140.15462,36.966883],[140.154609,36.966821],[140.154599,36.966723],[140.154556,36.966675],[140.154494,36.966599],[140.154408,36.966528],[140.154253,36.966403],[140.154092,36.966292],[140.153991,36.966234],[140.15398,36.966217],[140.15399,36.966195]]}},{"type":"Feature","properties":{"id":198540064,"highway":"service"},"geometry":{"type":"LineString","coordinates":[[140.099313,36.993779],[140.099293,36.993757],[140.099288,36.993724],[140.099365,36.993445],[140.099468,36.993081],[140.099508,36.992994],[140.099569,36.992921],[140.099689,36.992816],[140.100064,36.9925],[140.100084,36.992472],[140.100092,36.992428],[140.100087,36.992331],[140.100082,36.992252]]}},{"type":"Feature","properties":{"id":198540074,"highway":"service"},"geometry":{"type":"LineString","coordinates":[[140.111219,36.984173],[140.111046,36.984208],[140.110955,36.984255],[140.110652,36.98465],[140.110568,36.984723],[140.110179,36.984933],[140.109894,36.985048],[140.109622,36.985194],[140.10924,36.985381],[140.109087,36.985471],[140.10896,36.98559],[140.108702,36.985798],[140.108445,36.98595],[140.108261,36.986078],[140.108244,36.986097],[140.108197,36.986203],[140.108086,36.986536],[140.108026,36.986618],[140.107904,36.986733],[140.107703,36.986854]]}},{"type":"Feature","properties":{"id":198540078,"highway":"tertiary"},"geometry":{"type":"LineString","coordinates":[[140.148935,36.940781],[140.14898,36.940903],[140.148997,36.941008],[140.148999,36.941134],[140.148994,36.941394],[140.14898,36.941665],[140.148945,36.942035],[140.148913,36.942297],[140.148875,36.942612],[140.148879,36.942699],[140.148921,36.942805],[140.148976,36.942885],[140.149155,36.943096],[140.149542,36.943549],[140.149553,36.943562],[140.149788,36.943865],[140.149857,36.943962],[140.149892,36.944094],[140.149927,36.944337],[140.14996,36.944506],[140.149984,36.944584],[140.149998,36.944646]]}},{"type":"Feature","properties":{"id":198540094,"highway":"unclassified"},"geometry":{"type":"LineString","coordinates":[[140.143984,36.982071],[140.143943,36.982421],[140.143962,36.982775],[140.143934,36.982967],[140.14391,36.983038],[140.143863,36.983181],[140.143819,36.983422],[140.143763,36.983624],[140.143646,36.983935],[140.143622,36.984009],[140.143596,36.984479],[140.143561,36.984626],[140.14354,36.984674],[140.143509,36.984705],[140.143391,36.984777],[140.14314,36.984877],[140.143035,36.984973],[140.142897,36.985167],[140.142712,36.985358],[140.142653,36.985465],[140.142657,36.985546],[140.142698,36.985635],[140.142815,36.985819],[140.14285,36.985892],[140.142847,36.986014],[140.142826,36.986132],[140.142661,36.986613],[140.142625,36.986756],[140.142611,36.986846],[140.142621,36.986882],[140.142634,36.986926],[140.142686,36.987017],[140.142772,36.987089],[140.142964,36.987198],[140.143577,36.987547],[140.143689,36.987588],[140.143814,36.9876],[140.144028,36.987575],[140.144199,36.987548]]}},{"type":"Feature","properties":{"id":198540102,"highway":"service"},"geometry":{"type":"LineString","coordinates":[[140.146159,36.996713],[140.146242,36.996796],[140.146309,36.996881],[140.146484,36.997223],[140.14654,36.997358],[140.14661,36.997741],[140.146768,36.99826],[140.146894,36.998496]]}},{"type":"Feature","properties":{"id":198540108,"highway":"service"},"geometry":{"type":"LineString","coordinates":[[140.141638,36.99695],[140.141967,36.996878],[140.142465,36.996448],[140.143118,36.996675],[140.143261,36.996455],[140.143634,36.995944],[140.14422,36.996105],[140.144593,36.996212],[140.144945,36.996333],[140.144687,36.996736],[140.145262,36.996964],[140.145529,36.997065],[140.145826,36.997149],[140.145954,36.99723],[140.146047,36.997352],[140.146105,36.997439],[140.146623,36.998587]]}},{"type":"Feature","properties":{"id":198540112,"highway":"unclassified"},"geometry":{"type":"LineString","coordinates":[[140.153818,36.955399],[140.153658,36.955455],[140.153471,36.955518],[140.15327,36.955581],[140.153203,36.955604],[140.153144,36.955639],[140.153083,36.955689],[140.152932,36.955847],[140.152842,36.955908],[140.152724,36.955963],[140.152504,36.956034],[140.152209,36.956137],[140.151981,36.956209],[140.151935,36.956218],[140.151889,36.956223]]}},{"type":"Feature","properties":{"id":198540155,"highway":"unclassified"},"geometry":{"type":"LineString","coordinates":[[140.130137,36.949483],[140.130125,36.949353],[140.130166,36.949216],[140.130184,36.949126],[140.130225,36.948959],[140.13023,36.948761],[140.130187,36.948613],[140.130104,36.948438],[140.130016,36.948243],[140.129927,36.94813],[140.129822,36.948058],[140.129722,36.948023],[140.12934,36.948034],[140.129253,36.94802],[140.12917,36.947977],[140.128981,36.947806],[140.128892,36.947715]]}},{"type":"Feature","properties":{"id":198540160,"highway":"unclassified"},"geometry":{"type":"LineString","coordinates":[[140.153111,36.943833],[140.152919,36.943748],[140.152845,36.943731],[140.152734,36.943733],[140.152562,36.943746],[140.151754,36.943904],[140.151572,36.943936],[140.15141,36.943936],[140.151112,36.943888],[140.151009,36.943884],[140.150924,36.943893],[140.150861,36.943918],[140.150792,36.943953],[140.150647,36.944091],[140.150486,36.944259],[140.150362,36.944373],[140.149998,36.944646]]}},{"type":"Feature","properties":{"id":198540172,"highway":"residential"},"geometry":{"type":"LineString","coordinates":[[140.15929,36.95681],[140.159155,36.956767],[140.159084,36.956753],[140.159043,36.956753],[140.159004,36.956761],[140.15863,36.956901],[140.158599,36.956907],[140.15856,36.956909],[140.158158,36.956786],[140.158022,36.956727],[140.157866,36.956619],[140.157593,36.956524],[140.157355,36.956443],[140.157281,36.956429],[140.157191,36.956435],[140.157114,36.956448],[140.157067,36.956468],[140.157023,36.95652],[140.156986,36.9566]]}},{"type":"Feature","properties":{"id":198540175,"highway":"service"},"geometry":{"type":"LineString","coordinates":[[140.11558,36.9946],[140.115487,36.994661],[140.115253,36.99475],[140.115176,36.994787],[140.115107,36.994838],[140.114921,36.995064],[140.114854,36.995111],[140.1148,36.99513],[140.11455,36.995143],[140.114463,36.995122],[140.114381,36.995081],[140.114304,36.995018],[140.114212,36.99494],[140.11389,36.994741]]}},{"type":"Feature","properties":{"id":198540191,"highway":"tertiary"},"geometry":{"type":"LineString","coordinates":[[140.148621,36.940086],[140.148515,36.939971],[140.148406,36.939888],[140.148324,36.939825],[140.148279,36.939797],[140.148222,36.939766],[140.14804,36.939696],[140.147454,36.939528],[140.147351,36.939486],[140.147254,36.939441],[140.147201,36.939403],[140.147167,36.939371],[140.14712,36.939327],[140.147091,36.939284],[140.147051,36.939215],[140.14678,36.938659],[140.146739,36.938593],[140.146676,36.938523],[140.146608,36.93847],[140.145974,36.938026],[140.145815,36.937912],[140.145746,36.937857],[140.145683,36.937788],[140.145635,36.937732],[140.145578,36.937637],[140.145539,36.937552],[140.145514,36.937425],[140.145512,36.937325],[140.14552,36.937237],[140.145545,36.93713],[140.145759,36.936717],[140.145879,36.93645],[140.145915,36.936347],[140.14593,36.936278],[140.145919,36.936143],[140.145884,36.936029],[140.145842,36.935957],[140.145793,36.935891],[140.145728,36.93583],[140.14562,36.935753],[140.145346,36.935567],[140.145279,36.935518],[140.145213,36.935432],[140.145154,36.935348],[140.144949,36.934943],[140.144901,36.934807],[140.144878,36.934702],[140.14486,36.93433],[140.144825,36.933878],[140.144809,36.933791],[140.144766,36.933676],[140.144683,36.933494]]}},{"type":"Feature","properties":{"id":198540194,"highway":"service"},"geometry":{"type":"LineString","coordinates":[[140.150803,36.985793],[140.150739,36.985227],[140.150333,36.985349],[140.150165,36.985394],[140.150001,36.985382],[140.149323,36.985144],[140.149231,36.985097],[140.149179,36.985065],[140.149132,36.985022],[140.149097,36.984958],[140.149059,36.984918],[140.14902,36.984909],[140.148959,36.984928],[140.148896,36.984961],[140.148833,36.98502]]}},{"type":"Feature","properties":{"id":198540212,"highway":"service"},"geometry":{"type":"LineString","coordinates":[[140.147192,37.001288],[140.147842,37.000509],[140.148005,37.000254],[140.148014,37.000202],[140.147966,37.00018],[140.147766,37.000193],[140.147713,37.000169],[140.147677,37.000095],[140.147683,36.999925]]}},{"type":"Feature","properties":{"id":198540221,"highway":"unclassified"},"geometry":{"type":"LineString","coordinates":[[140.09486,36.997929],[140.094998,36.997866],[140.095191,36.997738],[140.096038,36.997231],[140.096324,36.997106],[140.096549,36.997037],[140.096837,36.996972],[140.097923,36.996713],[140.098038,36.996672],[140.098132,36.996615],[140.098379,36.996309],[140.098502,36.996181],[140.09863,36.996097],[140.099588,36.995655],[140.099859,36.995529],[140.100044,36.995412],[140.100177,36.995296],[140.100365,36.995082],[140.100455,36.995004],[140.100593,36.994937]]}},{"type":"Feature","properties":{"id":198540234,"highway":"residential"},"geometry":{"type":"LineString","coordinates":[[140.114471,36.987049],[140.114614,36.987121],[140.114687,36.987184],[140.114809,36.987312],[140.114968,36.987463],[140.115043,36.987499],[140.115523,36.987615],[140.11561,36.987633],[140.115894,36.987768],[140.115994,36.987797],[140.116069,36.987798],[140.116376,36.98776],[140.116465,36.987751],[140.116526,36.987741],[140.116578,36.987718],[140.116618,36.987702],[140.116722,36.987634],[140.116774,36.98758],[140.11696,36.987317],[140.117251,36.986967],[140.117449,36.986756],[140.11761,36.986592],[140.117741,36.986455],[140.117987,36.986271],[140.118149,36.986149],[140.118196,36.986114]]}},{"type":"Feature","properties":{"id":198540252,"highway":"service"},"geometry":{"type":"LineString","coordinates":[[140.146894,36.998496],[140.147079,36.998771],[140.147375,36.999186],[140.147617,36.999633],[140.147667,36.999763],[140.14768,36.999862],[140.147683,36.999925],[140.148141,36.999957]]}},{"type":"Feature","properties":{"id":198540256,"highway":"unclassified"},"geometry":{"type":"LineString","coordinates":[[140.166217,36.992944],[140.165855,36.993162]]}},{"type":"Feature","properties":{"id":198540261,"highway":"service"},"geometry":{"type":"LineString","coordinates":[[140.150119,36.991957],[140.15053,36.991852]]}},{"type":"Feature","properties":{"id":198540265,"highway":"unclassified"},"geometry":{"type":"LineString","coordinates":[[140.156403,36.969569],[140.156694,36.969625]]}},{"type":"Feature","properties":{"id":198540296,"highway":"service"},"geometry":{"type":"LineString","coordinates":[[140.132328,36.927738],[140.132897,36.927482],[140.133116,36.927391],[140.13425,36.92691],[140.1343,36.926889],[140.135032,36.926583],[140.135083,36.926577],[140.135101,36.926575],[140.135186,36.926589],[140.135252,36.926624],[140.13528,36.926646],[140.135331,36.926695],[140.135358,36.926729],[140.135383,36.926769],[140.135444,36.926892],[140.135448,36.926921],[140.135449,36.926951],[140.135441,36.926974],[140.135416,36.926994]]}},{"type":"Feature","properties":{"id":198540306,"highway":"service"},"geometry":{"type":"LineString","coordinates":[[140.150119,36.991957],[140.149864,36.992013]]}},{"type":"Feature","properties":{"id":198540307,"highway":"unclassified"},"geometry":{"type":"LineString","coordinates":[[140.157842,36.95518],[140.15771,36.954877]]}},{"type":"Feature","properties":{"id":198540326,"highway":"unclassified"},"geometry":{"type":"LineString","coordinates":[[140.129571,36.958547],[140.128834,36.958649]]}},{"type":"Feature","properties":{"id":198540355,"highway":"unclassified"},"geometry":{"type":"LineString","coordinates":[[140.110767,36.978702],[140.110805,36.978491],[140.110859,36.97831],[140.110903,36.978115]]}},{"type":"Feature","properties":{"id":198540405,"highway":"service"},"geometry":{"type":"LineString","coordinates":[[140.13761,36.960939],[140.137677,36.960558]]}},{"type":"Feature","properties":{"id":198540422,"highway":"service"},"geometry":{"type":"LineString","coordinates":[[140.164403,36.991653],[140.164389,36.991583]]}},{"type":"Feature","properties":{"id":198540441,"highway":"unclassified"},"geometry":{"type":"LineString","coordinates":[[140.128834,36.958649],[140.128786,36.958655],[140.128449,36.958699]]}},{"type":"Feature","properties":{"id":198540449,"highway":"unclassified"},"geometry":{"type":"LineString","coordinates":[[140.156681,36.974775],[140.156452,36.974704]]}},{"type":"Feature","properties":{"id":198540460,"highway":"unclassified"},"geometry":{"type":"LineString","coordinates":[[140.144003,36.960564],[140.143048,36.960339],[140.142955,36.960329],[140.142918,36.960327],[140.142779,36.96032],[140.142666,36.960297],[140.14252,36.960243],[140.142318,36.960155],[140.142043,36.960031],[140.141794,36.959918],[140.141644,36.959834],[140.141497,36.959744],[140.141364,36.959642],[140.141031,36.959455],[140.140815,36.959333],[140.140738,36.959295],[140.140671,36.959287],[140.140571,36.959301],[140.140435,36.959354],[140.140105,36.959608],[140.139777,36.959878],[140.13966,36.959945],[140.139535,36.959992],[140.139163,36.960074],[140.138676,36.960215],[140.138533,36.960242],[140.138415,36.960254],[140.138267,36.960254],[140.138058,36.960245],[140.137838,36.960222],[140.137352,36.960159],[140.136973,36.960078],[140.136805,36.960081],[140.136567,36.960107],[140.136412,36.960104],[140.136324,36.960099],[140.136003,36.960071],[140.135804,36.960047],[140.135612,36.960018],[140.135381,36.959982],[140.135112,36.959928],[140.13502,36.959911],[140.134859,36.95988],[140.134631,36.959823],[140.134337,36.959728],[140.133641,36.959435],[140.1333,36.959323],[140.133216,36.9593],[140.133123,36.959255],[140.132929,36.959138],[140.13229,36.958707],[140.132179,36.958645],[140.132034,36.958604],[140.131675,36.958541],[140.13101,36.958414],[140.130857,36.958402],[140.130748,36.958403],[140.130591,36.958421],[140.129604,36.958543],[140.129571,36.958547]]}},{"type":"Feature","properties":{"id":198540492,"highway":"tertiary"},"geometry":{"type":"LineString","coordinates":[[140.15594,36.987744],[140.156081,36.98771]]}},{"type":"Feature","properties":{"id":198540527,"highway":"unclassified"},"geometry":{"type":"LineString","coordinates":[[140.165745,36.994278],[140.165351,36.993535],[140.165339,36.993476],[140.165347,36.993439]]}},{"type":"Feature","properties":{"id":198540530,"highway":"tertiary"},"geometry":{"type":"LineString","coordinates":[[140.136531,36.977258],[140.136174,36.977483]]}},{"type":"Feature","properties":{"id":198540554,"highway":"residential"},"geometry":{"type":"LineString","coordinates":[[140.160215,36.986559],[140.160403,36.986502]]}},{"type":"Feature","properties":{"id":198540564,"highway":"unclassified"},"geometry":{"type":"LineString","coordinates":[[140.154816,36.998487],[140.154668,36.997919],[140.154589,36.997614],[140.154533,36.997157],[140.154459,36.996633],[140.154409,36.996228],[140.154401,36.995922],[140.154425,36.995661],[140.154481,36.995334],[140.154543,36.995048],[140.154509,36.994846],[140.154466,36.994737],[140.154233,36.99432],[140.154185,36.994199],[140.154183,36.994106],[140.154188,36.994078],[140.154198,36.994041],[140.154212,36.994011]]}},{"type":"Feature","properties":{"id":198540579,"highway":"service"},"geometry":{"type":"LineString","coordinates":[[140.10376,36.99245],[140.104386,36.992826]]}},{"type":"Feature","properties":{"id":198540580,"highway":"service"},"geometry":{"type":"LineString","coordinates":[[140.148788,36.98603],[140.148191,36.985125]]}},{"type":"Feature","properties":{"id":198540596,"highway":"service"},"geometry":{"type":"LineString","coordinates":[[140.16526,36.990101],[140.16519,36.990125],[140.165098,36.990124],[140.165039,36.990103],[140.164689,36.989692]]}},{"type":"Feature","properties":{"id":198540617,"highway":"unclassified"},"geometry":{"type":"LineString","coordinates":[[140.156383,36.968056],[140.156438,36.96788]]}},{"type":"Feature","properties":{"id":198540623,"highway":"tertiary"},"geometry":{"type":"LineString","coordinates":[[140.105607,36.997711],[140.105955,36.997834],[140.106009,36.99786],[140.106047,36.997889]]}},{"type":"Feature","properties":{"id":198540624,"highway":"service"},"geometry":{"type":"LineString","coordinates":[[140.13744,36.954046],[140.136866,36.953971]]}},{"type":"Feature","properties":{"id":198540647,"highway":"residential"},"geometry":{"type":"LineString","coordinates":[[140.134763,36.975067],[140.134612,36.974514],[140.134627,36.97446],[140.134668,36.974405],[140.13583,36.974014],[140.135889,36.974023],[140.136172,36.974342],[140.136459,36.974679],[140.136714,36.974982],[140.136713,36.975024],[140.136401,36.975295],[140.135945,36.975673],[140.135616,36.975972],[140.135346,36.976183],[140.135318,36.976204],[140.134904,36.97649]]}},{"type":"Feature","properties":{"id":198540653,"highway":"tertiary"},"geometry":{"type":"LineString","coordinates":[[140.119861,36.987065],[140.120661,36.987519]]}},{"type":"Feature","properties":{"id":198540665,"highway":"tertiary"},"geometry":{"type":"LineString","coordinates":[[140.100635,36.996926],[140.101688,36.997126],[140.102314,36.997217],[140.1027,36.997273],[140.102956,36.997308],[140.103298,36.99735],[140.103551,36.99738],[140.104015,36.997432],[140.104369,36.997475],[140.104508,36.997492],[140.105029,36.997568],[140.105251,36.997609],[140.105607,36.997711]]}},{"type":"Feature","properties":{"id":198540673,"highway":"service"},"geometry":{"type":"LineString","coordinates":[[140.122392,36.995561],[140.12285,36.995506]]}},{"type":"Feature","properties":{"id":198540691,"highway":"service"},"geometry":{"type":"LineString","coordinates":[[140.167513,36.958771],[140.167616,36.958533]]}},{"type":"Feature","properties":{"id":198540701,"highway":"service"},"geometry":{"type":"LineString","coordinates":[[140.105621,36.9951],[140.105625,36.995092],[140.105747,36.99482],[140.105819,36.994678],[140.105947,36.994494]]}},{"type":"Feature","properties":{"id":198540702,"highway":"unclassified"},"geometry":{"type":"LineString","coordinates":[[140.134261,36.993441],[140.1338,36.99377],[140.133543,36.993935]]}},{"type":"Feature","properties":{"id":198540722,"highway":"service"},"geometry":{"type":"LineString","coordinates":[[140.12193,36.995067],[140.121886,36.994801]]}},{"type":"Feature","properties":{"id":198540736,"highway":"unclassified"},"geometry":{"type":"LineString","coordinates":[[140.15399,36.966195],[140.154056,36.966032]]}},{"type":"Feature","properties":{"id":198540766,"highway":"unclassified"},"geometry":{"type":"LineString","coordinates":[[140.149002,37.000132],[140.149012,37.000061],[140.14902,37.000044],[140.149036,37.000028],[140.149057,37.000016],[140.149163,36.999972],[140.149372,36.99991],[140.149439,36.999888],[140.149495,36.999853],[140.149569,36.999783],[140.149785,36.999526],[140.150017,36.999322],[140.150179,36.999145],[140.150304,36.999044],[140.150356,36.999002],[140.150508,36.998889],[140.150656,36.998771],[140.150856,36.998598],[140.151028,36.998368],[140.151137,36.998163],[140.151201,36.997932],[140.151234,36.997676],[140.151267,36.997386],[140.151447,36.996014],[140.151462,36.995884]]}},{"type":"Feature","properties":{"id":198540770,"highway":"service"},"geometry":{"type":"LineString","coordinates":[[140.15631,36.993429],[140.15664,36.993563],[140.156778,36.993652],[140.156859,36.993724],[140.156891,36.993803],[140.156899,36.993881],[140.156853,36.994131],[140.156797,36.994367],[140.15652,36.99476],[140.156453,36.994814],[140.156326,36.994863],[140.156059,36.995008],[140.155935,36.995055],[140.155822,36.995074],[140.155618,36.995032],[140.155541,36.994982],[140.155515,36.994906],[140.155521,36.994778],[140.155612,36.994554],[140.155614,36.994509],[140.155604,36.994443],[140.155572,36.994381],[140.155499,36.994329],[140.154855,36.994099],[140.154487,36.99395],[140.154373,36.993887]]}},{"type":"Feature","properties":{"id":198540772,"highway":"tertiary"},"geometry":{"type":"LineString","coordinates":[[140.113187,36.98367],[140.111647,36.98262]]}},{"type":"Feature","properties":{"id":198540774,"highway":"service"},"geometry":{"type":"LineString","coordinates":[[140.102237,36.977032],[140.102952,36.9769],[140.103049,36.976872]]}},{"type":"Feature","properties":{"id":198540783,"highway":"service"},"geometry":{"type":"LineString","coordinates":[[140.146102,36.987371],[140.146326,36.987461]]}},{"type":"Feature","properties":{"id":198540790,"highway":"unclassified"},"geometry":{"type":"LineString","coordinates":[[140.154102,36.955289],[140.153818,36.955399]]}},{"type":"Feature","properties":{"id":198540794,"highway":"service"},"geometry":{"type":"LineString","coordinates":[[140.167522,36.995187],[140.166422,36.995551]]}},{"type":"Feature","properties":{"id":198540800,"highway":"residential"},"geometry":{"type":"LineString","coordinates":[[140.1579,36.990113],[140.158012,36.990051]]}},{"type":"Feature","properties":{"id":198540814,"highway":"unclassified"},"geometry":{"type":"LineString","coordinates":[[140.157723,36.971971],[140.157973,36.971953]]}},{"type":"Feature","properties":{"id":198540843,"highway":"residential"},"geometry":{"type":"LineString","coordinates":[[140.121758,36.997628],[140.122027,36.997669],[140.122173,36.997689],[140.122819,36.997713],[140.123182,36.99776],[140.123492,36.997844],[140.123852,36.997945],[140.12428,36.998068],[140.12455,36.998132],[140.124896,36.998249],[140.125009,36.998302],[140.125162,36.998373],[140.125353,36.9985],[140.125614,36.99871],[140.12579,36.998889],[140.125962,36.999138],[140.126038,36.999213],[140.126159,36.999291],[140.126278,36.999342],[140.126384,36.999357],[140.126701,36.999346],[140.127217,36.999338],[140.127671,36.999323],[140.127758,36.999331],[140.12782,36.999359],[140.127856,36.999394],[140.128063,36.999668],[140.128137,36.999745],[140.128389,36.999899]]}},{"type":"Feature","properties":{"id":198540845,"highway":"unclassified"},"geometry":{"type":"LineString","coordinates":[[140.157687,36.97628],[140.157781,36.976644]]}},{"type":"Feature","properties":{"id":198540847,"highway":"service"},"geometry":{"type":"LineString","coordinates":[[140.12346,36.958816],[140.123912,36.958586],[140.124344,36.958317],[140.124692,36.958072],[140.12478,36.957972]]}},{"type":"Feature","properties":{"id":198540857,"highway":"service"},"geometry":{"type":"LineString","coordinates":[[140.103571,36.979635],[140.104168,36.979142]]}},{"type":"Feature","properties":{"id":198540865,"highway":"service"},"geometry":{"type":"LineString","coordinates":[[140.136057,36.964332],[140.136056,36.964166],[140.136057,36.964087],[140.136086,36.963995],[140.136167,36.963829],[140.136383,36.963333],[140.136411,36.963277],[140.136486,36.963124],[140.136707,36.962812]]}},{"type":"Feature","properties":{"id":198540879,"highway":"unclassified"},"geometry":{"type":"LineString","coordinates":[[140.16324,36.994434],[140.162279,36.992448]]}},{"type":"Feature","properties":{"id":198540895,"highway":"service"},"geometry":{"type":"LineString","coordinates":[[140.104723,36.996483],[140.104326,36.996248]]}},{"type":"Feature","properties":{"id":198540902,"highway":"service"},"geometry":{"type":"LineString","coordinates":[[140.147742,36.989747],[140.147512,36.989859],[140.147146,36.99005],[140.146623,36.990229],[140.146508,36.990266],[140.146008,36.990565],[140.145706,36.99077],[140.1452,36.99116],[140.145152,36.991197],[140.144989,36.991306],[140.144966,36.991338],[140.14497,36.991434],[140.145021,36.99167],[140.145031,36.991806]]}},{"type":"Feature","properties":{"id":198540905,"highway":"unclassified"},"geometry":{"type":"LineString","coordinates":[[140.165855,36.993162],[140.165699,36.993252]]}},{"type":"Feature","properties":{"id":198540940,"highway":"service"},"geometry":{"type":"LineString","coordinates":[[140.154516,36.958392],[140.154403,36.958501]]}},{"type":"Feature","properties":{"id":198540942,"highway":"service"},"geometry":{"type":"LineString","coordinates":[[140.151688,36.990846],[140.152391,36.991408]]}},{"type":"Feature","properties":{"id":198540947,"highway":"unclassified"},"geometry":{"type":"LineString","coordinates":[[140.142353,36.991431],[140.141838,36.991187]]}},{"type":"Feature","properties":{"id":198540962,"highway":"service"},"geometry":{"type":"LineString","coordinates":[[140.122749,36.994951],[140.12229,36.994993],[140.12193,36.995067]]}},{"type":"Feature","properties":{"id":198540968,"highway":"tertiary"},"geometry":{"type":"LineString","coordinates":[[140.143171,36.956929],[140.143245,36.956777],[140.143539,36.956172],[140.143709,36.955823],[140.143843,36.955531],[140.143972,36.955175],[140.144252,36.954352],[140.144373,36.954121],[140.144395,36.954079],[140.144491,36.953927],[140.144612,36.953759],[140.144834,36.953508],[140.145082,36.95329],[140.145172,36.953221],[140.145407,36.953039],[140.14587,36.952715],[140.14592,36.95268],[140.145985,36.952635],[140.146539,36.952228],[140.146632,36.95216],[140.147411,36.951604]]}},{"type":"Feature","properties":{"id":198540975,"highway":"unclassified"},"geometry":{"type":"LineString","coordinates":[[140.156517,36.978532],[140.15664,36.978552]]}},{"type":"Feature","properties":{"id":198540997,"highway":"service"},"geometry":{"type":"LineString","coordinates":[[140.11254,36.983337],[140.112675,36.983213]]}},{"type":"Feature","properties":{"id":198541026,"highway":"unclassified"},"geometry":{"type":"LineString","coordinates":[[140.132572,36.928207],[140.131254,36.928649],[140.130675,36.92883],[140.130595,36.928861],[140.130532,36.928895],[140.130482,36.928952],[140.130183,36.92944],[140.130123,36.929496],[140.130044,36.929549],[140.129959,36.92959],[140.129393,36.929777],[140.12928,36.929807],[140.129104,36.929839],[140.12883,36.929873],[140.128271,36.929993],[140.128054,36.930054],[140.127568,36.930211],[140.127434,36.930247],[140.1273,36.930273],[140.12672,36.930353],[140.126414,36.93043],[140.126263,36.930469],[140.126161,36.930486],[140.12604,36.930497],[140.125471,36.930485],[140.125345,36.93049],[140.124739,36.930561],[140.124624,36.930569],[140.124525,36.930564],[140.124069,36.93047],[140.123929,36.930453],[140.123798,36.930459],[140.123741,36.93047],[140.123657,36.930487],[140.123213,36.93063],[140.123023,36.930701],[140.122885,36.930773],[140.122658,36.930933],[140.122438,36.931095],[140.122027,36.93145],[140.12196,36.931498],[140.121864,36.931552],[140.121698,36.931627],[140.121421,36.931756],[140.121185,36.93188],[140.121142,36.931903],[140.120923,36.932026],[140.120515,36.932272],[140.120469,36.932282],[140.120432,36.932265],[140.11981,36.931396],[140.119427,36.93083],[140.119343,36.930689],[140.119309,36.930614]]}},{"type":"Feature","properties":{"id":198541034,"highway":"service"},"geometry":{"type":"LineString","coordinates":[[140.12478,36.957972],[140.124531,36.957802]]}},{"type":"Feature","properties":{"id":198541063,"highway":"service"},"geometry":{"type":"LineString","coordinates":[[140.110526,36.979723],[140.110791,36.979653]]}},{"type":"Feature","properties":{"id":198541079,"highway":"unclassified"},"geometry":{"type":"LineString","coordinates":[[140.152997,36.964492],[140.152747,36.964525]]}},{"type":"Feature","properties":{"id":198541112,"highway":"service"},"geometry":{"type":"LineString","coordinates":[[140.099999,36.976669],[140.101754,36.97783],[140.102222,36.977547],[140.101772,36.977171],[140.102017,36.976943]]}},{"type":"Feature","properties":{"id":198541119,"highway":"service"},"geometry":{"type":"LineString","coordinates":[[140.152753,36.991704],[140.152391,36.991408]]}},{"type":"Feature","properties":{"id":198541135,"highway":"service"},"geometry":{"type":"LineString","coordinates":[[140.150841,36.991773],[140.15053,36.991852]]}},{"type":"Feature","properties":{"id":198541159,"highway":"service"},"geometry":{"type":"LineString","coordinates":[[140.104168,36.979142],[140.105051,36.978453],[140.105864,36.977839]]}},{"type":"Feature","properties":{"id":198541169,"highway":"service"},"geometry":{"type":"LineString","coordinates":[[140.141984,36.945267],[140.142068,36.945423],[140.142904,36.946561],[140.143189,36.94694],[140.144466,36.948697],[140.144534,36.948789],[140.145089,36.949538],[140.145572,36.950419]]}},{"type":"Feature","properties":{"id":198541201,"highway":"unclassified"},"geometry":{"type":"LineString","coordinates":[[140.184109,36.963236],[140.184498,36.963303]]}},{"type":"Feature","properties":{"id":198541203,"highway":"service"},"geometry":{"type":"LineString","coordinates":[[140.102017,36.976943],[140.102237,36.977032]]}},{"type":"Feature","properties":{"id":198541244,"highway":"service"},"geometry":{"type":"LineString","coordinates":[[140.146397,36.978032],[140.146271,36.977874],[140.146166,36.977656],[140.14614,36.97753],[140.146148,36.977406],[140.146164,36.977346],[140.146189,36.977288],[140.146238,36.977214],[140.146363,36.977036],[140.146477,36.976881],[140.146527,36.976794],[140.146553,36.976718],[140.146567,36.976681],[140.146566,36.976585],[140.146541,36.976549],[140.146506,36.97651],[140.146433,36.976439],[140.146302,36.976266],[140.146232,36.976174],[140.146154,36.976056]]}},{"type":"Feature","properties":{"id":198541270,"highway":"tertiary"},"geometry":{"type":"LineString","coordinates":[[140.122496,37.005207],[140.122305,37.004939],[140.122261,37.004859],[140.12223,37.004777],[140.122214,37.004681],[140.122187,37.004275],[140.122151,37.00387],[140.122136,37.003635],[140.12214,37.003391],[140.122155,37.003209],[140.122173,37.003077],[140.122189,37.002948],[140.122227,37.002802],[140.122283,37.002677],[140.122537,37.002091],[140.122562,37.002001],[140.12261,37.001741],[140.122617,37.00165],[140.122605,37.001577],[140.122548,37.00149],[140.122458,37.001379],[140.122405,37.001297],[140.122355,37.001194],[140.122336,37.001134],[140.122312,37.001026],[140.122307,37.000935],[140.122257,37.000401],[140.122222,37.000272],[140.12217,37.000169],[140.122122,37.000101],[140.121982,36.999931],[140.121936,36.999835],[140.121916,36.999752],[140.121905,36.999551],[140.121933,36.999273],[140.12195,36.999178],[140.122106,36.998691],[140.122133,36.998592],[140.122142,36.998517],[140.122133,36.998369],[140.122115,36.998307],[140.122072,36.99823],[140.121945,36.998037],[140.121827,36.997801],[140.12179,36.997697],[140.121758,36.997628],[140.121685,36.99749],[140.121479,36.997096],[140.121282,36.996836],[140.121001,36.996597],[140.120681,36.996334],[140.120443,36.996191]]}},{"type":"Feature","properties":{"id":198541273,"highway":"unclassified"},"geometry":{"type":"LineString","coordinates":[[140.174259,36.995486],[140.174005,36.995538],[140.173688,36.995644],[140.173571,36.995676],[140.173113,36.995838],[140.172918,36.995943],[140.172568,36.996176],[140.171885,36.996591],[140.171793,36.996643],[140.171688,36.996678],[140.171552,36.996692],[140.171364,36.996697],[140.171078,36.99667],[140.170842,36.996639],[140.170656,36.996604],[140.170574,36.996569],[140.170505,36.996527],[140.170407,36.996431],[140.170253,36.996234],[140.170133,36.996133],[140.16979,36.995883],[140.169525,36.995713],[140.169269,36.995504],[140.169194,36.995455],[140.16904,36.995397],[140.16866,36.995281],[140.168509,36.995234],[140.168399,36.995192],[140.168244,36.995121],[140.167977,36.994972],[140.167779,36.994844]]}},{"type":"Feature","properties":{"id":198541287,"highway":"unclassified"},"geometry":{"type":"LineString","coordinates":[[140.160245,36.976323],[140.160388,36.976326],[140.160455,36.976342],[140.160503,36.976362],[140.16065,36.976549],[140.16071,36.976602],[140.161001,36.976752],[140.161091,36.976814],[140.16117,36.976908],[140.161228,36.977019],[140.161271,36.977125],[140.161395,36.977462],[140.161459,36.97776],[140.16157,36.978098],[140.16161,36.978219],[140.161632,36.978285],[140.16165,36.978358],[140.161691,36.978826],[140.16166,36.978938],[140.161615,36.979015],[140.161535,36.979106],[140.161196,36.979456],[140.161128,36.979507],[140.160782,36.979698],[140.160606,36.979835],[140.160453,36.979996],[140.160406,36.980031],[140.160322,36.980062]]}},{"type":"Feature","properties":{"id":198541299,"highway":"unclassified"},"geometry":{"type":"LineString","coordinates":[[140.155255,36.987804],[140.155096,36.988087],[140.155047,36.988134],[140.154957,36.988203],[140.154425,36.988477],[140.154109,36.988628],[140.153902,36.988717],[140.153673,36.988802],[140.153454,36.988859],[140.153243,36.988903],[140.152799,36.988984],[140.152704,36.989025],[140.152625,36.989087],[140.152571,36.989173],[140.152525,36.989377],[140.152486,36.989455],[140.152441,36.989513],[140.152378,36.989554],[140.152301,36.989582],[140.152204,36.989596],[140.152053,36.989584],[140.151696,36.989561],[140.15135,36.98955],[140.151217,36.989541],[140.150694,36.989472],[140.150427,36.989444],[140.150201,36.989407],[140.150097,36.98939]]}},{"type":"Feature","properties":{"id":198541302,"highway":"service"},"geometry":{"type":"LineString","coordinates":[[140.164077,36.964878],[140.163874,36.964609],[140.163783,36.964313],[140.163696,36.964124],[140.163453,36.963545],[140.163427,36.963477],[140.163411,36.963392],[140.163415,36.963319],[140.163454,36.963266],[140.163613,36.963102],[140.163694,36.963024],[140.163719,36.962988],[140.163722,36.962925],[140.163666,36.96286],[140.163416,36.962567],[140.163403,36.962466],[140.163383,36.96239],[140.16329,36.962333],[140.163238,36.962261],[140.163231,36.962134],[140.163259,36.961993],[140.163273,36.961929],[140.163265,36.961768]]}},{"type":"Feature","properties":{"id":198541309,"highway":"service"},"geometry":{"type":"LineString","coordinates":[[140.168592,36.972559],[140.168372,36.972059],[140.168303,36.971857],[140.168281,36.971553],[140.168183,36.970939],[140.16814,36.970792],[140.167832,36.970067],[140.16772,36.96983],[140.167448,36.969366],[140.167413,36.969347],[140.167334,36.969356],[140.166968,36.969527],[140.166897,36.969521],[140.166787,36.969425],[140.166228,36.968443],[140.165952,36.968009],[140.165789,36.967861],[140.165681,36.967773],[140.165612,36.967675],[140.165494,36.967432],[140.165385,36.967275],[140.165162,36.966976],[140.164886,36.966568],[140.164801,36.966421],[140.164612,36.966028],[140.164423,36.965627],[140.164305,36.965379],[140.164077,36.964878]]}},{"type":"Feature","properties":{"id":198541315,"highway":"service"},"geometry":{"type":"LineString","coordinates":[[140.154123,36.968123],[140.154005,36.96816],[140.15386,36.968208],[140.153665,36.968269],[140.153488,36.968317],[140.153394,36.968363],[140.153322,36.968429],[140.153281,36.9685],[140.153241,36.968578],[140.153211,36.968605],[140.153155,36.968641],[140.153086,36.96868],[140.152995,36.968721],[140.152894,36.968767],[140.1527,36.968845],[140.152539,36.968927],[140.152364,36.969053],[140.152298,36.969066],[140.15198,36.96906]]}},{"type":"Feature","properties":{"id":198541343,"highway":"service"},"geometry":{"type":"LineString","coordinates":[[140.150929,36.986714],[140.150695,36.986741],[140.150566,36.98674],[140.150494,36.986727],[140.150193,36.986685],[140.150106,36.98666],[140.150069,36.98663],[140.150067,36.986604],[140.150091,36.986579],[140.150134,36.98655],[140.150319,36.986432],[140.15035,36.986412],[140.150364,36.986385],[140.150364,36.986351],[140.15034,36.986308],[140.150299,36.98627],[140.150235,36.986253],[140.149977,36.9862],[140.149813,36.986137],[140.149665,36.986015],[140.149578,36.985924]]}},{"type":"Feature","properties":{"id":198541347,"highway":"unclassified"},"geometry":{"type":"LineString","coordinates":[[140.156289,37.00391],[140.155928,37.003837],[140.155657,37.003782],[140.155548,37.003756],[140.155407,37.003701],[140.155247,37.003622],[140.155136,37.003562],[140.154997,37.003489],[140.154877,37.003395],[140.15467,37.00319],[140.154475,37.002965],[140.15433,37.002757],[140.153858,37.00191],[140.153726,37.001621],[140.153619,37.001303],[140.153553,37.001227],[140.153485,37.001185],[140.153382,37.001146],[140.153135,37.001094],[140.152682,37.000992],[140.152332,37.000847],[140.152111,37.000804],[140.151504,37.000735],[140.151313,37.000721],[140.151194,37.000697],[140.151056,37.000639],[140.150729,37.000407],[140.150446,37.000237],[140.150309,37.000181],[140.150184,37.00013],[140.150074,37.000056],[140.149964,36.999955]]}},{"type":"Feature","properties":{"id":198541352,"highway":"unclassified"},"geometry":{"type":"LineString","coordinates":[[140.190343,37.004029],[140.190348,37.003944],[140.190246,37.003146],[140.190185,37.002896],[140.190072,37.002602],[140.190014,37.002375],[140.189995,37.001951],[140.189978,37.001796],[140.189874,37.001361],[140.189846,37.00112],[140.189865,37.000987],[140.189943,37.000827],[140.190089,37.000582],[140.19038,37.000239],[140.190449,37.000139],[140.190497,37.000049],[140.19051,37.000003],[140.190527,36.999941],[140.190574,36.999568],[140.190615,36.999148],[140.190629,36.999079],[140.190674,36.998993],[140.190768,36.998871],[140.190884,36.998699],[140.191174,36.998055],[140.191365,36.99749],[140.191467,36.997262],[140.191512,36.997162],[140.19164,36.996868],[140.191794,36.99651],[140.191865,36.996365]]}},{"type":"Feature","properties":{"id":198541360,"highway":"unclassified"},"geometry":{"type":"LineString","coordinates":[[140.159401,36.971871],[140.159977,36.97183],[140.161029,36.971768],[140.161211,36.972559],[140.161231,36.972667],[140.161233,36.972719],[140.16122,36.972793],[140.161188,36.972848],[140.160994,36.97305],[140.160964,36.973081],[140.160931,36.973129],[140.160822,36.973379],[140.16079,36.973423],[140.160752,36.973447],[140.160675,36.97348],[140.159943,36.973643]]}},{"type":"Feature","properties":{"id":198541367,"highway":"service"},"geometry":{"type":"LineString","coordinates":[[140.166657,37.001666],[140.166617,37.001661],[140.166572,37.001636],[140.16624,37.001309],[140.166126,37.001226],[140.165884,37.001109],[140.164911,37.000858],[140.164175,37.000696],[140.163823,37.000604],[140.163485,37.00049],[140.163332,37.000451],[140.163214,37.000413],[140.162999,37.000283],[140.16291,37.000204],[140.162792,37.000017],[140.162689,36.999895],[140.162314,36.999703],[140.16221,36.999635],[140.162164,36.999574],[140.162068,36.999349],[140.162026,36.999268],[140.161955,36.99922],[140.161734,36.99912],[140.16144,36.998966],[140.161326,36.998853],[140.161236,36.998735],[140.161152,36.998662],[140.16105,36.998587],[140.16091,36.998523],[140.160789,36.998492],[140.160629,36.998482],[140.160542,36.99848]]}},{"type":"Feature","properties":{"id":198541389,"highway":"service"},"geometry":{"type":"LineString","coordinates":[[140.195467,36.955114],[140.195289,36.954441],[140.195241,36.954289],[140.195215,36.954229],[140.195167,36.954178],[140.194827,36.954039],[140.194779,36.95401],[140.194725,36.953967],[140.194715,36.953902],[140.194728,36.95381],[140.19475,36.953702],[140.19479,36.953573],[140.195015,36.953285],[140.195309,36.952987],[140.195681,36.95257],[140.195794,36.952384],[140.195969,36.95182],[140.196032,36.951584],[140.196138,36.951392],[140.196159,36.951117],[140.196201,36.951025],[140.196474,36.950609],[140.196573,36.950406],[140.196594,36.950062],[140.19665,36.949876],[140.196899,36.949347]]}},{"type":"Feature","properties":{"id":198541401,"highway":"unclassified"},"geometry":{"type":"LineString","coordinates":[[140.146099,36.962743],[140.145997,36.963728],[140.145978,36.963875],[140.145945,36.964023],[140.145894,36.964197],[140.145841,36.964338],[140.14568,36.964642],[140.14558,36.965063],[140.145592,36.965162],[140.145639,36.965241],[140.145708,36.9653],[140.145893,36.965481],[140.145927,36.965531],[140.145927,36.965572],[140.145917,36.965665],[140.145752,36.966118],[140.145723,36.96621],[140.145728,36.966259],[140.145767,36.966297],[140.145871,36.966329],[140.146014,36.966379],[140.146294,36.966491],[140.146488,36.966602],[140.146564,36.966709]]}},{"type":"Feature","properties":{"id":198541458,"highway":"unclassified"},"geometry":{"type":"LineString","coordinates":[[140.134175,36.952758],[140.134497,36.95208],[140.134976,36.951169],[140.135112,36.950836],[140.135125,36.950676],[140.135147,36.950267],[140.135174,36.949987],[140.135265,36.949833],[140.135339,36.949629],[140.135259,36.948556],[140.135258,36.948355],[140.135472,36.947688],[140.135586,36.947142],[140.135985,36.945548],[140.136012,36.945502],[140.136063,36.945479],[140.136574,36.945519],[140.136805,36.945494],[140.13732,36.945331],[140.137417,36.945269],[140.137925,36.944743],[140.138289,36.944333],[140.138383,36.944228],[140.138679,36.943895],[140.139125,36.943407]]}},{"type":"Feature","properties":{"id":198541460,"highway":"service"},"geometry":{"type":"LineString","coordinates":[[140.11389,36.994741],[140.113607,36.994598],[140.113388,36.99451],[140.113167,36.994449],[140.112936,36.994405],[140.112757,36.994359],[140.112658,36.99432],[140.112559,36.994268],[140.112389,36.994188],[140.112214,36.994124],[140.112004,36.994069],[140.111876,36.994042],[140.111755,36.994051],[140.111526,36.994108],[140.111357,36.994142],[140.111173,36.994164],[140.110855,36.994163],[140.110834,36.994165],[140.110756,36.994174],[140.11058,36.994215],[140.110365,36.994304],[140.110121,36.994361],[140.109821,36.994435]]}},{"type":"Feature","properties":{"id":198541464,"highway":"unclassified"},"geometry":{"type":"LineString","coordinates":[[140.19715,36.981913],[140.197023,36.982033],[140.196911,36.982124],[140.196611,36.98232],[140.196464,36.982433],[140.196347,36.98255],[140.196236,36.982733],[140.196168,36.982889],[140.196106,36.983225],[140.196077,36.983344],[140.195958,36.983737],[140.195836,36.984069],[140.195535,36.984617],[140.195243,36.985117],[140.195162,36.985255],[140.195122,36.985371],[140.195068,36.985668],[140.195019,36.985862],[140.194968,36.985994],[140.19492,36.986086],[140.194861,36.986171],[140.194775,36.986244],[140.194691,36.986287],[140.194578,36.986324],[140.194243,36.986412],[140.194165,36.986434],[140.194054,36.986473],[140.193979,36.986522],[140.193924,36.986565]]}},{"type":"Feature","properties":{"id":198541466,"highway":"unclassified"},"geometry":{"type":"LineString","coordinates":[[140.143245,36.956777],[140.143355,36.95685],[140.143418,36.956962],[140.143444,36.957083],[140.143488,36.957144],[140.144007,36.957586],[140.144468,36.957888],[140.144538,36.95795],[140.144911,36.958408],[140.144989,36.95847],[140.145115,36.958519],[140.145277,36.958548],[140.145482,36.958626],[140.14565,36.958726],[140.145885,36.958945],[140.146008,36.959068],[140.146054,36.959159],[140.146132,36.959576],[140.146238,36.959953],[140.146326,36.960175],[140.146477,36.960481],[140.146525,36.960624],[140.146555,36.960815],[140.146553,36.960955],[140.146505,36.961087],[140.14619,36.96174],[140.146165,36.961863],[140.146165,36.962166],[140.146099,36.962743]]}},{"type":"Feature","properties":{"id":198541468,"highway":"unclassified"},"geometry":{"type":"LineString","coordinates":[[140.118061,36.927078],[140.117878,36.926976],[140.117064,36.926505],[140.116977,36.926487],[140.116875,36.926494],[140.116735,36.926522],[140.116596,36.926575],[140.116431,36.92667],[140.116271,36.926773],[140.115662,36.927207],[140.115594,36.927235],[140.115522,36.927252],[140.115432,36.92725],[140.115348,36.927229],[140.115282,36.927186],[140.115266,36.927166],[140.115002,36.926809],[140.114993,36.926779],[140.114997,36.92676],[140.115001,36.926745],[140.115022,36.926724],[140.115519,36.926434],[140.1163,36.926021],[140.116374,36.925977],[140.116424,36.925937],[140.116745,36.925632],[140.116989,36.925401],[140.117554,36.924853]]}},{"type":"Feature","properties":{"id":198541474,"highway":"unclassified"},"geometry":{"type":"LineString","coordinates":[[140.127328,36.933813],[140.127535,36.933768],[140.127841,36.933744],[140.128249,36.93374],[140.128354,36.933721],[140.128966,36.933524],[140.129144,36.933439],[140.129307,36.933317],[140.129404,36.933211],[140.130028,36.932261],[140.130489,36.931566],[140.130597,36.931445],[140.130907,36.931196],[140.131026,36.931094],[140.131134,36.930979],[140.131271,36.930803],[140.131486,36.930524],[140.131574,36.930426],[140.131674,36.930343],[140.131781,36.93028],[140.131867,36.930243],[140.131968,36.930212],[140.133308,36.929902]]}},{"type":"Feature","properties":{"id":198541476,"highway":"service"},"geometry":{"type":"LineString","coordinates":[[140.169609,36.999952],[140.169545,36.999984],[140.169481,36.999992],[140.169419,36.999987],[140.169316,36.999971],[140.169178,36.99993],[140.169077,36.999916],[140.168993,36.999926],[140.168861,36.999953],[140.168738,36.999993],[140.168679,37.000018],[140.168624,37.000056],[140.168575,37.000104],[140.168451,37.00031],[140.168391,37.000391],[140.168351,37.000425],[140.168202,37.000469],[140.167995,37.000502],[140.167908,37.000531],[140.167855,37.000585],[140.167756,37.000724],[140.167639,37.000942],[140.167608,37.001054],[140.16759,37.001235],[140.167573,37.001307],[140.167538,37.001357],[140.167493,37.001384],[140.166696,37.001654],[140.166657,37.001666]]}},{"type":"Feature","properties":{"id":198541479,"highway":"unclassified"},"geometry":{"type":"LineString","coordinates":[[140.200233,36.978855],[140.200154,36.978872],[140.200099,36.978881],[140.20003,36.978887],[140.199919,36.978888],[140.199688,36.978876],[140.199445,36.978868],[140.199318,36.978883],[140.199184,36.978915],[140.199156,36.978922],[140.198717,36.97905],[140.198648,36.97907],[140.198512,36.979121],[140.198409,36.979169],[140.198316,36.979239],[140.198262,36.979312],[140.198213,36.979408],[140.198189,36.979481],[140.198186,36.979558],[140.198205,36.97976],[140.198212,36.979857],[140.198216,36.979952],[140.198207,36.98003],[140.198192,36.980101],[140.198145,36.980209],[140.198072,36.980327],[140.197999,36.98042],[140.197926,36.980494],[140.197775,36.980626],[140.197703,36.980688],[140.197637,36.980754],[140.197601,36.980818],[140.197581,36.980893],[140.19756,36.980986],[140.197554,36.981277],[140.197531,36.981351],[140.1975,36.981419],[140.197463,36.981479],[140.197221,36.981815],[140.19715,36.981913]]}},{"type":"Feature","properties":{"id":198541481,"highway":"service"},"geometry":{"type":"LineString","coordinates":[[140.146819,36.982641],[140.146999,36.982637],[140.147263,36.982621],[140.147417,36.982601],[140.14754,36.982543],[140.147605,36.982464],[140.147634,36.982358],[140.147624,36.982137],[140.147601,36.981963],[140.147502,36.981519],[140.147392,36.981209],[140.14735,36.981124],[140.147182,36.980868],[140.147077,36.98072],[140.146944,36.980446],[140.146879,36.980237],[140.146825,36.979795],[140.146787,36.97969],[140.146753,36.979624],[140.146673,36.979528],[140.14625,36.979142],[140.146131,36.978961],[140.146089,36.978854],[140.146061,36.978651],[140.146061,36.978533],[140.146103,36.978387],[140.146222,36.978212],[140.14632,36.978094],[140.146397,36.978032],[140.146481,36.977981],[140.146652,36.977915],[140.146958,36.977873],[140.147258,36.977841],[140.147471,36.977879],[140.147609,36.977916],[140.147713,36.977949],[140.147859,36.978026]]}},{"type":"Feature","properties":{"id":198541490,"highway":"service"},"geometry":{"type":"LineString","coordinates":[[140.142621,36.986882],[140.142501,36.986897],[140.142392,36.987074],[140.142284,36.987316],[140.14222,36.987505],[140.142179,36.987792],[140.1421,36.988113],[140.142074,36.98834],[140.142088,36.988387],[140.142118,36.988419],[140.142283,36.98853],[140.142343,36.988557],[140.142418,36.988564],[140.142481,36.988559],[140.142533,36.988537],[140.142566,36.988502],[140.142591,36.988457],[140.142682,36.988184],[140.142721,36.988111],[140.142787,36.988037],[140.142857,36.98799],[140.142966,36.987869],[140.143135,36.987764],[140.143475,36.987666],[140.143689,36.987588]]}},{"type":"Feature","properties":{"id":198541491,"highway":"unclassified"},"geometry":{"type":"LineString","coordinates":[[140.151889,36.956223],[140.151796,36.956202],[140.151706,36.956159],[140.151631,36.956106],[140.151542,36.956017],[140.151298,36.955746],[140.150994,36.955372],[140.150593,36.955056],[140.15024,36.95479],[140.150111,36.954653],[140.150055,36.954561],[140.150001,36.954453],[140.149963,36.954323],[140.14992,36.954253],[140.149698,36.954073],[140.149508,36.953922],[140.149409,36.953831],[140.149324,36.953746],[140.149172,36.953588],[140.148995,36.953383],[140.148819,36.953195],[140.148583,36.952982],[140.147625,36.952303],[140.147546,36.952267],[140.147465,36.952244],[140.147334,36.952232],[140.147148,36.952223],[140.146645,36.952227],[140.146539,36.952228]]}},{"type":"Feature","properties":{"id":198541554,"highway":"service"},"geometry":{"type":"LineString","coordinates":[[140.136485,36.964065],[140.1371,36.963603],[140.137951,36.963036],[140.138553,36.962657],[140.138703,36.962555],[140.138634,36.962312],[140.138561,36.961973],[140.13754,36.961711],[140.137704,36.961318]]}},{"type":"Feature","properties":{"id":198541557,"highway":"service"},"geometry":{"type":"LineString","coordinates":[[140.104723,36.996483],[140.105166,36.995969],[140.105304,36.995804],[140.105401,36.99565],[140.105451,36.995529],[140.105501,36.995365],[140.105621,36.9951]]}},{"type":"Feature","properties":{"id":198541558,"highway":"service"},"geometry":{"type":"LineString","coordinates":[[140.150548,36.992374],[140.150803,36.992301],[140.151182,36.992211]]}},{"type":"Feature","properties":{"id":198541561,"highway":"unclassified"},"geometry":{"type":"LineString","coordinates":[[140.109821,36.994435],[140.109755,36.994645],[140.109715,36.994768]]}},{"type":"Feature","properties":{"id":198541571,"highway":"service"},"geometry":{"type":"LineString","coordinates":[[140.12285,36.995506],[140.122809,36.995269],[140.122749,36.994951]]}},{"type":"Feature","properties":{"id":198541572,"highway":"service"},"geometry":{"type":"LineString","coordinates":[[140.111172,36.982349],[140.111564,36.982157],[140.112246,36.981799],[140.112545,36.981642],[140.112689,36.981552],[140.11276,36.981474],[140.112809,36.981426],[140.112857,36.981394],[140.113046,36.981338],[140.113164,36.981318],[140.113371,36.981307],[140.113634,36.981267],[140.113725,36.98127],[140.11408,36.981298],[140.114183,36.981319],[140.114263,36.981367],[140.114409,36.981491],[140.11451,36.981552],[140.114606,36.981563],[140.114681,36.981559],[140.114771,36.981518],[140.114955,36.981427],[140.115087,36.981346]]}},{"type":"Feature","properties":{"id":198541573,"highway":"unclassified"},"geometry":{"type":"LineString","coordinates":[[140.100593,36.994937],[140.100617,36.994844],[140.100625,36.994774],[140.100624,36.99447],[140.100629,36.994393],[140.100644,36.994325],[140.100657,36.994294],[140.100683,36.994251],[140.100722,36.994214],[140.1009,36.994054],[140.100971,36.994007],[140.101054,36.993971],[140.101184,36.993926],[140.102215,36.993696],[140.103264,36.993457],[140.103404,36.993415],[140.103564,36.993347],[140.103694,36.993279],[140.104071,36.99307]]}},{"type":"Feature","properties":{"id":198541597,"highway":"unclassified"},"geometry":{"type":"LineString","coordinates":[[140.166422,36.995551],[140.166011,36.994775],[140.1659,36.994567],[140.165745,36.994278]]}},{"type":"Feature","properties":{"id":198541603,"highway":"unclassified"},"geometry":{"type":"LineString","coordinates":[[140.135457,36.992875],[140.13529,36.992969],[140.135162,36.993023]]}},{"type":"Feature","properties":{"id":198541605,"highway":"residential"},"geometry":{"type":"LineString","coordinates":[[140.156788,36.984992],[140.156837,36.984996],[140.157734,36.984851]]}},{"type":"Feature","properties":{"id":198541606,"highway":"service"},"geometry":{"type":"LineString","coordinates":[[140.147933,36.986371],[140.148054,36.986294],[140.148221,36.98624],[140.148543,36.986161],[140.14867,36.986097],[140.148788,36.98603],[140.148849,36.986017],[140.149258,36.98596],[140.149578,36.985924],[140.150057,36.985875],[140.150803,36.985793]]}},{"type":"Feature","properties":{"id":198541625,"highway":"service"},"geometry":{"type":"LineString","coordinates":[[140.13565,36.962612],[140.13522,36.963375]]}},{"type":"Feature","properties":{"id":198541626,"highway":"service"},"geometry":{"type":"LineString","coordinates":[[140.136548,36.955174],[140.1371,36.955284]]}},{"type":"Feature","properties":{"id":198541641,"highway":"service"},"geometry":{"type":"LineString","coordinates":[[140.150841,36.991773],[140.150528,36.991214]]}},{"type":"Feature","properties":{"id":198541651,"highway":"residential"},"geometry":{"type":"LineString","coordinates":[[140.141781,36.981595],[140.141803,36.981543],[140.14189,36.981525],[140.142186,36.981528],[140.142387,36.981529],[140.142688,36.981528],[140.142897,36.981538],[140.143312,36.98156],[140.143395,36.981564]]}},{"type":"Feature","properties":{"id":198541681,"highway":"service"},"geometry":{"type":"LineString","coordinates":[[140.143588,36.984705],[140.143484,36.985025],[140.14346,36.985141],[140.14346,36.985225],[140.143488,36.985307],[140.143531,36.985366],[140.143983,36.985836],[140.144282,36.986136],[140.144441,36.986286],[140.144663,36.986518]]}},{"type":"Feature","properties":{"id":198541692,"highway":"service"},"geometry":{"type":"LineString","coordinates":[[140.136866,36.953971],[140.136764,36.953442],[140.13672,36.952978]]}},{"type":"Feature","properties":{"id":198541694,"highway":"service"},"geometry":{"type":"LineString","coordinates":[[140.122614,36.994342],[140.122674,36.994587],[140.122749,36.994951]]}},{"type":"Feature","properties":{"id":198541700,"highway":"tertiary"},"geometry":{"type":"LineString","coordinates":[[140.103049,36.976872],[140.10272,36.976734],[140.102632,36.976687],[140.102368,36.976547]]}},{"type":"Feature","properties":{"id":198541722,"highway":"tertiary"},"geometry":{"type":"LineString","coordinates":[[140.149998,36.944646],[140.149991,36.944755],[140.149971,36.944847],[140.149827,36.945379],[140.149759,36.945627],[140.149734,36.945785],[140.14972,36.945912],[140.149715,36.945958],[140.149698,36.9461],[140.149631,36.94683],[140.149621,36.9469],[140.149611,36.946971],[140.149588,36.947084],[140.149554,36.947219],[140.149509,36.947355],[140.149458,36.94751],[140.149257,36.948204],[140.149233,36.94833],[140.149208,36.948493],[140.149205,36.948622],[140.149221,36.94875],[140.149242,36.9489],[140.149281,36.949057],[140.149346,36.949239],[140.149464,36.94948],[140.149502,36.949593],[140.149516,36.949684],[140.149517,36.949815],[140.149507,36.94999],[140.149464,36.950103],[140.1494,36.950179]]}},{"type":"Feature","properties":{"id":198541736,"highway":"service"},"geometry":{"type":"LineString","coordinates":[[140.11268,36.978682],[140.112668,36.978726],[140.112612,36.978945],[140.112579,36.979211],[140.112552,36.979459]]}},{"type":"Feature","properties":{"id":198541756,"highway":"unclassified"},"geometry":{"type":"LineString","coordinates":[[140.108836,36.989322],[140.108784,36.989285],[140.107182,36.988166],[140.106467,36.987659]]}},{"type":"Feature","properties":{"id":198541773,"highway":"service"},"geometry":{"type":"LineString","coordinates":[[140.100301,36.991357],[140.100588,36.991447],[140.100783,36.991504]]}},{"type":"Feature","properties":{"id":198541776,"highway":"service"},"geometry":{"type":"LineString","coordinates":[[140.122721,36.988844],[140.122723,36.988759],[140.122828,36.988557],[140.122908,36.988408],[140.123034,36.98811],[140.123132,36.988],[140.123259,36.987848],[140.123337,36.987726],[140.123369,36.987626],[140.123385,36.987449],[140.123382,36.986801],[140.123349,36.98647],[140.123354,36.9864],[140.123378,36.986288],[140.1234,36.986226]]}},{"type":"Feature","properties":{"id":198541780,"highway":"tertiary"},"geometry":{"type":"LineString","coordinates":[[140.153029,36.98637],[140.152975,36.986426],[140.152967,36.986446],[140.152955,36.986476],[140.152966,36.986534],[140.153033,36.986652],[140.153116,36.986755],[140.153248,36.986891],[140.153515,36.987125],[140.153783,36.98735],[140.154029,36.987495],[140.15422,36.987601],[140.154361,36.987665],[140.154561,36.987735],[140.154766,36.987768],[140.154998,36.987793],[140.155255,36.987804],[140.155515,36.98779],[140.155763,36.987768],[140.15594,36.987744]]}},{"type":"Feature","properties":{"id":198541783,"highway":"service"},"geometry":{"type":"LineString","coordinates":[[140.11268,36.978682],[140.112701,36.978604],[140.112748,36.978394],[140.112868,36.977862],[140.113033,36.977154]]}},{"type":"Feature","properties":{"id":198541784,"highway":"service"},"geometry":{"type":"LineString","coordinates":[[140.151063,36.993425],[140.151126,36.992803],[140.151182,36.992211]]}},{"type":"Feature","properties":{"id":198541833,"highway":"unclassified"},"geometry":{"type":"LineString","coordinates":[[140.158081,36.971962],[140.158603,36.971935],[140.159401,36.971871]]}},{"type":"Feature","properties":{"id":198541845,"highway":"service"},"geometry":{"type":"LineString","coordinates":[[140.123182,36.99776],[140.12324,36.997092],[140.123247,36.997018],[140.123122,36.996785],[140.1226,36.995821],[140.12252,36.995719],[140.122392,36.995561]]}},{"type":"Feature","properties":{"id":198541849,"highway":"unclassified"},"geometry":{"type":"LineString","coordinates":[[140.157973,36.971953],[140.158081,36.971962]]}},{"type":"Feature","properties":{"id":198541878,"highway":"unclassified"},"geometry":{"type":"LineString","coordinates":[[140.160296,36.980648],[140.160215,36.980603],[140.16019,36.980578],[140.159987,36.980281],[140.159905,36.980199]]}},{"type":"Feature","properties":{"id":198541885,"highway":"residential"},"geometry":{"type":"LineString","coordinates":[[140.149558,36.989096],[140.149635,36.989009],[140.150072,36.988497],[140.150201,36.988351],[140.150369,36.98816],[140.150437,36.988084],[140.150613,36.987884]]}},{"type":"Feature","properties":{"id":198541887,"highway":"service"},"geometry":{"type":"LineString","coordinates":[[140.12193,36.995067],[140.121961,36.995218],[140.121987,36.995249],[140.122392,36.995561]]}},{"type":"Feature","properties":{"id":198541902,"highway":"service"},"geometry":{"type":"LineString","coordinates":[[140.103868,36.979803],[140.103855,36.980087],[140.103858,36.980701],[140.103847,36.980966],[140.103897,36.981602],[140.103916,36.981813],[140.10393,36.981908],[140.103959,36.982054],[140.103956,36.982177],[140.103925,36.982295],[140.103896,36.982355]]}},{"type":"Feature","properties":{"id":198541911,"highway":"unclassified"},"geometry":{"type":"LineString","coordinates":[[140.142498,36.955412],[140.142551,36.95543],[140.142814,36.955518],[140.142929,36.955557],[140.143198,36.955647],[140.143709,36.955823]]}},{"type":"Feature","properties":{"id":198541912,"highway":"tertiary"},"geometry":{"type":"LineString","coordinates":[[140.142994,36.957425],[140.143012,36.957331],[140.143033,36.957248],[140.143069,36.957152],[140.143171,36.956929]]}},{"type":"Feature","properties":{"id":198541914,"highway":"service"},"geometry":{"type":"LineString","coordinates":[[140.13666,36.956082],[140.136161,36.955764]]}},{"type":"Feature","properties":{"id":198541915,"highway":"tertiary"},"geometry":{"type":"LineString","coordinates":[[140.111647,36.98262],[140.111266,36.982403],[140.111172,36.982349]]}},{"type":"Feature","properties":{"id":198541956,"highway":"tertiary"},"geometry":{"type":"LineString","coordinates":[[140.119861,36.987065],[140.11978,36.987018],[140.118448,36.986256],[140.118257,36.986146],[140.118196,36.986114],[140.117929,36.985939],[140.117801,36.985813],[140.117672,36.985595],[140.117578,36.985247],[140.117525,36.985078],[140.117482,36.984978],[140.117416,36.984884],[140.117348,36.984806],[140.117266,36.984743],[140.117156,36.984679],[140.11704,36.984635],[140.1169,36.984599],[140.116295,36.984446],[140.116077,36.98437],[140.115541,36.984135]]}},{"type":"Feature","properties":{"id":198541964,"highway":"unclassified"},"geometry":{"type":"LineString","coordinates":[[140.154373,36.993887],[140.154268,36.99395],[140.154212,36.994011]]}},{"type":"Feature","properties":{"id":198541973,"highway":"service"},"geometry":{"type":"LineString","coordinates":[[140.123549,36.994826],[140.123179,36.994885],[140.122749,36.994951]]}},{"type":"Feature","properties":{"id":198541975,"highway":"unclassified"},"geometry":{"type":"LineString","coordinates":[[140.141313,36.955014],[140.141377,36.955037],[140.141632,36.95513],[140.142078,36.955273],[140.142498,36.955412]]}},{"type":"Feature","properties":{"id":198541980,"highway":"service"},"geometry":{"type":"LineString","coordinates":[[140.144466,36.948697],[140.143583,36.949127]]}},{"type":"Feature","properties":{"id":198541986,"highway":"service"},"geometry":{"type":"LineString","coordinates":[[140.136161,36.955764],[140.136345,36.955489],[140.136548,36.955174]]}},{"type":"Feature","properties":{"id":198542028,"highway":"residential"},"geometry":{"type":"LineString","coordinates":[[140.156646,36.984939],[140.156788,36.984992]]}},{"type":"Feature","properties":{"id":198542050,"highway":"unclassified"},"geometry":{"type":"LineString","coordinates":[[140.156788,36.972099],[140.157007,36.972086],[140.157723,36.971971]]}},{"type":"Feature","properties":{"id":198542073,"highway":"service"},"geometry":{"type":"LineString","coordinates":[[140.152753,36.991704],[140.151982,36.992025],[140.151182,36.992211]]}},{"type":"Feature","properties":{"id":198542085,"highway":"unclassified"},"geometry":{"type":"LineString","coordinates":[[140.157515,36.943178],[140.157447,36.943138],[140.157335,36.943061],[140.157167,36.942952],[140.157015,36.942853],[140.15694,36.942804],[140.15683,36.942768],[140.156722,36.942756],[140.156634,36.942769],[140.156547,36.942809],[140.155925,36.94311],[140.155868,36.943165],[140.155835,36.943229],[140.155843,36.943285],[140.155872,36.943324],[140.156042,36.943512],[140.156077,36.943616],[140.156074,36.943708],[140.155976,36.943906],[140.155893,36.944051],[140.155815,36.944175],[140.155722,36.944267],[140.155594,36.944318],[140.15539,36.944339],[140.154877,36.944367],[140.154725,36.944353],[140.154117,36.944237],[140.153817,36.944176],[140.153715,36.944145],[140.153544,36.944064],[140.153249,36.943909],[140.153111,36.943833]]}},{"type":"Feature","properties":{"id":198542092,"highway":"unclassified"},"geometry":{"type":"LineString","coordinates":[[140.181539,36.959957],[140.181524,36.960288],[140.18153,36.960387],[140.18154,36.960457],[140.181559,36.960516],[140.181578,36.960547],[140.18171,36.960676],[140.182205,36.961054],[140.182286,36.961104],[140.1824,36.961178],[140.182446,36.961228],[140.18248,36.961275],[140.18255,36.961407],[140.182576,36.961456],[140.182588,36.961502],[140.182586,36.961547],[140.182403,36.961892],[140.182391,36.961939],[140.1824,36.962009],[140.182422,36.962052],[140.182457,36.962104],[140.182587,36.962197],[140.182765,36.962303],[140.182882,36.962357],[140.182999,36.962395],[140.183275,36.962483],[140.183361,36.96252],[140.183424,36.962564],[140.183577,36.962704],[140.18391,36.963064],[140.183997,36.963181],[140.184025,36.963208],[140.18406,36.963224],[140.184109,36.963236]]}},{"type":"Feature","properties":{"id":198542103,"highway":"service"},"geometry":{"type":"LineString","coordinates":[[140.179201,36.986323],[140.179198,36.986255],[140.179243,36.986188],[140.179375,36.986116],[140.179586,36.98607],[140.179836,36.986023],[140.179945,36.985984],[140.180003,36.985948],[140.180038,36.985892],[140.180037,36.985838],[140.179974,36.985792],[140.179633,36.985689],[140.179224,36.985601],[140.178868,36.985557],[140.178484,36.985484],[140.178125,36.985344],[140.177785,36.985196],[140.177558,36.985062],[140.177308,36.984893],[140.176862,36.984614],[140.176347,36.984254],[140.176037,36.984037],[140.175884,36.98387],[140.175539,36.983646],[140.175073,36.983443],[140.174888,36.983319],[140.174757,36.983285],[140.1745,36.983249],[140.174339,36.983201],[140.174204,36.983111],[140.173914,36.98283],[140.173633,36.98245],[140.173493,36.982324],[140.172962,36.981962],[140.172517,36.981569],[140.171964,36.981175],[140.171784,36.981071],[140.171464,36.98086],[140.171281,36.980766],[140.171073,36.980683],[140.17066,36.980547],[140.170545,36.980488],[140.170443,36.980416],[140.170388,36.980367],[140.170372,36.980322],[140.170401,36.980267],[140.170503,36.980171],[140.170526,36.980092],[140.17049,36.979964],[140.170433,36.979802],[140.17038,36.979552],[140.170326,36.979216],[140.17031,36.979005],[140.170239,36.978836],[140.170113,36.978476],[140.169836,36.977598],[140.169733,36.977275],[140.169633,36.976997],[140.169426,36.976429],[140.169156,36.975734],[140.168941,36.975029],[140.168851,36.974744],[140.168815,36.974334],[140.168813,36.973954],[140.168731,36.973407],[140.16872,36.973153],[140.168736,36.972876],[140.168592,36.972559]]}},{"type":"Feature","properties":{"id":198542121,"highway":"service"},"geometry":{"type":"LineString","coordinates":[[140.1198,36.983807],[140.11985,36.983943],[140.119916,36.984163],[140.119939,36.98425],[140.119904,36.984312],[140.119739,36.984477],[140.119659,36.984613],[140.119569,36.984871],[140.119534,36.985029],[140.119496,36.985264],[140.119486,36.985674],[140.11946,36.98583],[140.119386,36.985928],[140.119289,36.985965],[140.119062,36.985991],[140.118609,36.986058],[140.118396,36.98609],[140.118257,36.986146]]}},{"type":"Feature","properties":{"id":198542125,"highway":"unclassified"},"geometry":{"type":"LineString","coordinates":[[140.174195,36.989563],[140.17415,36.989573],[140.174083,36.989609],[140.173924,36.989704],[140.173858,36.98973],[140.173785,36.989732],[140.173571,36.98972],[140.173031,36.989688],[140.172473,36.989681],[140.172242,36.98969],[140.172119,36.989701],[140.172052,36.989714],[140.171965,36.989741],[140.171805,36.989798],[140.171579,36.98989],[140.17049,36.990357],[140.17028,36.990442],[140.170235,36.990471],[140.170209,36.990505],[140.169957,36.990944],[140.169845,36.991147],[140.169677,36.991377],[140.169592,36.991474],[140.169284,36.991709],[140.168855,36.991969],[140.168805,36.991995],[140.168738,36.992022],[140.168646,36.992052],[140.16807,36.992222],[140.167199,36.992486],[140.166943,36.992578],[140.166787,36.992642],[140.166712,36.992672],[140.166604,36.992723],[140.166495,36.992781],[140.166364,36.99285],[140.166217,36.992944]]}},{"type":"Feature","properties":{"id":198542129,"highway":"unclassified"},"geometry":{"type":"LineString","coordinates":[[140.154817,36.93969],[140.15477,36.939679],[140.154685,36.939681],[140.154538,36.939666],[140.154452,36.939637],[140.154314,36.939528],[140.153997,36.939223],[140.153853,36.939044],[140.153591,36.938499],[140.153439,36.938288],[140.153332,36.938186],[140.15324,36.938136],[140.153016,36.938058],[140.152702,36.937976],[140.152332,36.93789],[140.152234,36.937876],[140.152128,36.93789],[140.152028,36.937917],[140.151762,36.938043],[140.151676,36.93811],[140.1516,36.938204],[140.151501,36.938289],[140.151089,36.938499],[140.15101,36.938548],[140.150813,36.938707],[140.150747,36.938758],[140.150681,36.938798],[140.15016,36.938992],[140.150047,36.939057],[140.150013,36.939081],[140.149992,36.939109],[140.149953,36.939209],[140.149925,36.939264],[140.149889,36.939305],[140.149804,36.939365],[140.149507,36.939544],[140.149012,36.939849],[140.148621,36.940086]]}},{"type":"Feature","properties":{"id":198542131,"highway":"service"},"geometry":{"type":"LineString","coordinates":[[140.194825,36.993715],[140.19456,36.993132],[140.194514,36.992992],[140.194513,36.992905],[140.194569,36.992534],[140.194572,36.992497],[140.194565,36.992128],[140.194582,36.991766],[140.194605,36.99172],[140.194656,36.991662],[140.19467,36.991631],[140.194684,36.991489],[140.194713,36.991057],[140.194733,36.990918],[140.194739,36.990826],[140.194701,36.990491],[140.194688,36.990168],[140.19469,36.990037],[140.194673,36.98995],[140.194455,36.989643],[140.194373,36.989485],[140.19433,36.989329],[140.194235,36.989206],[140.193716,36.988679]]}},{"type":"Feature","properties":{"id":198542132,"highway":"service"},"geometry":{"type":"LineString","coordinates":[[140.12478,36.957972],[140.124969,36.957746],[140.12519,36.957437],[140.125421,36.956989],[140.125494,36.956782],[140.12561,36.956611],[140.125982,36.956288],[140.126041,36.956204],[140.126148,36.955948],[140.126198,36.955892],[140.126254,36.955858],[140.126315,36.955844],[140.12638,36.955853],[140.126675,36.955989],[140.126737,36.956003],[140.1268,36.956002],[140.126846,36.955979],[140.126923,36.955876],[140.127259,36.955432],[140.127293,36.955394],[140.127487,36.955221],[140.127561,36.955173],[140.127794,36.955064],[140.127951,36.954969],[140.128094,36.954856],[140.128127,36.954823],[140.128158,36.954786],[140.128239,36.954683],[140.128329,36.954534],[140.128345,36.954442],[140.128346,36.954388],[140.128338,36.95434],[140.128323,36.954286],[140.1283,36.95423],[140.128189,36.95406],[140.128178,36.954041],[140.128175,36.954018],[140.128177,36.953952],[140.128197,36.953896],[140.128232,36.953841],[140.128341,36.953734],[140.128436,36.953647]]}},{"type":"Feature","properties":{"id":198542135,"highway":"unclassified"},"geometry":{"type":"LineString","coordinates":[[140.179201,36.986323],[140.179128,36.986373],[140.179041,36.986462],[140.178988,36.986523],[140.178869,36.986714],[140.178694,36.987035],[140.178641,36.987158],[140.178601,36.98727],[140.178582,36.987366],[140.178566,36.987406],[140.178536,36.987441],[140.178495,36.987466],[140.177964,36.987694],[140.177904,36.987738],[140.177847,36.987792],[140.177737,36.987908],[140.177655,36.988004],[140.177431,36.988359],[140.177304,36.98859],[140.177128,36.988885],[140.17705,36.989008],[140.177003,36.989069],[140.176911,36.989188],[140.176833,36.989264],[140.176737,36.989344],[140.176671,36.989393],[140.176589,36.989435],[140.176392,36.989474],[140.175894,36.989542],[140.175199,36.989627],[140.175125,36.989635],[140.175052,36.989631],[140.174441,36.98957],[140.174257,36.989559],[140.174195,36.989563]]}},{"type":"Feature","properties":{"id":198542162,"highway":"unclassified"},"geometry":{"type":"LineString","coordinates":[[140.153111,36.943833],[140.153252,36.94376],[140.153315,36.943718],[140.153521,36.943544],[140.153547,36.943499],[140.153564,36.943458],[140.153563,36.943397],[140.153513,36.943226],[140.153502,36.94317],[140.153496,36.942954],[140.153452,36.942712],[140.15346,36.942652],[140.153481,36.942587],[140.153577,36.942431],[140.153635,36.942357],[140.153649,36.942327],[140.153665,36.942275],[140.153712,36.942012],[140.153769,36.941881],[140.153886,36.941673],[140.154196,36.941369],[140.154314,36.941239],[140.154416,36.941093],[140.154481,36.940939],[140.154526,36.940773],[140.154545,36.940635],[140.154592,36.940542],[140.154645,36.940494],[140.154691,36.940465],[140.154983,36.940313],[140.155037,36.940283],[140.155079,36.940245],[140.155103,36.940213],[140.155127,36.940166],[140.155139,36.94012],[140.155131,36.940058],[140.155111,36.940014],[140.155061,36.939962],[140.15491,36.939842],[140.154876,36.939788],[140.154853,36.939729],[140.154841,36.939705],[140.154817,36.93969]]}},{"type":"Feature","properties":{"id":198542169,"highway":"residential"},"geometry":{"type":"LineString","coordinates":[[140.162766,36.952724],[140.163219,36.952769],[140.163984,36.952845],[140.164171,36.952864],[140.164249,36.95287]]}},{"type":"Feature","properties":{"id":198542192,"highway":"service"},"geometry":{"type":"LineString","coordinates":[[140.135556,36.953795],[140.136426,36.953912],[140.136866,36.953971]]}},{"type":"Feature","properties":{"id":198542209,"highway":"residential"},"geometry":{"type":"LineString","coordinates":[[140.137719,36.942372],[140.137257,36.94248],[140.136667,36.942624],[140.136061,36.94279]]}},{"type":"Feature","properties":{"id":198542210,"highway":"service"},"geometry":{"type":"LineString","coordinates":[[140.100523,36.975812],[140.100661,36.975855],[140.100757,36.975918],[140.101225,36.976373],[140.10155,36.976598],[140.101778,36.976788],[140.102017,36.976943]]}},{"type":"Feature","properties":{"id":198542249,"highway":"unclassified"},"geometry":{"type":"LineString","coordinates":[[140.154954,36.955218],[140.154779,36.955232],[140.154682,36.955242],[140.154515,36.955232],[140.154399,36.955228],[140.154318,36.955229],[140.154229,36.955245],[140.154102,36.955289]]}},{"type":"Feature","properties":{"id":198542250,"highway":"service"},"geometry":{"type":"LineString","coordinates":[[140.150528,36.991214],[140.151209,36.990994],[140.151688,36.990846]]}},{"type":"Feature","properties":{"id":198542254,"highway":"residential"},"geometry":{"type":"LineString","coordinates":[[140.156281,36.969315],[140.156209,36.968953],[140.156198,36.968748],[140.156192,36.968542]]}},{"type":"Feature","properties":{"id":198542256,"highway":"service"},"geometry":{"type":"LineString","coordinates":[[140.105621,36.9951],[140.105444,36.995058],[140.105253,36.995029],[140.104961,36.995009],[140.104666,36.994993]]}},{"type":"Feature","properties":{"id":198542266,"highway":"tertiary"},"geometry":{"type":"LineString","coordinates":[[140.138357,36.976779],[140.137925,36.976573],[140.137782,36.976517],[140.137724,36.976511],[140.137668,36.976531],[140.137466,36.976666],[140.137427,36.976693],[140.137166,36.97687],[140.136994,36.976975],[140.136531,36.977258]]}},{"type":"Feature","properties":{"id":198542272,"highway":"service"},"geometry":{"type":"LineString","coordinates":[[140.150548,36.992374],[140.150593,36.992173],[140.15059,36.992027],[140.15053,36.991852]]}},{"type":"Feature","properties":{"id":198542274,"highway":"unclassified"},"geometry":{"type":"LineString","coordinates":[[140.13592,36.992459],[140.135885,36.992515],[140.135681,36.992739],[140.135457,36.992875]]}},{"type":"Feature","properties":{"id":198542275,"highway":"service"},"geometry":{"type":"LineString","coordinates":[[140.105818,36.988994],[140.105949,36.988921],[140.106324,36.988753],[140.106679,36.988586],[140.10679,36.988508],[140.107182,36.988166]]}},{"type":"Feature","properties":{"id":198542283,"highway":"service"},"geometry":{"type":"LineString","coordinates":[[140.112435,36.980275],[140.112436,36.980196],[140.112448,36.980118],[140.112527,36.979931],[140.112554,36.979829],[140.112561,36.979704],[140.112549,36.97959],[140.112552,36.979459]]}},{"type":"Feature","properties":{"id":198542290,"highway":"unclassified"},"geometry":{"type":"LineString","coordinates":[[140.165699,36.993252],[140.165657,36.993274],[140.16556,36.993311],[140.165332,36.993432]]}},{"type":"Feature","properties":{"id":198542291,"highway":"service"},"geometry":{"type":"LineString","coordinates":[[140.14248,36.947281],[140.143189,36.94694]]}},{"type":"Feature","properties":{"id":198542323,"highway":"residential"},"geometry":{"type":"LineString","coordinates":[[140.136531,36.977258],[140.136302,36.976954],[140.136101,36.976687],[140.136041,36.976562],[140.136005,36.976444],[140.13601,36.976315],[140.136102,36.976219],[140.136677,36.97574],[140.136849,36.975589],[140.137061,36.975389],[140.137262,36.975199],[140.137356,36.975099],[140.137412,36.975039],[140.137545,36.97489],[140.137611,36.974777],[140.13764,36.97462],[140.137633,36.974175],[140.137632,36.973961],[140.137647,36.973859],[140.137785,36.973379]]}},{"type":"Feature","properties":{"id":198542371,"highway":"unclassified"},"geometry":{"type":"LineString","coordinates":[[140.1606,36.991378],[140.160831,36.991663],[140.161056,36.991917],[140.161189,36.992031]]}},{"type":"Feature","properties":{"id":198542384,"highway":"residential"},"geometry":{"type":"LineString","coordinates":[[140.159604,36.989515],[140.161003,36.989015]]}},{"type":"Feature","properties":{"id":198542390,"highway":"residential"},"geometry":{"type":"LineString","coordinates":[[140.137632,36.973961],[140.137819,36.974103],[140.137937,36.974208],[140.13806,36.974387],[140.138164,36.974587],[140.138214,36.974721],[140.138252,36.974839],[140.138272,36.975007],[140.13827,36.975324],[140.138244,36.975441],[140.138185,36.975543],[140.138119,36.975645],[140.138001,36.975803],[140.137822,36.976018],[140.137505,36.976299],[140.137285,36.976491]]}},{"type":"Feature","properties":{"id":198542395,"highway":"service"},"geometry":{"type":"LineString","coordinates":[[140.152955,36.986476],[140.152888,36.986469],[140.152816,36.98647],[140.152339,36.98653],[140.150929,36.986714]]}},{"type":"Feature","properties":{"id":198542401,"highway":"service"},"geometry":{"type":"LineString","coordinates":[[140.099095,36.990831],[140.099161,36.990941],[140.099221,36.991059],[140.099301,36.991246],[140.099376,36.991366],[140.099755,36.991866],[140.099874,36.992081],[140.099911,36.992121],[140.099999,36.99218],[140.100082,36.992252]]}},{"type":"Feature","properties":{"id":198542409,"highway":"unclassified"},"geometry":{"type":"LineString","coordinates":[[140.193144,36.987016],[140.193087,36.98705],[140.192991,36.987112],[140.192937,36.987162],[140.192743,36.987403],[140.192712,36.987437],[140.192645,36.987487],[140.192595,36.987517],[140.19252,36.987547],[140.192361,36.987595],[140.191858,36.987809],[140.191759,36.987859],[140.191529,36.988022],[140.191468,36.988079],[140.191189,36.988378],[140.191093,36.988456],[140.190805,36.988677],[140.190549,36.988907],[140.190436,36.988964],[140.190288,36.98901],[140.190079,36.989063],[140.189719,36.98912],[140.189324,36.989129],[140.189166,36.98912],[140.188936,36.98908],[140.188676,36.988979],[140.188353,36.988928],[140.187029,36.98886],[140.186145,36.988855],[140.185614,36.988871],[140.185536,36.988864],[140.185487,36.988857],[140.185458,36.988846],[140.185436,36.988832],[140.185416,36.988794],[140.185418,36.988749],[140.185431,36.988726],[140.185456,36.988706],[140.185494,36.988688],[140.185539,36.988675],[140.185642,36.988669],[140.185998,36.988654],[140.186103,36.988641],[140.186173,36.988629],[140.186233,36.988608],[140.186352,36.988518],[140.186389,36.988455],[140.186409,36.988369],[140.1864,36.988112],[140.186411,36.988049],[140.186436,36.987997],[140.186474,36.98794],[140.18649,36.987904],[140.186493,36.987849],[140.186488,36.987818],[140.186439,36.987764],[140.186376,36.987706],[140.186324,36.98767],[140.186257,36.987633],[140.18616,36.987594],[140.186154,36.987593]]}},{"type":"Feature","properties":{"id":198542410,"highway":"tertiary"},"geometry":{"type":"LineString","coordinates":[[140.148935,36.940781],[140.148787,36.940392],[140.148746,36.940296],[140.148703,36.940206],[140.148621,36.940086]]}},{"type":"Feature","properties":{"id":198542414,"highway":"unclassified"},"geometry":{"type":"LineString","coordinates":[[140.159102,36.957568],[140.159159,36.957444],[140.159199,36.957338],[140.159247,36.957204],[140.159273,36.957105],[140.159281,36.957076],[140.159302,36.956992]]}},{"type":"Feature","properties":{"id":198542419,"highway":"unclassified"},"geometry":{"type":"LineString","coordinates":[[140.162279,36.992448],[140.162511,36.992381],[140.163042,36.992213],[140.163126,36.992184]]}},{"type":"Feature","properties":{"id":198542421,"highway":"service"},"geometry":{"type":"LineString","coordinates":[[140.124531,36.957802],[140.124432,36.957024],[140.124354,36.956989],[140.123609,36.956896],[140.123506,36.956955],[140.123047,36.957306],[140.122989,36.95736],[140.122685,36.957665],[140.122679,36.957702],[140.12346,36.958816]]}},{"type":"Feature","properties":{"id":198542449,"highway":"unclassified"},"geometry":{"type":"LineString","coordinates":[[140.136093,36.992196],[140.136056,36.992257],[140.13599,36.992344],[140.13592,36.992459]]}},{"type":"Feature","properties":{"id":198542450,"highway":"service"},"geometry":{"type":"LineString","coordinates":[[140.103868,36.979803],[140.104327,36.980055],[140.104767,36.979735],[140.1051,36.979522],[140.105706,36.979124],[140.106128,36.978766]]}},{"type":"Feature","properties":{"id":198542452,"highway":"unclassified"},"geometry":{"type":"LineString","coordinates":[[140.110903,36.978115],[140.110935,36.977951],[140.110938,36.977843],[140.110874,36.977595]]}},{"type":"Feature","properties":{"id":198542495,"highway":"service"},"geometry":{"type":"LineString","coordinates":[[140.145905,36.986696],[140.145776,36.986606],[140.14537,36.986322],[140.145135,36.986165],[140.144891,36.985996],[140.14473,36.985866],[140.144668,36.985813],[140.144571,36.985731],[140.144461,36.985616],[140.144322,36.985424],[140.144272,36.985364],[140.14415,36.985219],[140.14403,36.985076],[140.143842,36.984896],[140.143656,36.98475],[140.143588,36.984705],[140.14354,36.984674]]}},{"type":"Feature","properties":{"id":198542499,"highway":"service"},"geometry":{"type":"LineString","coordinates":[[140.145135,36.986165],[140.145059,36.986271],[140.144984,36.986343],[140.144916,36.986382],[140.144751,36.986465],[140.144663,36.986518],[140.144599,36.986601],[140.144588,36.986654],[140.144602,36.986737],[140.144702,36.98703],[140.144711,36.987104],[140.1447,36.987193],[140.144669,36.987261],[140.144618,36.987326],[140.144533,36.987387],[140.144388,36.987459],[140.144199,36.987548]]}},{"type":"Feature","properties":{"id":198542503,"highway":"service"},"geometry":{"type":"LineString","coordinates":[[140.103897,36.981602],[140.104252,36.98156],[140.104904,36.981498]]}},{"type":"Feature","properties":{"id":198542510,"highway":"unclassified"},"geometry":{"type":"LineString","coordinates":[[140.109821,36.994435],[140.109825,36.994313],[140.109841,36.994181],[140.109898,36.993802]]}},{"type":"Feature","properties":{"id":198542523,"highway":"service"},"geometry":{"type":"LineString","coordinates":[[140.105706,36.979124],[140.105307,36.978713],[140.105051,36.978453],[140.104717,36.978134],[140.104357,36.9778],[140.103938,36.978128],[140.104045,36.978641],[140.104168,36.979142]]}},{"type":"Feature","properties":{"id":198542538,"highway":"unclassified"},"geometry":{"type":"LineString","coordinates":[[140.155349,36.969488],[140.156132,36.969346],[140.156281,36.969315]]}},{"type":"Feature","properties":{"id":198542551,"highway":"tertiary"},"geometry":{"type":"LineString","coordinates":[[140.156081,36.98771],[140.156108,36.987703],[140.156788,36.987526],[140.156881,36.987494],[140.156936,36.987449],[140.15698,36.987363]]}},{"type":"Feature","properties":{"id":198542559,"highway":"unclassified"},"geometry":{"type":"LineString","coordinates":[[140.150438,36.989653],[140.150304,36.989593],[140.150218,36.989539],[140.150162,36.98947],[140.150097,36.98939]]}},{"type":"Feature","properties":{"id":198542580,"highway":"unclassified"},"geometry":{"type":"LineString","coordinates":[[140.156694,36.969625],[140.157248,36.969594],[140.158007,36.969512],[140.15826,36.969485],[140.158623,36.969421]]}},{"type":"Feature","properties":{"id":198542599,"highway":"service"},"geometry":{"type":"LineString","coordinates":[[140.150929,36.986714],[140.150918,36.986557],[140.150803,36.985793]]}},{"type":"Feature","properties":{"id":198542604,"highway":"tertiary"},"geometry":{"type":"LineString","coordinates":[[140.108315,36.980335],[140.108175,36.980175],[140.107969,36.980009],[140.107447,36.979658],[140.107215,36.979443],[140.107108,36.979305],[140.106805,36.978844],[140.106639,36.978594],[140.106556,36.978459],[140.106469,36.978322],[140.106274,36.978124],[140.106182,36.97805],[140.106038,36.977936],[140.105864,36.977839],[140.105008,36.977428],[140.104661,36.977264],[140.104371,36.977127],[140.104207,36.977073],[140.103744,36.976987],[140.103204,36.976908],[140.103049,36.976872]]}},{"type":"Feature","properties":{"id":198542622,"highway":"unclassified"},"geometry":{"type":"LineString","coordinates":[[140.110526,36.979723],[140.110568,36.979524],[140.110665,36.979114],[140.110767,36.978702]]}},{"type":"Feature","properties":{"id":198542626,"highway":"unclassified"},"geometry":{"type":"LineString","coordinates":[[140.136684,36.991832],[140.13662,36.991862],[140.136396,36.991972],[140.136214,36.992091],[140.136093,36.992196]]}},{"type":"Feature","properties":{"id":198542630,"highway":"service"},"geometry":{"type":"LineString","coordinates":[[140.137652,36.965521],[140.135881,36.965062]]}},{"type":"Feature","properties":{"id":198542634,"highway":"service"},"geometry":{"type":"LineString","coordinates":[[140.146102,36.987371],[140.145774,36.987647],[140.145592,36.987834],[140.145311,36.988083]]}},{"type":"Feature","properties":{"id":198542672,"highway":"tertiary"},"geometry":{"type":"LineString","coordinates":[[140.185104,36.953239],[140.185149,36.953393],[140.185173,36.953475],[140.185182,36.953493],[140.185218,36.95355],[140.185291,36.953613],[140.185397,36.953652],[140.185533,36.953671],[140.185732,36.953681],[140.186248,36.953704],[140.186412,36.953742],[140.186551,36.953801],[140.186654,36.953882],[140.186749,36.954039],[140.186765,36.954091],[140.186768,36.954158],[140.186736,36.954208],[140.186683,36.954252],[140.186075,36.954552],[140.185986,36.954618],[140.185923,36.954693],[140.185892,36.954771],[140.185841,36.954945],[140.185799,36.955091],[140.185795,36.955133],[140.185792,36.955173],[140.185812,36.95523],[140.185853,36.955303],[140.185963,36.955468],[140.186048,36.95562],[140.186067,36.955673],[140.186071,36.955694],[140.186082,36.955739]]}},{"type":"Feature","properties":{"id":198542674,"highway":"unclassified"},"geometry":{"type":"LineString","coordinates":[[140.186154,36.987593],[140.186089,36.987575],[140.185994,36.987578],[140.185949,36.987586],[140.185833,36.987616],[140.185774,36.987621],[140.185709,36.987621],[140.185668,36.987616],[140.185167,36.987524],[140.185064,36.987521],[140.185022,36.987529],[140.184931,36.987548],[140.184645,36.987609],[140.184596,36.987619],[140.184535,36.987618],[140.184481,36.987604],[140.184046,36.987373],[140.183927,36.987316],[140.183611,36.987165],[140.183372,36.987075],[140.183232,36.987029],[140.182629,36.98686],[140.182243,36.986674],[140.181879,36.986489],[140.181626,36.986399],[140.181353,36.986336],[140.181128,36.986303],[140.180932,36.986285],[140.180623,36.98629],[140.180264,36.986321],[140.180218,36.986326],[140.180169,36.986326],[140.180135,36.986317],[140.179879,36.986229],[140.179823,36.986213],[140.179746,36.986198],[140.179554,36.98619],[140.179486,36.986196],[140.179312,36.986258],[140.179215,36.986313],[140.179201,36.986323]]}},{"type":"Feature","properties":{"id":198542709,"highway":"service"},"geometry":{"type":"LineString","coordinates":[[140.153218,36.987857],[140.153191,36.98792],[140.153163,36.987969],[140.153078,36.988059],[140.153007,36.988113],[140.152961,36.988129],[140.152907,36.988142],[140.152704,36.988144],[140.152508,36.988099],[140.152284,36.988009],[140.152158,36.98793],[140.152073,36.98785],[140.152042,36.987692],[140.151903,36.986935],[140.151886,36.986915],[140.151554,36.986932],[140.151476,36.986939],[140.151505,36.987655],[140.151505,36.987707],[140.151488,36.987734],[140.151456,36.987755],[140.151308,36.98784],[140.151056,36.987953],[140.151018,36.987955],[140.150979,36.987947],[140.150936,36.987922],[140.150894,36.987885],[140.150866,36.987834],[140.150844,36.987808],[140.150775,36.987772],[140.150649,36.987648],[140.150604,36.987573],[140.150586,36.987524],[140.150579,36.987495],[140.15058,36.987444],[140.150586,36.987417],[140.150608,36.987379],[140.150641,36.987347],[140.15068,36.987327],[140.150726,36.987315],[140.150931,36.987299],[140.150964,36.987289],[140.150981,36.987245],[140.150929,36.986714]]}},{"type":"Feature","properties":{"id":198542731,"highway":"service"},"geometry":{"type":"LineString","coordinates":[[140.103858,36.980701],[140.105331,36.980617]]}},{"type":"Feature","properties":{"id":198542749,"highway":"service"},"geometry":{"type":"LineString","coordinates":[[140.185104,36.953239],[140.184901,36.952581],[140.184832,36.952396],[140.184756,36.952283],[140.184715,36.952256],[140.184631,36.952214],[140.184114,36.952053],[140.184017,36.952025],[140.183859,36.951941],[140.183804,36.951922],[140.183703,36.95191],[140.183615,36.951927],[140.183532,36.951948],[140.183495,36.951976],[140.183489,36.952001],[140.183507,36.952027],[140.183641,36.952119]]}},{"type":"Feature","properties":{"id":198542757,"highway":"service"},"geometry":{"type":"LineString","coordinates":[[140.136878,36.939895],[140.137239,36.939703],[140.137562,36.939519],[140.137857,36.939363],[140.137888,36.939349],[140.137922,36.939343],[140.138139,36.939343],[140.138177,36.939339],[140.138409,36.939283]]}},{"type":"Feature","properties":{"id":198542760,"highway":"service"},"geometry":{"type":"LineString","coordinates":[[140.151063,36.993425],[140.150707,36.993055],[140.150466,36.99279],[140.150475,36.992699],[140.150548,36.992374]]}},{"type":"Feature","properties":{"id":198542762,"highway":"service"},"geometry":{"type":"LineString","coordinates":[[140.13666,36.956082],[140.136883,36.95577],[140.137042,36.955547],[140.137106,36.955433],[140.1371,36.955284]]}},{"type":"Feature","properties":{"id":198542767,"highway":"residential"},"geometry":{"type":"LineString","coordinates":[[140.157734,36.984851],[140.158657,36.984694],[140.159261,36.984587],[140.159334,36.984594],[140.159428,36.984623]]}},{"type":"Feature","properties":{"id":198542778,"highway":"service"},"geometry":{"type":"LineString","coordinates":[[140.150528,36.991214],[140.149865,36.991405],[140.149995,36.991657],[140.150119,36.991957]]}},{"type":"Feature","properties":{"id":198542787,"highway":"service"},"geometry":{"type":"LineString","coordinates":[[140.114799,36.979084],[140.11459,36.97905],[140.113792,36.978902],[140.113023,36.978789],[140.112668,36.978726]]}},{"type":"Feature","properties":{"id":198542797,"highway":"service"},"geometry":{"type":"LineString","coordinates":[[140.104326,36.996248],[140.104428,36.995954],[140.104489,36.995753],[140.104573,36.995416],[140.104666,36.994993]]}},{"type":"Feature","properties":{"id":198542799,"highway":"service"},"geometry":{"type":"LineString","coordinates":[[140.136653,36.962724],[140.136523,36.962714],[140.136187,36.962675],[140.13565,36.962612],[140.135092,36.962556],[140.134509,36.962488],[140.134336,36.962829],[140.134799,36.96311],[140.13522,36.963375],[140.136007,36.963947],[140.136086,36.963995]]}},{"type":"Feature","properties":{"id":198542812,"highway":"unclassified"},"geometry":{"type":"LineString","coordinates":[[140.102314,36.997217],[140.102366,36.997584],[140.102461,36.997908],[140.102596,36.998474],[140.102599,36.99853],[140.102569,36.998564],[140.102384,36.998654],[140.102353,36.99868],[140.102344,36.99872],[140.102365,36.998806],[140.102478,36.999179],[140.102517,36.999242],[140.102591,36.999356],[140.102694,36.999481],[140.102729,36.999585],[140.102851,37.000033],[140.102897,37.000104],[140.102946,37.000147],[140.103229,37.000378],[140.103267,37.000397],[140.103343,37.000421],[140.103395,37.000469],[140.10343,37.000557],[140.103432,37.000648],[140.103409,37.000722],[140.103306,37.000944],[140.103284,37.001043],[140.103278,37.00125],[140.103262,37.0013],[140.102622,37.002055],[140.10259,37.002078],[140.102554,37.002081],[140.102521,37.00206],[140.102395,37.001958],[140.102279,37.001866],[140.102232,37.001819],[140.102155,37.001734],[140.101883,37.001391],[140.101797,37.001304],[140.101451,37.001028],[140.101149,37.000785],[140.100974,37.000662],[140.100595,37.000584],[140.099603,37.000364],[140.098676,37.000168]]}},{"type":"Feature","properties":{"id":198542826,"highway":"unclassified"},"geometry":{"type":"LineString","coordinates":[[140.109715,36.994768],[140.109618,36.994938],[140.109518,36.995084],[140.109223,36.995466]]}},{"type":"Feature","properties":{"id":198542838,"highway":"service"},"geometry":{"type":"LineString","coordinates":[[140.109898,36.993802],[140.110655,36.993636],[140.110836,36.993612],[140.111015,36.993574],[140.11108,36.993533],[140.111176,36.993412],[140.111395,36.99321],[140.111493,36.99308],[140.11162,36.99291],[140.111851,36.992728]]}},{"type":"Feature","properties":{"id":198542842,"highway":"service"},"geometry":{"type":"LineString","coordinates":[[140.100082,36.992252],[140.10011,36.99218],[140.100313,36.991809],[140.100367,36.991748],[140.100449,36.991707],[140.100602,36.991626],[140.100701,36.991568],[140.100783,36.991504]]}},{"type":"Feature","properties":{"id":198542848,"highway":"service"},"geometry":{"type":"LineString","coordinates":[[140.136548,36.955174],[140.136798,36.954768],[140.136941,36.954536],[140.136959,36.954457],[140.136866,36.953971]]}},{"type":"Feature","properties":{"id":198542858,"highway":"service"},"geometry":{"type":"LineString","coordinates":[[140.154543,36.995048],[140.154674,36.994714],[140.15479,36.994387],[140.154825,36.994261],[140.154855,36.994099]]}},{"type":"Feature","properties":{"id":198542867,"highway":"service"},"geometry":{"type":"LineString","coordinates":[[140.137951,36.963036],[140.138199,36.9631],[140.138235,36.963155],[140.137946,36.963875],[140.137807,36.964334]]}},{"type":"Feature","properties":{"id":198542875,"highway":"service"},"geometry":{"type":"LineString","coordinates":[[140.15711,36.990125],[140.157475,36.990298],[140.157517,36.990306],[140.157563,36.990292],[140.1579,36.990113]]}},{"type":"Feature","properties":{"id":198542876,"highway":"tertiary"},"geometry":{"type":"LineString","coordinates":[[140.108201,36.999197],[140.108268,36.999253],[140.108325,36.999331],[140.108822,37.000377],[140.108892,37.000482],[140.109054,37.000637]]}},{"type":"Feature","properties":{"id":198542885,"highway":"service"},"geometry":{"type":"LineString","coordinates":[[140.109715,36.994768],[140.110059,36.995032],[140.110337,36.995237],[140.110453,36.995331],[140.110264,36.995469],[140.110089,36.995611],[140.109894,36.995798],[140.109585,36.996047],[140.109381,36.996234],[140.109033,36.996558],[140.108797,36.996779],[140.108748,36.996801],[140.108712,36.996799],[140.108663,36.99678],[140.108457,36.99662]]}},{"type":"Feature","properties":{"id":198542888,"highway":"service"},"geometry":{"type":"LineString","coordinates":[[140.13761,36.960939],[140.137519,36.961266],[140.137704,36.961318],[140.138262,36.961518],[140.1388,36.961483]]}},{"type":"Feature","properties":{"id":198542900,"highway":"service"},"geometry":{"type":"LineString","coordinates":[[140.120547,36.995275],[140.120687,36.995264],[140.120876,36.995224],[140.121258,36.995096],[140.121683,36.994896],[140.121886,36.994801]]}},{"type":"Feature","properties":{"id":198542916,"highway":"service"},"geometry":{"type":"LineString","coordinates":[[140.160219,36.99864],[140.160372,36.998532],[140.160457,36.9985],[140.160542,36.99848]]}},{"type":"Feature","properties":{"id":198542946,"highway":"service"},"geometry":{"type":"LineString","coordinates":[[140.114612,36.979926],[140.114584,36.979894],[140.114577,36.979838],[140.114641,36.979595],[140.114658,36.979478],[140.114704,36.979318],[140.114799,36.979084],[140.114838,36.979029],[140.115068,36.978841],[140.115422,36.978521],[140.115459,36.978468],[140.115475,36.978432],[140.11547,36.978318],[140.11546,36.978231],[140.115459,36.978158],[140.115486,36.978088],[140.115542,36.978001],[140.115658,36.977901],[140.115885,36.977748]]}},{"type":"Feature","properties":{"id":198542954,"highway":"service"},"geometry":{"type":"LineString","coordinates":[[140.14389,36.944582],[140.143656,36.944278],[140.143484,36.944065],[140.143338,36.943879],[140.143301,36.943806],[140.143296,36.94375],[140.143301,36.943711],[140.143361,36.943647]]}},{"type":"Feature","properties":{"id":198543015,"highway":"residential"},"geometry":{"type":"LineString","coordinates":[[140.158012,36.990051],[140.158043,36.990041],[140.158093,36.990031],[140.158452,36.989902],[140.159078,36.989689],[140.159604,36.989515]]}},{"type":"Feature","properties":{"id":198543016,"highway":"service"},"geometry":{"type":"LineString","coordinates":[[140.112246,36.981799],[140.112419,36.982236],[140.112473,36.982493],[140.11248,36.982667],[140.11251,36.982862],[140.112546,36.98303],[140.112568,36.983068],[140.112657,36.983147],[140.112676,36.983178],[140.112675,36.983213]]}},{"type":"Feature","properties":{"id":198543023,"highway":"service"},"geometry":{"type":"LineString","coordinates":[[140.112868,36.977862],[140.112227,36.977756],[140.112088,36.977745],[140.111955,36.977755],[140.111796,36.977795],[140.110903,36.978115]]}},{"type":"Feature","properties":{"id":198543047,"highway":"service"},"geometry":{"type":"LineString","coordinates":[[140.120453,36.996088],[140.120776,36.996034],[140.121191,36.995956],[140.121701,36.995885],[140.121908,36.995863],[140.122177,36.995847],[140.122449,36.995839],[140.1226,36.995821]]}},{"type":"Feature","properties":{"id":198543072,"highway":"service"},"geometry":{"type":"LineString","coordinates":[[140.149163,36.97419],[140.149164,36.974213],[140.149174,36.974294],[140.149173,36.974373],[140.149199,36.974413],[140.149257,36.974442],[140.149378,36.974496],[140.149466,36.97453],[140.149495,36.97455],[140.149511,36.974573],[140.149499,36.974604],[140.149422,36.974641],[140.149339,36.974674],[140.149241,36.974705],[140.149184,36.974725],[140.149123,36.974738],[140.149037,36.974743],[140.148935,36.974732],[140.148706,36.974707],[140.1479,36.974583],[140.147692,36.974548],[140.147589,36.974528],[140.147476,36.974506],[140.147414,36.974485],[140.147358,36.974435],[140.147299,36.974373],[140.147082,36.974185],[140.146935,36.974048],[140.146834,36.973976],[140.146784,36.973943],[140.146728,36.973915],[140.146603,36.973887],[140.146513,36.97387],[140.146385,36.973851],[140.146262,36.973846],[140.146163,36.973851],[140.146086,36.973878],[140.146023,36.973917],[140.14599,36.97396],[140.145976,36.974006],[140.145989,36.974086],[140.145978,36.974277],[140.145951,36.974359],[140.145849,36.974641],[140.145806,36.974715],[140.145787,36.974761],[140.145781,36.974805],[140.145794,36.974838],[140.145828,36.97494],[140.145907,36.975115],[140.145938,36.975195],[140.145976,36.975308],[140.145971,36.975402],[140.145955,36.975493],[140.145963,36.975587],[140.145979,36.975685],[140.146012,36.975781],[140.146093,36.975952],[140.146154,36.976056]]}},{"type":"Feature","properties":{"id":198543095,"highway":"service"},"geometry":{"type":"LineString","coordinates":[[140.150841,36.991773],[140.151041,36.991727],[140.151322,36.991653],[140.151463,36.99162],[140.152326,36.991423],[140.152391,36.991408]]}},{"type":"Feature","properties":{"id":198543114,"highway":"unclassified"},"geometry":{"type":"LineString","coordinates":[[140.156281,36.969315],[140.156333,36.969398],[140.156381,36.969516],[140.156403,36.969569]]}},{"type":"Feature","properties":{"id":198543119,"highway":"unclassified"},"geometry":{"type":"LineString","coordinates":[[140.156192,36.968542],[140.156233,36.968515],[140.156262,36.968461],[140.1563,36.968343],[140.156383,36.968056]]}},{"type":"Feature","properties":{"id":198543121,"highway":"service"},"geometry":{"type":"LineString","coordinates":[[140.123549,36.994826],[140.123437,36.994304],[140.123418,36.99427],[140.123368,36.994264],[140.122785,36.994318],[140.122614,36.994342]]}},{"type":"Feature","properties":{"id":198543125,"highway":"unclassified"},"geometry":{"type":"LineString","coordinates":[[140.10987,36.980804],[140.110133,36.980603],[140.110261,36.980505],[140.110345,36.980408],[140.110426,36.980287],[140.110463,36.979914],[140.110526,36.979723]]}},{"type":"Feature","properties":{"id":198543137,"highway":"residential"},"geometry":{"type":"LineString","coordinates":[[140.160183,36.974709],[140.159918,36.974689],[140.159791,36.974669],[140.159654,36.974637],[140.15952,36.974584],[140.159405,36.974519],[140.159121,36.97427]]}},{"type":"Feature","properties":{"id":198543157,"highway":"unclassified"},"geometry":{"type":"LineString","coordinates":[[140.143502,36.992111],[140.143252,36.991924],[140.143174,36.99185],[140.143153,36.991836],[140.143067,36.991777],[140.142353,36.991431]]}},{"type":"Feature","properties":{"id":198543158,"highway":"unclassified"},"geometry":{"type":"LineString","coordinates":[[140.119216,36.928815],[140.119121,36.928504],[140.119006,36.928241],[140.118906,36.928052],[140.118776,36.927855],[140.118412,36.927457],[140.118126,36.927142],[140.118061,36.927078]]}},{"type":"Feature","properties":{"id":198543169,"highway":"service"},"geometry":{"type":"LineString","coordinates":[[140.147375,36.999186],[140.147766,36.999025],[140.14788,36.998971],[140.147986,36.998903],[140.148185,36.99907],[140.148313,36.999084],[140.148362,36.999057],[140.148398,36.998989],[140.14843,36.998716],[140.148431,36.998619],[140.148394,36.998553],[140.148174,36.998264],[140.148002,36.998095],[140.147938,36.998085],[140.147873,36.998081],[140.147719,36.998154],[140.147539,36.998296],[140.147299,36.998378],[140.146894,36.998496],[140.146623,36.998587],[140.14625,36.99871],[140.146021,36.998821],[140.145905,36.998883],[140.145333,36.999188],[140.144968,36.999382]]}},{"type":"Feature","properties":{"id":198543171,"highway":"service"},"geometry":{"type":"LineString","coordinates":[[140.160243,36.976213],[140.160151,36.976209],[140.160065,36.9762],[140.16,36.976182],[140.159756,36.976059],[140.159655,36.97601],[140.159541,36.975985],[140.159451,36.975983],[140.159335,36.975992],[140.157687,36.97628]]}},{"type":"Feature","properties":{"id":198543174,"highway":"service"},"geometry":{"type":"LineString","coordinates":[[140.134175,36.952758],[140.134463,36.952787],[140.134868,36.952833],[140.135586,36.952893],[140.13672,36.952978]]}},{"type":"Feature","properties":{"id":198543194,"highway":"unclassified"},"geometry":{"type":"LineString","coordinates":[[140.109439,36.981889],[140.109557,36.982517],[140.109582,36.98259],[140.109639,36.98267],[140.109729,36.982748],[140.109899,36.982835]]}},{"type":"Feature","properties":{"id":198543219,"highway":"service"},"geometry":{"type":"LineString","coordinates":[[140.109899,36.982835],[140.109791,36.982861],[140.109476,36.982858],[140.108878,36.982804],[140.108735,36.982808],[140.108641,36.982835],[140.108435,36.98294],[140.10825,36.98301],[140.108063,36.983053],[140.107845,36.983038],[140.107544,36.982947],[140.107175,36.982868],[140.107065,36.982864],[140.106979,36.98285],[140.10668,36.982758],[140.106518,36.982737],[140.10633,36.982743],[140.1061,36.982726],[140.105904,36.982706],[140.105759,36.982669],[140.105521,36.982591],[140.105394,36.982563],[140.105006,36.982561],[140.104633,36.982549],[140.104369,36.98253],[140.104226,36.9825],[140.103896,36.982355],[140.103471,36.982168],[140.102855,36.981899],[140.102732,36.981864],[140.102582,36.981838],[140.102277,36.981832],[140.101955,36.981823],[140.101923,36.981822],[140.101678,36.98181],[140.101317,36.981792],[140.101205,36.981794],[140.101098,36.981819],[140.100882,36.981894],[140.100692,36.981946],[140.100472,36.981994],[140.100367,36.982001],[140.100258,36.981983],[140.100178,36.981944],[140.100068,36.981828],[140.099973,36.981752],[140.099903,36.981701],[140.099801,36.981648]]}},{"type":"Feature","properties":{"id":198543231,"highway":"unclassified"},"geometry":{"type":"LineString","coordinates":[[140.122994,36.927374],[140.123023,36.927487],[140.12304,36.927531],[140.123035,36.927594],[140.122981,36.927657],[140.122342,36.928096],[140.122074,36.928298],[140.12174,36.928638]]}},{"type":"Feature","properties":{"id":198543247,"highway":"tertiary"},"geometry":{"type":"LineString","coordinates":[[140.109439,36.981889],[140.109338,36.981842],[140.109317,36.981827],[140.109249,36.98178],[140.109171,36.981708],[140.109025,36.981529],[140.108782,36.981206],[140.108623,36.980974],[140.108315,36.980335]]}},{"type":"Feature","properties":{"id":198543251,"highway":"unclassified"},"geometry":{"type":"LineString","coordinates":[[140.148883,36.967552],[140.149169,36.967727],[140.149317,36.967785],[140.149428,36.967806],[140.149615,36.967832],[140.14975,36.967845]]}},{"type":"Feature","properties":{"id":198543257,"highway":"service"},"geometry":{"type":"LineString","coordinates":[[140.112003,36.987005],[140.112245,36.986998],[140.112422,36.987011],[140.112652,36.98693],[140.112761,36.986902],[140.112836,36.986873]]}},{"type":"Feature","properties":{"id":198543261,"highway":"unclassified"},"geometry":{"type":"LineString","coordinates":[[140.151462,36.995884],[140.151616,36.995787],[140.151756,36.995718],[140.15188,36.995614],[140.152156,36.995182],[140.152236,36.995055]]}},{"type":"Feature","properties":{"id":198543273,"highway":"unclassified"},"geometry":{"type":"LineString","coordinates":[[140.1606,36.991378],[140.159604,36.989515]]}},{"type":"Feature","properties":{"id":198543350,"highway":"unclassified"},"geometry":{"type":"LineString","coordinates":[[140.135162,36.993023],[140.13507,36.993042],[140.134879,36.993077],[140.134751,36.993113],[140.13459,36.993177],[140.134509,36.993233],[140.134261,36.993441]]}},{"type":"Feature","properties":{"id":198543358,"highway":"unclassified"},"geometry":{"type":"LineString","coordinates":[[140.108457,36.99662],[140.108363,36.996782],[140.10833,36.996861],[140.108311,36.996927],[140.108305,36.997144],[140.108318,36.997269],[140.108348,36.997403],[140.108377,36.99772],[140.10844,36.998251],[140.108438,36.998387],[140.108425,36.998496],[140.108275,36.999067],[140.10824,36.999138],[140.108201,36.999197]]}},{"type":"Feature","properties":{"id":198543361,"highway":"unclassified"},"geometry":{"type":"LineString","coordinates":[[140.109317,36.981827],[140.109499,36.981363],[140.109594,36.981124],[140.109664,36.981],[140.109772,36.980886],[140.10987,36.980804]]}},{"type":"Feature","properties":{"id":198543365,"highway":"unclassified"},"geometry":{"type":"LineString","coordinates":[[140.106467,36.987659],[140.106385,36.987628],[140.105473,36.987325],[140.105352,36.98727],[140.105224,36.98718],[140.105126,36.987072],[140.104857,36.986665],[140.104789,36.986586],[140.104678,36.986498],[140.104534,36.986432],[140.104368,36.986383],[140.104008,36.986327],[140.103782,36.986274],[140.103456,36.986159],[140.10157,36.98546],[140.101519,36.985428],[140.101488,36.98539]]}},{"type":"Feature","properties":{"id":198543375,"highway":"service"},"geometry":{"type":"LineString","coordinates":[[140.150803,36.985793],[140.152474,36.985597]]}},{"type":"Feature","properties":{"id":198543381,"highway":"service"},"geometry":{"type":"LineString","coordinates":[[140.15515,36.958106],[140.155082,36.958079],[140.155055,36.958073],[140.154851,36.958075],[140.1548,36.958085],[140.154768,36.958102],[140.154742,36.958139],[140.1547,36.958215],[140.154664,36.958261],[140.154516,36.958392]]}},{"type":"Feature","properties":{"id":198543383,"highway":"service"},"geometry":{"type":"LineString","coordinates":[[140.12285,36.995506],[140.123376,36.995426],[140.123651,36.995384],[140.123673,36.995358],[140.123549,36.994826]]}},{"type":"Feature","properties":{"id":198543398,"highway":"service"},"geometry":{"type":"LineString","coordinates":[[140.148883,36.967552],[140.148781,36.967651],[140.148733,36.967712],[140.148574,36.967872],[140.148489,36.967954],[140.1484,36.968035],[140.148337,36.968106],[140.148272,36.968177],[140.14812,36.968362],[140.148059,36.968445],[140.147941,36.968627],[140.147915,36.968716],[140.147895,36.968789],[140.147834,36.968903],[140.147725,36.968969],[140.147513,36.969084],[140.147367,36.969189],[140.147212,36.969324],[140.147058,36.969455],[140.146989,36.969529],[140.146778,36.969752],[140.146602,36.969987],[140.146533,36.970071],[140.146474,36.970184],[140.146461,36.970283],[140.146454,36.970358],[140.146468,36.970419],[140.146525,36.970469],[140.146584,36.970479],[140.146654,36.970453],[140.146759,36.970397],[140.146842,36.970344],[140.146958,36.97029],[140.14708,36.970246],[140.147183,36.97023],[140.147294,36.970231],[140.147538,36.970229],[140.147672,36.970238],[140.147818,36.970254],[140.147911,36.970285],[140.148013,36.970323],[140.148107,36.970392],[140.148173,36.970494],[140.148209,36.970565],[140.148233,36.970627],[140.148266,36.970841],[140.148311,36.971148],[140.14836,36.971456],[140.148444,36.971653],[140.148498,36.971755],[140.148819,36.972252],[140.148903,36.972376],[140.14896,36.972509],[140.149143,36.972769],[140.149165,36.972828],[140.149174,36.97302],[140.149198,36.973281],[140.149219,36.973557],[140.149203,36.973638],[140.149172,36.973908],[140.149161,36.974107],[140.149163,36.97419]]}},{"type":"Feature","properties":{"id":198543406,"highway":"unclassified"},"geometry":{"type":"LineString","coordinates":[[140.109223,36.995466],[140.1092,36.995532],[140.109121,36.995812],[140.108999,36.996115],[140.108946,36.99618],[140.108894,36.996216],[140.108681,36.996311],[140.108617,36.99637],[140.108457,36.99662]]}},{"type":"Feature","properties":{"id":198543413,"highway":"service"},"geometry":{"type":"LineString","coordinates":[[140.138879,36.939162],[140.139071,36.939384],[140.139242,36.939569],[140.139339,36.939696],[140.139344,36.939725],[140.139321,36.939746],[140.139014,36.939902]]}},{"type":"Feature","properties":{"id":198543416,"highway":"unclassified"},"geometry":{"type":"LineString","coordinates":[[140.1606,36.991378],[140.16126,36.991081],[140.16172,36.990878],[140.161779,36.990865],[140.161818,36.990868],[140.161844,36.990891]]}},{"type":"Feature","properties":{"id":198543418,"highway":"unclassified"},"geometry":{"type":"LineString","coordinates":[[140.100593,36.994937],[140.10041,36.995696],[140.100413,36.995748],[140.100414,36.995777],[140.100452,36.99591],[140.100564,36.996159],[140.100699,36.996595],[140.100701,36.99672],[140.100635,36.996926]]}},{"type":"Feature","properties":{"id":198543419,"highway":"service"},"geometry":{"type":"LineString","coordinates":[[140.110791,36.979653],[140.111038,36.979584],[140.111224,36.979539],[140.111535,36.979485],[140.111862,36.979461],[140.112207,36.97945],[140.112552,36.979459]]}},{"type":"Feature","properties":{"id":198543433,"highway":"unclassified"},"geometry":{"type":"LineString","coordinates":[[140.15502,36.968199],[140.155283,36.968292],[140.155958,36.968541],[140.156022,36.968556],[140.156124,36.968557],[140.156192,36.968542]]}},{"type":"Feature","properties":{"id":198543437,"highway":"tertiary"},"geometry":{"type":"LineString","coordinates":[[140.130226,36.975842],[140.130499,36.975645],[140.130585,36.975562],[140.130633,36.975485],[140.131026,36.974819],[140.131247,36.974448],[140.131374,36.974233],[140.131902,36.973296],[140.132422,36.972298],[140.132675,36.971864],[140.132993,36.971321],[140.133705,36.970285],[140.134165,36.969636],[140.134321,36.969453],[140.134521,36.969274],[140.134771,36.969122],[140.135017,36.968998],[140.135268,36.968876],[140.135799,36.968658],[140.136188,36.968507],[140.136451,36.968429],[140.136682,36.968386],[140.137094,36.968369],[140.137499,36.968353],[140.139117,36.96833],[140.139766,36.968325],[140.139981,36.968307],[140.140172,36.96826],[140.140343,36.968177],[140.140475,36.968085],[140.140591,36.967983],[140.140668,36.967898],[140.140705,36.967845],[140.140774,36.967741],[140.14084,36.967597],[140.140896,36.967419],[140.140968,36.96715],[140.140979,36.967107],[140.141044,36.966847],[140.141139,36.966473],[140.141178,36.966317],[140.141235,36.966091],[140.14124,36.966071],[140.141405,36.965394],[140.141486,36.965065],[140.141744,36.964035],[140.141849,36.963611],[140.141919,36.963456],[140.142008,36.96329],[140.142137,36.963138],[140.14228,36.963],[140.142459,36.962873],[140.143038,36.96254],[140.143166,36.962457],[140.143294,36.962355],[140.143411,36.962237],[140.143501,36.962119],[140.143575,36.961971],[140.143647,36.961796],[140.143855,36.961155],[140.143952,36.960831],[140.143967,36.960758],[140.144003,36.960564],[140.144031,36.960395],[140.144053,36.960201],[140.144062,36.960028],[140.144065,36.95998],[140.144054,36.959559],[140.144032,36.959196],[140.144006,36.958959],[140.143969,36.958807],[140.143916,36.958674],[140.143847,36.958555],[140.143773,36.958454],[140.143226,36.957983],[140.143161,36.957912],[140.143086,36.95781],[140.143051,36.957747],[140.143015,36.95763],[140.142997,36.957518],[140.142994,36.957425]]}},{"type":"Feature","properties":{"id":198543439,"highway":"service"},"geometry":{"type":"LineString","coordinates":[[140.131675,36.958541],[140.131815,36.959069],[140.131827,36.959142],[140.13181,36.959698],[140.131795,36.959783],[140.131773,36.959868],[140.131721,36.96002],[140.131718,36.960086],[140.131741,36.960137],[140.131757,36.960156],[140.131874,36.960309],[140.131936,36.960427],[140.132061,36.960765],[140.132102,36.960859],[140.132197,36.961029],[140.132358,36.961265],[140.13247,36.961413],[140.132534,36.961527],[140.132588,36.961694],[140.132729,36.962343],[140.132777,36.962493],[140.132925,36.962784],[140.133189,36.963255],[140.133327,36.963527]]}},{"type":"Feature","properties":{"id":198543441,"highway":"unclassified"},"geometry":{"type":"LineString","coordinates":[[140.118375,36.97596],[140.118363,36.97577],[140.118278,36.975204],[140.117913,36.972829],[140.117695,36.9714],[140.117713,36.971351],[140.117959,36.971113],[140.117986,36.971057],[140.118044,36.97101],[140.118141,36.970989],[140.118189,36.970971],[140.118468,36.970806],[140.118695,36.970692],[140.118774,36.970637],[140.118824,36.970572],[140.119219,36.970024],[140.119268,36.96995],[140.119378,36.969724],[140.119427,36.969623],[140.119441,36.969559],[140.119415,36.969428],[140.119415,36.96934],[140.119482,36.969051],[140.119539,36.968943],[140.119645,36.968825],[140.119878,36.968635],[140.120031,36.96852]]}},{"type":"Feature","properties":{"id":198543445,"highway":"service"},"geometry":{"type":"LineString","coordinates":[[140.107703,36.986854],[140.107415,36.986975],[140.107197,36.987069],[140.10708,36.987133],[140.106953,36.987217],[140.106686,36.987477],[140.106467,36.987659]]}},{"type":"Feature","properties":{"id":198543480,"highway":"service"},"geometry":{"type":"LineString","coordinates":[[140.144663,36.986518],[140.14511,36.986851],[140.145356,36.987003],[140.145575,36.987139],[140.14581,36.987253],[140.146102,36.987371]]}},{"type":"Feature","properties":{"id":198543482,"highway":"service"},"geometry":{"type":"LineString","coordinates":[[140.164714,36.989654],[140.164968,36.989507],[140.165112,36.989397],[140.165184,36.98931],[140.16526,36.989227],[140.165307,36.989164],[140.165351,36.989106]]}},{"type":"Feature","properties":{"id":198543484,"highway":"service"},"geometry":{"type":"LineString","coordinates":[[140.13744,36.954046],[140.137569,36.954555],[140.137539,36.954632],[140.1371,36.955284]]}},{"type":"Feature","properties":{"id":198543517,"highway":"service"},"geometry":{"type":"LineString","coordinates":[[140.144295,36.998825],[140.144669,36.998531],[140.144889,36.998383],[140.144995,36.998323],[140.145074,36.998261],[140.145116,36.998166],[140.145103,36.998098],[140.145119,36.998048],[140.145365,36.997861],[140.145576,36.997723],[140.146105,36.997439]]}},{"type":"Feature","properties":{"id":198543529,"highway":"service"},"geometry":{"type":"LineString","coordinates":[[140.121886,36.994801],[140.121853,36.994474],[140.121885,36.994456],[140.12202,36.994437],[140.122241,36.994401],[140.122495,36.99436],[140.122614,36.994342]]}},{"type":"Feature","properties":{"id":198543531,"highway":"unclassified"},"geometry":{"type":"LineString","coordinates":[[140.15515,36.958106],[140.155557,36.958251],[140.155605,36.958265],[140.155786,36.958293],[140.155811,36.958301],[140.155822,36.958313],[140.155843,36.95842],[140.155846,36.958495],[140.155849,36.958508],[140.155864,36.958518],[140.156042,36.95857]]}},{"type":"Feature","properties":{"id":198543544,"highway":"tertiary"},"geometry":{"type":"LineString","coordinates":[[140.111172,36.982349],[140.111058,36.98229],[140.110753,36.982135],[140.110605,36.982078],[140.110422,36.982039],[140.109585,36.981921],[140.109439,36.981889]]}},{"type":"Feature","properties":{"id":198543549,"highway":"service"},"geometry":{"type":"LineString","coordinates":[[140.110791,36.979653],[140.11134,36.979756],[140.111531,36.979782],[140.111731,36.979833],[140.111752,36.979857],[140.111741,36.980068],[140.111644,36.980445],[140.111644,36.980486],[140.11168,36.980525],[140.11178,36.980544],[140.111915,36.980534],[140.112066,36.980507],[140.112305,36.980429],[140.112383,36.980358],[140.112435,36.980275]]}},{"type":"Feature","properties":{"id":198543567,"highway":"residential"},"geometry":{"type":"LineString","coordinates":[[140.154123,36.968123],[140.154193,36.968191],[140.15442,36.968396],[140.154457,36.968428]]}},{"type":"Feature","properties":{"id":198543585,"highway":"unclassified"},"geometry":{"type":"LineString","coordinates":[[140.112003,36.987005],[140.111922,36.987141],[140.111457,36.98776],[140.111137,36.988128],[140.110972,36.988279],[140.11083,36.988388],[140.110688,36.988468],[140.110528,36.98853],[140.110348,36.98858],[140.110227,36.988613],[140.109903,36.988695],[140.10967,36.988751],[140.109502,36.988806],[140.109356,36.988881],[140.109237,36.988958],[140.108836,36.989322],[140.108635,36.989508],[140.108542,36.989595],[140.108492,36.989656],[140.108469,36.989709],[140.108439,36.989826],[140.108314,36.990265],[140.108129,36.990732],[140.108065,36.990798],[140.108041,36.990823],[140.107935,36.990889],[140.107813,36.99094],[140.107687,36.990958],[140.107388,36.990971],[140.10724,36.990998],[140.107147,36.991036],[140.106,36.991693],[140.105879,36.991753],[140.104965,36.992142],[140.104888,36.992208],[140.104533,36.992658],[140.104386,36.992826],[140.104265,36.992935],[140.104071,36.99307]]}},{"type":"Feature","properties":{"id":198543586,"highway":"unclassified"},"geometry":{"type":"LineString","coordinates":[[140.112366,36.937563],[140.112302,36.937157],[140.112307,36.936957],[140.112347,36.936813],[140.112603,36.936241],[140.112808,36.935661],[140.113087,36.935247]]}},{"type":"Feature","properties":{"id":198543597,"highway":"unclassified"},"geometry":{"type":"LineString","coordinates":[[140.156438,36.96788],[140.156676,36.967323],[140.156746,36.967165],[140.156775,36.967126],[140.15683,36.967086],[140.156907,36.967057],[140.15717,36.966985],[140.157525,36.966881]]}},{"type":"Feature","properties":{"id":198543620,"highway":"service"},"geometry":{"type":"LineString","coordinates":[[140.136161,36.955764],[140.135007,36.955112],[140.135177,36.954798],[140.135652,36.953918]]}},{"type":"Feature","properties":{"id":198543622,"highway":"unclassified"},"geometry":{"type":"LineString","coordinates":[[140.159905,36.980199],[140.159707,36.980009],[140.159335,36.979671],[140.159283,36.979635],[140.159037,36.979498],[140.15888,36.979468],[140.158713,36.979453]]}},{"type":"Feature","properties":{"id":198543624,"highway":"unclassified"},"geometry":{"type":"LineString","coordinates":[[140.119309,36.930614],[140.119284,36.930563],[140.119256,36.930475],[140.119143,36.929875],[140.119084,36.929482],[140.119086,36.929363],[140.119117,36.929158],[140.119149,36.929016],[140.119169,36.928928],[140.119167,36.928857]]}},{"type":"Feature","properties":{"id":198543625,"highway":"unclassified"},"geometry":{"type":"LineString","coordinates":[[140.155816,36.963567],[140.155149,36.963719],[140.154739,36.963819],[140.154578,36.963861],[140.154467,36.963911],[140.154096,36.964091],[140.15342,36.964405],[140.153313,36.964438],[140.152997,36.964492]]}},{"type":"Feature","properties":{"id":198543648,"highway":"unclassified"},"geometry":{"type":"LineString","coordinates":[[140.111219,36.984173],[140.111287,36.984288],[140.111374,36.984391],[140.111565,36.984559],[140.111904,36.984853],[140.112146,36.985035],[140.112174,36.985071],[140.112188,36.985132]]}},{"type":"Feature","properties":{"id":198543678,"highway":"unclassified"},"geometry":{"type":"LineString","coordinates":[[140.146176,36.989038],[140.145932,36.988848],[140.145675,36.98866],[140.14559,36.988589],[140.14556,36.988539],[140.145545,36.988408],[140.145479,36.9883],[140.145311,36.988083]]}},{"type":"Feature","properties":{"id":198543686,"highway":"service"},"geometry":{"type":"LineString","coordinates":[[140.148191,36.985125],[140.148303,36.985122],[140.148468,36.98515],[140.148621,36.985209],[140.148673,36.985212],[140.1487,36.985185],[140.148833,36.98502]]}},{"type":"Feature","properties":{"id":198543694,"highway":"service"},"geometry":{"type":"LineString","coordinates":[[140.118189,36.994566],[140.117744,36.994702],[140.117342,36.994753],[140.117133,36.994779],[140.116992,36.994806],[140.116921,36.994808],[140.116868,36.994786],[140.116829,36.994746],[140.116727,36.994446],[140.116674,36.994338],[140.116625,36.994274],[140.116563,36.994224],[140.1165,36.994194],[140.116399,36.994165],[140.116341,36.994169],[140.11628,36.994189],[140.116042,36.994332],[140.11558,36.9946]]}},{"type":"Feature","properties":{"id":198543717,"highway":"service"},"geometry":{"type":"LineString","coordinates":[[140.152339,36.98653],[140.152501,36.98713],[140.152508,36.987185],[140.152558,36.987337],[140.15267,36.987479],[140.15288,36.987665],[140.153041,36.987777],[140.153218,36.987857]]}},{"type":"Feature","properties":{"id":198543720,"highway":"unclassified"},"geometry":{"type":"LineString","coordinates":[[140.168892,36.997711],[140.167804,36.998082],[140.167758,36.998089],[140.167734,36.998071],[140.16737,36.997362],[140.166422,36.995551]]}},{"type":"Feature","properties":{"id":198543725,"highway":"unclassified"},"geometry":{"type":"LineString","coordinates":[[140.142656,36.9714],[140.142638,36.971286],[140.142651,36.971069],[140.142658,36.970934],[140.14272,36.970787],[140.14286,36.970522],[140.143142,36.9701],[140.143642,36.96948]]}},{"type":"Feature","properties":{"id":198543734,"highway":"service"},"geometry":{"type":"LineString","coordinates":[[140.147617,36.999633],[140.148565,36.999297],[140.148845,36.999207],[140.148898,36.999218],[140.149178,36.999448],[140.149178,36.99947],[140.148346,36.999916],[140.148198,36.999956],[140.148141,36.999957]]}},{"type":"Feature","properties":{"id":198543745,"highway":"unclassified"},"geometry":{"type":"LineString","coordinates":[[140.154457,36.968428],[140.154504,36.968394],[140.154547,36.968364],[140.154582,36.968342],[140.154739,36.968277],[140.154912,36.968218],[140.154988,36.968201],[140.15502,36.968199]]}},{"type":"Feature","properties":{"id":198543767,"highway":"unclassified"},"geometry":{"type":"LineString","coordinates":[[140.159008,36.992972],[140.158825,36.993176],[140.15861,36.993416],[140.158578,36.993432],[140.158541,36.99344],[140.15848,36.993448],[140.158133,36.993464],[140.158042,36.993458],[140.157926,36.993438],[140.157779,36.993374],[140.157579,36.993281],[140.157236,36.993231],[140.156887,36.993227],[140.15662,36.993308],[140.15631,36.993429]]}},{"type":"Feature","properties":{"id":198543788,"highway":"unclassified"},"geometry":{"type":"LineString","coordinates":[[140.109899,36.982835],[140.110342,36.98306],[140.110571,36.98319],[140.110697,36.983291],[140.11093,36.983491],[140.111016,36.983615],[140.111085,36.983781],[140.111219,36.984173]]}},{"type":"Feature","properties":{"id":198543799,"highway":"service"},"geometry":{"type":"LineString","coordinates":[[140.11254,36.983337],[140.112527,36.983377],[140.112515,36.983548],[140.112495,36.983618],[140.112359,36.984062],[140.112363,36.984116],[140.112391,36.984205],[140.112402,36.984334],[140.112392,36.984456],[140.112356,36.98462],[140.112297,36.984764],[140.112237,36.985027],[140.112188,36.985132]]}},{"type":"Feature","properties":{"id":198543807,"highway":"unclassified"},"geometry":{"type":"LineString","coordinates":[[140.154056,36.966032],[140.154088,36.96595],[140.154113,36.965916],[140.154158,36.965891],[140.154972,36.965584]]}},{"type":"Feature","properties":{"id":198543810,"highway":"service"},"geometry":{"type":"LineString","coordinates":[[140.142964,36.987198],[140.143008,36.98683],[140.143063,36.986636],[140.143139,36.986477],[140.143238,36.986343],[140.143416,36.986183],[140.143728,36.985978],[140.143983,36.985836]]}},{"type":"Feature","properties":{"id":198543813,"highway":"service"},"geometry":{"type":"LineString","coordinates":[[140.113033,36.977154],[140.11354,36.977243],[140.114092,36.977308],[140.114332,36.97737],[140.11449,36.977391],[140.114916,36.977441],[140.115185,36.977519],[140.115262,36.977551],[140.115418,36.977645],[140.115542,36.977693],[140.115885,36.977748]]}},{"type":"Feature","properties":{"id":198543820,"highway":"unclassified"},"geometry":{"type":"LineString","coordinates":[[140.14375,36.949927],[140.143741,36.949973],[140.14369,36.950107],[140.143544,36.950377],[140.143497,36.950464],[140.143463,36.950503],[140.143396,36.950544],[140.143319,36.950577],[140.142707,36.950657],[140.142446,36.950688],[140.142281,36.950706],[140.142046,36.950755],[140.141919,36.950807],[140.141691,36.950913],[140.14157,36.950958],[140.141513,36.950972],[140.141271,36.951017],[140.141198,36.951048],[140.141114,36.951106],[140.140489,36.951709],[140.140441,36.951806],[140.140404,36.95189],[140.140394,36.951972],[140.14037,36.952098],[140.140312,36.952238],[140.14026,36.952324],[140.140171,36.952442],[140.140116,36.952496],[140.14007,36.952534],[140.139866,36.952651],[140.139824,36.952698],[140.139759,36.952811],[140.139605,36.953008],[140.139511,36.953143],[140.139415,36.953311],[140.139359,36.953447],[140.139341,36.953534],[140.139347,36.953684],[140.139351,36.953807],[140.139344,36.953919],[140.139324,36.954125],[140.139332,36.954193],[140.139358,36.95424],[140.139565,36.954405],[140.139605,36.954465],[140.139762,36.954811],[140.139783,36.954856],[140.140163,36.955492],[140.140341,36.955781],[140.140401,36.955863],[140.140503,36.955992],[140.140642,36.956219],[140.140687,36.956274],[140.140748,36.956322],[140.140842,36.956379],[140.141536,36.956781],[140.141685,36.956879],[140.142183,36.957267],[140.142779,36.957733],[140.142834,36.957759],[140.142878,36.957772],[140.142944,36.957791],[140.143086,36.95781]]}},{"type":"Feature","properties":{"id":198543834,"highway":"service"},"geometry":{"type":"LineString","coordinates":[[140.106047,36.997889],[140.106211,36.997845],[140.106354,36.997806],[140.106527,36.997737],[140.106705,36.997656],[140.106811,36.997571],[140.106943,36.997438],[140.107084,36.997277],[140.107201,36.997119],[140.107472,36.996872],[140.107545,36.996789],[140.107824,36.996443],[140.108076,36.996233],[140.108369,36.996078],[140.108549,36.995963],[140.108717,36.995814],[140.108852,36.995724],[140.109096,36.995534],[140.109223,36.995466]]}},{"type":"Feature","properties":{"id":198543841,"highway":"service"},"geometry":{"type":"LineString","coordinates":[[140.100783,36.991504],[140.100832,36.991372],[140.100948,36.990991],[140.100997,36.990627],[140.101055,36.990233],[140.101411,36.990252],[140.101764,36.990276],[140.102103,36.990291]]}},{"type":"Feature","properties":{"id":198543846,"highway":"service"},"geometry":{"type":"LineString","coordinates":[[140.127407,36.988423],[140.127244,36.988366],[140.127157,36.988297],[140.126666,36.987816],[140.126509,36.987683],[140.12638,36.987622],[140.126052,36.987535],[140.125788,36.987429],[140.125623,36.987341]]}},{"type":"Feature","properties":{"id":198543848,"highway":"unclassified"},"geometry":{"type":"LineString","coordinates":[[140.141838,36.991187],[140.141817,36.991177],[140.141587,36.991064],[140.141182,36.990811],[140.140638,36.990528],[140.139715,36.99014],[140.139646,36.990117],[140.139575,36.990108],[140.13951,36.990131],[140.139453,36.990181],[140.139232,36.990469],[140.139052,36.99064],[140.138846,36.990806],[140.138687,36.990898],[140.138504,36.990989],[140.138221,36.991095],[140.137565,36.991399],[140.137046,36.991653],[140.136684,36.991832]]}},{"type":"Feature","properties":{"id":198543849,"highway":"unclassified"},"geometry":{"type":"LineString","coordinates":[[140.13243,36.995375],[140.132376,36.99545],[140.132382,36.99548],[140.132297,36.995614],[140.132179,36.995727],[140.131995,36.995863],[140.131283,36.996396],[140.131071,36.996564],[140.130691,36.996871],[140.130611,36.996946],[140.130552,36.997035],[140.130516,36.997116],[140.130488,36.997219],[140.130476,36.99725],[140.130416,36.997345]]}},{"type":"Feature","properties":{"id":198543863,"highway":"tertiary"},"geometry":{"type":"LineString","coordinates":[[140.115541,36.984135],[140.114936,36.983882],[140.114686,36.983818],[140.114495,36.983802],[140.11389,36.983838],[140.113665,36.98383],[140.113484,36.983806],[140.113323,36.983743],[140.113187,36.98367]]}},{"type":"Feature","properties":{"id":198543865,"highway":"tertiary"},"geometry":{"type":"LineString","coordinates":[[140.120661,36.987519],[140.120687,36.987535],[140.120815,36.987624],[140.120869,36.987675],[140.120917,36.987742],[140.120956,36.987813],[140.121004,36.987918],[140.121298,36.98857],[140.121306,36.988593],[140.121317,36.988624],[140.121336,36.98868],[140.121348,36.988853],[140.121342,36.98921],[140.121378,36.989359],[140.121465,36.989491],[140.121655,36.989696]]}},{"type":"Feature","properties":{"id":198543872,"highway":"residential"},"geometry":{"type":"LineString","coordinates":[[140.137785,36.973379],[140.137986,36.972858],[140.138027,36.972812],[140.13811,36.972824],[140.138167,36.972851],[140.138239,36.972906],[140.138891,36.973154],[140.138636,36.973767],[140.138214,36.974721]]}},{"type":"Feature","properties":{"id":198543881,"highway":"unclassified"},"geometry":{"type":"LineString","coordinates":[[140.15631,36.993429],[140.155968,36.993546],[140.155686,36.993631],[140.155138,36.993758],[140.15478,36.993806],[140.154444,36.99383]]}},{"type":"Feature","properties":{"id":198543907,"highway":"service"},"geometry":{"type":"LineString","coordinates":[[140.143687,36.992149],[140.144072,36.992065],[140.14487,36.991859],[140.145031,36.991806],[140.14522,36.991745],[140.145477,36.991651],[140.145858,36.991456],[140.146192,36.991254],[140.147047,36.990708],[140.146623,36.990229]]}},{"type":"Feature","properties":{"id":198543908,"highway":"service"},"geometry":{"type":"LineString","coordinates":[[140.103868,36.979803],[140.10362,36.979667],[140.103571,36.979635],[140.103215,36.979399],[140.103159,36.978911],[140.103131,36.978797],[140.10309,36.978716],[140.102888,36.978439],[140.102824,36.97835]]}},{"type":"Feature","properties":{"id":198543915,"highway":"service"},"geometry":{"type":"LineString","coordinates":[[140.102249,36.978566],[140.102251,36.978755],[140.102264,36.978962],[140.102082,36.978965],[140.102043,36.978977],[140.101972,36.979103],[140.101949,36.979198],[140.101938,36.979381],[140.101938,36.97957],[140.101955,36.979666],[140.102062,36.979915],[140.102084,36.980119],[140.10205,36.980389],[140.101967,36.980737],[140.101933,36.981089],[140.101923,36.981822]]}},{"type":"Feature","properties":{"id":198543923,"highway":"unclassified"},"geometry":{"type":"LineString","coordinates":[[140.145311,36.988083],[140.145189,36.987982],[140.145019,36.987868],[140.14486,36.98777],[140.144722,36.987707],[140.144554,36.987642],[140.144296,36.987567],[140.144199,36.987548]]}},{"type":"Feature","properties":{"id":198543939,"highway":"service"},"geometry":{"type":"LineString","coordinates":[[140.150909,36.935493],[140.15084,36.93548],[140.150752,36.935461],[140.150666,36.935439],[140.150505,36.935395],[140.150379,36.935369],[140.150234,36.935354],[140.150048,36.935356],[140.149784,36.935382],[140.14968,36.935381],[140.149575,36.935364],[140.149469,36.93533],[140.149383,36.935289],[140.149296,36.935222],[140.149238,36.935146],[140.149201,36.935073],[140.149174,36.934983],[140.149131,36.934628],[140.149108,36.934508],[140.149068,36.934396],[140.148997,36.934271],[140.148916,36.934176],[140.148805,36.934085],[140.148651,36.934],[140.148472,36.933952],[140.148252,36.933905],[140.148027,36.933899],[140.147771,36.933864],[140.1475,36.933804],[140.147215,36.933719],[140.146928,36.933602],[140.146301,36.933235],[140.14611,36.933165],[140.145974,36.93313]]}},{"type":"Feature","properties":{"id":198543940,"highway":"service"},"geometry":{"type":"LineString","coordinates":[[140.118061,36.927078],[140.115776,36.929111],[140.115765,36.929139],[140.115772,36.929162],[140.116104,36.92946],[140.11611,36.92951],[140.116087,36.929544],[140.115615,36.930005],[140.115575,36.930065],[140.115555,36.930149],[140.115496,36.930635],[140.115508,36.9307],[140.115571,36.930783],[140.115714,36.930927]]}},{"type":"Feature","properties":{"id":198543941,"highway":"unclassified"},"geometry":{"type":"LineString","coordinates":[[140.133543,36.993935],[140.133433,36.993995],[140.133235,36.994113],[140.133184,36.994167],[140.133044,36.994419],[140.132711,36.994936],[140.132485,36.995289],[140.13243,36.995375]]}},{"type":"Feature","properties":{"id":198543945,"highway":"unclassified"},"geometry":{"type":"LineString","coordinates":[[140.159093,36.99287],[140.159109,36.992851],[140.159192,36.992747],[140.15933,36.9925],[140.159402,36.992347],[140.159429,36.992277],[140.159473,36.992196],[140.159737,36.991811],[140.159809,36.991741],[140.159939,36.991667],[140.1606,36.991378]]}},{"type":"Feature","properties":{"id":198543976,"highway":"unclassified"},"geometry":{"type":"LineString","coordinates":[[140.119167,36.928857],[140.119216,36.928815],[140.119739,36.928359],[140.120005,36.928166],[140.120173,36.92802],[140.120272,36.927911],[140.120417,36.927709],[140.120701,36.927266],[140.120923,36.926897],[140.121279,36.92629]]}},{"type":"Feature","properties":{"id":198543977,"highway":"service"},"geometry":{"type":"LineString","coordinates":[[140.141891,36.945233],[140.141782,36.945442],[140.141739,36.945515],[140.141698,36.94558],[140.14166,36.945619],[140.14157,36.945675],[140.141188,36.9459]]}},{"type":"Feature","properties":{"id":198543978,"highway":"unclassified"},"geometry":{"type":"LineString","coordinates":[[140.100635,36.996926],[140.100545,36.997127],[140.100404,36.997569],[140.100316,36.997821],[140.100142,36.998161],[140.099867,36.998561],[140.099549,36.998933],[140.099429,36.999043]]}},{"type":"Feature","properties":{"id":199414112,"highway":"unclassified"},"geometry":{"type":"LineString","coordinates":[[140.168078,36.909467],[140.168145,36.909291],[140.168396,36.909251],[140.168743,36.909201],[140.168922,36.909194],[140.169111,36.909199],[140.16922,36.909206],[140.169644,36.909239],[140.169771,36.909274],[140.169974,36.909315]]}},{"type":"Feature","properties":{"id":199414118,"highway":"residential"},"geometry":{"type":"LineString","coordinates":[[140.165817,36.913269],[140.16549,36.912749],[140.165352,36.912531],[140.165085,36.912184],[140.164979,36.912051],[140.164885,36.911941],[140.164747,36.91183],[140.164378,36.911595],[140.164173,36.911466],[140.164083,36.911394],[140.163935,36.911239],[140.163684,36.911001]]}},{"type":"Feature","properties":{"id":199414119,"highway":"unclassified"},"geometry":{"type":"LineString","coordinates":[[140.199123,36.900215],[140.199156,36.90018],[140.199196,36.900155],[140.199242,36.900146],[140.199326,36.900153],[140.199563,36.900245],[140.199675,36.900263],[140.199781,36.900256],[140.199892,36.9002],[140.200183,36.899962],[140.200317,36.899898],[140.200375,36.899885]]}},{"type":"Feature","properties":{"id":199414120,"highway":"unclassified"},"geometry":{"type":"LineString","coordinates":[[140.167787,36.911986],[140.167846,36.911936],[140.167902,36.911859],[140.167949,36.911734],[140.167981,36.911565],[140.168079,36.91134],[140.168174,36.911166],[140.168249,36.911082],[140.168421,36.910969],[140.168821,36.91069],[140.169129,36.910503],[140.169362,36.910355]]}},{"type":"Feature","properties":{"id":199414124,"highway":"residential"},"geometry":{"type":"LineString","coordinates":[[140.167047,36.913459],[140.1672,36.913391],[140.167347,36.91332],[140.16743,36.913279],[140.167536,36.913253],[140.167637,36.913244],[140.167766,36.913253],[140.167864,36.913265],[140.16791,36.91326],[140.168149,36.913098],[140.168431,36.912908],[140.167959,36.912455],[140.167624,36.912082]]}},{"type":"Feature","properties":{"id":199414125,"highway":"residential"},"geometry":{"type":"LineString","coordinates":[[140.155071,36.912827],[140.154614,36.912442],[140.154534,36.912382],[140.154342,36.912285],[140.154146,36.91218],[140.153859,36.911991],[140.153511,36.911737],[140.153361,36.911653],[140.153109,36.911563],[140.152849,36.911484],[140.152715,36.911421],[140.152611,36.911351],[140.152295,36.911118]]}},{"type":"Feature","properties":{"id":199414126,"highway":"unclassified"},"geometry":{"type":"LineString","coordinates":[[140.157892,36.904034],[140.158439,36.903742],[140.159771,36.90534],[140.160485,36.904946],[140.160571,36.905087],[140.160656,36.905323],[140.160769,36.90549],[140.160957,36.905594],[140.161043,36.905619],[140.161161,36.905709],[140.161316,36.905766],[140.161557,36.905791],[140.161726,36.90583],[140.16171,36.906261]]}},{"type":"Feature","properties":{"id":199414127,"highway":"residential"},"geometry":{"type":"LineString","coordinates":[[140.159862,36.909232],[140.159487,36.909086],[140.159283,36.908973],[140.159145,36.908881],[140.158887,36.908699],[140.158619,36.908507],[140.158251,36.908248],[140.158118,36.908167],[140.158009,36.908103],[140.157945,36.908072],[140.157867,36.908006],[140.157746,36.907899],[140.157623,36.907791],[140.157551,36.907725],[140.157196,36.9074]]}},{"type":"Feature","properties":{"id":199414128,"highway":"residential"},"geometry":{"type":"LineString","coordinates":[[140.148896,36.910475],[140.148826,36.909872],[140.148805,36.909596],[140.148784,36.909286],[140.148729,36.909217],[140.148678,36.909154],[140.148625,36.909084],[140.148547,36.908981],[140.148585,36.908649],[140.148598,36.908613],[140.148608,36.908588],[140.148628,36.908581],[140.148961,36.908541],[140.148988,36.908199],[140.148956,36.9082]]}},{"type":"Feature","properties":{"id":199414130,"highway":"residential"},"geometry":{"type":"LineString","coordinates":[[140.155983,36.905271],[140.155646,36.904991],[140.155351,36.904795],[140.155125,36.904654],[140.155029,36.904569],[140.154952,36.904485],[140.154906,36.904405],[140.154864,36.904202],[140.154834,36.904121],[140.154761,36.90406],[140.154618,36.903969],[140.154556,36.9039],[140.154503,36.903823],[140.154395,36.903685],[140.154219,36.903395]]}},{"type":"Feature","properties":{"id":199414131,"highway":"residential"},"geometry":{"type":"LineString","coordinates":[[140.145105,36.907495],[140.145106,36.90732],[140.145091,36.907224],[140.145005,36.906879],[140.144986,36.906785],[140.144986,36.906725],[140.145004,36.906657],[140.145043,36.906605],[140.14514,36.906492],[140.145268,36.906382],[140.145468,36.90625],[140.145545,36.906215],[140.145683,36.906186],[140.145822,36.906174],[140.145953,36.906158],[140.146181,36.906054]]}},{"type":"Feature","properties":{"id":199414136,"highway":"unclassified"},"geometry":{"type":"LineString","coordinates":[[140.146716,36.908402],[140.14662,36.908606],[140.14658,36.908718],[140.146569,36.908794],[140.146576,36.908853],[140.146601,36.908926],[140.146752,36.909422],[140.146763,36.909546],[140.146763,36.909639],[140.146752,36.909681],[140.146722,36.909752],[140.146604,36.910008],[140.14631,36.910498],[140.145974,36.910976],[140.145911,36.91115],[140.145826,36.911539],[140.145778,36.911713]]}},{"type":"Feature","properties":{"id":199414138,"highway":"residential"},"geometry":{"type":"LineString","coordinates":[[140.155466,36.903328],[140.156172,36.902899],[140.156719,36.902553],[140.157063,36.902322],[140.157214,36.902401],[140.157356,36.902477],[140.157447,36.902548],[140.157495,36.902639],[140.157518,36.902695],[140.157546,36.902836],[140.157551,36.902965],[140.157566,36.903106],[140.157581,36.90332],[140.157566,36.903534],[140.157503,36.903843],[140.157472,36.903952],[140.157479,36.904078],[140.157547,36.904197]]}},{"type":"Feature","properties":{"id":199414140,"highway":"residential"},"geometry":{"type":"LineString","coordinates":[[140.157566,36.915969],[140.157394,36.915773],[140.157273,36.915603],[140.157075,36.91541],[140.156897,36.915248],[140.156664,36.91502],[140.156617,36.91494],[140.156445,36.91457],[140.156417,36.91447],[140.15627,36.91404],[140.156141,36.91372],[140.15607,36.913593],[140.155991,36.913506],[140.15583,36.913381],[140.155666,36.913291],[140.155524,36.913204],[140.155346,36.913061],[140.155071,36.912827]]}},{"type":"Feature","properties":{"id":199414143,"highway":"unclassified"},"geometry":{"type":"LineString","coordinates":[[140.16171,36.906261],[140.161702,36.906379]]}},{"type":"Feature","properties":{"id":199414144,"highway":"residential"},"geometry":{"type":"LineString","coordinates":[[140.148956,36.9082],[140.148281,36.908183]]}},{"type":"Feature","properties":{"id":199414145,"highway":"residential"},"geometry":{"type":"LineString","coordinates":[[140.146156,36.901299],[140.145677,36.901278]]}},{"type":"Feature","properties":{"id":199414146,"highway":"residential"},"geometry":{"type":"LineString","coordinates":[[140.152518,36.901303],[140.153188,36.900874]]}},{"type":"Feature","properties":{"id":199414147,"highway":"residential"},"geometry":{"type":"LineString","coordinates":[[140.147716,36.908177],[140.148281,36.908183]]}},{"type":"Feature","properties":{"id":199414148,"highway":"residential"},"geometry":{"type":"LineString","coordinates":[[140.146156,36.901299],[140.146653,36.901344]]}},{"type":"Feature","properties":{"id":199414149,"highway":"unclassified"},"geometry":{"type":"LineString","coordinates":[[140.167694,36.912041],[140.167787,36.911986]]}},{"type":"Feature","properties":{"id":199414151,"highway":"residential"},"geometry":{"type":"LineString","coordinates":[[140.160519,36.908826],[140.161326,36.908339]]}},{"type":"Feature","properties":{"id":199414152,"highway":"residential"},"geometry":{"type":"LineString","coordinates":[[140.151572,36.900253],[140.15222,36.899823]]}},{"type":"Feature","properties":{"id":199414153,"highway":"unclassified"},"geometry":{"type":"LineString","coordinates":[[140.157683,36.904137],[140.157892,36.904034]]}},{"type":"Feature","properties":{"id":199414154,"highway":"residential"},"geometry":{"type":"LineString","coordinates":[[140.154219,36.903395],[140.155047,36.902862]]}},{"type":"Feature","properties":{"id":199414155,"highway":"residential"},"geometry":{"type":"LineString","coordinates":[[140.157196,36.9074],[140.158244,36.906666]]}},{"type":"Feature","properties":{"id":199414156,"highway":"residential"},"geometry":{"type":"LineString","coordinates":[[140.151358,36.910853],[140.151101,36.910941],[140.150953,36.911021],[140.150842,36.911086],[140.150732,36.911143],[140.150629,36.911181],[140.150583,36.911184],[140.150503,36.911143],[140.15036,36.911093],[140.150242,36.911077],[140.150051,36.911068],[140.149958,36.911064],[140.149918,36.911051],[140.149887,36.910996],[140.149851,36.910929],[140.149693,36.910657],[140.14962,36.910582],[140.149567,36.91055],[140.149527,36.910537],[140.149457,36.91052],[140.148924,36.910475],[140.148896,36.910475]]}},{"type":"Feature","properties":{"id":199414158,"highway":"unclassified"},"geometry":{"type":"LineString","coordinates":[[140.155983,36.905271],[140.155471,36.905906],[140.155127,36.906374],[140.154994,36.90652],[140.154906,36.906593],[140.154889,36.906605],[140.154734,36.906712],[140.154661,36.906753],[140.154604,36.906788],[140.154548,36.906796],[140.154513,36.906796],[140.154462,36.906791],[140.154395,36.906776],[140.154241,36.906732],[140.154147,36.906713],[140.154103,36.906722],[140.154062,36.906748],[140.154034,36.906777],[140.154017,36.906818],[140.153992,36.906886],[140.153957,36.907275],[140.15395,36.907467],[140.153885,36.907859]]}},{"type":"Feature","properties":{"id":199414162,"highway":"residential"},"geometry":{"type":"LineString","coordinates":[[140.185043,36.909333],[140.185099,36.909485],[140.185077,36.909725],[140.185079,36.909839],[140.185089,36.90987],[140.185116,36.909892],[140.185159,36.909907],[140.185232,36.909903],[140.185306,36.909892],[140.185424,36.909839],[140.185602,36.909708],[140.185862,36.909495],[140.185942,36.90944],[140.185985,36.90942],[140.186022,36.909416],[140.186049,36.909428],[140.186063,36.909451],[140.186063,36.909483],[140.186059,36.90952],[140.186022,36.909557],[140.18598,36.909626],[140.185965,36.909702],[140.185981,36.909737],[140.186024,36.909753],[140.18613,36.909788],[140.186326,36.909888],[140.186808,36.910084]]}},{"type":"Feature","properties":{"id":199414163,"highway":"residential"},"geometry":{"type":"LineString","coordinates":[[140.143104,36.91116],[140.143245,36.911053],[140.143329,36.910908],[140.143385,36.910777],[140.14345,36.910683],[140.143583,36.910552],[140.143874,36.910339],[140.144056,36.91016],[140.144121,36.910065],[140.144196,36.909925],[140.144275,36.909716],[140.144329,36.90947],[140.144352,36.909134],[140.144362,36.908834],[140.144364,36.908676],[140.144373,36.908617],[140.144399,36.908546],[140.144456,36.90845],[140.144541,36.908309],[140.144625,36.908189],[140.144719,36.908068],[140.144778,36.908016],[140.14496,36.907782],[140.14503,36.907703],[140.145083,36.907615],[140.145101,36.907547],[140.145105,36.907495]]}},{"type":"Feature","properties":{"id":199414165,"highway":"unclassified"},"geometry":{"type":"LineString","coordinates":[[140.183332,36.909999],[140.183623,36.910067],[140.184202,36.91011]]}},{"type":"Feature","properties":{"id":199414166,"highway":"residential"},"geometry":{"type":"LineString","coordinates":[[140.171045,36.908423],[140.171475,36.90874],[140.171723,36.908927]]}},{"type":"Feature","properties":{"id":199414167,"highway":"residential"},"geometry":{"type":"LineString","coordinates":[[140.162086,36.909052],[140.162427,36.908824],[140.163368,36.908193]]}},{"type":"Feature","properties":{"id":199414168,"highway":"residential"},"geometry":{"type":"LineString","coordinates":[[140.159862,36.909232],[140.160102,36.909056],[140.160519,36.908826]]}},{"type":"Feature","properties":{"id":199414169,"highway":"residential"},"geometry":{"type":"LineString","coordinates":[[140.161421,36.910523],[140.161755,36.910261],[140.162686,36.909637]]}},{"type":"Feature","properties":{"id":199414170,"highway":"residential"},"geometry":{"type":"LineString","coordinates":[[140.148896,36.910475],[140.14858,36.910553],[140.147597,36.910836]]}},{"type":"Feature","properties":{"id":199414172,"highway":"residential"},"geometry":{"type":"LineString","coordinates":[[140.158244,36.906666],[140.157557,36.906005],[140.158033,36.905665]]}},{"type":"Feature","properties":{"id":199414182,"highway":"residential"},"geometry":{"type":"LineString","coordinates":[[140.166647,36.915258],[140.167041,36.914984],[140.167367,36.914766],[140.16749,36.914684]]}},{"type":"Feature","properties":{"id":199414183,"highway":"residential"},"geometry":{"type":"LineString","coordinates":[[140.143985,36.902899],[140.144222,36.902998],[140.144605,36.903191],[140.144924,36.903303]]}},{"type":"Feature","properties":{"id":199414184,"highway":"unclassified"},"geometry":{"type":"LineString","coordinates":[[140.161702,36.906379],[140.161739,36.906422],[140.162131,36.906628],[140.161949,36.906821]]}},{"type":"Feature","properties":{"id":199414185,"highway":"residential"},"geometry":{"type":"LineString","coordinates":[[140.147716,36.908177],[140.147579,36.908176],[140.146717,36.908171],[140.146661,36.908168]]}},{"type":"Feature","properties":{"id":199414186,"highway":"residential"},"geometry":{"type":"LineString","coordinates":[[140.16182,36.910901],[140.161695,36.910753],[140.161552,36.910625],[140.161421,36.910523]]}},{"type":"Feature","properties":{"id":199414187,"highway":"unclassified"},"geometry":{"type":"LineString","coordinates":[[140.169974,36.909315],[140.170042,36.909362],[140.17035,36.909593],[140.170435,36.909656]]}},{"type":"Feature","properties":{"id":199414189,"highway":"residential"},"geometry":{"type":"LineString","coordinates":[[140.158439,36.903742],[140.158878,36.903471],[140.159128,36.903301],[140.159334,36.903153],[140.159474,36.903051],[140.159546,36.903002],[140.159718,36.902914],[140.160047,36.902737],[140.160173,36.90266],[140.160407,36.90249],[140.160624,36.90232],[140.160695,36.902249],[140.160816,36.902161],[140.160978,36.902082],[140.161178,36.901994],[140.161309,36.901898],[140.161502,36.901722],[140.161659,36.901547],[140.161936,36.901274],[140.162043,36.901167],[140.162174,36.901057],[140.162246,36.901005],[140.162331,36.900933],[140.16238,36.900881],[140.162455,36.900753],[140.162507,36.900626],[140.162595,36.900446],[140.162631,36.900388],[140.162656,36.900342],[140.162695,36.900301],[140.162735,36.900251],[140.162818,36.900183],[140.162903,36.900136],[140.163027,36.900089],[140.1631,36.900038],[140.163195,36.899969],[140.16331,36.899884],[140.16348,36.899752],[140.163592,36.899689],[140.16385,36.899558],[140.164027,36.899473],[140.164153,36.899383]]}},{"type":"Feature","properties":{"id":199414192,"highway":"unclassified"},"geometry":{"type":"LineString","coordinates":[[140.198171,36.901933],[140.198316,36.901823],[140.198428,36.901598],[140.198579,36.901445],[140.19861,36.901387],[140.198617,36.90135],[140.19862,36.901289],[140.19861,36.901249],[140.198587,36.901183],[140.198561,36.901141],[140.198542,36.901086],[140.198534,36.901047],[140.198537,36.901005],[140.198547,36.900961],[140.198569,36.900918],[140.198631,36.900764],[140.198662,36.90068],[140.198682,36.900639],[140.198711,36.900603],[140.19873,36.900591],[140.198747,36.900578],[140.198769,36.90057],[140.198799,36.900566],[140.198823,36.90058],[140.198842,36.900593],[140.198853,36.900623],[140.198901,36.900817],[140.198915,36.900889],[140.198925,36.900923],[140.198935,36.900933],[140.198971,36.90094],[140.199004,36.900934],[140.199024,36.900909],[140.199026,36.900901],[140.199045,36.900849],[140.199066,36.900719],[140.199089,36.900664],[140.199178,36.900475],[140.19919,36.900431],[140.199187,36.900385],[140.199168,36.900344],[140.199145,36.900305],[140.199127,36.900265],[140.199123,36.900215]]}},{"type":"Feature","properties":{"id":199414198,"highway":"residential"},"geometry":{"type":"LineString","coordinates":[[140.146653,36.901344],[140.146773,36.901353],[140.147207,36.901392],[140.147397,36.90137],[140.1476,36.901325]]}},{"type":"Feature","properties":{"id":199414199,"highway":"residential"},"geometry":{"type":"LineString","coordinates":[[140.161949,36.906821],[140.161776,36.906767],[140.161357,36.906958],[140.160753,36.907376],[140.160599,36.907448]]}},{"type":"Feature","properties":{"id":199414200,"highway":"unclassified"},"geometry":{"type":"LineString","coordinates":[[140.156862,36.904664],[140.156635,36.90486],[140.156308,36.905068],[140.156126,36.905174],[140.155983,36.905271]]}},{"type":"Feature","properties":{"id":199414203,"highway":"residential"},"geometry":{"type":"LineString","coordinates":[[140.160519,36.908826],[140.15996,36.908287],[140.159462,36.907812],[140.158809,36.907187],[140.158244,36.906666]]}},{"type":"Feature","properties":{"id":199414204,"highway":"residential"},"geometry":{"type":"LineString","coordinates":[[140.167047,36.913459],[140.166819,36.913347],[140.166748,36.913288],[140.166646,36.913177],[140.166368,36.912905]]}},{"type":"Feature","properties":{"id":199414205,"highway":"residential"},"geometry":{"type":"LineString","coordinates":[[140.171045,36.908423],[140.171656,36.907909],[140.171995,36.907624],[140.172648,36.907086],[140.172823,36.906931],[140.17332,36.90729]]}},{"type":"Feature","properties":{"id":199414209,"highway":"residential"},"geometry":{"type":"LineString","coordinates":[[140.145105,36.907495],[140.145462,36.907326],[140.145546,36.907275],[140.145869,36.907202],[140.146219,36.907112],[140.146268,36.907106],[140.146453,36.907035]]}},{"type":"Feature","properties":{"id":199414210,"highway":"tertiary"},"geometry":{"type":"LineString","coordinates":[[140.184202,36.91011],[140.184425,36.910057],[140.184537,36.91001],[140.18465,36.909903],[140.185043,36.909333],[140.185076,36.909233],[140.185037,36.909137]]}},{"type":"Feature","properties":{"id":199414212,"highway":"residential"},"geometry":{"type":"LineString","coordinates":[[140.16749,36.914684],[140.167906,36.914398],[140.168033,36.914299],[140.167748,36.913988],[140.167506,36.913731],[140.167389,36.913637],[140.167047,36.913459]]}},{"type":"Feature","properties":{"id":199414213,"highway":"residential"},"geometry":{"type":"LineString","coordinates":[[140.162865,36.911773],[140.162727,36.911616],[140.162448,36.911381],[140.162223,36.911242],[140.162073,36.911164],[140.161977,36.911071],[140.16182,36.910901]]}},{"type":"Feature","properties":{"id":199414214,"highway":"residential"},"geometry":{"type":"LineString","coordinates":[[140.16749,36.914684],[140.167047,36.914388],[140.166744,36.914166],[140.166579,36.914021],[140.166327,36.913802],[140.166057,36.91351],[140.165817,36.913269]]}},{"type":"Feature","properties":{"id":199414215,"highway":"residential"},"geometry":{"type":"LineString","coordinates":[[140.152295,36.911118],[140.152204,36.911006],[140.15201,36.910892],[140.15182,36.910823],[140.151626,36.910804],[140.151458,36.910831],[140.151358,36.910853]]}},{"type":"Feature","properties":{"id":199414216,"highway":"residential"},"geometry":{"type":"LineString","coordinates":[[140.164857,36.914061],[140.164979,36.913966],[140.165036,36.913877],[140.165058,36.913767],[140.165113,36.913686],[140.165227,36.913606],[140.165817,36.913269]]}},{"type":"Feature","properties":{"id":199414225,"highway":"residential"},"geometry":{"type":"LineString","coordinates":[[140.151572,36.900253],[140.151424,36.900098],[140.151317,36.900029],[140.150803,36.899845],[140.150569,36.899772],[140.150366,36.899646],[140.149906,36.899289],[140.150934,36.898561]]}},{"type":"Feature","properties":{"id":199414226,"highway":"unclassified"},"geometry":{"type":"LineString","coordinates":[[140.153885,36.907859],[140.15374,36.908729],[140.153698,36.908954],[140.153621,36.909213],[140.153438,36.909726],[140.153326,36.909901],[140.152373,36.911016],[140.152295,36.911118]]}},{"type":"Feature","properties":{"id":199414229,"highway":"residential"},"geometry":{"type":"LineString","coordinates":[[140.154219,36.903395],[140.154008,36.903134],[140.153874,36.902973],[140.15322,36.902229],[140.15302,36.901988],[140.153174,36.901865],[140.152894,36.901574],[140.152637,36.901382],[140.152518,36.901303]]}},{"type":"Feature","properties":{"id":199414230,"highway":"residential"},"geometry":{"type":"LineString","coordinates":[[140.157196,36.9074],[140.157027,36.907073],[140.156697,36.906147],[140.156619,36.906061],[140.156438,36.905926],[140.156239,36.905836],[140.156188,36.905693],[140.156119,36.905395],[140.155983,36.905271]]}},{"type":"Feature","properties":{"id":199414232,"highway":"residential"},"geometry":{"type":"LineString","coordinates":[[140.169974,36.909315],[140.170102,36.909101],[140.170173,36.909046],[140.170273,36.909001],[140.170386,36.908956],[140.170446,36.908928],[140.170507,36.90888],[140.170604,36.908799],[140.171045,36.908423]]}},{"type":"Feature","properties":{"id":199414233,"highway":"residential"},"geometry":{"type":"LineString","coordinates":[[140.168997,36.917219],[140.169304,36.917005],[140.169648,36.916744],[140.16981,36.916629],[140.169515,36.916365],[140.169058,36.915964],[140.168514,36.915487],[140.16795,36.915014],[140.16749,36.914684]]}},{"type":"Feature","properties":{"id":199414236,"highway":"residential"},"geometry":{"type":"LineString","coordinates":[[140.161421,36.910523],[140.161116,36.910246],[140.160868,36.910048],[140.160564,36.909743],[140.160281,36.909429],[140.160226,36.909377],[140.160169,36.909332],[140.160094,36.909306],[140.159862,36.909232]]}},{"type":"Feature","properties":{"id":199414237,"highway":"residential"},"geometry":{"type":"LineString","coordinates":[[140.152518,36.901303],[140.152211,36.901081],[140.152042,36.900931],[140.151893,36.900801],[140.151783,36.900667],[140.151744,36.900594],[140.151687,36.900495],[140.15161,36.900326],[140.151572,36.900253]]}},{"type":"Feature","properties":{"id":199568644,"highway":"residential"},"geometry":{"type":"LineString","coordinates":[[140.145881,36.899641],[140.14575,36.899658],[140.145687,36.899664],[140.145237,36.899787],[140.144887,36.899826],[140.144382,36.899956],[140.14392,36.900057],[140.143759,36.900057],[140.143695,36.900034],[140.143435,36.899876],[140.143277,36.899742],[140.143157,36.899649],[140.143,36.89954],[140.142905,36.899461],[140.14279,36.899382],[140.142635,36.899293],[140.142505,36.899234],[140.142447,36.899217],[140.142237,36.899172],[140.141936,36.899167],[140.141375,36.899251],[140.141241,36.899296],[140.14114,36.899347],[140.140987,36.899444],[140.140828,36.899535],[140.140694,36.899612],[140.140557,36.899669],[140.140428,36.89972],[140.140346,36.899747],[140.140255,36.899758],[140.139414,36.899758],[140.139309,36.899769],[140.139203,36.899793],[140.138993,36.899855],[140.138835,36.899931],[140.138614,36.900029],[140.138439,36.900069],[140.138047,36.900108],[140.137409,36.900142],[140.137255,36.900176],[140.137131,36.900236],[140.13701,36.900312],[140.136898,36.900373],[140.136771,36.900401],[140.13626,36.900379]]}},{"type":"Feature","properties":{"id":199568659,"highway":"residential"},"geometry":{"type":"LineString","coordinates":[[140.13626,36.900379],[140.13626,36.900024],[140.136225,36.899855],[140.136204,36.899787],[140.136111,36.899594],[140.136024,36.899455],[140.135948,36.899316],[140.135896,36.899242],[140.135874,36.899197],[140.135846,36.898649],[140.135818,36.898169],[140.13579,36.897842],[140.135769,36.897718],[140.135763,36.897636],[140.135776,36.897601],[140.1358,36.897571],[140.135823,36.897543],[140.13584,36.897522],[140.135854,36.897503],[140.13586,36.897476],[140.135874,36.897183],[140.135895,36.896935],[140.136,36.896547],[140.136063,36.896462],[140.136128,36.896364],[140.136155,36.896321],[140.13617,36.896274],[140.13617,36.896229],[140.136179,36.896185],[140.136191,36.896142],[140.136215,36.896106],[140.136249,36.896073],[140.136371,36.895914],[140.136483,36.895771],[140.136573,36.895646],[140.136611,36.895587],[140.13662,36.895558],[140.136631,36.895534],[140.136645,36.895488],[140.136638,36.895026],[140.13661,36.894711],[140.136582,36.894593],[140.136535,36.894497],[140.136474,36.894404],[140.136404,36.894313],[140.136378,36.894268],[140.136353,36.894225],[140.136311,36.894149],[140.136274,36.894081],[140.136244,36.89403],[140.136208,36.893976],[140.136121,36.89386],[140.136053,36.893788],[140.135997,36.893735],[140.135946,36.893689],[140.135804,36.8936],[140.135669,36.893527],[140.135579,36.893484],[140.135499,36.89342],[140.135345,36.893305],[140.135233,36.893233],[140.135127,36.893098]]}},{"type":"Feature","properties":{"id":295912892,"highway":"primary"},"geometry":{"type":"LineString","coordinates":[[140.160242,36.994513],[140.160124,36.994824],[140.160075,36.994942],[140.160019,36.995058],[140.159985,36.99512],[140.159959,36.995159],[140.159951,36.99517],[140.159857,36.995281],[140.159819,36.995322],[140.159793,36.995348],[140.159751,36.995391],[140.159631,36.995486],[140.159421,36.995605],[140.159081,36.995754],[140.158864,36.99582],[140.158619,36.995865],[140.158309,36.995866],[140.157982,36.995833],[140.157789,36.995789],[140.157297,36.995656],[140.157117,36.99561],[140.156958,36.995604],[140.156824,36.995631],[140.156672,36.995702],[140.15649,36.99579],[140.156342,36.995891],[140.156226,36.995978],[140.156153,36.996065],[140.156054,36.9962],[140.155959,36.996432],[140.155911,36.996607],[140.155879,36.996744],[140.155857,36.9969],[140.155857,36.997059],[140.155885,36.99733],[140.155959,36.997777],[140.155979,36.997926],[140.155969,36.998015],[140.155933,36.998099],[140.15589,36.998158],[140.155836,36.998215],[140.15577,36.998265],[140.155659,36.99831],[140.155289,36.998381],[140.154946,36.99845],[140.154816,36.998487],[140.154724,36.998521],[140.154631,36.998575],[140.154534,36.998648],[140.154338,36.998847],[140.154244,36.998962],[140.15415,36.999057],[140.154083,36.999107],[140.154001,36.999154],[140.153892,36.999187],[140.1538,36.999202],[140.153687,36.999197],[140.153508,36.999153],[140.153393,36.999126],[140.153306,36.999105],[140.153269,36.999096],[140.153041,36.999054],[140.152879,36.999038],[140.152701,36.999039],[140.152553,36.999057],[140.152439,36.999091],[140.152248,36.999166],[140.151784,36.9994],[140.151391,36.999592],[140.150974,36.999795],[140.150834,36.99986],[140.150679,36.999907],[140.150495,36.999942],[140.150198,36.999954],[140.149964,36.999955],[140.149598,36.999962],[140.14942,36.99998],[140.149247,37.000013],[140.149114,37.000061],[140.149002,37.000132],[140.148989,37.000141],[140.148885,37.000216],[140.148809,37.000291],[140.148736,37.000387],[140.148633,37.000578],[140.148374,37.001054],[140.148171,37.00143],[140.147972,37.001781],[140.147916,37.001848],[140.14784,37.00193],[140.147771,37.001988],[140.14768,37.002051],[140.147607,37.002102],[140.147404,37.002223],[140.147204,37.00232],[140.146755,37.002515],[140.146073,37.002814]]}},{"type":"Feature","properties":{"id":307450655,"highway":"primary"},"geometry":{"type":"LineString","coordinates":[[140.186552,36.96546],[140.186383,36.96542],[140.18622,36.965395],[140.186114,36.965385],[140.185938,36.965368],[140.185807,36.965354],[140.185685,36.965324],[140.185549,36.96527],[140.185448,36.965215],[140.185352,36.965139],[140.184956,36.964751],[140.184935,36.964731],[140.1848,36.964599],[140.18467,36.964486],[140.184598,36.96444],[140.184507,36.964409],[140.183993,36.964306],[140.183887,36.96428],[140.183806,36.964245],[140.183728,36.964198],[140.183407,36.963932],[140.183305,36.963864],[140.183171,36.963803],[140.182804,36.963685],[140.182102,36.96349],[140.181963,36.963467],[140.181849,36.963462],[140.181407,36.963467],[140.180932,36.96348],[140.180688,36.963487],[140.180656,36.963487],[140.180234,36.963486],[140.180089,36.963476],[140.179964,36.963457],[140.17977,36.963418],[140.179102,36.963257],[140.178907,36.963218],[140.178752,36.9632],[140.178588,36.963194],[140.178288,36.963198],[140.177958,36.963215],[140.177703,36.963206],[140.177526,36.963189],[140.1775,36.963187],[140.177334,36.963145],[140.177168,36.963084],[140.176514,36.962787],[140.176144,36.96261],[140.175763,36.962443]]}},{"type":"Feature","properties":{"id":307450656,"highway":"primary"},"geometry":{"type":"LineString","coordinates":[[140.175763,36.962443],[140.175654,36.962399],[140.175347,36.962275],[140.175106,36.962193],[140.174638,36.962039],[140.174373,36.961971],[140.174275,36.961939],[140.17417,36.961882],[140.17406,36.961806],[140.173565,36.961433],[140.173498,36.961395],[140.173435,36.961367],[140.173393,36.96135],[140.173276,36.961313],[140.172828,36.961203],[140.172078,36.961022],[140.171881,36.960974],[140.171306,36.960792],[140.171176,36.960772],[140.171081,36.960763],[140.170533,36.960767],[140.170324,36.960748],[140.170115,36.960703],[140.169899,36.960646],[140.168831,36.960303],[140.168565,36.960217],[140.168314,36.960135],[140.168019,36.960039],[140.167912,36.960006],[140.167796,36.959969],[140.167745,36.959951],[140.167684,36.959929],[140.167562,36.959879],[140.16746,36.959835],[140.167348,36.959774],[140.167265,36.959727],[140.167177,36.959671],[140.167097,36.959607],[140.167013,36.959533],[140.166924,36.959445]]}},{"type":"Feature","properties":{"id":307450657,"highway":"unclassified"},"geometry":{"type":"LineString","coordinates":[[140.162763,36.952192],[140.16283,36.952266],[140.162846,36.952316],[140.162842,36.952387],[140.162826,36.952477],[140.162766,36.952724],[140.162668,36.953163],[140.162613,36.953433],[140.162539,36.953791],[140.162497,36.954001],[140.162438,36.95421],[140.162333,36.954474],[140.162224,36.954789],[140.162192,36.95487],[140.162157,36.954917],[140.162106,36.95496],[140.162033,36.954995],[140.161958,36.95501],[140.161861,36.955009],[140.161588,36.95495],[140.16147,36.954942],[140.161395,36.954948],[140.161322,36.954975],[140.16128,36.955002],[140.161234,36.955039],[140.161196,36.955086]]}},{"type":"Feature","properties":{"id":307452676,"highway":"trunk"},"geometry":{"type":"LineString","coordinates":[[140.160113,36.982062],[140.16007,36.982235],[140.159965,36.982592],[140.159936,36.982693],[140.15987,36.982916],[140.159675,36.983592],[140.159527,36.984132],[140.159465,36.984417]]}},{"type":"Feature","properties":{"id":307452677,"highway":"tertiary"},"geometry":{"type":"LineString","coordinates":[[140.162131,36.987656],[140.161997,36.98745],[140.161965,36.987388],[140.161942,36.987325],[140.161859,36.98685],[140.161768,36.986438],[140.161662,36.985972],[140.161556,36.985587],[140.161431,36.985145],[140.161339,36.984792],[140.161198,36.984259],[140.16116,36.984154],[140.161109,36.984066],[140.160719,36.983407],[140.160482,36.982961],[140.160377,36.982728],[140.160309,36.982575],[140.160231,36.982367],[140.160172,36.982214],[140.160113,36.982062]]}},{"type":"Feature","properties":{"id":307452678,"highway":"trunk"},"geometry":{"type":"LineString","coordinates":[[140.159917,36.987119],[140.16012,36.987476],[140.161003,36.989015],[140.161367,36.989653],[140.161832,36.99046]]}},{"type":"Feature","properties":{"id":307452679,"highway":"trunk"},"geometry":{"type":"LineString","coordinates":[[140.155278,36.960034],[140.155293,36.960121],[140.15535,36.96045],[140.155393,36.960717],[140.155456,36.961185],[140.155567,36.961948],[140.155651,36.962479],[140.155731,36.962971],[140.155802,36.96347],[140.155816,36.963567],[140.155855,36.963885],[140.155908,36.964116],[140.155973,36.964309],[140.156039,36.964457],[140.156131,36.964607],[140.156425,36.965074],[140.157075,36.966138],[140.157525,36.966881],[140.157762,36.967258],[140.157852,36.967401],[140.158086,36.967791],[140.15821,36.968044],[140.158291,36.968247],[140.158381,36.968574],[140.158623,36.969421],[140.158808,36.970015],[140.159173,36.971158],[140.159401,36.971871],[140.159943,36.973643],[140.160116,36.974317],[140.160152,36.974517],[140.160183,36.974709],[140.160208,36.97504],[140.160243,36.976213],[140.160245,36.976323],[140.160261,36.977152],[140.160278,36.978337],[140.160302,36.979027],[140.160322,36.980062],[140.160296,36.980648],[140.160275,36.980996],[140.160238,36.98142],[140.160203,36.981657]]}},{"type":"Feature","properties":{"id":318052105,"highway":"primary"},"geometry":{"type":"LineString","coordinates":[[140.120195,36.968286],[140.120151,36.968248],[140.120041,36.968152],[140.119668,36.967828],[140.119615,36.967782],[140.119467,36.967654],[140.119314,36.967524],[140.118947,36.967215],[140.118746,36.967055],[140.118636,36.966954],[140.118422,36.966755],[140.118376,36.966704],[140.118288,36.966608],[140.118126,36.966414],[140.117965,36.966203],[140.117783,36.96596],[140.117468,36.965521],[140.11722,36.96522],[140.116477,36.964204],[140.115804,36.96331],[140.114994,36.962218],[140.11481,36.96197],[140.114248,36.961246],[140.113402,36.960156],[140.112911,36.959614],[140.112776,36.959476],[140.112641,36.959305],[140.112267,36.958607],[140.112198,36.958441],[140.112151,36.958262],[140.112122,36.9576],[140.11209,36.957402],[140.111956,36.957023],[140.111571,36.955896],[140.111527,36.955786],[140.111477,36.955689],[140.111429,36.955621],[140.111383,36.955554],[140.111314,36.955479],[140.110916,36.955077],[140.110832,36.954976],[140.110768,36.954886],[140.110715,36.95478],[140.11068,36.954649],[140.110654,36.954514],[140.110648,36.954279],[140.110644,36.954157],[140.11064,36.954006],[140.110617,36.953911],[140.110576,36.953823],[140.110503,36.953736],[140.110411,36.953673],[140.109484,36.95318],[140.109421,36.953156],[140.109384,36.953144],[140.109352,36.953134],[140.109252,36.953111],[140.109137,36.953096],[140.108949,36.953088],[140.108652,36.953082],[140.108529,36.953077],[140.108402,36.953059],[140.10828,36.953024],[140.108175,36.95297],[140.108107,36.952923],[140.108024,36.952854],[140.107935,36.952768],[140.107664,36.952484],[140.107446,36.952284],[140.107243,36.952121],[140.106987,36.951952],[140.106845,36.951872],[140.106648,36.951771],[140.10642,36.951667],[140.106231,36.951589],[140.106031,36.951515],[140.105684,36.951396],[140.105499,36.951329],[140.105297,36.951255],[140.104899,36.951103],[140.104741,36.951051],[140.104599,36.951013],[140.10444,36.950986],[140.104314,36.950973],[140.103955,36.950953],[140.103832,36.950943],[140.103748,36.950929],[140.10364,36.950901],[140.103546,36.95087],[140.10346,36.950821],[140.103369,36.95075],[140.103334,36.950714],[140.103291,36.950649],[140.10325,36.950559],[140.103227,36.950458],[140.103224,36.95035],[140.103231,36.950252],[140.103237,36.950176],[140.103312,36.949633],[140.103358,36.949326],[140.103403,36.949005],[140.103431,36.94886],[140.103467,36.948768],[140.103472,36.948755],[140.10352,36.948652],[140.103859,36.948028],[140.103913,36.947905],[140.103942,36.947781],[140.103965,36.947636],[140.103988,36.947539],[140.104031,36.94744],[140.104081,36.947356],[140.104135,36.947275],[140.104264,36.947084],[140.104449,36.946814],[140.104694,36.946456],[140.105144,36.945791],[140.10557,36.945164]]}},{"type":"Feature","properties":{"id":318052109,"highway":"tertiary"},"geometry":{"type":"LineString","coordinates":[[140.145502,36.980364],[140.145578,36.980679],[140.145621,36.980841],[140.145674,36.981046],[140.145684,36.981141],[140.145658,36.981253],[140.145547,36.981541],[140.145537,36.9816],[140.145548,36.981651],[140.14557,36.981704],[140.14561,36.981764],[140.145861,36.982049],[140.145938,36.982119],[140.146154,36.982253],[140.146458,36.982411],[140.146733,36.982529]]}},{"type":"Feature","properties":{"id":318052112,"highway":"primary"},"geometry":{"type":"LineString","coordinates":[[140.120195,36.968286],[140.120713,36.968728],[140.120997,36.968957],[140.121115,36.969038],[140.121235,36.969116]]}},{"type":"Feature","properties":{"id":325244784,"highway":"unclassified"},"geometry":{"type":"LineString","coordinates":[[140.154954,36.955218],[140.155254,36.95539],[140.155644,36.955604],[140.155913,36.955776],[140.155984,36.955829],[140.156004,36.955844],[140.156118,36.95593]]}},{"type":"Feature","properties":{"id":325244785,"highway":"unclassified"},"geometry":{"type":"LineString","coordinates":[[140.154402,36.95471],[140.154606,36.954999]]}},{"type":"Feature","properties":{"id":325244786,"highway":"residential"},"geometry":{"type":"LineString","coordinates":[[140.156363,36.95534],[140.156711,36.955348],[140.156768,36.955348],[140.156971,36.955349],[140.157132,36.955342],[140.157262,36.955326],[140.157544,36.955281],[140.157692,36.955256],[140.157767,36.955239],[140.157859,36.955213],[140.15844,36.954898],[140.158536,36.954857],[140.158641,36.954829],[140.158745,36.954811],[140.158895,36.954807],[140.159039,36.95482],[140.159318,36.954861],[140.159934,36.955003],[140.160865,36.955277],[140.16103,36.955349]]}},{"type":"Feature","properties":{"id":325244788,"highway":"unclassified"},"geometry":{"type":"LineString","coordinates":[[140.15771,36.954877],[140.157706,36.954841],[140.157709,36.954812],[140.15772,36.954785],[140.157756,36.954692],[140.157771,36.954628],[140.157779,36.954565],[140.157779,36.954486],[140.157771,36.954423],[140.15776,36.954376],[140.157755,36.954323],[140.157752,36.954278],[140.157755,36.954141],[140.157757,36.954043],[140.157754,36.953947],[140.157741,36.953896],[140.157667,36.953805],[140.157614,36.953721],[140.157587,36.953664],[140.157559,36.953584],[140.157536,36.953519],[140.157512,36.953467],[140.157468,36.953403],[140.157404,36.953349],[140.157356,36.953307],[140.157314,36.95326],[140.157288,36.953222],[140.157259,36.953162],[140.157234,36.953081],[140.157223,36.952987],[140.157217,36.9529],[140.157221,36.952845]]}},{"type":"Feature","properties":{"id":325244791,"highway":"unclassified"},"geometry":{"type":"LineString","coordinates":[[140.171404,36.959409],[140.171364,36.959429],[140.171299,36.959462],[140.171252,36.959478],[140.171178,36.959493],[140.171126,36.959496],[140.170857,36.959468],[140.170285,36.959426],[140.16977,36.959421],[140.169642,36.959447],[140.169507,36.959492],[140.168909,36.959797],[140.168837,36.959853],[140.168778,36.959926],[140.168718,36.960052],[140.16869,36.960086],[140.168633,36.960122],[140.168595,36.960162],[140.168565,36.960217]]}},{"type":"Feature","properties":{"id":325244792,"highway":"unclassified"},"geometry":{"type":"LineString","coordinates":[[140.171655,36.95926],[140.171404,36.959409]]}},{"type":"Feature","properties":{"id":325244793,"highway":"unclassified"},"geometry":{"type":"LineString","coordinates":[[140.154972,36.965584],[140.154722,36.965142],[140.154096,36.964091],[140.15397,36.963862],[140.153927,36.963712],[140.15391,36.963608],[140.153916,36.963451],[140.154676,36.960456],[140.154714,36.960428],[140.155026,36.960469],[140.155122,36.960476],[140.15535,36.96045]]}},{"type":"Feature","properties":{"id":325244794,"highway":"unclassified"},"geometry":{"type":"LineString","coordinates":[[140.154972,36.965584],[140.155158,36.965906],[140.155348,36.966142],[140.156448,36.967035],[140.156506,36.967065],[140.156775,36.967126]]}},{"type":"Feature","properties":{"id":325244796,"highway":"unclassified"},"geometry":{"type":"LineString","coordinates":[[140.154722,36.965142],[140.156131,36.964607]]}},{"type":"Feature","properties":{"id":345410760,"highway":"service"},"geometry":{"type":"LineString","coordinates":[[140.156352,36.953335],[140.156205,36.953416],[140.156078,36.953492],[140.156056,36.953513],[140.15604,36.953541],[140.156036,36.953572],[140.156046,36.953602],[140.156419,36.954068],[140.156448,36.954094],[140.156479,36.954106],[140.156515,36.954112],[140.156623,36.954124],[140.156676,36.95414],[140.156715,36.954177],[140.156728,36.954217],[140.156731,36.954253],[140.15671,36.954295],[140.156675,36.954322],[140.156477,36.954388],[140.156381,36.954443]]}},{"type":"Feature","properties":{"id":345410761,"highway":"service"},"geometry":{"type":"LineString","coordinates":[[140.156156,36.953074],[140.156352,36.953335]]}},{"type":"Feature","properties":{"id":378123330,"highway":"service"},"geometry":{"type":"LineString","coordinates":[[140.104835,36.914826],[140.105376,36.91371],[140.105605,36.913245],[140.1057,36.913034],[140.106653,36.911056]]}},{"type":"Feature","properties":{"id":404509471,"highway":"secondary"},"geometry":{"type":"LineString","coordinates":[[140.131718,36.917273],[140.131154,36.915697],[140.130517,36.913884],[140.130322,36.913323]]}},{"type":"Feature","properties":{"id":413059109,"highway":"secondary"},"geometry":{"type":"LineString","coordinates":[[140.102258,36.909703],[140.102568,36.909817],[140.102872,36.909925],[140.103418,36.910102],[140.103594,36.910158],[140.104684,36.910472],[140.106653,36.911056],[140.107393,36.911268],[140.109234,36.911819],[140.110505,36.912204],[140.111049,36.912354],[140.112684,36.912813],[140.113293,36.913029],[140.11416,36.913369],[140.114935,36.913683],[140.115779,36.914071],[140.116317,36.914405],[140.116862,36.914853],[140.117303,36.915185],[140.117553,36.915344],[140.117749,36.915455],[140.11825,36.915702]]}},{"type":"Feature","properties":{"id":413059112,"highway":"primary"},"geometry":{"type":"LineString","coordinates":[[140.119688,36.914487],[140.119962,36.914741],[140.12011,36.914917],[140.120214,36.915074],[140.120277,36.915206],[140.120425,36.91554],[140.120717,36.916048],[140.121025,36.916538],[140.121142,36.916717],[140.121208,36.916797],[140.12128,36.916847],[140.121393,36.916887],[140.121511,36.916908],[140.12157,36.916913]]}},{"type":"Feature","properties":{"id":415174335,"highway":"trunk"},"geometry":{"type":"LineString","coordinates":[[140.156398,36.955237],[140.156363,36.95534],[140.156282,36.955549],[140.156192,36.95576],[140.156118,36.95593]]}},{"type":"Feature","properties":{"id":415174336,"highway":"trunk"},"geometry":{"type":"LineString","coordinates":[[140.150749,36.951416],[140.150986,36.951642],[140.151173,36.951797],[140.151385,36.951953],[140.151682,36.952126],[140.15196,36.952258],[140.152504,36.952462],[140.153414,36.952812],[140.15408,36.953069],[140.15487,36.953361],[140.155088,36.953441],[140.155383,36.953565],[140.155577,36.953656],[140.155771,36.953765],[140.155932,36.953876],[140.156044,36.953972],[140.156137,36.954058],[140.156235,36.954179],[140.156281,36.954244],[140.156324,36.954317],[140.156358,36.954382],[140.156381,36.954443]]}},{"type":"Feature","properties":{"id":416321972,"highway":"primary"},"geometry":{"type":"LineString","coordinates":[[140.097788,36.940239],[140.098092,36.939944],[140.098217,36.939823],[140.098293,36.939755],[140.098376,36.939679],[140.098589,36.939503],[140.098816,36.939323],[140.098944,36.939208],[140.099037,36.939106],[140.099117,36.939008],[140.099181,36.938912],[140.099302,36.938672],[140.099437,36.93836],[140.099514,36.938224],[140.099597,36.938109],[140.09971,36.937984],[140.09987,36.937845],[140.099975,36.937774],[140.100258,36.937584],[140.100416,36.937475],[140.10055,36.937359],[140.100654,36.937255],[140.100767,36.937113],[140.101148,36.936611],[140.101527,36.936157],[140.101595,36.936054],[140.10163,36.93599],[140.10167,36.935921],[140.101698,36.935841],[140.101739,36.935712],[140.101767,36.935587],[140.101852,36.935015],[140.101893,36.934836],[140.101993,36.934552],[140.102292,36.933852],[140.102415,36.93362],[140.10253,36.933439],[140.102946,36.932783],[140.10305,36.932605],[140.103123,36.932398],[140.103295,36.93194],[140.103372,36.931768],[140.103463,36.931597],[140.103637,36.931293],[140.10446,36.929955],[140.104646,36.929639],[140.104775,36.929386],[140.104967,36.929001],[140.105129,36.928685],[140.105225,36.928523],[140.105375,36.928317],[140.105871,36.927728],[140.106113,36.927447],[140.106479,36.927034],[140.106549,36.926939],[140.106617,36.926822],[140.106671,36.926688],[140.106697,36.926569],[140.106704,36.926448],[140.106726,36.925279],[140.106738,36.925106],[140.106756,36.924963],[140.106786,36.92482],[140.106829,36.924694],[140.1069,36.924532],[140.107348,36.923674],[140.107436,36.923488],[140.107515,36.923291],[140.107874,36.92234],[140.107945,36.922178],[140.108023,36.922034],[140.10814,36.921898],[140.108286,36.921759],[140.10912,36.92103],[140.109937,36.920305],[140.110697,36.919624],[140.111075,36.919291],[140.111499,36.918946],[140.11269,36.91811],[140.113611,36.917479],[140.113803,36.917331],[140.113959,36.91719],[140.114612,36.916571],[140.114957,36.916244],[140.115083,36.916142],[140.11515,36.916091],[140.11526,36.916031],[140.115372,36.915991],[140.115537,36.915953],[140.115752,36.915929],[140.117172,36.915855],[140.117633,36.915825],[140.117833,36.915804],[140.11802,36.915773],[140.11817,36.915736],[140.11825,36.915702],[140.118344,36.915636],[140.11925,36.914871],[140.119688,36.914487]]}},{"type":"Feature","properties":{"id":416504276,"highway":"tertiary_link"},"geometry":{"type":"LineString","coordinates":[[140.159965,36.982592],[140.160069,36.982552],[140.160134,36.982543],[140.160205,36.982549],[140.160246,36.982559],[140.160309,36.982575]]}},{"type":"Feature","properties":{"id":416504277,"highway":"unclassified"},"geometry":{"type":"LineString","coordinates":[[140.163566,36.988407],[140.163621,36.988397],[140.163669,36.988418],[140.163705,36.988447],[140.163991,36.988728],[140.164436,36.989179],[140.164514,36.989302],[140.164533,36.989365],[140.164555,36.989412],[140.16469,36.989599],[140.164707,36.989623],[140.164713,36.989641],[140.164714,36.989654],[140.16471,36.989671],[140.164689,36.989692],[140.164373,36.989886],[140.164307,36.98992],[140.164177,36.989987],[140.163888,36.990118],[140.163656,36.990215],[140.163561,36.990254]]}},{"type":"Feature","properties":{"id":416504281,"highway":"unclassified"},"geometry":{"type":"LineString","coordinates":[[140.147607,37.002102],[140.14756,37.002064],[140.147491,37.002008],[140.1474,37.001959],[140.147315,37.001941],[140.147054,37.001952],[140.146951,37.001935],[140.146752,37.001852],[140.146655,37.001796],[140.146564,37.001702],[140.146463,37.001536],[140.146207,37.001029],[140.146171,37.000956],[140.14603,37.000713],[140.145864,37.000426],[140.145707,37.000121],[140.145639,37.000004],[140.145554,36.999891],[140.145098,36.999499],[140.144968,36.999382],[140.14467,36.999144],[140.144295,36.998825],[140.143917,36.998492],[140.143671,36.998254],[140.143605,36.998182],[140.143534,36.99806],[140.143471,36.997919],[140.143438,36.997789],[140.143394,36.997722],[140.143328,36.997667],[140.14325,36.997627],[140.143161,36.9976],[140.14228,36.997373],[140.141934,36.997271],[140.141812,36.997221],[140.141723,36.997145],[140.141679,36.997057],[140.141638,36.99695],[140.141428,36.996221],[140.141382,36.9961],[140.141238,36.995837],[140.141166,36.995736],[140.140883,36.995467],[140.140807,36.99534],[140.140739,36.995173],[140.140724,36.99505],[140.140739,36.994967],[140.140798,36.994853],[140.141428,36.994077],[140.141523,36.993892],[140.141591,36.993757],[140.142275,36.992921],[140.14232,36.992875],[140.142555,36.992737],[140.143007,36.992495],[140.143261,36.992318],[140.143502,36.992111]]}},{"type":"Feature","properties":{"id":416507829,"highway":"tertiary"},"geometry":{"type":"LineString","coordinates":[[140.156273,36.95812],[140.156225,36.958217]]}},{"type":"Feature","properties":{"id":416507834,"highway":"tertiary"},"geometry":{"type":"LineString","coordinates":[[140.156225,36.958217],[140.156219,36.958229],[140.156064,36.958526],[140.156054,36.958546],[140.156042,36.95857],[140.155853,36.958937],[140.155537,36.959548],[140.155517,36.959586],[140.155409,36.959813],[140.15539,36.959854],[140.155278,36.960034]]}},{"type":"Feature","properties":{"id":416508221,"highway":"unclassified"},"geometry":{"type":"LineString","coordinates":[[140.174638,36.962039],[140.174651,36.962086],[140.174705,36.962126],[140.174962,36.96226],[140.175072,36.962337],[140.175087,36.96236],[140.175093,36.962377],[140.175086,36.962433],[140.175062,36.962499],[140.175047,36.962542],[140.175046,36.962564],[140.175053,36.962588],[140.175193,36.962904],[140.175216,36.962961],[140.175223,36.963001],[140.175213,36.963041],[140.175188,36.963082],[140.175086,36.963196],[140.175043,36.963247],[140.17502,36.963288],[140.175005,36.963341],[140.175005,36.963388],[140.175084,36.963778],[140.175182,36.964311],[140.175217,36.964548],[140.175213,36.964817],[140.175184,36.965052],[140.175176,36.965167],[140.175185,36.96523],[140.175208,36.965282],[140.175363,36.965416],[140.175455,36.965495],[140.175661,36.965844]]}},{"type":"Feature","properties":{"id":416508619,"highway":"primary"},"geometry":{"type":"LineString","coordinates":[[140.166924,36.959445],[140.16658,36.959079],[140.166442,36.958939],[140.166328,36.958844],[140.166172,36.958735],[140.165973,36.958629],[140.165789,36.958552],[140.165598,36.958494],[140.165214,36.9584],[140.164981,36.958348],[140.164534,36.958241],[140.164487,36.95823],[140.164012,36.958114],[140.162985,36.957895],[140.161902,36.957683],[140.161612,36.957623],[140.161037,36.957515],[140.160549,36.957424]]}},{"type":"Feature","properties":{"id":423883523,"highway":"residential"},"geometry":{"type":"LineString","coordinates":[[140.156769,36.921817],[140.156985,36.921587]]}},{"type":"Feature","properties":{"id":423883524,"highway":"residential"},"geometry":{"type":"LineString","coordinates":[[140.156472,36.922078],[140.156591,36.921954],[140.156697,36.921887],[140.156769,36.921817]]}},{"type":"Feature","properties":{"id":425390966,"highway":"tertiary"},"geometry":{"type":"LineString","coordinates":[[140.167483,36.995135],[140.167634,36.994985]]}},{"type":"Feature","properties":{"id":425390967,"highway":"tertiary"},"geometry":{"type":"LineString","coordinates":[[140.167634,36.994985],[140.167764,36.994865]]}},{"type":"Feature","properties":{"id":458950171,"highway":"secondary"},"geometry":{"type":"LineString","coordinates":[[140.098984,36.908224],[140.09996,36.908749],[140.100372,36.908957],[140.100502,36.909021],[140.10066,36.909093],[140.100818,36.90916],[140.101072,36.909255],[140.101534,36.909432],[140.101951,36.90959],[140.102258,36.909703]]}},{"type":"Feature","properties":{"id":489067230,"highway":"tertiary"},"geometry":{"type":"LineString","coordinates":[[140.156887,36.9569],[140.156712,36.957246],[140.156273,36.95812]]}},{"type":"Feature","properties":{"id":489067231,"highway":"primary"},"geometry":{"type":"LineString","coordinates":[[140.156887,36.9569],[140.156032,36.956659],[140.15598,36.956643],[140.155829,36.956601]]}},{"type":"Feature","properties":{"id":489067235,"highway":"primary"},"geometry":{"type":"LineString","coordinates":[[140.193218,36.974382],[140.193077,36.974328],[140.192814,36.974217],[140.192574,36.974095],[140.19244,36.974018],[140.191978,36.97369],[140.191608,36.973425],[140.191385,36.973248],[140.191226,36.973105],[140.191055,36.972928],[140.190896,36.972729],[140.190758,36.97252],[140.190676,36.972373],[140.190611,36.97222],[140.190553,36.972074],[140.19049,36.971898],[140.190443,36.97174],[140.190317,36.971312],[140.190215,36.970938],[140.190082,36.9705],[140.189943,36.970073],[140.189817,36.969632],[140.18973,36.969325],[140.189684,36.969194],[140.18964,36.96909],[140.189628,36.969062],[140.189566,36.968945],[140.189488,36.968817],[140.18942,36.968729],[140.189335,36.968632],[140.189151,36.968453],[140.188674,36.968021],[140.188473,36.967819],[140.1881,36.967478],[140.187987,36.967352],[140.187906,36.967253],[140.187836,36.967155],[140.187777,36.96706],[140.187715,36.966943],[140.187579,36.966638],[140.187414,36.966267],[140.187408,36.966254],[140.187365,36.966157],[140.187305,36.966039],[140.187251,36.965958],[140.187232,36.965929],[140.187173,36.96585],[140.187089,36.965766],[140.187004,36.965693],[140.186864,36.965601],[140.186688,36.965512],[140.186552,36.96546]]}},{"type":"Feature","properties":{"id":489067238,"highway":"unclassified"},"geometry":{"type":"LineString","coordinates":[[140.189339,36.965995],[140.189012,36.966091]]}},{"type":"Feature","properties":{"id":489067239,"highway":"unclassified"},"geometry":{"type":"LineString","coordinates":[[140.189012,36.966091],[140.188955,36.966098],[140.18891,36.966092],[140.188878,36.966084],[140.188842,36.966074],[140.1887,36.96604],[140.188617,36.966026],[140.188508,36.966024],[140.188335,36.966044],[140.188003,36.966118],[140.187895,36.966128],[140.187628,36.966107],[140.187547,36.966088],[140.187495,36.966066],[140.187449,36.966028],[140.187329,36.96587],[140.187256,36.965795],[140.187181,36.965731],[140.187099,36.965661],[140.187026,36.965609],[140.186938,36.965554],[140.18684,36.9655],[140.18674,36.965456],[140.186657,36.965427],[140.18661,36.965426],[140.186552,36.96546]]}},{"type":"Feature","properties":{"id":489067241,"highway":"unclassified"},"geometry":{"type":"LineString","coordinates":[[140.193071,36.97247],[140.193162,36.972284]]}},{"type":"Feature","properties":{"id":489067244,"highway":"unclassified"},"geometry":{"type":"LineString","coordinates":[[140.193023,36.972565],[140.192936,36.97255],[140.19259,36.972517],[140.192505,36.972524],[140.192395,36.972554],[140.192306,36.972606],[140.192197,36.972732],[140.19215,36.972811],[140.192138,36.972881],[140.192135,36.972943],[140.192155,36.973216]]}},{"type":"Feature","properties":{"id":489067246,"highway":"unclassified"},"geometry":{"type":"LineString","coordinates":[[140.197079,36.974775],[140.197045,36.974859],[140.197023,36.974883],[140.196978,36.974906],[140.196205,36.975112],[140.196137,36.975139],[140.196081,36.975182]]}},{"type":"Feature","properties":{"id":489067251,"highway":"unclassified"},"geometry":{"type":"LineString","coordinates":[[140.199753,36.977707],[140.199225,36.978288]]}},{"type":"Feature","properties":{"id":489067257,"highway":"trunk"},"geometry":{"type":"LineString","coordinates":[[140.125567,36.918097],[140.125833,36.91844],[140.126148,36.918867],[140.126256,36.919018]]}},{"type":"Feature","properties":{"id":489067258,"highway":"primary"},"geometry":{"type":"LineString","coordinates":[[140.131718,36.917273],[140.131103,36.917387],[140.130766,36.917465],[140.129732,36.917698],[140.128958,36.917857],[140.128317,36.918048]]}},{"type":"Feature","properties":{"id":560906441,"highway":"residential"},"geometry":{"type":"LineString","coordinates":[[140.160366,36.959413],[140.160403,36.959337],[140.160445,36.959271],[140.160539,36.959167],[140.160561,36.959131],[140.16075,36.958642],[140.16085,36.958388]]}},{"type":"Feature","properties":{"id":560906442,"highway":"unclassified"},"geometry":{"type":"LineString","coordinates":[[140.156118,36.95593],[140.156276,36.956055],[140.156322,36.956091],[140.156368,36.956128],[140.15654,36.956279],[140.156617,36.956335],[140.156892,36.956482],[140.156932,36.956507],[140.156959,36.956532],[140.156976,36.956562],[140.156986,36.9566],[140.156986,36.956655],[140.156964,36.956724],[140.156887,36.9569]]}},{"type":"Feature","properties":{"id":560906443,"highway":"unclassified"},"geometry":{"type":"LineString","coordinates":[[140.159336,36.956853],[140.159316,36.956828],[140.15929,36.95681],[140.159275,36.956758],[140.159275,36.956718],[140.159274,36.956669],[140.159268,36.956614],[140.15926,36.956554],[140.159242,36.956506],[140.159146,36.956368],[140.158957,36.956142],[140.158767,36.955912],[140.158687,36.955851],[140.158525,36.955762],[140.158172,36.955542],[140.158068,36.955455],[140.157946,36.955341],[140.157896,36.955282],[140.157859,36.955213],[140.157842,36.95518]]}},{"type":"Feature","properties":{"id":560906451,"highway":"residential"},"geometry":{"type":"LineString","coordinates":[[140.159199,36.957338],[140.159312,36.957354],[140.159408,36.957361],[140.159647,36.957363],[140.15986,36.957359],[140.160009,36.957349],[140.160131,36.957338],[140.160187,36.957338],[140.160224,36.957338],[140.160291,36.957347],[140.160555,36.957397]]}},{"type":"Feature","properties":{"id":561130026,"highway":"unclassified"},"geometry":{"type":"LineString","coordinates":[[140.155393,36.960717],[140.155553,36.96069],[140.155734,36.960689],[140.155815,36.960685],[140.156021,36.960652],[140.156218,36.960629],[140.156473,36.960623],[140.156666,36.960619],[140.156722,36.960632],[140.156758,36.960656],[140.156822,36.960724],[140.156959,36.960873],[140.156992,36.96093],[140.157,36.960989],[140.156983,36.961051],[140.156939,36.96111],[140.156909,36.961141],[140.156753,36.961247],[140.156701,36.961293],[140.15665,36.961367],[140.156642,36.961453],[140.156661,36.961647],[140.156747,36.961811],[140.156816,36.961864],[140.156867,36.961864],[140.156919,36.961846],[140.15709,36.961765],[140.157173,36.961746],[140.15731,36.961737],[140.157416,36.961721],[140.157728,36.961668],[140.158008,36.961673],[140.158078,36.961664],[140.158153,36.961625],[140.158238,36.961547],[140.158367,36.961386],[140.158384,36.961342],[140.158381,36.961295],[140.158334,36.961221],[140.158241,36.961085],[140.158238,36.961048],[140.158262,36.961008],[140.158291,36.960975],[140.158411,36.960923],[140.158451,36.960882],[140.158481,36.960796],[140.158492,36.960706],[140.158495,36.960659],[140.158479,36.960611],[140.158439,36.96054],[140.158413,36.96048],[140.158408,36.960443],[140.158413,36.960378],[140.158424,36.96032],[140.158452,36.960189]]}},{"type":"Feature","properties":{"id":561134670,"highway":"service"},"geometry":{"type":"LineString","coordinates":[[140.156866,36.958694],[140.156802,36.958821],[140.15679,36.958856],[140.156785,36.958887],[140.15679,36.95897]]}},{"type":"Feature","properties":{"id":561394383,"highway":"service"},"geometry":{"type":"LineString","coordinates":[[140.154028,36.953505],[140.15404,36.953402],[140.154048,36.953299],[140.15408,36.953069]]}},{"type":"Feature","properties":{"id":561397984,"highway":"service"},"geometry":{"type":"LineString","coordinates":[[140.165724,36.952984],[140.16578,36.952984],[140.16581,36.952992],[140.166024,36.953104],[140.16623,36.953212],[140.166269,36.953246],[140.166279,36.953275],[140.16627,36.953413],[140.166257,36.953637],[140.166237,36.953943],[140.166222,36.954065],[140.166202,36.954518],[140.166186,36.954595],[140.16614,36.9547],[140.166052,36.954845],[140.165999,36.954907],[140.165943,36.954968],[140.16588,36.955015],[140.165808,36.955055],[140.165713,36.95508],[140.165544,36.955116],[140.165501,36.955165],[140.16552,36.95523],[140.165604,36.955343],[140.165622,36.95538],[140.165623,36.955422],[140.165609,36.955461],[140.165533,36.95554],[140.165518,36.955573],[140.165523,36.955595],[140.165583,36.955675],[140.165595,36.955706],[140.165602,36.955737],[140.165591,36.955772],[140.165542,36.95583],[140.165492,36.955905],[140.165427,36.956036],[140.165388,36.956091],[140.1653,36.956167],[140.165118,36.956297],[140.164992,36.956387],[140.164884,36.956484],[140.164806,36.956554]]}},{"type":"Feature","properties":{"id":561444869,"highway":"service"},"geometry":{"type":"LineString","coordinates":[[140.168831,36.960303],[140.168661,36.960743],[140.168616,36.960858],[140.168621,36.960876],[140.168722,36.960913],[140.168734,36.960931],[140.168676,36.961037]]}},{"type":"Feature","properties":{"id":561444914,"highway":"unclassified"},"geometry":{"type":"LineString","coordinates":[[140.175182,36.964311],[140.175122,36.964277],[140.175084,36.964248],[140.174656,36.963807],[140.17435,36.963488],[140.174156,36.963278],[140.173904,36.962975],[140.173762,36.962795],[140.173641,36.962646],[140.173561,36.96257],[140.173491,36.962528],[140.173407,36.962486],[140.173311,36.962466],[140.173157,36.962457],[140.17289,36.962491],[140.172782,36.962488],[140.172662,36.962465],[140.172568,36.962445],[140.172489,36.962419],[140.172313,36.962331],[140.172176,36.962256],[140.17213,36.962221],[140.172099,36.962192],[140.171998,36.96205],[140.171969,36.962026],[140.171913,36.96201],[140.171649,36.961971],[140.171383,36.961923],[140.171238,36.961888],[140.171128,36.961852],[140.170887,36.961722],[140.17085,36.961698],[140.170763,36.961598],[140.170735,36.961576],[140.170685,36.961557],[140.170386,36.961476],[140.170228,36.961451],[140.17017,36.961433],[140.170117,36.961406],[140.170071,36.961367],[140.170034,36.961318],[140.170023,36.961276],[140.170024,36.961227],[140.170115,36.960703]]}},{"type":"Feature","properties":{"id":561444915,"highway":"service"},"geometry":{"type":"LineString","coordinates":[[140.162438,36.95421],[140.16257,36.954241],[140.162688,36.954272],[140.162747,36.954277],[140.162789,36.954278],[140.162827,36.954265],[140.163016,36.954178],[140.163137,36.954139],[140.163182,36.954129],[140.163225,36.954129],[140.163265,36.954133],[140.163377,36.954168],[140.163489,36.954213],[140.163558,36.954232],[140.163606,36.954242],[140.163733,36.954276],[140.163815,36.954307],[140.164036,36.954412],[140.164117,36.954434],[140.164187,36.954433],[140.164238,36.954416],[140.164271,36.954391],[140.164287,36.954368],[140.164312,36.954218],[140.164328,36.954008],[140.164336,36.953913]]}},{"type":"Feature","properties":{"id":561659322,"highway":"unclassified"},"geometry":{"type":"LineString","coordinates":[[140.154923,36.968854],[140.154602,36.968584],[140.154541,36.968507],[140.154497,36.968463],[140.154457,36.968428]]}},{"type":"Feature","properties":{"id":561672799,"highway":"service"},"geometry":{"type":"LineString","coordinates":[[140.176323,36.96178],[140.176168,36.96161],[140.175995,36.961487],[140.175745,36.961344],[140.175644,36.961278],[140.175592,36.961231],[140.175372,36.960975],[140.175241,36.960843],[140.175045,36.960675],[140.174869,36.960493],[140.174758,36.960375],[140.174728,36.960331]]}},{"type":"Feature","properties":{"id":562624071,"highway":"service"},"geometry":{"type":"LineString","coordinates":[[140.151408,36.935696],[140.151613,36.935736],[140.151656,36.935739],[140.1517,36.935733],[140.151778,36.935715],[140.151829,36.935708],[140.151993,36.935729],[140.152056,36.935724],[140.152114,36.935708],[140.152214,36.935662],[140.152748,36.935375],[140.152726,36.93531],[140.15269,36.935246],[140.152607,36.93516],[140.152531,36.9351],[140.152098,36.934849],[140.152046,36.934792],[140.152033,36.934713],[140.152054,36.934641],[140.152102,36.934576],[140.152184,36.934541],[140.152881,36.934373],[140.15326,36.934315],[140.15371,36.934274],[140.154242,36.934197],[140.154768,36.934102],[140.155024,36.934055],[140.155108,36.933884],[140.155013,36.933311]]}},{"type":"Feature","properties":{"id":562624072,"highway":"service"},"geometry":{"type":"LineString","coordinates":[[140.14593,36.936278],[140.146081,36.936285],[140.146184,36.936312],[140.146268,36.936353],[140.146313,36.9364],[140.146394,36.9365],[140.146442,36.936558],[140.146473,36.936598],[140.146539,36.936642],[140.146599,36.936664],[140.146702,36.936673],[140.147346,36.93665],[140.147467,36.936639],[140.147558,36.936608],[140.147643,36.936568],[140.147702,36.936526],[140.147758,36.936467],[140.147796,36.936416],[140.147871,36.936223],[140.147957,36.936008],[140.14799,36.935961],[140.148041,36.935912],[140.148106,36.935868],[140.148197,36.935826],[140.148297,36.935802],[140.148366,36.935799],[140.148452,36.935808],[140.148514,36.93582],[140.148569,36.935837],[140.14863,36.93587],[140.14895,36.936132],[140.149055,36.936194],[140.149174,36.93624],[140.149302,36.93627],[140.149568,36.936294],[140.149659,36.936312],[140.149778,36.936352],[140.149913,36.936413],[140.150053,36.93652],[140.150136,36.936594],[140.15022,36.936643],[140.150319,36.936667],[140.150411,36.936662],[140.150495,36.936637],[140.150581,36.936596],[140.150686,36.936527],[140.150755,36.936502],[140.150862,36.936483],[140.150998,36.93648],[140.151106,36.936475],[140.151212,36.936457],[140.151313,36.936435],[140.151427,36.9364],[140.151546,36.936345],[140.151987,36.936136],[140.152099,36.93609],[140.1522,36.936073],[140.152697,36.936104],[140.152767,36.93609],[140.152825,36.936055],[140.152858,36.936018],[140.152877,36.935971],[140.152881,36.935903],[140.152865,36.935835],[140.152821,36.935672],[140.152784,36.935524],[140.152748,36.935375]]}},{"type":"Feature","properties":{"id":562678024,"highway":"service"},"geometry":{"type":"LineString","coordinates":[[140.152724,36.955963],[140.152778,36.956079],[140.152802,36.956153],[140.15293,36.956737],[140.153332,36.958679],[140.153398,36.959018],[140.153544,36.959719]]}},{"type":"Feature","properties":{"id":562678025,"highway":"service"},"geometry":{"type":"LineString","coordinates":[[140.153332,36.958679],[140.15427,36.958556],[140.154329,36.958544],[140.154373,36.958524],[140.154403,36.958501]]}},{"type":"Feature","properties":{"id":564166855,"highway":"residential"},"geometry":{"type":"LineString","coordinates":[[140.127011,36.943564],[140.127671,36.944004],[140.128002,36.943672],[140.127988,36.943644],[140.127375,36.943236]]}},{"type":"Feature","properties":{"id":564914358,"highway":"service"},"geometry":{"type":"LineString","coordinates":[[140.157755,36.954141],[140.157648,36.9541],[140.157624,36.954082],[140.157543,36.953949],[140.157522,36.953937],[140.157492,36.95393],[140.157334,36.953944],[140.157292,36.953941],[140.157233,36.953924],[140.157094,36.953834],[140.157007,36.953761],[140.156701,36.953456],[140.156653,36.953437],[140.156601,36.953436],[140.156449,36.953461]]}},{"type":"Feature","properties":{"id":565187010,"highway":"service"},"geometry":{"type":"LineString","coordinates":[[140.123414,36.916991],[140.123358,36.916948],[140.123309,36.916929],[140.123268,36.916919],[140.123172,36.916913],[140.123023,36.916916],[140.122984,36.916911],[140.122946,36.916896],[140.122891,36.916845],[140.122696,36.9166],[140.122671,36.916547],[140.122674,36.916509],[140.122691,36.91648],[140.122728,36.916462]]}},{"type":"Feature","properties":{"id":605762678,"highway":"tertiary"},"geometry":{"type":"LineString","coordinates":[[140.126883,36.98649],[140.126928,36.98661],[140.126968,36.986767],[140.127037,36.987524],[140.127061,36.987704],[140.127102,36.987853],[140.127189,36.988022],[140.127407,36.988423],[140.127609,36.988797],[140.127754,36.989141],[140.128002,36.989904],[140.128218,36.990495],[140.128379,36.990877],[140.128632,36.991348],[140.128694,36.991476],[140.129127,36.992239],[140.129445,36.992746],[140.129572,36.993008],[140.12975,36.993528],[140.129863,36.993823],[140.130035,36.994407],[140.130128,36.99474],[140.130233,36.995348],[140.13029,36.995684],[140.130288,36.996288],[140.130282,36.996697],[140.130323,36.997115],[140.130346,36.997191],[140.1304,36.997283],[140.130416,36.997345]]}},{"type":"Feature","properties":{"id":605763222,"highway":"tertiary"},"geometry":{"type":"LineString","coordinates":[[140.163595,36.990308],[140.163561,36.990254],[140.163538,36.990219],[140.163407,36.990015],[140.163131,36.989549],[140.163119,36.989528],[140.162788,36.988941],[140.16245,36.988161],[140.162304,36.987927],[140.162271,36.987871],[140.162131,36.987656]]}},{"type":"Feature","properties":{"id":605767589,"highway":"trunk"},"geometry":{"type":"LineString","coordinates":[[140.129418,36.922905],[140.129541,36.92301],[140.129653,36.923109],[140.129748,36.923203],[140.129881,36.923341],[140.130011,36.923488],[140.130141,36.923652],[140.130274,36.923841],[140.130384,36.92402],[140.130607,36.924456]]}},{"type":"Feature","properties":{"id":629398124,"highway":"service"},"geometry":{"type":"LineString","coordinates":[[140.163606,36.954242],[140.163665,36.954161],[140.163719,36.954058],[140.163766,36.953986],[140.163802,36.953949],[140.163859,36.953935]]}},{"type":"Feature","properties":{"id":629398125,"highway":"service"},"geometry":{"type":"LineString","coordinates":[[140.163408,36.953409],[140.163483,36.953348],[140.163625,36.953249],[140.163785,36.953149],[140.163854,36.953078],[140.163917,36.952971],[140.163972,36.952899],[140.163984,36.952845]]}},{"type":"Feature","properties":{"id":629398126,"highway":"service"},"geometry":{"type":"LineString","coordinates":[[140.162539,36.953791],[140.162737,36.953803],[140.162852,36.953798],[140.162925,36.953786],[140.162981,36.953761],[140.163032,36.953715],[140.163106,36.953647],[140.163188,36.953574]]}},{"type":"Feature","properties":{"id":629398127,"highway":"residential"},"geometry":{"type":"LineString","coordinates":[[140.161722,36.958377],[140.161556,36.958833],[140.161532,36.95884],[140.161381,36.958806],[140.161227,36.958754],[140.160982,36.958696],[140.16075,36.958642]]}},{"type":"Feature","properties":{"id":630290660,"highway":"service"},"geometry":{"type":"LineString","coordinates":[[140.161355,36.958329],[140.161437,36.958055],[140.161499,36.957914],[140.161612,36.957623]]}},{"type":"Feature","properties":{"id":630809780,"highway":"unclassified"},"geometry":{"type":"LineString","coordinates":[[140.159297,36.959144],[140.159308,36.959113]]}},{"type":"Feature","properties":{"id":630809782,"highway":"residential"},"geometry":{"type":"LineString","coordinates":[[140.160203,36.958236],[140.160038,36.958232],[140.159697,36.958162]]}},{"type":"Feature","properties":{"id":630809790,"highway":"service"},"geometry":{"type":"LineString","coordinates":[[140.156863,36.954145],[140.156802,36.95411],[140.156745,36.954063],[140.156701,36.954022],[140.156205,36.953416]]}},{"type":"Feature","properties":{"id":630812999,"highway":"unclassified"},"geometry":{"type":"LineString","coordinates":[[140.159332,36.959046],[140.15938,36.958918],[140.159568,36.958462],[140.159697,36.958162],[140.159842,36.957816]]}},{"type":"Feature","properties":{"id":630813000,"highway":"unclassified"},"geometry":{"type":"LineString","coordinates":[[140.159308,36.959113],[140.159332,36.959046]]}},{"type":"Feature","properties":{"id":630813001,"highway":"unclassified"},"geometry":{"type":"LineString","coordinates":[[140.157034,36.958467],[140.156984,36.958534]]}},{"type":"Feature","properties":{"id":630813002,"highway":"unclassified"},"geometry":{"type":"LineString","coordinates":[[140.156984,36.958534],[140.156951,36.958605],[140.156896,36.958706],[140.156866,36.958694],[140.156526,36.958568],[140.156421,36.95855],[140.156313,36.958549],[140.156237,36.958555],[140.15617,36.958551],[140.156064,36.958526]]}},{"type":"Feature","properties":{"id":630813003,"highway":"unclassified"},"geometry":{"type":"LineString","coordinates":[[140.161196,36.955086],[140.161049,36.955318]]}},{"type":"Feature","properties":{"id":630813004,"highway":"unclassified"},"geometry":{"type":"LineString","coordinates":[[140.161049,36.955318],[140.16103,36.955349],[140.160942,36.955514],[140.1609,36.95561],[140.16085,36.955775],[140.160767,36.956068],[140.16075,36.956193],[140.160738,36.956326],[140.160695,36.956786],[140.160682,36.956891],[140.16066,36.956984],[140.160555,36.957397],[140.160549,36.957424]]}},{"type":"Feature","properties":{"id":630813005,"highway":"unclassified"},"geometry":{"type":"LineString","coordinates":[[140.164354,36.956928],[140.164304,36.956991],[140.164292,36.957031],[140.1643,36.957109],[140.16434,36.957386],[140.164413,36.957648],[140.16447,36.957891],[140.16449,36.958003],[140.164495,36.95812],[140.164487,36.95823]]}},{"type":"Feature","properties":{"id":630813006,"highway":"unclassified"},"geometry":{"type":"LineString","coordinates":[[140.16456,36.956708],[140.164354,36.956928]]}},{"type":"Feature","properties":{"id":638911400,"highway":"service"},"geometry":{"type":"LineString","coordinates":[[140.121511,36.916908],[140.121546,36.917004],[140.1216,36.917131],[140.121646,36.917281],[140.121686,36.917438],[140.121699,36.917571],[140.121696,36.917743],[140.121715,36.91791],[140.121731,36.91816],[140.121722,36.918345],[140.121698,36.918461],[140.121671,36.918595],[140.121641,36.91869],[140.12162,36.918758]]}},{"type":"Feature","properties":{"id":639410344,"highway":"service"},"geometry":{"type":"LineString","coordinates":[[140.155024,36.934055],[140.155189,36.934026],[140.15537,36.933983],[140.157063,36.933414],[140.157179,36.933353],[140.157255,36.933278],[140.157508,36.933015],[140.157516,36.932952],[140.157383,36.932308],[140.157301,36.932249],[140.157156,36.932213],[140.156669,36.932171],[140.15642,36.932133],[140.15632,36.932102],[140.156079,36.931982],[140.155946,36.93195],[140.155824,36.931955],[140.153671,36.932201],[140.153556,36.932228],[140.153502,36.932292],[140.153493,36.93236],[140.153501,36.932413]]}},{"type":"Feature","properties":{"id":655299689,"highway":"trunk"},"geometry":{"type":"LineString","coordinates":[[140.140827,36.941849],[140.140863,36.941881],[140.140903,36.941916],[140.141141,36.942125],[140.141378,36.94231],[140.141596,36.942474],[140.141617,36.942489],[140.141868,36.942672],[140.14206,36.942806],[140.142752,36.94325],[140.143361,36.943647],[140.143619,36.943806],[140.144032,36.944093],[140.14432,36.944339]]}},{"type":"Feature","properties":{"id":655299693,"highway":"trunk"},"geometry":{"type":"LineString","coordinates":[[140.136524,36.938264],[140.136783,36.938397],[140.137426,36.938685],[140.137597,36.938769],[140.137835,36.938885],[140.138135,36.939075],[140.138409,36.939283],[140.13858,36.939439],[140.13877,36.939639],[140.139014,36.939902],[140.13952,36.940469],[140.139854,36.940841],[140.139916,36.94091]]}},{"type":"Feature","properties":{"id":655299694,"highway":"primary"},"geometry":{"type":"LineString","coordinates":[[140.137835,36.942569],[140.137778,36.942487],[140.137719,36.942372],[140.13761,36.942173],[140.137519,36.941926],[140.13742,36.941528],[140.137348,36.941254]]}},{"type":"Feature","properties":{"id":655299695,"highway":"primary"},"geometry":{"type":"LineString","coordinates":[[140.138256,36.94292],[140.138221,36.942897],[140.13812,36.942829],[140.137966,36.942694],[140.137835,36.942569]]}},{"type":"Feature","properties":{"id":760892290,"highway":"trunk"},"geometry":{"type":"LineString","coordinates":[[140.167483,36.995135],[140.167522,36.995187],[140.16765,36.995372],[140.167774,36.995558],[140.167996,36.9959],[140.168303,36.996398],[140.168627,36.996906],[140.168871,36.997274]]}},{"type":"Feature","properties":{"id":822723116,"highway":"service"},"geometry":{"type":"LineString","coordinates":[[140.126527,36.970361],[140.12657,36.970349],[140.126605,36.970318],[140.126652,36.970258],[140.126716,36.970202],[140.126775,36.970156],[140.126838,36.970132],[140.126914,36.970113],[140.127,36.970105],[140.12707,36.970116],[140.127122,36.970141],[140.127168,36.970179],[140.127211,36.97025]]}},{"type":"Feature","properties":{"id":822723117,"highway":"service"},"geometry":{"type":"LineString","coordinates":[[140.126112,36.970437],[140.126527,36.970361]]}},{"type":"Feature","properties":{"id":822723118,"highway":"service"},"geometry":{"type":"LineString","coordinates":[[140.126003,36.970624],[140.126067,36.970494],[140.126087,36.970451],[140.126112,36.970437]]}},{"type":"Feature","properties":{"id":822723135,"highway":"service"},"geometry":{"type":"LineString","coordinates":[[140.126849,36.971819],[140.12697,36.971762],[140.127003,36.971757],[140.127038,36.971766],[140.127258,36.972012],[140.127294,36.972016],[140.127374,36.971992]]}},{"type":"Feature","properties":{"id":822733406,"highway":"service"},"geometry":{"type":"LineString","coordinates":[[140.128684,36.972392],[140.128812,36.972406],[140.12899,36.972482],[140.12909,36.972466]]}},{"type":"Feature","properties":{"id":822733412,"highway":"service"},"geometry":{"type":"LineString","coordinates":[[140.13788,36.97766],[140.137831,36.977571],[140.137811,36.977506],[140.137807,36.977438],[140.137817,36.977396],[140.137953,36.977136],[140.137992,36.977098],[140.138357,36.976779],[140.138512,36.976653],[140.138554,36.976623],[140.13861,36.976609],[140.138669,36.976605],[140.139048,36.976678]]}},{"type":"Feature","properties":{"id":875644153,"highway":"residential"},"geometry":{"type":"LineString","coordinates":[[140.117626,36.901263],[140.118256,36.900931],[140.11851,36.900813],[140.118574,36.900802]]}},{"type":"Feature","properties":{"id":875644154,"highway":"unclassified"},"geometry":{"type":"LineString","coordinates":[[140.122503,36.908132],[140.122891,36.908229],[140.122634,36.909026],[140.122354,36.909004]]}},{"type":"Feature","properties":{"id":875644155,"highway":"residential"},"geometry":{"type":"LineString","coordinates":[[140.12212,36.910995],[140.121842,36.910988],[140.121638,36.911554],[140.121739,36.91163]]}},{"type":"Feature","properties":{"id":875644156,"highway":"residential"},"geometry":{"type":"LineString","coordinates":[[140.105225,36.928523],[140.105137,36.928507],[140.105102,36.92852],[140.105024,36.928597],[140.104979,36.928666],[140.104914,36.92879],[140.104904,36.928852],[140.104898,36.928968],[140.104967,36.929001]]}},{"type":"Feature","properties":{"id":875644750,"highway":"trunk"},"geometry":{"type":"LineString","coordinates":[[140.122196,36.91152],[140.122236,36.911677],[140.122557,36.912545],[140.122781,36.913196],[140.123072,36.914034],[140.123086,36.914076]]}},{"type":"Feature","properties":{"id":923035644,"highway":"service"},"geometry":{"type":"LineString","coordinates":[[140.105605,36.913245],[140.105754,36.913289],[140.105847,36.913294],[140.105911,36.913276],[140.105952,36.91324],[140.105969,36.913192],[140.105958,36.913142],[140.105917,36.913102],[140.10585,36.913072],[140.1057,36.913034]]}},{"type":"Feature","properties":{"id":923035649,"highway":"service"},"geometry":{"type":"LineString","coordinates":[[140.102071,36.911965],[140.102095,36.911917],[140.102212,36.911685],[140.102267,36.911575],[140.102317,36.911475],[140.102355,36.911399],[140.1024,36.911305],[140.10245,36.911201],[140.102486,36.911116],[140.10249,36.911085],[140.102474,36.911065],[140.102437,36.911054],[140.102176,36.911061],[140.102051,36.911068],[140.101821,36.911071],[140.10177,36.911116],[140.101668,36.911322],[140.101584,36.911494],[140.101491,36.911683],[140.101491,36.911715],[140.101517,36.91177],[140.101555,36.911813],[140.101585,36.911839],[140.101912,36.911992],[140.101991,36.912003],[140.102038,36.911987],[140.102071,36.911965]]}},{"type":"Feature","properties":{"id":923035650,"highway":"service"},"geometry":{"type":"LineString","coordinates":[[140.102095,36.911917],[140.101956,36.911872],[140.101802,36.911822],[140.101491,36.911715]]}},{"type":"Feature","properties":{"id":923035651,"highway":"service"},"geometry":{"type":"LineString","coordinates":[[140.101802,36.911822],[140.101913,36.911596],[140.101971,36.911478],[140.102019,36.911381],[140.102057,36.911304],[140.102151,36.911113],[140.102176,36.911061]]}},{"type":"Feature","properties":{"id":923035652,"highway":"service"},"geometry":{"type":"LineString","coordinates":[[140.101584,36.911494],[140.101813,36.911565],[140.101913,36.911596],[140.102067,36.911642],[140.102212,36.911685]]}},{"type":"Feature","properties":{"id":923035653,"highway":"service"},"geometry":{"type":"LineString","coordinates":[[140.102057,36.911304],[140.102355,36.911399]]}},{"type":"Feature","properties":{"id":923035654,"highway":"service"},"geometry":{"type":"LineString","coordinates":[[140.101813,36.911565],[140.101983,36.91122],[140.102051,36.911068]]}},{"type":"Feature","properties":{"id":923035655,"highway":"service"},"geometry":{"type":"LineString","coordinates":[[140.101668,36.911322],[140.101759,36.911342],[140.101797,36.911334],[140.101821,36.911315],[140.101831,36.911281],[140.101818,36.911243],[140.101836,36.911207],[140.101871,36.911194],[140.101912,36.911195],[140.101983,36.91122]]}},{"type":"Feature","properties":{"id":923035656,"highway":"service"},"geometry":{"type":"LineString","coordinates":[[140.102151,36.911113],[140.1023,36.911157],[140.102252,36.911259],[140.1024,36.911305]]}},{"type":"Feature","properties":{"id":923035657,"highway":"service"},"geometry":{"type":"LineString","coordinates":[[140.102267,36.911575],[140.101971,36.911478]]}},{"type":"Feature","properties":{"id":923035658,"highway":"service"},"geometry":{"type":"LineString","coordinates":[[140.102317,36.911475],[140.102019,36.911381]]}},{"type":"Feature","properties":{"id":923035659,"highway":"service"},"geometry":{"type":"LineString","coordinates":[[140.101956,36.911872],[140.102067,36.911642]]}},{"type":"Feature","properties":{"id":927517574,"highway":"service"},"geometry":{"type":"LineString","coordinates":[[140.151154,36.935435],[140.151072,36.935414],[140.151015,36.935416],[140.150959,36.935436],[140.15093,36.935462],[140.150909,36.935493],[140.150903,36.935524],[140.150911,36.935557],[140.150933,36.935593],[140.150981,36.935628],[140.151047,36.935654],[140.151271,36.935712],[140.151324,36.935717],[140.151366,36.935712],[140.151408,36.935696],[140.151434,36.935672],[140.151452,36.935637],[140.151458,36.9356],[140.151448,36.935563],[140.151429,36.935532],[140.151397,36.935507],[140.151354,36.93549]]}},{"type":"Feature","properties":{"id":927517575,"highway":"service"},"geometry":{"type":"LineString","coordinates":[[140.151354,36.93549],[140.151154,36.935435]]}},{"type":"Feature","properties":{"id":942400868,"highway":"unclassified"},"geometry":{"type":"LineString","coordinates":[[140.157909,36.957204],[140.157885,36.957255],[140.157584,36.957751]]}},{"type":"Feature","properties":{"id":942412951,"highway":"primary"},"geometry":{"type":"LineString","coordinates":[[140.175806,36.962375],[140.175763,36.962443]]}},{"type":"Feature","properties":{"id":942412952,"highway":"primary"},"geometry":{"type":"LineString","coordinates":[[140.175957,36.962145],[140.175835,36.962331],[140.175806,36.962375]]}},{"type":"Feature","properties":{"id":943431567,"highway":"residential"},"geometry":{"type":"LineString","coordinates":[[140.13569,36.977263],[140.134904,36.97649],[140.134238,36.975856]]}},{"type":"Feature","properties":{"id":943431568,"highway":"residential"},"geometry":{"type":"LineString","coordinates":[[140.135237,36.977553],[140.13446,36.976785],[140.133802,36.97614],[140.133281,36.975642]]}},{"type":"Feature","properties":{"id":943441368,"highway":"residential"},"geometry":{"type":"LineString","coordinates":[[140.137466,36.976666],[140.137285,36.976491],[140.137188,36.976372],[140.136977,36.97611],[140.136677,36.97574]]}},{"type":"Feature","properties":{"id":943441369,"highway":"residential"},"geometry":{"type":"LineString","coordinates":[[140.131747,36.974087],[140.131798,36.974026],[140.131899,36.97387],[140.132026,36.973737],[140.132075,36.973673],[140.132136,36.973481],[140.132165,36.973443],[140.132254,36.973387],[140.132455,36.972968],[140.132522,36.972898],[140.132597,36.972854],[140.132691,36.972821]]}},{"type":"Feature","properties":{"id":943441370,"highway":"residential"},"geometry":{"type":"LineString","coordinates":[[140.133948,36.974602],[140.133992,36.974548],[140.134046,36.974398]]}},{"type":"Feature","properties":{"id":943441371,"highway":"residential"},"geometry":{"type":"LineString","coordinates":[[140.133266,36.973545],[140.133127,36.973536],[140.133049,36.973514],[140.132968,36.973472],[140.132912,36.97341],[140.132869,36.973331],[140.132757,36.97301],[140.132726,36.972909],[140.132691,36.972821],[140.132556,36.972468],[140.13249,36.972354],[140.132422,36.972298]]}},{"type":"Feature","properties":{"id":943441372,"highway":"residential"},"geometry":{"type":"LineString","coordinates":[[140.133166,36.974022],[140.132655,36.973873],[140.132536,36.97384],[140.132474,36.973679],[140.132441,36.973593],[140.132391,36.973476],[140.132324,36.973418],[140.132254,36.973387]]}},{"type":"Feature","properties":{"id":943441373,"highway":"residential"},"geometry":{"type":"LineString","coordinates":[[140.132232,36.97424],[140.132472,36.973947],[140.132536,36.97384]]}},{"type":"Feature","properties":{"id":943441374,"highway":"residential"},"geometry":{"type":"LineString","coordinates":[[140.135159,36.975517],[140.1355,36.975297],[140.136048,36.974939],[140.136459,36.974679]]}},{"type":"Feature","properties":{"id":943441375,"highway":"residential"},"geometry":{"type":"LineString","coordinates":[[140.137407,36.973129],[140.137259,36.973524],[140.137174,36.974],[140.137145,36.974373],[140.137121,36.974499],[140.137062,36.97468]]}},{"type":"Feature","properties":{"id":943441376,"highway":"residential"},"geometry":{"type":"LineString","coordinates":[[140.136212,36.973631],[140.136272,36.973327],[140.136284,36.973254],[140.136253,36.973202],[140.13606,36.973026],[140.135807,36.972725],[140.13543,36.972181]]}},{"type":"Feature","properties":{"id":943441377,"highway":"residential"},"geometry":{"type":"LineString","coordinates":[[140.136977,36.97611],[140.137588,36.97561]]}},{"type":"Feature","properties":{"id":943441378,"highway":"residential"},"geometry":{"type":"LineString","coordinates":[[140.136531,36.977258],[140.136867,36.977638],[140.13694,36.977731],[140.137152,36.978057],[140.137405,36.978446],[140.137658,36.978716],[140.137678,36.978725],[140.137706,36.97872],[140.138016,36.978513],[140.138037,36.978486],[140.138029,36.978459],[140.137529,36.977671],[140.137586,36.977509],[140.137729,36.977109],[140.137739,36.977005],[140.137704,36.976939],[140.137427,36.976693]]}},{"type":"Feature","properties":{"id":943441379,"highway":"residential"},"geometry":{"type":"LineString","coordinates":[[140.137529,36.977671],[140.137291,36.977327],[140.136994,36.976975]]}},{"type":"Feature","properties":{"id":943441380,"highway":"residential"},"geometry":{"type":"LineString","coordinates":[[140.137375,36.979084],[140.136974,36.978716],[140.136821,36.97861],[140.136774,36.978559],[140.136764,36.978504],[140.136768,36.978423],[140.136809,36.978353],[140.136913,36.978262],[140.137152,36.978057]]}},{"type":"Feature","properties":{"id":943441381,"highway":"residential"},"geometry":{"type":"LineString","coordinates":[[140.136356,36.971963],[140.135915,36.97151]]}},{"type":"Feature","properties":{"id":943441382,"highway":"residential"},"geometry":{"type":"LineString","coordinates":[[140.135971,36.973396],[140.136014,36.9733],[140.13606,36.973026]]}},{"type":"Feature","properties":{"id":943441383,"highway":"residential"},"geometry":{"type":"LineString","coordinates":[[140.135318,36.976204],[140.134679,36.97557]]}},{"type":"Feature","properties":{"id":943447675,"highway":"service"},"geometry":{"type":"LineString","coordinates":[[140.152135,36.965051],[140.152137,36.965108],[140.152126,36.965354],[140.152145,36.965432],[140.152179,36.965525]]}},{"type":"Feature","properties":{"id":946197968,"highway":"service"},"geometry":{"type":"LineString","coordinates":[[140.155596,36.957105],[140.155743,36.957279],[140.15577,36.957339],[140.155794,36.957367],[140.155833,36.957387],[140.155987,36.957432],[140.15601,36.957428],[140.156027,36.957418],[140.156108,36.957288]]}},{"type":"Feature","properties":{"id":946236442,"highway":"service"},"geometry":{"type":"LineString","coordinates":[[140.15726,36.959247],[140.157277,36.959096],[140.157302,36.958997],[140.157321,36.958942],[140.157395,36.958816]]}},{"type":"Feature","properties":{"id":946236444,"highway":"service"},"geometry":{"type":"LineString","coordinates":[[140.157502,36.958852],[140.15756,36.958803]]}},{"type":"Feature","properties":{"id":946236445,"highway":"service"},"geometry":{"type":"LineString","coordinates":[[140.15756,36.958803],[140.157616,36.958757]]}},{"type":"Feature","properties":{"id":946236446,"highway":"service"},"geometry":{"type":"LineString","coordinates":[[140.157616,36.958757],[140.1577,36.958682]]}},{"type":"Feature","properties":{"id":946236447,"highway":"service"},"geometry":{"type":"LineString","coordinates":[[140.157861,36.959061],[140.157877,36.959044]]}},{"type":"Feature","properties":{"id":946236448,"highway":"service"},"geometry":{"type":"LineString","coordinates":[[140.157877,36.959044],[140.157922,36.958998]]}},{"type":"Feature","properties":{"id":947315264,"highway":"residential"},"geometry":{"type":"LineString","coordinates":[[140.148193,36.949252],[140.148296,36.949173],[140.148,36.94847],[140.147835,36.948511]]}},{"type":"Feature","properties":{"id":947315266,"highway":"residential"},"geometry":{"type":"LineString","coordinates":[[140.13952,36.940469],[140.138395,36.940992],[140.138357,36.940999],[140.138238,36.940992],[140.138118,36.940985]]}},{"type":"Feature","properties":{"id":947315273,"highway":"service"},"geometry":{"type":"LineString","coordinates":[[140.150837,36.952022],[140.150787,36.95208],[140.150779,36.952089],[140.150764,36.952139],[140.150762,36.952251],[140.150768,36.952368],[140.150772,36.952453],[140.150795,36.952604],[140.15098,36.953026],[140.151033,36.953103],[140.151349,36.953395],[140.151665,36.953696],[140.152008,36.953931],[140.152097,36.95399],[140.15213,36.953991],[140.152175,36.953968],[140.15223,36.953941],[140.152421,36.953876],[140.152549,36.953847],[140.153454,36.953553],[140.153452,36.95336]]}},{"type":"Feature","properties":{"id":947315279,"highway":"service"},"geometry":{"type":"LineString","coordinates":[[140.144432,36.94514],[140.144818,36.944894]]}},{"type":"Feature","properties":{"id":947572171,"highway":"service"},"geometry":{"type":"LineString","coordinates":[[140.161556,36.985587],[140.162317,36.985571],[140.162463,36.985467]]}},{"type":"Feature","properties":{"id":947591228,"highway":"service"},"geometry":{"type":"LineString","coordinates":[[140.160994,36.97305],[140.161087,36.973089],[140.161159,36.973104],[140.16126,36.973121],[140.161324,36.973145],[140.161415,36.973187],[140.161717,36.973353],[140.161786,36.973383],[140.161871,36.973401],[140.162029,36.973428],[140.162117,36.973449],[140.162209,36.973486],[140.162604,36.973726]]}},{"type":"Feature","properties":{"id":947591237,"highway":"service"},"geometry":{"type":"LineString","coordinates":[[140.159977,36.97183],[140.159891,36.971574],[140.159823,36.971358],[140.159771,36.971326],[140.159584,36.971368]]}},{"type":"Feature","properties":{"id":947591238,"highway":"service"},"geometry":{"type":"LineString","coordinates":[[140.159173,36.971158],[140.159431,36.971113],[140.15951,36.971156],[140.159584,36.971368],[140.15965,36.971563],[140.159736,36.971606],[140.159891,36.971574]]}},{"type":"Feature","properties":{"id":947591241,"highway":"residential"},"geometry":{"type":"LineString","coordinates":[[140.161029,36.971768],[140.161419,36.971741]]}},{"type":"Feature","properties":{"id":947786675,"highway":"service"},"geometry":{"type":"LineString","coordinates":[[140.124386,36.936058],[140.125002,36.936119],[140.12538,36.936167],[140.126206,36.937163],[140.126269,36.937157],[140.126461,36.936867]]}},{"type":"Feature","properties":{"id":947786679,"highway":"service"},"geometry":{"type":"LineString","coordinates":[[140.123403,36.939468],[140.123422,36.939666],[140.123419,36.939757],[140.123319,36.940142],[140.123322,36.940236],[140.123391,36.94041],[140.123462,36.94055],[140.123575,36.940694],[140.124314,36.941377],[140.124451,36.941531]]}},{"type":"Feature","properties":{"id":948361506,"highway":"unclassified"},"geometry":{"type":"LineString","coordinates":[[140.159008,36.992972],[140.159093,36.99287]]}},{"type":"Feature","properties":{"id":948361507,"highway":"service"},"geometry":{"type":"LineString","coordinates":[[140.159109,36.992851],[140.159023,36.992717],[140.158886,36.992482],[140.158762,36.992303],[140.158684,36.992193],[140.158574,36.992049],[140.15839,36.991826],[140.158318,36.991739],[140.158147,36.991524],[140.158044,36.991387],[140.15801,36.991309],[140.15801,36.991236],[140.158029,36.991172],[140.15807,36.991091],[140.158268,36.990792],[140.158294,36.99074],[140.15831,36.990681],[140.158314,36.9906],[140.158322,36.990401],[140.158301,36.990331],[140.158258,36.990276],[140.158166,36.990185],[140.158099,36.990107],[140.158043,36.990041]]}},{"type":"Feature","properties":{"id":948361508,"highway":"service"},"geometry":{"type":"LineString","coordinates":[[140.158043,36.990041],[140.157918,36.989948],[140.157846,36.989914],[140.157756,36.98987],[140.157693,36.989832],[140.157647,36.989775],[140.157584,36.989665],[140.157457,36.989362],[140.157361,36.989132],[140.157316,36.989041],[140.157256,36.988975],[140.157181,36.988919],[140.157093,36.988872],[140.156927,36.988828],[140.156733,36.988789],[140.156596,36.988741],[140.156484,36.988691],[140.156412,36.988666],[140.156342,36.988602],[140.156296,36.988542],[140.156274,36.988476],[140.156288,36.988375],[140.156311,36.988245],[140.156311,36.98817],[140.156302,36.9881],[140.156285,36.988017],[140.15627,36.987962],[140.156232,36.987902],[140.156155,36.987794],[140.156108,36.987703]]}},{"type":"Feature","properties":{"id":948361509,"highway":"service"},"geometry":{"type":"LineString","coordinates":[[140.160285,36.994402],[140.160235,36.994394],[140.160157,36.994366],[140.160103,36.994332],[140.160072,36.994292],[140.160048,36.994238],[140.160032,36.994168],[140.159996,36.993953],[140.159948,36.993799],[140.159902,36.99367],[140.159836,36.99355],[140.159752,36.993449],[140.159662,36.993392],[140.159505,36.993306],[140.159401,36.993232],[140.159308,36.993158],[140.159245,36.993088],[140.159179,36.992997],[140.159133,36.992901],[140.159109,36.992851]]}},{"type":"Feature","properties":{"id":948361515,"highway":"service"},"geometry":{"type":"LineString","coordinates":[[140.158266,36.991889],[140.158368,36.991838]]}},{"type":"Feature","properties":{"id":948361516,"highway":"service"},"geometry":{"type":"LineString","coordinates":[[140.158368,36.991838],[140.15839,36.991826]]}},{"type":"Feature","properties":{"id":948398730,"highway":"service"},"geometry":{"type":"LineString","coordinates":[[140.165724,36.952984],[140.165669,36.953006],[140.165604,36.95306],[140.165507,36.953141],[140.16538,36.953215],[140.165209,36.953276],[140.165077,36.953317],[140.164932,36.953332],[140.164755,36.953328],[140.164599,36.953297],[140.164391,36.953226],[140.164258,36.953134],[140.164193,36.95305],[140.164169,36.952932],[140.164171,36.952864]]}},{"type":"Feature","properties":{"id":948539052,"highway":"service"},"geometry":{"type":"LineString","coordinates":[[140.152626,36.969164],[140.152792,36.969031],[140.152891,36.968943],[140.152943,36.968866],[140.152995,36.968721]]}},{"type":"Feature","properties":{"id":948612380,"highway":"service"},"geometry":{"type":"LineString","coordinates":[[140.164218,36.99196],[140.164341,36.991852],[140.164381,36.991798],[140.164398,36.991732],[140.164403,36.991653]]}},{"type":"Feature","properties":{"id":948612381,"highway":"service"},"geometry":{"type":"LineString","coordinates":[[140.164423,36.99143],[140.164381,36.991506],[140.164376,36.991531],[140.16438,36.991558],[140.164389,36.991583]]}},{"type":"Feature","properties":{"id":948612415,"highway":"service"},"geometry":{"type":"LineString","coordinates":[[140.162341,36.991323],[140.162423,36.991277],[140.16246,36.99127],[140.162521,36.991276],[140.162621,36.991319],[140.162673,36.991338]]}},{"type":"Feature","properties":{"id":948682411,"highway":"residential"},"geometry":{"type":"LineString","coordinates":[[140.160337,36.959473],[140.160366,36.959413]]}},{"type":"Feature","properties":{"id":948682412,"highway":"residential"},"geometry":{"type":"LineString","coordinates":[[140.160324,36.959505],[140.160337,36.959473]]}},{"type":"Feature","properties":{"id":948692866,"highway":"service"},"geometry":{"type":"LineString","coordinates":[[140.157285,36.958223],[140.157691,36.958401],[140.157896,36.958494]]}},{"type":"Feature","properties":{"id":948918928,"highway":"service"},"geometry":{"type":"LineString","coordinates":[[140.153544,36.959719],[140.153534,36.959775],[140.1535,36.959819],[140.153443,36.959858],[140.153413,36.959886],[140.153397,36.959971],[140.153414,36.960143],[140.1534,36.96019],[140.153361,36.96024],[140.153246,36.960354],[140.153162,36.960427],[140.153127,36.960479],[140.153113,36.960546],[140.153091,36.960975],[140.153063,36.961225],[140.153033,36.961438],[140.153029,36.961586],[140.153037,36.961706],[140.153025,36.96177],[140.152864,36.962231],[140.152791,36.962414],[140.152741,36.96267],[140.152669,36.963086],[140.152644,36.96346],[140.152653,36.963775],[140.152697,36.964119],[140.152704,36.964241],[140.152708,36.964529]]}},{"type":"Feature","properties":{"id":948936033,"highway":"unclassified"},"geometry":{"type":"LineString","coordinates":[[140.163212,36.960732],[140.162568,36.961017]]}},{"type":"Feature","properties":{"id":948936034,"highway":"unclassified"},"geometry":{"type":"LineString","coordinates":[[140.162568,36.961017],[140.162492,36.961053]]}},{"type":"Feature","properties":{"id":948936035,"highway":"service"},"geometry":{"type":"LineString","coordinates":[[140.161641,36.96028],[140.16171,36.960228]]}},{"type":"Feature","properties":{"id":948936036,"highway":"service"},"geometry":{"type":"LineString","coordinates":[[140.161616,36.960299],[140.161641,36.96028]]}},{"type":"Feature","properties":{"id":948936038,"highway":"service"},"geometry":{"type":"LineString","coordinates":[[140.162324,36.961298],[140.162364,36.961282],[140.16241,36.961241],[140.162445,36.96119],[140.16247,36.961145],[140.162482,36.961098],[140.16248,36.961053]]}},{"type":"Feature","properties":{"id":948955171,"highway":"residential"},"geometry":{"type":"LineString","coordinates":[[140.16088,36.958943],[140.160982,36.958696]]}},{"type":"Feature","properties":{"id":949237347,"highway":"service"},"geometry":{"type":"LineString","coordinates":[[140.160939,36.957831],[140.161037,36.957515]]}},{"type":"Feature","properties":{"id":949289435,"highway":"service"},"geometry":{"type":"LineString","coordinates":[[140.163277,36.954688],[140.163308,36.954656],[140.163426,36.954503],[140.163501,36.954399],[140.163546,36.954301],[140.163558,36.954232]]}},{"type":"Feature","properties":{"id":949404950,"highway":"service"},"geometry":{"type":"LineString","coordinates":[[140.159868,36.953324],[140.15995,36.95341],[140.160024,36.953476],[140.160132,36.95357],[140.160242,36.953663],[140.160321,36.953723],[140.16036,36.95374],[140.160391,36.953744],[140.160412,36.953743],[140.160442,36.953737],[140.160557,36.953704],[140.160653,36.953678],[140.160777,36.953645],[140.160903,36.953621],[140.161004,36.953609],[140.161069,36.95361],[140.161129,36.953608],[140.16124,36.953582],[140.161423,36.953545],[140.161677,36.953483],[140.161898,36.953449],[140.162187,36.953413],[140.162317,36.953408],[140.162438,36.953412],[140.162613,36.953433]]}},{"type":"Feature","properties":{"id":949417951,"highway":"service"},"geometry":{"type":"LineString","coordinates":[[140.162337,36.955347],[140.162363,36.955202],[140.162373,36.955159],[140.162372,36.9551]]}},{"type":"Feature","properties":{"id":949417953,"highway":"service"},"geometry":{"type":"LineString","coordinates":[[140.162526,36.955364],[140.16258,36.955291],[140.162637,36.95524],[140.16268,36.955222],[140.16272,36.955194],[140.16273,36.955166],[140.162708,36.95509],[140.162704,36.955011],[140.162737,36.954886],[140.162787,36.954777],[140.162827,36.954701],[140.162889,36.954657],[140.162962,36.954653],[140.163231,36.954694],[140.163277,36.954688]]}},{"type":"Feature","properties":{"id":949877249,"highway":"service"},"geometry":{"type":"LineString","coordinates":[[140.157752,36.954278],[140.157862,36.954276]]}},{"type":"Feature","properties":{"id":949877250,"highway":"service"},"geometry":{"type":"LineString","coordinates":[[140.156515,36.954112],[140.156596,36.954084],[140.156638,36.954061],[140.156701,36.954022]]}},{"type":"Feature","properties":{"id":949941041,"highway":"service"},"geometry":{"type":"LineString","coordinates":[[140.156328,36.952977],[140.156242,36.952947],[140.156119,36.952954],[140.155957,36.952992],[140.155631,36.953115],[140.155474,36.953157],[140.155175,36.953228],[140.154982,36.953264],[140.154907,36.953305],[140.15487,36.953361]]}},{"type":"Feature","properties":{"id":949953329,"highway":"primary"},"geometry":{"type":"LineString","coordinates":[[140.162024,36.990798],[140.161902,36.990862],[140.161844,36.990891],[140.161816,36.990911],[140.161761,36.990949],[140.161664,36.991037],[140.161557,36.99115],[140.161495,36.991249],[140.161453,36.99133],[140.161421,36.991405],[140.161341,36.991618],[140.161189,36.992031],[140.161029,36.992453],[140.160706,36.9933],[140.160697,36.993323],[140.160285,36.994402],[140.160267,36.994448]]}},{"type":"Feature","properties":{"id":949953330,"highway":"primary"},"geometry":{"type":"LineString","coordinates":[[140.160267,36.994448],[140.160242,36.994513]]}},{"type":"Feature","properties":{"id":950070354,"highway":"service"},"geometry":{"type":"LineString","coordinates":[[140.158007,36.969512],[140.157816,36.970415],[140.157521,36.97043],[140.157121,36.970531],[140.156909,36.970557]]}},{"type":"Feature","properties":{"id":950224586,"highway":"service"},"geometry":{"type":"LineString","coordinates":[[140.166195,36.991834],[140.166442,36.992171],[140.16659,36.992285],[140.166713,36.992368],[140.166817,36.992452],[140.166943,36.992578]]}},{"type":"Feature","properties":{"id":951273808,"highway":"service"},"geometry":{"type":"LineString","coordinates":[[140.156381,36.954443],[140.156497,36.954434],[140.156822,36.954334],[140.156865,36.954305],[140.156892,36.954268],[140.156898,36.954229],[140.156889,36.954192],[140.156863,36.954145],[140.156869,36.954098],[140.15687,36.95404],[140.156858,36.953992],[140.156449,36.953461],[140.156352,36.953335]]}},{"type":"Feature","properties":{"id":951348556,"highway":"service"},"geometry":{"type":"LineString","coordinates":[[140.153414,36.952812],[140.153397,36.952621],[140.153403,36.952284]]}},{"type":"Feature","properties":{"id":951348565,"highway":"service"},"geometry":{"type":"LineString","coordinates":[[140.151429,36.951694],[140.151325,36.951721],[140.151263,36.951716],[140.151203,36.951674],[140.150833,36.951379],[140.150761,36.951358],[140.1507,36.951363]]}},{"type":"Feature","properties":{"id":951479447,"highway":"service"},"geometry":{"type":"LineString","coordinates":[[140.154343,36.954633],[140.154593,36.954531],[140.154702,36.954488],[140.15479,36.954478],[140.154906,36.954475],[140.155006,36.954474],[140.155087,36.954467],[140.155139,36.954446],[140.155226,36.954399]]}},{"type":"Feature","properties":{"id":951696025,"highway":"service"},"geometry":{"type":"LineString","coordinates":[[140.134799,36.96311],[140.135092,36.962556]]}},{"type":"Feature","properties":{"id":951696026,"highway":"service"},"geometry":{"type":"LineString","coordinates":[[140.137037,36.962271],[140.13695,36.962212],[140.136818,36.962105],[140.136565,36.96185],[140.136198,36.961543],[140.136144,36.961483],[140.136067,36.961193],[140.136,36.960962],[140.135987,36.960558],[140.136003,36.960071]]}},{"type":"Feature","properties":{"id":951696027,"highway":"service"},"geometry":{"type":"LineString","coordinates":[[140.137951,36.963036],[140.137026,36.962803],[140.136876,36.962769]]}},{"type":"Feature","properties":{"id":951696028,"highway":"service"},"geometry":{"type":"LineString","coordinates":[[140.136741,36.962643],[140.136707,36.962657],[140.136681,36.962678],[140.136664,36.962697],[140.136653,36.962724],[140.136672,36.962766],[140.136688,36.962792],[140.136707,36.962812],[140.136755,36.962817],[140.136791,36.962817],[140.136824,36.962807],[140.136853,36.96279],[140.136876,36.962769],[140.136882,36.962739],[140.136881,36.962711],[140.136868,36.962684],[140.136845,36.962662],[140.13681,36.962638],[140.136778,36.96264],[140.136741,36.962643]]}},{"type":"Feature","properties":{"id":951696029,"highway":"service"},"geometry":{"type":"LineString","coordinates":[[140.13681,36.962638],[140.136856,36.962545],[140.136958,36.962384],[140.137037,36.962271]]}},{"type":"Feature","properties":{"id":951696030,"highway":"service"},"geometry":{"type":"LineString","coordinates":[[140.135124,36.964698],[140.135494,36.964492],[140.135735,36.964428],[140.136057,36.964332]]}},{"type":"Feature","properties":{"id":951696031,"highway":"service"},"geometry":{"type":"LineString","coordinates":[[140.134528,36.964304],[140.135213,36.964011],[140.135735,36.964428]]}},{"type":"Feature","properties":{"id":951696033,"highway":"service"},"geometry":{"type":"LineString","coordinates":[[140.137011,36.960922],[140.137098,36.960492]]}},{"type":"Feature","properties":{"id":951696034,"highway":"service"},"geometry":{"type":"LineString","coordinates":[[140.136324,36.960099],[140.13634,36.960242],[140.13636,36.960347],[140.136395,36.960489],[140.136443,36.961039]]}},{"type":"Feature","properties":{"id":951696037,"highway":"service"},"geometry":{"type":"LineString","coordinates":[[140.134463,36.952787],[140.134266,36.953343],[140.134199,36.953545],[140.134168,36.953642],[140.134181,36.953726],[140.134258,36.953778],[140.134334,36.953797],[140.134391,36.95378],[140.134467,36.953697],[140.134764,36.953257],[140.134868,36.952833]]}},{"type":"Feature","properties":{"id":951847010,"highway":"service"},"geometry":{"type":"LineString","coordinates":[[140.135242,36.964967],[140.135947,36.964842]]}},{"type":"Feature","properties":{"id":951847011,"highway":"service"},"geometry":{"type":"LineString","coordinates":[[140.137946,36.963875],[140.1371,36.963603]]}},{"type":"Feature","properties":{"id":951847012,"highway":"service"},"geometry":{"type":"LineString","coordinates":[[140.138301,36.961066],[140.138858,36.961181],[140.139442,36.96134]]}},{"type":"Feature","properties":{"id":951847013,"highway":"service"},"geometry":{"type":"LineString","coordinates":[[140.136565,36.96185],[140.138634,36.962312]]}},{"type":"Feature","properties":{"id":951847014,"highway":"service"},"geometry":{"type":"LineString","coordinates":[[140.138553,36.962657],[140.137118,36.96229],[140.137037,36.962271]]}},{"type":"Feature","properties":{"id":951847029,"highway":"service"},"geometry":{"type":"LineString","coordinates":[[140.135712,36.965456],[140.135881,36.965062],[140.135947,36.964842],[140.13604,36.964549],[140.136057,36.964496],[140.136057,36.964332]]}},{"type":"Feature","properties":{"id":951847032,"highway":"service"},"geometry":{"type":"LineString","coordinates":[[140.136086,36.963995],[140.136485,36.964065],[140.136778,36.964118],[140.137807,36.964334],[140.138095,36.964404]]}},{"type":"Feature","properties":{"id":951847033,"highway":"service"},"geometry":{"type":"LineString","coordinates":[[140.137652,36.965521],[140.13791,36.964977],[140.138095,36.964404]]}},{"type":"Feature","properties":{"id":951847034,"highway":"service"},"geometry":{"type":"LineString","coordinates":[[140.13604,36.964549],[140.136823,36.96473],[140.137367,36.964853],[140.13791,36.964977]]}},{"type":"Feature","properties":{"id":951847056,"highway":"service"},"geometry":{"type":"LineString","coordinates":[[140.1371,36.963603],[140.136735,36.963437],[140.136411,36.963277]]}},{"type":"Feature","properties":{"id":951847058,"highway":"service"},"geometry":{"type":"LineString","coordinates":[[140.135879,36.96321],[140.136187,36.962675]]}},{"type":"Feature","properties":{"id":951857657,"highway":"service"},"geometry":{"type":"LineString","coordinates":[[140.134764,36.953257],[140.135608,36.953354],[140.136764,36.953442]]}},{"type":"Feature","properties":{"id":951857658,"highway":"service"},"geometry":{"type":"LineString","coordinates":[[140.136798,36.954768],[140.136311,36.954667],[140.135848,36.95457]]}},{"type":"Feature","properties":{"id":951857659,"highway":"service"},"geometry":{"type":"LineString","coordinates":[[140.136311,36.954667],[140.136426,36.953912]]}},{"type":"Feature","properties":{"id":951857660,"highway":"service"},"geometry":{"type":"LineString","coordinates":[[140.13744,36.954046],[140.137299,36.95344],[140.137342,36.953015],[140.13672,36.952978]]}},{"type":"Feature","properties":{"id":951857682,"highway":"service"},"geometry":{"type":"LineString","coordinates":[[140.136883,36.95577],[140.136345,36.955489],[140.135177,36.954798]]}},{"type":"Feature","properties":{"id":951899307,"highway":"service"},"geometry":{"type":"LineString","coordinates":[[140.145905,36.986696],[140.146144,36.986474],[140.146182,36.986447],[140.146251,36.986418],[140.146339,36.986403],[140.146467,36.986405],[140.1467,36.98641],[140.146742,36.986411],[140.146996,36.986402],[140.147066,36.986416],[140.147254,36.986485],[140.147764,36.986672],[140.147803,36.986682],[140.147831,36.986675],[140.14785,36.98665],[140.147859,36.986603],[140.147857,36.986554],[140.147834,36.986497],[140.147866,36.986445],[140.147933,36.986371]]}},{"type":"Feature","properties":{"id":951899308,"highway":"service"},"geometry":{"type":"LineString","coordinates":[[140.147834,36.986497],[140.147634,36.986194],[140.147577,36.986087],[140.147524,36.985985]]}},{"type":"Feature","properties":{"id":952026289,"highway":"service"},"geometry":{"type":"LineString","coordinates":[[140.135799,36.968658],[140.135422,36.968239],[140.13525,36.968044],[140.135188,36.968013],[140.135068,36.967982],[140.13449,36.967914]]}},{"type":"Feature","properties":{"id":952026290,"highway":"service"},"geometry":{"type":"LineString","coordinates":[[140.13525,36.968044],[140.135253,36.96784],[140.135256,36.967651],[140.13524,36.967493],[140.135229,36.967413]]}},{"type":"Feature","properties":{"id":952026307,"highway":"service"},"geometry":{"type":"LineString","coordinates":[[140.133918,36.969118],[140.133597,36.968918],[140.133401,36.968796]]}},{"type":"Feature","properties":{"id":952180089,"highway":"service"},"geometry":{"type":"LineString","coordinates":[[140.1452,36.99116],[140.145199,36.991061],[140.145248,36.990756],[140.145244,36.990697],[140.145238,36.990308],[140.14525,36.990241],[140.145311,36.990012],[140.145365,36.989788],[140.145388,36.989739],[140.145429,36.9897],[140.145534,36.989619],[140.1459,36.989402],[140.145963,36.989358],[140.146016,36.989304],[140.146065,36.98923],[140.146176,36.989038]]}},{"type":"Feature","properties":{"id":952180090,"highway":"service"},"geometry":{"type":"LineString","coordinates":[[140.146182,36.986447],[140.14541,36.985926],[140.14529,36.985845],[140.14518,36.985757],[140.145089,36.985661],[140.145032,36.985584],[140.144973,36.985531],[140.144912,36.985497],[140.14442,36.98537],[140.144321,36.985358],[140.144272,36.985364]]}},{"type":"Feature","properties":{"id":952180091,"highway":"service"},"geometry":{"type":"LineString","coordinates":[[140.145135,36.986165],[140.14526,36.986039],[140.14541,36.985926]]}},{"type":"Feature","properties":{"id":952180092,"highway":"service"},"geometry":{"type":"LineString","coordinates":[[140.144668,36.985813],[140.144973,36.985531]]}},{"type":"Feature","properties":{"id":952180093,"highway":"service"},"geometry":{"type":"LineString","coordinates":[[140.144973,36.985531],[140.145035,36.985522],[140.145253,36.985541],[140.145775,36.985573],[140.145913,36.985587],[140.145971,36.985607],[140.14603,36.985634],[140.146072,36.985693],[140.146173,36.985849],[140.146467,36.986405]]}},{"type":"Feature","properties":{"id":952180094,"highway":"service"},"geometry":{"type":"LineString","coordinates":[[140.146753,36.987082],[140.146759,36.986998],[140.146743,36.986951],[140.146552,36.986774],[140.146527,36.986724],[140.146519,36.986678],[140.146527,36.986634],[140.1467,36.98641]]}},{"type":"Feature","properties":{"id":952180096,"highway":"service"},"geometry":{"type":"LineString","coordinates":[[140.147206,36.989681],[140.147218,36.989593],[140.147224,36.989557],[140.147248,36.98954],[140.147285,36.989501],[140.1473,36.989459],[140.147299,36.989422],[140.147288,36.98939],[140.147248,36.989365],[140.147189,36.989338],[140.147122,36.989284],[140.146987,36.98916],[140.146906,36.989072],[140.146886,36.989035],[140.146884,36.988998],[140.146896,36.988957],[140.146957,36.988861],[140.146973,36.98881],[140.146982,36.988738],[140.146996,36.988701],[140.147019,36.98866],[140.147537,36.988066]]}},{"type":"Feature","properties":{"id":952180097,"highway":"service"},"geometry":{"type":"LineString","coordinates":[[140.147189,36.989338],[140.147111,36.989413],[140.147101,36.989454],[140.147119,36.989494],[140.14716,36.98953],[140.147224,36.989557]]}},{"type":"Feature","properties":{"id":952180098,"highway":"residential"},"geometry":{"type":"LineString","coordinates":[[140.150097,36.98939],[140.150045,36.98934],[140.149978,36.989302],[140.149558,36.989096],[140.149519,36.989077]]}},{"type":"Feature","properties":{"id":952180099,"highway":"service"},"geometry":{"type":"LineString","coordinates":[[140.147537,36.988066],[140.148287,36.988477],[140.148763,36.988796],[140.148914,36.988881]]}},{"type":"Feature","properties":{"id":952180100,"highway":"service"},"geometry":{"type":"LineString","coordinates":[[140.148993,36.988793],[140.148938,36.988853],[140.148914,36.988881],[140.148881,36.988917],[140.148865,36.988967],[140.148873,36.989002],[140.149045,36.989104],[140.149133,36.989114],[140.149288,36.989123],[140.149393,36.989114],[140.149519,36.989077]]}},{"type":"Feature","properties":{"id":952180101,"highway":"service"},"geometry":{"type":"LineString","coordinates":[[140.149393,36.989114],[140.149292,36.989039],[140.148938,36.988853]]}},{"type":"Feature","properties":{"id":952180102,"highway":"service"},"geometry":{"type":"LineString","coordinates":[[140.149519,36.989077],[140.149475,36.98901],[140.14944,36.988961]]}},{"type":"Feature","properties":{"id":952180104,"highway":"service"},"geometry":{"type":"LineString","coordinates":[[140.148993,36.988793],[140.149037,36.988738],[140.14916,36.988587],[140.149271,36.988452],[140.149392,36.988304],[140.149659,36.988456],[140.149532,36.988602],[140.149418,36.988732],[140.149295,36.988873]]}},{"type":"Feature","properties":{"id":952180105,"highway":"service"},"geometry":{"type":"LineString","coordinates":[[140.14944,36.988961],[140.149407,36.988936],[140.149295,36.988873],[140.149037,36.988738]]}},{"type":"Feature","properties":{"id":952180106,"highway":"service"},"geometry":{"type":"LineString","coordinates":[[140.149418,36.988732],[140.14916,36.988587]]}},{"type":"Feature","properties":{"id":952180107,"highway":"service"},"geometry":{"type":"LineString","coordinates":[[140.149532,36.988602],[140.149271,36.988452]]}},{"type":"Feature","properties":{"id":952180108,"highway":"service"},"geometry":{"type":"LineString","coordinates":[[140.149665,36.987798],[140.149744,36.987691],[140.14978,36.98764],[140.150007,36.987378]]}},{"type":"Feature","properties":{"id":952180109,"highway":"service"},"geometry":{"type":"LineString","coordinates":[[140.150437,36.988084],[140.149744,36.987691]]}},{"type":"Feature","properties":{"id":952180111,"highway":"service"},"geometry":{"type":"LineString","coordinates":[[140.14978,36.98764],[140.149505,36.987492],[140.149415,36.987432],[140.149354,36.98739],[140.149343,36.987377],[140.149319,36.987348],[140.149191,36.987104]]}},{"type":"Feature","properties":{"id":952180112,"highway":"service"},"geometry":{"type":"LineString","coordinates":[[140.149343,36.987377],[140.149841,36.987228],[140.150188,36.987148]]}},{"type":"Feature","properties":{"id":952180113,"highway":"service"},"geometry":{"type":"LineString","coordinates":[[140.148769,36.987244],[140.148936,36.987179],[140.149147,36.987104],[140.149191,36.987104],[140.14922,36.987102],[140.149616,36.987],[140.149943,36.986929],[140.150376,36.986829],[140.150423,36.986817],[140.150614,36.986767],[140.150695,36.986741]]}},{"type":"Feature","properties":{"id":952180115,"highway":"service"},"geometry":{"type":"LineString","coordinates":[[140.14415,36.985219],[140.144157,36.98479],[140.144176,36.984337],[140.144176,36.984145],[140.144167,36.983864],[140.144154,36.983717],[140.144117,36.983581],[140.14391,36.983038]]}},{"type":"Feature","properties":{"id":952180116,"highway":"service"},"geometry":{"type":"LineString","coordinates":[[140.141742,36.986774],[140.14184,36.98677],[140.141925,36.9868],[140.141984,36.986808],[140.142132,36.986829],[140.142251,36.986864],[140.142501,36.986897]]}},{"type":"Feature","properties":{"id":952180117,"highway":"service"},"geometry":{"type":"LineString","coordinates":[[140.146247,36.986896],[140.146028,36.986771],[140.145905,36.986696]]}},{"type":"Feature","properties":{"id":952180118,"highway":"service"},"geometry":{"type":"LineString","coordinates":[[140.141984,36.986808],[140.142098,36.986439],[140.142208,36.986108],[140.142301,36.985828]]}},{"type":"Feature","properties":{"id":952242380,"highway":"residential"},"geometry":{"type":"LineString","coordinates":[[140.152474,36.985597],[140.152583,36.985871],[140.152655,36.986032],[140.152748,36.986185],[140.152828,36.986302],[140.152895,36.986379],[140.152967,36.986446]]}},{"type":"Feature","properties":{"id":952242381,"highway":"unclassified"},"geometry":{"type":"LineString","coordinates":[[140.154113,36.993895],[140.154268,36.99395]]}},{"type":"Feature","properties":{"id":952356471,"highway":"service"},"geometry":{"type":"LineString","coordinates":[[140.129048,36.972442],[140.12909,36.972466],[140.129434,36.972657],[140.129705,36.972529],[140.129829,36.972428],[140.12987,36.972383],[140.129872,36.972323],[140.12982,36.972255],[140.129748,36.972186],[140.12973,36.972134],[140.12966,36.972063],[140.129565,36.971986],[140.129387,36.971887],[140.129283,36.971838],[140.129209,36.971811]]}},{"type":"Feature","properties":{"id":952374419,"highway":"service"},"geometry":{"type":"LineString","coordinates":[[140.149978,36.989302],[140.150081,36.989191]]}},{"type":"Feature","properties":{"id":952374422,"highway":"service"},"geometry":{"type":"LineString","coordinates":[[140.150201,36.989407],[140.150299,36.989389],[140.150481,36.989367],[140.150849,36.989332],[140.150897,36.989318],[140.151126,36.98907],[140.151394,36.988776],[140.151388,36.988748],[140.151217,36.988635]]}},{"type":"Feature","properties":{"id":952374423,"highway":"service"},"geometry":{"type":"LineString","coordinates":[[140.150665,36.98922],[140.150849,36.989332]]}},{"type":"Feature","properties":{"id":952374424,"highway":"service"},"geometry":{"type":"LineString","coordinates":[[140.15126,36.989214],[140.151196,36.989114],[140.151126,36.98907],[140.150916,36.988942]]}},{"type":"Feature","properties":{"id":952380305,"highway":"service"},"geometry":{"type":"LineString","coordinates":[[140.148955,36.989516],[140.148916,36.989443],[140.148883,36.989413],[140.148515,36.989195],[140.14824,36.989032],[140.148055,36.988958]]}},{"type":"Feature","properties":{"id":952509791,"highway":"service"},"geometry":{"type":"LineString","coordinates":[[140.150423,36.986817],[140.150509,36.987021]]}},{"type":"Feature","properties":{"id":952509792,"highway":"service"},"geometry":{"type":"LineString","coordinates":[[140.150783,36.988686],[140.150201,36.988351]]}},{"type":"Feature","properties":{"id":952509793,"highway":"service"},"geometry":{"type":"LineString","coordinates":[[140.150959,36.988502],[140.150369,36.98816]]}},{"type":"Feature","properties":{"id":952549302,"highway":"service"},"geometry":{"type":"LineString","coordinates":[[140.145597,36.980357],[140.145584,36.98026],[140.145567,36.980218],[140.145476,36.980078],[140.145453,36.980025],[140.145437,36.979943],[140.145445,36.979805],[140.145446,36.979655],[140.145418,36.979561],[140.145354,36.979381]]}},{"type":"Feature","properties":{"id":952549304,"highway":"service"},"geometry":{"type":"LineString","coordinates":[[140.145441,36.980377],[140.145383,36.98032],[140.145283,36.980286],[140.145134,36.980257],[140.145021,36.980228],[140.144946,36.980197],[140.14491,36.980146],[140.144854,36.979965],[140.144827,36.979764],[140.144836,36.979726],[140.144859,36.979712],[140.144894,36.979713],[140.144965,36.979758],[140.145039,36.979781],[140.145092,36.979812]]}},{"type":"Feature","properties":{"id":952567002,"highway":"service"},"geometry":{"type":"LineString","coordinates":[[140.153241,36.968578],[140.153312,36.968759],[140.153357,36.968785],[140.153416,36.968787]]}},{"type":"Feature","properties":{"id":952823021,"highway":"service"},"geometry":{"type":"LineString","coordinates":[[140.142387,36.981529],[140.142374,36.981386],[140.142364,36.981203],[140.142362,36.98113],[140.14237,36.981089],[140.142412,36.981058],[140.142466,36.981044],[140.142534,36.981045],[140.142613,36.981026]]}},{"type":"Feature","properties":{"id":952880080,"highway":"service"},"geometry":{"type":"LineString","coordinates":[[140.133674,36.97813],[140.133266,36.977843],[140.133258,36.977806],[140.13328,36.977759],[140.133488,36.977517],[140.133567,36.97741],[140.133595,36.977373]]}},{"type":"Feature","properties":{"id":952880082,"highway":"residential"},"geometry":{"type":"LineString","coordinates":[[140.131247,36.974448],[140.13214,36.974657],[140.132246,36.974709],[140.132325,36.974794],[140.132452,36.974964],[140.132136,36.975137],[140.131026,36.974819]]}},{"type":"Feature","properties":{"id":952880083,"highway":"residential"},"geometry":{"type":"LineString","coordinates":[[140.132871,36.975437],[140.132452,36.974964]]}},{"type":"Feature","properties":{"id":952880084,"highway":"residential"},"geometry":{"type":"LineString","coordinates":[[140.131214,36.975783],[140.131518,36.975548],[140.132136,36.975137]]}},{"type":"Feature","properties":{"id":952880085,"highway":"service"},"geometry":{"type":"LineString","coordinates":[[140.131265,36.975311],[140.131518,36.975548]]}},{"type":"Feature","properties":{"id":952880086,"highway":"residential"},"geometry":{"type":"LineString","coordinates":[[140.131225,36.9758],[140.131229,36.975819],[140.131226,36.975838],[140.131215,36.975855],[140.131198,36.975869],[140.131177,36.975878],[140.131151,36.975881],[140.131125,36.975876],[140.131103,36.975865],[140.131087,36.975849],[140.131078,36.975829],[140.131079,36.975808],[140.131089,36.975788],[140.131106,36.975772],[140.131127,36.975763],[140.13115,36.975759],[140.131174,36.975762],[140.131196,36.97577],[140.131214,36.975783],[140.131225,36.9758]]}},{"type":"Feature","properties":{"id":953037004,"highway":"service"},"geometry":{"type":"LineString","coordinates":[[140.141523,36.993892],[140.141356,36.993765],[140.141222,36.99364],[140.141149,36.993563]]}},{"type":"Feature","properties":{"id":953267087,"highway":"residential"},"geometry":{"type":"LineString","coordinates":[[140.154113,36.993895],[140.154114,36.993687],[140.154108,36.99357],[140.154077,36.993261],[140.153991,36.992869],[140.153807,36.992379],[140.153768,36.992132],[140.153774,36.992093],[140.1538,36.99191],[140.153937,36.991627],[140.154093,36.991366]]}},{"type":"Feature","properties":{"id":953267089,"highway":"service"},"geometry":{"type":"LineString","coordinates":[[140.149793,36.996533],[140.150152,36.99626],[140.150281,36.996183],[140.150404,36.99613],[140.150561,36.996085],[140.150727,36.996032],[140.15096,36.995982],[140.151357,36.995906],[140.151462,36.995884]]}},{"type":"Feature","properties":{"id":953267090,"highway":"service"},"geometry":{"type":"LineString","coordinates":[[140.150131,36.994624],[140.150073,36.994565],[140.149938,36.994428],[140.149865,36.99431],[140.149821,36.994186],[140.149773,36.994086],[140.149721,36.993963],[140.149582,36.993778],[140.149397,36.993555]]}},{"type":"Feature","properties":{"id":953505090,"highway":"service"},"geometry":{"type":"LineString","coordinates":[[140.141031,36.959455],[140.141054,36.959403],[140.141056,36.959361],[140.141003,36.959057],[140.140985,36.958919]]}},{"type":"Feature","properties":{"id":953505111,"highway":"service"},"geometry":{"type":"LineString","coordinates":[[140.143855,36.961155],[140.143725,36.961144],[140.143657,36.961132],[140.143605,36.961112],[140.143558,36.96108],[140.143424,36.960967],[140.143315,36.960888],[140.143258,36.960855],[140.143187,36.960825],[140.143112,36.960787],[140.142999,36.960731]]}},{"type":"Feature","properties":{"id":953505114,"highway":"service"},"geometry":{"type":"LineString","coordinates":[[140.143424,36.960967],[140.143775,36.960811],[140.143841,36.960789],[140.143967,36.960758]]}},{"type":"Feature","properties":{"id":953539771,"highway":"service"},"geometry":{"type":"LineString","coordinates":[[140.141871,36.955743],[140.142078,36.955273]]}},{"type":"Feature","properties":{"id":953539772,"highway":"service"},"geometry":{"type":"LineString","coordinates":[[140.142929,36.955557],[140.142806,36.955803],[140.142804,36.955835],[140.142816,36.955857],[140.142843,36.95587],[140.142933,36.955909],[140.143539,36.956172]]}},{"type":"Feature","properties":{"id":953539773,"highway":"service"},"geometry":{"type":"LineString","coordinates":[[140.142551,36.95543],[140.142429,36.955669],[140.142393,36.955774],[140.142381,36.955858],[140.142381,36.955948],[140.142416,36.955988],[140.14259,36.956056],[140.142683,36.956076],[140.142775,36.956058],[140.142839,36.956027],[140.142933,36.955909]]}},{"type":"Feature","properties":{"id":953539780,"highway":"service"},"geometry":{"type":"LineString","coordinates":[[140.14592,36.95268],[140.145977,36.952729],[140.146,36.95277],[140.146023,36.952878],[140.146054,36.952949],[140.146099,36.953009],[140.146183,36.95306],[140.146259,36.953072]]}},{"type":"Feature","properties":{"id":953539781,"highway":"service"},"geometry":{"type":"LineString","coordinates":[[140.146128,36.953241],[140.146114,36.953171],[140.146069,36.953101],[140.146008,36.953025],[140.145976,36.952952],[140.145957,36.952826],[140.145928,36.952767],[140.14587,36.952715]]}},{"type":"Feature","properties":{"id":953539782,"highway":"service"},"geometry":{"type":"LineString","coordinates":[[140.145172,36.953221],[140.145171,36.953026],[140.145175,36.952795],[140.145228,36.952405],[140.145268,36.952124],[140.145309,36.951997],[140.145327,36.95193],[140.145316,36.95189],[140.145283,36.951848],[140.145212,36.951808],[140.144917,36.951711],[140.14484,36.951676],[140.14479,36.951617]]}},{"type":"Feature","properties":{"id":954490174,"highway":"service"},"geometry":{"type":"LineString","coordinates":[[140.16009,36.998706],[140.160219,36.99864]]}},{"type":"Feature","properties":{"id":954490175,"highway":"service"},"geometry":{"type":"LineString","coordinates":[[140.159953,36.998734],[140.160055,36.998715],[140.16009,36.998706]]}},{"type":"Feature","properties":{"id":955582322,"highway":"unclassified"},"geometry":{"type":"LineString","coordinates":[[140.159307,36.956968],[140.159309,36.956964],[140.159336,36.956853]]}},{"type":"Feature","properties":{"id":955582323,"highway":"unclassified"},"geometry":{"type":"LineString","coordinates":[[140.159302,36.956992],[140.159307,36.956968]]}},{"type":"Feature","properties":{"id":957714793,"highway":"service"},"geometry":{"type":"LineString","coordinates":[[140.127982,36.977169],[140.128001,36.977199],[140.128038,36.977209],[140.128107,36.977213],[140.128397,36.977204],[140.128438,36.977218],[140.128458,36.97725],[140.128457,36.977308],[140.128397,36.977853],[140.128377,36.977964],[140.128364,36.978066],[140.128375,36.978157],[140.12842,36.978243],[140.128845,36.978643],[140.128997,36.978787]]}},{"type":"Feature","properties":{"id":957714796,"highway":"service"},"geometry":{"type":"LineString","coordinates":[[140.127885,36.980503],[140.128111,36.98058],[140.128379,36.980697],[140.128428,36.98071],[140.128652,36.980729],[140.128908,36.980734],[140.129314,36.98074],[140.129381,36.980746],[140.129619,36.980821],[140.129772,36.980861],[140.129915,36.980897],[140.130028,36.980918],[140.130148,36.980918]]}},{"type":"Feature","properties":{"id":958048102,"highway":"service"},"geometry":{"type":"LineString","coordinates":[[140.124354,36.969277],[140.123933,36.969345],[140.123737,36.969382],[140.123721,36.969391],[140.123713,36.969407],[140.123722,36.969452]]}},{"type":"Feature","properties":{"id":959971687,"highway":"service"},"geometry":{"type":"LineString","coordinates":[[140.103227,36.992084],[140.103394,36.991856],[140.103524,36.991641],[140.103541,36.991562],[140.103508,36.991461]]}},{"type":"Feature","properties":{"id":959971688,"highway":"residential"},"geometry":{"type":"LineString","coordinates":[[140.100006,36.99388],[140.099313,36.993779]]}},{"type":"Feature","properties":{"id":960661437,"highway":"service"},"geometry":{"type":"LineString","coordinates":[[140.100783,36.991504],[140.101004,36.991576],[140.101143,36.991612],[140.101329,36.99165],[140.101361,36.991656],[140.101528,36.991689],[140.101725,36.991715],[140.101781,36.991713],[140.101845,36.991691],[140.101906,36.991653],[140.102049,36.991549]]}},{"type":"Feature","properties":{"id":960661438,"highway":"service"},"geometry":{"type":"LineString","coordinates":[[140.101361,36.991656],[140.101496,36.991504],[140.101587,36.991368],[140.101636,36.991263],[140.101664,36.991169],[140.101672,36.991048],[140.101695,36.990866],[140.101764,36.990276]]}},{"type":"Feature","properties":{"id":961217941,"highway":"service"},"geometry":{"type":"LineString","coordinates":[[140.115885,36.977748],[140.116162,36.977581],[140.116443,36.977465],[140.116603,36.977397],[140.116714,36.977322],[140.116913,36.977226],[140.117272,36.977087],[140.117457,36.976982],[140.117813,36.976668],[140.117926,36.976543],[140.118021,36.976348],[140.118089,36.976277],[140.118225,36.976175],[140.118331,36.976038],[140.118375,36.97596]]}},{"type":"Feature","properties":{"id":961217942,"highway":"unclassified"},"geometry":{"type":"LineString","coordinates":[[140.120151,36.968248],[140.120034,36.968342],[140.120014,36.968383],[140.120012,36.968421],[140.120031,36.96852],[140.120058,36.968665],[140.120063,36.968724],[140.12005,36.969157],[140.120035,36.969337],[140.120019,36.969442]]}},{"type":"Feature","properties":{"id":961217944,"highway":"service"},"geometry":{"type":"LineString","coordinates":[[140.111903,36.978548],[140.111997,36.978341],[140.112017,36.978309],[140.112065,36.978305],[140.112467,36.978355],[140.112748,36.978394]]}},{"type":"Feature","properties":{"id":961217945,"highway":"service"},"geometry":{"type":"LineString","coordinates":[[140.102319,36.979495],[140.102264,36.978962]]}},{"type":"Feature","properties":{"id":961238999,"highway":"service"},"geometry":{"type":"LineString","coordinates":[[140.114823,36.989649],[140.115062,36.989971],[140.11509,36.989988],[140.11514,36.989976],[140.115475,36.989801],[140.115649,36.989681],[140.116005,36.989386],[140.116265,36.989212],[140.116805,36.988803],[140.116934,36.988701],[140.11706,36.988578],[140.117344,36.988251]]}},{"type":"Feature","properties":{"id":961239000,"highway":"service"},"geometry":{"type":"LineString","coordinates":[[140.116445,36.988611],[140.11662,36.988009],[140.116526,36.987741]]}},{"type":"Feature","properties":{"id":961239002,"highway":"service"},"geometry":{"type":"LineString","coordinates":[[140.115127,36.988984],[140.115523,36.987615]]}},{"type":"Feature","properties":{"id":961239003,"highway":"service"},"geometry":{"type":"LineString","coordinates":[[140.114542,36.98768],[140.114687,36.987184]]}},{"type":"Feature","properties":{"id":961239004,"highway":"service"},"geometry":{"type":"LineString","coordinates":[[140.108601,36.990424],[140.10871,36.990355],[140.108838,36.9903],[140.109059,36.990183],[140.10909,36.990153],[140.109107,36.990088],[140.109102,36.99004],[140.109025,36.989857],[140.108998,36.989801],[140.108948,36.989743],[140.10886,36.989673],[140.108635,36.989508]]}},{"type":"Feature","properties":{"id":961302963,"highway":"service"},"geometry":{"type":"LineString","coordinates":[[140.10181,36.982445],[140.101878,36.982151],[140.101955,36.981823]]}},{"type":"Feature","properties":{"id":961302964,"highway":"service"},"geometry":{"type":"LineString","coordinates":[[140.099898,36.983215],[140.100206,36.983176],[140.100529,36.983146],[140.100739,36.983121],[140.100841,36.983092],[140.100929,36.983055],[140.10181,36.982445]]}},{"type":"Feature","properties":{"id":961302992,"highway":"service"},"geometry":{"type":"LineString","coordinates":[[140.100647,36.980024],[140.10099,36.980111],[140.101057,36.980137],[140.1011,36.980165],[140.101139,36.980207],[140.101341,36.980462]]}},{"type":"Feature","properties":{"id":961302999,"highway":"service"},"geometry":{"type":"LineString","coordinates":[[140.102632,36.976687],[140.103001,36.976145],[140.103363,36.975651],[140.103772,36.975076],[140.103935,36.974828],[140.104241,36.974401]]}},{"type":"Feature","properties":{"id":961318982,"highway":"service"},"geometry":{"type":"LineString","coordinates":[[140.11389,36.983838],[140.113981,36.983223]]}},{"type":"Feature","properties":{"id":961823637,"highway":"residential"},"geometry":{"type":"LineString","coordinates":[[140.104369,36.997475],[140.104497,36.99697]]}},{"type":"Feature","properties":{"id":961823638,"highway":"residential"},"geometry":{"type":"LineString","coordinates":[[140.104015,36.997432],[140.104066,36.997173]]}},{"type":"Feature","properties":{"id":961823639,"highway":"residential"},"geometry":{"type":"LineString","coordinates":[[140.103551,36.99738],[140.103733,36.996701]]}},{"type":"Feature","properties":{"id":961823640,"highway":"residential"},"geometry":{"type":"LineString","coordinates":[[140.103298,36.99735],[140.103493,36.996639]]}},{"type":"Feature","properties":{"id":961823641,"highway":"residential"},"geometry":{"type":"LineString","coordinates":[[140.102956,36.997308],[140.103074,36.996832]]}},{"type":"Feature","properties":{"id":961823642,"highway":"service"},"geometry":{"type":"LineString","coordinates":[[140.10682,36.995828],[140.106409,36.99572],[140.106122,36.995653],[140.106082,36.995623],[140.106075,36.995567],[140.106099,36.995431],[140.106169,36.995222],[140.106229,36.995036],[140.106302,36.994831],[140.106358,36.994683],[140.10647,36.994508],[140.106603,36.994374],[140.106727,36.994267],[140.106822,36.994155],[140.106948,36.993954]]}},{"type":"Feature","properties":{"id":961823643,"highway":"service"},"geometry":{"type":"LineString","coordinates":[[140.105625,36.995092],[140.106169,36.995222]]}},{"type":"Feature","properties":{"id":961823644,"highway":"service"},"geometry":{"type":"LineString","coordinates":[[140.110453,36.995331],[140.110594,36.995437],[140.110626,36.99545],[140.11068,36.995458]]}},{"type":"Feature","properties":{"id":961823646,"highway":"service"},"geometry":{"type":"LineString","coordinates":[[140.110855,36.994163],[140.110873,36.994067],[140.110866,36.993957],[140.110858,36.99376],[140.110847,36.993665],[140.110836,36.993612]]}},{"type":"Feature","properties":{"id":961823647,"highway":"service"},"geometry":{"type":"LineString","coordinates":[[140.111876,36.994042],[140.111905,36.993874],[140.111938,36.993693],[140.111958,36.993564],[140.11197,36.993454],[140.111988,36.993406],[140.112025,36.993381],[140.112424,36.99323],[140.112753,36.993145]]}},{"type":"Feature","properties":{"id":961823650,"highway":"service"},"geometry":{"type":"LineString","coordinates":[[140.112836,36.986873],[140.112876,36.986856],[140.112935,36.986815],[140.113145,36.986579],[140.113187,36.986552],[140.113254,36.986534],[140.11363,36.986466],[140.113718,36.986463],[140.113777,36.986497],[140.113923,36.986654],[140.114116,36.986838],[140.114208,36.986911],[140.114325,36.986977],[140.114471,36.987049]]}},{"type":"Feature","properties":{"id":962097417,"highway":"service"},"geometry":{"type":"LineString","coordinates":[[140.113368,37.002802],[140.113382,37.002723],[140.113405,37.002659],[140.113442,37.002589],[140.1135,37.002518],[140.1135,37.002476],[140.113451,37.002447],[140.113261,37.002336],[140.112849,37.002029],[140.112482,37.001755],[140.112197,37.001539],[140.112066,37.001438],[140.111992,37.00133],[140.111945,37.001203],[140.111945,37.001043],[140.1118,36.998264]]}},{"type":"Feature","properties":{"id":962164188,"highway":"service"},"geometry":{"type":"LineString","coordinates":[[140.122832,36.985204],[140.122844,36.985167],[140.122899,36.985],[140.122924,36.984948],[140.122958,36.984915],[140.122999,36.984901],[140.123106,36.98489]]}},{"type":"Feature","properties":{"id":962775508,"highway":"service"},"geometry":{"type":"LineString","coordinates":[[140.127758,36.999331],[140.127945,36.999317],[140.128057,36.999318],[140.128131,36.999322],[140.128224,36.999354],[140.128257,36.999377],[140.128371,36.999454],[140.128479,36.999522],[140.128607,36.999578]]}},{"type":"Feature","properties":{"id":963516841,"highway":"service"},"geometry":{"type":"LineString","coordinates":[[140.100196,36.996647],[140.100193,36.9965],[140.100184,36.996414],[140.100151,36.996306],[140.10013,36.996192],[140.100142,36.996121],[140.100205,36.995998],[140.100294,36.995857],[140.100366,36.995791],[140.100413,36.995748]]}},{"type":"Feature","properties":{"id":963524453,"highway":"service"},"geometry":{"type":"LineString","coordinates":[[140.105476,36.999136],[140.105785,36.998505],[140.105991,36.998087],[140.106025,36.998016],[140.106078,36.997936]]}},{"type":"Feature","properties":{"id":963524454,"highway":"service"},"geometry":{"type":"LineString","coordinates":[[140.10503,36.998787],[140.105212,36.998327],[140.105283,36.998178]]}},{"type":"Feature","properties":{"id":963524455,"highway":"service"},"geometry":{"type":"LineString","coordinates":[[140.105785,36.998505],[140.105212,36.998327]]}},{"type":"Feature","properties":{"id":963539674,"highway":"service"},"geometry":{"type":"LineString","coordinates":[[140.100971,36.994007],[140.100986,36.993969],[140.101027,36.993933],[140.101083,36.993892],[140.101114,36.99386]]}},{"type":"Feature","properties":{"id":963805755,"highway":"residential"},"geometry":{"type":"LineString","coordinates":[[140.100657,36.994294],[140.100603,36.994238],[140.100567,36.994188],[140.100539,36.994127],[140.100496,36.994075],[140.100372,36.993976],[140.100269,36.993931],[140.100162,36.99391]]}},{"type":"Feature","properties":{"id":963805756,"highway":"residential"},"geometry":{"type":"LineString","coordinates":[[140.100162,36.99391],[140.100006,36.99388]]}},{"type":"Feature","properties":{"id":963805810,"highway":"service"},"geometry":{"type":"LineString","coordinates":[[140.103227,36.992084],[140.103385,36.992227],[140.103638,36.992377]]}},{"type":"Feature","properties":{"id":963805811,"highway":"service"},"geometry":{"type":"LineString","coordinates":[[140.103638,36.992377],[140.10376,36.99245]]}},{"type":"Feature","properties":{"id":963826016,"highway":"service"},"geometry":{"type":"LineString","coordinates":[[140.112753,36.993145],[140.112697,36.993093],[140.112461,36.99298],[140.112352,36.992927],[140.111851,36.992728]]}},{"type":"Feature","properties":{"id":963850369,"highway":"service"},"geometry":{"type":"LineString","coordinates":[[140.107034,36.998709],[140.107247,36.998529]]}},{"type":"Feature","properties":{"id":963850381,"highway":"service"},"geometry":{"type":"LineString","coordinates":[[140.10919,37.000691],[140.109437,37.000077],[140.109505,36.999909]]}},{"type":"Feature","properties":{"id":963850384,"highway":"service"},"geometry":{"type":"LineString","coordinates":[[140.109437,37.000077],[140.109212,37.00002],[140.10915,36.999962],[140.109086,36.9999],[140.109113,36.999785],[140.109345,36.999498]]}},{"type":"Feature","properties":{"id":963869972,"highway":"service"},"geometry":{"type":"LineString","coordinates":[[140.113049,36.987773],[140.11312,36.987703],[140.113173,36.987645],[140.113183,36.98761],[140.113178,36.987566],[140.113153,36.987522],[140.113122,36.987463],[140.113052,36.987282],[140.112979,36.987026],[140.112947,36.986963],[140.112913,36.986897],[140.112876,36.986856]]}},{"type":"Feature","properties":{"id":963869997,"highway":"service"},"geometry":{"type":"LineString","coordinates":[[140.117513,36.98799],[140.116578,36.987718]]}},{"type":"Feature","properties":{"id":963870010,"highway":"service"},"geometry":{"type":"LineString","coordinates":[[140.114959,36.990247],[140.114998,36.990132],[140.11509,36.989988]]}},{"type":"Feature","properties":{"id":963879610,"highway":"service"},"geometry":{"type":"LineString","coordinates":[[140.11699,36.985116],[140.116942,36.985014],[140.116927,36.984903],[140.116917,36.984797],[140.116901,36.984654],[140.1169,36.984599]]}},{"type":"Feature","properties":{"id":963879617,"highway":"service"},"geometry":{"type":"LineString","coordinates":[[140.117525,36.985078],[140.117605,36.985021],[140.117625,36.984994],[140.117638,36.98493],[140.117626,36.984691],[140.117575,36.983922]]}},{"type":"Feature","properties":{"id":964330157,"highway":"service"},"geometry":{"type":"LineString","coordinates":[[140.115788,36.988786],[140.116069,36.987798]]}},{"type":"Feature","properties":{"id":964330158,"highway":"service"},"geometry":{"type":"LineString","coordinates":[[140.116445,36.988611],[140.116934,36.988701]]}},{"type":"Feature","properties":{"id":964330159,"highway":"service"},"geometry":{"type":"LineString","coordinates":[[140.11662,36.988009],[140.117344,36.988251]]}},{"type":"Feature","properties":{"id":964634745,"highway":"service"},"geometry":{"type":"LineString","coordinates":[[140.104497,36.99697],[140.104347,36.996886],[140.104348,36.996866],[140.104614,36.996605],[140.104723,36.996483]]}},{"type":"Feature","properties":{"id":964634747,"highway":"service"},"geometry":{"type":"LineString","coordinates":[[140.146159,36.996713],[140.145621,36.99649],[140.145262,36.996964]]}},{"type":"Feature","properties":{"id":964634748,"highway":"service"},"geometry":{"type":"LineString","coordinates":[[140.144945,36.996333],[140.145058,36.996148]]}},{"type":"Feature","properties":{"id":964634751,"highway":"service"},"geometry":{"type":"LineString","coordinates":[[140.142424,36.995443],[140.142001,36.995967],[140.141854,36.99618],[140.141839,36.996288],[140.141967,36.996878]]}},{"type":"Feature","properties":{"id":964634752,"highway":"service"},"geometry":{"type":"LineString","coordinates":[[140.141967,36.996878],[140.14202,36.996972],[140.142116,36.997025],[140.142289,36.99708],[140.143402,36.997368]]}},{"type":"Feature","properties":{"id":964634753,"highway":"service"},"geometry":{"type":"LineString","coordinates":[[140.143948,36.995405],[140.145596,36.995826],[140.145987,36.995936],[140.145621,36.99649]]}},{"type":"Feature","properties":{"id":964634754,"highway":"service"},"geometry":{"type":"LineString","coordinates":[[140.14704,36.999644],[140.146693,36.999254],[140.14625,36.99871],[140.145884,36.998193],[140.145576,36.997723]]}},{"type":"Feature","properties":{"id":964634755,"highway":"service"},"geometry":{"type":"LineString","coordinates":[[140.146105,36.997439],[140.146484,36.997223]]}},{"type":"Feature","properties":{"id":964634756,"highway":"service"},"geometry":{"type":"LineString","coordinates":[[140.145333,36.999188],[140.144669,36.998531]]}},{"type":"Feature","properties":{"id":964634757,"highway":"service"},"geometry":{"type":"LineString","coordinates":[[140.142465,36.996448],[140.143016,36.9957]]}},{"type":"Feature","properties":{"id":964634762,"highway":"service"},"geometry":{"type":"LineString","coordinates":[[140.145905,36.998883],[140.145496,36.998543],[140.145316,36.998368],[140.145116,36.998166]]}},{"type":"Feature","properties":{"id":966353056,"highway":"service"},"geometry":{"type":"LineString","coordinates":[[140.153393,36.999126],[140.153227,36.998521],[140.153183,36.998469],[140.152971,36.998333],[140.152869,36.998309],[140.152546,36.998251],[140.152348,36.997946],[140.152188,36.997719]]}},{"type":"Feature","properties":{"id":966353057,"highway":"service"},"geometry":{"type":"LineString","coordinates":[[140.152348,36.997946],[140.152708,36.997604],[140.152814,36.997485],[140.152899,36.997354],[140.152888,36.997114],[140.152867,36.996966],[140.152748,36.996583],[140.152696,36.996514],[140.151447,36.996014]]}},{"type":"Feature","properties":{"id":966353072,"highway":"service"},"geometry":{"type":"LineString","coordinates":[[140.151784,36.9994],[140.151571,36.999124],[140.151528,36.998871],[140.151688,36.998479]]}},{"type":"Feature","properties":{"id":966353073,"highway":"service"},"geometry":{"type":"LineString","coordinates":[[140.151528,36.998871],[140.151293,36.998852],[140.151224,36.998848]]}},{"type":"Feature","properties":{"id":987095606,"highway":"trunk"},"geometry":{"type":"LineString","coordinates":[[140.155688,36.956906],[140.155596,36.957105],[140.155531,36.957246],[140.155196,36.957983]]}},{"type":"Feature","properties":{"id":987095607,"highway":"trunk"},"geometry":{"type":"LineString","coordinates":[[140.156381,36.954443],[140.156412,36.954544],[140.156433,36.954655],[140.156447,36.954775],[140.156436,36.955006]]}},{"type":"Feature","properties":{"id":997718501,"highway":"service"},"geometry":{"type":"LineString","coordinates":[[140.159252,36.958376],[140.159355,36.958169]]}},{"type":"Feature","properties":{"id":1002831481,"highway":"unclassified"},"geometry":{"type":"LineString","coordinates":[[140.198165,36.941305],[140.198397,36.941343],[140.198493,36.941346],[140.198544,36.941343],[140.198633,36.941306],[140.199288,36.941117],[140.199883,36.940971],[140.199996,36.940948],[140.200136,36.940909],[140.200466,36.940836],[140.200515,36.940819],[140.20072,36.940771]]}},{"type":"Feature","properties":{"id":1062498429,"highway":"unclassified"},"geometry":{"type":"LineString","coordinates":[[140.100191,36.945768],[140.100354,36.945622],[140.100471,36.9455],[140.101063,36.944631]]}},{"type":"Feature","properties":{"id":1062498436,"highway":"residential"},"geometry":{"type":"LineString","coordinates":[[140.101738,36.9449],[140.101907,36.944978],[140.101944,36.945014],[140.101953,36.945041]]}},{"type":"Feature","properties":{"id":1068872482,"highway":"service"},"geometry":{"type":"LineString","coordinates":[[140.099946,36.945977],[140.10002,36.946004],[140.100091,36.946022],[140.100856,36.946115]]}},{"type":"Feature","properties":{"id":1068990919,"highway":"service"},"geometry":{"type":"LineString","coordinates":[[140.158639,36.959201],[140.158575,36.959083]]}},{"type":"Feature","properties":{"id":1069830715,"highway":"service"},"geometry":{"type":"LineString","coordinates":[[140.101609,36.942777],[140.101649,36.942698],[140.101677,36.942653],[140.101697,36.94261],[140.101725,36.94256],[140.101756,36.942526],[140.101827,36.94251]]}},{"type":"Feature","properties":{"id":1070127043,"highway":"service"},"geometry":{"type":"LineString","coordinates":[[140.10453,36.942952],[140.104842,36.943109]]}},{"type":"Feature","properties":{"id":1070345023,"highway":"service"},"geometry":{"type":"LineString","coordinates":[[140.102941,36.9489],[140.102698,36.948661],[140.102581,36.94855],[140.102387,36.948367]]}},{"type":"Feature","properties":{"id":1070345024,"highway":"service"},"geometry":{"type":"LineString","coordinates":[[140.099978,36.955294],[140.100126,36.955332],[140.100299,36.955356],[140.100443,36.955369],[140.100592,36.955365],[140.100843,36.955386],[140.101069,36.955426],[140.101356,36.955512],[140.101542,36.955601],[140.10165,36.955647],[140.101797,36.955685],[140.101926,36.955701],[140.102071,36.95571],[140.102241,36.955708]]}},{"type":"Feature","properties":{"id":1070841623,"highway":"service"},"geometry":{"type":"LineString","coordinates":[[140.123514,36.916959],[140.12359,36.916982],[140.123636,36.916986],[140.123702,36.916976],[140.123903,36.916918],[140.123988,36.916899],[140.124076,36.916883],[140.124204,36.916873]]}},{"type":"Feature","properties":{"id":1070841624,"highway":"service"},"geometry":{"type":"LineString","coordinates":[[140.124204,36.916873],[140.124295,36.916861],[140.124533,36.916765]]}},{"type":"Feature","properties":{"id":1071431504,"highway":"service"},"geometry":{"type":"LineString","coordinates":[[140.149715,36.945958],[140.150225,36.946042],[140.150365,36.946052],[140.150433,36.946075],[140.150468,36.946104],[140.150473,36.946135],[140.150439,36.946247]]}},{"type":"Feature","properties":{"id":1071435785,"highway":"service"},"geometry":{"type":"LineString","coordinates":[[140.14972,36.945912],[140.149654,36.945873],[140.149589,36.945798],[140.149529,36.945681],[140.149503,36.945582],[140.149492,36.945491],[140.149491,36.945303],[140.1495,36.945224],[140.149559,36.944984],[140.149576,36.944899],[140.149571,36.94481],[140.149542,36.944741],[140.149466,36.94466],[140.149278,36.944537],[140.149181,36.944487],[140.149126,36.944459]]}},{"type":"Feature","properties":{"id":1071637005,"highway":"residential"},"geometry":{"type":"LineString","coordinates":[[140.148913,36.942297],[140.148723,36.942137],[140.148666,36.942098],[140.148597,36.942086],[140.148529,36.942086],[140.148463,36.942116],[140.148412,36.942155],[140.148349,36.942239],[140.148309,36.942323],[140.148264,36.94238],[140.148201,36.942431],[140.148124,36.942476],[140.14801,36.942483],[140.147919,36.942476]]}},{"type":"Feature","properties":{"id":1071637006,"highway":"service"},"geometry":{"type":"LineString","coordinates":[[140.147919,36.942476],[140.1474,36.942408],[140.147283,36.942358],[140.147195,36.942306],[140.147103,36.942253],[140.146619,36.94213]]}},{"type":"Feature","properties":{"id":1071840405,"highway":"service"},"geometry":{"type":"LineString","coordinates":[[140.139158,36.943053],[140.139198,36.94298],[140.139264,36.942914],[140.139771,36.942483]]}},{"type":"Feature","properties":{"id":1071979889,"highway":"service"},"geometry":{"type":"LineString","coordinates":[[140.129219,36.94207],[140.12922,36.942097],[140.129208,36.942127],[140.129187,36.942146],[140.129138,36.942172],[140.12891,36.942249],[140.12887,36.94228],[140.128867,36.942312],[140.128879,36.942347],[140.128906,36.942391],[140.128941,36.942436]]}},{"type":"Feature","properties":{"id":1072154909,"highway":"service"},"geometry":{"type":"LineString","coordinates":[[140.120362,36.964599],[140.120388,36.964514],[140.120415,36.964486],[140.120468,36.964462],[140.120488,36.964447],[140.120678,36.964079],[140.120714,36.963964],[140.12075,36.963724],[140.120774,36.963667],[140.120796,36.963637],[140.120821,36.963603],[140.12114,36.963303]]}},{"type":"Feature","properties":{"id":1072154910,"highway":"service"},"geometry":{"type":"LineString","coordinates":[[140.120796,36.963637],[140.121317,36.96382],[140.122124,36.9641],[140.122924,36.964376]]}},{"type":"Feature","properties":{"id":1072192427,"highway":"service"},"geometry":{"type":"LineString","coordinates":[[140.123912,36.958586],[140.123094,36.957396]]}},{"type":"Feature","properties":{"id":1072192428,"highway":"service"},"geometry":{"type":"LineString","coordinates":[[140.124344,36.958317],[140.123697,36.957457]]}},{"type":"Feature","properties":{"id":1072474776,"highway":"service"},"geometry":{"type":"LineString","coordinates":[[140.127884,36.952373],[140.12756,36.952313],[140.127467,36.952288],[140.127361,36.952245],[140.127305,36.952219],[140.127252,36.952182],[140.127155,36.952059]]}},{"type":"Feature","properties":{"id":1072477091,"highway":"residential"},"geometry":{"type":"LineString","coordinates":[[140.128701,36.948081],[140.128431,36.948006],[140.12823,36.947937],[140.12795,36.947817],[140.127685,36.947708],[140.127497,36.947626],[140.127388,36.947568],[140.127323,36.947508],[140.127291,36.947465]]}},{"type":"Feature","properties":{"id":1072511715,"highway":"residential"},"geometry":{"type":"LineString","coordinates":[[140.127671,36.944004],[140.127761,36.94407]]}},{"type":"Feature","properties":{"id":1072932769,"highway":"service"},"geometry":{"type":"LineString","coordinates":[[140.102643,36.963648],[140.102315,36.963535],[140.102245,36.963501],[140.102213,36.963467],[140.102186,36.963406],[140.102154,36.963258],[140.10215,36.963143],[140.102146,36.963029],[140.10216,36.962967],[140.102248,36.96292],[140.102355,36.962918],[140.102892,36.963038]]}},{"type":"Feature","properties":{"id":1073071480,"highway":"service"},"geometry":{"type":"LineString","coordinates":[[140.106059,36.973672],[140.106261,36.973687],[140.106514,36.973687],[140.107117,36.973649],[140.107522,36.973626],[140.107698,36.97358],[140.107768,36.973542],[140.107863,36.973459],[140.108082,36.973225]]}},{"type":"Feature","properties":{"id":1073315136,"highway":"service"},"geometry":{"type":"LineString","coordinates":[[140.105473,36.944735],[140.10578,36.944862]]}},{"type":"Feature","properties":{"id":1073730305,"highway":"service"},"geometry":{"type":"LineString","coordinates":[[140.115248,36.941499],[140.115016,36.941202],[140.114972,36.941125],[140.114913,36.941038],[140.114876,36.940998],[140.114816,36.940958],[140.114519,36.940831]]}},{"type":"Feature","properties":{"id":1073749220,"highway":"service"},"geometry":{"type":"LineString","coordinates":[[140.106464,36.944347],[140.106527,36.944365],[140.106547,36.944365],[140.106611,36.944354],[140.106629,36.944355],[140.106648,36.944369]]}},{"type":"Feature","properties":{"id":1074073894,"highway":"service"},"geometry":{"type":"LineString","coordinates":[[140.104135,36.947275],[140.104475,36.947434],[140.104496,36.947473],[140.104506,36.947539],[140.104505,36.947682]]}},{"type":"Feature","properties":{"id":1074134630,"highway":"service"},"geometry":{"type":"LineString","coordinates":[[140.103072,36.950551],[140.103116,36.950414],[140.103128,36.950296],[140.103144,36.950266],[140.103231,36.950252]]}},{"type":"Feature","properties":{"id":1074181844,"highway":"service"},"geometry":{"type":"LineString","coordinates":[[140.103313,36.962006],[140.103603,36.962029],[140.10369,36.962024],[140.10376,36.962007],[140.103833,36.96197],[140.1041,36.961772],[140.104211,36.961718],[140.104313,36.961683],[140.104457,36.961634],[140.104556,36.961592],[140.104662,36.961518],[140.104767,36.96141],[140.104886,36.961273],[140.104932,36.961219],[140.104988,36.961168],[140.105254,36.960987],[140.105383,36.960883],[140.105511,36.960775],[140.105775,36.960522],[140.106144,36.96023],[140.106301,36.96011],[140.1064,36.960029],[140.106481,36.959956],[140.10654,36.959885],[140.106594,36.959788],[140.106661,36.959682],[140.106689,36.959651],[140.106748,36.959615],[140.106987,36.959485],[140.107118,36.959419]]}},{"type":"Feature","properties":{"id":1074181846,"highway":"residential"},"geometry":{"type":"LineString","coordinates":[[140.117111,36.942399],[140.117438,36.942083],[140.117685,36.941887],[140.118019,36.941709],[140.118088,36.941665],[140.118416,36.941415],[140.11846,36.941373],[140.118496,36.941314],[140.11856,36.941167],[140.118579,36.941087],[140.118632,36.940481]]}},{"type":"Feature","properties":{"id":1074694480,"highway":"service"},"geometry":{"type":"LineString","coordinates":[[140.109048,36.964574],[140.109017,36.964606],[140.108994,36.964646],[140.108968,36.964778],[140.108938,36.964934],[140.108921,36.965029],[140.108823,36.965325],[140.108792,36.965504],[140.108782,36.965786],[140.108754,36.966251],[140.108616,36.966875],[140.108516,36.967529],[140.108491,36.967979],[140.10849,36.968118],[140.108518,36.968252],[140.108566,36.968347],[140.108756,36.968615],[140.108936,36.96886],[140.109005,36.968934],[140.109074,36.969015]]}},{"type":"Feature","properties":{"id":1074694481,"highway":"service"},"geometry":{"type":"LineString","coordinates":[[140.108885,36.968322],[140.109212,36.968246],[140.10962,36.968153]]}},{"type":"Feature","properties":{"id":1074694482,"highway":"service"},"geometry":{"type":"LineString","coordinates":[[140.109212,36.968246],[140.109055,36.967806]]}},{"type":"Feature","properties":{"id":1074694483,"highway":"service"},"geometry":{"type":"LineString","coordinates":[[140.10962,36.968153],[140.110269,36.968009]]}},{"type":"Feature","properties":{"id":1074694484,"highway":"service"},"geometry":{"type":"LineString","coordinates":[[140.110411,36.968349],[140.110269,36.968009],[140.110109,36.967603]]}},{"type":"Feature","properties":{"id":1074694485,"highway":"service"},"geometry":{"type":"LineString","coordinates":[[140.109227,36.968593],[140.109756,36.968451]]}},{"type":"Feature","properties":{"id":1074694486,"highway":"service"},"geometry":{"type":"LineString","coordinates":[[140.109906,36.968779],[140.110193,36.968483],[140.110296,36.968406],[140.110411,36.968349],[140.110603,36.968303],[140.110716,36.968299],[140.11082,36.968318]]}},{"type":"Feature","properties":{"id":1074694487,"highway":"service"},"geometry":{"type":"LineString","coordinates":[[140.111273,36.965215],[140.11161,36.965287]]}},{"type":"Feature","properties":{"id":1074694488,"highway":"service"},"geometry":{"type":"LineString","coordinates":[[140.111171,36.965403],[140.11135,36.965503]]}},{"type":"Feature","properties":{"id":1074694489,"highway":"service"},"geometry":{"type":"LineString","coordinates":[[140.110997,36.965564],[140.111164,36.965663]]}},{"type":"Feature","properties":{"id":1074694490,"highway":"service"},"geometry":{"type":"LineString","coordinates":[[140.11125,36.965886],[140.111067,36.965744]]}},{"type":"Feature","properties":{"id":1074694491,"highway":"service"},"geometry":{"type":"LineString","coordinates":[[140.111474,36.965707],[140.111289,36.965559]]}},{"type":"Feature","properties":{"id":1074694492,"highway":"service"},"geometry":{"type":"LineString","coordinates":[[140.110996,36.966078],[140.110823,36.965939]]}},{"type":"Feature","properties":{"id":1074694493,"highway":"residential"},"geometry":{"type":"LineString","coordinates":[[140.108701,36.969098],[140.108458,36.96853]]}},{"type":"Feature","properties":{"id":1074694494,"highway":"service"},"geometry":{"type":"LineString","coordinates":[[140.108458,36.96853],[140.108342,36.968245],[140.108242,36.967993],[140.108195,36.967786],[140.108177,36.967583],[140.108186,36.967305],[140.1082,36.967146],[140.108247,36.966875],[140.108272,36.966857],[140.108616,36.966875]]}},{"type":"Feature","properties":{"id":1074703600,"highway":"residential"},"geometry":{"type":"LineString","coordinates":[[140.119226,36.96809],[140.119615,36.967782]]}},{"type":"Feature","properties":{"id":1074703602,"highway":"service"},"geometry":{"type":"LineString","coordinates":[[140.118464,36.968221],[140.118582,36.968106],[140.118811,36.967903],[140.118999,36.967758],[140.119314,36.967524]]}},{"type":"Feature","properties":{"id":1074703606,"highway":"service"},"geometry":{"type":"LineString","coordinates":[[140.120041,36.968152],[140.120124,36.968089],[140.120153,36.968056],[140.120161,36.968019],[140.120151,36.967991],[140.120114,36.967952]]}},{"type":"Feature","properties":{"id":1074808022,"highway":"service"},"geometry":{"type":"LineString","coordinates":[[140.12005,36.969157],[140.12011,36.969118],[140.120146,36.969082],[140.120182,36.96903]]}},{"type":"Feature","properties":{"id":1074808025,"highway":"service"},"geometry":{"type":"LineString","coordinates":[[140.120588,36.970033],[140.120869,36.970098]]}},{"type":"Feature","properties":{"id":1074974706,"highway":"service"},"geometry":{"type":"LineString","coordinates":[[140.114994,36.962218],[140.114468,36.962487],[140.114435,36.962487],[140.113577,36.961669],[140.113577,36.96165],[140.113934,36.961437],[140.114248,36.961246]]}},{"type":"Feature","properties":{"id":1074974707,"highway":"service"},"geometry":{"type":"LineString","coordinates":[[140.113934,36.961437],[140.113271,36.960668]]}},{"type":"Feature","properties":{"id":1074990475,"highway":"service"},"geometry":{"type":"LineString","coordinates":[[140.114289,36.967475],[140.113967,36.966509],[140.113971,36.966468],[140.114,36.966448],[140.114293,36.966402],[140.114376,36.966378],[140.114411,36.966357],[140.114429,36.966321],[140.114443,36.966254],[140.114442,36.966068]]}},{"type":"Feature","properties":{"id":1075013438,"highway":"service"},"geometry":{"type":"LineString","coordinates":[[140.118947,36.967215],[140.119392,36.966877]]}},{"type":"Feature","properties":{"id":1075275472,"highway":"service"},"geometry":{"type":"LineString","coordinates":[[140.112838,36.967798],[140.112781,36.967598]]}},{"type":"Feature","properties":{"id":1075304485,"highway":"service"},"geometry":{"type":"LineString","coordinates":[[140.106936,36.969504],[140.106884,36.96935],[140.107618,36.969185],[140.107671,36.969196],[140.107706,36.969228],[140.107737,36.969322]]}},{"type":"Feature","properties":{"id":1075304490,"highway":"service"},"geometry":{"type":"LineString","coordinates":[[140.106884,36.96935],[140.106852,36.96925]]}},{"type":"Feature","properties":{"id":1075348605,"highway":"service"},"geometry":{"type":"LineString","coordinates":[[140.155537,36.959548],[140.155666,36.959575],[140.155731,36.959575],[140.155802,36.959571],[140.155891,36.959553],[140.155937,36.959527]]}},{"type":"Feature","properties":{"id":1075350262,"highway":"service"},"geometry":{"type":"LineString","coordinates":[[140.156397,36.958276],[140.156219,36.958229]]}},{"type":"Feature","properties":{"id":1075450474,"highway":"service"},"geometry":{"type":"LineString","coordinates":[[140.110014,36.966589],[140.110145,36.966653]]}},{"type":"Feature","properties":{"id":1075450475,"highway":"service"},"geometry":{"type":"LineString","coordinates":[[140.110106,36.966371],[140.110297,36.966466]]}},{"type":"Feature","properties":{"id":1075450476,"highway":"service"},"geometry":{"type":"LineString","coordinates":[[140.110616,36.966421],[140.110414,36.966323]]}},{"type":"Feature","properties":{"id":1075450495,"highway":"service"},"geometry":{"type":"LineString","coordinates":[[140.111977,36.964977],[140.111663,36.9648],[140.111573,36.96475],[140.11136,36.964584],[140.111332,36.964578],[140.111304,36.964588],[140.111281,36.964614],[140.111238,36.964711],[140.111187,36.964841]]}},{"type":"Feature","properties":{"id":1075498962,"highway":"service"},"geometry":{"type":"LineString","coordinates":[[140.103868,36.979803],[140.105307,36.978713],[140.106182,36.97805]]}},{"type":"Feature","properties":{"id":1075498963,"highway":"service"},"geometry":{"type":"LineString","coordinates":[[140.104045,36.978641],[140.104717,36.978134],[140.105161,36.977794]]}},{"type":"Feature","properties":{"id":1075498964,"highway":"service"},"geometry":{"type":"LineString","coordinates":[[140.103215,36.979399],[140.103042,36.979375],[140.102861,36.979356],[140.10277,36.979338],[140.102727,36.979296],[140.102717,36.979217],[140.102739,36.978957],[140.102639,36.978639],[140.102669,36.978582],[140.102782,36.978469],[140.102824,36.97835]]}},{"type":"Feature","properties":{"id":1075498965,"highway":"service"},"geometry":{"type":"LineString","coordinates":[[140.103571,36.979635],[140.103552,36.979018],[140.103469,36.978732],[140.103428,36.978488],[140.103396,36.978385],[140.103335,36.978347],[140.103234,36.978359],[140.102888,36.978439]]}},{"type":"Feature","properties":{"id":1075630313,"highway":"service"},"geometry":{"type":"LineString","coordinates":[[140.120342,36.979121],[140.120449,36.979055],[140.120502,36.979033]]}},{"type":"Feature","properties":{"id":1075630314,"highway":"service"},"geometry":{"type":"LineString","coordinates":[[140.120001,36.978593],[140.120121,36.978587],[140.120161,36.978577],[140.120187,36.978553]]}},{"type":"Feature","properties":{"id":1075644379,"highway":"service"},"geometry":{"type":"LineString","coordinates":[[140.122579,36.985114],[140.122844,36.985167]]}},{"type":"Feature","properties":{"id":1075926764,"highway":"service"},"geometry":{"type":"LineString","coordinates":[[140.125482,36.970248],[140.125599,36.970165],[140.125604,36.970137],[140.12536,36.9699]]}},{"type":"Feature","properties":{"id":1075935558,"highway":"service"},"geometry":{"type":"LineString","coordinates":[[140.124713,36.970639],[140.124924,36.970293],[140.125049,36.97014],[140.125223,36.970003]]}},{"type":"Feature","properties":{"id":1075935559,"highway":"service"},"geometry":{"type":"LineString","coordinates":[[140.125218,36.970638],[140.125636,36.970367]]}},{"type":"Feature","properties":{"id":1075935569,"highway":"service"},"geometry":{"type":"LineString","coordinates":[[140.126636,36.971552],[140.12664,36.971487],[140.126646,36.971443],[140.126662,36.971392],[140.126665,36.971362],[140.12666,36.97134],[140.126644,36.971319],[140.126326,36.971136],[140.126302,36.971112],[140.126295,36.971098],[140.126302,36.971089],[140.12632,36.971083],[140.126357,36.971087],[140.126435,36.971106],[140.126496,36.971133],[140.12663,36.971206],[140.126666,36.971226],[140.126698,36.971227],[140.126727,36.971221],[140.126786,36.971182]]}},{"type":"Feature","properties":{"id":1075961659,"highway":"service"},"geometry":{"type":"LineString","coordinates":[[140.121415,36.970828],[140.12099,36.970692]]}},{"type":"Feature","properties":{"id":1076076518,"highway":"service"},"geometry":{"type":"LineString","coordinates":[[140.123504,36.969968],[140.123521,36.969765]]}},{"type":"Feature","properties":{"id":1076370095,"highway":"service"},"geometry":{"type":"LineString","coordinates":[[140.139264,36.942914],[140.139741,36.943249],[140.139764,36.94326],[140.13978,36.943257],[140.139869,36.943182]]}},{"type":"Feature","properties":{"id":1076463176,"highway":"unclassified"},"geometry":{"type":"LineString","coordinates":[[140.131509,36.926257],[140.131086,36.926453],[140.13072,36.926656]]}},{"type":"Feature","properties":{"id":1076463177,"highway":"unclassified"},"geometry":{"type":"LineString","coordinates":[[140.13072,36.926656],[140.130667,36.926689]]}},{"type":"Feature","properties":{"id":1076487297,"highway":"service"},"geometry":{"type":"LineString","coordinates":[[140.131624,36.925591],[140.131245,36.925763]]}},{"type":"Feature","properties":{"id":1076745744,"highway":"service"},"geometry":{"type":"LineString","coordinates":[[140.124533,36.916765],[140.125158,36.916523]]}},{"type":"Feature","properties":{"id":1076769874,"highway":"service"},"geometry":{"type":"LineString","coordinates":[[140.125513,36.917447],[140.125604,36.917262],[140.125648,36.917182],[140.125677,36.91716],[140.125706,36.917147],[140.125735,36.917152],[140.125921,36.917227],[140.126013,36.917264]]}},{"type":"Feature","properties":{"id":1077374773,"highway":"service"},"geometry":{"type":"LineString","coordinates":[[140.113818,36.928832],[140.114062,36.928479],[140.114235,36.928221],[140.11433,36.928104],[140.11514,36.927301],[140.115266,36.927166]]}},{"type":"Feature","properties":{"id":1077836852,"highway":"service"},"geometry":{"type":"LineString","coordinates":[[140.140625,36.967417],[140.140635,36.967225],[140.140647,36.967186],[140.140664,36.967157],[140.14069,36.96714],[140.140742,36.967134],[140.140968,36.96715]]}},{"type":"Feature","properties":{"id":1077961970,"highway":"service"},"geometry":{"type":"LineString","coordinates":[[140.14099,36.965364],[140.141141,36.965363],[140.141405,36.965394]]}},{"type":"Feature","properties":{"id":1077961971,"highway":"service"},"geometry":{"type":"LineString","coordinates":[[140.140682,36.966239],[140.140827,36.966267],[140.14099,36.966295],[140.141178,36.966317]]}},{"type":"Feature","properties":{"id":1077961973,"highway":"service"},"geometry":{"type":"LineString","coordinates":[[140.140755,36.96653],[140.140843,36.966483],[140.140912,36.966455],[140.140987,36.966456],[140.141139,36.966473]]}},{"type":"Feature","properties":{"id":1077961974,"highway":"service"},"geometry":{"type":"LineString","coordinates":[[140.140711,36.966832],[140.141044,36.966847]]}},{"type":"Feature","properties":{"id":1078356640,"highway":"service"},"geometry":{"type":"LineString","coordinates":[[140.125804,36.952019],[140.125882,36.952026],[140.125956,36.952032],[140.126082,36.952032],[140.126199,36.952018],[140.126498,36.951955],[140.126781,36.951877],[140.126961,36.951825]]}},{"type":"Feature","properties":{"id":1078359362,"highway":"service"},"geometry":{"type":"LineString","coordinates":[[140.125882,36.952026],[140.125696,36.951743]]}},{"type":"Feature","properties":{"id":1079179847,"highway":"service"},"geometry":{"type":"LineString","coordinates":[[140.103352,36.939585],[140.10437,36.940118],[140.105464,36.940714],[140.106305,36.941157]]}},{"type":"Feature","properties":{"id":1080415823,"highway":"service"},"geometry":{"type":"LineString","coordinates":[[140.101489,36.9526],[140.101757,36.952667]]}},{"type":"Feature","properties":{"id":1081309595,"highway":"service"},"geometry":{"type":"LineString","coordinates":[[140.10248,36.964488],[140.102844,36.964514],[140.102873,36.964529],[140.102891,36.964548],[140.102907,36.964631]]}},{"type":"Feature","properties":{"id":1081653820,"highway":"service"},"geometry":{"type":"LineString","coordinates":[[140.104871,36.9641],[140.105086,36.96427],[140.105181,36.964328],[140.105232,36.964373],[140.105234,36.964413],[140.105229,36.964455],[140.105177,36.964493],[140.105109,36.964523],[140.105048,36.964534],[140.104915,36.964514],[140.104846,36.964512],[140.104798,36.964536],[140.104795,36.964566],[140.104801,36.964602]]}},{"type":"Feature","properties":{"id":1081653821,"highway":"service"},"geometry":{"type":"LineString","coordinates":[[140.104801,36.964602],[140.104872,36.964709],[140.10494,36.964797],[140.105011,36.964872],[140.105059,36.964912],[140.105081,36.96495],[140.10509,36.96501],[140.105078,36.965086],[140.105053,36.965243],[140.105048,36.96532],[140.105094,36.965373],[140.10511,36.965434]]}},{"type":"Feature","properties":{"id":1081653822,"highway":"service"},"geometry":{"type":"LineString","coordinates":[[140.104711,36.965292],[140.105048,36.96532]]}},{"type":"Feature","properties":{"id":1082231789,"highway":"service"},"geometry":{"type":"LineString","coordinates":[[140.166984,36.960101],[140.167265,36.959727]]}},{"type":"Feature","properties":{"id":1082231795,"highway":"service"},"geometry":{"type":"LineString","coordinates":[[140.167407,36.96036],[140.167436,36.960353],[140.167447,36.960341],[140.167745,36.959951]]}},{"type":"Feature","properties":{"id":1082231798,"highway":"service"},"geometry":{"type":"LineString","coordinates":[[140.168189,36.960412],[140.168258,36.960257],[140.168314,36.960135]]}},{"type":"Feature","properties":{"id":1082231799,"highway":"service"},"geometry":{"type":"LineString","coordinates":[[140.167613,36.960607],[140.167643,36.96058],[140.167706,36.960417],[140.167733,36.960377],[140.167775,36.960332],[140.167801,36.960293],[140.167829,36.96023],[140.167912,36.960006]]}},{"type":"Feature","properties":{"id":1082231800,"highway":"service"},"geometry":{"type":"LineString","coordinates":[[140.168661,36.960743],[140.168527,36.960808],[140.168433,36.960863],[140.168393,36.960896],[140.168368,36.960926]]}},{"type":"Feature","properties":{"id":1082249610,"highway":"service"},"geometry":{"type":"LineString","coordinates":[[140.176965,36.963207],[140.176991,36.963179],[140.177031,36.963171],[140.177135,36.963185],[140.177269,36.963216],[140.177382,36.963234],[140.17744,36.963237],[140.17748,36.963224],[140.177526,36.963189]]}},{"type":"Feature","properties":{"id":1082533519,"highway":"service"},"geometry":{"type":"LineString","coordinates":[[140.156108,36.957288],[140.156152,36.95722],[140.156181,36.957199],[140.156239,36.95719],[140.15637,36.9572],[140.156407,36.957199],[140.156486,36.957192],[140.156537,36.957197],[140.156712,36.957246]]}},{"type":"Feature","properties":{"id":1083088655,"highway":"service"},"geometry":{"type":"LineString","coordinates":[[140.182145,36.959312],[140.181934,36.959291],[140.181795,36.959289],[140.181466,36.959256]]}},{"type":"Feature","properties":{"id":1083088656,"highway":"service"},"geometry":{"type":"LineString","coordinates":[[140.182243,36.958999],[140.181926,36.958921],[140.181873,36.958901],[140.181797,36.958887],[140.181718,36.958898],[140.181695,36.958917]]}},{"type":"Feature","properties":{"id":1083102827,"highway":"service"},"geometry":{"type":"LineString","coordinates":[[140.182184,36.960521],[140.182176,36.960444],[140.18216,36.960405],[140.182133,36.960368],[140.182054,36.960308],[140.182005,36.960259],[140.181991,36.960233],[140.181987,36.960192],[140.181972,36.960052],[140.181944,36.959797]]}},{"type":"Feature","properties":{"id":1083647854,"highway":"tertiary"},"geometry":{"type":"LineString","coordinates":[[140.186092,36.955928],[140.18609,36.95599],[140.186076,36.956047],[140.186048,36.956099],[140.186007,36.956156],[140.185873,36.9563],[140.185835,36.956358],[140.185733,36.956622]]}},{"type":"Feature","properties":{"id":1083647855,"highway":"tertiary"},"geometry":{"type":"LineString","coordinates":[[140.186082,36.955739],[140.186092,36.955928]]}},{"type":"Feature","properties":{"id":1083676846,"highway":"residential"},"geometry":{"type":"LineString","coordinates":[[140.185357,36.956598],[140.185397,36.956865],[140.185418,36.956888],[140.185478,36.956899],[140.18553,36.956897],[140.185624,36.956886],[140.185663,36.956893],[140.185684,36.95691],[140.185732,36.957004]]}},{"type":"Feature","properties":{"id":1083939488,"highway":"service"},"geometry":{"type":"LineString","coordinates":[[140.185588,36.952578],[140.185665,36.952646],[140.185792,36.952707],[140.185879,36.952732],[140.186047,36.952745],[140.186145,36.952747],[140.186197,36.952728],[140.186219,36.952683],[140.186213,36.95265],[140.186167,36.952605],[140.185927,36.952575],[140.185861,36.952546],[140.185806,36.952471]]}},{"type":"Feature","properties":{"id":1083939489,"highway":"service"},"geometry":{"type":"LineString","coordinates":[[140.185918,36.952416],[140.185849,36.952329],[140.185795,36.952243],[140.185762,36.952162],[140.185748,36.952092],[140.185732,36.95204],[140.185697,36.952003],[140.185619,36.951957],[140.185534,36.951935],[140.185442,36.951946],[140.185384,36.951973],[140.185349,36.952016],[140.185352,36.952069],[140.185368,36.952211],[140.185395,36.952306],[140.185439,36.952407],[140.185507,36.952506],[140.185588,36.952578]]}},{"type":"Feature","properties":{"id":1083939490,"highway":"service"},"geometry":{"type":"LineString","coordinates":[[140.18575,36.952498],[140.185674,36.952411],[140.185619,36.952325],[140.185581,36.952241],[140.185559,36.952153],[140.18554,36.952049],[140.185534,36.951935]]}},{"type":"Feature","properties":{"id":1083939491,"highway":"service"},"geometry":{"type":"LineString","coordinates":[[140.185679,36.951708],[140.185594,36.951762],[140.185527,36.951791],[140.185453,36.951815],[140.185351,36.951837],[140.185266,36.951855],[140.185224,36.951873],[140.185189,36.951898],[140.185165,36.951926],[140.185151,36.951961],[140.185146,36.952045],[140.185157,36.952163],[140.185181,36.952283],[140.185193,36.952323],[140.18531,36.95255],[140.185337,36.952583],[140.185371,36.952601],[140.185416,36.952616],[140.18546,36.952616],[140.185508,36.952606],[140.185588,36.952578],[140.18575,36.952498],[140.185806,36.952471],[140.185918,36.952416],[140.185986,36.952387],[140.186079,36.952377]]}},{"type":"Feature","properties":{"id":1084348795,"highway":"service"},"geometry":{"type":"LineString","coordinates":[[140.148279,36.939797],[140.148276,36.939846],[140.14828,36.939862],[140.148292,36.939877],[140.14835,36.93992],[140.148407,36.939959],[140.148437,36.939987],[140.148447,36.940006],[140.148452,36.940026]]}},{"type":"Feature","properties":{"id":1084537776,"highway":"service"},"geometry":{"type":"LineString","coordinates":[[140.149155,36.943096],[140.149081,36.943141],[140.149052,36.943182],[140.149016,36.943265],[140.148977,36.94338],[140.148946,36.943481],[140.148932,36.943551]]}},{"type":"Feature","properties":{"id":1084554489,"highway":"service"},"geometry":{"type":"LineString","coordinates":[[140.149621,36.9469],[140.149893,36.946894],[140.150054,36.9469],[140.150175,36.946915],[140.150211,36.94692],[140.150375,36.946953],[140.150412,36.946961],[140.150641,36.947032],[140.150842,36.947115],[140.151397,36.947376],[140.151495,36.94742],[140.151542,36.947429],[140.151609,36.947419],[140.151716,36.947402],[140.151819,36.947402],[140.151892,36.947416],[140.151932,36.947445],[140.151955,36.947495],[140.151997,36.947936],[140.151997,36.947971],[140.151979,36.94801],[140.15188,36.948144]]}},{"type":"Feature","properties":{"id":1084554491,"highway":"service"},"geometry":{"type":"LineString","coordinates":[[140.149509,36.947355],[140.149629,36.947379],[140.149675,36.947396],[140.149696,36.947423],[140.149712,36.947486],[140.149741,36.947743],[140.149756,36.947806],[140.149793,36.947867],[140.149831,36.947901],[140.149889,36.947918],[140.150032,36.947935]]}},{"type":"Feature","properties":{"id":1084554492,"highway":"service"},"geometry":{"type":"LineString","coordinates":[[140.150535,36.9476],[140.150435,36.94744],[140.150408,36.947373],[140.150405,36.9472],[140.150398,36.947067],[140.150375,36.946953]]}},{"type":"Feature","properties":{"id":1084567784,"highway":"service"},"geometry":{"type":"LineString","coordinates":[[140.157726,36.943342],[140.157681,36.94337],[140.157645,36.943385],[140.157599,36.943389],[140.157545,36.943375],[140.157502,36.943346],[140.157476,36.943305],[140.157465,36.943259],[140.157481,36.943219],[140.157515,36.943178],[140.157569,36.943139],[140.157622,36.943119],[140.157671,36.943112],[140.157724,36.943128],[140.157758,36.943156],[140.157785,36.943194],[140.157793,36.943234],[140.157787,36.943277],[140.157758,36.943311]]}},{"type":"Feature","properties":{"id":1084567785,"highway":"service"},"geometry":{"type":"LineString","coordinates":[[140.157447,36.943138],[140.157051,36.943513],[140.156913,36.943646],[140.156866,36.943658],[140.156818,36.94365],[140.156787,36.943632],[140.156764,36.943599],[140.156775,36.943556],[140.156915,36.943423]]}},{"type":"Feature","properties":{"id":1084567786,"highway":"service"},"geometry":{"type":"LineString","coordinates":[[140.157051,36.943513],[140.156938,36.943438],[140.156915,36.943423],[140.156775,36.94333],[140.156629,36.943234],[140.156503,36.94315],[140.156827,36.942848]]}},{"type":"Feature","properties":{"id":1084567787,"highway":"service"},"geometry":{"type":"LineString","coordinates":[[140.156938,36.943438],[140.157335,36.943061]]}},{"type":"Feature","properties":{"id":1084567788,"highway":"service"},"geometry":{"type":"LineString","coordinates":[[140.157167,36.942952],[140.156775,36.94333]]}},{"type":"Feature","properties":{"id":1084567789,"highway":"service"},"geometry":{"type":"LineString","coordinates":[[140.157015,36.942853],[140.156629,36.943234]]}},{"type":"Feature","properties":{"id":1084567790,"highway":"service"},"geometry":{"type":"LineString","coordinates":[[140.156775,36.94333],[140.15663,36.943463],[140.156775,36.943556]]}},{"type":"Feature","properties":{"id":1085942167,"highway":"service"},"geometry":{"type":"LineString","coordinates":[[140.186263,36.954077],[140.186335,36.954028],[140.186364,36.953998],[140.186368,36.953967],[140.186347,36.953928],[140.186255,36.953887],[140.186169,36.953867],[140.18608,36.953854],[140.185971,36.953863],[140.185739,36.953917],[140.185623,36.953929],[140.185233,36.953911],[140.185155,36.953885],[140.185108,36.95385],[140.185066,36.953797],[140.184994,36.953692],[140.184968,36.953635],[140.185182,36.953493]]}},{"type":"Feature","properties":{"id":1085959051,"highway":"service"},"geometry":{"type":"LineString","coordinates":[[140.163037,36.953168],[140.163098,36.953068],[140.163131,36.953009],[140.163147,36.952923],[140.163219,36.952769]]}},{"type":"Feature","properties":{"id":1085968672,"highway":"service"},"geometry":{"type":"LineString","coordinates":[[140.186552,36.952552],[140.186571,36.952302]]}},{"type":"Feature","properties":{"id":1085968673,"highway":"service"},"geometry":{"type":"LineString","coordinates":[[140.186552,36.952552],[140.186215,36.952463],[140.186132,36.952437],[140.186095,36.952413],[140.186079,36.952377],[140.186079,36.952334],[140.186097,36.952295],[140.186199,36.952126],[140.186216,36.952099]]}},{"type":"Feature","properties":{"id":1085968674,"highway":"service"},"geometry":{"type":"LineString","coordinates":[[140.186216,36.952099],[140.1863,36.951968]]}},{"type":"Feature","properties":{"id":1085968675,"highway":"service"},"geometry":{"type":"LineString","coordinates":[[140.186571,36.952302],[140.186575,36.951895]]}},{"type":"Feature","properties":{"id":1085968676,"highway":"service"},"geometry":{"type":"LineString","coordinates":[[140.1863,36.951968],[140.186364,36.951869],[140.186401,36.951833],[140.186437,36.951818],[140.186486,36.951815],[140.186524,36.951822],[140.186558,36.951843],[140.186571,36.951867],[140.186575,36.951895]]}},{"type":"Feature","properties":{"id":1085968677,"highway":"service"},"geometry":{"type":"LineString","coordinates":[[140.185028,36.952798],[140.185068,36.952778],[140.185107,36.952748],[140.185133,36.952718],[140.185148,36.952675],[140.185154,36.952598],[140.185137,36.952465],[140.1851,36.952368],[140.185025,36.952171],[140.185011,36.952072],[140.185009,36.951972],[140.185033,36.951892],[140.185084,36.951822],[140.18518,36.951751],[140.185526,36.951648],[140.185603,36.951654],[140.185679,36.951708],[140.185809,36.95182],[140.185835,36.95186],[140.185879,36.951965],[140.185897,36.952],[140.185928,36.952022],[140.186199,36.952126]]}},{"type":"Feature","properties":{"id":1085968678,"highway":"service"},"geometry":{"type":"LineString","coordinates":[[140.184968,36.953635],[140.184819,36.953549],[140.184716,36.953464],[140.184687,36.953431],[140.184652,36.953369],[140.184612,36.953207],[140.184606,36.953162],[140.184613,36.953121],[140.18464,36.953061],[140.184681,36.953003],[140.184733,36.952956],[140.184892,36.952868]]}},{"type":"Feature","properties":{"id":1085968679,"highway":"service"},"geometry":{"type":"LineString","coordinates":[[140.184892,36.952868],[140.185028,36.952798]]}},{"type":"Feature","properties":{"id":1086336443,"highway":"service"},"geometry":{"type":"LineString","coordinates":[[140.184956,36.964751],[140.185073,36.96473],[140.185105,36.964717],[140.185126,36.964709],[140.185212,36.964645],[140.185228,36.964623],[140.185228,36.964602],[140.185152,36.96452]]}},{"type":"Feature","properties":{"id":1086336448,"highway":"unclassified"},"geometry":{"type":"LineString","coordinates":[[140.192167,36.973398],[140.19217,36.97344],[140.192165,36.973494],[140.192141,36.973545],[140.192105,36.973589],[140.191978,36.97369]]}},{"type":"Feature","properties":{"id":1086336449,"highway":"unclassified"},"geometry":{"type":"LineString","coordinates":[[140.192155,36.973216],[140.192167,36.973398]]}},{"type":"Feature","properties":{"id":1086588196,"highway":"service"},"geometry":{"type":"LineString","coordinates":[[140.186153,36.965588],[140.186154,36.965544],[140.186135,36.965461],[140.186114,36.965385]]}},{"type":"Feature","properties":{"id":1086588200,"highway":"service"},"geometry":{"type":"LineString","coordinates":[[140.186734,36.965842],[140.186767,36.965831],[140.186802,36.965832],[140.18687,36.965852],[140.1871,36.965937],[140.187159,36.965948],[140.187251,36.965958]]}},{"type":"Feature","properties":{"id":1086606229,"highway":"primary"},"geometry":{"type":"LineString","coordinates":[[140.193881,36.974506],[140.193753,36.974491],[140.193535,36.974457]]}},{"type":"Feature","properties":{"id":1086606230,"highway":"primary"},"geometry":{"type":"LineString","coordinates":[[140.193535,36.974457],[140.193397,36.974428],[140.193218,36.974382]]}},{"type":"Feature","properties":{"id":1086606243,"highway":"service"},"geometry":{"type":"LineString","coordinates":[[140.193482,36.975158],[140.193576,36.975185],[140.193722,36.975216],[140.1938,36.97523],[140.193846,36.97523],[140.193915,36.975229]]}},{"type":"Feature","properties":{"id":1088330342,"highway":"unclassified"},"geometry":{"type":"LineString","coordinates":[[140.195592,36.976059],[140.195501,36.976196]]}},{"type":"Feature","properties":{"id":1088330343,"highway":"unclassified"},"geometry":{"type":"LineString","coordinates":[[140.195501,36.976196],[140.195468,36.976246]]}},{"type":"Feature","properties":{"id":1088337757,"highway":"residential"},"geometry":{"type":"LineString","coordinates":[[140.199785,36.974129],[140.199845,36.974176],[140.199892,36.974188],[140.200378,36.974193],[140.200791,36.974202],[140.200898,36.974198],[140.200982,36.974184],[140.201111,36.974148],[140.201552,36.974018],[140.201795,36.973937],[140.202023,36.97386],[140.202077,36.973838],[140.20211,36.973818],[140.202116,36.973792],[140.202092,36.973707]]}},{"type":"Feature","properties":{"id":1088348625,"highway":"unclassified"},"geometry":{"type":"LineString","coordinates":[[140.199285,36.973577],[140.199261,36.973593],[140.199159,36.973683],[140.199142,36.973723],[140.199148,36.973759],[140.199164,36.973799],[140.199251,36.973922],[140.199443,36.974206]]}},{"type":"Feature","properties":{"id":1088348626,"highway":"unclassified"},"geometry":{"type":"LineString","coordinates":[[140.199394,36.973502],[140.199285,36.973577]]}},{"type":"Feature","properties":{"id":1090883637,"highway":"unclassified"},"geometry":{"type":"LineString","coordinates":[[140.193924,36.986565],[140.19374,36.986673],[140.193339,36.986902],[140.193222,36.98697]]}},{"type":"Feature","properties":{"id":1090883638,"highway":"unclassified"},"geometry":{"type":"LineString","coordinates":[[140.193222,36.98697],[140.193144,36.987016]]}},{"type":"Feature","properties":{"id":1092011043,"highway":"service"},"geometry":{"type":"LineString","coordinates":[[140.187628,36.999711],[140.187739,36.9996],[140.187817,36.999528],[140.187898,36.999506],[140.188136,36.999534],[140.188583,36.999657],[140.18873,36.999692],[140.188913,36.999734],[140.189227,36.999792],[140.189348,36.999799],[140.189488,36.99978],[140.189789,36.99973],[140.189903,36.999705],[140.190064,36.99971],[140.190108,36.999721],[140.190138,36.999729],[140.19022,36.99978],[140.190274,36.999834],[140.190298,36.999901],[140.19034,36.999937],[140.190389,36.999964],[140.19051,37.000003]]}},{"type":"Feature","properties":{"id":1092011044,"highway":"service"},"geometry":{"type":"LineString","coordinates":[[140.190108,36.999721],[140.190096,36.999654],[140.190081,36.999543],[140.190068,36.999477],[140.19004,36.999437],[140.189951,36.999395],[140.189857,36.999381],[140.189755,36.99938],[140.189685,36.999392],[140.189613,36.999426],[140.189529,36.999429],[140.189439,36.999404],[140.189188,36.999302],[140.189025,36.999239],[140.188816,36.999191],[140.188275,36.999075],[140.188066,36.999041],[140.187835,36.999017],[140.187481,36.999016],[140.187238,36.999008],[140.187088,36.999031],[140.186824,36.999152],[140.186502,36.999309]]}},{"type":"Feature","properties":{"id":1175245118,"highway":"service"},"geometry":{"type":"LineString","coordinates":[[140.124249,36.917043],[140.124091,36.917054],[140.123898,36.917061],[140.123699,36.917062],[140.123578,36.917057],[140.12347,36.917048],[140.123242,36.917026]]}},{"type":"Feature","properties":{"id":1175593114,"highway":"primary"},"geometry":{"type":"LineString","coordinates":[[140.121235,36.969116],[140.121415,36.969219],[140.121701,36.969339],[140.121895,36.969402],[140.122115,36.969457],[140.122346,36.969503],[140.122579,36.969531],[140.122752,36.969542],[140.123002,36.96954],[140.12323,36.969525],[140.123429,36.969501],[140.123722,36.969452],[140.124069,36.969395],[140.124171,36.969386],[140.12427,36.969387]]}},{"type":"Feature","properties":{"id":1175593115,"highway":"primary"},"geometry":{"type":"LineString","coordinates":[[140.143872,36.9821],[140.143984,36.982071],[140.14409,36.982022],[140.144189,36.981958],[140.144331,36.981832],[140.144463,36.981687],[140.144605,36.981486],[140.144704,36.981295],[140.144798,36.981089],[140.144943,36.980769],[140.145027,36.980621],[140.145105,36.980533],[140.145212,36.980457],[140.145345,36.980398],[140.145441,36.980377],[140.145502,36.980364],[140.145597,36.980357],[140.145669,36.980352],[140.145799,36.980365],[140.145926,36.980398],[140.146052,36.98045],[140.14619,36.980543],[140.146283,36.980641],[140.146335,36.980755],[140.146361,36.980858],[140.146363,36.980992],[140.146323,36.981136],[140.14619,36.981483],[140.146169,36.981597],[140.14618,36.981705],[140.146219,36.981842],[140.146288,36.981965],[140.146733,36.982529]]}},{"type":"Feature","properties":{"id":1176862474,"highway":"unclassified"},"geometry":{"type":"LineString","coordinates":[[140.154606,36.954999],[140.154644,36.955037],[140.154695,36.955074],[140.154954,36.955218]]}},{"type":"Feature","properties":{"id":1177219370,"highway":"primary"},"geometry":{"type":"LineString","coordinates":[[140.193218,36.974382],[140.193209,36.974496],[140.193216,36.974553],[140.193271,36.974628],[140.193451,36.974778],[140.1936,36.974907],[140.193785,36.975097],[140.193915,36.975229],[140.194263,36.975582],[140.194367,36.975672],[140.194478,36.975753],[140.194619,36.975847],[140.194766,36.975931],[140.194907,36.976002],[140.194979,36.976033],[140.195144,36.976107],[140.195468,36.976246]]}},{"type":"Feature","properties":{"id":1177233380,"highway":"tertiary"},"geometry":{"type":"LineString","coordinates":[[140.109054,36.903162],[140.108574,36.902545],[140.107957,36.901767],[140.107428,36.900943],[140.106662,36.899692],[140.106508,36.899369],[140.106343,36.898876],[140.10632,36.898765],[140.106324,36.898703],[140.106351,36.898634],[140.106568,36.89822],[140.106627,36.898075],[140.106643,36.897926],[140.10661,36.897782],[140.106527,36.897559],[140.106388,36.897129],[140.106283,36.896571],[140.106246,36.896188],[140.106255,36.89601],[140.106385,36.895287],[140.106429,36.895121],[140.10657,36.894812],[140.106735,36.894483]]}},{"type":"Feature","properties":{"id":1184776162,"highway":"primary"},"geometry":{"type":"LineString","coordinates":[[140.141781,36.981595],[140.141877,36.981637],[140.141965,36.981683],[140.142062,36.981749],[140.142109,36.981805],[140.142199,36.981961],[140.142257,36.982039],[140.142338,36.982112],[140.14243,36.982165],[140.142535,36.9822],[140.142643,36.982217],[140.142761,36.98222],[140.142954,36.982211],[140.143328,36.982172]]}},{"type":"Feature","properties":{"id":1184948221,"highway":"primary"},"geometry":{"type":"LineString","coordinates":[[140.102725,36.943303],[140.102776,36.943345],[140.103231,36.943785],[140.103249,36.943801],[140.1033,36.943847],[140.103407,36.943932],[140.103507,36.944003],[140.103581,36.944052],[140.103634,36.944082],[140.103806,36.944187]]}},{"type":"Feature","properties":{"id":1185724127,"highway":"residential"},"geometry":{"type":"LineString","coordinates":[[140.17099,36.99965],[140.171126,36.99944]]}},{"type":"Feature","properties":{"id":1185724128,"highway":"unclassified"},"geometry":{"type":"LineString","coordinates":[[140.168749,36.997422],[140.168749,36.997396],[140.168764,36.997374],[140.168786,36.997349],[140.168871,36.997274]]}},{"type":"Feature","properties":{"id":1186777197,"highway":"primary"},"geometry":{"type":"LineString","coordinates":[[140.141984,36.945267],[140.142093,36.94529],[140.142201,36.945305],[140.142308,36.945311],[140.142417,36.945307],[140.142534,36.945294],[140.142626,36.945273],[140.142721,36.945244],[140.142767,36.945226]]}},{"type":"Feature","properties":{"id":1217081181,"highway":"residential"},"geometry":{"type":"LineString","coordinates":[[140.159706,36.986697],[140.159844,36.986665],[140.159896,36.98665],[140.160215,36.986559]]}},{"type":"Feature","properties":{"id":1235420601,"highway":"tertiary"},"geometry":{"type":"LineString","coordinates":[[140.188498,36.908395],[140.18868,36.908335],[140.188793,36.908253],[140.188878,36.908155],[140.18897,36.90803],[140.189077,36.907842],[140.189157,36.907756],[140.189248,36.907696],[140.189372,36.907636],[140.18956,36.907589],[140.190101,36.907426],[140.190767,36.907211],[140.190997,36.907121],[140.19126,36.907014],[140.191496,36.906889],[140.191936,36.906636],[140.192392,36.906353],[140.192977,36.905937],[140.193567,36.905478],[140.19406,36.905079],[140.194232,36.904989],[140.194436,36.904903],[140.194625,36.904822],[140.194794,36.904739],[140.195015,36.904582],[140.195057,36.904546],[140.195444,36.904217],[140.19574,36.90393],[140.195917,36.903784],[140.196041,36.903713],[140.196179,36.903655],[140.196303,36.903586],[140.196399,36.903501],[140.196505,36.903361],[140.196614,36.903192],[140.196727,36.903037],[140.196871,36.902866],[140.197039,36.902759],[140.197181,36.902701],[140.19734,36.902669],[140.197533,36.902649],[140.19775,36.902644],[140.197917,36.90266],[140.198041,36.902686],[140.19818,36.902741],[140.19833,36.902793],[140.19847,36.902844],[140.198572,36.902855],[140.198641,36.902833],[140.198683,36.902799],[140.198699,36.902746],[140.198696,36.902686],[140.198658,36.902628],[140.198586,36.902572],[140.198481,36.902505],[140.19832,36.902441],[140.198218,36.902372],[140.198173,36.902326],[140.198153,36.902257],[140.198146,36.90212],[140.198171,36.901933],[140.198224,36.901789],[140.198368,36.901528],[140.198507,36.901358]]}},{"type":"Feature","properties":{"id":1241371491,"highway":"primary"},"geometry":{"type":"LineString","coordinates":[[140.202004,36.957332],[140.201949,36.957342],[140.201864,36.957355],[140.201762,36.957352],[140.201541,36.95726],[140.201308,36.957188],[140.201041,36.957118],[140.200791,36.957049],[140.200301,36.956966],[140.199651,36.956859],[140.199447,36.956808],[140.199355,36.956772],[140.199219,36.956684],[140.198951,36.956531],[140.198738,36.956437],[140.198331,36.956283],[140.197336,36.955887],[140.197253,36.955838],[140.197172,36.955749],[140.197153,36.95571]]}},{"type":"Feature","properties":{"id":1241371492,"highway":"primary"},"geometry":{"type":"LineString","coordinates":[[140.197153,36.95571],[140.197108,36.955617]]}},{"type":"Feature","properties":{"id":1241371496,"highway":"primary"},"geometry":{"type":"LineString","coordinates":[[140.179635,36.960392],[140.179263,36.960464],[140.179035,36.960499],[140.178841,36.960512],[140.178493,36.960515],[140.178377,36.960544],[140.178253,36.960611],[140.178091,36.960762],[140.178034,36.960854],[140.177815,36.96126],[140.17774,36.961406],[140.177683,36.961474],[140.177592,36.961557],[140.177493,36.961613],[140.177367,36.961647],[140.177249,36.961667]]}},{"type":"Feature","properties":{"id":1241371497,"highway":"primary"},"geometry":{"type":"LineString","coordinates":[[140.179905,36.96034],[140.179635,36.960392]]}},{"type":"Feature","properties":{"id":1241371499,"highway":"primary"},"geometry":{"type":"LineString","coordinates":[[140.177249,36.961667],[140.177193,36.961676],[140.177008,36.961691],[140.176971,36.961691],[140.176776,36.961691],[140.17659,36.961704],[140.176445,36.961732],[140.176323,36.96178],[140.176229,36.961831],[140.176148,36.961901],[140.176037,36.96202],[140.175957,36.962145]]}},{"type":"Feature","properties":{"id":1241371501,"highway":"primary"},"geometry":{"type":"LineString","coordinates":[[140.160304,36.957921],[140.16028,36.957926],[140.160256,36.957925],[140.160222,36.957918],[140.159998,36.957856],[140.159842,36.957816],[140.159102,36.957568],[140.157909,36.957204],[140.157859,36.957189],[140.156887,36.9569]]}},{"type":"Feature","properties":{"id":1241371502,"highway":"primary"},"geometry":{"type":"LineString","coordinates":[[140.160549,36.957424],[140.160513,36.957559],[140.160485,36.957631],[140.160458,36.957693],[140.16038,36.957825],[140.160358,36.957868],[140.160338,36.9579],[140.160327,36.957912],[140.160304,36.957921]]}},{"type":"Feature","properties":{"id":1241371505,"highway":"trunk"},"geometry":{"type":"LineString","coordinates":[[140.155829,36.956601],[140.155784,36.956698],[140.155753,36.956765],[140.155688,36.956906]]}},{"type":"Feature","properties":{"id":1241371506,"highway":"trunk"},"geometry":{"type":"LineString","coordinates":[[140.156118,36.95593],[140.156085,36.956009],[140.155891,36.956457],[140.155869,36.956508],[140.155829,36.956601]]}},{"type":"Feature","properties":{"id":1241371508,"highway":"trunk"},"geometry":{"type":"LineString","coordinates":[[140.162231,36.991149],[140.162341,36.991323],[140.162361,36.991354],[140.162547,36.991608],[140.162745,36.991849],[140.162895,36.992],[140.163126,36.992184],[140.163515,36.992474],[140.163871,36.992678],[140.164543,36.993025],[140.165143,36.993335],[140.165332,36.993432],[140.165347,36.993439],[140.165823,36.993704],[140.166146,36.993906],[140.166563,36.994228],[140.166862,36.99448],[140.1672,36.994816],[140.167226,36.994844],[140.167351,36.994979],[140.167483,36.995135]]}},{"type":"Feature","properties":{"id":1241371509,"highway":"tertiary"},"geometry":{"type":"LineString","coordinates":[[140.162252,36.990722],[140.162228,36.990728],[140.162169,36.990744],[140.162024,36.990798]]}},{"type":"Feature","properties":{"id":1241371511,"highway":"trunk"},"geometry":{"type":"LineString","coordinates":[[140.160203,36.981657],[140.16014,36.981942],[140.160113,36.982062]]}},{"type":"Feature","properties":{"id":1241371513,"highway":"primary"},"geometry":{"type":"LineString","coordinates":[[140.159257,36.986821],[140.159494,36.986754],[140.159551,36.986738],[140.159706,36.986697]]}},{"type":"Feature","properties":{"id":1241371514,"highway":"trunk"},"geometry":{"type":"LineString","coordinates":[[140.159431,36.9846],[140.159428,36.984623],[140.159383,36.985013],[140.159376,36.98517],[140.159365,36.985334],[140.159408,36.985712],[140.159499,36.986104],[140.159555,36.986298]]}},{"type":"Feature","properties":{"id":1241371515,"highway":"trunk"},"geometry":{"type":"LineString","coordinates":[[140.159555,36.986298],[140.15964,36.986547],[140.159706,36.986697]]}},{"type":"Feature","properties":{"id":1241371516,"highway":"trunk"},"geometry":{"type":"LineString","coordinates":[[140.159706,36.986697],[140.159773,36.986841],[140.159917,36.987119]]}},{"type":"Feature","properties":{"id":1241371517,"highway":"trunk"},"geometry":{"type":"LineString","coordinates":[[140.162024,36.990798],[140.162103,36.990932],[140.162135,36.990983],[140.162231,36.991149]]}},{"type":"Feature","properties":{"id":1241371518,"highway":"trunk"},"geometry":{"type":"LineString","coordinates":[[140.161832,36.99046],[140.161931,36.990635],[140.161956,36.990681],[140.162024,36.990798]]}},{"type":"Feature","properties":{"id":1374403690,"highway":"trunk"},"geometry":{"type":"LineString","coordinates":[[140.135592,36.937405],[140.135613,36.937436],[140.135635,36.937467],[140.13569,36.93754],[140.135783,36.937654],[140.135864,36.937746],[140.135935,36.937823],[140.136066,36.937945],[140.136212,36.938064],[140.136381,36.938179],[140.136524,36.938264]]}},{"type":"Feature","properties":{"id":1374403691,"highway":"unclassified"},"geometry":{"type":"LineString","coordinates":[[140.135592,36.937405],[140.135624,36.937505],[140.135651,36.937564],[140.135841,36.9379],[140.135925,36.938032],[140.135986,36.93815],[140.136115,36.938433],[140.136233,36.938649],[140.136343,36.938834]]}},{"type":"Feature","properties":{"id":1384533441,"highway":"service"},"geometry":{"type":"LineString","coordinates":[[140.138903,36.943282],[140.139158,36.943053]]}},{"type":"Feature","properties":{"id":1384533442,"highway":"residential"},"geometry":{"type":"LineString","coordinates":[[140.137332,36.933508],[140.137151,36.933528],[140.136935,36.933579],[140.136758,36.933623],[140.136624,36.933669],[140.136551,36.933691],[140.136488,36.933693],[140.136444,36.933674],[140.1364,36.933629]]}},{"type":"Feature","properties":{"id":1395678568,"highway":"service"},"geometry":{"type":"LineString","coordinates":[[140.102051,36.911068],[140.102278,36.910645],[140.102612,36.910745],[140.102893,36.910197],[140.103485,36.910377],[140.103594,36.910158]]}},{"type":"Feature","properties":{"id":1550850175,"highway":"service"},"geometry":{"type":"LineString","coordinates":[[140.103863,36.94372],[140.103581,36.944052]]}},{"type":"Feature","properties":{"id":1551316294,"highway":"service"},"geometry":{"type":"LineString","coordinates":[[140.10353,36.943559],[140.103592,36.943481],[140.103668,36.943381],[140.103761,36.9433],[140.103888,36.943203],[140.104022,36.943078]]}},{"type":"Feature","properties":{"id":1551320056,"highway":"service"},"geometry":{"type":"LineString","coordinates":[[140.103863,36.94372],[140.103898,36.943729],[140.103937,36.943727],[140.103985,36.943715]]}},{"type":"Feature","properties":{"id":1551339120,"highway":"primary"},"geometry":{"type":"LineString","coordinates":[[140.140693,36.94439],[140.141097,36.944682],[140.141584,36.945035],[140.141813,36.945192],[140.141891,36.945233],[140.141984,36.945267]]}}]}