{"type":"FeatureCollection","features":[{"type":"Feature","properties":{"id":29374550,"highway":"trunk"},"geometry":{"type":"LineString","coordinates":[[140.500569,35.976889],[140.500515,35.977022],[140.500462,35.977123],[140.500401,35.977214],[140.500321,35.977328],[140.50004,35.977665],[140.499909,35.977815],[140.499867,35.977867],[140.499814,35.977933],[140.499588,35.978223],[140.49955,35.978269],[140.499491,35.978346],[140.499228,35.978673],[140.499177,35.978727],[140.498694,35.979226],[140.498007,35.979934],[140.497814,35.980128],[140.49764,35.980291],[140.497457,35.980446]]}},{"type":"Feature","properties":{"id":33619162,"highway":"trunk"},"geometry":{"type":"LineString","coordinates":[[140.46556,35.924228],[140.464947,35.924538],[140.46438,35.924811],[140.463789,35.925066],[140.463494,35.925175],[140.463344,35.925231],[140.461785,35.925811],[140.461642,35.925865],[140.460833,35.926273],[140.460386,35.926504],[140.459763,35.926827],[140.459579,35.92693],[140.459216,35.927175],[140.459049,35.927318],[140.458866,35.927496],[140.458854,35.92751],[140.45804,35.928387],[140.45793,35.928505],[140.457897,35.928541],[140.45784,35.928602],[140.457744,35.9287],[140.457665,35.928788],[140.457574,35.928886],[140.457084,35.929393],[140.456401,35.9302],[140.455989,35.930682],[140.455057,35.931819],[140.455028,35.931854],[140.454985,35.931902],[140.454887,35.93202],[140.454762,35.932185],[140.454323,35.932873],[140.453916,35.933546],[140.453751,35.933835],[140.453653,35.934056],[140.453575,35.934245],[140.453496,35.93449],[140.453422,35.934795],[140.453283,35.935422],[140.453268,35.935494],[140.452945,35.937021],[140.452893,35.937232],[140.45284,35.937427],[140.452759,35.937631],[140.452682,35.93779],[140.452618,35.93791],[140.452531,35.938035],[140.452432,35.938171],[140.452273,35.938353],[140.452125,35.938498],[140.4519,35.938685],[140.451572,35.938941],[140.451021,35.939378],[140.450962,35.939424],[140.450899,35.939474],[140.45084,35.939524],[140.450415,35.939878],[140.450376,35.939909]]}},{"type":"Feature","properties":{"id":33619163,"highway":"unclassified"},"geometry":{"type":"LineString","coordinates":[[140.401799,35.937864],[140.401642,35.937838],[140.401308,35.937853],[140.400839,35.937825],[140.400383,35.937794],[140.399826,35.937689],[140.399195,35.937519],[140.398654,35.937337],[140.397817,35.936946],[140.397707,35.936915],[140.397641,35.936887],[140.397565,35.936851],[140.397339,35.936732],[140.394881,35.935581],[140.39363,35.934986],[140.392732,35.934694],[140.392367,35.934608],[140.384963,35.932879]]}},{"type":"Feature","properties":{"id":35912309,"highway":"unclassified"},"geometry":{"type":"LineString","coordinates":[[140.482299,35.986342],[140.482832,35.987222]]}},{"type":"Feature","properties":{"id":35912311,"highway":"unclassified"},"geometry":{"type":"LineString","coordinates":[[140.480458,35.988895],[140.480512,35.988858],[140.480608,35.988789],[140.480714,35.988709],[140.4808,35.988626]]}},{"type":"Feature","properties":{"id":35912312,"highway":"unclassified"},"geometry":{"type":"LineString","coordinates":[[140.480598,35.988333],[140.480676,35.988416],[140.480764,35.988553],[140.4808,35.988626]]}},{"type":"Feature","properties":{"id":35912971,"highway":"tertiary"},"geometry":{"type":"LineString","coordinates":[[140.482832,35.987222],[140.482891,35.987214],[140.482953,35.987211],[140.483125,35.987214],[140.484373,35.987364],[140.484752,35.987403],[140.484823,35.987409],[140.485036,35.987368],[140.485589,35.987201],[140.486516,35.986901],[140.486927,35.986806],[140.487236,35.986735]]}},{"type":"Feature","properties":{"id":37278758,"highway":"secondary"},"geometry":{"type":"LineString","coordinates":[[140.444987,35.94419],[140.445049,35.944231],[140.445079,35.944246],[140.44517,35.944237],[140.445284,35.944232],[140.445358,35.944239],[140.445605,35.944295],[140.446066,35.944385],[140.447155,35.944635],[140.448701,35.944899],[140.449172,35.944969],[140.449932,35.945098],[140.450977,35.945334],[140.451356,35.945409],[140.451444,35.945432],[140.451486,35.94545],[140.451509,35.945475],[140.451526,35.945508],[140.451549,35.94557],[140.451567,35.945621],[140.451572,35.945675],[140.451571,35.945713],[140.45156,35.945748],[140.451408,35.946141],[140.451339,35.946405],[140.451318,35.946527],[140.45121,35.947101],[140.4512,35.947229],[140.451214,35.947361],[140.451273,35.947504],[140.451627,35.948181],[140.453049,35.950915],[140.453417,35.951657],[140.453737,35.952284],[140.454588,35.953913],[140.454898,35.954525],[140.45571,35.956085],[140.456057,35.956717],[140.456613,35.957833],[140.45694,35.95843],[140.457155,35.958805],[140.457249,35.958968]]}},{"type":"Feature","properties":{"id":37279011,"highway":"primary"},"geometry":{"type":"LineString","coordinates":[[140.494011,35.911406],[140.4939,35.911498],[140.492866,35.912287],[140.492612,35.912493],[140.492371,35.912705],[140.49223,35.912864],[140.492041,35.913105],[140.491823,35.913406],[140.491672,35.913615],[140.491555,35.913747],[140.49133,35.913963],[140.490934,35.91431],[140.490801,35.914413]]}},{"type":"Feature","properties":{"id":37813444,"highway":"trunk"},"geometry":{"type":"LineString","coordinates":[[140.488317,35.901664],[140.488445,35.901574],[140.489018,35.901165],[140.489237,35.901023],[140.489333,35.90097],[140.489415,35.900926],[140.489558,35.900855],[140.489741,35.900789],[140.490019,35.900713],[140.490256,35.900668],[140.49059,35.900618]]}},{"type":"Feature","properties":{"id":37827249,"highway":"trunk"},"geometry":{"type":"LineString","coordinates":[[140.485632,35.906168],[140.485566,35.906318],[140.485512,35.906417],[140.485454,35.906513],[140.485352,35.906642],[140.485254,35.906753],[140.485178,35.906826],[140.485104,35.906893],[140.485024,35.906956],[140.484763,35.907126],[140.484549,35.90723],[140.484044,35.907416],[140.48333,35.907673],[140.482463,35.907989],[140.482006,35.908169],[140.481468,35.908388],[140.480623,35.908764],[140.479938,35.909092],[140.479459,35.909339],[140.478572,35.909811],[140.477682,35.910283],[140.476725,35.910797],[140.474917,35.911748],[140.474202,35.912104],[140.473116,35.912613],[140.472686,35.912815],[140.471896,35.913148],[140.471192,35.913438],[140.469859,35.913956],[140.469438,35.914107],[140.468968,35.914268],[140.467862,35.914602],[140.466995,35.914818],[140.466005,35.915033],[140.465382,35.915143],[140.465105,35.915188],[140.464201,35.915324],[140.463746,35.915387],[140.463139,35.915454],[140.462469,35.915504],[140.461816,35.915531],[140.461438,35.915534],[140.460612,35.91554],[140.459946,35.915528],[140.459491,35.915498],[140.458983,35.915453],[140.457817,35.915313],[140.456899,35.915175],[140.456269,35.91507],[140.455634,35.914944],[140.454391,35.914662],[140.453096,35.914345],[140.451526,35.913949],[140.448093,35.91308],[140.445943,35.912543],[140.444691,35.912191],[140.443486,35.911798],[140.441292,35.911009],[140.439987,35.910522],[140.438228,35.90985],[140.436075,35.909005],[140.433468,35.907992],[140.430017,35.906661],[140.427382,35.905756],[140.425539,35.905181],[140.423563,35.904603],[140.422483,35.904307],[140.421385,35.904059],[140.420686,35.903925],[140.419979,35.903812],[140.41931,35.903719],[140.418672,35.903653],[140.418111,35.903606],[140.417435,35.903557],[140.41682,35.903534],[140.416222,35.903524],[140.41564,35.903538],[140.415202,35.903563],[140.414854,35.903597],[140.414487,35.903644],[140.414087,35.903697],[140.413673,35.903756],[140.413261,35.903837],[140.412847,35.90392],[140.412422,35.904019],[140.411919,35.904154],[140.411357,35.904327],[140.410896,35.904492],[140.410339,35.904706],[140.409778,35.904962],[140.408784,35.905459],[140.408035,35.905834],[140.407305,35.906171],[140.406626,35.906471],[140.405983,35.906737],[140.405563,35.906905],[140.405173,35.907037],[140.404666,35.907179],[140.404241,35.907277],[140.403846,35.907355],[140.403418,35.907416],[140.402853,35.907468],[140.402314,35.907515],[140.401852,35.907544],[140.401365,35.907536],[140.400961,35.907516],[140.400582,35.907489],[140.400202,35.907421],[140.39985,35.907349],[140.3994,35.907237]]}},{"type":"Feature","properties":{"id":37872702,"highway":"secondary"},"geometry":{"type":"LineString","coordinates":[[140.438821,35.967057],[140.437169,35.968195],[140.436768,35.968489],[140.436425,35.968786],[140.436233,35.96897],[140.436049,35.969161],[140.435838,35.969397],[140.435556,35.969727],[140.434971,35.970619],[140.434929,35.970665],[140.434565,35.971098],[140.434201,35.971447],[140.433934,35.971676],[140.433831,35.971759],[140.433718,35.971838],[140.433211,35.972165],[140.432905,35.972343],[140.43264,35.972479],[140.4323,35.972631],[140.431196,35.973055],[140.429618,35.973668],[140.428764,35.973999],[140.426821,35.974753],[140.426659,35.974816],[140.424696,35.975572],[140.424144,35.975779],[140.423803,35.975887],[140.423405,35.975988],[140.42317,35.976037],[140.422826,35.976098],[140.422534,35.976138],[140.422322,35.976155],[140.42213,35.976171],[140.421899,35.976183],[140.421648,35.976185],[140.421275,35.976184],[140.420693,35.976141],[140.420252,35.976076],[140.419765,35.975976],[140.419534,35.975916],[140.419479,35.975902],[140.419209,35.975825],[140.419173,35.975815]]}},{"type":"Feature","properties":{"id":41294225,"highway":"unclassified"},"geometry":{"type":"LineString","coordinates":[[140.385092,35.932173],[140.385161,35.932189],[140.387748,35.93281],[140.390933,35.933597],[140.39136,35.933702],[140.392358,35.933896],[140.393528,35.934171],[140.394414,35.934496],[140.396724,35.935575],[140.397724,35.936062],[140.398031,35.936176],[140.398118,35.93621],[140.398281,35.936308],[140.398943,35.936634],[140.399574,35.936868],[140.400378,35.937051],[140.400876,35.937109],[140.401307,35.937131],[140.40167,35.937126],[140.401978,35.937106],[140.404012,35.936847],[140.408714,35.936237],[140.409743,35.936095],[140.410485,35.935921],[140.411238,35.935646],[140.413111,35.934801],[140.413516,35.934614]]}},{"type":"Feature","properties":{"id":41294227,"highway":"unclassified"},"geometry":{"type":"LineString","coordinates":[[140.444473,35.94408],[140.444719,35.944115],[140.444911,35.944154],[140.444987,35.94419]]}},{"type":"Feature","properties":{"id":43945768,"highway":"unclassified"},"geometry":{"type":"LineString","coordinates":[[140.405294,35.913771],[140.405294,35.913778],[140.405166,35.916076],[140.405012,35.918872],[140.404838,35.922005],[140.404837,35.922023]]}},{"type":"Feature","properties":{"id":43945769,"highway":"unclassified"},"geometry":{"type":"LineString","coordinates":[[140.409761,35.936164],[140.409886,35.936709]]}},{"type":"Feature","properties":{"id":43946076,"highway":"unclassified"},"geometry":{"type":"LineString","coordinates":[[140.455842,35.943257],[140.456806,35.94377],[140.457371,35.94407],[140.45785,35.944326],[140.458869,35.944869],[140.459912,35.945425],[140.460942,35.945976],[140.461965,35.946521],[140.46403,35.947626],[140.465078,35.94818],[140.466091,35.948716],[140.467121,35.949265],[140.468159,35.949826],[140.469301,35.950427],[140.470316,35.950976],[140.471342,35.95152],[140.472383,35.952076],[140.473404,35.952621],[140.47443,35.953165],[140.475455,35.953713],[140.476502,35.954269],[140.477541,35.954824],[140.478569,35.955372],[140.480626,35.95647],[140.481971,35.957198],[140.482024,35.957257]]}},{"type":"Feature","properties":{"id":45236466,"highway":"tertiary"},"geometry":{"type":"LineString","coordinates":[[140.382968,35.951389],[140.383053,35.951416],[140.383195,35.951459],[140.383264,35.951492],[140.383355,35.951548],[140.383656,35.951725],[140.384102,35.951932],[140.384509,35.952094],[140.384625,35.952125],[140.384723,35.952127],[140.385279,35.95208],[140.385397,35.952075],[140.385511,35.952097],[140.385622,35.95214],[140.385703,35.952193],[140.38607,35.952445],[140.386196,35.95259],[140.38629,35.952764],[140.386397,35.952902],[140.386449,35.952943],[140.386518,35.952965],[140.387905,35.953177],[140.388052,35.9532],[140.38969,35.953445],[140.390012,35.953497],[140.390212,35.953541],[140.390383,35.953595],[140.39055,35.953656],[140.390753,35.953754],[140.391054,35.95391],[140.391207,35.953997],[140.391361,35.954098],[140.391542,35.954237],[140.391694,35.954379],[140.392637,35.955346],[140.392738,35.955467],[140.392875,35.95559],[140.393022,35.955707],[140.393162,35.95579],[140.393284,35.955861],[140.393441,35.955931],[140.393637,35.956004],[140.393871,35.956071],[140.394728,35.956311],[140.396949,35.956937],[140.399054,35.957524],[140.399189,35.957562],[140.400546,35.957949],[140.40076,35.958021],[140.400927,35.958087],[140.401064,35.958167],[140.40117,35.958246],[140.401233,35.958309],[140.401295,35.958372],[140.401361,35.958476],[140.401402,35.958595],[140.401434,35.958706],[140.401445,35.958782],[140.401457,35.95893],[140.401466,35.959229],[140.401476,35.959961],[140.401485,35.960074],[140.4015,35.960161],[140.401519,35.960239],[140.401549,35.960307],[140.401605,35.960401],[140.40168,35.960488],[140.401759,35.960558],[140.401875,35.960633],[140.402002,35.960707],[140.402348,35.960869],[140.402646,35.961003],[140.403005,35.961122],[140.403105,35.961168],[140.403193,35.961218],[140.403495,35.961436],[140.403783,35.961653],[140.403898,35.961774],[140.403933,35.961815],[140.404009,35.96188],[140.404172,35.96199],[140.404406,35.96215],[140.4045,35.962255],[140.405619,35.963486],[140.405886,35.963766],[140.40635,35.964164],[140.40664,35.964368],[140.407334,35.964786],[140.407482,35.96487],[140.407549,35.964954],[140.407598,35.965061],[140.407983,35.966076],[140.408018,35.966153],[140.408053,35.966215],[140.408815,35.967101],[140.408879,35.967185],[140.408946,35.96729],[140.409121,35.967714],[140.409521,35.968631],[140.410317,35.970427],[140.411147,35.972219],[140.411437,35.972979]]}},{"type":"Feature","properties":{"id":45236570,"highway":"primary"},"geometry":{"type":"LineString","coordinates":[[140.490207,35.916415],[140.490214,35.916324],[140.490204,35.916103],[140.490172,35.915406],[140.490176,35.915295],[140.490181,35.915216],[140.490191,35.91516],[140.490217,35.915073],[140.490271,35.91494],[140.490298,35.91489],[140.490361,35.9148],[140.490422,35.914726]]}},{"type":"Feature","properties":{"id":47481078,"highway":"tertiary"},"geometry":{"type":"LineString","coordinates":[[140.433831,35.971759],[140.433884,35.971784],[140.433966,35.971823],[140.434485,35.97207],[140.435129,35.972391],[140.435322,35.972484],[140.435478,35.972556],[140.435566,35.972575],[140.435671,35.972589],[140.435765,35.972588],[140.435861,35.972576],[140.435994,35.972547],[140.436828,35.972351],[140.437116,35.972275],[140.437406,35.972223],[140.437515,35.972208],[140.43775,35.972183]]}},{"type":"Feature","properties":{"id":47481079,"highway":"unclassified"},"geometry":{"type":"LineString","coordinates":[[140.43775,35.972183],[140.438072,35.973036],[140.438235,35.973413],[140.438375,35.97382],[140.438547,35.974504],[140.43858,35.974856],[140.43858,35.974962],[140.438547,35.975251],[140.438559,35.975526],[140.438637,35.975688],[140.439377,35.976313],[140.439571,35.976408],[140.439817,35.97649],[140.440072,35.976619],[140.440541,35.977053],[140.440716,35.977199],[140.440949,35.97741],[140.441118,35.977457],[140.441261,35.977497],[140.441398,35.977488],[140.441903,35.977427],[140.44259,35.977319],[140.443761,35.977153],[140.443885,35.977121],[140.444046,35.977021],[140.444214,35.976857],[140.444522,35.976243],[140.444827,35.975636],[140.444884,35.975514],[140.44505,35.97515],[140.445147,35.974935]]}},{"type":"Feature","properties":{"id":47481080,"highway":"unclassified"},"geometry":{"type":"LineString","coordinates":[[140.447013,35.975871],[140.446846,35.975716],[140.446787,35.975677],[140.446599,35.975552],[140.445938,35.975315],[140.445316,35.975017],[140.445147,35.974935],[140.444893,35.974706],[140.444681,35.974499],[140.444556,35.974464],[140.444353,35.97449],[140.444046,35.974524],[140.44383,35.974494],[140.443541,35.974399],[140.443379,35.974342],[140.443241,35.974335],[140.442988,35.974361],[140.442713,35.974385],[140.442513,35.974343],[140.442389,35.974232],[140.442207,35.973248],[140.442237,35.973113],[140.442267,35.972898],[140.44227,35.972732],[140.442227,35.972586],[140.441989,35.972151]]}},{"type":"Feature","properties":{"id":60257352,"highway":"unclassified"},"geometry":{"type":"LineString","coordinates":[[140.387366,35.947756],[140.387564,35.947891],[140.389111,35.948705],[140.389301,35.9488],[140.389369,35.948826],[140.389498,35.948864],[140.38959,35.948883],[140.389758,35.948901],[140.390547,35.948936],[140.391208,35.948974],[140.391661,35.949028],[140.391703,35.949033],[140.392938,35.949215],[140.393073,35.949251],[140.393241,35.949315],[140.393442,35.9494],[140.394023,35.949674],[140.394885,35.950098],[140.39587,35.95034],[140.396647,35.950452],[140.396977,35.950423],[140.397262,35.95034],[140.397632,35.950175],[140.397885,35.950143],[140.398144,35.950117],[140.398385,35.950097],[140.398826,35.950061],[140.399378,35.94999],[140.399645,35.949955],[140.400348,35.94978],[140.401082,35.949537],[140.40128,35.949468],[140.401433,35.949434],[140.401946,35.949325],[140.402135,35.949289],[140.402369,35.949251],[140.402768,35.949184],[140.402835,35.949178],[140.403311,35.949121],[140.403436,35.94908],[140.403623,35.948964],[140.403787,35.948913],[140.404009,35.948851],[140.404451,35.948708],[140.40461,35.94868],[140.404932,35.94863],[140.405257,35.948581],[140.407273,35.948347],[140.407578,35.948307],[140.40849,35.948124],[140.408617,35.94812],[140.409634,35.94817],[140.41032,35.948218],[140.410585,35.948292],[140.411487,35.948803],[140.41217,35.949075],[140.412757,35.949312],[140.414023,35.950066],[140.414126,35.950153],[140.415267,35.951105],[140.415818,35.951636],[140.416086,35.951881],[140.416188,35.951936],[140.416941,35.95208],[140.41732,35.952099],[140.41771,35.951973],[140.417802,35.951917],[140.418435,35.951528],[140.41859,35.951492],[140.418982,35.95166],[140.419154,35.951712],[140.41985,35.951902],[140.420381,35.951923],[140.421052,35.952073],[140.421689,35.952268],[140.421788,35.952289],[140.421905,35.95231],[140.422881,35.952523],[140.423015,35.952566],[140.423153,35.952619],[140.424123,35.953118],[140.425294,35.953389],[140.427596,35.953888],[140.429865,35.95441],[140.429984,35.95444],[140.43015,35.95441],[140.430972,35.953961],[140.431271,35.95376],[140.432178,35.953402],[140.433045,35.952968],[140.433219,35.952799],[140.433331,35.952602],[140.433547,35.952215],[140.43376,35.952027],[140.434073,35.951814],[140.43412,35.951788]]}},{"type":"Feature","properties":{"id":60257797,"highway":"tertiary"},"geometry":{"type":"LineString","coordinates":[[140.457342,35.958926],[140.457424,35.958888],[140.461616,35.956934],[140.461791,35.956849],[140.46192,35.956781],[140.462105,35.956679],[140.462256,35.956584],[140.462454,35.956455],[140.462684,35.956292]]}},{"type":"Feature","properties":{"id":60258177,"highway":"unclassified"},"geometry":{"type":"LineString","coordinates":[[140.456613,35.957833],[140.456502,35.957805],[140.455084,35.956999],[140.454748,35.956879],[140.454335,35.95679],[140.453278,35.956597],[140.45312,35.95658],[140.452868,35.956581],[140.452314,35.956632],[140.451144,35.956738],[140.450451,35.956798],[140.450203,35.956804],[140.449999,35.956892],[140.447898,35.958005],[140.446688,35.95868],[140.445908,35.958937],[140.4443,35.959193],[140.44362,35.959307],[140.442913,35.959466],[140.44258,35.95959],[140.442264,35.959741],[140.441813,35.959999],[140.441396,35.960298],[140.440963,35.960551],[140.440773,35.960709],[140.440384,35.961019],[140.440202,35.961139],[140.439192,35.961703],[140.439069,35.961775],[140.438439,35.962117],[140.438237,35.962188],[140.438011,35.96224],[140.43791,35.96224]]}},{"type":"Feature","properties":{"id":60258179,"highway":"unclassified"},"geometry":{"type":"LineString","coordinates":[[140.416412,35.963483],[140.416234,35.963567],[140.415164,35.963919],[140.413442,35.964512]]}},{"type":"Feature","properties":{"id":60258180,"highway":"unclassified"},"geometry":{"type":"LineString","coordinates":[[140.419372,35.971442],[140.419281,35.971432],[140.41891,35.971035],[140.418587,35.970749],[140.417015,35.969357],[140.416993,35.969155],[140.417324,35.967619],[140.417347,35.967515],[140.417352,35.967253],[140.413442,35.964512]]}},{"type":"Feature","properties":{"id":60258181,"highway":"unclassified"},"geometry":{"type":"LineString","coordinates":[[140.439196,35.96396],[140.438836,35.963428],[140.438279,35.962603],[140.438268,35.962588],[140.438186,35.962496],[140.43791,35.96224]]}},{"type":"Feature","properties":{"id":60258182,"highway":"unclassified"},"geometry":{"type":"LineString","coordinates":[[140.438914,35.966502],[140.438457,35.966088],[140.438178,35.965752],[140.437889,35.965515],[140.437781,35.965399],[140.437178,35.964733]]}},{"type":"Feature","properties":{"id":60258183,"highway":"unclassified"},"geometry":{"type":"LineString","coordinates":[[140.430217,35.968657],[140.429567,35.96877],[140.429293,35.968845],[140.428927,35.96907],[140.42865,35.96924],[140.428229,35.969459],[140.427903,35.969557],[140.427448,35.969646],[140.427042,35.969725],[140.426546,35.96983],[140.42611,35.969922],[140.424931,35.970257],[140.424539,35.97041],[140.422863,35.970929],[140.421754,35.971229],[140.420983,35.971427],[140.42028,35.971574],[140.419915,35.971636],[140.419875,35.971636],[140.419825,35.971626],[140.419768,35.97161],[140.419475,35.971463],[140.419417,35.971447],[140.419372,35.971442]]}},{"type":"Feature","properties":{"id":61190640,"highway":"tertiary"},"geometry":{"type":"LineString","coordinates":[[140.495107,35.936951],[140.495239,35.936901],[140.495295,35.93688],[140.49635,35.936502],[140.496746,35.93634],[140.497174,35.936152]]}},{"type":"Feature","properties":{"id":61190761,"highway":"tertiary"},"geometry":{"type":"LineString","coordinates":[[140.468474,35.92253],[140.468616,35.92244],[140.469142,35.922173],[140.469483,35.921979],[140.469782,35.92179],[140.470453,35.921362],[140.470677,35.921214],[140.471011,35.920973],[140.471489,35.920586],[140.472112,35.919991],[140.472414,35.919744],[140.472584,35.91962],[140.473429,35.919007],[140.474029,35.918572],[140.474933,35.917873],[140.475261,35.917654],[140.475348,35.917567],[140.475371,35.91753],[140.475379,35.917499],[140.475384,35.917475],[140.475378,35.917395],[140.475332,35.917304]]}},{"type":"Feature","properties":{"id":95945391,"highway":"unclassified"},"geometry":{"type":"LineString","coordinates":[[140.379656,35.952309],[140.379206,35.952894],[140.379103,35.953051],[140.379127,35.953235],[140.379351,35.953433],[140.379692,35.953694],[140.380051,35.954316],[140.380206,35.954423],[140.380477,35.954464],[140.380643,35.954527],[140.381055,35.954813],[140.381427,35.954946],[140.382607,35.955284],[140.382898,35.955424],[140.383126,35.955676],[140.383126,35.955788],[140.383029,35.956036],[140.383036,35.956135],[140.383117,35.956249],[140.383216,35.956319],[140.383527,35.956398],[140.383686,35.956479],[140.383761,35.956587],[140.38378,35.956728],[140.383781,35.956924],[140.383827,35.95704],[140.383892,35.957107],[140.385318,35.95834],[140.385504,35.958418],[140.386168,35.958457],[140.386445,35.958581],[140.386749,35.958905],[140.387413,35.959773],[140.387539,35.959875],[140.38762,35.959941],[140.38789,35.960075],[140.388091,35.960131],[140.388575,35.960344],[140.389185,35.96051],[140.389965,35.961116],[140.390137,35.961222],[140.390684,35.961647],[140.391098,35.961853],[140.391396,35.962123],[140.391516,35.962292],[140.391757,35.962423],[140.392086,35.96255],[140.393338,35.963028],[140.393635,35.963202],[140.394149,35.963547],[140.394292,35.963644],[140.394513,35.963717],[140.394838,35.963728],[140.396643,35.963554],[140.397023,35.963521],[140.397376,35.96342],[140.397978,35.963191],[140.39813,35.963151],[140.399423,35.963101],[140.400025,35.963118],[140.400246,35.963062],[140.400398,35.962978],[140.400951,35.96267],[140.401152,35.962636],[140.401491,35.962651],[140.402088,35.962745],[140.402162,35.962762],[140.402223,35.962786],[140.402272,35.96281],[140.402493,35.962955],[140.402826,35.963214],[140.402889,35.963261],[140.402951,35.963293],[140.403346,35.963433],[140.403416,35.96347],[140.403556,35.963517],[140.403649,35.963534],[140.403705,35.963541],[140.404253,35.963564],[140.405314,35.96379],[140.40549,35.963812],[140.405886,35.963766]]}},{"type":"Feature","properties":{"id":95945394,"highway":"tertiary"},"geometry":{"type":"LineString","coordinates":[[140.401896,35.955486],[140.40199,35.95551],[140.402036,35.955522],[140.402158,35.955587],[140.402214,35.955638],[140.402259,35.955694],[140.402341,35.955816],[140.403025,35.956831],[140.40394,35.95815],[140.403977,35.958196],[140.404075,35.958299],[140.404167,35.958378],[140.404285,35.95846],[140.404406,35.958524],[140.4048,35.958684],[140.40494,35.95875],[140.405278,35.95894],[140.405304,35.958957],[140.407174,35.960073],[140.40754,35.960283],[140.407931,35.960485],[140.408736,35.960903],[140.409118,35.96111],[140.410385,35.961709],[140.41049,35.96177],[140.410593,35.961846],[140.410663,35.961934],[140.410717,35.962017],[140.41075,35.962241],[140.410718,35.962528],[140.410576,35.96437],[140.410607,35.964692],[140.410655,35.964913]]}},{"type":"Feature","properties":{"id":95946102,"highway":"tertiary"},"geometry":{"type":"LineString","coordinates":[[140.43775,35.972183],[140.438757,35.972063],[140.439022,35.972041],[140.439238,35.972031],[140.439433,35.97204],[140.439628,35.972066],[140.440028,35.972111],[140.440569,35.972158],[140.44063,35.972162],[140.441089,35.972186],[140.441253,35.97219],[140.441664,35.972182],[140.441832,35.972167],[140.441989,35.972151],[140.442022,35.972147]]}},{"type":"Feature","properties":{"id":95946103,"highway":"unclassified"},"geometry":{"type":"LineString","coordinates":[[140.444674,35.97162],[140.444737,35.971551],[140.445019,35.970938],[140.445265,35.970528],[140.445545,35.970194],[140.446056,35.969668],[140.447736,35.968263],[140.448426,35.967696],[140.449053,35.967181],[140.449915,35.966472],[140.45062,35.966024],[140.450671,35.966005],[140.451969,35.965476],[140.452873,35.965139],[140.453963,35.964776],[140.455204,35.964341],[140.455559,35.964217],[140.456908,35.963715],[140.457493,35.963339],[140.457685,35.963166],[140.457872,35.962902],[140.458219,35.962237],[140.458351,35.961723],[140.458377,35.961367],[140.458316,35.960875],[140.458042,35.960222],[140.457875,35.959937],[140.457338,35.959107],[140.457316,35.959072],[140.457249,35.958968]]}},{"type":"Feature","properties":{"id":95948041,"highway":"unclassified"},"geometry":{"type":"LineString","coordinates":[[140.435854,35.959582],[140.436021,35.959805],[140.436067,35.959867],[140.436754,35.960788],[140.43677,35.960809],[140.436828,35.960887],[140.437782,35.962137],[140.43791,35.96224]]}},{"type":"Feature","properties":{"id":95948042,"highway":"unclassified"},"geometry":{"type":"LineString","coordinates":[[140.433308,35.949073],[140.433562,35.949033],[140.434006,35.949001],[140.434084,35.949004],[140.434142,35.949011],[140.434381,35.949112],[140.434552,35.949208],[140.434931,35.949245]]}},{"type":"Feature","properties":{"id":95948044,"highway":"unclassified"},"geometry":{"type":"LineString","coordinates":[[140.410268,35.939491],[140.410296,35.939028],[140.410099,35.937917],[140.409929,35.936955],[140.409916,35.936877],[140.409908,35.936823]]}},{"type":"Feature","properties":{"id":95948046,"highway":"unclassified"},"geometry":{"type":"LineString","coordinates":[[140.439602,35.915837],[140.439577,35.91597],[140.43957,35.916067],[140.439582,35.916165],[140.439609,35.916239],[140.439687,35.916382],[140.439788,35.91653],[140.439871,35.916618],[140.439923,35.916674],[140.44002,35.916748],[140.440253,35.916878],[140.44038,35.916949],[140.44097,35.91723],[140.441258,35.917463],[140.441533,35.917761],[140.441747,35.918007],[140.441803,35.91808],[140.441859,35.918164],[140.442013,35.918493],[140.44207,35.918566],[140.44262,35.919181],[140.442742,35.919328],[140.442888,35.919493],[140.443145,35.919772],[140.443291,35.919888],[140.443548,35.92006],[140.443926,35.920289],[140.444085,35.920411],[140.444395,35.920727],[140.444752,35.92106],[140.445182,35.921496],[140.445656,35.921903],[140.445721,35.921985],[140.445836,35.922177],[140.445964,35.922353],[140.446081,35.922475],[140.446162,35.922544],[140.446196,35.922573],[140.446372,35.922722],[140.446543,35.922846],[140.446703,35.922948],[140.446841,35.923037],[140.447152,35.923265],[140.447356,35.923491],[140.447425,35.923597],[140.447823,35.924298],[140.447856,35.924367],[140.447948,35.924478],[140.448442,35.924939],[140.448539,35.92507],[140.448705,35.925311],[140.448965,35.925735],[140.449028,35.925925],[140.449068,35.926126],[140.449105,35.926314],[140.449159,35.926504],[140.449216,35.926648],[140.449305,35.926835],[140.449481,35.92719],[140.449597,35.927353],[140.449723,35.927467],[140.449877,35.927552],[140.450171,35.927677],[140.450332,35.927765],[140.450429,35.927834],[140.450458,35.92785],[140.450475,35.927877],[140.450546,35.927985],[140.450715,35.92842],[140.450749,35.928513],[140.450841,35.928656],[140.450943,35.928762],[140.451023,35.92884],[140.451131,35.92891],[140.451243,35.928961],[140.451354,35.929001],[140.451472,35.929043],[140.451611,35.92908],[140.452026,35.929154],[140.45217,35.92915],[140.452357,35.929132],[140.453057,35.929024],[140.454926,35.928702],[140.45537,35.928631],[140.455582,35.928604],[140.455746,35.928595],[140.456311,35.928608],[140.457547,35.928682],[140.457625,35.928687],[140.457744,35.9287]]}},{"type":"Feature","properties":{"id":95948047,"highway":"unclassified"},"geometry":{"type":"LineString","coordinates":[[140.434363,35.951648],[140.43462,35.95173],[140.435094,35.951844],[140.436348,35.952127],[140.436535,35.952126],[140.436567,35.952157],[140.436612,35.952179],[140.436658,35.952192],[140.437917,35.952481],[140.437846,35.95269],[140.436874,35.955602],[140.436269,35.957347],[140.43617,35.957645],[140.435898,35.95813],[140.435706,35.958473]]}},{"type":"Feature","properties":{"id":95948048,"highway":"tertiary"},"geometry":{"type":"LineString","coordinates":[[140.40199,35.95551],[140.402016,35.955436],[140.402023,35.955382],[140.402015,35.955342],[140.401993,35.955303],[140.401951,35.955234],[140.401929,35.955184],[140.401913,35.955116],[140.401909,35.955055],[140.401913,35.954974],[140.401929,35.954911],[140.401957,35.954836],[140.40198,35.954796],[140.402021,35.954749],[140.402795,35.953848],[140.403049,35.953558],[140.403119,35.953489],[140.403191,35.953433],[140.40329,35.953377],[140.404842,35.952876],[140.405046,35.952814],[140.405249,35.952782],[140.408011,35.952452],[140.408416,35.952404],[140.408532,35.952407],[140.40863,35.952419],[140.408734,35.952449],[140.409012,35.952575],[140.409613,35.952858],[140.409942,35.952988],[140.410123,35.953055],[140.410303,35.953147],[140.410388,35.953211],[140.410877,35.953642],[140.411107,35.953795],[140.411374,35.953965],[140.411723,35.954155],[140.411862,35.954244],[140.412025,35.954378],[140.412131,35.95443],[140.412235,35.954464],[140.41243,35.9545],[140.413013,35.954678],[140.413111,35.954733],[140.41323,35.954829],[140.41334,35.954935],[140.413454,35.955008],[140.413762,35.955172],[140.413867,35.955219],[140.41407,35.955292],[140.414876,35.955523],[140.415019,35.95558],[140.415149,35.955647],[140.415719,35.956001],[140.415903,35.956091],[140.416155,35.956185],[140.41674,35.95635],[140.416922,35.956394],[140.417621,35.956525],[140.417798,35.956535],[140.4181,35.956557],[140.418305,35.956612],[140.418529,35.956689],[140.418655,35.956734],[140.418731,35.956774],[140.418812,35.956858],[140.419369,35.957799],[140.419438,35.957875],[140.41954,35.95794],[140.420082,35.958177],[140.42026,35.958257],[140.420349,35.958316],[140.420414,35.958392],[140.420467,35.958472],[140.420498,35.958547],[140.42072,35.959804],[140.420722,35.959878],[140.420707,35.959949],[140.420656,35.960046],[140.420602,35.960115],[140.420516,35.960183],[140.419042,35.961207],[140.418307,35.961865],[140.417545,35.96252],[140.417334,35.9627],[140.416965,35.962973],[140.41679,35.963138],[140.416617,35.963331],[140.416516,35.96342],[140.416412,35.963483]]}},{"type":"Feature","properties":{"id":95948049,"highway":"unclassified"},"geometry":{"type":"LineString","coordinates":[[140.435706,35.958473],[140.43562,35.9589],[140.435688,35.959316],[140.435854,35.959582]]}},{"type":"Feature","properties":{"id":95948050,"highway":"tertiary"},"geometry":{"type":"LineString","coordinates":[[140.423468,35.935393],[140.423471,35.935294],[140.423478,35.935223],[140.42349,35.935156],[140.423515,35.935054],[140.423554,35.934942],[140.423591,35.934868],[140.423655,35.93475],[140.423973,35.9343],[140.4243,35.933868]]}},{"type":"Feature","properties":{"id":95948051,"highway":"unclassified"},"geometry":{"type":"LineString","coordinates":[[140.422146,35.950359],[140.423511,35.950654]]}},{"type":"Feature","properties":{"id":95948054,"highway":"unclassified"},"geometry":{"type":"LineString","coordinates":[[140.442746,35.944519],[140.442728,35.944566],[140.442723,35.944578],[140.4427,35.94462],[140.442647,35.944696],[140.442582,35.944779],[140.442133,35.945312],[140.440013,35.947821],[140.438086,35.950105],[140.437463,35.950848],[140.436587,35.95189],[140.436544,35.951982],[140.436523,35.952042],[140.436526,35.952087],[140.436535,35.952126]]}},{"type":"Feature","properties":{"id":95948055,"highway":"unclassified"},"geometry":{"type":"LineString","coordinates":[[140.437463,35.950848],[140.436,35.950334],[140.435484,35.950073],[140.435207,35.949957],[140.435041,35.94991],[140.43461,35.949876],[140.434223,35.949889],[140.433939,35.949881],[140.433573,35.949904],[140.433149,35.950354]]}},{"type":"Feature","properties":{"id":95948056,"highway":"unclassified"},"geometry":{"type":"LineString","coordinates":[[140.423784,35.936079],[140.423673,35.936203],[140.422951,35.93703],[140.422149,35.937952],[140.421358,35.938836],[140.421347,35.938871],[140.421343,35.938921],[140.421376,35.939041],[140.421428,35.939208],[140.421437,35.939251],[140.421471,35.939524],[140.421457,35.939657],[140.421409,35.93983],[140.420986,35.94104],[140.420963,35.941129],[140.420838,35.941919],[140.420822,35.942023],[140.420595,35.943077],[140.420543,35.943342],[140.420422,35.94404],[140.420229,35.94524],[140.420143,35.94574],[140.420141,35.945924],[140.420145,35.94615],[140.420276,35.947283],[140.420359,35.947642],[140.420486,35.948234],[140.420989,35.948216],[140.421513,35.948237],[140.421828,35.949182],[140.42202,35.949706],[140.42206,35.949933],[140.422146,35.950359],[140.42213,35.950461],[140.421932,35.951874],[140.421905,35.95231]]}},{"type":"Feature","properties":{"id":95948058,"highway":"unclassified"},"geometry":{"type":"LineString","coordinates":[[140.399089,35.938438],[140.399103,35.938477],[140.399122,35.938487],[140.399301,35.938496],[140.399819,35.938488],[140.400172,35.938512],[140.40082,35.938577],[140.402231,35.938977],[140.403142,35.939235],[140.403414,35.939335],[140.403758,35.939448],[140.404557,35.939716],[140.405471,35.939756],[140.406689,35.93981],[140.407994,35.939847],[140.408608,35.939711],[140.409517,35.939499],[140.410268,35.939491],[140.410669,35.939537],[140.411389,35.939621],[140.412166,35.939821],[140.412522,35.939925],[140.41278,35.940054],[140.412961,35.940173],[140.413038,35.940238],[140.4136,35.940543],[140.413839,35.940492],[140.414011,35.940367],[140.414321,35.940207],[140.415295,35.939963],[140.415892,35.93983],[140.416393,35.939712],[140.41761,35.939449],[140.418293,35.939356],[140.41854,35.939328],[140.41886,35.939315],[140.41904,35.93932],[140.419326,35.939412],[140.419617,35.939493],[140.420014,35.939469],[140.42049,35.939509],[140.420598,35.939512],[140.420669,35.93951],[140.420742,35.939489],[140.420814,35.939437],[140.421051,35.939237],[140.421262,35.939101],[140.421376,35.939041]]}},{"type":"Feature","properties":{"id":95948059,"highway":"unclassified"},"geometry":{"type":"LineString","coordinates":[[140.413442,35.964512],[140.411233,35.965261],[140.410829,35.9654]]}},{"type":"Feature","properties":{"id":95948060,"highway":"tertiary"},"geometry":{"type":"LineString","coordinates":[[140.4243,35.933868],[140.424336,35.933829],[140.424375,35.9338],[140.424758,35.933454],[140.426378,35.932193],[140.428816,35.930263],[140.429907,35.929389],[140.431321,35.928279],[140.433787,35.926345]]}},{"type":"Feature","properties":{"id":95948061,"highway":"unclassified"},"geometry":{"type":"LineString","coordinates":[[140.410099,35.937917],[140.412464,35.937603],[140.41481,35.937312],[140.417162,35.937016],[140.419516,35.936719],[140.42186,35.936425],[140.423673,35.936203]]}},{"type":"Feature","properties":{"id":95948062,"highway":"unclassified"},"geometry":{"type":"LineString","coordinates":[[140.435284,35.948176],[140.436509,35.948542]]}},{"type":"Feature","properties":{"id":95948063,"highway":"unclassified"},"geometry":{"type":"LineString","coordinates":[[140.440646,35.920907],[140.440373,35.92067],[140.440334,35.920624],[140.440311,35.920567],[140.440298,35.920433],[140.440296,35.920285]]}},{"type":"Feature","properties":{"id":95948064,"highway":"tertiary"},"geometry":{"type":"LineString","coordinates":[[140.423784,35.936079],[140.423699,35.936036],[140.423663,35.936019],[140.423621,35.935977],[140.423578,35.935901],[140.423534,35.935788],[140.423484,35.935574],[140.423468,35.935393]]}},{"type":"Feature","properties":{"id":95948066,"highway":"unclassified"},"geometry":{"type":"LineString","coordinates":[[140.43211,35.948313],[140.433308,35.949073],[140.433345,35.949117],[140.433472,35.949545],[140.43353,35.949816],[140.433573,35.949904]]}},{"type":"Feature","properties":{"id":95948067,"highway":"unclassified"},"geometry":{"type":"LineString","coordinates":[[140.424419,35.935369],[140.424981,35.935639],[140.425074,35.935692],[140.42511,35.935727],[140.425126,35.935772],[140.42513,35.93583],[140.42515,35.935882],[140.425568,35.936222],[140.427522,35.937307],[140.427864,35.937466],[140.429692,35.938207],[140.431557,35.939408],[140.433413,35.940596],[140.435295,35.941802],[140.436159,35.942552],[140.436901,35.943379],[140.437312,35.943832],[140.439012,35.94432],[140.439868,35.944574]]}},{"type":"Feature","properties":{"id":95948069,"highway":"residential"},"geometry":{"type":"LineString","coordinates":[[140.44036,35.918772],[140.440506,35.918653],[140.441101,35.918104],[140.441533,35.917761]]}},{"type":"Feature","properties":{"id":95948071,"highway":"unclassified"},"geometry":{"type":"LineString","coordinates":[[140.453379,35.921487],[140.45074,35.922891],[140.448779,35.923932],[140.448355,35.92405],[140.448167,35.924136],[140.447856,35.924367],[140.44762,35.924545],[140.447523,35.924675],[140.447477,35.925205],[140.447439,35.925651],[140.447396,35.926473],[140.447353,35.926505],[140.445605,35.927893],[140.443154,35.929851],[140.44069,35.931808]]}},{"type":"Feature","properties":{"id":95949443,"highway":"unclassified"},"geometry":{"type":"LineString","coordinates":[[140.407318,35.97708],[140.406418,35.977685],[140.405876,35.977896],[140.403769,35.978729],[140.401647,35.979573]]}},{"type":"Feature","properties":{"id":95949446,"highway":"unclassified"},"geometry":{"type":"LineString","coordinates":[[140.397023,35.963521],[140.396881,35.964269],[140.39732,35.965124],[140.397641,35.965407],[140.397698,35.96569],[140.397698,35.965931],[140.397797,35.966125],[140.398071,35.966336],[140.398123,35.966538],[140.398354,35.966786],[140.399085,35.967326],[140.399263,35.967585],[140.399293,35.967837],[140.39936,35.968114],[140.399644,35.968236],[140.399849,35.968292],[140.40016,35.968517],[140.400635,35.968723],[140.400807,35.968962],[140.400919,35.969327],[140.401151,35.969505],[140.401505,35.969549],[140.401858,35.969708],[140.402067,35.969938],[140.402136,35.970212],[140.402509,35.970181],[140.402523,35.970426],[140.402698,35.970754],[140.403014,35.971075],[140.403349,35.971217],[140.403994,35.971811]]}},{"type":"Feature","properties":{"id":95949449,"highway":"unclassified"},"geometry":{"type":"LineString","coordinates":[[140.405393,35.97083],[140.403994,35.971811],[140.403795,35.971955],[140.403781,35.971983],[140.403785,35.972025],[140.403814,35.972192],[140.403817,35.972244],[140.403792,35.972282],[140.40374,35.972331],[140.403596,35.972448],[140.403474,35.972535],[140.403336,35.972625],[140.403126,35.97274],[140.402445,35.973057],[140.40234,35.973099],[140.401962,35.973268],[140.40022,35.973989],[140.39985,35.973991],[140.398944,35.974414],[140.398802,35.974463]]}},{"type":"Feature","properties":{"id":95949450,"highway":"unclassified"},"geometry":{"type":"LineString","coordinates":[[140.411359,35.972963],[140.409967,35.973731],[140.408025,35.974793],[140.407553,35.97506]]}},{"type":"Feature","properties":{"id":95949453,"highway":"unclassified"},"geometry":{"type":"LineString","coordinates":[[140.403817,35.972244],[140.403871,35.972276],[140.40445,35.972821],[140.404477,35.97283],[140.404509,35.972837],[140.404622,35.972863],[140.40465,35.972875],[140.405055,35.973375],[140.405118,35.973469]]}},{"type":"Feature","properties":{"id":95949454,"highway":"unclassified"},"geometry":{"type":"LineString","coordinates":[[140.40009,35.978907],[140.401499,35.979437],[140.401554,35.979444],[140.401647,35.979573],[140.402272,35.980649],[140.402969,35.981845],[140.40386,35.983373],[140.403964,35.983691]]}},{"type":"Feature","properties":{"id":95949462,"highway":"unclassified"},"geometry":{"type":"LineString","coordinates":[[140.405907,35.974864],[140.40543,35.974992],[140.404391,35.975396],[140.40227,35.976234],[140.401913,35.97635],[140.401756,35.976392],[140.401336,35.976546],[140.401236,35.976634],[140.401182,35.976669],[140.400904,35.976809],[140.400726,35.976599],[140.40056,35.976417],[140.400434,35.976289],[140.400352,35.976163],[140.39993,35.975452]]}},{"type":"Feature","properties":{"id":95949465,"highway":"unclassified"},"geometry":{"type":"LineString","coordinates":[[140.401554,35.979444],[140.401539,35.979393],[140.401124,35.978778],[140.401047,35.978661],[140.401174,35.978519],[140.401148,35.978285],[140.400948,35.977991],[140.400476,35.977289],[140.400362,35.977094],[140.399597,35.977287],[140.399533,35.977315],[140.399475,35.977359],[140.39909,35.977433]]}},{"type":"Feature","properties":{"id":95949468,"highway":"unclassified"},"geometry":{"type":"LineString","coordinates":[[140.405118,35.973469],[140.405347,35.973845],[140.405482,35.974072],[140.405618,35.974338],[140.405633,35.974393],[140.405749,35.974629],[140.405907,35.974864],[140.406049,35.975092],[140.406567,35.975867],[140.407175,35.976762],[140.407318,35.97708],[140.407564,35.977311],[140.407908,35.977547]]}},{"type":"Feature","properties":{"id":95949471,"highway":"unclassified"},"geometry":{"type":"LineString","coordinates":[[140.400387,35.979772],[140.401499,35.979437]]}},{"type":"Feature","properties":{"id":95949474,"highway":"unclassified"},"geometry":{"type":"LineString","coordinates":[[140.406992,35.973544],[140.408025,35.974793],[140.409496,35.97657]]}},{"type":"Feature","properties":{"id":95949475,"highway":"unclassified"},"geometry":{"type":"LineString","coordinates":[[140.4028,35.973986],[140.402519,35.973522],[140.40234,35.973099]]}},{"type":"Feature","properties":{"id":95949477,"highway":"unclassified"},"geometry":{"type":"LineString","coordinates":[[140.400153,35.979162],[140.399049,35.979601],[140.397977,35.980025]]}},{"type":"Feature","properties":{"id":95949480,"highway":"unclassified"},"geometry":{"type":"LineString","coordinates":[[140.407908,35.977547],[140.408136,35.977695]]}},{"type":"Feature","properties":{"id":95949483,"highway":"unclassified"},"geometry":{"type":"LineString","coordinates":[[140.405682,35.973228],[140.405872,35.973436],[140.406098,35.973335],[140.40714,35.974429],[140.407553,35.97506]]}},{"type":"Feature","properties":{"id":95949486,"highway":"unclassified"},"geometry":{"type":"LineString","coordinates":[[140.409015,35.972485],[140.409036,35.972585],[140.409967,35.973731],[140.411457,35.975514]]}},{"type":"Feature","properties":{"id":95949492,"highway":"unclassified"},"geometry":{"type":"LineString","coordinates":[[140.403694,35.980145],[140.403439,35.980193],[140.402272,35.980649],[140.400894,35.981185],[140.400696,35.981254],[140.400614,35.981303],[140.400584,35.981334],[140.400573,35.981377],[140.400571,35.981416],[140.4006,35.981488],[140.400544,35.981518],[140.400245,35.981647],[140.398156,35.982475],[140.397625,35.982537],[140.397386,35.982582],[140.397173,35.982643],[140.397113,35.98268]]}},{"type":"Feature","properties":{"id":95949494,"highway":"unclassified"},"geometry":{"type":"LineString","coordinates":[[140.403964,35.983691],[140.404134,35.984028]]}},{"type":"Feature","properties":{"id":95949496,"highway":"unclassified"},"geometry":{"type":"LineString","coordinates":[[140.40445,35.972821],[140.405752,35.971902],[140.405863,35.972044],[140.405937,35.97211],[140.406013,35.97215]]}},{"type":"Feature","properties":{"id":95949497,"highway":"unclassified"},"geometry":{"type":"LineString","coordinates":[[140.405841,35.971055],[140.405393,35.97083],[140.404769,35.970494],[140.404705,35.970457],[140.40459,35.970408],[140.404449,35.970371]]}},{"type":"Feature","properties":{"id":95949501,"highway":"unclassified"},"geometry":{"type":"LineString","coordinates":[[140.398749,35.976385],[140.398957,35.977054],[140.399053,35.977402],[140.39909,35.977433],[140.399143,35.977494],[140.399335,35.97764],[140.399599,35.977831],[140.399663,35.97793],[140.399743,35.978096],[140.39981,35.978297],[140.399836,35.97853],[140.40009,35.978907],[140.400153,35.979162],[140.400387,35.979772],[140.400593,35.980374],[140.400603,35.980466],[140.400894,35.981185]]}},{"type":"Feature","properties":{"id":95949503,"highway":"unclassified"},"geometry":{"type":"LineString","coordinates":[[140.400245,35.981647],[140.400724,35.982435],[140.401186,35.983206],[140.40067,35.983367],[140.400257,35.983415],[140.400014,35.983469],[140.3996,35.983648],[140.398918,35.983762],[140.397793,35.983952],[140.397453,35.983933],[140.397227,35.983874]]}},{"type":"Feature","properties":{"id":95951345,"highway":"unclassified"},"geometry":{"type":"LineString","coordinates":[[140.403822,35.950814],[140.404945,35.952142]]}},{"type":"Feature","properties":{"id":95951349,"highway":"unclassified"},"geometry":{"type":"LineString","coordinates":[[140.399645,35.949955],[140.399779,35.950156],[140.39992,35.950325],[140.400007,35.950449],[140.40004,35.950474],[140.400344,35.950607],[140.400651,35.950676],[140.400779,35.950779],[140.400872,35.950877],[140.401116,35.951091],[140.401269,35.951198],[140.401348,35.951263],[140.401635,35.951608],[140.401681,35.95167],[140.402983,35.953181]]}},{"type":"Feature","properties":{"id":95951356,"highway":"tertiary"},"geometry":{"type":"LineString","coordinates":[[140.414206,35.97286],[140.414327,35.972815],[140.414613,35.972738],[140.416517,35.972128],[140.418466,35.971486]]}},{"type":"Feature","properties":{"id":95951358,"highway":"unclassified"},"geometry":{"type":"LineString","coordinates":[[140.396609,35.951869],[140.39712,35.952019],[140.398848,35.952494],[140.399109,35.95256],[140.401635,35.951608],[140.403693,35.950822],[140.403822,35.950814],[140.404944,35.950794],[140.407282,35.950801],[140.409627,35.950793],[140.410764,35.951269],[140.412843,35.952146],[140.414924,35.953029],[140.416057,35.9535],[140.416159,35.953529],[140.416171,35.953531],[140.416283,35.953549],[140.416469,35.953572],[140.416717,35.953631],[140.417094,35.953768],[140.417459,35.953916],[140.417731,35.954003],[140.418068,35.954068],[140.418513,35.954116],[140.418608,35.954118],[140.418624,35.954225],[140.419257,35.954208],[140.419777,35.954396],[140.419785,35.954408],[140.419785,35.95443],[140.419716,35.954603],[140.419509,35.955091]]}},{"type":"Feature","properties":{"id":95951363,"highway":"unclassified"},"geometry":{"type":"LineString","coordinates":[[140.40583,35.971151],[140.406617,35.971503],[140.408308,35.971007],[140.410317,35.970427],[140.412315,35.969845]]}},{"type":"Feature","properties":{"id":95951370,"highway":"unclassified"},"geometry":{"type":"LineString","coordinates":[[140.404932,35.94863],[140.404944,35.950794],[140.404945,35.952142],[140.404954,35.952589]]}},{"type":"Feature","properties":{"id":95951376,"highway":"tertiary"},"geometry":{"type":"LineString","coordinates":[[140.418466,35.971486],[140.418467,35.971564],[140.418403,35.971643],[140.418274,35.971819],[140.41823,35.971944],[140.418221,35.972049],[140.418231,35.97216],[140.418282,35.972307],[140.419124,35.974641],[140.41916,35.974795],[140.419179,35.974931],[140.419177,35.975072],[140.419144,35.975204],[140.419069,35.97538],[140.418882,35.975719],[140.418169,35.977051],[140.417954,35.977454],[140.417926,35.977531],[140.417879,35.977728],[140.417791,35.978329],[140.417699,35.978587],[140.417541,35.978941]]}},{"type":"Feature","properties":{"id":95951378,"highway":"residential"},"geometry":{"type":"LineString","coordinates":[[140.400575,35.941561],[140.400573,35.941579],[140.40054,35.942061],[140.400406,35.942206],[140.400346,35.942271],[140.400296,35.94234],[140.40028,35.942431],[140.400338,35.942856],[140.400375,35.94301],[140.400648,35.943505],[140.401014,35.943956],[140.401272,35.944209],[140.401706,35.944728],[140.402104,35.945402],[140.40223,35.945668],[140.402274,35.945858],[140.402255,35.946023],[140.402199,35.946172],[140.40214,35.94628],[140.401972,35.946696],[140.401922,35.946911],[140.401914,35.947129],[140.401956,35.947359],[140.402026,35.947538],[140.40229,35.948111],[140.40243,35.948442],[140.402768,35.949184]]}},{"type":"Feature","properties":{"id":95951380,"highway":"unclassified"},"geometry":{"type":"LineString","coordinates":[[140.408948,35.972474],[140.408918,35.972347],[140.408308,35.971007]]}},{"type":"Feature","properties":{"id":95951390,"highway":"unclassified"},"geometry":{"type":"LineString","coordinates":[[140.413823,35.972969],[140.414206,35.97286]]}},{"type":"Feature","properties":{"id":95951392,"highway":"unclassified"},"geometry":{"type":"LineString","coordinates":[[140.411501,35.968057],[140.409521,35.968631],[140.408182,35.969012],[140.408099,35.969138]]}},{"type":"Feature","properties":{"id":95951396,"highway":"unclassified"},"geometry":{"type":"LineString","coordinates":[[140.402835,35.949178],[140.403131,35.949851],[140.403436,35.950416],[140.403693,35.950822]]}},{"type":"Feature","properties":{"id":95951400,"highway":"tertiary"},"geometry":{"type":"LineString","coordinates":[[140.417541,35.978941],[140.416554,35.981217],[140.416115,35.982226],[140.415451,35.983234],[140.414815,35.98392],[140.413967,35.984569],[140.413446,35.984815],[140.412903,35.984999],[140.412427,35.985108],[140.409833,35.985497],[140.409573,35.985543],[140.409314,35.985625],[140.40801,35.9863],[140.406032,35.987306],[140.404922,35.987914],[140.404562,35.988053],[140.401452,35.98865]]}},{"type":"Feature","properties":{"id":95951401,"highway":"service"},"geometry":{"type":"LineString","coordinates":[[140.412413,35.973182],[140.412434,35.973256],[140.412517,35.973359],[140.413437,35.974474]]}},{"type":"Feature","properties":{"id":95951402,"highway":"unclassified"},"geometry":{"type":"LineString","coordinates":[[140.4098,35.972643],[140.409851,35.972583],[140.411147,35.972219],[140.413125,35.971644]]}},{"type":"Feature","properties":{"id":95951405,"highway":"unclassified"},"geometry":{"type":"LineString","coordinates":[[140.412022,35.973093],[140.412058,35.973055],[140.412114,35.973019],[140.413143,35.97309],[140.413246,35.97308],[140.41345,35.973056],[140.413711,35.973004],[140.413823,35.972969]]}},{"type":"Feature","properties":{"id":95951409,"highway":"unclassified"},"geometry":{"type":"LineString","coordinates":[[140.400421,35.954665],[140.400401,35.954707],[140.399189,35.957562],[140.398411,35.959368],[140.397646,35.961192],[140.397635,35.961217]]}},{"type":"Feature","properties":{"id":95951412,"highway":"unclassified"},"geometry":{"type":"LineString","coordinates":[[140.418466,35.971486],[140.418691,35.971436],[140.418768,35.971435]]}},{"type":"Feature","properties":{"id":95951415,"highway":"unclassified"},"geometry":{"type":"LineString","coordinates":[[140.393196,35.959933],[140.395421,35.960569],[140.397646,35.961192],[140.398816,35.961518],[140.400766,35.962083],[140.401199,35.962202],[140.401262,35.962179],[140.401513,35.962062],[140.401543,35.962041],[140.40157,35.962051],[140.401722,35.962177]]}},{"type":"Feature","properties":{"id":96098230,"highway":"unclassified"},"geometry":{"type":"LineString","coordinates":[[140.403758,35.939448],[140.403742,35.9399],[140.403674,35.940277],[140.403584,35.94027]]}},{"type":"Feature","properties":{"id":96098234,"highway":"unclassified"},"geometry":{"type":"LineString","coordinates":[[140.408308,35.94076],[140.408612,35.940753],[140.408758,35.940732],[140.409521,35.940624],[140.41008,35.940503],[140.410153,35.940437],[140.410616,35.940395],[140.411555,35.94041],[140.411726,35.940433],[140.411798,35.940536],[140.411811,35.940553],[140.412049,35.941159],[140.412296,35.941267],[140.412342,35.941355],[140.413842,35.941159],[140.414959,35.940984],[140.415707,35.940856],[140.416161,35.940779],[140.416344,35.940749],[140.41649,35.94076],[140.416569,35.940821],[140.416704,35.941108],[140.416772,35.941229],[140.418269,35.941303],[140.418499,35.941332],[140.418674,35.941377],[140.419134,35.94154],[140.41935,35.941621],[140.419576,35.941728],[140.419734,35.941847],[140.419892,35.942024],[140.419927,35.942063],[140.419975,35.942138],[140.420009,35.942203],[140.42003,35.942305],[140.420042,35.942574],[140.420041,35.942831],[140.420041,35.942933],[140.420051,35.943185],[140.420063,35.943277],[140.42006,35.943488],[140.420053,35.94355],[140.420022,35.943702],[140.419968,35.943903],[140.419808,35.944494],[140.41971,35.944806],[140.419654,35.945017],[140.419635,35.94512],[140.419629,35.945245],[140.419631,35.945315],[140.41966,35.945434],[140.419728,35.945597],[140.419831,35.945803],[140.41995,35.945954],[140.420048,35.946049],[140.420145,35.94615]]}},{"type":"Feature","properties":{"id":96098238,"highway":"unclassified"},"geometry":{"type":"LineString","coordinates":[[140.401466,35.959229],[140.402144,35.959415],[140.403473,35.959792],[140.403807,35.960097]]}},{"type":"Feature","properties":{"id":96098241,"highway":"unclassified"},"geometry":{"type":"LineString","coordinates":[[140.421477,35.953776],[140.420754,35.953678],[140.420577,35.953584],[140.420192,35.95358],[140.42005,35.953572],[140.419694,35.953491]]}},{"type":"Feature","properties":{"id":96098242,"highway":"unclassified"},"geometry":{"type":"LineString","coordinates":[[140.410006,35.947393],[140.409864,35.947346],[140.409541,35.947267],[140.409324,35.947234],[140.409243,35.947245],[140.409159,35.947276],[140.40907,35.947353],[140.408887,35.947644],[140.40849,35.948124]]}},{"type":"Feature","properties":{"id":96098245,"highway":"unclassified"},"geometry":{"type":"LineString","coordinates":[[140.40465,35.961064],[140.40444,35.961169],[140.404368,35.961287],[140.404132,35.961602],[140.40396,35.961747],[140.403898,35.961774]]}},{"type":"Feature","properties":{"id":96098247,"highway":"unclassified"},"geometry":{"type":"LineString","coordinates":[[140.408608,35.939711],[140.408612,35.940753],[140.408612,35.940825],[140.408566,35.941615],[140.408566,35.942053],[140.408699,35.942255],[140.408766,35.942487],[140.408959,35.942703],[140.409013,35.942863],[140.408978,35.94301],[140.408485,35.943829]]}},{"type":"Feature","properties":{"id":96098249,"highway":"unclassified"},"geometry":{"type":"LineString","coordinates":[[140.420435,35.955328],[140.420437,35.958058]]}},{"type":"Feature","properties":{"id":96098250,"highway":"unclassified"},"geometry":{"type":"LineString","coordinates":[[140.408736,35.960903],[140.408497,35.961199],[140.407188,35.96225],[140.405619,35.963486]]}},{"type":"Feature","properties":{"id":96098252,"highway":"unclassified"},"geometry":{"type":"LineString","coordinates":[[140.422194,35.955311],[140.421895,35.955249],[140.421812,35.955214],[140.421741,35.955168],[140.421567,35.955014],[140.421412,35.954925],[140.421327,35.95486],[140.421101,35.954643],[140.420954,35.954506]]}},{"type":"Feature","properties":{"id":96098253,"highway":"unclassified"},"geometry":{"type":"LineString","coordinates":[[140.417802,35.951917],[140.418013,35.952149],[140.418242,35.952348],[140.418678,35.952626],[140.418967,35.952812],[140.419408,35.952726],[140.419726,35.952764],[140.419908,35.953151],[140.420158,35.953381],[140.420192,35.95358],[140.420188,35.953797],[140.420429,35.954346],[140.420675,35.95447],[140.420768,35.954511],[140.420824,35.954535]]}},{"type":"Feature","properties":{"id":96098254,"highway":"unclassified"},"geometry":{"type":"LineString","coordinates":[[140.420634,35.94879],[140.421024,35.948703],[140.4213,35.948666]]}},{"type":"Feature","properties":{"id":96098256,"highway":"unclassified"},"geometry":{"type":"LineString","coordinates":[[140.416704,35.941108],[140.417893,35.940863],[140.419454,35.940493],[140.419736,35.94044],[140.420472,35.940241]]}},{"type":"Feature","properties":{"id":96098257,"highway":"unclassified"},"geometry":{"type":"LineString","coordinates":[[140.407334,35.964786],[140.408805,35.96364],[140.410227,35.962479],[140.410333,35.962482]]}},{"type":"Feature","properties":{"id":96098258,"highway":"unclassified"},"geometry":{"type":"LineString","coordinates":[[140.405442,35.939084],[140.404541,35.93919]]}},{"type":"Feature","properties":{"id":96098259,"highway":"unclassified"},"geometry":{"type":"LineString","coordinates":[[140.409407,35.965215],[140.40912,35.965339],[140.40903,35.96539],[140.408053,35.966215]]}},{"type":"Feature","properties":{"id":96098260,"highway":"unclassified"},"geometry":{"type":"LineString","coordinates":[[140.422654,35.953783],[140.422636,35.953799],[140.422511,35.953963],[140.422363,35.954169],[140.422319,35.954246],[140.422301,35.954835],[140.4223,35.954944],[140.422284,35.955075],[140.422267,35.955148],[140.422239,35.955221],[140.422194,35.955311],[140.42191,35.955791]]}},{"type":"Feature","properties":{"id":96098263,"highway":"unclassified"},"geometry":{"type":"LineString","coordinates":[[140.418099,35.956397],[140.418098,35.956366],[140.418098,35.956331],[140.418097,35.955061],[140.418068,35.954068],[140.418062,35.954001],[140.418081,35.953813],[140.418096,35.953694],[140.41819,35.953384],[140.41832,35.953073]]}},{"type":"Feature","properties":{"id":96098264,"highway":"unclassified"},"geometry":{"type":"LineString","coordinates":[[140.417094,35.953768],[140.415814,35.955784]]}},{"type":"Feature","properties":{"id":96098265,"highway":"unclassified"},"geometry":{"type":"LineString","coordinates":[[140.408974,35.947671],[140.408887,35.947644]]}},{"type":"Feature","properties":{"id":96098266,"highway":"unclassified"},"geometry":{"type":"LineString","coordinates":[[140.420822,35.942023],[140.420476,35.941978],[140.420149,35.941948],[140.420044,35.941968],[140.419892,35.942024]]}},{"type":"Feature","properties":{"id":96098269,"highway":"residential"},"geometry":{"type":"LineString","coordinates":[[140.425294,35.953389],[140.42484,35.95473],[140.424705,35.95513],[140.424658,35.955272],[140.424647,35.955321],[140.42465,35.955354],[140.424671,35.955649],[140.424658,35.955784],[140.424546,35.956383],[140.42434,35.957082],[140.42428,35.957357],[140.424111,35.958174],[140.423987,35.958772],[140.423941,35.959115]]}},{"type":"Feature","properties":{"id":96098271,"highway":"unclassified"},"geometry":{"type":"LineString","coordinates":[[140.41859,35.951492],[140.419151,35.950505],[140.4194,35.9502],[140.419559,35.949977],[140.420109,35.949621],[140.420084,35.949446],[140.420049,35.949032],[140.420085,35.948674],[140.420093,35.948285]]}},{"type":"Feature","properties":{"id":96098274,"highway":"unclassified"},"geometry":{"type":"LineString","coordinates":[[140.420629,35.949643],[140.420498,35.949714],[140.420468,35.949719],[140.420439,35.949707],[140.420364,35.949661],[140.420253,35.94963],[140.42017,35.949625],[140.420109,35.949621]]}},{"type":"Feature","properties":{"id":96098279,"highway":"unclassified"},"geometry":{"type":"LineString","coordinates":[[140.407467,35.937133],[140.407476,35.937173],[140.407504,35.937298],[140.407617,35.937474],[140.407866,35.938829],[140.407963,35.93919],[140.407956,35.939602],[140.407994,35.939847]]}},{"type":"Feature","properties":{"id":96098281,"highway":"unclassified"},"geometry":{"type":"LineString","coordinates":[[140.412307,35.942533],[140.413207,35.942585],[140.413627,35.942502],[140.414473,35.942516],[140.414585,35.94252],[140.414685,35.942539],[140.414901,35.942624],[140.414943,35.942634],[140.414975,35.942636],[140.415015,35.942627],[140.415081,35.942593],[140.415171,35.942532],[140.415295,35.942424],[140.415337,35.942366],[140.415352,35.942331],[140.415336,35.942065],[140.415297,35.941944],[140.415236,35.941658],[140.415166,35.941452],[140.415458,35.941341],[140.415805,35.941256],[140.415707,35.940856]]}},{"type":"Feature","properties":{"id":96098286,"highway":"unclassified"},"geometry":{"type":"LineString","coordinates":[[140.406592,35.939318],[140.407963,35.93919],[140.409025,35.939009],[140.4098,35.939021],[140.410296,35.939028]]}},{"type":"Feature","properties":{"id":96098287,"highway":"unclassified"},"geometry":{"type":"LineString","coordinates":[[140.405473,35.939271],[140.406038,35.939243],[140.406154,35.939269],[140.406554,35.939191]]}},{"type":"Feature","properties":{"id":96098290,"highway":"unclassified"},"geometry":{"type":"LineString","coordinates":[[140.401702,35.963842],[140.402341,35.963791]]}},{"type":"Feature","properties":{"id":96098293,"highway":"unclassified"},"geometry":{"type":"LineString","coordinates":[[140.42213,35.950461],[140.421664,35.950548],[140.421352,35.950623],[140.421246,35.950698],[140.421148,35.950795],[140.420983,35.950814],[140.42075,35.95079]]}},{"type":"Feature","properties":{"id":96098295,"highway":"unclassified"},"geometry":{"type":"LineString","coordinates":[[140.410669,35.939537],[140.410616,35.940395]]}},{"type":"Feature","properties":{"id":96098296,"highway":"unclassified"},"geometry":{"type":"LineString","coordinates":[[140.420486,35.948234],[140.42051,35.948298],[140.420606,35.948664],[140.420634,35.94879],[140.420652,35.94925],[140.420626,35.949447],[140.420622,35.949596],[140.420629,35.949643],[140.420684,35.950013],[140.42075,35.95079],[140.420565,35.951358],[140.420559,35.951374],[140.420381,35.951923]]}},{"type":"Feature","properties":{"id":96098301,"highway":"unclassified"},"geometry":{"type":"LineString","coordinates":[[140.418445,35.953014],[140.418533,35.953108],[140.418618,35.953179],[140.41871,35.953227],[140.418833,35.953285],[140.418845,35.953308],[140.418849,35.953328],[140.418795,35.953583],[140.418634,35.954099],[140.418608,35.954118]]}},{"type":"Feature","properties":{"id":96098303,"highway":"unclassified"},"geometry":{"type":"LineString","coordinates":[[140.424705,35.95513],[140.423904,35.955227],[140.423874,35.955243],[140.423872,35.955271],[140.423995,35.955749],[140.424033,35.955912],[140.424048,35.95604],[140.424045,35.956155],[140.424014,35.95626],[140.423924,35.956562],[140.423627,35.957318],[140.423476,35.957828],[140.423399,35.958109],[140.423201,35.958957]]}},{"type":"Feature","properties":{"id":96098308,"highway":"unclassified"},"geometry":{"type":"LineString","coordinates":[[140.409799,35.965913],[140.409786,35.965829],[140.409757,35.965753],[140.409618,35.965507],[140.409459,35.965265],[140.409407,35.965215],[140.408805,35.96364],[140.407188,35.96225],[140.405539,35.960889],[140.404888,35.960338],[140.404253,35.95978]]}},{"type":"Feature","properties":{"id":96098310,"highway":"unclassified"},"geometry":{"type":"LineString","coordinates":[[140.419831,35.945803],[140.419608,35.94589],[140.4194,35.946069],[140.419226,35.946172],[140.419065,35.946146],[140.418986,35.946107],[140.418928,35.946027],[140.418849,35.945929]]}},{"type":"Feature","properties":{"id":96098313,"highway":"unclassified"},"geometry":{"type":"LineString","coordinates":[[140.41008,35.940503],[140.410117,35.940931],[140.41028,35.941752],[140.410273,35.941873],[140.410229,35.942348]]}},{"type":"Feature","properties":{"id":96098317,"highway":"unclassified"},"geometry":{"type":"LineString","coordinates":[[140.42202,35.949706],[140.421774,35.949761],[140.421333,35.949929],[140.42121,35.949967],[140.420684,35.950013]]}},{"type":"Feature","properties":{"id":96098320,"highway":"unclassified"},"geometry":{"type":"LineString","coordinates":[[140.416393,35.939712],[140.416609,35.94033],[140.416631,35.940444],[140.416646,35.940594],[140.416627,35.940654],[140.416578,35.940707],[140.41649,35.94076]]}},{"type":"Feature","properties":{"id":96098321,"highway":"unclassified"},"geometry":{"type":"LineString","coordinates":[[140.412342,35.941355],[140.41244,35.941718],[140.41244,35.94207],[140.412405,35.942153],[140.412345,35.942351],[140.412307,35.942533],[140.412307,35.942766],[140.412369,35.942933],[140.412469,35.943003],[140.412708,35.943021],[140.412833,35.943075],[140.412887,35.943187],[140.412876,35.943357],[140.412838,35.943466],[140.412844,35.943701],[140.412806,35.943831],[140.412757,35.944079],[140.412716,35.944391],[140.41264,35.944749],[140.412556,35.945028],[140.412366,35.945366],[140.412111,35.94565],[140.411854,35.945858],[140.411639,35.946113],[140.411536,35.946319],[140.411533,35.946484],[140.411512,35.946594],[140.411379,35.946748],[140.410497,35.947299],[140.410299,35.9474],[140.41015,35.947411],[140.410006,35.947393]]}},{"type":"Feature","properties":{"id":96098326,"highway":"unclassified"},"geometry":{"type":"LineString","coordinates":[[140.418795,35.953583],[140.41956,35.953704]]}},{"type":"Feature","properties":{"id":96098327,"highway":"unclassified"},"geometry":{"type":"LineString","coordinates":[[140.404557,35.939716],[140.404441,35.940029],[140.403996,35.940583],[140.403556,35.940859],[140.403403,35.940941]]}},{"type":"Feature","properties":{"id":96098330,"highway":"unclassified"},"geometry":{"type":"LineString","coordinates":[[140.390859,35.942209],[140.391441,35.942162],[140.391607,35.942138],[140.393042,35.942022],[140.394944,35.941898],[140.395219,35.941873],[140.396824,35.94176],[140.397415,35.941702],[140.398666,35.941612],[140.40058,35.94148],[140.40254,35.941338],[140.403325,35.941281],[140.404067,35.941258],[140.405676,35.941388],[140.407583,35.941537],[140.408566,35.941615],[140.41028,35.941752],[140.411152,35.941838],[140.411873,35.941909],[140.412283,35.942078],[140.412405,35.942153]]}},{"type":"Feature","properties":{"id":96098332,"highway":"unclassified"},"geometry":{"type":"LineString","coordinates":[[140.416609,35.94033],[140.417241,35.940187],[140.417761,35.940032],[140.418182,35.93996],[140.418431,35.939926],[140.418957,35.939862],[140.419075,35.939841],[140.419193,35.939791],[140.419303,35.939734],[140.41941,35.939656],[140.419617,35.939493]]}},{"type":"Feature","properties":{"id":96098337,"highway":"unclassified"},"geometry":{"type":"LineString","coordinates":[[140.419908,35.953151],[140.419777,35.953308],[140.419694,35.953491],[140.41956,35.953704],[140.419503,35.953839],[140.419668,35.953918]]}},{"type":"Feature","properties":{"id":96098338,"highway":"unclassified"},"geometry":{"type":"LineString","coordinates":[[140.408758,35.940732],[140.408909,35.941178],[140.409248,35.941129],[140.409266,35.941195],[140.409571,35.941137],[140.409795,35.941104],[140.410117,35.940931],[140.41109,35.94123],[140.412049,35.941159]]}},{"type":"Feature","properties":{"id":96098340,"highway":"unclassified"},"geometry":{"type":"LineString","coordinates":[[140.421932,35.951874],[140.421751,35.951847],[140.421646,35.951829],[140.421524,35.95179],[140.421267,35.951703],[140.421049,35.951614],[140.420565,35.951358]]}},{"type":"Feature","properties":{"id":96098343,"highway":"unclassified"},"geometry":{"type":"LineString","coordinates":[[140.42051,35.948298],[140.420184,35.948333],[140.420093,35.948285],[140.419996,35.948246],[140.419495,35.948273]]}},{"type":"Feature","properties":{"id":96098348,"highway":"unclassified"},"geometry":{"type":"LineString","coordinates":[[140.419154,35.951712],[140.418843,35.952015],[140.41875,35.952201],[140.418678,35.952626],[140.418445,35.953014],[140.41832,35.953073],[140.418062,35.953092],[140.417951,35.953095],[140.417684,35.953073],[140.417413,35.95304],[140.417335,35.953013],[140.417261,35.953003]]}},{"type":"Feature","properties":{"id":96098350,"highway":"unclassified"},"geometry":{"type":"LineString","coordinates":[[140.40322,35.960585],[140.402401,35.960783],[140.402348,35.960869],[140.402124,35.961337],[140.402092,35.961385],[140.402006,35.961496],[140.401876,35.961794],[140.401722,35.962177],[140.401491,35.962651],[140.401506,35.963082],[140.401702,35.963842],[140.401596,35.964073],[140.40175,35.964558],[140.402253,35.964922],[140.402518,35.96512],[140.402762,35.965105]]}},{"type":"Feature","properties":{"id":96098364,"highway":"unclassified"},"geometry":{"type":"LineString","coordinates":[[140.413842,35.941159],[140.4136,35.940543]]}},{"type":"Feature","properties":{"id":96098365,"highway":"unclassified"},"geometry":{"type":"LineString","coordinates":[[140.418097,35.955061],[140.419276,35.955065],[140.419509,35.955091],[140.420131,35.955162],[140.420369,35.955301],[140.420435,35.955328],[140.42191,35.955791],[140.422242,35.955867],[140.423157,35.956077],[140.424014,35.95626]]}},{"type":"Feature","properties":{"id":96098369,"highway":"unclassified"},"geometry":{"type":"LineString","coordinates":[[140.409262,35.947313],[140.409243,35.947245]]}},{"type":"Feature","properties":{"id":96098370,"highway":"unclassified"},"geometry":{"type":"LineString","coordinates":[[140.403414,35.939335],[140.403336,35.940023],[140.403336,35.940646],[140.403403,35.940941],[140.403325,35.941281],[140.403326,35.941306]]}},{"type":"Feature","properties":{"id":96098371,"highway":"unclassified"},"geometry":{"type":"LineString","coordinates":[[140.423153,35.952619],[140.42326,35.953355],[140.423353,35.95392],[140.42336,35.953977],[140.423355,35.954015],[140.42334,35.954051],[140.423379,35.954159],[140.4234,35.954314],[140.423414,35.954357],[140.42343,35.954384],[140.423462,35.954412],[140.423504,35.954427],[140.42484,35.95473]]}},{"type":"Feature","properties":{"id":96098373,"highway":"unclassified"},"geometry":{"type":"LineString","coordinates":[[140.41216,35.936075],[140.412169,35.936124],[140.412464,35.937603],[140.412961,35.940173]]}},{"type":"Feature","properties":{"id":96098375,"highway":"service"},"geometry":{"type":"LineString","coordinates":[[140.419734,35.941847],[140.419763,35.941753],[140.419778,35.941668],[140.419777,35.941556],[140.419782,35.941142],[140.41975,35.940515],[140.419736,35.94044]]}},{"type":"Feature","properties":{"id":96098377,"highway":"unclassified"},"geometry":{"type":"LineString","coordinates":[[140.42334,35.954051],[140.423309,35.954075],[140.423278,35.954091],[140.423236,35.954103],[140.422319,35.954246],[140.421386,35.954055]]}},{"type":"Feature","properties":{"id":96098380,"highway":"unclassified"},"geometry":{"type":"LineString","coordinates":[[140.421788,35.952289],[140.421638,35.953411],[140.421619,35.95353],[140.421595,35.953601],[140.421536,35.953696],[140.421477,35.953776],[140.421421,35.95396],[140.421386,35.954055],[140.421217,35.954273],[140.420954,35.954506],[140.420824,35.954535],[140.420249,35.955019],[140.420131,35.955162]]}},{"type":"Feature","properties":{"id":96098384,"highway":"unclassified"},"geometry":{"type":"LineString","coordinates":[[140.408617,35.94812],[140.408974,35.947671],[140.409134,35.947394],[140.409216,35.947328],[140.409262,35.947313],[140.409373,35.947306],[140.40949,35.947319],[140.409842,35.94739],[140.410006,35.947393]]}},{"type":"Feature","properties":{"id":96098386,"highway":"unclassified"},"geometry":{"type":"LineString","coordinates":[[140.41732,35.952099],[140.417414,35.952466],[140.417344,35.952688],[140.41727,35.952895],[140.417253,35.952951],[140.417261,35.953003],[140.417091,35.953055],[140.416921,35.953085],[140.416788,35.953091],[140.41665,35.953089],[140.416472,35.953069],[140.416285,35.953067],[140.416242,35.953068],[140.416216,35.953074],[140.416199,35.953082],[140.416178,35.953106],[140.416158,35.953145],[140.416138,35.953248],[140.416171,35.953531]]}},{"type":"Feature","properties":{"id":96098387,"highway":"unclassified"},"geometry":{"type":"LineString","coordinates":[[140.41109,35.94123],[140.411152,35.941838]]}},{"type":"Feature","properties":{"id":96098390,"highway":"unclassified"},"geometry":{"type":"LineString","coordinates":[[140.406171,35.937304],[140.406178,35.93734],[140.406219,35.937571],[140.406434,35.937779],[140.406558,35.938434],[140.406534,35.938615],[140.406451,35.938901],[140.406554,35.939191],[140.406592,35.939318],[140.406664,35.939479],[140.406689,35.93981]]}},{"type":"Feature","properties":{"id":96101200,"highway":"unclassified"},"geometry":{"type":"LineString","coordinates":[[140.439795,35.956252],[140.439153,35.956123],[140.438032,35.955869],[140.436874,35.955602],[140.435335,35.955266],[140.435268,35.955256],[140.435208,35.955259],[140.434833,35.955312],[140.433957,35.955433]]}},{"type":"Feature","properties":{"id":96101202,"highway":"residential"},"geometry":{"type":"LineString","coordinates":[[140.431271,35.95376],[140.430363,35.953049]]}},{"type":"Feature","properties":{"id":96101211,"highway":"residential"},"geometry":{"type":"LineString","coordinates":[[140.39992,35.950325],[140.401161,35.949994],[140.401261,35.949936],[140.401194,35.94981],[140.401082,35.949537]]}},{"type":"Feature","properties":{"id":96101213,"highway":"unclassified"},"geometry":{"type":"LineString","coordinates":[[140.400344,35.950607],[140.400291,35.950676],[140.400239,35.950715],[140.400183,35.950735],[140.400095,35.950778],[140.399928,35.950885],[140.399618,35.950995],[140.3995,35.951048],[140.399229,35.951206],[140.399029,35.95126],[140.398598,35.951374]]}},{"type":"Feature","properties":{"id":96101222,"highway":"unclassified"},"geometry":{"type":"LineString","coordinates":[[140.422242,35.955867],[140.421344,35.958554]]}},{"type":"Feature","properties":{"id":96101231,"highway":"residential"},"geometry":{"type":"LineString","coordinates":[[140.40153,35.950789],[140.402234,35.950577]]}},{"type":"Feature","properties":{"id":96101234,"highway":"unclassified"},"geometry":{"type":"LineString","coordinates":[[140.451415,35.945857],[140.451396,35.945868],[140.451378,35.945869],[140.450892,35.94582],[140.450494,35.945773],[140.449546,35.9456],[140.449515,35.945617],[140.449471,35.945956],[140.449397,35.94634]]}},{"type":"Feature","properties":{"id":96101235,"highway":"unclassified"},"geometry":{"type":"LineString","coordinates":[[140.448785,35.946167],[140.449014,35.946292],[140.449397,35.94634],[140.449784,35.94659]]}},{"type":"Feature","properties":{"id":96101238,"highway":"unclassified"},"geometry":{"type":"LineString","coordinates":[[140.448701,35.944899],[140.448643,35.945351],[140.448859,35.945789],[140.448785,35.946167],[140.448164,35.946373],[140.44796,35.946438],[140.447683,35.946441],[140.447247,35.946199]]}},{"type":"Feature","properties":{"id":96101240,"highway":"unclassified"},"geometry":{"type":"LineString","coordinates":[[140.433122,35.954162],[140.432385,35.954225],[140.432046,35.954256],[140.431828,35.954209],[140.431703,35.954269],[140.431534,35.954258],[140.431198,35.954129],[140.430972,35.953961]]}},{"type":"Feature","properties":{"id":96101245,"highway":"unclassified"},"geometry":{"type":"LineString","coordinates":[[140.43566,35.952185],[140.435582,35.952436],[140.435324,35.953237],[140.43536,35.953733],[140.435008,35.953767],[140.434868,35.95378],[140.434716,35.953846],[140.434431,35.953865],[140.434217,35.95431],[140.434024,35.954573],[140.43367,35.954934],[140.433315,35.955142],[140.433017,35.955227],[140.432257,35.955163],[140.431416,35.955073],[140.429984,35.95444]]}},{"type":"Feature","properties":{"id":96101253,"highway":"unclassified"},"geometry":{"type":"LineString","coordinates":[[140.405257,35.948581],[140.405055,35.948007]]}},{"type":"Feature","properties":{"id":96101255,"highway":"residential"},"geometry":{"type":"LineString","coordinates":[[140.401433,35.949434],[140.40171,35.949976],[140.401728,35.950035],[140.401728,35.950118],[140.401715,35.950165],[140.401678,35.950199],[140.4014,35.950318]]}},{"type":"Feature","properties":{"id":96101259,"highway":"unclassified"},"geometry":{"type":"LineString","coordinates":[[140.431378,35.957319],[140.431526,35.957309],[140.431697,35.957232],[140.431857,35.957168],[140.431924,35.957156],[140.432001,35.957158],[140.432079,35.957169],[140.432164,35.957192],[140.432176,35.957205],[140.432161,35.957686]]}},{"type":"Feature","properties":{"id":96101264,"highway":"unclassified"},"geometry":{"type":"LineString","coordinates":[[140.445568,35.944652],[140.44751,35.945196],[140.448016,35.945265],[140.448643,35.945351]]}},{"type":"Feature","properties":{"id":96101268,"highway":"unclassified"},"geometry":{"type":"LineString","coordinates":[[140.424546,35.956383],[140.426612,35.956854],[140.428903,35.957349],[140.431064,35.957811],[140.431204,35.957845],[140.433492,35.958344],[140.435302,35.958741]]}},{"type":"Feature","properties":{"id":96101275,"highway":"unclassified"},"geometry":{"type":"LineString","coordinates":[[140.435324,35.953237],[140.43353,35.953242]]}},{"type":"Feature","properties":{"id":96101278,"highway":"unclassified"},"geometry":{"type":"LineString","coordinates":[[140.435008,35.953767],[140.43468,35.954796]]}},{"type":"Feature","properties":{"id":96101283,"highway":"unclassified"},"geometry":{"type":"LineString","coordinates":[[140.434411,35.954791],[140.43468,35.954796],[140.435177,35.954845],[140.435208,35.955259]]}},{"type":"Feature","properties":{"id":96101291,"highway":"unclassified"},"geometry":{"type":"LineString","coordinates":[[140.432385,35.954225],[140.432524,35.954742],[140.432257,35.955163],[140.431726,35.956041],[140.431701,35.956338],[140.431685,35.956414],[140.431645,35.956531],[140.431378,35.957319],[140.431152,35.957336],[140.431134,35.957346],[140.431115,35.957365],[140.431104,35.957436],[140.431094,35.957583],[140.431064,35.957811]]}},{"type":"Feature","properties":{"id":96101293,"highway":"residential"},"geometry":{"type":"LineString","coordinates":[[140.401161,35.949994],[140.401222,35.950151],[140.4014,35.950318],[140.40153,35.950789],[140.401552,35.950965],[140.401553,35.951011],[140.401536,35.951034],[140.401269,35.951198]]}},{"type":"Feature","properties":{"id":96101296,"highway":"unclassified"},"geometry":{"type":"LineString","coordinates":[[140.434085,35.955723],[140.433742,35.955799],[140.433521,35.955843],[140.433044,35.955883],[140.432679,35.955903],[140.432393,35.95595],[140.432109,35.956],[140.431726,35.956041],[140.431186,35.95596]]}},{"type":"Feature","properties":{"id":96101298,"highway":"residential"},"geometry":{"type":"LineString","coordinates":[[140.448016,35.945265],[140.447247,35.946199],[140.446954,35.946551]]}},{"type":"Feature","properties":{"id":96101299,"highway":"unclassified"},"geometry":{"type":"LineString","coordinates":[[140.403131,35.949851],[140.403431,35.949803],[140.403965,35.949882]]}},{"type":"Feature","properties":{"id":96103639,"highway":"service"},"geometry":{"type":"LineString","coordinates":[[140.410655,35.964913],[140.410706,35.965128],[140.410829,35.9654]]}},{"type":"Feature","properties":{"id":96103640,"highway":"unclassified"},"geometry":{"type":"LineString","coordinates":[[140.406457,35.960164],[140.405539,35.960889],[140.404786,35.961477],[140.404725,35.961544],[140.404406,35.96215],[140.404158,35.962456]]}},{"type":"Feature","properties":{"id":96103644,"highway":"unclassified"},"geometry":{"type":"LineString","coordinates":[[140.414206,35.97286],[140.413937,35.972269],[140.411178,35.966231],[140.410948,35.965716],[140.410912,35.965584],[140.410829,35.9654]]}},{"type":"Feature","properties":{"id":96103645,"highway":"unclassified"},"geometry":{"type":"LineString","coordinates":[[140.414206,35.97286],[140.414509,35.973538],[140.414579,35.973815],[140.414595,35.973931]]}},{"type":"Feature","properties":{"id":96103648,"highway":"unclassified"},"geometry":{"type":"LineString","coordinates":[[140.403629,35.960251],[140.403887,35.960578],[140.403927,35.960679],[140.403948,35.960783],[140.403967,35.960834],[140.404039,35.960925],[140.404094,35.960974],[140.404341,35.961128],[140.40444,35.961169]]}},{"type":"Feature","properties":{"id":96103661,"highway":"unclassified"},"geometry":{"type":"LineString","coordinates":[[140.403495,35.961436],[140.403632,35.961073],[140.403679,35.960982],[140.403711,35.960943],[140.403766,35.960885],[140.403948,35.960783]]}},{"type":"Feature","properties":{"id":96105270,"highway":"unclassified"},"geometry":{"type":"LineString","coordinates":[[140.397917,35.939481],[140.398301,35.939531],[140.398662,35.939656],[140.398972,35.939784],[140.399108,35.939895],[140.399378,35.940007],[140.399543,35.940134],[140.399643,35.940315],[140.400658,35.940359]]}},{"type":"Feature","properties":{"id":96105654,"highway":"unclassified"},"geometry":{"type":"LineString","coordinates":[[140.402545,35.941415],[140.402546,35.941436],[140.402598,35.941988]]}},{"type":"Feature","properties":{"id":96105656,"highway":"unclassified"},"geometry":{"type":"LineString","coordinates":[[140.400406,35.942206],[140.400065,35.942281],[140.399624,35.942338],[140.399353,35.942418],[140.399149,35.942638]]}},{"type":"Feature","properties":{"id":96172907,"highway":"unclassified"},"geometry":{"type":"LineString","coordinates":[[140.404134,35.984028],[140.406032,35.987306],[140.406081,35.987362]]}},{"type":"Feature","properties":{"id":96172909,"highway":"unclassified"},"geometry":{"type":"LineString","coordinates":[[140.401025,35.989089],[140.401226,35.989013],[140.401943,35.988859],[140.404259,35.988402],[140.404729,35.988292],[140.404892,35.988277],[140.405143,35.988292],[140.40624,35.987771],[140.406504,35.987738],[140.406958,35.987619],[140.407317,35.987484],[140.407577,35.987367],[140.408138,35.986976],[140.408202,35.986922],[140.408393,35.986733],[140.408633,35.986437],[140.408718,35.986318],[140.408795,35.98625],[140.408879,35.986192],[140.409221,35.986045],[140.409719,35.985853],[140.409831,35.985821],[140.410054,35.985768],[140.410396,35.985708],[140.411742,35.985531],[140.412718,35.985372],[140.41338,35.985235],[140.413816,35.98507],[140.414418,35.984675],[140.41477,35.984394],[140.415298,35.983859],[140.41569,35.983452],[140.4163,35.982486],[140.416492,35.982186],[140.416644,35.98178],[140.416923,35.981318]]}},{"type":"Feature","properties":{"id":96172915,"highway":"unclassified"},"geometry":{"type":"LineString","coordinates":[[140.407577,35.987367],[140.407917,35.987857],[140.408407,35.988376],[140.408691,35.988682],[140.40884,35.988871],[140.409099,35.989186],[140.409288,35.989388],[140.409647,35.989697]]}},{"type":"Feature","properties":{"id":96172916,"highway":"unclassified"},"geometry":{"type":"LineString","coordinates":[[140.429824,35.968102],[140.429959,35.968261],[140.43016,35.968559],[140.430217,35.968657],[140.430618,35.969222],[140.430781,35.969476],[140.430872,35.969665],[140.431047,35.969912],[140.431236,35.970113],[140.43173,35.970469],[140.432247,35.970874],[140.432336,35.970979],[140.432455,35.971175],[140.432605,35.971353],[140.433013,35.971563],[140.433561,35.97169],[140.433648,35.971712],[140.433667,35.971717],[140.433749,35.971738],[140.433831,35.971759]]}},{"type":"Feature","properties":{"id":96172918,"highway":"unclassified"},"geometry":{"type":"LineString","coordinates":[[140.422253,35.972635],[140.422275,35.972663],[140.422296,35.972701],[140.422316,35.972758],[140.422337,35.972863],[140.422409,35.973164],[140.422416,35.973214],[140.422398,35.973287],[140.422377,35.973358],[140.422374,35.973424],[140.422405,35.973508],[140.422611,35.973731],[140.422714,35.973828],[140.422786,35.97388],[140.422905,35.973944],[140.423342,35.974168],[140.423531,35.97429],[140.423767,35.974461],[140.424028,35.974626],[140.424164,35.974731],[140.424439,35.974955],[140.424533,35.975062],[140.424595,35.975146],[140.424634,35.975225],[140.424663,35.975351],[140.424696,35.975572],[140.424752,35.976224],[140.424876,35.977006],[140.424942,35.977105],[140.42517,35.97749],[140.425348,35.977601],[140.425473,35.977697],[140.42563,35.977869],[140.425751,35.978051],[140.426324,35.979104],[140.426457,35.979413],[140.426324,35.979702],[140.426274,35.979891],[140.42629,35.980029]]}},{"type":"Feature","properties":{"id":96172922,"highway":"unclassified"},"geometry":{"type":"LineString","coordinates":[[140.417499,35.98148],[140.418224,35.980917],[140.418399,35.980708],[140.418846,35.980008],[140.41915,35.979423],[140.419303,35.978931],[140.419326,35.978628],[140.419386,35.978325],[140.419585,35.978018],[140.419712,35.977823],[140.419791,35.977629],[140.419823,35.977481],[140.419923,35.976876],[140.419931,35.976795],[140.419922,35.976719],[140.419782,35.976227],[140.419765,35.975976]]}},{"type":"Feature","properties":{"id":96172925,"highway":"unclassified"},"geometry":{"type":"LineString","coordinates":[[140.419725,35.974155],[140.420391,35.973961],[140.420477,35.973919],[140.421204,35.973593],[140.421562,35.973438],[140.421706,35.973358],[140.421739,35.973333],[140.421773,35.973304],[140.421802,35.973272],[140.421823,35.973243],[140.422253,35.972635],[140.42232,35.972504],[140.42267,35.972338],[140.422966,35.972006],[140.423354,35.97162]]}},{"type":"Feature","properties":{"id":96172940,"highway":"unclassified"},"geometry":{"type":"LineString","coordinates":[[140.419765,35.975976],[140.419777,35.975898],[140.419777,35.975583],[140.419794,35.975235],[140.419817,35.975138],[140.419912,35.974889],[140.419933,35.974789],[140.419936,35.974737],[140.419746,35.974274],[140.41973,35.974224],[140.419725,35.974155],[140.419646,35.973918],[140.419571,35.973717],[140.41957,35.973666],[140.419582,35.973542],[140.419654,35.973213],[140.419703,35.973023],[140.419769,35.972904],[140.419812,35.97282],[140.419825,35.972748],[140.419829,35.972678],[140.419823,35.972625],[140.419812,35.972514],[140.41979,35.972475],[140.419696,35.972309],[140.419626,35.972127],[140.419617,35.97204],[140.419555,35.971688]]}},{"type":"Feature","properties":{"id":96172943,"highway":"unclassified"},"geometry":{"type":"LineString","coordinates":[[140.419791,35.977629],[140.420377,35.977616],[140.420407,35.97762],[140.420416,35.97763],[140.420424,35.977638],[140.420435,35.977665],[140.420446,35.977773]]}},{"type":"Feature","properties":{"id":96172947,"highway":"unclassified"},"geometry":{"type":"LineString","coordinates":[[140.421275,35.976184],[140.421422,35.976488],[140.421936,35.977073],[140.421979,35.977142],[140.422005,35.977218],[140.421989,35.977558],[140.421969,35.977779],[140.421954,35.977925],[140.421968,35.978018],[140.422007,35.978388],[140.422022,35.978719],[140.422118,35.97921],[140.422159,35.97938],[140.422248,35.979577],[140.422355,35.979786],[140.422289,35.97986],[140.421903,35.980188],[140.421501,35.980593],[140.421351,35.980719],[140.421303,35.980756],[140.421116,35.98085]]}},{"type":"Feature","properties":{"id":96172948,"highway":"unclassified"},"geometry":{"type":"LineString","coordinates":[[140.419777,35.975583],[140.419501,35.975847],[140.419479,35.975902]]}},{"type":"Feature","properties":{"id":96172949,"highway":"unclassified"},"geometry":{"type":"LineString","coordinates":[[140.41915,35.979423],[140.419619,35.979508],[140.420012,35.979537],[140.420113,35.979614],[140.420205,35.979824],[140.42024,35.979876],[140.420267,35.979897],[140.420302,35.979909],[140.420372,35.979904],[140.420427,35.979894],[140.420465,35.979891],[140.420487,35.979895],[140.4205,35.979907],[140.420644,35.980243],[140.420782,35.980462],[140.420958,35.980687],[140.421116,35.98085],[140.421217,35.980953],[140.421316,35.981035],[140.421793,35.981466],[140.422116,35.981964],[140.422153,35.982023],[140.42276,35.982932],[140.422915,35.983143],[140.423051,35.983338],[140.423082,35.983399],[140.423109,35.98347],[140.423132,35.983509],[140.423153,35.983535],[140.42318,35.983559],[140.423206,35.983575],[140.423239,35.983588],[140.423655,35.983732],[140.423787,35.983802],[140.423889,35.983875],[140.423943,35.983944],[140.423998,35.98402]]}},{"type":"Feature","properties":{"id":96172956,"highway":"unclassified"},"geometry":{"type":"LineString","coordinates":[[140.422022,35.978719],[140.422425,35.97871],[140.422626,35.978699],[140.422912,35.978645],[140.423239,35.97857],[140.423428,35.978526],[140.423735,35.978487],[140.424322,35.97844],[140.424521,35.97842],[140.425057,35.978254],[140.425486,35.978141],[140.425751,35.978051],[140.426197,35.977844],[140.42712,35.977427],[140.427262,35.977432],[140.427401,35.977374],[140.427803,35.977109],[140.428167,35.976764],[140.428342,35.976816],[140.429877,35.977273],[140.43052,35.97747]]}},{"type":"Feature","properties":{"id":96172959,"highway":"unclassified"},"geometry":{"type":"LineString","coordinates":[[140.430193,35.979427],[140.430367,35.979727],[140.430503,35.979779],[140.430918,35.979855],[140.430993,35.979908],[140.431634,35.980917],[140.431802,35.981099],[140.431978,35.981455]]}},{"type":"Feature","properties":{"id":96172962,"highway":"unclassified"},"geometry":{"type":"LineString","coordinates":[[140.408179,35.977723],[140.416554,35.981217],[140.416623,35.981244]]}},{"type":"Feature","properties":{"id":96172965,"highway":"unclassified"},"geometry":{"type":"LineString","coordinates":[[140.404134,35.984028],[140.404505,35.983896],[140.405016,35.983681],[140.405581,35.983343],[140.406131,35.982891],[140.40653,35.982453],[140.406838,35.981986],[140.407012,35.981618],[140.408025,35.978031],[140.408099,35.977843],[140.408179,35.977723],[140.408439,35.977511],[140.413826,35.974703],[140.414153,35.97449],[140.414352,35.97428],[140.414489,35.974081],[140.414595,35.973931]]}},{"type":"Feature","properties":{"id":96172969,"highway":"unclassified"},"geometry":{"type":"LineString","coordinates":[[140.419712,35.977823],[140.420072,35.977901],[140.420497,35.978019],[140.420627,35.978041],[140.420748,35.978043],[140.420816,35.978026],[140.420953,35.977968],[140.421086,35.977928],[140.421166,35.977891],[140.421419,35.97771],[140.421463,35.977668],[140.42149,35.977603],[140.42151,35.977519],[140.421433,35.977438],[140.42142,35.977401],[140.421425,35.977362],[140.421497,35.977254],[140.421546,35.977196],[140.421603,35.977156],[140.421666,35.977132],[140.421828,35.977095],[140.421936,35.977073],[140.422152,35.976984],[140.422336,35.976959],[140.423442,35.976652],[140.424119,35.976473],[140.424477,35.97632],[140.424752,35.976224]]}},{"type":"Feature","properties":{"id":96185559,"highway":"service"},"geometry":{"type":"LineString","coordinates":[[140.423767,35.974461],[140.423572,35.974701],[140.423382,35.974897],[140.423133,35.975098]]}},{"type":"Feature","properties":{"id":96185560,"highway":"unclassified"},"geometry":{"type":"LineString","coordinates":[[140.430872,35.969665],[140.430593,35.969754],[140.430445,35.96982],[140.430286,35.969955],[140.430319,35.970143],[140.430257,35.970236]]}},{"type":"Feature","properties":{"id":96185562,"highway":"unclassified"},"geometry":{"type":"LineString","coordinates":[[140.431047,35.969912],[140.431183,35.969884],[140.43166,35.969588],[140.431975,35.969433],[140.432188,35.969268],[140.432406,35.969059],[140.432588,35.968925]]}},{"type":"Feature","properties":{"id":96185565,"highway":"unclassified"},"geometry":{"type":"LineString","coordinates":[[140.444307,35.971755],[140.4444,35.971114],[140.444498,35.970404],[140.444554,35.96923],[140.444567,35.969095],[140.444723,35.968543],[140.444827,35.968253],[140.445012,35.967959],[140.445133,35.967692],[140.44535,35.96722],[140.445558,35.966743],[140.445798,35.966416],[140.446121,35.96607],[140.446289,35.965967],[140.446774,35.965649],[140.447092,35.965374],[140.447778,35.965055],[140.448927,35.964625],[140.449194,35.964533],[140.449996,35.964255],[140.450534,35.964069],[140.451062,35.963896],[140.451308,35.963842],[140.452316,35.963801],[140.45296,35.963775],[140.453563,35.963656],[140.453771,35.9636],[140.454801,35.963213],[140.455539,35.962914],[140.455871,35.962681],[140.457586,35.961163],[140.457945,35.960844],[140.45806,35.960693],[140.458069,35.960562],[140.457955,35.960167],[140.458042,35.960222]]}},{"type":"Feature","properties":{"id":96185570,"highway":"unclassified"},"geometry":{"type":"LineString","coordinates":[[140.431643,35.972649],[140.43122,35.972843]]}},{"type":"Feature","properties":{"id":96185575,"highway":"unclassified"},"geometry":{"type":"LineString","coordinates":[[140.43201,35.967119],[140.432357,35.967509]]}},{"type":"Feature","properties":{"id":96185579,"highway":"unclassified"},"geometry":{"type":"LineString","coordinates":[[140.426855,35.974908],[140.427047,35.975238],[140.427246,35.975479]]}},{"type":"Feature","properties":{"id":96185590,"highway":"unclassified"},"geometry":{"type":"LineString","coordinates":[[140.429331,35.970367],[140.429586,35.970918],[140.429796,35.971435],[140.429766,35.971566],[140.429731,35.971846],[140.429534,35.972057],[140.429479,35.972169],[140.429524,35.972381],[140.42953,35.972418],[140.429552,35.972553],[140.429543,35.972761],[140.429609,35.97297],[140.429653,35.973062],[140.429755,35.973184],[140.4298,35.973328],[140.429706,35.973443],[140.429623,35.973579]]}},{"type":"Feature","properties":{"id":96185593,"highway":"unclassified"},"geometry":{"type":"LineString","coordinates":[[140.431418,35.973178],[140.431374,35.973281],[140.431389,35.973453],[140.431483,35.973671],[140.431729,35.973918],[140.431933,35.974222],[140.432069,35.974487],[140.43245,35.974935]]}},{"type":"Feature","properties":{"id":96185604,"highway":"unclassified"},"geometry":{"type":"LineString","coordinates":[[140.450518,35.962427],[140.451301,35.963766],[140.451308,35.963842]]}},{"type":"Feature","properties":{"id":96185606,"highway":"unclassified"},"geometry":{"type":"LineString","coordinates":[[140.446257,35.963973],[140.44707,35.965297],[140.447092,35.965374]]}},{"type":"Feature","properties":{"id":96185608,"highway":"unclassified"},"geometry":{"type":"LineString","coordinates":[[140.451062,35.963896],[140.451956,35.965305],[140.451969,35.965476]]}},{"type":"Feature","properties":{"id":96185611,"highway":"residential"},"geometry":{"type":"LineString","coordinates":[[140.457202,35.959229],[140.456557,35.959485],[140.455423,35.959943],[140.454501,35.960413],[140.452525,35.961452],[140.451484,35.961991],[140.450717,35.962314],[140.450518,35.962427],[140.449427,35.962834],[140.448371,35.963186],[140.447321,35.963528],[140.446257,35.963973],[140.445807,35.964196],[140.445393,35.96444],[140.445103,35.964655],[140.443968,35.965283],[140.443415,35.965635],[140.442915,35.966063],[140.442459,35.966506],[140.442145,35.966964],[140.4419,35.967324],[140.441634,35.967889],[140.441431,35.968567],[140.441343,35.96888]]}},{"type":"Feature","properties":{"id":96185616,"highway":"unclassified"},"geometry":{"type":"LineString","coordinates":[[140.448371,35.963186],[140.449194,35.964533]]}},{"type":"Feature","properties":{"id":96185624,"highway":"service"},"geometry":{"type":"LineString","coordinates":[[140.437259,35.979077],[140.43864,35.978589],[140.438797,35.978524],[140.438892,35.978433],[140.438889,35.978258],[140.438806,35.978088],[140.438788,35.978014],[140.438787,35.97796],[140.438927,35.977892],[140.439338,35.977787],[140.440749,35.977588],[140.440934,35.977547],[140.441118,35.977457],[140.441285,35.977353],[140.441544,35.97709],[140.441699,35.97691],[140.442047,35.97668],[140.442656,35.976321],[140.442967,35.976037],[140.443246,35.975634],[140.443329,35.975437],[140.443338,35.975305],[140.443421,35.9749],[140.443406,35.974601],[140.443379,35.974342],[140.443018,35.974041],[140.442906,35.973699],[140.442829,35.973538],[140.442607,35.973376],[140.44243,35.973134],[140.442267,35.972898]]}},{"type":"Feature","properties":{"id":96185627,"highway":"unclassified"},"geometry":{"type":"LineString","coordinates":[[140.428895,35.974166],[140.42893,35.974462],[140.42893,35.974935],[140.428813,35.975317],[140.428563,35.97568],[140.428521,35.975796],[140.428559,35.975916],[140.428595,35.97636],[140.42855,35.976542],[140.428495,35.976715],[140.428342,35.976816]]}},{"type":"Feature","properties":{"id":96185636,"highway":"unclassified"},"geometry":{"type":"LineString","coordinates":[[140.422152,35.976984],[140.422103,35.976549]]}},{"type":"Feature","properties":{"id":96185637,"highway":"unclassified"},"geometry":{"type":"LineString","coordinates":[[140.42901,35.970456],[140.429139,35.970798],[140.429178,35.970949],[140.429104,35.971064],[140.429006,35.971128]]}},{"type":"Feature","properties":{"id":96185639,"highway":"unclassified"},"geometry":{"type":"LineString","coordinates":[[140.428229,35.969459],[140.428353,35.969669],[140.428401,35.969805],[140.428403,35.97005],[140.42867,35.970489]]}},{"type":"Feature","properties":{"id":96185640,"highway":"unclassified"},"geometry":{"type":"LineString","coordinates":[[140.43297,35.96792],[140.433244,35.968154],[140.433471,35.968358],[140.433661,35.968462],[140.433706,35.968546],[140.43395,35.968756],[140.434507,35.969271],[140.434974,35.969477],[140.435556,35.969727]]}},{"type":"Feature","properties":{"id":96185643,"highway":"unclassified"},"geometry":{"type":"LineString","coordinates":[[140.42953,35.972418],[140.429456,35.972324],[140.429388,35.972225],[140.42917,35.972106],[140.428914,35.971991],[140.428634,35.971892],[140.42841,35.971888],[140.428113,35.971925],[140.427618,35.972051],[140.427143,35.972113],[140.426902,35.97211],[140.426645,35.972249],[140.42633,35.972296],[140.42588,35.972356],[140.425569,35.972443],[140.425086,35.972709],[140.425327,35.972993],[140.425453,35.973203],[140.42561,35.973485],[140.425818,35.97371],[140.426015,35.973887],[140.426214,35.974091],[140.426408,35.974361],[140.426581,35.974525],[140.426639,35.974605],[140.426669,35.974642]]}},{"type":"Feature","properties":{"id":96185644,"highway":"unclassified"},"geometry":{"type":"LineString","coordinates":[[140.426669,35.974642],[140.426855,35.974908]]}},{"type":"Feature","properties":{"id":96185647,"highway":"unclassified"},"geometry":{"type":"LineString","coordinates":[[140.430618,35.969222],[140.430012,35.969427],[140.429615,35.969517],[140.4291,35.969727],[140.428997,35.969826],[140.428997,35.970054],[140.429059,35.970338],[140.42901,35.970456]]}},{"type":"Feature","properties":{"id":96185648,"highway":"unclassified"},"geometry":{"type":"LineString","coordinates":[[140.428425,35.978603],[140.42949,35.978178]]}},{"type":"Feature","properties":{"id":96185649,"highway":"unclassified"},"geometry":{"type":"LineString","coordinates":[[140.426744,35.970342],[140.426546,35.96983]]}},{"type":"Feature","properties":{"id":96185652,"highway":"unclassified"},"geometry":{"type":"LineString","coordinates":[[140.42893,35.974935],[140.429934,35.974996]]}},{"type":"Feature","properties":{"id":96185653,"highway":"unclassified"},"geometry":{"type":"LineString","coordinates":[[140.424876,35.977006],[140.424785,35.977085],[140.424734,35.977149],[140.424577,35.977323],[140.424484,35.977454],[140.424392,35.977604],[140.424376,35.977616],[140.424358,35.977624],[140.424335,35.977628],[140.424058,35.977652],[140.423726,35.977719],[140.423595,35.977758],[140.42357,35.977765],[140.423014,35.977852],[140.422329,35.977979],[140.422168,35.978003],[140.421968,35.978018]]}},{"type":"Feature","properties":{"id":96185654,"highway":"unclassified"},"geometry":{"type":"LineString","coordinates":[[140.41979,35.972475],[140.420041,35.972376],[140.42028,35.972292],[140.420509,35.972222]]}},{"type":"Feature","properties":{"id":96185658,"highway":"unclassified"},"geometry":{"type":"LineString","coordinates":[[140.429576,35.97392],[140.429665,35.973939],[140.429757,35.973997],[140.429804,35.974096],[140.42984,35.974408],[140.429897,35.97468],[140.429934,35.974996],[140.430091,35.975772],[140.430086,35.976641],[140.430043,35.976871],[140.429877,35.977273],[140.429539,35.97806],[140.42949,35.978178],[140.429532,35.978282],[140.430193,35.979427]]}},{"type":"Feature","properties":{"id":96185659,"highway":"unclassified"},"geometry":{"type":"LineString","coordinates":[[140.432247,35.970874],[140.431987,35.971202]]}},{"type":"Feature","properties":{"id":96185662,"highway":"unclassified"},"geometry":{"type":"LineString","coordinates":[[140.437149,35.964746],[140.436634,35.965111],[140.436426,35.965122],[140.436144,35.965167],[140.435996,35.965224],[140.435273,35.965807],[140.435149,35.965878],[140.435089,35.965907],[140.43501,35.965947],[140.434927,35.966001],[140.434802,35.966117],[140.4346,35.966341],[140.434559,35.966408],[140.434444,35.966679],[140.434386,35.966786],[140.434339,35.966856],[140.43429,35.966914],[140.434224,35.966976],[140.434097,35.96709],[140.433607,35.967344],[140.433395,35.96758],[140.43297,35.96792],[140.432406,35.968309],[140.431754,35.968672],[140.430618,35.969222]]}},{"type":"Feature","properties":{"id":96185664,"highway":"unclassified"},"geometry":{"type":"LineString","coordinates":[[140.422863,35.970929],[140.423047,35.97133],[140.423354,35.97162],[140.423498,35.971716],[140.423528,35.971847],[140.423454,35.971943],[140.423391,35.972066]]}},{"type":"Feature","properties":{"id":96185665,"highway":"unclassified"},"geometry":{"type":"LineString","coordinates":[[140.422398,35.973287],[140.422685,35.973174],[140.422709,35.973178],[140.422796,35.97327],[140.422956,35.97344],[140.423078,35.973551],[140.423208,35.97364],[140.423284,35.973686],[140.423401,35.973729],[140.423523,35.973758],[140.423706,35.973782],[140.423803,35.97378],[140.423849,35.973774],[140.424145,35.973695],[140.424345,35.973655],[140.424688,35.97371]]}},{"type":"Feature","properties":{"id":96185667,"highway":"unclassified"},"geometry":{"type":"LineString","coordinates":[[140.43016,35.968559],[140.43057,35.968344],[140.430871,35.968188],[140.431584,35.967906],[140.431918,35.967741],[140.432357,35.967509]]}},{"type":"Feature","properties":{"id":96185669,"highway":"unclassified"},"geometry":{"type":"LineString","coordinates":[[140.423498,35.971716],[140.423894,35.971551],[140.424164,35.971467],[140.424411,35.971243],[140.424644,35.971111],[140.424962,35.971001],[140.425121,35.971051],[140.425365,35.970974],[140.425572,35.970842],[140.425702,35.970773],[140.425727,35.970668],[140.425897,35.970579],[140.42589,35.970411],[140.426452,35.97039],[140.426744,35.970342],[140.426907,35.970336],[140.42701,35.970426],[140.427306,35.970447],[140.427602,35.970423],[140.427912,35.970474],[140.428093,35.970459],[140.428304,35.970447],[140.428496,35.970489],[140.42867,35.970489],[140.428785,35.970489],[140.42901,35.970456],[140.429228,35.970378],[140.429331,35.970367],[140.430027,35.970291],[140.430006,35.970169],[140.429827,35.970027],[140.429427,35.969977],[140.429245,35.969958],[140.429157,35.969866],[140.4291,35.969727],[140.428977,35.969169],[140.428927,35.96907]]}},{"type":"Feature","properties":{"id":96185671,"highway":"unclassified"},"geometry":{"type":"LineString","coordinates":[[140.43122,35.972843],[140.431418,35.973178]]}},{"type":"Feature","properties":{"id":96185673,"highway":"unclassified"},"geometry":{"type":"LineString","coordinates":[[140.447321,35.963528],[140.447288,35.963442]]}},{"type":"Feature","properties":{"id":96185676,"highway":"unclassified"},"geometry":{"type":"LineString","coordinates":[[140.428403,35.97005],[140.428595,35.970008],[140.428822,35.97002],[140.428997,35.970054]]}},{"type":"Feature","properties":{"id":96186609,"highway":"unclassified"},"geometry":{"type":"LineString","coordinates":[[140.444046,35.974524],[140.444162,35.974845],[140.44436,35.975003]]}},{"type":"Feature","properties":{"id":96186615,"highway":"unclassified"},"geometry":{"type":"LineString","coordinates":[[140.445635,35.977313],[140.445613,35.97701]]}},{"type":"Feature","properties":{"id":96186621,"highway":"unclassified"},"geometry":{"type":"LineString","coordinates":[[140.44762,35.976508],[140.447274,35.976643],[140.446984,35.976647],[140.447013,35.975871]]}},{"type":"Feature","properties":{"id":96186624,"highway":"unclassified"},"geometry":{"type":"LineString","coordinates":[[140.443885,35.977121],[140.445118,35.977086],[140.445613,35.97701],[140.445867,35.976893],[140.446086,35.976724],[140.447013,35.975871]]}},{"type":"Feature","properties":{"id":96187024,"highway":"unclassified"},"geometry":{"type":"LineString","coordinates":[[140.43791,35.96224],[140.437536,35.96241],[140.437038,35.962725],[140.436541,35.963046],[140.436258,35.963222],[140.435707,35.963586],[140.435162,35.964107],[140.434735,35.964568],[140.433838,35.965426],[140.433674,35.965581],[140.433441,35.965799],[140.43335,35.96589],[140.432813,35.966399],[140.432623,35.966557],[140.432554,35.966595],[140.429824,35.968102],[140.42912,35.968483],[140.428758,35.968682],[140.4279,35.969153],[140.427598,35.969247],[140.42734,35.969295],[140.427121,35.969336],[140.426442,35.969462],[140.42536,35.96979],[140.424392,35.970096],[140.422302,35.970747],[140.420188,35.971242],[140.41956,35.971412],[140.419417,35.971447]]}},{"type":"Feature","properties":{"id":96187026,"highway":"unclassified"},"geometry":{"type":"LineString","coordinates":[[140.438836,35.963428],[140.439006,35.963324],[140.4392,35.963233],[140.439434,35.963149],[140.439938,35.962983],[140.440311,35.962867],[140.440432,35.962813],[140.440506,35.962838],[140.440671,35.962965],[140.440823,35.963029],[140.441027,35.963177],[140.441119,35.963249],[140.44125,35.963409]]}},{"type":"Feature","properties":{"id":96187027,"highway":"residential"},"geometry":{"type":"LineString","coordinates":[[140.433661,35.968462],[140.434341,35.967994],[140.434636,35.967737],[140.434648,35.967708],[140.434547,35.967582],[140.434461,35.967505],[140.434433,35.967455],[140.434437,35.967409],[140.434472,35.967397],[140.434692,35.967228],[140.434797,35.967161],[140.43494,35.967084],[140.435149,35.966907],[140.435224,35.966857],[140.435442,35.96676],[140.435556,35.966695],[140.435773,35.966508],[140.435914,35.966397],[140.436441,35.96604],[140.436573,35.965964],[140.436861,35.965816],[140.437142,35.965677],[140.437299,35.96561],[140.437615,35.965467],[140.437781,35.965399],[140.438008,35.96534],[140.438334,35.965269],[140.438447,35.965228],[140.438538,35.965187],[140.438608,35.965154],[140.438683,35.9651],[140.43879,35.964998],[140.438796,35.964956],[140.438793,35.964909]]}},{"type":"Feature","properties":{"id":96187028,"highway":"unclassified"},"geometry":{"type":"LineString","coordinates":[[140.436469,35.963841],[140.436477,35.963777],[140.436492,35.963738],[140.436519,35.963693],[140.436565,35.96363],[140.436633,35.963548],[140.436791,35.963394],[140.437015,35.963208],[140.43721,35.963077],[140.437492,35.962908],[140.437553,35.962864],[140.437644,35.962775],[140.437713,35.962732],[140.437799,35.962699],[140.438268,35.962588],[140.43837,35.962536],[140.438561,35.962436],[140.438685,35.962347],[140.438774,35.962274]]}},{"type":"Feature","properties":{"id":96187034,"highway":"unclassified"},"geometry":{"type":"LineString","coordinates":[[140.44296,35.964148],[140.444814,35.963557],[140.445627,35.963322],[140.44673,35.962989],[140.447479,35.962795],[140.447996,35.962628],[140.448449,35.962434],[140.449312,35.962082],[140.450194,35.96179],[140.450341,35.961704],[140.451226,35.961402],[140.451915,35.961117],[140.452104,35.961311],[140.452294,35.961461]]}},{"type":"Feature","properties":{"id":96187035,"highway":"unclassified"},"geometry":{"type":"LineString","coordinates":[[140.43395,35.968756],[140.434254,35.968536]]}},{"type":"Feature","properties":{"id":96187036,"highway":"unclassified"},"geometry":{"type":"LineString","coordinates":[[140.434097,35.96709],[140.434437,35.967409]]}},{"type":"Feature","properties":{"id":96187038,"highway":"unclassified"},"geometry":{"type":"LineString","coordinates":[[140.441985,35.957365],[140.443556,35.959218],[140.44362,35.959307],[140.443638,35.959361]]}},{"type":"Feature","properties":{"id":96187039,"highway":"unclassified"},"geometry":{"type":"LineString","coordinates":[[140.433674,35.965581],[140.433817,35.965681],[140.433919,35.965776],[140.434078,35.96593],[140.434162,35.966028],[140.434417,35.966315],[140.434559,35.966408]]}},{"type":"Feature","properties":{"id":96187041,"highway":"unclassified"},"geometry":{"type":"LineString","coordinates":[[140.434341,35.967994],[140.434547,35.968187],[140.434961,35.968556]]}},{"type":"Feature","properties":{"id":96188224,"highway":"unclassified"},"geometry":{"type":"LineString","coordinates":[[140.427448,35.969646],[140.42734,35.969295]]}},{"type":"Feature","properties":{"id":96188229,"highway":"unclassified"},"geometry":{"type":"LineString","coordinates":[[140.455639,35.956341],[140.45571,35.956085]]}},{"type":"Feature","properties":{"id":96188243,"highway":"unclassified"},"geometry":{"type":"LineString","coordinates":[[140.450807,35.955625],[140.451413,35.955734],[140.452001,35.955839],[140.455754,35.956528]]}},{"type":"Feature","properties":{"id":96188246,"highway":"unclassified"},"geometry":{"type":"LineString","coordinates":[[140.420188,35.971242],[140.420234,35.971185],[140.420289,35.971152],[140.420591,35.971068],[140.421308,35.970903],[140.422593,35.970594],[140.423798,35.970186],[140.424392,35.970096]]}},{"type":"Feature","properties":{"id":96188249,"highway":"service"},"geometry":{"type":"LineString","coordinates":[[140.427121,35.969336],[140.426788,35.969329],[140.426264,35.969425],[140.425046,35.969789],[140.424441,35.970017],[140.424392,35.970096]]}},{"type":"Feature","properties":{"id":96188250,"highway":"unclassified"},"geometry":{"type":"LineString","coordinates":[[140.432554,35.966595],[140.432375,35.966606]]}},{"type":"Feature","properties":{"id":96188264,"highway":"unclassified"},"geometry":{"type":"LineString","coordinates":[[140.451144,35.956738],[140.451413,35.955734]]}},{"type":"Feature","properties":{"id":96188273,"highway":"unclassified"},"geometry":{"type":"LineString","coordinates":[[140.450765,35.95517],[140.452119,35.95542],[140.453511,35.955674],[140.453659,35.955699],[140.455456,35.956046],[140.455639,35.956341],[140.455754,35.956528],[140.456502,35.957805]]}},{"type":"Feature","properties":{"id":96188282,"highway":"unclassified"},"geometry":{"type":"LineString","coordinates":[[140.452001,35.955839],[140.452119,35.95542]]}},{"type":"Feature","properties":{"id":96188284,"highway":"unclassified"},"geometry":{"type":"LineString","coordinates":[[140.436258,35.963222],[140.436203,35.963218],[140.43615,35.963231],[140.436068,35.963254],[140.435933,35.963339],[140.435678,35.963505],[140.435486,35.963684],[140.435197,35.96398],[140.43518,35.964039],[140.435162,35.964107]]}},{"type":"Feature","properties":{"id":104514946,"highway":"unclassified"},"geometry":{"type":"LineString","coordinates":[[140.490341,35.897564],[140.490707,35.898089],[140.491117,35.89856],[140.491406,35.898908],[140.491691,35.899356],[140.492012,35.899876],[140.491365,35.900095]]}},{"type":"Feature","properties":{"id":104516786,"highway":"tertiary"},"geometry":{"type":"LineString","coordinates":[[140.493017,35.904009],[140.492955,35.903866],[140.492929,35.903803],[140.49286,35.903638],[140.492684,35.903232],[140.492241,35.902166],[140.491956,35.901503],[140.491797,35.901091],[140.491616,35.90062],[140.491554,35.900468]]}},{"type":"Feature","properties":{"id":104516787,"highway":"residential"},"geometry":{"type":"LineString","coordinates":[[140.492241,35.902166],[140.492893,35.901849],[140.493338,35.901645],[140.493755,35.901474],[140.493918,35.901369],[140.494681,35.900692],[140.495526,35.89992],[140.495799,35.899676],[140.496332,35.899422],[140.496687,35.899264],[140.49661,35.899185],[140.496209,35.898775],[140.496124,35.898724]]}},{"type":"Feature","properties":{"id":104516791,"highway":"residential"},"geometry":{"type":"LineString","coordinates":[[140.495799,35.899676],[140.496487,35.900188],[140.497007,35.900573],[140.497238,35.900351],[140.496786,35.899911],[140.496332,35.899422]]}},{"type":"Feature","properties":{"id":104516798,"highway":"residential"},"geometry":{"type":"LineString","coordinates":[[140.49286,35.903638],[140.493093,35.903416],[140.493971,35.902544],[140.494254,35.902256],[140.494536,35.90197],[140.494919,35.901618],[140.495379,35.9012],[140.496216,35.900432],[140.496487,35.900188],[140.496786,35.899911],[140.497075,35.899654]]}},{"type":"Feature","properties":{"id":104516803,"highway":"residential"},"geometry":{"type":"LineString","coordinates":[[140.495526,35.89992],[140.495882,35.900181],[140.496216,35.900432],[140.496589,35.900708],[140.496603,35.900772],[140.496514,35.900854],[140.496018,35.901309],[140.4958,35.901509],[140.495488,35.901796],[140.495348,35.901925],[140.494994,35.902268],[140.494437,35.902852],[140.494253,35.903045],[140.494159,35.903316],[140.494003,35.903509],[140.493697,35.903821],[140.493093,35.903416]]}},{"type":"Feature","properties":{"id":104516809,"highway":"residential"},"geometry":{"type":"LineString","coordinates":[[140.492893,35.901849],[140.493596,35.902298],[140.493971,35.902544],[140.494437,35.902852],[140.494708,35.903025],[140.49524,35.902482],[140.495726,35.901986],[140.496276,35.901495],[140.496752,35.901051],[140.496514,35.900854]]}},{"type":"Feature","properties":{"id":104516812,"highway":"residential"},"geometry":{"type":"LineString","coordinates":[[140.4958,35.901509],[140.495664,35.901409],[140.495531,35.901312],[140.495379,35.9012],[140.495035,35.900948],[140.494681,35.900692]]}},{"type":"Feature","properties":{"id":104516816,"highway":"residential"},"geometry":{"type":"LineString","coordinates":[[140.495882,35.900181],[140.495035,35.900948],[140.494178,35.901741]]}},{"type":"Feature","properties":{"id":104516819,"highway":"residential"},"geometry":{"type":"LineString","coordinates":[[140.494994,35.902268],[140.494847,35.902171],[140.494709,35.90208],[140.494536,35.90197],[140.494178,35.901741],[140.493755,35.901474]]}},{"type":"Feature","properties":{"id":104516821,"highway":"residential"},"geometry":{"type":"LineString","coordinates":[[140.492684,35.903232],[140.493596,35.902298]]}},{"type":"Feature","properties":{"id":104516822,"highway":"residential"},"geometry":{"type":"LineString","coordinates":[[140.496687,35.899264],[140.496905,35.899481],[140.497075,35.899654],[140.497398,35.899998],[140.497601,35.900209],[140.497646,35.900257]]}},{"type":"Feature","properties":{"id":104516824,"highway":"residential"},"geometry":{"type":"LineString","coordinates":[[140.497646,35.900257],[140.497784,35.900404]]}},{"type":"Feature","properties":{"id":104516830,"highway":"residential"},"geometry":{"type":"LineString","coordinates":[[140.497784,35.900404],[140.498077,35.90074],[140.498533,35.901207],[140.498695,35.901369],[140.499066,35.901722],[140.499235,35.9019],[140.499708,35.90237]]}},{"type":"Feature","properties":{"id":104516840,"highway":"residential"},"geometry":{"type":"LineString","coordinates":[[140.499066,35.901722],[140.499511,35.901422],[140.499892,35.901165],[140.500497,35.901754]]}},{"type":"Feature","properties":{"id":104619326,"highway":"residential"},"geometry":{"type":"LineString","coordinates":[[140.402179,35.907359],[140.402118,35.907091],[140.40208,35.906805],[140.402073,35.90627],[140.402069,35.906247],[140.401881,35.905517],[140.401649,35.904731]]}},{"type":"Feature","properties":{"id":104619339,"highway":"unclassified"},"geometry":{"type":"LineString","coordinates":[[140.411811,35.903969],[140.411279,35.904131],[140.410411,35.904447],[140.409778,35.904729],[140.408473,35.905386],[140.407774,35.905726],[140.407364,35.905916],[140.407142,35.906011],[140.405659,35.906645],[140.405222,35.906802],[140.404292,35.907065],[140.40386,35.907137],[140.403371,35.907218],[140.403057,35.907359],[140.402663,35.907404],[140.402472,35.907392],[140.402179,35.907359]]}},{"type":"Feature","properties":{"id":104619369,"highway":"residential"},"geometry":{"type":"LineString","coordinates":[[140.402073,35.90627],[140.402179,35.90627],[140.402323,35.906258],[140.402621,35.906178],[140.402865,35.906104],[140.403102,35.906075],[140.403293,35.906071],[140.403526,35.906097],[140.404367,35.906363],[140.40466,35.906433],[140.404778,35.906438],[140.404885,35.906424],[140.405043,35.906374],[140.405235,35.906301],[140.405388,35.906252],[140.406578,35.905992],[140.40729,35.905819],[140.407364,35.905916]]}},{"type":"Feature","properties":{"id":104619374,"highway":"residential"},"geometry":{"type":"LineString","coordinates":[[140.405659,35.906645],[140.405388,35.906252],[140.40541,35.906202],[140.405414,35.906101],[140.405037,35.905603],[140.40475,35.905121],[140.404251,35.904301],[140.404323,35.904235]]}},{"type":"Feature","properties":{"id":104619379,"highway":"residential"},"geometry":{"type":"LineString","coordinates":[[140.403371,35.907218],[140.403318,35.906857],[140.40336,35.906678],[140.403526,35.906097],[140.403598,35.905878],[140.40357,35.905552],[140.403483,35.904983],[140.403536,35.904722]]}},{"type":"Feature","properties":{"id":104619385,"highway":"residential"},"geometry":{"type":"LineString","coordinates":[[140.402621,35.906178],[140.402448,35.905936],[140.402418,35.905871],[140.402408,35.905815],[140.402411,35.905648],[140.402429,35.905526],[140.402433,35.905499],[140.402441,35.905437],[140.402623,35.904581],[140.402632,35.904417],[140.402607,35.904253],[140.402429,35.903765]]}},{"type":"Feature","properties":{"id":104619395,"highway":"residential"},"geometry":{"type":"LineString","coordinates":[[140.402632,35.904417],[140.402849,35.904409],[140.402981,35.904401],[140.40315,35.904435],[140.403254,35.904481],[140.403324,35.90452],[140.403382,35.904569],[140.403454,35.904673],[140.403536,35.904722],[140.403658,35.904732],[140.403792,35.904548],[140.403832,35.904425],[140.404125,35.904204],[140.404214,35.904175],[140.404323,35.904235],[140.404463,35.904178],[140.404593,35.904069],[140.405207,35.903659]]}},{"type":"Feature","properties":{"id":104619400,"highway":"residential"},"geometry":{"type":"LineString","coordinates":[[140.406578,35.905992],[140.405832,35.904694],[140.405383,35.903908],[140.405207,35.903659],[140.405067,35.903441],[140.404827,35.903101]]}},{"type":"Feature","properties":{"id":104619404,"highway":"residential"},"geometry":{"type":"LineString","coordinates":[[140.405947,35.90465],[140.40694,35.904274],[140.40905,35.903463],[140.411134,35.902661]]}},{"type":"Feature","properties":{"id":104619416,"highway":"residential"},"geometry":{"type":"LineString","coordinates":[[140.411919,35.904154],[140.411744,35.903688],[140.411671,35.903442]]}},{"type":"Feature","properties":{"id":104619436,"highway":"residential"},"geometry":{"type":"LineString","coordinates":[[140.406903,35.90421],[140.40614,35.902883],[140.406183,35.902835],[140.406907,35.902253],[140.407172,35.902086],[140.407695,35.901587],[140.407818,35.901689],[140.407941,35.901806],[140.408203,35.901698]]}},{"type":"Feature","properties":{"id":104619441,"highway":"residential"},"geometry":{"type":"LineString","coordinates":[[140.409014,35.903401],[140.408194,35.901957],[140.408181,35.901901],[140.408203,35.901698],[140.408191,35.901632],[140.407969,35.901255],[140.408059,35.901083],[140.408119,35.901034],[140.408219,35.900866],[140.408383,35.900527],[140.408464,35.900328],[140.408496,35.900291],[140.409558,35.899882]]}},{"type":"Feature","properties":{"id":104619445,"highway":"residential"},"geometry":{"type":"LineString","coordinates":[[140.410996,35.901992],[140.412285,35.901561],[140.414207,35.900917]]}},{"type":"Feature","properties":{"id":104619466,"highway":"residential"},"geometry":{"type":"LineString","coordinates":[[140.415814,35.899999],[140.416434,35.89999],[140.416656,35.899993],[140.416879,35.90001],[140.41715,35.900041],[140.417614,35.900131],[140.417877,35.900228],[140.418947,35.900581],[140.419056,35.900599],[140.419354,35.90058],[140.419445,35.900602],[140.419819,35.900833],[140.420753,35.901428],[140.420889,35.901491],[140.421195,35.901544],[140.423267,35.901663]]}},{"type":"Feature","properties":{"id":105022527,"highway":"trunk"},"geometry":{"type":"LineString","coordinates":[[140.482415,35.925022],[140.482383,35.92517],[140.482325,35.925433],[140.482298,35.925573],[140.482264,35.925777],[140.482235,35.925974],[140.482219,35.926154],[140.482209,35.926306],[140.482206,35.926505],[140.482213,35.926704],[140.482234,35.926998],[140.482284,35.927283],[140.482326,35.927484],[140.482383,35.927704],[140.482464,35.927955],[140.482549,35.928174],[140.482654,35.928422],[140.482778,35.928663],[140.482889,35.928867],[140.483017,35.929069],[140.483284,35.929466]]}},{"type":"Feature","properties":{"id":105037268,"highway":"trunk"},"geometry":{"type":"LineString","coordinates":[[140.486416,35.90349],[140.486463,35.90335],[140.486504,35.903251],[140.486534,35.90318]]}},{"type":"Feature","properties":{"id":105037271,"highway":"unclassified"},"geometry":{"type":"LineString","coordinates":[[140.48899,35.906483],[140.489346,35.906423]]}},{"type":"Feature","properties":{"id":105037272,"highway":"unclassified"},"geometry":{"type":"LineString","coordinates":[[140.485431,35.906988],[140.485527,35.907012],[140.485612,35.907019],[140.486536,35.90681],[140.487066,35.90673],[140.487255,35.906734]]}},{"type":"Feature","properties":{"id":105037275,"highway":"trunk"},"geometry":{"type":"LineString","coordinates":[[140.485729,35.905856],[140.485872,35.905343],[140.486075,35.904638],[140.486416,35.90349]]}},{"type":"Feature","properties":{"id":105037277,"highway":"trunk"},"geometry":{"type":"LineString","coordinates":[[140.485632,35.906168],[140.485729,35.905856]]}},{"type":"Feature","properties":{"id":105039755,"highway":"tertiary"},"geometry":{"type":"LineString","coordinates":[[140.497174,35.936152],[140.498252,35.935646]]}},{"type":"Feature","properties":{"id":117325654,"highway":"residential"},"geometry":{"type":"LineString","coordinates":[[140.480146,35.899409],[140.480164,35.899518],[140.480192,35.899628],[140.480233,35.899695],[140.480402,35.899913],[140.480466,35.899899],[140.480568,35.899928],[140.480819,35.900056],[140.481087,35.90024],[140.481258,35.900601],[140.48161,35.900221]]}},{"type":"Feature","properties":{"id":117325662,"highway":"residential"},"geometry":{"type":"LineString","coordinates":[[140.484384,35.899615],[140.484317,35.899725],[140.484105,35.899954],[140.483926,35.900103],[140.483796,35.900086],[140.483581,35.900034],[140.483377,35.899973],[140.483328,35.899952],[140.483212,35.899877],[140.483042,35.899745],[140.482968,35.899655]]}},{"type":"Feature","properties":{"id":117325663,"highway":"residential"},"geometry":{"type":"LineString","coordinates":[[140.478157,35.899403],[140.478076,35.899537],[140.477993,35.899654],[140.477935,35.899727],[140.477931,35.899764],[140.477968,35.899867],[140.478022,35.899986],[140.478006,35.900174],[140.478084,35.900517],[140.478137,35.900664]]}},{"type":"Feature","properties":{"id":119190659,"highway":"service"},"geometry":{"type":"LineString","coordinates":[[140.405539,35.899629],[140.405777,35.899761],[140.405962,35.899839],[140.406607,35.899997],[140.406688,35.900047],[140.40682,35.900191],[140.406955,35.900354],[140.40712,35.900622],[140.407189,35.900747],[140.407251,35.900802],[140.407469,35.900913]]}},{"type":"Feature","properties":{"id":119190673,"highway":"service"},"geometry":{"type":"LineString","coordinates":[[140.402897,35.908095],[140.40287,35.907897],[140.402824,35.907846],[140.402715,35.90781],[140.402224,35.907786],[140.40171,35.907724],[140.40118,35.907681],[140.401106,35.907653],[140.401039,35.907623],[140.400873,35.907581],[140.400346,35.907525],[140.399802,35.907437],[140.399241,35.907322],[140.399008,35.907265],[140.398843,35.907219],[140.398682,35.907123],[140.398605,35.907035]]}},{"type":"Feature","properties":{"id":119190984,"highway":"service"},"geometry":{"type":"LineString","coordinates":[[140.399024,35.900736],[140.39909,35.900715],[140.399499,35.90058],[140.399574,35.900583],[140.39964,35.900597],[140.399949,35.900666],[140.40003,35.900718],[140.400065,35.900781],[140.400079,35.90085],[140.40004,35.901197]]}},{"type":"Feature","properties":{"id":119191114,"highway":"residential"},"geometry":{"type":"LineString","coordinates":[[140.429694,35.904491],[140.429202,35.904645],[140.428369,35.904783],[140.427897,35.904603]]}},{"type":"Feature","properties":{"id":119191356,"highway":"unclassified"},"geometry":{"type":"LineString","coordinates":[[140.42808,35.904251],[140.428306,35.904221],[140.429337,35.903946]]}},{"type":"Feature","properties":{"id":119191623,"highway":"unclassified"},"geometry":{"type":"LineString","coordinates":[[140.430632,35.903814],[140.430294,35.903881],[140.430202,35.903859],[140.43012,35.903818],[140.430007,35.903816],[140.429821,35.903821],[140.429666,35.903838],[140.429337,35.903946]]}},{"type":"Feature","properties":{"id":119191624,"highway":"unclassified"},"geometry":{"type":"LineString","coordinates":[[140.405171,35.900022],[140.405034,35.900206],[140.404881,35.900531],[140.404823,35.900654],[140.404518,35.901317]]}},{"type":"Feature","properties":{"id":119192113,"highway":"unclassified"},"geometry":{"type":"LineString","coordinates":[[140.425902,35.903573],[140.424823,35.903217]]}},{"type":"Feature","properties":{"id":119192146,"highway":"residential"},"geometry":{"type":"LineString","coordinates":[[140.404271,35.901882],[140.403713,35.90178],[140.402444,35.902198]]}},{"type":"Feature","properties":{"id":119192200,"highway":"residential"},"geometry":{"type":"LineString","coordinates":[[140.402969,35.899508],[140.403272,35.899467],[140.403499,35.89947],[140.403598,35.899483],[140.404016,35.899634],[140.404105,35.899775],[140.404131,35.899819],[140.404177,35.89988],[140.404347,35.899949],[140.404604,35.899996],[140.405171,35.900022]]}},{"type":"Feature","properties":{"id":119192845,"highway":"unclassified"},"geometry":{"type":"LineString","coordinates":[[140.427974,35.901563],[140.427969,35.901541],[140.427122,35.89922]]}},{"type":"Feature","properties":{"id":119192955,"highway":"residential"},"geometry":{"type":"LineString","coordinates":[[140.402438,35.902243],[140.402444,35.902198]]}},{"type":"Feature","properties":{"id":119193041,"highway":"residential"},"geometry":{"type":"LineString","coordinates":[[140.419154,35.90347],[140.419118,35.90314],[140.419151,35.902926],[140.41922,35.902878],[140.419326,35.902836],[140.419819,35.900833]]}},{"type":"Feature","properties":{"id":119193214,"highway":"service"},"geometry":{"type":"LineString","coordinates":[[140.407852,35.906463],[140.408502,35.906169],[140.408877,35.905989],[140.409458,35.905733],[140.409932,35.905513],[140.410254,35.905373],[140.410638,35.905197],[140.411259,35.904969],[140.412045,35.904722],[140.413495,35.904364],[140.414807,35.904084],[140.415662,35.904015],[140.415494,35.903895],[140.414711,35.9037],[140.414487,35.903644]]}},{"type":"Feature","properties":{"id":119193324,"highway":"residential"},"geometry":{"type":"LineString","coordinates":[[140.402438,35.902243],[140.402174,35.902315],[140.40187,35.902441],[140.401441,35.902674],[140.401436,35.90271],[140.401545,35.902876]]}},{"type":"Feature","properties":{"id":119193622,"highway":"service"},"geometry":{"type":"LineString","coordinates":[[140.405663,35.902599],[140.405705,35.902621],[140.405927,35.902628],[140.406089,35.902732],[140.406183,35.902835]]}},{"type":"Feature","properties":{"id":119193741,"highway":"residential"},"geometry":{"type":"LineString","coordinates":[[140.40282,35.903647],[140.402678,35.903124],[140.402776,35.903031],[140.402832,35.902939],[140.40283,35.902866],[140.402761,35.902699],[140.402514,35.90241],[140.402438,35.902243]]}},{"type":"Feature","properties":{"id":119193807,"highway":"service"},"geometry":{"type":"LineString","coordinates":[[140.398718,35.907644],[140.400102,35.907824],[140.400891,35.907919],[140.401618,35.907992],[140.402103,35.908008],[140.402191,35.908012],[140.402257,35.908046],[140.402318,35.908092],[140.402364,35.908136],[140.402897,35.908095]]}},{"type":"Feature","properties":{"id":119193905,"highway":"unclassified"},"geometry":{"type":"LineString","coordinates":[[140.42808,35.904251],[140.425902,35.903573]]}},{"type":"Feature","properties":{"id":119193932,"highway":"unclassified"},"geometry":{"type":"LineString","coordinates":[[140.429694,35.904491],[140.429524,35.90439],[140.429436,35.904152],[140.429337,35.903946]]}},{"type":"Feature","properties":{"id":119194338,"highway":"service"},"geometry":{"type":"LineString","coordinates":[[140.406114,35.902015],[140.405218,35.902197],[140.405144,35.902209],[140.405067,35.902222],[140.404665,35.902154],[140.404607,35.902119],[140.404529,35.901985],[140.404457,35.901921],[140.404271,35.901882]]}},{"type":"Feature","properties":{"id":119194581,"highway":"unclassified"},"geometry":{"type":"LineString","coordinates":[[140.430723,35.904692],[140.430468,35.904586],[140.43043,35.904607],[140.430346,35.904645],[140.430178,35.904662],[140.429694,35.904491]]}},{"type":"Feature","properties":{"id":119194777,"highway":"residential"},"geometry":{"type":"LineString","coordinates":[[140.400037,35.906295],[140.400512,35.906299],[140.401104,35.906311],[140.402069,35.906247]]}},{"type":"Feature","properties":{"id":119194927,"highway":"unclassified"},"geometry":{"type":"LineString","coordinates":[[140.430946,35.903782],[140.430991,35.90393],[140.430986,35.904157],[140.430935,35.904294],[140.430723,35.904692]]}},{"type":"Feature","properties":{"id":119194960,"highway":"unclassified"},"geometry":{"type":"LineString","coordinates":[[140.427897,35.904603],[140.427677,35.905116]]}},{"type":"Feature","properties":{"id":119195168,"highway":"residential"},"geometry":{"type":"LineString","coordinates":[[140.401321,35.903341],[140.401337,35.903441],[140.401572,35.904005]]}},{"type":"Feature","properties":{"id":119195616,"highway":"service"},"geometry":{"type":"LineString","coordinates":[[140.407526,35.900804],[140.40802,35.901025],[140.408059,35.901083]]}},{"type":"Feature","properties":{"id":119195631,"highway":"unclassified"},"geometry":{"type":"LineString","coordinates":[[140.42808,35.904251],[140.427897,35.904603]]}},{"type":"Feature","properties":{"id":119195713,"highway":"residential"},"geometry":{"type":"LineString","coordinates":[[140.41218,35.903316],[140.412845,35.903154]]}},{"type":"Feature","properties":{"id":119195935,"highway":"unclassified"},"geometry":{"type":"LineString","coordinates":[[140.430632,35.903814],[140.430946,35.903782]]}},{"type":"Feature","properties":{"id":119196073,"highway":"unclassified"},"geometry":{"type":"LineString","coordinates":[[140.401272,35.906864],[140.401377,35.907186],[140.401329,35.907214],[140.401265,35.907248],[140.401147,35.907275],[140.401002,35.907268],[140.40079,35.907192],[140.400546,35.907036],[140.400281,35.906826],[140.400143,35.90669],[140.400037,35.906295]]}},{"type":"Feature","properties":{"id":119196093,"highway":"unclassified"},"geometry":{"type":"LineString","coordinates":[[140.411671,35.903442],[140.41218,35.903316],[140.41235,35.903819]]}},{"type":"Feature","properties":{"id":119196104,"highway":"residential"},"geometry":{"type":"LineString","coordinates":[[140.402444,35.902198],[140.402355,35.901935],[140.402031,35.901997],[140.401915,35.901998],[140.401779,35.90197],[140.401706,35.901934],[140.401569,35.901818],[140.401431,35.901665],[140.401351,35.901612],[140.401224,35.901577],[140.401078,35.901547],[140.400863,35.901518],[140.400656,35.901452],[140.399999,35.901449],[140.399991,35.901629]]}},{"type":"Feature","properties":{"id":119196175,"highway":"unclassified"},"geometry":{"type":"LineString","coordinates":[[140.427751,35.902471],[140.428089,35.904203],[140.42808,35.904251]]}},{"type":"Feature","properties":{"id":119196218,"highway":"unclassified"},"geometry":{"type":"LineString","coordinates":[[140.427677,35.905116],[140.427731,35.905147],[140.427765,35.905191],[140.427771,35.905241],[140.427763,35.905294],[140.427629,35.905576]]}},{"type":"Feature","properties":{"id":119196280,"highway":"residential"},"geometry":{"type":"LineString","coordinates":[[140.401321,35.903341],[140.401064,35.903329],[140.400967,35.903347],[140.400738,35.903433],[140.400617,35.903457],[140.400545,35.903407],[140.400085,35.90212],[140.400067,35.901962],[140.399991,35.901629]]}},{"type":"Feature","properties":{"id":119196384,"highway":"unclassified"},"geometry":{"type":"LineString","coordinates":[[140.427382,35.905756],[140.427677,35.905116]]}},{"type":"Feature","properties":{"id":119196574,"highway":"residential"},"geometry":{"type":"LineString","coordinates":[[140.409778,35.904729],[140.40905,35.903463]]}},{"type":"Feature","properties":{"id":119196693,"highway":"unclassified"},"geometry":{"type":"LineString","coordinates":[[140.430632,35.903814],[140.430592,35.903575],[140.430542,35.903385],[140.430666,35.903386],[140.43096,35.903341],[140.431569,35.90305]]}},{"type":"Feature","properties":{"id":119196723,"highway":"unclassified"},"geometry":{"type":"LineString","coordinates":[[140.405539,35.899629],[140.405171,35.900022]]}},{"type":"Feature","properties":{"id":119196820,"highway":"unclassified"},"geometry":{"type":"LineString","coordinates":[[140.404271,35.901882],[140.404258,35.901912],[140.404207,35.902084],[140.404184,35.902182],[140.404168,35.902301],[140.404185,35.90239],[140.404358,35.903195]]}},{"type":"Feature","properties":{"id":119260538,"highway":"unclassified"},"geometry":{"type":"LineString","coordinates":[[140.459733,35.922468],[140.459313,35.922653],[140.459038,35.922841],[140.458766,35.92306],[140.458483,35.923135],[140.457672,35.92334]]}},{"type":"Feature","properties":{"id":119260597,"highway":"unclassified"},"geometry":{"type":"LineString","coordinates":[[140.477752,35.901723],[140.47772,35.901846],[140.477719,35.901911],[140.477728,35.901971],[140.477769,35.902117],[140.477778,35.902163],[140.477767,35.902208],[140.477729,35.902335],[140.477714,35.902417],[140.477693,35.902538],[140.477672,35.902725],[140.477654,35.902806],[140.477666,35.902894],[140.477684,35.902964],[140.477717,35.903032],[140.477713,35.903223],[140.477755,35.9035],[140.477678,35.903978],[140.477669,35.904099],[140.477667,35.904225],[140.47768,35.904357],[140.477708,35.904496],[140.477749,35.904606],[140.477814,35.904731],[140.4779,35.904859],[140.477987,35.904972],[140.478054,35.905053],[140.478264,35.905182],[140.478667,35.905496],[140.478912,35.905659],[140.479072,35.905763],[140.479191,35.905855],[140.479294,35.905971],[140.47941,35.906117],[140.479469,35.906224],[140.479497,35.906273]]}},{"type":"Feature","properties":{"id":119260651,"highway":"residential"},"geometry":{"type":"LineString","coordinates":[[140.499468,35.926337],[140.499315,35.926545],[140.499142,35.926833]]}},{"type":"Feature","properties":{"id":119260654,"highway":"unclassified"},"geometry":{"type":"LineString","coordinates":[[140.431768,35.903425],[140.431729,35.903515],[140.431685,35.90355],[140.430946,35.903782]]}},{"type":"Feature","properties":{"id":119260779,"highway":"unclassified"},"geometry":{"type":"LineString","coordinates":[[140.465285,35.92032],[140.464659,35.920399],[140.464201,35.920481],[140.464157,35.920489]]}},{"type":"Feature","properties":{"id":119260793,"highway":"service"},"geometry":{"type":"LineString","coordinates":[[140.489425,35.902675],[140.489855,35.902321],[140.490022,35.902192],[140.490196,35.902048],[140.490341,35.901914],[140.49046,35.901777],[140.49062,35.901579],[140.490765,35.901356],[140.490863,35.901123],[140.490927,35.900976],[140.491007,35.900666],[140.491037,35.900555]]}},{"type":"Feature","properties":{"id":119261009,"highway":"unclassified"},"geometry":{"type":"LineString","coordinates":[[140.500183,35.899866],[140.499214,35.900516],[140.498895,35.900682]]}},{"type":"Feature","properties":{"id":119261029,"highway":"unclassified"},"geometry":{"type":"LineString","coordinates":[[140.459046,35.915267],[140.457883,35.915117],[140.456832,35.914971],[140.455991,35.914816],[140.454289,35.914415]]}},{"type":"Feature","properties":{"id":119261075,"highway":"unclassified"},"geometry":{"type":"LineString","coordinates":[[140.497311,35.9114],[140.497126,35.911634],[140.497083,35.91171],[140.49705,35.911781],[140.497023,35.911868],[140.497017,35.911991],[140.497025,35.912075],[140.497031,35.912137]]}},{"type":"Feature","properties":{"id":119261076,"highway":"unclassified"},"geometry":{"type":"LineString","coordinates":[[140.491646,35.927794],[140.492136,35.927394]]}},{"type":"Feature","properties":{"id":119261093,"highway":"unclassified"},"geometry":{"type":"LineString","coordinates":[[140.492877,35.915074],[140.49293,35.915095],[140.492984,35.915125],[140.493046,35.915195]]}},{"type":"Feature","properties":{"id":119261115,"highway":"unclassified"},"geometry":{"type":"LineString","coordinates":[[140.446244,35.911775],[140.446646,35.910564],[140.446703,35.910084],[140.446974,35.909083],[140.447055,35.907927],[140.447111,35.907625],[140.447121,35.907438]]}},{"type":"Feature","properties":{"id":119261131,"highway":"unclassified"},"geometry":{"type":"LineString","coordinates":[[140.498533,35.913214],[140.499336,35.912931]]}},{"type":"Feature","properties":{"id":119261189,"highway":"unclassified"},"geometry":{"type":"LineString","coordinates":[[140.495394,35.90286],[140.495531,35.902501],[140.495581,35.902433],[140.49616,35.901938]]}},{"type":"Feature","properties":{"id":119261245,"highway":"unclassified"},"geometry":{"type":"LineString","coordinates":[[140.497816,35.902055],[140.496894,35.902747]]}},{"type":"Feature","properties":{"id":119261274,"highway":"unclassified"},"geometry":{"type":"LineString","coordinates":[[140.498568,35.910879],[140.498309,35.910996]]}},{"type":"Feature","properties":{"id":119261280,"highway":"residential"},"geometry":{"type":"LineString","coordinates":[[140.473429,35.919007],[140.473156,35.918765],[140.47245,35.919026],[140.471521,35.919329],[140.470187,35.919699],[140.469241,35.919979],[140.46873,35.920155],[140.46738,35.920941]]}},{"type":"Feature","properties":{"id":119261302,"highway":"residential"},"geometry":{"type":"LineString","coordinates":[[140.468377,35.912741],[140.46894,35.91216],[140.469349,35.911847],[140.469648,35.91169],[140.470319,35.911392]]}},{"type":"Feature","properties":{"id":119261378,"highway":"unclassified"},"geometry":{"type":"LineString","coordinates":[[140.467579,35.906862],[140.469713,35.90666]]}},{"type":"Feature","properties":{"id":119261424,"highway":"residential"},"geometry":{"type":"LineString","coordinates":[[140.498228,35.926379],[140.498198,35.926331],[140.498157,35.926207],[140.498157,35.926055],[140.498192,35.925942],[140.498337,35.925384],[140.498393,35.925221],[140.498483,35.924996]]}},{"type":"Feature","properties":{"id":119261504,"highway":"residential"},"geometry":{"type":"LineString","coordinates":[[140.459085,35.912822],[140.458965,35.913011],[140.458937,35.913283],[140.459028,35.913709],[140.459076,35.913878],[140.45918,35.914139]]}},{"type":"Feature","properties":{"id":119261612,"highway":"residential"},"geometry":{"type":"LineString","coordinates":[[140.462007,35.908354],[140.461897,35.908439],[140.461627,35.90914],[140.461427,35.909497],[140.461224,35.909775],[140.461148,35.909875],[140.460961,35.910073],[140.460629,35.910631]]}},{"type":"Feature","properties":{"id":119261618,"highway":"residential"},"geometry":{"type":"LineString","coordinates":[[140.493472,35.918236],[140.4932,35.918221],[140.492921,35.918185],[140.492613,35.918137],[140.492497,35.918113],[140.492387,35.918075],[140.492137,35.917955],[140.491925,35.917849],[140.491239,35.917558]]}},{"type":"Feature","properties":{"id":119261645,"highway":"unclassified"},"geometry":{"type":"LineString","coordinates":[[140.494281,35.929079],[140.494559,35.929323],[140.495055,35.929776]]}},{"type":"Feature","properties":{"id":119261697,"highway":"residential"},"geometry":{"type":"LineString","coordinates":[[140.47767,35.901674],[140.477904,35.901398]]}},{"type":"Feature","properties":{"id":119261721,"highway":"unclassified"},"geometry":{"type":"LineString","coordinates":[[140.432651,35.902916],[140.432222,35.902842]]}},{"type":"Feature","properties":{"id":119261747,"highway":"residential"},"geometry":{"type":"LineString","coordinates":[[140.468998,35.913526],[140.469334,35.91395]]}},{"type":"Feature","properties":{"id":119261766,"highway":"unclassified"},"geometry":{"type":"LineString","coordinates":[[140.4947,35.929871],[140.494574,35.929825],[140.49447,35.929819],[140.494123,35.929871]]}},{"type":"Feature","properties":{"id":119261927,"highway":"residential"},"geometry":{"type":"LineString","coordinates":[[140.498038,35.923857],[140.498088,35.923913],[140.49822,35.924071],[140.498393,35.924314],[140.498483,35.924466],[140.498532,35.92459],[140.498538,35.924792],[140.498483,35.924996]]}},{"type":"Feature","properties":{"id":119261962,"highway":"residential"},"geometry":{"type":"LineString","coordinates":[[140.475318,35.900426],[140.475567,35.900112]]}},{"type":"Feature","properties":{"id":119261973,"highway":"unclassified"},"geometry":{"type":"LineString","coordinates":[[140.487967,35.899656],[140.488565,35.900234],[140.488791,35.90045],[140.489275,35.900916],[140.489333,35.90097]]}},{"type":"Feature","properties":{"id":119261979,"highway":"unclassified"},"geometry":{"type":"LineString","coordinates":[[140.499405,35.898879],[140.498901,35.899355],[140.49812,35.900093],[140.497784,35.900404]]}},{"type":"Feature","properties":{"id":119261996,"highway":"residential"},"geometry":{"type":"LineString","coordinates":[[140.499468,35.926337],[140.499668,35.926111],[140.499897,35.925897],[140.500132,35.9257],[140.50034,35.92557],[140.500804,35.925282],[140.501234,35.924894],[140.501345,35.924799],[140.501608,35.924584],[140.502065,35.924279],[140.502377,35.924093],[140.502481,35.924031]]}},{"type":"Feature","properties":{"id":119262136,"highway":"residential"},"geometry":{"type":"LineString","coordinates":[[140.501434,35.939686],[140.501037,35.93977],[140.500752,35.939784],[140.500229,35.939813],[140.500119,35.939841],[140.499996,35.939921]]}},{"type":"Feature","properties":{"id":119262196,"highway":"unclassified"},"geometry":{"type":"LineString","coordinates":[[140.497951,35.934895],[140.499564,35.934263],[140.499703,35.934351]]}},{"type":"Feature","properties":{"id":119262207,"highway":"unclassified"},"geometry":{"type":"LineString","coordinates":[[140.493333,35.918744],[140.493037,35.918661]]}},{"type":"Feature","properties":{"id":119262209,"highway":"residential"},"geometry":{"type":"LineString","coordinates":[[140.499468,35.926337],[140.499384,35.926326],[140.498719,35.926184],[140.499246,35.925452],[140.498483,35.924996]]}},{"type":"Feature","properties":{"id":119262210,"highway":"unclassified"},"geometry":{"type":"LineString","coordinates":[[140.496788,35.904299],[140.495955,35.903467]]}},{"type":"Feature","properties":{"id":119262226,"highway":"unclassified"},"geometry":{"type":"LineString","coordinates":[[140.471049,35.913308],[140.471228,35.913216]]}},{"type":"Feature","properties":{"id":119262245,"highway":"residential"},"geometry":{"type":"LineString","coordinates":[[140.494637,35.914629],[140.495807,35.914206],[140.495889,35.914178]]}},{"type":"Feature","properties":{"id":119262251,"highway":"residential"},"geometry":{"type":"LineString","coordinates":[[140.479467,35.902366],[140.481144,35.902674]]}},{"type":"Feature","properties":{"id":119262261,"highway":"unclassified"},"geometry":{"type":"LineString","coordinates":[[140.47575,35.910469],[140.475406,35.910669],[140.474704,35.911134],[140.474043,35.911506],[140.47389,35.911601]]}},{"type":"Feature","properties":{"id":119262296,"highway":"unclassified"},"geometry":{"type":"LineString","coordinates":[[140.449996,35.907516],[140.452193,35.907489],[140.452421,35.907484],[140.454417,35.907459]]}},{"type":"Feature","properties":{"id":119262297,"highway":"unclassified"},"geometry":{"type":"LineString","coordinates":[[140.471049,35.913308],[140.470964,35.913325],[140.470226,35.913621],[140.469334,35.91395]]}},{"type":"Feature","properties":{"id":119262303,"highway":"unclassified"},"geometry":{"type":"LineString","coordinates":[[140.498152,35.936879],[140.498116,35.936733],[140.498102,35.936457]]}},{"type":"Feature","properties":{"id":119262323,"highway":"residential"},"geometry":{"type":"LineString","coordinates":[[140.501364,35.925883],[140.501317,35.925887],[140.500817,35.926185],[140.500446,35.926571],[140.499468,35.926337]]}},{"type":"Feature","properties":{"id":119262358,"highway":"residential"},"geometry":{"type":"LineString","coordinates":[[140.498885,35.931302],[140.497968,35.931647],[140.497869,35.931664],[140.49781,35.931642],[140.497675,35.931539],[140.49743,35.931629],[140.49635,35.932152]]}},{"type":"Feature","properties":{"id":119262426,"highway":"residential"},"geometry":{"type":"LineString","coordinates":[[140.459085,35.912822],[140.459559,35.912096]]}},{"type":"Feature","properties":{"id":119262451,"highway":"residential"},"geometry":{"type":"LineString","coordinates":[[140.464835,35.913445],[140.465083,35.91318],[140.465462,35.912864],[140.466106,35.912389]]}},{"type":"Feature","properties":{"id":119262453,"highway":"residential"},"geometry":{"type":"LineString","coordinates":[[140.462098,35.90932],[140.464429,35.909174],[140.466755,35.909029]]}},{"type":"Feature","properties":{"id":119262457,"highway":"unclassified"},"geometry":{"type":"LineString","coordinates":[[140.498695,35.901369],[140.49825,35.90172]]}},{"type":"Feature","properties":{"id":119262482,"highway":"unclassified"},"geometry":{"type":"LineString","coordinates":[[140.480548,35.908568],[140.479936,35.908732]]}},{"type":"Feature","properties":{"id":119262513,"highway":"residential"},"geometry":{"type":"LineString","coordinates":[[140.496458,35.913969],[140.496317,35.913765],[140.496201,35.913614],[140.496261,35.91332],[140.496298,35.91308],[140.496308,35.912971],[140.496315,35.912719]]}},{"type":"Feature","properties":{"id":119262532,"highway":"unclassified"},"geometry":{"type":"LineString","coordinates":[[140.479637,35.906629],[140.480611,35.906714],[140.481016,35.906737],[140.481131,35.907488],[140.481154,35.907793],[140.481158,35.907954],[140.481205,35.908156],[140.481277,35.908247]]}},{"type":"Feature","properties":{"id":119262674,"highway":"unclassified"},"geometry":{"type":"LineString","coordinates":[[140.467512,35.906493],[140.46757,35.906835]]}},{"type":"Feature","properties":{"id":119262765,"highway":"unclassified"},"geometry":{"type":"LineString","coordinates":[[140.492877,35.915074],[140.493052,35.914862],[140.493087,35.914796],[140.493095,35.914721],[140.49306,35.914543],[140.493065,35.914444],[140.493096,35.914378],[140.493145,35.914316],[140.493264,35.914241],[140.493412,35.914171],[140.49356,35.914124],[140.493672,35.914068],[140.49376,35.914001],[140.493825,35.913909],[140.494029,35.913551]]}},{"type":"Feature","properties":{"id":119262789,"highway":"residential"},"geometry":{"type":"LineString","coordinates":[[140.493287,35.928193],[140.496502,35.927004]]}},{"type":"Feature","properties":{"id":119262831,"highway":"residential"},"geometry":{"type":"LineString","coordinates":[[140.498327,35.91852],[140.495661,35.919504]]}},{"type":"Feature","properties":{"id":119262849,"highway":"unclassified"},"geometry":{"type":"LineString","coordinates":[[140.49776,35.9037],[140.496894,35.902747],[140.49616,35.901938]]}},{"type":"Feature","properties":{"id":119262951,"highway":"unclassified"},"geometry":{"type":"LineString","coordinates":[[140.493037,35.918661],[140.492541,35.918512],[140.492419,35.918475],[140.492338,35.918469],[140.492234,35.918477],[140.492134,35.918497],[140.491976,35.918542],[140.491589,35.918611],[140.491153,35.918742],[140.491046,35.918756],[140.490939,35.918748],[140.490631,35.918679]]}},{"type":"Feature","properties":{"id":119262975,"highway":"unclassified"},"geometry":{"type":"LineString","coordinates":[[140.431569,35.90305],[140.431768,35.903425]]}},{"type":"Feature","properties":{"id":119262997,"highway":"residential"},"geometry":{"type":"LineString","coordinates":[[140.477752,35.901723],[140.477902,35.901797]]}},{"type":"Feature","properties":{"id":119263055,"highway":"unclassified"},"geometry":{"type":"LineString","coordinates":[[140.447121,35.907438],[140.447412,35.907487],[140.447579,35.907507],[140.447826,35.907522],[140.449996,35.907516]]}},{"type":"Feature","properties":{"id":119263064,"highway":"unclassified"},"geometry":{"type":"LineString","coordinates":[[140.497311,35.9114],[140.497447,35.911388],[140.497646,35.911327],[140.498309,35.910996]]}},{"type":"Feature","properties":{"id":119263077,"highway":"residential"},"geometry":{"type":"LineString","coordinates":[[140.444588,35.908586],[140.445832,35.906816]]}},{"type":"Feature","properties":{"id":119263110,"highway":"unclassified"},"geometry":{"type":"LineString","coordinates":[[140.4947,35.929871],[140.495055,35.929776]]}},{"type":"Feature","properties":{"id":119263128,"highway":"unclassified"},"geometry":{"type":"LineString","coordinates":[[140.497693,35.929151],[140.495408,35.930011],[140.495358,35.930023],[140.495306,35.930008],[140.495055,35.929776]]}},{"type":"Feature","properties":{"id":119263158,"highway":"unclassified"},"geometry":{"type":"LineString","coordinates":[[140.458821,35.90741],[140.461038,35.907423]]}},{"type":"Feature","properties":{"id":119263177,"highway":"residential"},"geometry":{"type":"LineString","coordinates":[[140.445832,35.906816],[140.445492,35.906559],[140.444073,35.905876]]}},{"type":"Feature","properties":{"id":119263179,"highway":"residential"},"geometry":{"type":"LineString","coordinates":[[140.45918,35.914139],[140.459224,35.914314],[140.459132,35.914822],[140.459062,35.915104],[140.459046,35.915267]]}},{"type":"Feature","properties":{"id":119263230,"highway":"unclassified"},"geometry":{"type":"LineString","coordinates":[[140.442894,35.911349],[140.442286,35.911132]]}},{"type":"Feature","properties":{"id":119263238,"highway":"unclassified"},"geometry":{"type":"LineString","coordinates":[[140.497871,35.929088],[140.500806,35.928004]]}},{"type":"Feature","properties":{"id":119263241,"highway":"trunk_link"},"geometry":{"type":"LineString","coordinates":[[140.488317,35.901664],[140.488229,35.901576],[140.488055,35.901405],[140.487987,35.901342],[140.486997,35.900404],[140.486715,35.900248]]}},{"type":"Feature","properties":{"id":119263327,"highway":"residential"},"geometry":{"type":"LineString","coordinates":[[140.489922,35.926674],[140.490139,35.926448],[140.490249,35.926292],[140.490468,35.926012]]}},{"type":"Feature","properties":{"id":119263357,"highway":"unclassified"},"geometry":{"type":"LineString","coordinates":[[140.494029,35.913551],[140.494092,35.913453],[140.494139,35.913387],[140.494183,35.913351],[140.495364,35.913012],[140.495444,35.91299]]}},{"type":"Feature","properties":{"id":119263369,"highway":"unclassified"},"geometry":{"type":"LineString","coordinates":[[140.498568,35.910879],[140.498724,35.911021],[140.498815,35.911114],[140.498877,35.911187],[140.49917,35.911671]]}},{"type":"Feature","properties":{"id":119263376,"highway":"unclassified"},"geometry":{"type":"LineString","coordinates":[[140.465447,35.922023],[140.466024,35.922675],[140.466725,35.923514],[140.466757,35.923551]]}},{"type":"Feature","properties":{"id":119263407,"highway":"unclassified"},"geometry":{"type":"LineString","coordinates":[[140.498102,35.936457],[140.498161,35.935978],[140.498169,35.935832],[140.498137,35.935631],[140.498004,35.935283],[140.497951,35.934895]]}},{"type":"Feature","properties":{"id":119263415,"highway":"unclassified"},"geometry":{"type":"LineString","coordinates":[[140.495955,35.903467],[140.495499,35.903813],[140.495109,35.904152],[140.495028,35.904153]]}},{"type":"Feature","properties":{"id":119263416,"highway":"unclassified"},"geometry":{"type":"LineString","coordinates":[[140.489157,35.924166],[140.489095,35.924017]]}},{"type":"Feature","properties":{"id":119263451,"highway":"unclassified"},"geometry":{"type":"LineString","coordinates":[[140.495442,35.924814],[140.49547,35.924802],[140.498038,35.923857],[140.500732,35.922865]]}},{"type":"Feature","properties":{"id":119263452,"highway":"service"},"geometry":{"type":"LineString","coordinates":[[140.490272,35.902226],[140.490406,35.902333],[140.49055,35.902448],[140.490608,35.902454],[140.490675,35.902426],[140.490789,35.902332],[140.490851,35.90228],[140.490906,35.902235],[140.491078,35.902094],[140.491284,35.901924],[140.491314,35.901899],[140.491328,35.901848],[140.4913,35.901811],[140.491128,35.901673],[140.491192,35.901621],[140.491349,35.901491],[140.491359,35.901472],[140.49135,35.901444],[140.491242,35.901358],[140.491067,35.901218],[140.49104,35.901208],[140.491009,35.901212],[140.490979,35.901216],[140.490945,35.901251],[140.490891,35.901382],[140.490876,35.901418],[140.49087,35.901442],[140.490874,35.901471],[140.490991,35.901564],[140.490686,35.901815],[140.49048,35.901985],[140.490317,35.902119],[140.49028,35.90215],[140.490253,35.902182],[140.49025,35.902209],[140.490272,35.902226]]}},{"type":"Feature","properties":{"id":119263459,"highway":"unclassified"},"geometry":{"type":"LineString","coordinates":[[140.456622,35.907447],[140.458821,35.90741]]}},{"type":"Feature","properties":{"id":119263518,"highway":"unclassified"},"geometry":{"type":"LineString","coordinates":[[140.494123,35.929871],[140.493731,35.929434]]}},{"type":"Feature","properties":{"id":119263545,"highway":"residential"},"geometry":{"type":"LineString","coordinates":[[140.447121,35.907438],[140.446183,35.907017],[140.445832,35.906816]]}},{"type":"Feature","properties":{"id":119263553,"highway":"residential"},"geometry":{"type":"LineString","coordinates":[[140.493037,35.918661],[140.492875,35.919185],[140.492774,35.919147],[140.492668,35.919117],[140.492602,35.91911],[140.492491,35.919102],[140.492378,35.919112],[140.492299,35.91913],[140.49219,35.919158]]}},{"type":"Feature","properties":{"id":119263613,"highway":"unclassified"},"geometry":{"type":"LineString","coordinates":[[140.491646,35.927794],[140.491456,35.927662],[140.491413,35.927601],[140.491048,35.927409],[140.490825,35.927377],[140.489931,35.926756]]}},{"type":"Feature","properties":{"id":119263783,"highway":"unclassified"},"geometry":{"type":"LineString","coordinates":[[140.481277,35.908247],[140.480973,35.908378],[140.480548,35.908568]]}},{"type":"Feature","properties":{"id":119263797,"highway":"unclassified"},"geometry":{"type":"LineString","coordinates":[[140.492136,35.927394],[140.493287,35.928193]]}},{"type":"Feature","properties":{"id":119263842,"highway":"unclassified"},"geometry":{"type":"LineString","coordinates":[[140.494559,35.917482],[140.49357,35.917845],[140.49353,35.917879],[140.493509,35.917905]]}},{"type":"Feature","properties":{"id":119263909,"highway":"unclassified"},"geometry":{"type":"LineString","coordinates":[[140.495889,35.914178],[140.495949,35.914156],[140.496458,35.913969],[140.49703,35.913756],[140.498533,35.913214]]}},{"type":"Feature","properties":{"id":119263918,"highway":"residential"},"geometry":{"type":"LineString","coordinates":[[140.478453,35.906962],[140.478197,35.90707],[140.47794,35.907189],[140.47721,35.907559],[140.476428,35.90793],[140.476286,35.907999],[140.475785,35.908227],[140.475686,35.908266],[140.475415,35.908355],[140.474959,35.908474],[140.474216,35.90865]]}},{"type":"Feature","properties":{"id":119263964,"highway":"unclassified"},"geometry":{"type":"LineString","coordinates":[[140.4459,35.912342],[140.445496,35.912238],[140.44486,35.912056],[140.44442,35.911853],[140.442894,35.911349]]}},{"type":"Feature","properties":{"id":119263971,"highway":"residential"},"geometry":{"type":"LineString","coordinates":[[140.498788,35.90221],[140.49825,35.90172]]}},{"type":"Feature","properties":{"id":119264087,"highway":"residential"},"geometry":{"type":"LineString","coordinates":[[140.467019,35.911536],[140.467318,35.911183],[140.467445,35.910977],[140.467681,35.910738],[140.467659,35.910602],[140.467613,35.910424],[140.467521,35.910145],[140.466971,35.909016]]}},{"type":"Feature","properties":{"id":119264153,"highway":"unclassified"},"geometry":{"type":"LineString","coordinates":[[140.431768,35.903425],[140.432355,35.903393],[140.432651,35.902916]]}},{"type":"Feature","properties":{"id":119264225,"highway":"unclassified"},"geometry":{"type":"LineString","coordinates":[[140.461708,35.915355],[140.461671,35.915144],[140.461711,35.914755],[140.461839,35.914628],[140.461954,35.914392],[140.4622,35.914339],[140.462319,35.91426],[140.462561,35.914192],[140.46258,35.914248],[140.462732,35.91438],[140.463186,35.914503],[140.463416,35.914609],[140.463497,35.914696],[140.463768,35.91484],[140.463938,35.914931],[140.464108,35.915043],[140.464225,35.915059]]}},{"type":"Feature","properties":{"id":119264233,"highway":"residential"},"geometry":{"type":"LineString","coordinates":[[140.479637,35.906629],[140.478742,35.906853],[140.478453,35.906962]]}},{"type":"Feature","properties":{"id":119264370,"highway":"residential"},"geometry":{"type":"LineString","coordinates":[[140.483686,35.90255],[140.483991,35.90234],[140.485314,35.901441]]}},{"type":"Feature","properties":{"id":119264404,"highway":"residential"},"geometry":{"type":"LineString","coordinates":[[140.497816,35.902055],[140.498283,35.90256],[140.498788,35.90221]]}},{"type":"Feature","properties":{"id":119264460,"highway":"residential"},"geometry":{"type":"LineString","coordinates":[[140.475318,35.900426],[140.475484,35.900513]]}},{"type":"Feature","properties":{"id":119264483,"highway":"unclassified"},"geometry":{"type":"LineString","coordinates":[[140.471828,35.912591],[140.471566,35.912785],[140.471361,35.9131],[140.471122,35.913221],[140.471141,35.913365],[140.471192,35.913438]]}},{"type":"Feature","properties":{"id":119264486,"highway":"unclassified"},"geometry":{"type":"LineString","coordinates":[[140.467405,35.900038],[140.467441,35.899665]]}},{"type":"Feature","properties":{"id":119264495,"highway":"residential"},"geometry":{"type":"LineString","coordinates":[[140.482816,35.902987],[140.481144,35.902674]]}},{"type":"Feature","properties":{"id":119264506,"highway":"unclassified"},"geometry":{"type":"LineString","coordinates":[[140.498309,35.910996],[140.498541,35.911606],[140.498589,35.911739],[140.498679,35.911901]]}},{"type":"Feature","properties":{"id":119264536,"highway":"unclassified"},"geometry":{"type":"LineString","coordinates":[[140.501117,35.909001],[140.500697,35.909162],[140.500592,35.909166],[140.500038,35.909369],[140.499888,35.909423],[140.499692,35.909503],[140.499237,35.909709],[140.498825,35.909876],[140.498445,35.910115],[140.498117,35.910324],[140.498103,35.910362]]}},{"type":"Feature","properties":{"id":119264553,"highway":"unclassified"},"geometry":{"type":"LineString","coordinates":[[140.479936,35.908732],[140.478917,35.909051],[140.47823,35.90927],[140.477742,35.909483]]}},{"type":"Feature","properties":{"id":119264713,"highway":"unclassified"},"geometry":{"type":"LineString","coordinates":[[140.497208,35.916517],[140.495889,35.914178],[140.495722,35.913867],[140.495634,35.913689],[140.495564,35.913521],[140.495531,35.913428],[140.495515,35.913278],[140.495488,35.913082],[140.495444,35.91299]]}},{"type":"Feature","properties":{"id":119264741,"highway":"unclassified"},"geometry":{"type":"LineString","coordinates":[[140.457672,35.92334],[140.457254,35.923451],[140.457019,35.923348],[140.456924,35.923332],[140.456797,35.923332],[140.455847,35.92343],[140.455015,35.92351]]}},{"type":"Feature","properties":{"id":119264743,"highway":"unclassified"},"geometry":{"type":"LineString","coordinates":[[140.490849,35.926507],[140.492136,35.927394]]}},{"type":"Feature","properties":{"id":119264780,"highway":"residential"},"geometry":{"type":"LineString","coordinates":[[140.436527,35.908945],[140.436748,35.908574],[140.436832,35.908468],[140.437145,35.908255],[140.437477,35.908065],[140.437543,35.908019],[140.43769,35.907848]]}},{"type":"Feature","properties":{"id":119264795,"highway":"unclassified"},"geometry":{"type":"LineString","coordinates":[[140.49616,35.901938],[140.496998,35.901166]]}},{"type":"Feature","properties":{"id":119264840,"highway":"unclassified"},"geometry":{"type":"LineString","coordinates":[[140.498568,35.910879],[140.500172,35.910056]]}},{"type":"Feature","properties":{"id":119264852,"highway":"unclassified"},"geometry":{"type":"LineString","coordinates":[[140.494167,35.916769],[140.494559,35.917482]]}},{"type":"Feature","properties":{"id":119264858,"highway":"residential"},"geometry":{"type":"LineString","coordinates":[[140.489611,35.924357],[140.490032,35.92454],[140.4903,35.924662],[140.490555,35.924801],[140.490699,35.925029],[140.490866,35.925252],[140.490875,35.925311],[140.490851,35.92535],[140.490749,35.925396],[140.490629,35.92545],[140.490524,35.925516],[140.490466,35.925576],[140.490426,35.925729],[140.490468,35.926012]]}},{"type":"Feature","properties":{"id":119264895,"highway":"unclassified"},"geometry":{"type":"LineString","coordinates":[[140.451336,35.907184],[140.45187,35.905682],[140.453464,35.901194],[140.455273,35.896105]]}},{"type":"Feature","properties":{"id":119264898,"highway":"unclassified"},"geometry":{"type":"LineString","coordinates":[[140.442894,35.911349],[140.443221,35.910878],[140.443286,35.910707],[140.443442,35.910498],[140.443626,35.910129],[140.443736,35.909859],[140.443719,35.90972],[140.443607,35.909323],[140.443585,35.909082],[140.443786,35.909076],[140.444161,35.909111],[140.44424,35.90906],[140.44442,35.908798],[140.444588,35.908586]]}},{"type":"Feature","properties":{"id":119264901,"highway":"unclassified"},"geometry":{"type":"LineString","coordinates":[[140.493731,35.929434],[140.493362,35.92924],[140.49264,35.928671],[140.492353,35.92851],[140.49214,35.928337],[140.492014,35.928229],[140.491646,35.927794]]}},{"type":"Feature","properties":{"id":119264944,"highway":"unclassified"},"geometry":{"type":"LineString","coordinates":[[140.494123,35.929871],[140.493603,35.930025],[140.493413,35.930075],[140.49169,35.930176],[140.490904,35.93035],[140.490518,35.930473],[140.490436,35.93048],[140.490358,35.930473],[140.489594,35.930263],[140.489438,35.930184],[140.489286,35.93011],[140.488583,35.929603],[140.488416,35.929403],[140.488238,35.929104],[140.488174,35.92896],[140.488145,35.928837],[140.488147,35.928744],[140.488291,35.928488],[140.488208,35.927875],[140.488164,35.927513],[140.488129,35.926931]]}},{"type":"Feature","properties":{"id":119264957,"highway":"service"},"geometry":{"type":"LineString","coordinates":[[140.498679,35.911901],[140.498223,35.912101],[140.49807,35.911889],[140.497528,35.912105],[140.49739,35.91213],[140.497169,35.912136],[140.497031,35.912137]]}},{"type":"Feature","properties":{"id":119264996,"highway":"unclassified"},"geometry":{"type":"LineString","coordinates":[[140.464157,35.920489],[140.464614,35.921011]]}},{"type":"Feature","properties":{"id":119264998,"highway":"residential"},"geometry":{"type":"LineString","coordinates":[[140.47389,35.911601],[140.47232,35.909743]]}},{"type":"Feature","properties":{"id":119265031,"highway":"residential"},"geometry":{"type":"LineString","coordinates":[[140.466971,35.909016],[140.466758,35.908497],[140.466621,35.908238],[140.466296,35.907996],[140.466262,35.907707],[140.466223,35.907646],[140.464313,35.907949]]}},{"type":"Feature","properties":{"id":119265037,"highway":"unclassified"},"geometry":{"type":"LineString","coordinates":[[140.469334,35.91395],[140.46852,35.914214],[140.467631,35.914467]]}},{"type":"Feature","properties":{"id":119265054,"highway":"unclassified"},"geometry":{"type":"LineString","coordinates":[[140.490317,35.902833],[140.491439,35.901891],[140.491527,35.901835],[140.491956,35.901503]]}},{"type":"Feature","properties":{"id":119265150,"highway":"unclassified"},"geometry":{"type":"LineString","coordinates":[[140.495394,35.90286],[140.495955,35.903467]]}},{"type":"Feature","properties":{"id":119265151,"highway":"residential"},"geometry":{"type":"LineString","coordinates":[[140.483896,35.901377],[140.484049,35.901242],[140.484391,35.900555],[140.484567,35.900369],[140.484674,35.900274],[140.485204,35.899881]]}},{"type":"Feature","properties":{"id":119265226,"highway":"unclassified"},"geometry":{"type":"LineString","coordinates":[[140.495442,35.924814],[140.495341,35.924852]]}},{"type":"Feature","properties":{"id":119265245,"highway":"unclassified"},"geometry":{"type":"LineString","coordinates":[[140.446542,35.906887],[140.446727,35.906971],[140.446971,35.907046],[140.44715,35.907104],[140.447432,35.907144],[140.447823,35.907186],[140.448326,35.907216],[140.448873,35.907203],[140.451336,35.907184]]}},{"type":"Feature","properties":{"id":119265266,"highway":"unclassified"},"geometry":{"type":"LineString","coordinates":[[140.496998,35.901166],[140.497784,35.900404]]}},{"type":"Feature","properties":{"id":119265309,"highway":"unclassified"},"geometry":{"type":"LineString","coordinates":[[140.495444,35.91299],[140.496315,35.912719]]}},{"type":"Feature","properties":{"id":119265327,"highway":"residential"},"geometry":{"type":"LineString","coordinates":[[140.494281,35.929079],[140.493879,35.929232],[140.493853,35.929294],[140.493731,35.929434]]}},{"type":"Feature","properties":{"id":119265333,"highway":"unclassified"},"geometry":{"type":"LineString","coordinates":[[140.462079,35.921924],[140.463552,35.921125],[140.464095,35.921609],[140.464159,35.921571],[140.464666,35.921067]]}},{"type":"Feature","properties":{"id":119265335,"highway":"unclassified"},"geometry":{"type":"LineString","coordinates":[[140.497601,35.900209],[140.498349,35.899519],[140.499254,35.898662]]}},{"type":"Feature","properties":{"id":119265340,"highway":"unclassified"},"geometry":{"type":"LineString","coordinates":[[140.486641,35.900563],[140.48666,35.900549]]}},{"type":"Feature","properties":{"id":119265410,"highway":"unclassified"},"geometry":{"type":"LineString","coordinates":[[140.491569,35.917156],[140.491239,35.917558]]}},{"type":"Feature","properties":{"id":119265503,"highway":"unclassified"},"geometry":{"type":"LineString","coordinates":[[140.492877,35.915074],[140.492807,35.915176],[140.492233,35.916227],[140.492052,35.916513],[140.491827,35.916823],[140.491569,35.917156]]}},{"type":"Feature","properties":{"id":119265506,"highway":"unclassified"},"geometry":{"type":"LineString","coordinates":[[140.489095,35.924017],[140.489203,35.923899],[140.489261,35.923782],[140.48966,35.922257],[140.489977,35.921044],[140.490048,35.920649],[140.490128,35.920133],[140.490185,35.919887],[140.49026,35.91958],[140.49045,35.919069],[140.490631,35.918679]]}},{"type":"Feature","properties":{"id":119265561,"highway":"unclassified"},"geometry":{"type":"LineString","coordinates":[[140.498718,35.911952],[140.498679,35.911901]]}},{"type":"Feature","properties":{"id":119265571,"highway":"unclassified"},"geometry":{"type":"LineString","coordinates":[[140.493333,35.918744],[140.493472,35.918236]]}},{"type":"Feature","properties":{"id":119265706,"highway":"residential"},"geometry":{"type":"LineString","coordinates":[[140.464614,35.921011],[140.465057,35.920632],[140.465285,35.92032],[140.466152,35.92021],[140.46738,35.920941]]}},{"type":"Feature","properties":{"id":119265708,"highway":"unclassified"},"geometry":{"type":"LineString","coordinates":[[140.495661,35.919504],[140.495768,35.919538],[140.495963,35.919599],[140.49608,35.919631]]}},{"type":"Feature","properties":{"id":119265717,"highway":"residential"},"geometry":{"type":"LineString","coordinates":[[140.470453,35.921362],[140.469241,35.919979]]}},{"type":"Feature","properties":{"id":119265740,"highway":"unclassified"},"geometry":{"type":"LineString","coordinates":[[140.500383,35.940652],[140.500324,35.94052],[140.50023,35.940319],[140.50018,35.940137],[140.500113,35.94002],[140.499996,35.939921]]}},{"type":"Feature","properties":{"id":119265762,"highway":"unclassified"},"geometry":{"type":"LineString","coordinates":[[140.473921,35.906288],[140.475483,35.906167],[140.475733,35.906163],[140.476025,35.906186]]}},{"type":"Feature","properties":{"id":119265785,"highway":"unclassified"},"geometry":{"type":"LineString","coordinates":[[140.499996,35.939921],[140.499826,35.939805],[140.499736,35.939695],[140.499593,35.93934],[140.499393,35.93889],[140.49912,35.938398]]}},{"type":"Feature","properties":{"id":119265820,"highway":"unclassified"},"geometry":{"type":"LineString","coordinates":[[140.465105,35.915188],[140.465006,35.914931],[140.464944,35.914879],[140.4647,35.914729],[140.464581,35.914721],[140.46447,35.91475],[140.464417,35.914791],[140.464243,35.914936],[140.464225,35.914972],[140.464225,35.915059],[140.464241,35.915172]]}},{"type":"Feature","properties":{"id":119265886,"highway":"unclassified"},"geometry":{"type":"LineString","coordinates":[[140.494559,35.917482],[140.495119,35.91849],[140.495344,35.918902],[140.495661,35.919504]]}},{"type":"Feature","properties":{"id":119265925,"highway":"residential"},"geometry":{"type":"LineString","coordinates":[[140.475776,35.899216],[140.475732,35.899314],[140.47569,35.899451],[140.47566,35.899571],[140.475649,35.899755],[140.475607,35.899985],[140.475567,35.900112]]}},{"type":"Feature","properties":{"id":119265975,"highway":"unclassified"},"geometry":{"type":"LineString","coordinates":[[140.496894,35.902747],[140.495955,35.903467]]}},{"type":"Feature","properties":{"id":119266034,"highway":"residential"},"geometry":{"type":"LineString","coordinates":[[140.494637,35.914629],[140.494881,35.915082],[140.494885,35.915179],[140.494859,35.915248],[140.494483,35.91558],[140.494346,35.915656],[140.494181,35.915718]]}},{"type":"Feature","properties":{"id":119266060,"highway":"residential"},"geometry":{"type":"LineString","coordinates":[[140.50037,35.927414],[140.499744,35.927109],[140.499468,35.926974],[140.499287,35.9269],[140.499142,35.926833]]}},{"type":"Feature","properties":{"id":119266070,"highway":"residential"},"geometry":{"type":"LineString","coordinates":[[140.496663,35.926935],[140.496764,35.926907],[140.497208,35.926764],[140.497473,35.926796],[140.497531,35.926791],[140.497555,35.926738],[140.497568,35.926641],[140.497595,35.926605],[140.497657,35.926581],[140.498228,35.926379]]}},{"type":"Feature","properties":{"id":119266098,"highway":"unclassified"},"geometry":{"type":"LineString","coordinates":[[140.493046,35.915195],[140.493527,35.915892]]}},{"type":"Feature","properties":{"id":119266125,"highway":"unclassified"},"geometry":{"type":"LineString","coordinates":[[140.488129,35.926931],[140.488351,35.925746],[140.488497,35.924902],[140.488565,35.924605],[140.488598,35.924471],[140.488633,35.924392],[140.488686,35.924322],[140.488788,35.924233],[140.489095,35.924017]]}},{"type":"Feature","properties":{"id":119266133,"highway":"residential"},"geometry":{"type":"LineString","coordinates":[[140.493527,35.915892],[140.494181,35.915718]]}},{"type":"Feature","properties":{"id":119266217,"highway":"residential"},"geometry":{"type":"LineString","coordinates":[[140.472245,35.909654],[140.470656,35.911196]]}},{"type":"Feature","properties":{"id":119266242,"highway":"unclassified"},"geometry":{"type":"LineString","coordinates":[[140.49912,35.938398],[140.498928,35.938057]]}},{"type":"Feature","properties":{"id":119266291,"highway":"unclassified"},"geometry":{"type":"LineString","coordinates":[[140.467579,35.906862],[140.461908,35.907403]]}},{"type":"Feature","properties":{"id":119266326,"highway":"unclassified"},"geometry":{"type":"LineString","coordinates":[[140.497631,35.910435],[140.497628,35.910477],[140.497626,35.91052],[140.497621,35.910667],[140.497598,35.91085],[140.497555,35.911042],[140.497537,35.911117],[140.49749,35.911193],[140.497383,35.911284],[140.497311,35.9114]]}},{"type":"Feature","properties":{"id":119266371,"highway":"unclassified"},"geometry":{"type":"LineString","coordinates":[[140.493287,35.928193],[140.494281,35.929079]]}},{"type":"Feature","properties":{"id":119266387,"highway":"residential"},"geometry":{"type":"LineString","coordinates":[[140.442243,35.905032],[140.444073,35.905876]]}},{"type":"Feature","properties":{"id":119266395,"highway":"residential"},"geometry":{"type":"LineString","coordinates":[[140.472085,35.908525],[140.474191,35.908348]]}},{"type":"Feature","properties":{"id":119266421,"highway":"residential"},"geometry":{"type":"LineString","coordinates":[[140.466971,35.909016],[140.467886,35.908895]]}},{"type":"Feature","properties":{"id":119266460,"highway":"residential"},"geometry":{"type":"LineString","coordinates":[[140.464313,35.907949],[140.462007,35.908354]]}},{"type":"Feature","properties":{"id":119266520,"highway":"residential"},"geometry":{"type":"LineString","coordinates":[[140.496247,35.920503],[140.496436,35.920437],[140.496373,35.920333],[140.496354,35.920246],[140.496356,35.92017],[140.496392,35.92004],[140.496503,35.91972],[140.49608,35.919631]]}},{"type":"Feature","properties":{"id":119266529,"highway":"unclassified"},"geometry":{"type":"LineString","coordinates":[[140.462007,35.908354],[140.462098,35.90932],[140.462432,35.912609],[140.462561,35.914192]]}},{"type":"Feature","properties":{"id":119266532,"highway":"unclassified"},"geometry":{"type":"LineString","coordinates":[[140.495394,35.90286],[140.495055,35.903663],[140.495021,35.90379],[140.495027,35.903957],[140.495028,35.904153]]}},{"type":"Feature","properties":{"id":119266612,"highway":"unclassified"},"geometry":{"type":"LineString","coordinates":[[140.461908,35.907403],[140.462007,35.908354]]}},{"type":"Feature","properties":{"id":119266721,"highway":"unclassified"},"geometry":{"type":"LineString","coordinates":[[140.498928,35.938057],[140.498152,35.936879]]}},{"type":"Feature","properties":{"id":119266756,"highway":"unclassified"},"geometry":{"type":"LineString","coordinates":[[140.461708,35.915355],[140.46087,35.915383],[140.459755,35.915354],[140.459046,35.915267]]}},{"type":"Feature","properties":{"id":119266769,"highway":"unclassified"},"geometry":{"type":"LineString","coordinates":[[140.464987,35.915034],[140.464356,35.915148],[140.464241,35.915172],[140.463287,35.915303],[140.462747,35.915351],[140.462628,35.915336],[140.461939,35.91535],[140.461708,35.915355]]}},{"type":"Feature","properties":{"id":119266798,"highway":"residential"},"geometry":{"type":"LineString","coordinates":[[140.489931,35.926756],[140.489121,35.926937],[140.488983,35.926968],[140.488472,35.926968],[140.488129,35.926931]]}},{"type":"Feature","properties":{"id":119266801,"highway":"service"},"geometry":{"type":"LineString","coordinates":[[140.500843,35.902186],[140.500006,35.902807],[140.499216,35.903334],[140.497758,35.904318],[140.497734,35.904387],[140.497923,35.90449],[140.498023,35.904532],[140.498093,35.904546],[140.498174,35.904551],[140.49824,35.904542],[140.498332,35.904513],[140.498458,35.904461],[140.498884,35.904277],[140.500082,35.90376],[140.500706,35.903491],[140.501714,35.90305]]}},{"type":"Feature","properties":{"id":119266830,"highway":"unclassified"},"geometry":{"type":"LineString","coordinates":[[140.497951,35.934895],[140.497854,35.934416]]}},{"type":"Feature","properties":{"id":119266838,"highway":"residential"},"geometry":{"type":"LineString","coordinates":[[140.499142,35.926833],[140.499073,35.927008],[140.49892,35.927407],[140.499308,35.92743],[140.499495,35.927453],[140.500229,35.927616]]}},{"type":"Feature","properties":{"id":119266880,"highway":"unclassified"},"geometry":{"type":"LineString","coordinates":[[140.491239,35.917558],[140.491011,35.917833],[140.49093,35.917958],[140.490849,35.918118],[140.490758,35.918367],[140.490631,35.918679]]}},{"type":"Feature","properties":{"id":119266888,"highway":"unclassified"},"geometry":{"type":"LineString","coordinates":[[140.498718,35.911952],[140.49917,35.911671]]}},{"type":"Feature","properties":{"id":119266904,"highway":"unclassified"},"geometry":{"type":"LineString","coordinates":[[140.493333,35.918744],[140.493848,35.918869],[140.494488,35.919072],[140.4951,35.919308],[140.495524,35.919462],[140.495661,35.919504]]}},{"type":"Feature","properties":{"id":119266929,"highway":"residential"},"geometry":{"type":"LineString","coordinates":[[140.499142,35.926833],[140.498449,35.926523],[140.498268,35.926416],[140.498228,35.926379]]}},{"type":"Feature","properties":{"id":119266949,"highway":"unclassified"},"geometry":{"type":"LineString","coordinates":[[140.455062,35.919923],[140.455055,35.919966],[140.455087,35.920148],[140.455291,35.920387],[140.457672,35.92334],[140.457739,35.923419],[140.45782,35.923585],[140.457908,35.923716],[140.457979,35.923785],[140.458482,35.924362],[140.458937,35.924859],[140.459233,35.925331],[140.459452,35.925596],[140.459919,35.925977],[140.460157,35.926219],[140.460363,35.926476],[140.460386,35.926504]]}},{"type":"Feature","properties":{"id":119266968,"highway":"residential"},"geometry":{"type":"LineString","coordinates":[[140.466106,35.912389],[140.467019,35.911536]]}},{"type":"Feature","properties":{"id":119267047,"highway":"unclassified"},"geometry":{"type":"LineString","coordinates":[[140.496998,35.901166],[140.497816,35.902055]]}},{"type":"Feature","properties":{"id":119267069,"highway":"residential"},"geometry":{"type":"LineString","coordinates":[[140.466971,35.909016],[140.466755,35.909029]]}},{"type":"Feature","properties":{"id":119267215,"highway":"unclassified"},"geometry":{"type":"LineString","coordinates":[[140.495341,35.924852],[140.495302,35.924866],[140.490927,35.926469],[140.490849,35.926507]]}},{"type":"Feature","properties":{"id":119267228,"highway":"unclassified"},"geometry":{"type":"LineString","coordinates":[[140.493527,35.915892],[140.493531,35.916315],[140.493525,35.916615],[140.493516,35.916801],[140.493631,35.91695],[140.494167,35.916769]]}},{"type":"Feature","properties":{"id":119267243,"highway":"residential"},"geometry":{"type":"LineString","coordinates":[[140.471624,35.899411],[140.473424,35.899621],[140.474166,35.899695],[140.474531,35.899749],[140.474752,35.899799],[140.474923,35.899848],[140.475117,35.899919],[140.475321,35.899996],[140.475567,35.900112]]}},{"type":"Feature","properties":{"id":119267313,"highway":"unclassified"},"geometry":{"type":"LineString","coordinates":[[140.477742,35.909483],[140.477167,35.90974],[140.47671,35.909986],[140.47575,35.910469]]}},{"type":"Feature","properties":{"id":119267314,"highway":"unclassified"},"geometry":{"type":"LineString","coordinates":[[140.499336,35.912931],[140.499707,35.913166],[140.499759,35.913153],[140.500172,35.912581]]}},{"type":"Feature","properties":{"id":119267455,"highway":"unclassified"},"geometry":{"type":"LineString","coordinates":[[140.498568,35.910879],[140.49843,35.910739],[140.498364,35.910666],[140.49833,35.910616],[140.498212,35.910447],[140.498163,35.910389],[140.498103,35.910362]]}},{"type":"Feature","properties":{"id":119267507,"highway":"unclassified"},"geometry":{"type":"LineString","coordinates":[[140.445943,35.912543],[140.446096,35.911923],[140.446168,35.911836],[140.446244,35.911775]]}},{"type":"Feature","properties":{"id":119267535,"highway":"unclassified"},"geometry":{"type":"LineString","coordinates":[[140.497693,35.929151],[140.497735,35.929135]]}},{"type":"Feature","properties":{"id":119267716,"highway":"residential"},"geometry":{"type":"LineString","coordinates":[[140.467886,35.908895],[140.469993,35.908711]]}},{"type":"Feature","properties":{"id":119267729,"highway":"unclassified"},"geometry":{"type":"LineString","coordinates":[[140.471828,35.906463],[140.473921,35.906288]]}},{"type":"Feature","properties":{"id":119267790,"highway":"residential"},"geometry":{"type":"LineString","coordinates":[[140.479467,35.902366],[140.479164,35.902272],[140.478974,35.902201],[140.478724,35.90214],[140.478485,35.902068],[140.478314,35.902],[140.477902,35.901797]]}},{"type":"Feature","properties":{"id":119267810,"highway":"unclassified"},"geometry":{"type":"LineString","coordinates":[[140.49538,35.912799],[140.495345,35.912635],[140.495347,35.912574],[140.495375,35.912513],[140.495648,35.912275],[140.495936,35.912025],[140.496096,35.911855],[140.496156,35.911738],[140.49619,35.91162],[140.496197,35.911385],[140.496198,35.911319]]}},{"type":"Feature","properties":{"id":119267954,"highway":"residential"},"geometry":{"type":"LineString","coordinates":[[140.458156,35.92052],[140.459733,35.922468]]}},{"type":"Feature","properties":{"id":119268221,"highway":"unclassified"},"geometry":{"type":"LineString","coordinates":[[140.498718,35.911952],[140.498848,35.912172],[140.498868,35.912549],[140.498901,35.912613],[140.499105,35.912749],[140.499336,35.912931]]}},{"type":"Feature","properties":{"id":119268274,"highway":"residential"},"geometry":{"type":"LineString","coordinates":[[140.468448,35.91283],[140.468998,35.913526]]}},{"type":"Feature","properties":{"id":119268289,"highway":"unclassified"},"geometry":{"type":"LineString","coordinates":[[140.499642,35.934399],[140.50029,35.935534]]}},{"type":"Feature","properties":{"id":119268373,"highway":"residential"},"geometry":{"type":"LineString","coordinates":[[140.469993,35.908711],[140.472085,35.908525]]}},{"type":"Feature","properties":{"id":119268741,"highway":"unclassified"},"geometry":{"type":"LineString","coordinates":[[140.498103,35.910362],[140.498021,35.910365],[140.497898,35.91038],[140.497828,35.910375],[140.497763,35.91037]]}},{"type":"Feature","properties":{"id":119268785,"highway":"residential"},"geometry":{"type":"LineString","coordinates":[[140.460017,35.911733],[140.459559,35.912096]]}},{"type":"Feature","properties":{"id":119268893,"highway":"unclassified"},"geometry":{"type":"LineString","coordinates":[[140.489931,35.926756],[140.489922,35.926674]]}},{"type":"Feature","properties":{"id":119268897,"highway":"unclassified"},"geometry":{"type":"LineString","coordinates":[[140.497208,35.916517],[140.499831,35.915537],[140.502636,35.914498],[140.50527,35.913533],[140.507935,35.912575],[140.510562,35.911608],[140.513193,35.910641]]}},{"type":"Feature","properties":{"id":119268916,"highway":"unclassified"},"geometry":{"type":"LineString","coordinates":[[140.467631,35.914467],[140.466366,35.914787],[140.465746,35.914912],[140.465084,35.915018]]}},{"type":"Feature","properties":{"id":119269061,"highway":"unclassified"},"geometry":{"type":"LineString","coordinates":[[140.50107,35.936964],[140.500351,35.937205],[140.500096,35.93741],[140.499673,35.937587],[140.499424,35.937648],[140.499253,35.937735],[140.499217,35.937755],[140.499145,35.937861],[140.499077,35.937956],[140.498928,35.938057]]}},{"type":"Feature","properties":{"id":119269282,"highway":"unclassified"},"geometry":{"type":"LineString","coordinates":[[140.464987,35.915034],[140.465084,35.915018]]}},{"type":"Feature","properties":{"id":119269311,"highway":"residential"},"geometry":{"type":"LineString","coordinates":[[140.474216,35.90865],[140.473632,35.908807],[140.473376,35.908908],[140.473231,35.908975],[140.472917,35.909142],[140.472801,35.90924],[140.472386,35.90957],[140.472245,35.909654]]}},{"type":"Feature","properties":{"id":119269484,"highway":"residential"},"geometry":{"type":"LineString","coordinates":[[140.499235,35.9019],[140.498788,35.90221]]}},{"type":"Feature","properties":{"id":119269487,"highway":"residential"},"geometry":{"type":"LineString","coordinates":[[140.495028,35.904153],[140.494898,35.904136],[140.494737,35.904039],[140.494703,35.90407],[140.49427,35.904519]]}},{"type":"Feature","properties":{"id":119269502,"highway":"residential"},"geometry":{"type":"LineString","coordinates":[[140.484496,35.903294],[140.485703,35.903495],[140.48616,35.903514],[140.486166,35.903467]]}},{"type":"Feature","properties":{"id":119269503,"highway":"residential"},"geometry":{"type":"LineString","coordinates":[[140.489611,35.924357],[140.489157,35.924166]]}},{"type":"Feature","properties":{"id":119269545,"highway":"residential"},"geometry":{"type":"LineString","coordinates":[[140.479637,35.906629],[140.479636,35.906566]]}},{"type":"Feature","properties":{"id":119269550,"highway":"residential"},"geometry":{"type":"LineString","coordinates":[[140.484496,35.903294],[140.482816,35.902987]]}},{"type":"Feature","properties":{"id":119269611,"highway":"residential"},"geometry":{"type":"LineString","coordinates":[[140.460629,35.910631],[140.460606,35.910691],[140.460424,35.910904],[140.460227,35.911173],[140.460017,35.911733]]}},{"type":"Feature","properties":{"id":119269621,"highway":"residential"},"geometry":{"type":"LineString","coordinates":[[140.486891,35.903227],[140.487042,35.903249],[140.487715,35.903357],[140.487809,35.90335],[140.487885,35.903306],[140.488268,35.903018],[140.488873,35.902576]]}},{"type":"Feature","properties":{"id":119269639,"highway":"unclassified"},"geometry":{"type":"LineString","coordinates":[[140.500172,35.912581],[140.500006,35.912485],[140.499417,35.912067],[140.499313,35.911937],[140.49917,35.911671]]}},{"type":"Feature","properties":{"id":119269793,"highway":"unclassified"},"geometry":{"type":"LineString","coordinates":[[140.464614,35.921011],[140.464666,35.921067],[140.465447,35.922023]]}},{"type":"Feature","properties":{"id":119269809,"highway":"unclassified"},"geometry":{"type":"LineString","coordinates":[[140.454417,35.907459],[140.456622,35.907447]]}},{"type":"Feature","properties":{"id":119269820,"highway":"residential"},"geometry":{"type":"LineString","coordinates":[[140.486166,35.903467],[140.486257,35.903118]]}},{"type":"Feature","properties":{"id":119269843,"highway":"residential"},"geometry":{"type":"LineString","coordinates":[[140.470319,35.911392],[140.470656,35.911196]]}},{"type":"Feature","properties":{"id":119269932,"highway":"residential"},"geometry":{"type":"LineString","coordinates":[[140.468377,35.912741],[140.467729,35.913331],[140.466961,35.91396]]}},{"type":"Feature","properties":{"id":119270013,"highway":"residential"},"geometry":{"type":"LineString","coordinates":[[140.49219,35.919158],[140.491231,35.919106],[140.49045,35.919069]]}},{"type":"Feature","properties":{"id":119270044,"highway":"unclassified"},"geometry":{"type":"LineString","coordinates":[[140.46757,35.906835],[140.467579,35.906862]]}},{"type":"Feature","properties":{"id":119270120,"highway":"residential"},"geometry":{"type":"LineString","coordinates":[[140.465447,35.922023],[140.466097,35.921683],[140.46738,35.920941]]}},{"type":"Feature","properties":{"id":119270235,"highway":"unclassified"},"geometry":{"type":"LineString","coordinates":[[140.4459,35.912342],[140.44607,35.912382]]}},{"type":"Feature","properties":{"id":119270330,"highway":"unclassified"},"geometry":{"type":"LineString","coordinates":[[140.431569,35.90305],[140.431808,35.902962],[140.432026,35.902894],[140.432222,35.902842]]}},{"type":"Feature","properties":{"id":119270334,"highway":"unclassified"},"geometry":{"type":"LineString","coordinates":[[140.493472,35.918236],[140.493494,35.917946],[140.493509,35.917905]]}},{"type":"Feature","properties":{"id":119270353,"highway":"unclassified"},"geometry":{"type":"LineString","coordinates":[[140.48539,35.906726],[140.485421,35.906754],[140.48546,35.906818],[140.485474,35.906867],[140.485466,35.906913],[140.485454,35.906956],[140.485431,35.906988],[140.485395,35.907016],[140.485347,35.907036],[140.48528,35.907046],[140.485214,35.907046],[140.485173,35.907036],[140.485144,35.907021],[140.485108,35.906993],[140.485024,35.906956]]}},{"type":"Feature","properties":{"id":119270418,"highway":"unclassified"},"geometry":{"type":"LineString","coordinates":[[140.454289,35.914415],[140.451055,35.913597],[140.447942,35.912815],[140.44607,35.912382]]}},{"type":"Feature","properties":{"id":119270440,"highway":"residential"},"geometry":{"type":"LineString","coordinates":[[140.466961,35.91396],[140.465746,35.914912]]}},{"type":"Feature","properties":{"id":119270489,"highway":"residential"},"geometry":{"type":"LineString","coordinates":[[140.479497,35.906273],[140.479636,35.906566]]}},{"type":"Feature","properties":{"id":119270524,"highway":"unclassified"},"geometry":{"type":"LineString","coordinates":[[140.447121,35.907438],[140.44715,35.907104]]}},{"type":"Feature","properties":{"id":119270536,"highway":"unclassified"},"geometry":{"type":"LineString","coordinates":[[140.471228,35.913216],[140.472731,35.912607],[140.474967,35.911539],[140.476117,35.910896],[140.478082,35.909835],[140.480015,35.908836],[140.480548,35.908568]]}},{"type":"Feature","properties":{"id":119270548,"highway":"residential"},"geometry":{"type":"LineString","coordinates":[[140.442243,35.905032],[140.440407,35.90414]]}},{"type":"Feature","properties":{"id":119270551,"highway":"residential"},"geometry":{"type":"LineString","coordinates":[[140.464417,35.914791],[140.464339,35.914041],[140.464355,35.913998],[140.464835,35.913445]]}},{"type":"Feature","properties":{"id":119270563,"highway":"unclassified"},"geometry":{"type":"LineString","coordinates":[[140.497816,35.902055],[140.49825,35.90172]]}},{"type":"Feature","properties":{"id":119270568,"highway":"residential"},"geometry":{"type":"LineString","coordinates":[[140.475567,35.900112],[140.476913,35.900812],[140.477928,35.901362],[140.477904,35.901398]]}},{"type":"Feature","properties":{"id":119270599,"highway":"residential"},"geometry":{"type":"LineString","coordinates":[[140.49608,35.919631],[140.495969,35.920029],[140.495923,35.920193],[140.496159,35.920532],[140.496247,35.920503],[140.496555,35.92105],[140.496846,35.921543]]}},{"type":"Feature","properties":{"id":119270600,"highway":"unclassified"},"geometry":{"type":"LineString","coordinates":[[140.501475,35.937678],[140.50083,35.937944],[140.500533,35.937704],[140.49912,35.938398]]}},{"type":"Feature","properties":{"id":119270606,"highway":"residential"},"geometry":{"type":"LineString","coordinates":[[140.446015,35.906678],[140.446147,35.906749]]}},{"type":"Feature","properties":{"id":119270613,"highway":"unclassified"},"geometry":{"type":"LineString","coordinates":[[140.493494,35.917946],[140.493341,35.917942],[140.493297,35.917932],[140.491569,35.917156]]}},{"type":"Feature","properties":{"id":119270630,"highway":"residential"},"geometry":{"type":"LineString","coordinates":[[140.460793,35.923787],[140.459997,35.922804],[140.460312,35.922485],[140.46018,35.922313]]}},{"type":"Feature","properties":{"id":119270728,"highway":"unclassified"},"geometry":{"type":"LineString","coordinates":[[140.461038,35.907423],[140.461908,35.907403]]}},{"type":"Feature","properties":{"id":119270768,"highway":"unclassified"},"geometry":{"type":"LineString","coordinates":[[140.486641,35.900563],[140.485314,35.901441]]}},{"type":"Feature","properties":{"id":119270795,"highway":"unclassified"},"geometry":{"type":"LineString","coordinates":[[140.497854,35.934416],[140.497752,35.934084],[140.497361,35.933334],[140.496978,35.932893],[140.496743,35.932612],[140.49635,35.932152],[140.495482,35.930908],[140.494882,35.930213],[140.4947,35.929871]]}},{"type":"Feature","properties":{"id":119270816,"highway":"unclassified"},"geometry":{"type":"LineString","coordinates":[[140.461711,35.921485],[140.460764,35.921999],[140.46018,35.922313],[140.459733,35.922468]]}},{"type":"Feature","properties":{"id":119270820,"highway":"unclassified"},"geometry":{"type":"LineString","coordinates":[[140.47389,35.911601],[140.473508,35.911837],[140.47329,35.911988],[140.473113,35.912005],[140.472661,35.912089],[140.472414,35.91224],[140.471828,35.912591]]}},{"type":"Feature","properties":{"id":119270822,"highway":"residential"},"geometry":{"type":"LineString","coordinates":[[140.477752,35.901723],[140.47767,35.901674],[140.477574,35.901623],[140.477427,35.901539],[140.477103,35.901372],[140.47674,35.901161],[140.475484,35.900513]]}},{"type":"Feature","properties":{"id":119270850,"highway":"unclassified"},"geometry":{"type":"LineString","coordinates":[[140.476025,35.906186],[140.479419,35.906582],[140.479637,35.906629]]}},{"type":"Feature","properties":{"id":119270851,"highway":"unclassified"},"geometry":{"type":"LineString","coordinates":[[140.44607,35.912382],[140.446244,35.911775]]}},{"type":"Feature","properties":{"id":119270858,"highway":"unclassified"},"geometry":{"type":"LineString","coordinates":[[140.489922,35.926674],[140.489157,35.924166]]}},{"type":"Feature","properties":{"id":119270878,"highway":"residential"},"geometry":{"type":"LineString","coordinates":[[140.440407,35.90414],[140.438598,35.903254]]}},{"type":"Feature","properties":{"id":119270886,"highway":"residential"},"geometry":{"type":"LineString","coordinates":[[140.464157,35.920489],[140.464126,35.920453],[140.461911,35.92059],[140.461369,35.920878],[140.46132,35.920962],[140.461711,35.921485],[140.462079,35.921924]]}},{"type":"Feature","properties":{"id":119270915,"highway":"unclassified"},"geometry":{"type":"LineString","coordinates":[[140.469713,35.90666],[140.471828,35.906463]]}},{"type":"Feature","properties":{"id":119270916,"highway":"unclassified"},"geometry":{"type":"LineString","coordinates":[[140.496315,35.912719],[140.496454,35.912667],[140.496565,35.912609],[140.496677,35.91253],[140.496918,35.912353],[140.496975,35.912291],[140.497016,35.912213],[140.497031,35.912137]]}},{"type":"Feature","properties":{"id":119270918,"highway":"residential"},"geometry":{"type":"LineString","coordinates":[[140.490468,35.926012],[140.490707,35.926103],[140.490746,35.92613],[140.490768,35.92618],[140.490789,35.926429],[140.490797,35.926466],[140.490849,35.926507]]}},{"type":"Feature","properties":{"id":119929049,"highway":"secondary"},"geometry":{"type":"LineString","coordinates":[[140.481726,35.985672],[140.481774,35.985707],[140.481911,35.985806],[140.482022,35.985905],[140.482102,35.986015],[140.482232,35.986232],[140.482299,35.986342]]}},{"type":"Feature","properties":{"id":119929098,"highway":"residential"},"geometry":{"type":"LineString","coordinates":[[140.492823,35.991054],[140.492954,35.991234],[140.492989,35.991336],[140.493002,35.991623],[140.49303,35.991729],[140.49312,35.991916],[140.493402,35.992438],[140.493456,35.992656],[140.493415,35.992905],[140.493429,35.993166],[140.493502,35.993284],[140.49378,35.993452],[140.49436,35.993809],[140.494512,35.993911],[140.494595,35.993956],[140.494872,35.994068],[140.495005,35.994131],[140.495531,35.994457],[140.495662,35.994508],[140.495892,35.994564],[140.496312,35.994663],[140.496687,35.994769]]}},{"type":"Feature","properties":{"id":119929112,"highway":"service"},"geometry":{"type":"LineString","coordinates":[[140.473467,35.993496],[140.473843,35.992425]]}},{"type":"Feature","properties":{"id":119929141,"highway":"service"},"geometry":{"type":"LineString","coordinates":[[140.474233,35.99451],[140.474299,35.994383],[140.474375,35.994247],[140.474541,35.993785],[140.474566,35.993729],[140.474631,35.993582],[140.474869,35.993221],[140.47507,35.992872],[140.475068,35.992699]]}},{"type":"Feature","properties":{"id":119929156,"highway":"unclassified"},"geometry":{"type":"LineString","coordinates":[[140.475589,35.987225],[140.475507,35.987137],[140.475343,35.986866],[140.475314,35.986819],[140.475248,35.986639],[140.47523,35.986554],[140.475236,35.986466],[140.475272,35.986285],[140.475295,35.985935],[140.475306,35.985914],[140.475324,35.985905],[140.475673,35.985801],[140.47593,35.985744],[140.476184,35.985706],[140.476511,35.985687],[140.476782,35.985676],[140.477124,35.985637]]}},{"type":"Feature","properties":{"id":119929171,"highway":"unclassified"},"geometry":{"type":"LineString","coordinates":[[140.490746,35.99412],[140.490384,35.994096],[140.490142,35.994063],[140.489733,35.993973],[140.489511,35.99391],[140.489283,35.99386]]}},{"type":"Feature","properties":{"id":119929243,"highway":"unclassified"},"geometry":{"type":"LineString","coordinates":[[140.478797,35.985249],[140.479112,35.985647],[140.479297,35.985952],[140.479596,35.986868],[140.479707,35.987294],[140.479761,35.98745],[140.479795,35.987523],[140.479839,35.987582],[140.479954,35.987687]]}},{"type":"Feature","properties":{"id":119929269,"highway":"tertiary"},"geometry":{"type":"LineString","coordinates":[[140.494073,35.998395],[140.49487,35.997436]]}},{"type":"Feature","properties":{"id":119929305,"highway":"unclassified"},"geometry":{"type":"LineString","coordinates":[[140.499874,35.978403],[140.499588,35.978223]]}},{"type":"Feature","properties":{"id":119929363,"highway":"service"},"geometry":{"type":"LineString","coordinates":[[140.496693,35.982034],[140.496349,35.98242],[140.496241,35.982521]]}},{"type":"Feature","properties":{"id":119929393,"highway":"residential"},"geometry":{"type":"LineString","coordinates":[[140.499043,35.98344],[140.498989,35.983775],[140.49896,35.983964],[140.499,35.984033]]}},{"type":"Feature","properties":{"id":119929685,"highway":"service"},"geometry":{"type":"LineString","coordinates":[[140.473371,35.994953],[140.473529,35.995],[140.473731,35.995064],[140.473972,35.994844],[140.474088,35.994697],[140.474182,35.99458],[140.474233,35.99451]]}},{"type":"Feature","properties":{"id":119929729,"highway":"service"},"geometry":{"type":"LineString","coordinates":[[140.49835,35.980387],[140.498102,35.980606],[140.497863,35.980826],[140.497729,35.980959],[140.497608,35.981095],[140.497447,35.981275]]}},{"type":"Feature","properties":{"id":119929792,"highway":"unclassified"},"geometry":{"type":"LineString","coordinates":[[140.485036,35.987368],[140.484922,35.987236],[140.484766,35.987073]]}},{"type":"Feature","properties":{"id":119929800,"highway":"unclassified"},"geometry":{"type":"LineString","coordinates":[[140.484066,35.986264],[140.484011,35.986181],[140.483954,35.986118],[140.48389,35.986047],[140.483788,35.985978],[140.483662,35.985911],[140.483629,35.985875],[140.483617,35.985836]]}},{"type":"Feature","properties":{"id":119929867,"highway":"unclassified"},"geometry":{"type":"LineString","coordinates":[[140.475378,35.990237],[140.47505,35.99014],[140.473937,35.98984]]}},{"type":"Feature","properties":{"id":119929891,"highway":"residential"},"geometry":{"type":"LineString","coordinates":[[140.493013,35.981486],[140.492602,35.981684],[140.491089,35.982463],[140.490241,35.982894]]}},{"type":"Feature","properties":{"id":119929913,"highway":"unclassified"},"geometry":{"type":"LineString","coordinates":[[140.484766,35.987073],[140.484563,35.986892],[140.484157,35.986569],[140.484126,35.986534],[140.484108,35.986481]]}},{"type":"Feature","properties":{"id":119930051,"highway":"residential"},"geometry":{"type":"LineString","coordinates":[[140.496241,35.982521],[140.496468,35.982621],[140.496866,35.98276]]}},{"type":"Feature","properties":{"id":119930079,"highway":"residential"},"geometry":{"type":"LineString","coordinates":[[140.499355,35.976189],[140.49903,35.976599],[140.498676,35.977019],[140.498482,35.977243]]}},{"type":"Feature","properties":{"id":119930141,"highway":"secondary"},"geometry":{"type":"LineString","coordinates":[[140.479112,35.985647],[140.479669,35.985493],[140.479805,35.985458],[140.48112,35.98508],[140.481217,35.98505],[140.481226,35.985075],[140.481356,35.985349],[140.481401,35.985428],[140.481444,35.985483],[140.481488,35.985517],[140.481552,35.985554],[140.481581,35.985573]]}},{"type":"Feature","properties":{"id":119930158,"highway":"unclassified"},"geometry":{"type":"LineString","coordinates":[[140.502325,35.99407],[140.502243,35.993917],[140.50214,35.993646],[140.502023,35.993392],[140.501967,35.993308],[140.501718,35.993105],[140.501655,35.993043],[140.501579,35.992919],[140.50124,35.992108],[140.50106,35.991674],[140.500727,35.991075],[140.500519,35.990602],[140.500376,35.990126],[140.500217,35.989835],[140.499923,35.989526]]}},{"type":"Feature","properties":{"id":119930166,"highway":"service"},"geometry":{"type":"LineString","coordinates":[[140.494594,35.983849],[140.494542,35.98376],[140.494419,35.983627],[140.494348,35.983533],[140.494255,35.983443],[140.494061,35.983272],[140.493904,35.983155],[140.493823,35.983062]]}},{"type":"Feature","properties":{"id":119930354,"highway":"unclassified"},"geometry":{"type":"LineString","coordinates":[[140.485501,35.991481],[140.485762,35.991781],[140.485722,35.991901],[140.485523,35.992024],[140.485391,35.992095],[140.485328,35.992156],[140.485325,35.992291],[140.485144,35.992705]]}},{"type":"Feature","properties":{"id":119930358,"highway":"unclassified"},"geometry":{"type":"LineString","coordinates":[[140.486254,35.989804],[140.486598,35.989777],[140.486554,35.989362],[140.48649,35.988861],[140.486464,35.988682],[140.486421,35.988545],[140.486395,35.988488],[140.48635,35.988434],[140.486298,35.988388],[140.48624,35.988349],[140.486156,35.988301],[140.486051,35.988262],[140.485954,35.988237],[140.485836,35.98823],[140.485016,35.988323],[140.484311,35.988412],[140.484263,35.988453],[140.484226,35.988503],[140.484278,35.988869],[140.484302,35.989044],[140.484344,35.989393],[140.484579,35.989388],[140.485064,35.989343],[140.485113,35.989388],[140.485182,35.989855],[140.485187,35.989885],[140.486254,35.989804]]}},{"type":"Feature","properties":{"id":119930372,"highway":"residential"},"geometry":{"type":"LineString","coordinates":[[140.490151,35.99343],[140.490104,35.993442],[140.489967,35.993546],[140.489896,35.993577],[140.489817,35.993635],[140.489787,35.993657],[140.48975,35.993657],[140.489711,35.993644],[140.489686,35.993621],[140.489525,35.993441],[140.489494,35.993417],[140.489469,35.993408],[140.489431,35.993403],[140.489396,35.993414],[140.489328,35.993467],[140.489143,35.993579],[140.488791,35.99349],[140.488743,35.993421],[140.4887,35.993289],[140.488671,35.993217],[140.488644,35.993174],[140.488555,35.993115],[140.488429,35.993015],[140.488308,35.992889],[140.488244,35.992807],[140.488215,35.992755],[140.488156,35.992549],[140.488121,35.992457],[140.48808,35.992364],[140.487855,35.99218],[140.487708,35.992072],[140.487601,35.992082],[140.487489,35.992079],[140.48738,35.992068],[140.487345,35.99204],[140.487294,35.991964],[140.48719,35.991838],[140.487066,35.99174],[140.486992,35.991681],[140.486934,35.991608],[140.48693,35.991547],[140.486847,35.991174]]}},{"type":"Feature","properties":{"id":119930487,"highway":"residential"},"geometry":{"type":"LineString","coordinates":[[140.48642,35.991192],[140.486372,35.99095],[140.486356,35.990734],[140.486353,35.990618],[140.486312,35.990313],[140.486301,35.990178],[140.486283,35.990048],[140.486269,35.989934],[140.486254,35.989804]]}},{"type":"Feature","properties":{"id":119930498,"highway":"residential"},"geometry":{"type":"LineString","coordinates":[[140.498482,35.982094],[140.4986,35.981987],[140.49878,35.981845],[140.499098,35.98162],[140.499285,35.981423],[140.499548,35.981178],[140.499649,35.981102]]}},{"type":"Feature","properties":{"id":119930535,"highway":"service"},"geometry":{"type":"LineString","coordinates":[[140.494073,35.998395],[140.493862,35.998637],[140.493445,35.999314]]}},{"type":"Feature","properties":{"id":119930583,"highway":"service"},"geometry":{"type":"LineString","coordinates":[[140.496082,35.982672],[140.495765,35.982466],[140.495724,35.98244],[140.495318,35.982091]]}},{"type":"Feature","properties":{"id":119930622,"highway":"residential"},"geometry":{"type":"LineString","coordinates":[[140.490375,35.988846],[140.490099,35.988879],[140.489503,35.988949],[140.489325,35.988964],[140.489306,35.98905],[140.489297,35.989188],[140.48929,35.989358],[140.489269,35.989448],[140.489102,35.989528],[140.489008,35.989602],[140.488948,35.989649],[140.488841,35.989734],[140.488743,35.989862],[140.488687,35.99],[140.48841,35.99049],[140.488368,35.99056]]}},{"type":"Feature","properties":{"id":119930731,"highway":"unclassified"},"geometry":{"type":"LineString","coordinates":[[140.484108,35.986481],[140.484066,35.986264]]}},{"type":"Feature","properties":{"id":119930776,"highway":"residential"},"geometry":{"type":"LineString","coordinates":[[140.486254,35.986348],[140.48616,35.986088],[140.486093,35.985988],[140.485992,35.985912],[140.485852,35.985856],[140.48568,35.985887],[140.48546,35.98594],[140.484998,35.986058],[140.484948,35.986087],[140.484583,35.986173],[140.484066,35.986264]]}},{"type":"Feature","properties":{"id":119930782,"highway":"residential"},"geometry":{"type":"LineString","coordinates":[[140.488398,35.99135],[140.488563,35.991325],[140.488651,35.991343],[140.488756,35.991361],[140.488881,35.991363],[140.48918,35.991275]]}},{"type":"Feature","properties":{"id":119930813,"highway":"residential"},"geometry":{"type":"LineString","coordinates":[[140.501885,35.983485],[140.501787,35.983475],[140.501607,35.983457],[140.501451,35.983448],[140.501198,35.983329],[140.500593,35.983069],[140.500412,35.983063],[140.499391,35.98303],[140.499079,35.983383],[140.499057,35.983407],[140.499043,35.98344]]}},{"type":"Feature","properties":{"id":119930844,"highway":"service"},"geometry":{"type":"LineString","coordinates":[[140.474233,35.99451],[140.473575,35.994379]]}},{"type":"Feature","properties":{"id":119930873,"highway":"unclassified"},"geometry":{"type":"LineString","coordinates":[[140.484385,35.994305],[140.484466,35.994773],[140.48451,35.994993],[140.484572,35.99506],[140.4846,35.995094],[140.484769,35.995213],[140.484939,35.995315]]}},{"type":"Feature","properties":{"id":119930875,"highway":"residential"},"geometry":{"type":"LineString","coordinates":[[140.489706,35.985667],[140.489354,35.985118],[140.489358,35.985093],[140.489387,35.985022],[140.489377,35.984952]]}},{"type":"Feature","properties":{"id":119930982,"highway":"unclassified"},"geometry":{"type":"LineString","coordinates":[[140.492991,35.985029],[140.492945,35.984946],[140.492795,35.984772],[140.492651,35.984597],[140.492546,35.984475],[140.492393,35.984325],[140.492199,35.984147]]}},{"type":"Feature","properties":{"id":119930996,"highway":"service"},"geometry":{"type":"LineString","coordinates":[[140.496082,35.982672],[140.495877,35.982859],[140.495792,35.982951],[140.495747,35.983041],[140.495718,35.983092],[140.495703,35.983198],[140.495693,35.983251],[140.495651,35.983308],[140.495562,35.983374],[140.495377,35.983482],[140.495309,35.983537],[140.495181,35.983665],[140.495052,35.983767],[140.494739,35.983934]]}},{"type":"Feature","properties":{"id":119931027,"highway":"residential"},"geometry":{"type":"LineString","coordinates":[[140.499317,35.985046],[140.499237,35.985199],[140.498877,35.985706],[140.498725,35.985895],[140.498587,35.986072],[140.498563,35.986294],[140.498628,35.986378],[140.498744,35.986493]]}},{"type":"Feature","properties":{"id":119931032,"highway":"service"},"geometry":{"type":"LineString","coordinates":[[140.473843,35.992425],[140.473461,35.992342],[140.473449,35.992336],[140.473442,35.992329],[140.473437,35.992317],[140.473436,35.992305],[140.473642,35.991581],[140.473656,35.99153],[140.473767,35.991278],[140.473964,35.990711]]}},{"type":"Feature","properties":{"id":119931039,"highway":"residential"},"geometry":{"type":"LineString","coordinates":[[140.491708,35.987757],[140.491555,35.987419],[140.491431,35.98707],[140.491417,35.987058],[140.491285,35.986703],[140.491174,35.98645]]}},{"type":"Feature","properties":{"id":119931051,"highway":"secondary"},"geometry":{"type":"LineString","coordinates":[[140.481726,35.985672],[140.481581,35.985573]]}},{"type":"Feature","properties":{"id":119931406,"highway":"unclassified"},"geometry":{"type":"LineString","coordinates":[[140.487754,35.988733],[140.487143,35.988801],[140.48649,35.988861]]}},{"type":"Feature","properties":{"id":119931433,"highway":"service"},"geometry":{"type":"LineString","coordinates":[[140.494739,35.983934],[140.494641,35.983884],[140.494594,35.983849]]}},{"type":"Feature","properties":{"id":119931444,"highway":"tertiary"},"geometry":{"type":"LineString","coordinates":[[140.475589,35.987225],[140.476319,35.98794]]}},{"type":"Feature","properties":{"id":119931461,"highway":"unclassified"},"geometry":{"type":"LineString","coordinates":[[140.492199,35.984147],[140.491473,35.984649],[140.491117,35.984851],[140.490454,35.985226],[140.489706,35.985667],[140.489285,35.985913],[140.489014,35.986077],[140.488984,35.986096],[140.488766,35.986227],[140.488738,35.986244],[140.488443,35.986391],[140.488411,35.986407],[140.488119,35.986528],[140.487599,35.98665],[140.487236,35.986735]]}},{"type":"Feature","properties":{"id":119931513,"highway":"residential"},"geometry":{"type":"LineString","coordinates":[[140.498066,35.982707],[140.498032,35.982735],[140.497845,35.982827],[140.497657,35.982904],[140.497576,35.982885],[140.497433,35.982832]]}},{"type":"Feature","properties":{"id":119931578,"highway":"unclassified"},"geometry":{"type":"LineString","coordinates":[[140.498087,35.98791],[140.497894,35.987766],[140.497805,35.987718],[140.497732,35.987725],[140.49747,35.987836],[140.497332,35.987847],[140.497262,35.987813]]}},{"type":"Feature","properties":{"id":119931606,"highway":"unclassified"},"geometry":{"type":"LineString","coordinates":[[140.485363,35.984592],[140.485361,35.984427]]}},{"type":"Feature","properties":{"id":119931671,"highway":"unclassified"},"geometry":{"type":"LineString","coordinates":[[140.492199,35.984147],[140.492065,35.984063],[140.492027,35.984031],[140.491985,35.983977],[140.491945,35.983877]]}},{"type":"Feature","properties":{"id":119931678,"highway":"residential"},"geometry":{"type":"LineString","coordinates":[[140.481217,35.98505],[140.481214,35.985008],[140.481206,35.984896],[140.481156,35.984607],[140.481087,35.984459],[140.481072,35.984448],[140.48105,35.984447],[140.480469,35.984613],[140.480371,35.984646],[140.480272,35.984679],[140.479808,35.984889],[140.479669,35.984938],[140.479456,35.984985],[140.479248,35.985054],[140.47904,35.985134],[140.47898,35.985157],[140.478797,35.985249]]}},{"type":"Feature","properties":{"id":119931688,"highway":"residential"},"geometry":{"type":"LineString","coordinates":[[140.491107,35.986253],[140.491174,35.98645]]}},{"type":"Feature","properties":{"id":119931708,"highway":"residential"},"geometry":{"type":"LineString","coordinates":[[140.485335,35.9846],[140.485363,35.984592],[140.485587,35.984534],[140.485885,35.984504],[140.486111,35.984468],[140.486523,35.984356],[140.486597,35.984344],[140.486965,35.984308],[140.487252,35.984222],[140.487375,35.98421],[140.487704,35.984218],[140.487851,35.984212],[140.487926,35.984196],[140.488047,35.98414],[140.488065,35.984128],[140.488075,35.984104],[140.488063,35.984004],[140.488082,35.983983],[140.488111,35.983971],[140.488494,35.983885]]}},{"type":"Feature","properties":{"id":119931780,"highway":"unclassified"},"geometry":{"type":"LineString","coordinates":[[140.483554,35.990205],[140.482972,35.990633]]}},{"type":"Feature","properties":{"id":119931875,"highway":"unclassified"},"geometry":{"type":"LineString","coordinates":[[140.485144,35.992705],[140.485098,35.992898],[140.485062,35.99315],[140.484918,35.993298],[140.484595,35.993381],[140.484517,35.993465],[140.484455,35.993569],[140.484375,35.993663],[140.484318,35.993848],[140.484298,35.99394],[140.484375,35.994179],[140.484385,35.994305]]}},{"type":"Feature","properties":{"id":119931917,"highway":"service"},"geometry":{"type":"LineString","coordinates":[[140.496693,35.982034],[140.496975,35.981742],[140.497447,35.981275]]}},{"type":"Feature","properties":{"id":119932097,"highway":"unclassified"},"geometry":{"type":"LineString","coordinates":[[140.475722,35.992045],[140.475858,35.992299],[140.475906,35.992496],[140.475934,35.992688],[140.476003,35.992856],[140.476149,35.993116],[140.476163,35.993206],[140.476114,35.993516],[140.476045,35.993858],[140.476038,35.994011],[140.476114,35.994157],[140.476114,35.994422],[140.476141,35.994512],[140.476197,35.994625],[140.476509,35.994997],[140.476847,35.995408],[140.476888,35.99547],[140.477138,35.995735]]}},{"type":"Feature","properties":{"id":119932247,"highway":"residential"},"geometry":{"type":"LineString","coordinates":[[140.499672,35.975711],[140.499635,35.975766]]}},{"type":"Feature","properties":{"id":119932500,"highway":"service"},"geometry":{"type":"LineString","coordinates":[[140.497447,35.981275],[140.4977,35.981512],[140.497895,35.981695]]}},{"type":"Feature","properties":{"id":119932546,"highway":"residential"},"geometry":{"type":"LineString","coordinates":[[140.498482,35.982094],[140.498426,35.982167],[140.498288,35.98242],[140.498267,35.982444],[140.498101,35.98268],[140.498066,35.982707]]}},{"type":"Feature","properties":{"id":119932721,"highway":"tertiary"},"geometry":{"type":"LineString","coordinates":[[140.476319,35.98794],[140.477171,35.988773],[140.477584,35.989178],[140.477733,35.989317],[140.477872,35.989438],[140.477916,35.989479]]}},{"type":"Feature","properties":{"id":119932806,"highway":"residential"},"geometry":{"type":"LineString","coordinates":[[140.499,35.984033],[140.499195,35.98432],[140.499285,35.984506],[140.499341,35.984681],[140.499349,35.984946],[140.499317,35.985046]]}},{"type":"Feature","properties":{"id":119932808,"highway":"unclassified"},"geometry":{"type":"LineString","coordinates":[[140.483554,35.990205],[140.483702,35.990283],[140.484049,35.990597],[140.484096,35.990604],[140.484143,35.990587],[140.484489,35.990337],[140.484713,35.990586],[140.484918,35.990827],[140.485032,35.990966],[140.485501,35.991481]]}},{"type":"Feature","properties":{"id":119932860,"highway":"residential"},"geometry":{"type":"LineString","coordinates":[[140.489377,35.984952],[140.489363,35.984898],[140.489169,35.984538],[140.489111,35.984464],[140.488527,35.983939],[140.488494,35.983885]]}},{"type":"Feature","properties":{"id":119932867,"highway":"residential"},"geometry":{"type":"LineString","coordinates":[[140.497474,35.978407],[140.497906,35.977939],[140.498425,35.977306]]}},{"type":"Feature","properties":{"id":119932911,"highway":"residential"},"geometry":{"type":"LineString","coordinates":[[140.497433,35.982832],[140.497364,35.982811],[140.497289,35.982811],[140.497144,35.982801],[140.497002,35.982783],[140.496866,35.98276]]}},{"type":"Feature","properties":{"id":119932963,"highway":"residential"},"geometry":{"type":"LineString","coordinates":[[140.488574,35.988647],[140.487962,35.988197],[140.487833,35.98808],[140.487672,35.988084]]}},{"type":"Feature","properties":{"id":119933017,"highway":"residential"},"geometry":{"type":"LineString","coordinates":[[140.490155,35.982789],[140.490241,35.982894],[140.490642,35.983306],[140.490845,35.983565],[140.491047,35.983899],[140.491249,35.984202]]}},{"type":"Feature","properties":{"id":119933316,"highway":"residential"},"geometry":{"type":"LineString","coordinates":[[140.496425,35.979418],[140.495831,35.979807],[140.49558,35.979981],[140.49524,35.980197],[140.494925,35.980384],[140.494576,35.980603],[140.494058,35.98091],[140.493373,35.981302],[140.493013,35.981486]]}},{"type":"Feature","properties":{"id":119933434,"highway":"service"},"geometry":{"type":"LineString","coordinates":[[140.472309,35.998723],[140.472238,35.998715],[140.472004,35.998719],[140.471876,35.998708],[140.471472,35.99862],[140.471357,35.998592],[140.471288,35.998579],[140.471241,35.998592],[140.471183,35.998649],[140.47114,35.998723],[140.471085,35.998767],[140.471032,35.998771],[140.470979,35.998769],[140.470947,35.998776],[140.470921,35.998799],[140.470895,35.998833]]}},{"type":"Feature","properties":{"id":119933439,"highway":"residential"},"geometry":{"type":"LineString","coordinates":[[140.476777,35.990638],[140.477025,35.990752],[140.477122,35.990812],[140.477203,35.99087],[140.47748,35.991101],[140.47781,35.991395],[140.477938,35.991529],[140.478024,35.99167],[140.478104,35.991748],[140.47821,35.991879],[140.47825,35.991915],[140.478301,35.991944],[140.478416,35.991994],[140.478995,35.992189],[140.479112,35.99223],[140.479158,35.992235],[140.479358,35.992219],[140.479701,35.992178],[140.479806,35.992168],[140.480063,35.992262],[140.480252,35.992346]]}},{"type":"Feature","properties":{"id":119933460,"highway":"service"},"geometry":{"type":"LineString","coordinates":[[140.470617,35.999622],[140.470676,35.99961],[140.470729,35.999618],[140.470787,35.99964],[140.470837,35.999675],[140.470924,35.999746],[140.471052,35.999832],[140.471163,35.999884],[140.471404,35.999961],[140.471795,36.000098],[140.472001,36.000158],[140.472048,36.00019]]}},{"type":"Feature","properties":{"id":119933486,"highway":"residential"},"geometry":{"type":"LineString","coordinates":[[140.499649,35.981102],[140.499608,35.981054],[140.499537,35.980972],[140.499382,35.980814],[140.499177,35.980611],[140.499091,35.980597],[140.499004,35.980613],[140.498891,35.980628],[140.498801,35.9806],[140.49869,35.980546]]}},{"type":"Feature","properties":{"id":119933492,"highway":"service"},"geometry":{"type":"LineString","coordinates":[[140.473467,35.993496],[140.473198,35.993458],[140.473153,35.99347],[140.473125,35.993495],[140.473078,35.993547],[140.473057,35.99359],[140.473014,35.993702],[140.472976,35.993824],[140.472965,35.99389],[140.472921,35.994103],[140.472903,35.994156]]}},{"type":"Feature","properties":{"id":119933501,"highway":"unclassified"},"geometry":{"type":"LineString","coordinates":[[140.496377,35.987108],[140.495475,35.986552]]}},{"type":"Feature","properties":{"id":119933551,"highway":"unclassified"},"geometry":{"type":"LineString","coordinates":[[140.4808,35.988626],[140.480812,35.988659],[140.481036,35.988933],[140.481184,35.989093],[140.481593,35.989439],[140.481759,35.989629],[140.48201,35.989864],[140.482183,35.99002],[140.482392,35.990276],[140.482765,35.990759]]}},{"type":"Feature","properties":{"id":119933821,"highway":"service"},"geometry":{"type":"LineString","coordinates":[[140.499198,35.979562],[140.499001,35.979477],[140.498739,35.979261],[140.498694,35.979226]]}},{"type":"Feature","properties":{"id":119933877,"highway":"service"},"geometry":{"type":"LineString","coordinates":[[140.49869,35.980546],[140.498828,35.980325],[140.498888,35.980169],[140.498931,35.980051],[140.499002,35.979908],[140.499198,35.979562]]}},{"type":"Feature","properties":{"id":119933903,"highway":"unclassified"},"geometry":{"type":"LineString","coordinates":[[140.492199,35.984147],[140.492536,35.983923],[140.492758,35.983763],[140.493021,35.983576],[140.493254,35.983428],[140.493522,35.983259],[140.493823,35.983062]]}},{"type":"Feature","properties":{"id":119934282,"highway":"unclassified"},"geometry":{"type":"LineString","coordinates":[[140.480598,35.988333],[140.480033,35.988643],[140.479918,35.988701],[140.479815,35.988741],[140.47976,35.988754],[140.479727,35.988762],[140.479022,35.988834],[140.47888,35.988853],[140.478804,35.98887],[140.478739,35.988884],[140.478634,35.988903],[140.478604,35.988905],[140.478578,35.988893]]}},{"type":"Feature","properties":{"id":119934311,"highway":"residential"},"geometry":{"type":"LineString","coordinates":[[140.491294,35.994432],[140.491621,35.994188],[140.491679,35.994028],[140.491704,35.993933],[140.491749,35.993843],[140.491763,35.993814],[140.491991,35.993353],[140.492227,35.992733],[140.492331,35.992383],[140.492407,35.991999],[140.492664,35.991572],[140.492698,35.991465],[140.492802,35.99111],[140.492823,35.991054]]}},{"type":"Feature","properties":{"id":119934337,"highway":"residential"},"geometry":{"type":"LineString","coordinates":[[140.484766,35.987073],[140.484783,35.987056],[140.485094,35.986892],[140.485477,35.986695],[140.48617,35.986385],[140.486254,35.986348],[140.486913,35.986057]]}},{"type":"Feature","properties":{"id":119934343,"highway":"residential"},"geometry":{"type":"LineString","coordinates":[[140.490454,35.985226],[140.490855,35.985736],[140.490994,35.985841],[140.491005,35.985908],[140.49101,35.986029],[140.491029,35.986095],[140.491107,35.986253]]}},{"type":"Feature","properties":{"id":119934355,"highway":"residential"},"geometry":{"type":"LineString","coordinates":[[140.488574,35.988647],[140.488731,35.988456],[140.488816,35.988378],[140.488916,35.988311],[140.489255,35.988198],[140.489627,35.988124],[140.490208,35.9879],[140.490421,35.987844],[140.490628,35.987798],[140.490821,35.987772],[140.491013,35.987763],[140.491708,35.987757]]}},{"type":"Feature","properties":{"id":119934367,"highway":"residential"},"geometry":{"type":"LineString","coordinates":[[140.498482,35.977243],[140.498461,35.97725],[140.498438,35.977264],[140.498425,35.977306]]}},{"type":"Feature","properties":{"id":119934368,"highway":"residential"},"geometry":{"type":"LineString","coordinates":[[140.500569,35.976889],[140.500473,35.976838],[140.500385,35.976789],[140.500335,35.976711],[140.500271,35.976662],[140.500215,35.976628],[140.500139,35.9766],[140.499862,35.976482],[140.499355,35.976189]]}},{"type":"Feature","properties":{"id":119934430,"highway":"residential"},"geometry":{"type":"LineString","coordinates":[[140.48642,35.991192],[140.486847,35.991174]]}},{"type":"Feature","properties":{"id":119934474,"highway":"unclassified"},"geometry":{"type":"LineString","coordinates":[[140.498772,35.986591],[140.498744,35.986493]]}},{"type":"Feature","properties":{"id":119934567,"highway":"unclassified"},"geometry":{"type":"LineString","coordinates":[[140.485016,35.988323],[140.484916,35.987814],[140.484862,35.987544],[140.484823,35.987409]]}},{"type":"Feature","properties":{"id":119934586,"highway":"residential"},"geometry":{"type":"LineString","coordinates":[[140.497814,35.980128],[140.498243,35.980333],[140.49835,35.980387]]}},{"type":"Feature","properties":{"id":119934610,"highway":"residential"},"geometry":{"type":"LineString","coordinates":[[140.479954,35.987687],[140.480264,35.987951],[140.480598,35.988333]]}},{"type":"Feature","properties":{"id":119934630,"highway":"unclassified"},"geometry":{"type":"LineString","coordinates":[[140.495475,35.986552],[140.495429,35.986481],[140.49529,35.986283],[140.495197,35.986146],[140.495066,35.985997],[140.494905,35.985918],[140.494777,35.985891],[140.494634,35.985873],[140.494456,35.985898],[140.493987,35.985982],[140.493924,35.985984],[140.493865,35.985972],[140.49381,35.985933],[140.49376,35.98589],[140.49336,35.985451],[140.493087,35.98513]]}},{"type":"Feature","properties":{"id":119934674,"highway":"unclassified"},"geometry":{"type":"LineString","coordinates":[[140.489364,35.99742],[140.489615,35.997595],[140.489754,35.997595],[140.489885,35.997517],[140.490065,35.997342],[140.490432,35.996935],[140.49075,35.996716],[140.490917,35.996625],[140.49109,35.996575],[140.491556,35.996444],[140.49184,35.996301],[140.492149,35.995976],[140.492316,35.996007],[140.492648,35.996271],[140.49276,35.996333],[140.493084,35.996133]]}},{"type":"Feature","properties":{"id":119934775,"highway":"unclassified"},"geometry":{"type":"LineString","coordinates":[[140.480204,35.984198],[140.480241,35.984322],[140.480026,35.984356],[140.479422,35.98445],[140.478724,35.984548],[140.478078,35.984646],[140.477858,35.984696],[140.477613,35.984763],[140.477284,35.984853],[140.477108,35.984889],[140.477124,35.984972],[140.47713,35.985086],[140.477108,35.985325],[140.477113,35.98545],[140.477124,35.985637]]}},{"type":"Feature","properties":{"id":119934823,"highway":"unclassified"},"geometry":{"type":"LineString","coordinates":[[140.477124,35.985637],[140.477581,35.98559],[140.477891,35.985558],[140.478061,35.985507],[140.478351,35.985405],[140.478648,35.98531],[140.478797,35.985249]]}},{"type":"Feature","properties":{"id":119934858,"highway":"residential"},"geometry":{"type":"LineString","coordinates":[[140.485501,35.991481],[140.485795,35.991281],[140.485852,35.991253],[140.48642,35.991192]]}},{"type":"Feature","properties":{"id":119934889,"highway":"residential"},"geometry":{"type":"LineString","coordinates":[[140.488494,35.983885],[140.488451,35.983754],[140.488453,35.983719],[140.488466,35.9837],[140.488494,35.983685],[140.488638,35.983626],[140.48866,35.983596],[140.488667,35.983556],[140.488658,35.983492],[140.489414,35.983232],[140.48974,35.983103],[140.490241,35.982894]]}},{"type":"Feature","properties":{"id":119934985,"highway":"residential"},"geometry":{"type":"LineString","coordinates":[[140.488058,35.990169],[140.488244,35.989679],[140.488299,35.989453],[140.488313,35.98943],[140.488372,35.989017],[140.488408,35.988928],[140.488574,35.988647]]}},{"type":"Feature","properties":{"id":119935012,"highway":"unclassified"},"geometry":{"type":"LineString","coordinates":[[140.493087,35.98513],[140.492991,35.985029]]}},{"type":"Feature","properties":{"id":119935063,"highway":"service"},"geometry":{"type":"LineString","coordinates":[[140.473575,35.994379],[140.473178,35.994262],[140.47296,35.994203],[140.472903,35.994156]]}},{"type":"Feature","properties":{"id":119935119,"highway":"residential"},"geometry":{"type":"LineString","coordinates":[[140.498066,35.982707],[140.498177,35.982804],[140.498385,35.982955],[140.49862,35.983097],[140.498835,35.983255],[140.499043,35.98344]]}},{"type":"Feature","properties":{"id":119935250,"highway":"unclassified"},"geometry":{"type":"LineString","coordinates":[[140.484108,35.986481],[140.484048,35.986505],[140.483696,35.986801],[140.483474,35.986976],[140.483268,35.987085],[140.483176,35.987121],[140.483139,35.987147],[140.483133,35.987165],[140.483125,35.987214]]}},{"type":"Feature","properties":{"id":119935306,"highway":"residential"},"geometry":{"type":"LineString","coordinates":[[140.49835,35.980387],[140.498505,35.980456],[140.498618,35.980504],[140.49869,35.980546]]}},{"type":"Feature","properties":{"id":119935324,"highway":"residential"},"geometry":{"type":"LineString","coordinates":[[140.486847,35.991174],[140.487015,35.991198],[140.487477,35.991188],[140.488078,35.991182],[140.488173,35.991181],[140.488243,35.991204],[140.488296,35.991242],[140.488353,35.991316],[140.488398,35.99135]]}},{"type":"Feature","properties":{"id":119935342,"highway":"service"},"geometry":{"type":"LineString","coordinates":[[140.47412,35.993636],[140.474053,35.993625],[140.473703,35.993541],[140.473467,35.993496]]}},{"type":"Feature","properties":{"id":119935388,"highway":"residential"},"geometry":{"type":"LineString","coordinates":[[140.499635,35.975766],[140.49959,35.975826],[140.499502,35.975951],[140.499455,35.97608],[140.499355,35.976189]]}},{"type":"Feature","properties":{"id":119935526,"highway":"unclassified"},"geometry":{"type":"LineString","coordinates":[[140.486516,35.986901],[140.486359,35.986663],[140.48617,35.986385]]}},{"type":"Feature","properties":{"id":119935552,"highway":"unclassified"},"geometry":{"type":"LineString","coordinates":[[140.498578,35.988349],[140.498087,35.98791]]}},{"type":"Feature","properties":{"id":119935589,"highway":"service"},"geometry":{"type":"LineString","coordinates":[[140.494594,35.983849],[140.494121,35.984201],[140.49383,35.984458],[140.4937,35.984615],[140.493486,35.98482],[140.49329,35.984984],[140.493087,35.98513]]}},{"type":"Feature","properties":{"id":119935594,"highway":"service"},"geometry":{"type":"LineString","coordinates":[[140.472903,35.994156],[140.472799,35.994135],[140.472797,35.994065],[140.472725,35.994037]]}},{"type":"Feature","properties":{"id":119935736,"highway":"residential"},"geometry":{"type":"LineString","coordinates":[[140.495643,35.998034],[140.495484,35.998242],[140.495268,35.998494],[140.495224,35.998607],[140.495211,35.998695],[140.495257,35.998793],[140.495436,35.999001],[140.495534,35.999125],[140.495595,35.999279],[140.495691,35.999763],[140.49605,35.999952],[140.496411,35.999996]]}},{"type":"Feature","properties":{"id":119935761,"highway":"residential"},"geometry":{"type":"LineString","coordinates":[[140.482911,35.986065],[140.48285,35.985853],[140.482849,35.98585],[140.482779,35.98563],[140.482764,35.985566],[140.482761,35.985463],[140.48278,35.985165],[140.482793,35.98514],[140.482812,35.985137],[140.483278,35.985078],[140.48355,35.985031],[140.483673,35.985011],[140.483777,35.984983],[140.483905,35.984929],[140.483991,35.984905],[140.484077,35.98489],[140.484185,35.984867],[140.484553,35.98475],[140.485042,35.984644],[140.485335,35.9846]]}},{"type":"Feature","properties":{"id":119935901,"highway":"residential"},"geometry":{"type":"LineString","coordinates":[[140.498694,35.979226],[140.49836,35.978981],[140.497474,35.978407],[140.497345,35.978321]]}},{"type":"Feature","properties":{"id":119936020,"highway":"unclassified"},"geometry":{"type":"LineString","coordinates":[[140.476777,35.990638],[140.476672,35.990594],[140.476363,35.990501],[140.475378,35.990237]]}},{"type":"Feature","properties":{"id":119936138,"highway":"residential"},"geometry":{"type":"LineString","coordinates":[[140.496241,35.982521],[140.496082,35.982672]]}},{"type":"Feature","properties":{"id":119936145,"highway":"residential"},"geometry":{"type":"LineString","coordinates":[[140.491174,35.98645],[140.491063,35.986489],[140.490821,35.98654],[140.490676,35.98654],[140.490544,35.986551],[140.490294,35.986636],[140.490101,35.986714],[140.490003,35.986714],[140.489937,35.986676],[140.489803,35.986396],[140.489677,35.986214],[140.489504,35.986204],[140.489285,35.985913]]}},{"type":"Feature","properties":{"id":119936160,"highway":"residential"},"geometry":{"type":"LineString","coordinates":[[140.492916,35.981388],[140.493013,35.981486],[140.493345,35.981868],[140.493968,35.982524],[140.494175,35.982783]]}},{"type":"Feature","properties":{"id":119936161,"highway":"residential"},"geometry":{"type":"LineString","coordinates":[[140.493214,35.990319],[140.493195,35.990393],[140.49292,35.990586],[140.492788,35.990682],[140.492712,35.990794],[140.492733,35.990902],[140.492809,35.991043],[140.492823,35.991054]]}},{"type":"Feature","properties":{"id":119936182,"highway":"unclassified"},"geometry":{"type":"LineString","coordinates":[[140.497262,35.987813],[140.496377,35.987108]]}},{"type":"Feature","properties":{"id":119936211,"highway":"unclassified"},"geometry":{"type":"LineString","coordinates":[[140.482765,35.990759],[140.482924,35.990928],[140.482934,35.990954],[140.482933,35.990977],[140.482928,35.990996],[140.482907,35.991028],[140.482801,35.991145],[140.482521,35.991398],[140.482301,35.991629],[140.482202,35.991712],[140.482158,35.991737],[140.48211,35.991752],[140.482054,35.991761],[140.481922,35.991774],[140.481641,35.991788],[140.481502,35.991806],[140.481381,35.991845],[140.481282,35.991919],[140.4812,35.992002],[140.481045,35.992291],[140.480981,35.992417],[140.480958,35.992445],[140.48093,35.992467],[140.480889,35.992482],[140.480848,35.992492],[140.480801,35.992493],[140.480715,35.99248],[140.4806,35.992453],[140.480416,35.99239],[140.480281,35.992354],[140.480252,35.992346]]}},{"type":"Feature","properties":{"id":119936236,"highway":"service"},"geometry":{"type":"LineString","coordinates":[[140.499198,35.979562],[140.499363,35.979293],[140.499556,35.978999],[140.499618,35.978837],[140.499826,35.978459],[140.499874,35.978403]]}},{"type":"Feature","properties":{"id":119936249,"highway":"unclassified"},"geometry":{"type":"LineString","coordinates":[[140.498087,35.98791],[140.498541,35.987187],[140.498768,35.98686],[140.498772,35.986591]]}},{"type":"Feature","properties":{"id":119936250,"highway":"residential"},"geometry":{"type":"LineString","coordinates":[[140.496425,35.979418],[140.49678,35.97912],[140.497038,35.978861],[140.497474,35.978407]]}},{"type":"Feature","properties":{"id":119936280,"highway":"unclassified"},"geometry":{"type":"LineString","coordinates":[[140.492991,35.985029],[140.49225,35.985579],[140.492092,35.985638],[140.492001,35.985695],[140.491749,35.985881],[140.491635,35.985992],[140.491451,35.986107],[140.491107,35.986253]]}},{"type":"Feature","properties":{"id":119936439,"highway":"unclassified"},"geometry":{"type":"LineString","coordinates":[[140.485792,35.985673],[140.485749,35.985532],[140.485728,35.985416],[140.485662,35.985282],[140.485498,35.984939],[140.485468,35.984908],[140.485335,35.9846]]}},{"type":"Feature","properties":{"id":119936654,"highway":"unclassified"},"geometry":{"type":"LineString","coordinates":[[140.481067,35.988086],[140.481339,35.98837],[140.481416,35.98845],[140.481704,35.988684],[140.481747,35.988719],[140.481999,35.988883],[140.482362,35.989171],[140.48241,35.989203],[140.482459,35.989237],[140.482621,35.989296],[140.482645,35.989333],[140.482732,35.989506],[140.482851,35.989692],[140.482927,35.989775],[140.482984,35.989827],[140.483073,35.989893],[140.48315,35.989953],[140.483315,35.990039],[140.483433,35.990144],[140.483554,35.990205]]}},{"type":"Feature","properties":{"id":119936793,"highway":"service"},"geometry":{"type":"LineString","coordinates":[[140.499491,35.978346],[140.499016,35.978088],[140.498744,35.978029],[140.498682,35.977993],[140.498679,35.977967],[140.498688,35.977934],[140.49874,35.977828],[140.498827,35.977723],[140.498976,35.977557]]}},{"type":"Feature","properties":{"id":119936937,"highway":"unclassified"},"geometry":{"type":"LineString","coordinates":[[140.493823,35.983062],[140.494002,35.982962],[140.494136,35.982867],[140.494164,35.982824],[140.494175,35.982783]]}},{"type":"Feature","properties":{"id":119937056,"highway":"unclassified"},"geometry":{"type":"LineString","coordinates":[[140.474591,35.987495],[140.474901,35.987416],[140.475122,35.987354],[140.475312,35.987303],[140.475589,35.987225]]}},{"type":"Feature","properties":{"id":119937209,"highway":"unclassified"},"geometry":{"type":"LineString","coordinates":[[140.484766,35.987073],[140.484745,35.987097],[140.484373,35.987364],[140.483969,35.987669],[140.484106,35.987972],[140.484311,35.988412]]}},{"type":"Feature","properties":{"id":119937240,"highway":"residential"},"geometry":{"type":"LineString","coordinates":[[140.491708,35.987757],[140.491846,35.988004],[140.491853,35.988032],[140.492165,35.988449],[140.492324,35.988765],[140.492421,35.989092],[140.492449,35.989227],[140.492497,35.989373],[140.492553,35.98948],[140.49274,35.98974],[140.492941,35.989948],[140.493155,35.990163],[140.493211,35.990253],[140.493214,35.990319]]}},{"type":"Feature","properties":{"id":121558572,"highway":"service"},"geometry":{"type":"LineString","coordinates":[[140.490406,35.902333],[140.490482,35.90227],[140.49059,35.902182],[140.490657,35.902126],[140.490712,35.902081],[140.490935,35.901897],[140.490952,35.901883],[140.491044,35.901769],[140.491056,35.901755],[140.491079,35.901729],[140.491128,35.901673]]}},{"type":"Feature","properties":{"id":121657107,"highway":"trunk_link"},"geometry":{"type":"LineString","coordinates":[[140.489531,35.902962],[140.489367,35.902753],[140.489329,35.902707]]}},{"type":"Feature","properties":{"id":121657108,"highway":"residential"},"geometry":{"type":"LineString","coordinates":[[140.495028,35.904153],[140.495041,35.904365],[140.49491,35.904303],[140.494562,35.904683]]}},{"type":"Feature","properties":{"id":121657111,"highway":"unclassified"},"geometry":{"type":"LineString","coordinates":[[140.489305,35.906118],[140.489234,35.905922],[140.48913,35.905686],[140.489023,35.90545],[140.488941,35.905197],[140.488485,35.904493],[140.4884,35.904346],[140.488347,35.904228],[140.48829,35.904074],[140.488241,35.903832],[140.488228,35.903726],[140.488249,35.903643],[140.488269,35.903591],[140.488311,35.903541],[140.488599,35.903297],[140.48911,35.902918],[140.489149,35.902898],[140.489201,35.902871],[140.489255,35.902839]]}},{"type":"Feature","properties":{"id":121657173,"highway":"residential"},"geometry":{"type":"LineString","coordinates":[[140.494403,35.900747],[140.493499,35.899958]]}},{"type":"Feature","properties":{"id":121657195,"highway":"service"},"geometry":{"type":"LineString","coordinates":[[140.490851,35.90228],[140.490657,35.902126],[140.49048,35.901985]]}},{"type":"Feature","properties":{"id":121657222,"highway":"residential"},"geometry":{"type":"LineString","coordinates":[[140.492766,35.900199],[140.492731,35.900116]]}},{"type":"Feature","properties":{"id":121657228,"highway":"unclassified"},"geometry":{"type":"LineString","coordinates":[[140.485555,35.899385],[140.485517,35.899454],[140.485566,35.899514],[140.486177,35.900085],[140.486641,35.900563]]}},{"type":"Feature","properties":{"id":121657234,"highway":"trunk_link"},"geometry":{"type":"LineString","coordinates":[[140.489158,35.902835],[140.489201,35.902871],[140.489399,35.903041],[140.489582,35.90318]]}},{"type":"Feature","properties":{"id":121657247,"highway":"residential"},"geometry":{"type":"LineString","coordinates":[[140.494562,35.904683],[140.494606,35.904747],[140.494602,35.904791],[140.494535,35.904859],[140.494397,35.904919],[140.494152,35.90502],[140.494086,35.905072]]}},{"type":"Feature","properties":{"id":121657316,"highway":"trunk"},"geometry":{"type":"LineString","coordinates":[[140.488982,35.902568],[140.48921,35.902795]]}},{"type":"Feature","properties":{"id":121726699,"highway":"residential"},"geometry":{"type":"LineString","coordinates":[[140.487645,35.90144],[140.487583,35.901477],[140.487792,35.901708],[140.487787,35.901775],[140.487739,35.901841],[140.487377,35.902104],[140.486898,35.902426],[140.486727,35.902565],[140.486586,35.902685],[140.486494,35.902768],[140.486381,35.902912],[140.486278,35.903076],[140.486257,35.903118]]}},{"type":"Feature","properties":{"id":121726709,"highway":"residential"},"geometry":{"type":"LineString","coordinates":[[140.484372,35.902719],[140.483991,35.90234],[140.483511,35.901865]]}},{"type":"Feature","properties":{"id":121726712,"highway":"residential"},"geometry":{"type":"LineString","coordinates":[[140.485595,35.901719],[140.485077,35.902068],[140.48494,35.90194],[140.485466,35.901592]]}},{"type":"Feature","properties":{"id":121726716,"highway":"residential"},"geometry":{"type":"LineString","coordinates":[[140.486893,35.902957],[140.487047,35.902791],[140.487226,35.90261],[140.487421,35.902454],[140.487615,35.902333],[140.487988,35.902078],[140.488057,35.90207],[140.488117,35.902082],[140.488209,35.902114]]}},{"type":"Feature","properties":{"id":121726717,"highway":"residential"},"geometry":{"type":"LineString","coordinates":[[140.486679,35.902774],[140.486586,35.902685],[140.486533,35.902632],[140.486477,35.902572],[140.486413,35.902506],[140.485595,35.901719],[140.485466,35.901592],[140.485314,35.901441],[140.485141,35.901269],[140.484996,35.901123],[140.485616,35.900703]]}},{"type":"Feature","properties":{"id":122503332,"highway":"unclassified"},"geometry":{"type":"LineString","coordinates":[[140.497963,35.956744],[140.498294,35.956611],[140.498605,35.95652],[140.499097,35.95636],[140.500661,35.95585],[140.500693,35.955876],[140.501577,35.956594],[140.501562,35.956681],[140.50149,35.957107],[140.501452,35.957336],[140.501384,35.957737],[140.501209,35.958774],[140.501034,35.959812],[140.50086,35.960843],[140.500741,35.961548]]}},{"type":"Feature","properties":{"id":122569798,"highway":"primary"},"geometry":{"type":"LineString","coordinates":[[140.493017,35.904009],[140.493079,35.904155],[140.493098,35.904198],[140.49328,35.904682],[140.493324,35.904795],[140.493521,35.905286],[140.493569,35.905381],[140.493607,35.905428],[140.493652,35.905463],[140.493701,35.905484],[140.49376,35.905496],[140.493828,35.905487],[140.494778,35.905194],[140.495115,35.905064],[140.495851,35.90474],[140.495928,35.904708],[140.496437,35.90448],[140.496788,35.904299],[140.496947,35.904215],[140.497141,35.904101],[140.497453,35.903901],[140.49776,35.9037],[140.497793,35.903678],[140.498343,35.903315],[140.498757,35.903034],[140.49907,35.902827],[140.499276,35.902679],[140.499507,35.902513],[140.499708,35.90237],[140.499727,35.902357],[140.500102,35.902061],[140.500497,35.901754],[140.501233,35.90119],[140.501304,35.901139],[140.501763,35.900814],[140.502395,35.900387],[140.50251,35.900306],[140.502567,35.900246],[140.502591,35.900202],[140.502605,35.900155],[140.502606,35.900098],[140.502593,35.900019],[140.502576,35.899969],[140.502533,35.899908],[140.502476,35.899848],[140.501904,35.899253],[140.501453,35.898787],[140.50091,35.898219],[140.500682,35.897989],[140.500659,35.897965]]}},{"type":"Feature","properties":{"id":126621476,"highway":"unclassified"},"geometry":{"type":"LineString","coordinates":[[140.488335,35.919994],[140.486426,35.919731],[140.486354,35.919722],[140.484232,35.919376],[140.484079,35.919356],[140.483959,35.919337],[140.483895,35.91933]]}},{"type":"Feature","properties":{"id":130044103,"highway":"service"},"geometry":{"type":"LineString","coordinates":[[140.489489,35.901295],[140.489588,35.901228]]}},{"type":"Feature","properties":{"id":130044108,"highway":"service"},"geometry":{"type":"LineString","coordinates":[[140.48918,35.901854],[140.4898,35.901432]]}},{"type":"Feature","properties":{"id":130044110,"highway":"service"},"geometry":{"type":"LineString","coordinates":[[140.488924,35.901497],[140.489286,35.901251],[140.489378,35.901188],[140.489489,35.901295],[140.489612,35.901414],[140.48952,35.901477],[140.489286,35.901251]]}},{"type":"Feature","properties":{"id":130540214,"highway":"unclassified"},"geometry":{"type":"LineString","coordinates":[[140.423388,35.933575],[140.424004,35.933872],[140.424117,35.933715],[140.424288,35.933805],[140.424336,35.933829],[140.424549,35.933932],[140.424466,35.934054],[140.424461,35.934083],[140.424482,35.934111]]}},{"type":"Feature","properties":{"id":130540221,"highway":"unclassified"},"geometry":{"type":"LineString","coordinates":[[140.426378,35.932193],[140.428027,35.933573]]}},{"type":"Feature","properties":{"id":130541333,"highway":"unclassified"},"geometry":{"type":"LineString","coordinates":[[140.444748,35.943249],[140.44599,35.943504],[140.44607,35.943506],[140.446144,35.943497],[140.44622,35.9435]]}},{"type":"Feature","properties":{"id":131929854,"highway":"unclassified"},"geometry":{"type":"LineString","coordinates":[[140.448609,35.94149],[140.44855,35.941479],[140.448468,35.941464],[140.447995,35.941682],[140.447549,35.941811],[140.445584,35.9423],[140.445314,35.942419],[140.445164,35.942496],[140.444999,35.942645],[140.444856,35.942912],[140.444811,35.943045]]}},{"type":"Feature","properties":{"id":136572170,"highway":"residential"},"geometry":{"type":"LineString","coordinates":[[140.498283,35.90256],[140.498757,35.903034]]}},{"type":"Feature","properties":{"id":136572171,"highway":"residential"},"geometry":{"type":"LineString","coordinates":[[140.496276,35.901495],[140.496018,35.901309]]}},{"type":"Feature","properties":{"id":136572172,"highway":"residential"},"geometry":{"type":"LineString","coordinates":[[140.494254,35.902256],[140.493338,35.901645]]}},{"type":"Feature","properties":{"id":136572173,"highway":"residential"},"geometry":{"type":"LineString","coordinates":[[140.495726,35.901986],[140.495488,35.901796]]}},{"type":"Feature","properties":{"id":136572174,"highway":"residential"},"geometry":{"type":"LineString","coordinates":[[140.495348,35.901925],[140.495213,35.90183],[140.495078,35.901735],[140.494919,35.901618]]}},{"type":"Feature","properties":{"id":140479344,"highway":"residential"},"geometry":{"type":"LineString","coordinates":[[140.485852,35.985856],[140.485792,35.985673]]}},{"type":"Feature","properties":{"id":140479346,"highway":"unclassified"},"geometry":{"type":"LineString","coordinates":[[140.489255,35.988198],[140.4891,35.987923],[140.488873,35.98765],[140.488627,35.987278],[140.488363,35.986961],[140.488119,35.986528]]}},{"type":"Feature","properties":{"id":143580633,"highway":"residential"},"geometry":{"type":"LineString","coordinates":[[140.410946,35.901902],[140.410916,35.901877],[140.410778,35.901807],[140.410648,35.90169],[140.41056,35.901617],[140.409558,35.899882]]}},{"type":"Feature","properties":{"id":143580640,"highway":"unclassified"},"geometry":{"type":"LineString","coordinates":[[140.401377,35.907186],[140.402118,35.907091]]}},{"type":"Feature","properties":{"id":143580646,"highway":"residential"},"geometry":{"type":"LineString","coordinates":[[140.427512,35.902343],[140.427565,35.902317],[140.427698,35.902221],[140.427797,35.902195],[140.427896,35.902181]]}},{"type":"Feature","properties":{"id":143581281,"highway":"residential"},"geometry":{"type":"LineString","coordinates":[[140.412845,35.903154],[140.413416,35.903024],[140.413318,35.902695],[140.41381,35.902611]]}},{"type":"Feature","properties":{"id":158779037,"highway":"residential"},"geometry":{"type":"LineString","coordinates":[[140.442389,35.919922],[140.442742,35.919328]]}},{"type":"Feature","properties":{"id":158779039,"highway":"residential"},"geometry":{"type":"LineString","coordinates":[[140.444042,35.923754],[140.443339,35.923163],[140.443508,35.923033],[140.444058,35.922629],[140.444236,35.922478],[140.444713,35.922199],[140.445013,35.921895],[140.444579,35.921639],[140.444198,35.921378],[140.443792,35.921222],[140.44368,35.921192],[140.443298,35.92106],[140.442905,35.920936],[140.442514,35.920805],[140.442264,35.920695],[140.442057,35.920596],[140.441425,35.92029],[140.44134,35.920248],[140.440391,35.919806]]}},{"type":"Feature","properties":{"id":158779041,"highway":"residential"},"geometry":{"type":"LineString","coordinates":[[140.444042,35.923754],[140.444662,35.923244],[140.444727,35.923218],[140.44533,35.923355],[140.446042,35.923505],[140.446092,35.923481],[140.446208,35.923318],[140.446543,35.922846]]}},{"type":"Feature","properties":{"id":158779044,"highway":"residential"},"geometry":{"type":"LineString","coordinates":[[140.440306,35.919841],[140.440391,35.919806],[140.440864,35.919425],[140.440913,35.919407],[140.440962,35.919399],[140.441005,35.919398],[140.441236,35.919438],[140.441537,35.919488],[140.441652,35.919539],[140.442023,35.919743],[140.442389,35.919922],[140.442454,35.919955],[140.4426,35.920026],[140.44288,35.920126],[140.443043,35.920191],[140.443357,35.920379],[140.443742,35.920586],[140.443903,35.920761],[140.443952,35.920788],[140.444124,35.920856],[140.444126,35.920878],[140.443792,35.921222]]}},{"type":"Feature","properties":{"id":158979789,"highway":"unclassified"},"geometry":{"type":"LineString","coordinates":[[140.432213,35.938726],[140.432178,35.938765],[140.432157,35.938788],[140.431557,35.939408],[140.429664,35.941342],[140.428883,35.942165],[140.427409,35.943688],[140.425941,35.945205],[140.425163,35.946008],[140.424994,35.946182],[140.424731,35.946927],[140.424149,35.94879],[140.423511,35.950654],[140.422881,35.952523]]}},{"type":"Feature","properties":{"id":158979793,"highway":"unclassified"},"geometry":{"type":"LineString","coordinates":[[140.440518,35.931938],[140.438023,35.933888],[140.435526,35.935877],[140.433083,35.937793],[140.432896,35.937949],[140.432734,35.938096],[140.432696,35.938142]]}},{"type":"Feature","properties":{"id":158979794,"highway":"unclassified"},"geometry":{"type":"LineString","coordinates":[[140.432696,35.938142],[140.432266,35.938661]]}},{"type":"Feature","properties":{"id":160175800,"highway":"residential"},"geometry":{"type":"LineString","coordinates":[[140.446147,35.906749],[140.446542,35.906887]]}},{"type":"Feature","properties":{"id":160175810,"highway":"service"},"geometry":{"type":"LineString","coordinates":[[140.445675,35.910384],[140.445608,35.910574],[140.446291,35.910818],[140.446409,35.910839]]}},{"type":"Feature","properties":{"id":160175819,"highway":"service"},"geometry":{"type":"LineString","coordinates":[[140.446168,35.911836],[140.44611,35.911812],[140.446079,35.911784],[140.446079,35.911743],[140.446409,35.910839],[140.446508,35.910501],[140.446614,35.909697]]}},{"type":"Feature","properties":{"id":160182366,"highway":"residential"},"geometry":{"type":"LineString","coordinates":[[140.461939,35.91535],[140.462394,35.91491]]}},{"type":"Feature","properties":{"id":160249813,"highway":"residential"},"geometry":{"type":"LineString","coordinates":[[140.438633,35.908249],[140.43769,35.907848]]}},{"type":"Feature","properties":{"id":160249821,"highway":"service"},"geometry":{"type":"LineString","coordinates":[[140.442286,35.911132],[140.442457,35.910927],[140.442525,35.910899],[140.442787,35.91098],[140.442823,35.911022],[140.442791,35.911069]]}},{"type":"Feature","properties":{"id":160250658,"highway":"unclassified"},"geometry":{"type":"LineString","coordinates":[[140.411811,35.903969],[140.411879,35.903948]]}},{"type":"Feature","properties":{"id":160250659,"highway":"unclassified"},"geometry":{"type":"LineString","coordinates":[[140.414013,35.903461],[140.414478,35.903391],[140.415075,35.903335],[140.415781,35.903306],[140.416863,35.903314],[140.418028,35.90336],[140.419154,35.90347],[140.419922,35.903567],[140.420967,35.903729],[140.421556,35.903832],[140.422004,35.903934],[140.422619,35.904094],[140.423046,35.904219],[140.423326,35.904301],[140.424058,35.904508],[140.424853,35.904733],[140.425297,35.904859],[140.427411,35.90551]]}},{"type":"Feature","properties":{"id":160308991,"highway":"residential"},"geometry":{"type":"LineString","coordinates":[[140.475785,35.908227],[140.475662,35.908223],[140.474191,35.908348]]}},{"type":"Feature","properties":{"id":160308996,"highway":"residential"},"geometry":{"type":"LineString","coordinates":[[140.485122,35.906577],[140.485142,35.906487],[140.485209,35.906432],[140.48529,35.906343],[140.485375,35.906218]]}},{"type":"Feature","properties":{"id":160543392,"highway":"service"},"geometry":{"type":"LineString","coordinates":[[140.49703,35.913756],[140.496907,35.913551],[140.496317,35.913765]]}},{"type":"Feature","properties":{"id":160543403,"highway":"residential"},"geometry":{"type":"LineString","coordinates":[[140.49743,35.931629],[140.497355,35.931451],[140.497354,35.9314],[140.497377,35.931364],[140.498593,35.930763]]}},{"type":"Feature","properties":{"id":160543404,"highway":"service"},"geometry":{"type":"LineString","coordinates":[[140.49557,35.91274],[140.496062,35.912545],[140.49621,35.912472],[140.496415,35.912339],[140.496537,35.912242],[140.496667,35.912078]]}},{"type":"Feature","properties":{"id":160543408,"highway":"service"},"geometry":{"type":"LineString","coordinates":[[140.495648,35.912275],[140.495766,35.912254],[140.496015,35.912085],[140.496161,35.911969],[140.496226,35.911924],[140.496279,35.911914],[140.496354,35.911932],[140.496667,35.912078],[140.497016,35.912213]]}},{"type":"Feature","properties":{"id":160543411,"highway":"secondary"},"geometry":{"type":"LineString","coordinates":[[140.495718,35.911002],[140.495565,35.910867]]}},{"type":"Feature","properties":{"id":160543415,"highway":"secondary"},"geometry":{"type":"LineString","coordinates":[[140.514779,35.904696],[140.514514,35.90468],[140.513846,35.904635],[140.513365,35.904611],[140.512729,35.904595],[140.512189,35.904598],[140.511676,35.904604],[140.511248,35.904629],[140.510908,35.904653],[140.510418,35.904707],[140.509939,35.904784],[140.509628,35.904842],[140.509284,35.904903],[140.508907,35.904985],[140.508394,35.905108],[140.508005,35.905207],[140.507535,35.905358],[140.507225,35.905474],[140.506754,35.905664],[140.506172,35.905903],[140.505853,35.906045],[140.505526,35.906201],[140.505209,35.906386],[140.504737,35.906662],[140.50425,35.906986],[140.503502,35.907477],[140.503459,35.907504],[140.502609,35.908075],[140.50227,35.908275],[140.501873,35.908499],[140.501255,35.90882],[140.500349,35.909192],[140.499913,35.909346],[140.499446,35.909515],[140.499132,35.909643],[140.498904,35.909746],[140.498769,35.909819],[140.498626,35.9099],[140.498208,35.910141],[140.497763,35.91037],[140.497708,35.910396],[140.497631,35.910435],[140.497281,35.910644],[140.497007,35.910815],[140.496903,35.910886],[140.496778,35.910979],[140.496642,35.911119],[140.496548,35.911211],[140.496466,35.911263],[140.496406,35.911287],[140.496359,35.9113],[140.496318,35.911309],[140.496276,35.911316],[140.496198,35.911319]]}},{"type":"Feature","properties":{"id":161564347,"highway":"service"},"geometry":{"type":"LineString","coordinates":[[140.486994,35.902107],[140.486746,35.901873],[140.48661,35.901964],[140.486784,35.902134]]}},{"type":"Feature","properties":{"id":161564351,"highway":"service"},"geometry":{"type":"LineString","coordinates":[[140.486537,35.902528],[140.487093,35.902167],[140.48704,35.902114],[140.486994,35.902107],[140.486466,35.90246],[140.486537,35.902528]]}},{"type":"Feature","properties":{"id":161564353,"highway":"trunk"},"geometry":{"type":"LineString","coordinates":[[140.49059,35.900618],[140.490996,35.900561]]}},{"type":"Feature","properties":{"id":161564355,"highway":"trunk"},"geometry":{"type":"LineString","coordinates":[[140.490996,35.900561],[140.491037,35.900555],[140.491402,35.900497],[140.491554,35.900468]]}},{"type":"Feature","properties":{"id":169717032,"highway":"trunk"},"geometry":{"type":"LineString","coordinates":[[140.490248,35.904265],[140.490304,35.904419],[140.490343,35.904559],[140.490378,35.904731],[140.490404,35.904888],[140.490458,35.905434],[140.490542,35.906298],[140.490814,35.908626],[140.490955,35.909739],[140.491086,35.91073],[140.491107,35.910948],[140.491113,35.911113]]}},{"type":"Feature","properties":{"id":169717036,"highway":"trunk"},"geometry":{"type":"LineString","coordinates":[[140.489582,35.90318],[140.489691,35.903307]]}},{"type":"Feature","properties":{"id":169717051,"highway":"service"},"geometry":{"type":"LineString","coordinates":[[140.488229,35.900835],[140.488346,35.900948],[140.488764,35.90066],[140.488646,35.900548],[140.488536,35.900443],[140.48842,35.900332],[140.488307,35.900224],[140.487889,35.900512],[140.488002,35.90062],[140.488081,35.900695],[140.488119,35.900731],[140.488229,35.900835]]}},{"type":"Feature","properties":{"id":169717054,"highway":"service"},"geometry":{"type":"LineString","coordinates":[[140.490712,35.902081],[140.490664,35.902038],[140.490647,35.902013],[140.490641,35.901984],[140.490669,35.901954],[140.490711,35.901947],[140.490748,35.901931],[140.490765,35.901911],[140.490767,35.901883],[140.49075,35.901861],[140.490686,35.901815]]}},{"type":"Feature","properties":{"id":169717055,"highway":"residential"},"geometry":{"type":"LineString","coordinates":[[140.482311,35.914011],[140.482382,35.913886],[140.482521,35.913822],[140.482633,35.913784],[140.482741,35.913756],[140.482994,35.913661],[140.483184,35.913625],[140.483252,35.913633],[140.483654,35.913664],[140.484123,35.91368],[140.484428,35.913641],[140.484606,35.913592],[140.484753,35.913553],[140.484958,35.9135],[140.485161,35.913421],[140.485436,35.913306]]}},{"type":"Feature","properties":{"id":169717056,"highway":"tertiary"},"geometry":{"type":"LineString","coordinates":[[140.483772,35.919315],[140.483701,35.919307],[140.483635,35.9193]]}},{"type":"Feature","properties":{"id":169717057,"highway":"service"},"geometry":{"type":"LineString","coordinates":[[140.490906,35.902235],[140.490837,35.902178],[140.490826,35.902154],[140.490824,35.902124],[140.49084,35.902096],[140.49086,35.902078],[140.490895,35.902068],[140.490967,35.902054],[140.490997,35.902033],[140.491012,35.902005],[140.491009,35.901977],[140.490997,35.901952],[140.490935,35.901897]]}},{"type":"Feature","properties":{"id":169717058,"highway":"unclassified"},"geometry":{"type":"LineString","coordinates":[[140.475968,35.924031],[140.475979,35.92398],[140.476399,35.922085],[140.476803,35.920195],[140.477273,35.918331]]}},{"type":"Feature","properties":{"id":169717059,"highway":"residential"},"geometry":{"type":"LineString","coordinates":[[140.482311,35.914011],[140.481725,35.914295],[140.481595,35.91486],[140.48111,35.916974]]}},{"type":"Feature","properties":{"id":169717062,"highway":"service"},"geometry":{"type":"LineString","coordinates":[[140.488536,35.900443],[140.488119,35.900731]]}},{"type":"Feature","properties":{"id":169717063,"highway":"unclassified"},"geometry":{"type":"LineString","coordinates":[[140.483517,35.921781],[140.48449,35.921935],[140.484864,35.921995]]}},{"type":"Feature","properties":{"id":169717066,"highway":"service"},"geometry":{"type":"LineString","coordinates":[[140.48824,35.902494],[140.487985,35.902248]]}},{"type":"Feature","properties":{"id":169717067,"highway":"service"},"geometry":{"type":"LineString","coordinates":[[140.490991,35.901564],[140.491152,35.901432],[140.491201,35.901391],[140.491242,35.901358]]}},{"type":"Feature","properties":{"id":169717068,"highway":"service"},"geometry":{"type":"LineString","coordinates":[[140.491078,35.902094],[140.491056,35.901755]]}},{"type":"Feature","properties":{"id":169717069,"highway":"service"},"geometry":{"type":"LineString","coordinates":[[140.491284,35.901924],[140.491079,35.901729]]}},{"type":"Feature","properties":{"id":169717071,"highway":"service"},"geometry":{"type":"LineString","coordinates":[[140.491128,35.901673],[140.490991,35.901564]]}},{"type":"Feature","properties":{"id":169717072,"highway":"service"},"geometry":{"type":"LineString","coordinates":[[140.487699,35.902442],[140.487615,35.902333]]}},{"type":"Feature","properties":{"id":169717073,"highway":"unclassified"},"geometry":{"type":"LineString","coordinates":[[140.48363,35.921241],[140.483732,35.920795],[140.484037,35.91941],[140.484079,35.919356]]}},{"type":"Feature","properties":{"id":169717074,"highway":"residential"},"geometry":{"type":"LineString","coordinates":[[140.488209,35.902114],[140.488301,35.902053]]}},{"type":"Feature","properties":{"id":169717075,"highway":"service"},"geometry":{"type":"LineString","coordinates":[[140.487059,35.90314],[140.487348,35.903174],[140.487848,35.902833]]}},{"type":"Feature","properties":{"id":169717076,"highway":"service"},"geometry":{"type":"LineString","coordinates":[[140.488058,35.902198],[140.488155,35.902193],[140.488209,35.902114]]}},{"type":"Feature","properties":{"id":169717077,"highway":"service"},"geometry":{"type":"LineString","coordinates":[[140.488002,35.90062],[140.48842,35.900332],[140.488565,35.900234]]}},{"type":"Feature","properties":{"id":169717079,"highway":"service"},"geometry":{"type":"LineString","coordinates":[[140.488791,35.90045],[140.488646,35.900548],[140.488229,35.900835]]}},{"type":"Feature","properties":{"id":169717082,"highway":"residential"},"geometry":{"type":"LineString","coordinates":[[140.488163,35.911838],[140.487907,35.912999],[140.487634,35.914155],[140.487215,35.915943]]}},{"type":"Feature","properties":{"id":169717083,"highway":"service"},"geometry":{"type":"LineString","coordinates":[[140.490317,35.902119],[140.490405,35.902188],[140.490498,35.90211],[140.49059,35.902182]]}},{"type":"Feature","properties":{"id":169717084,"highway":"service"},"geometry":{"type":"LineString","coordinates":[[140.490482,35.90227],[140.490569,35.90234],[140.490685,35.902247],[140.490789,35.902332]]}},{"type":"Feature","properties":{"id":169717089,"highway":"residential"},"geometry":{"type":"LineString","coordinates":[[140.468305,35.923013],[140.468336,35.923068],[140.468469,35.923227],[140.468788,35.923581],[140.469121,35.923946],[140.469144,35.92401]]}},{"type":"Feature","properties":{"id":169717090,"highway":"service"},"geometry":{"type":"LineString","coordinates":[[140.487603,35.902507],[140.487699,35.902442],[140.487857,35.902335],[140.487985,35.902248],[140.488058,35.902198]]}},{"type":"Feature","properties":{"id":169717092,"highway":"service"},"geometry":{"type":"LineString","coordinates":[[140.487857,35.902335],[140.488112,35.902581],[140.48824,35.902494],[140.488373,35.902404],[140.488155,35.902193]]}},{"type":"Feature","properties":{"id":169717093,"highway":"service"},"geometry":{"type":"LineString","coordinates":[[140.488209,35.902114],[140.488331,35.902239],[140.488401,35.90226],[140.488514,35.90237],[140.488511,35.902429],[140.488069,35.90276]]}},{"type":"Feature","properties":{"id":169717095,"highway":"residential"},"geometry":{"type":"LineString","coordinates":[[140.487641,35.916141],[140.487599,35.916047],[140.487565,35.915993],[140.487474,35.915984],[140.487215,35.915943],[140.484947,35.915602]]}},{"type":"Feature","properties":{"id":169717096,"highway":"unclassified"},"geometry":{"type":"LineString","coordinates":[[140.489064,35.902414],[140.489853,35.901814],[140.490032,35.901639],[140.48998,35.901601],[140.4898,35.901432],[140.489588,35.901228],[140.489405,35.901043],[140.489333,35.90097]]}},{"type":"Feature","properties":{"id":169717099,"highway":"residential"},"geometry":{"type":"LineString","coordinates":[[140.485436,35.913306],[140.486372,35.912886],[140.486722,35.912757],[140.486907,35.912717],[140.487021,35.912713],[140.487205,35.91275],[140.487389,35.912803],[140.487654,35.91289],[140.487907,35.912999]]}},{"type":"Feature","properties":{"id":169717100,"highway":"residential"},"geometry":{"type":"LineString","coordinates":[[140.485226,35.914238],[140.484546,35.914135],[140.484091,35.914109],[140.483786,35.914104],[140.483406,35.914139],[140.483133,35.914082],[140.482827,35.914042],[140.4824,35.914018],[140.482311,35.914011]]}},{"type":"Feature","properties":{"id":169717102,"highway":"unclassified"},"geometry":{"type":"LineString","coordinates":[[140.482754,35.925105],[140.482984,35.924069],[140.483203,35.923115],[140.48322,35.923038],[140.483264,35.922939],[140.483277,35.922909],[140.483314,35.922766],[140.48338,35.922518],[140.483392,35.922438],[140.483426,35.922049],[140.483517,35.921781],[140.48363,35.921241],[140.483529,35.921225],[140.483459,35.921214]]}},{"type":"Feature","properties":{"id":169718385,"highway":"residential"},"geometry":{"type":"LineString","coordinates":[[140.485914,35.925131],[140.485953,35.925129],[140.485941,35.925018],[140.485897,35.924816],[140.485846,35.924695],[140.485824,35.924642],[140.485809,35.924501],[140.486023,35.92443],[140.486057,35.924418],[140.486221,35.924394],[140.486555,35.924319],[140.486822,35.924298]]}},{"type":"Feature","properties":{"id":169718386,"highway":"residential"},"geometry":{"type":"LineString","coordinates":[[140.486214,35.921168],[140.487666,35.921395]]}},{"type":"Feature","properties":{"id":169718387,"highway":"residential"},"geometry":{"type":"LineString","coordinates":[[140.484497,35.92478],[140.483639,35.925433]]}},{"type":"Feature","properties":{"id":169718394,"highway":"residential"},"geometry":{"type":"LineString","coordinates":[[140.486395,35.923221],[140.487021,35.923369]]}},{"type":"Feature","properties":{"id":169718396,"highway":"residential"},"geometry":{"type":"LineString","coordinates":[[140.484396,35.92291],[140.483314,35.922766]]}},{"type":"Feature","properties":{"id":169718397,"highway":"residential"},"geometry":{"type":"LineString","coordinates":[[140.487317,35.92235],[140.486492,35.922218]]}},{"type":"Feature","properties":{"id":169718398,"highway":"residential"},"geometry":{"type":"LineString","coordinates":[[140.485576,35.925173],[140.485914,35.925131]]}},{"type":"Feature","properties":{"id":169718400,"highway":"residential"},"geometry":{"type":"LineString","coordinates":[[140.483732,35.920795],[140.484699,35.92095],[140.484907,35.920702],[140.484894,35.920476],[140.48519,35.920272],[140.485551,35.920165],[140.486118,35.921023],[140.486214,35.921168],[140.486268,35.921279],[140.486364,35.921447],[140.486452,35.921616],[140.486508,35.921759],[140.486519,35.921827],[140.486523,35.921921],[140.486492,35.922218],[140.486462,35.922449],[140.486425,35.922907],[140.486422,35.922941],[140.486397,35.923204],[140.486395,35.923221],[140.486391,35.923269],[140.486475,35.92369],[140.486961,35.923656]]}},{"type":"Feature","properties":{"id":169718405,"highway":"residential"},"geometry":{"type":"LineString","coordinates":[[140.484699,35.92095],[140.484548,35.921236],[140.484608,35.921292],[140.485132,35.921473],[140.484864,35.921995],[140.484452,35.9228],[140.484396,35.92291],[140.484171,35.923351],[140.484162,35.923368],[140.484136,35.923419],[140.484113,35.923497],[140.484109,35.923552],[140.484199,35.923915],[140.484213,35.923972],[140.484282,35.9244],[140.484303,35.924536],[140.484343,35.924614],[140.484412,35.924691],[140.484497,35.92478],[140.484759,35.925056],[140.485295,35.92478],[140.485562,35.924716],[140.485846,35.924695]]}},{"type":"Feature","properties":{"id":169718406,"highway":"residential"},"geometry":{"type":"LineString","coordinates":[[140.484942,35.92647],[140.484968,35.926354],[140.485047,35.926053]]}},{"type":"Feature","properties":{"id":169718409,"highway":"residential"},"geometry":{"type":"LineString","coordinates":[[140.486567,35.925484],[140.486353,35.925491],[140.486264,35.925233]]}},{"type":"Feature","properties":{"id":169718411,"highway":"residential"},"geometry":{"type":"LineString","coordinates":[[140.484452,35.9228],[140.485047,35.922911],[140.486397,35.923204]]}},{"type":"Feature","properties":{"id":169718413,"highway":"residential"},"geometry":{"type":"LineString","coordinates":[[140.484171,35.923351],[140.483845,35.923129],[140.483264,35.922939]]}},{"type":"Feature","properties":{"id":169718416,"highway":"residential"},"geometry":{"type":"LineString","coordinates":[[140.484942,35.92647],[140.48344,35.926239]]}},{"type":"Feature","properties":{"id":169718417,"highway":"residential"},"geometry":{"type":"LineString","coordinates":[[140.486023,35.92443],[140.486017,35.92438],[140.486097,35.924263],[140.486475,35.92369]]}},{"type":"Feature","properties":{"id":169718419,"highway":"residential"},"geometry":{"type":"LineString","coordinates":[[140.485047,35.926053],[140.485181,35.925985],[140.485427,35.925901],[140.485978,35.925654]]}},{"type":"Feature","properties":{"id":169718421,"highway":"residential"},"geometry":{"type":"LineString","coordinates":[[140.484199,35.923915],[140.484604,35.923845],[140.485042,35.923826],[140.485146,35.923792]]}},{"type":"Feature","properties":{"id":169718423,"highway":"residential"},"geometry":{"type":"LineString","coordinates":[[140.485306,35.927461],[140.485763,35.926964],[140.484968,35.926354],[140.483738,35.925852]]}},{"type":"Feature","properties":{"id":169718425,"highway":"residential"},"geometry":{"type":"LineString","coordinates":[[140.486268,35.921279],[140.485725,35.921491],[140.485439,35.92162],[140.485252,35.921502]]}},{"type":"Feature","properties":{"id":169718429,"highway":"residential"},"geometry":{"type":"LineString","coordinates":[[140.484282,35.9244],[140.484451,35.924376],[140.485087,35.924226],[140.485229,35.924225],[140.486097,35.924263]]}},{"type":"Feature","properties":{"id":169718430,"highway":"residential"},"geometry":{"type":"LineString","coordinates":[[140.482584,35.926095],[140.482638,35.925703],[140.482634,35.925586],[140.482653,35.925415],[140.482688,35.925252],[140.482754,35.925105]]}},{"type":"Feature","properties":{"id":169718431,"highway":"residential"},"geometry":{"type":"LineString","coordinates":[[140.484759,35.925056],[140.484774,35.925129],[140.484994,35.925697],[140.485062,35.925812],[140.485181,35.925985]]}},{"type":"Feature","properties":{"id":169718433,"highway":"residential"},"geometry":{"type":"LineString","coordinates":[[140.486141,35.926364],[140.485978,35.925654],[140.48594,35.925487],[140.485933,35.925417],[140.485914,35.925131]]}},{"type":"Feature","properties":{"id":169718435,"highway":"residential"},"geometry":{"type":"LineString","coordinates":[[140.484162,35.923368],[140.484758,35.923582],[140.484879,35.923531],[140.484946,35.923073],[140.485047,35.922911],[140.485312,35.922599],[140.485345,35.922615]]}},{"type":"Feature","properties":{"id":169718439,"highway":"residential"},"geometry":{"type":"LineString","coordinates":[[140.485439,35.92162],[140.485679,35.922016],[140.485672,35.922083],[140.485495,35.922438],[140.485345,35.922615],[140.485637,35.922764],[140.485924,35.92284],[140.486326,35.922884],[140.486425,35.922907]]}},{"type":"Feature","properties":{"id":170481116,"highway":"service"},"geometry":{"type":"LineString","coordinates":[[140.485905,35.928492],[140.485612,35.928062]]}},{"type":"Feature","properties":{"id":170481130,"highway":"residential"},"geometry":{"type":"LineString","coordinates":[[140.496475,35.94186],[140.496709,35.942199],[140.497213,35.942932],[140.497042,35.943195]]}},{"type":"Feature","properties":{"id":170481133,"highway":"residential"},"geometry":{"type":"LineString","coordinates":[[140.496475,35.94186],[140.497031,35.941369],[140.497206,35.941028],[140.497291,35.940954],[140.497298,35.940934]]}},{"type":"Feature","properties":{"id":170481135,"highway":"residential"},"geometry":{"type":"LineString","coordinates":[[140.485481,35.932158],[140.486449,35.931685],[140.486481,35.931674],[140.486506,35.931677],[140.486529,35.931688],[140.486787,35.931841],[140.487323,35.931137],[140.487627,35.930847]]}},{"type":"Feature","properties":{"id":170481137,"highway":"residential"},"geometry":{"type":"LineString","coordinates":[[140.485802,35.932988],[140.485912,35.932935],[140.485972,35.932906],[140.486008,35.932888],[140.486729,35.932557],[140.487621,35.932185],[140.487807,35.93217],[140.488098,35.932256],[140.488307,35.932304],[140.488578,35.932344]]}},{"type":"Feature","properties":{"id":170481141,"highway":"residential"},"geometry":{"type":"LineString","coordinates":[[140.497042,35.943195],[140.497195,35.943284],[140.497546,35.943733],[140.498054,35.944478],[140.498261,35.944818],[140.498668,35.94524],[140.498745,35.945294],[140.498773,35.945313],[140.498928,35.945341],[140.499001,35.945356],[140.49906,35.945383],[140.499396,35.94569],[140.499615,35.945949],[140.499873,35.946328]]}},{"type":"Feature","properties":{"id":170484553,"highway":"unclassified"},"geometry":{"type":"LineString","coordinates":[[140.492772,35.950435],[140.492862,35.950487],[140.494121,35.950676],[140.494528,35.950738],[140.495369,35.950864],[140.496123,35.950978],[140.496528,35.951048],[140.496571,35.951066],[140.49663,35.951092],[140.496736,35.951334],[140.49686,35.951881],[140.49707,35.951815],[140.497539,35.951668],[140.499118,35.951175],[140.499505,35.951399],[140.500041,35.951609],[140.50021,35.951641],[140.501113,35.95181],[140.501733,35.952194]]}},{"type":"Feature","properties":{"id":170484554,"highway":"unclassified"},"geometry":{"type":"LineString","coordinates":[[140.491037,35.950066],[140.491029,35.950033],[140.491038,35.949635],[140.491012,35.949509],[140.491004,35.949499],[140.490995,35.949488],[140.490354,35.94868],[140.48969,35.947842],[140.489036,35.947018],[140.48837,35.946177],[140.487722,35.945362],[140.487072,35.944542],[140.486406,35.943701],[140.485742,35.942865],[140.48509,35.942043],[140.484437,35.94122],[140.483801,35.940418],[140.483728,35.940325],[140.483271,35.940079],[140.482259,35.939535],[140.481242,35.938987],[140.480245,35.938451],[140.479235,35.93792],[140.478187,35.937358]]}},{"type":"Feature","properties":{"id":170484557,"highway":"tertiary"},"geometry":{"type":"LineString","coordinates":[[140.500419,35.946072],[140.500364,35.946098],[140.499873,35.946328],[140.497879,35.947265],[140.497711,35.947346],[140.49765,35.947375],[140.49755,35.947422]]}},{"type":"Feature","properties":{"id":170535660,"highway":"residential"},"geometry":{"type":"LineString","coordinates":[[140.499118,35.951175],[140.499133,35.950915],[140.499208,35.950801],[140.499294,35.950629],[140.499352,35.950574],[140.500347,35.950306],[140.500981,35.950074],[140.50128,35.949992]]}},{"type":"Feature","properties":{"id":170535719,"highway":"unclassified"},"geometry":{"type":"LineString","coordinates":[[140.482613,35.945018],[140.482504,35.944974],[140.481491,35.944432],[140.480468,35.943884],[140.479444,35.943337],[140.478403,35.94278],[140.477387,35.942236],[140.476359,35.941665],[140.475804,35.94137],[140.475222,35.941067],[140.474178,35.940519],[140.473158,35.939974],[140.472121,35.939418],[140.471086,35.938858],[140.470057,35.938315],[140.469032,35.937766],[140.468051,35.937242],[140.466971,35.936664],[140.465941,35.936113],[140.465685,35.935976]]}},{"type":"Feature","properties":{"id":170535742,"highway":"primary"},"geometry":{"type":"LineString","coordinates":[[140.503127,35.951245],[140.503162,35.951206],[140.503189,35.951168],[140.503199,35.951122],[140.5032,35.951062],[140.503187,35.951005],[140.503175,35.950976],[140.503156,35.950938],[140.503117,35.950872],[140.503053,35.950763],[140.503008,35.950675],[140.502964,35.950567],[140.502707,35.949778],[140.502672,35.949671],[140.502633,35.949555],[140.50258,35.949415],[140.502555,35.949356],[140.50252,35.949277],[140.502451,35.949135],[140.502353,35.948962],[140.50209,35.948587],[140.50154,35.947857],[140.501389,35.947618],[140.501127,35.947177],[140.500993,35.946967],[140.500451,35.946121],[140.500419,35.946072],[140.499943,35.945357],[140.499442,35.944623],[140.499027,35.943799],[140.498461,35.942425],[140.498228,35.941856],[140.498086,35.941518],[140.497986,35.941305],[140.497836,35.941094],[140.497667,35.940893],[140.497428,35.940666],[140.497318,35.940563],[140.497195,35.940444],[140.497051,35.940279],[140.496946,35.940149],[140.496886,35.940049],[140.496317,35.939036],[140.495588,35.937724],[140.495331,35.937293],[140.495168,35.937038],[140.495107,35.936951],[140.495055,35.936866],[140.495027,35.936823],[140.49486,35.936554],[140.494587,35.936113],[140.49433,35.9357],[140.494239,35.935541],[140.494143,35.935372],[140.49406,35.935194],[140.493963,35.934948],[140.493759,35.934422],[140.493599,35.93404],[140.493477,35.933777],[140.493342,35.933497],[140.493252,35.933347],[140.493172,35.933229],[140.493087,35.933129],[140.492986,35.933039],[140.492843,35.932921],[140.49266,35.932811],[140.492459,35.932717],[140.492206,35.932635],[140.491949,35.93259],[140.491567,35.932554],[140.489948,35.932414],[140.489635,35.932366],[140.489275,35.932266],[140.48906,35.932182],[140.488796,35.932039],[140.488548,35.931859],[140.488397,35.931723],[140.488209,35.931538],[140.487728,35.930989],[140.487627,35.930847],[140.487304,35.930196],[140.487259,35.930088],[140.486981,35.929507],[140.486764,35.928884],[140.486638,35.928453],[140.486588,35.928208],[140.486552,35.927898],[140.486513,35.927431],[140.486493,35.927115]]}},{"type":"Feature","properties":{"id":170537303,"highway":"unclassified"},"geometry":{"type":"LineString","coordinates":[[140.488324,35.9521],[140.488122,35.952059],[140.484556,35.951615],[140.483199,35.951446],[140.481864,35.951279],[140.480548,35.951115],[140.479195,35.950947],[140.478579,35.95087],[140.478385,35.950823],[140.477984,35.950608],[140.476965,35.950062],[140.475939,35.949513],[140.473874,35.948407],[140.472849,35.947858],[140.470684,35.946695],[140.469629,35.94615],[140.468595,35.945596],[140.466539,35.944507],[140.465506,35.943953],[140.464489,35.943409],[140.463462,35.942858],[140.462427,35.942304],[140.461394,35.94175],[140.460372,35.941202],[140.459336,35.940647]]}},{"type":"Feature","properties":{"id":170537704,"highway":"residential"},"geometry":{"type":"LineString","coordinates":[[140.478903,35.931274],[140.478718,35.931362],[140.478427,35.931516],[140.478327,35.931568],[140.478201,35.931607],[140.478128,35.931618],[140.478025,35.931605],[140.477813,35.931455],[140.477766,35.931439],[140.477714,35.931453]]}},{"type":"Feature","properties":{"id":170537706,"highway":"residential"},"geometry":{"type":"LineString","coordinates":[[140.476399,35.928297],[140.476529,35.928446],[140.477214,35.929232],[140.477252,35.929337],[140.477275,35.929402],[140.47728,35.929473],[140.477221,35.929606],[140.477198,35.929657],[140.477182,35.929743],[140.477336,35.930133],[140.477368,35.930215],[140.477476,35.930316],[140.477601,35.930421],[140.478718,35.931362]]}},{"type":"Feature","properties":{"id":170537707,"highway":"residential"},"geometry":{"type":"LineString","coordinates":[[140.476399,35.928297],[140.475975,35.928452],[140.475946,35.928515],[140.476218,35.929021],[140.476406,35.929287],[140.476414,35.929362],[140.47633,35.92957],[140.476298,35.929685],[140.476351,35.929855],[140.476502,35.930339],[140.476843,35.930738],[140.477069,35.930961],[140.477071,35.931008],[140.477015,35.931128],[140.477714,35.931453]]}},{"type":"Feature","properties":{"id":170537715,"highway":"residential"},"geometry":{"type":"LineString","coordinates":[[140.478427,35.931516],[140.478361,35.931458],[140.47831,35.931487],[140.4777,35.93093],[140.477586,35.930839],[140.477352,35.930661],[140.477292,35.930615],[140.477183,35.930503],[140.477108,35.930418],[140.477021,35.930276],[140.477007,35.930254],[140.476958,35.930158],[140.476844,35.929895],[140.476812,35.929752],[140.476799,35.929625],[140.476812,35.929484],[140.476824,35.929335],[140.476829,35.92927],[140.476826,35.929161],[140.476812,35.929109],[140.476429,35.928495],[140.476529,35.928446]]}},{"type":"Feature","properties":{"id":170541480,"highway":"residential"},"geometry":{"type":"LineString","coordinates":[[140.459104,35.931143],[140.459142,35.931042],[140.459245,35.930915],[140.459408,35.93084],[140.459487,35.930844],[140.459548,35.930807],[140.459635,35.93069],[140.45969,35.930623],[140.459799,35.930593],[140.459937,35.930439],[140.459937,35.930367]]}},{"type":"Feature","properties":{"id":170541481,"highway":"residential"},"geometry":{"type":"LineString","coordinates":[[140.463344,35.925231],[140.463365,35.925273],[140.463296,35.925365],[140.463161,35.925519],[140.463035,35.925628],[140.462779,35.925784],[140.462596,35.925865],[140.462446,35.925909],[140.462289,35.925946],[140.462119,35.925932],[140.461901,35.925905],[140.461824,35.925842],[140.461785,35.925811]]}},{"type":"Feature","properties":{"id":170541486,"highway":"residential"},"geometry":{"type":"LineString","coordinates":[[140.459104,35.931143],[140.45882,35.931585],[140.45872,35.931624],[140.458585,35.931963],[140.458553,35.93211],[140.45833,35.932428],[140.457988,35.932814],[140.457944,35.932883],[140.457744,35.933195],[140.457494,35.93366],[140.457233,35.933936],[140.457093,35.93409],[140.456918,35.934364],[140.456943,35.934571],[140.456935,35.934713],[140.456911,35.934819]]}},{"type":"Feature","properties":{"id":170541490,"highway":"residential"},"geometry":{"type":"LineString","coordinates":[[140.461891,35.926484],[140.461342,35.926815]]}},{"type":"Feature","properties":{"id":170541492,"highway":"residential"},"geometry":{"type":"LineString","coordinates":[[140.478333,35.916004],[140.47755,35.916425],[140.478372,35.916553]]}},{"type":"Feature","properties":{"id":170541494,"highway":"residential"},"geometry":{"type":"LineString","coordinates":[[140.478372,35.916553],[140.478444,35.916518],[140.478333,35.916004]]}},{"type":"Feature","properties":{"id":170541502,"highway":"residential"},"geometry":{"type":"LineString","coordinates":[[140.461099,35.926556],[140.461651,35.926223],[140.461891,35.926484],[140.462115,35.926727]]}},{"type":"Feature","properties":{"id":170541503,"highway":"residential"},"geometry":{"type":"LineString","coordinates":[[140.478372,35.916553],[140.48111,35.916974]]}},{"type":"Feature","properties":{"id":170541504,"highway":"residential"},"geometry":{"type":"LineString","coordinates":[[140.460351,35.931685],[140.460885,35.930993],[140.460484,35.930527],[140.460443,35.930479],[140.460351,35.930428]]}},{"type":"Feature","properties":{"id":170541507,"highway":"residential"},"geometry":{"type":"LineString","coordinates":[[140.460495,35.929698],[140.460386,35.929626],[140.460125,35.929479],[140.460033,35.929434]]}},{"type":"Feature","properties":{"id":170541512,"highway":"residential"},"geometry":{"type":"LineString","coordinates":[[140.462251,35.926611],[140.462115,35.926727],[140.461666,35.927101],[140.461517,35.927002],[140.461342,35.926815],[140.461099,35.926556],[140.460861,35.926304],[140.460833,35.926273]]}},{"type":"Feature","properties":{"id":170541514,"highway":"residential"},"geometry":{"type":"LineString","coordinates":[[140.460484,35.930527],[140.460609,35.930433],[140.460949,35.930008],[140.461185,35.929285],[140.461193,35.929266],[140.461128,35.929157],[140.461092,35.929098],[140.460777,35.928745]]}},{"type":"Feature","properties":{"id":170541515,"highway":"residential"},"geometry":{"type":"LineString","coordinates":[[140.461128,35.929157],[140.460923,35.929391],[140.460693,35.929505],[140.460495,35.929698],[140.460246,35.93007],[140.460036,35.930237],[140.459937,35.930367],[140.459608,35.930195]]}},{"type":"Feature","properties":{"id":170547780,"highway":"residential"},"geometry":{"type":"LineString","coordinates":[[140.476353,35.958269],[140.476312,35.958221],[140.475256,35.957664],[140.474214,35.957108],[140.471132,35.955459],[140.470093,35.954906],[140.469037,35.954351],[140.468035,35.953809],[140.467002,35.95326],[140.465878,35.952657]]}},{"type":"Feature","properties":{"id":170547814,"highway":"unclassified"},"geometry":{"type":"LineString","coordinates":[[140.482024,35.957257],[140.479672,35.957681],[140.477932,35.957989],[140.476353,35.958269],[140.475161,35.958483],[140.475065,35.958496],[140.474936,35.958501],[140.474791,35.958484],[140.47463,35.958456],[140.473344,35.958204],[140.468222,35.957214],[140.466966,35.956969],[140.466394,35.956858],[140.46606,35.956792],[140.465944,35.956737],[140.465751,35.956631],[140.46472,35.956082],[140.463585,35.95549],[140.462225,35.954759],[140.462144,35.954716],[140.462111,35.954679],[140.461744,35.954081],[140.460481,35.952019],[140.459828,35.950953],[140.458475,35.948743],[140.45794,35.947871],[140.456063,35.944803],[140.456046,35.944723],[140.456025,35.94463],[140.455842,35.943257],[140.455781,35.942798],[140.455739,35.942608],[140.45566,35.942466],[140.455567,35.942344],[140.455449,35.942228],[140.455288,35.942099],[140.454974,35.941935]]}},{"type":"Feature","properties":{"id":170554437,"highway":"residential"},"geometry":{"type":"LineString","coordinates":[[140.48344,35.926239],[140.483406,35.926234]]}},{"type":"Feature","properties":{"id":170554438,"highway":"residential"},"geometry":{"type":"LineString","coordinates":[[140.460033,35.929434],[140.459844,35.929343]]}},{"type":"Feature","properties":{"id":170554449,"highway":"residential"},"geometry":{"type":"LineString","coordinates":[[140.483406,35.926234],[140.482584,35.926095],[140.482516,35.926089],[140.48247,35.926083],[140.482371,35.926069]]}},{"type":"Feature","properties":{"id":170554451,"highway":"residential"},"geometry":{"type":"LineString","coordinates":[[140.459844,35.929343],[140.459781,35.929312],[140.458199,35.928731],[140.45801,35.928664],[140.457892,35.928621],[140.45784,35.928602]]}},{"type":"Feature","properties":{"id":170554452,"highway":"residential"},"geometry":{"type":"LineString","coordinates":[[140.466966,35.956969],[140.467146,35.956728],[140.467297,35.956541]]}},{"type":"Feature","properties":{"id":170554459,"highway":"residential"},"geometry":{"type":"LineString","coordinates":[[140.46695,35.956398],[140.4672,35.95653],[140.467297,35.956541],[140.467394,35.956532],[140.467505,35.956548]]}},{"type":"Feature","properties":{"id":170554460,"highway":"residential"},"geometry":{"type":"LineString","coordinates":[[140.466394,35.956858],[140.466425,35.956792],[140.466566,35.956615],[140.46668,35.956564],[140.466805,35.956573],[140.467146,35.956728]]}},{"type":"Feature","properties":{"id":170554462,"highway":"primary"},"geometry":{"type":"LineString","coordinates":[[140.483707,35.925466],[140.483882,35.92554]]}},{"type":"Feature","properties":{"id":170554463,"highway":"primary"},"geometry":{"type":"LineString","coordinates":[[140.482551,35.925054],[140.482672,35.925082],[140.482754,35.925105],[140.48279,35.925116],[140.482906,35.92515],[140.48306,35.925201],[140.483305,35.92529],[140.483639,35.925433],[140.483707,35.925466]]}},{"type":"Feature","properties":{"id":196232875,"highway":"unclassified"},"geometry":{"type":"LineString","coordinates":[[140.451789,35.919195],[140.451601,35.919221],[140.451495,35.919226],[140.451144,35.919162],[140.450966,35.91913],[140.450937,35.919117],[140.450892,35.919097],[140.450827,35.919067],[140.450635,35.918983],[140.450593,35.918949],[140.450543,35.918889]]}},{"type":"Feature","properties":{"id":196232882,"highway":"unclassified"},"geometry":{"type":"LineString","coordinates":[[140.39949,35.913231],[140.399918,35.913242],[140.400148,35.913257],[140.400242,35.913267],[140.400341,35.913281],[140.400452,35.913306],[140.400539,35.913325],[140.401294,35.9136],[140.402382,35.914014],[140.402584,35.914054]]}},{"type":"Feature","properties":{"id":196232887,"highway":"residential"},"geometry":{"type":"LineString","coordinates":[[140.404833,35.922197],[140.404165,35.921883],[140.404075,35.92185],[140.403952,35.921814],[140.403818,35.921787],[140.403713,35.921775],[140.40358,35.921773],[140.403434,35.921791],[140.402811,35.921956],[140.401982,35.922175]]}},{"type":"Feature","properties":{"id":196232889,"highway":"unclassified"},"geometry":{"type":"LineString","coordinates":[[140.450846,35.919156],[140.450823,35.919229],[140.450697,35.919432],[140.450615,35.919477],[140.450498,35.91954],[140.450483,35.919574],[140.450615,35.919773],[140.451119,35.920382],[140.452209,35.921741],[140.453167,35.921228]]}},{"type":"Feature","properties":{"id":196232911,"highway":"residential"},"geometry":{"type":"LineString","coordinates":[[140.405378,35.912974],[140.404741,35.912862],[140.404666,35.912865],[140.404608,35.912882],[140.404554,35.912921],[140.4044,35.913174],[140.404371,35.913246],[140.404311,35.913543],[140.404293,35.913701],[140.404285,35.913846]]}},{"type":"Feature","properties":{"id":196232927,"highway":"residential"},"geometry":{"type":"LineString","coordinates":[[140.403018,35.912561],[140.403098,35.912604],[140.403202,35.912631],[140.403252,35.912654],[140.403259,35.912697],[140.403264,35.912727],[140.403213,35.912864],[140.403082,35.913176],[140.402948,35.91334],[140.402886,35.913438],[140.402584,35.914054]]}},{"type":"Feature","properties":{"id":196232940,"highway":"residential"},"geometry":{"type":"LineString","coordinates":[[140.444713,35.922199],[140.444918,35.92236],[140.445089,35.92246],[140.445282,35.922551],[140.445483,35.922619],[140.44565,35.922693],[140.445749,35.922758],[140.445859,35.922801],[140.445917,35.922788],[140.445966,35.922723],[140.446025,35.92263],[140.446162,35.922544]]}},{"type":"Feature","properties":{"id":196232949,"highway":"unclassified"},"geometry":{"type":"LineString","coordinates":[[140.43782,35.917447],[140.437542,35.917364],[140.435751,35.916831],[140.433966,35.916299],[140.432182,35.915759],[140.430401,35.915238],[140.429165,35.914847],[140.428517,35.914675],[140.426648,35.914118],[140.424861,35.913585],[140.42307,35.913052],[140.422423,35.912859]]}},{"type":"Feature","properties":{"id":196232973,"highway":"residential"},"geometry":{"type":"LineString","coordinates":[[140.448325,35.928502],[140.448394,35.928482],[140.449055,35.928139],[140.449155,35.928103],[140.449903,35.927912],[140.450003,35.927892],[140.450108,35.927906],[140.450177,35.927931],[140.450268,35.927931],[140.450329,35.927904],[140.450388,35.927865],[140.450429,35.927834]]}},{"type":"Feature","properties":{"id":196232977,"highway":"residential"},"geometry":{"type":"LineString","coordinates":[[140.430169,35.912259],[140.430095,35.912537],[140.429824,35.912974],[140.429669,35.913324],[140.429473,35.913765],[140.429411,35.914015],[140.429395,35.914332],[140.429165,35.914847]]}},{"type":"Feature","properties":{"id":196232981,"highway":"unclassified"},"geometry":{"type":"LineString","coordinates":[[140.4276,35.925167],[140.428016,35.925502],[140.429673,35.926891],[140.431321,35.928279],[140.432978,35.929666],[140.434729,35.931131],[140.436383,35.932516],[140.438023,35.933888],[140.439704,35.935286],[140.441364,35.936667],[140.443017,35.938042],[140.444684,35.939428],[140.446328,35.940796]]}},{"type":"Feature","properties":{"id":196232992,"highway":"unclassified"},"geometry":{"type":"LineString","coordinates":[[140.450937,35.919117],[140.450846,35.919156],[140.450723,35.919092],[140.450527,35.919043],[140.450337,35.918978],[140.448205,35.918428],[140.446969,35.918119],[140.445786,35.917859],[140.4454,35.917744],[140.445083,35.917642],[140.444656,35.917519],[140.443283,35.917144],[140.441598,35.916629],[140.44127,35.916455],[140.441223,35.91643]]}},{"type":"Feature","properties":{"id":196233007,"highway":"residential"},"geometry":{"type":"LineString","coordinates":[[140.413286,35.910747],[140.413215,35.910762],[140.413136,35.910757],[140.413022,35.910735],[140.412873,35.910683],[140.412821,35.91067],[140.412768,35.910672],[140.412701,35.910686],[140.410739,35.911193],[140.410716,35.911262],[140.410658,35.911624],[140.41065,35.91172],[140.410663,35.911817],[140.410695,35.911905],[140.410789,35.912057]]}},{"type":"Feature","properties":{"id":196233008,"highway":"residential"},"geometry":{"type":"LineString","coordinates":[[140.42566,35.911805],[140.42566,35.911746],[140.425577,35.911654],[140.425509,35.911651],[140.424997,35.911734],[140.424868,35.911581],[140.424803,35.91155],[140.424739,35.911529],[140.424587,35.911525],[140.424206,35.911463],[140.424176,35.911396],[140.424142,35.911355],[140.424065,35.911281],[140.423987,35.911235],[140.423905,35.911214]]}},{"type":"Feature","properties":{"id":196233012,"highway":"residential"},"geometry":{"type":"LineString","coordinates":[[140.439871,35.916618],[140.439771,35.91672],[140.43973,35.916763],[140.439708,35.916806],[140.439706,35.91688],[140.439724,35.917002],[140.439731,35.917079],[140.439719,35.917141],[140.439699,35.917203],[140.439665,35.917282],[140.439593,35.917385],[140.439404,35.917638],[140.439163,35.917866],[140.438855,35.918157],[140.438186,35.917688],[140.437876,35.917471],[140.43782,35.917447]]}},{"type":"Feature","properties":{"id":196233015,"highway":"residential"},"geometry":{"type":"LineString","coordinates":[[140.403259,35.912697],[140.403325,35.912694],[140.403609,35.912685],[140.403775,35.912654],[140.403923,35.912626],[140.404494,35.912571],[140.404725,35.912548],[140.404977,35.912518],[140.405245,35.91247],[140.405499,35.912427],[140.405605,35.912404],[140.405716,35.912388],[140.405977,35.912349],[140.406203,35.912316],[140.406756,35.912208],[140.407319,35.912084],[140.407543,35.912033],[140.407724,35.912007],[140.407883,35.911964],[140.408116,35.911911],[140.408473,35.911818],[140.408804,35.911732],[140.40901,35.911678],[140.410088,35.911352],[140.410263,35.911209]]}},{"type":"Feature","properties":{"id":196233016,"highway":"residential"},"geometry":{"type":"LineString","coordinates":[[140.408431,35.924547],[140.408505,35.923599],[140.408606,35.923595],[140.408685,35.923589],[140.408774,35.923567],[140.408851,35.923531],[140.409772,35.923126],[140.410193,35.922857],[140.410823,35.922413],[140.410943,35.922314],[140.411303,35.921951],[140.411657,35.921605],[140.411688,35.921582],[140.411735,35.921562],[140.411786,35.921554],[140.411826,35.921556],[140.411934,35.921569],[140.411961,35.921566],[140.411988,35.92155],[140.412178,35.921344]]}},{"type":"Feature","properties":{"id":196233018,"highway":"unclassified"},"geometry":{"type":"LineString","coordinates":[[140.438476,35.916019],[140.437935,35.916525],[140.437898,35.916579],[140.437542,35.917364],[140.436453,35.919762],[140.436187,35.920347],[140.436152,35.920469],[140.436128,35.92066],[140.436123,35.920779],[140.436088,35.920886],[140.436035,35.920988],[140.435816,35.921222],[140.435601,35.921471],[140.434784,35.922259],[140.43415,35.922883],[140.432099,35.921451]]}},{"type":"Feature","properties":{"id":196233021,"highway":"unclassified"},"geometry":{"type":"LineString","coordinates":[[140.428948,35.922356],[140.428996,35.922352],[140.429014,35.922363],[140.429052,35.922387],[140.43212,35.924938],[140.432629,35.925367],[140.433787,35.926345],[140.435445,35.927723],[140.437176,35.929184],[140.438844,35.930558],[140.440518,35.931938],[140.442172,35.933329],[140.443824,35.934718],[140.445465,35.936098],[140.447126,35.937494],[140.447178,35.937538],[140.448765,35.938855],[140.450143,35.94004],[140.450183,35.940075]]}},{"type":"Feature","properties":{"id":196233026,"highway":"residential"},"geometry":{"type":"LineString","coordinates":[[140.446381,35.943368],[140.446465,35.943375],[140.446525,35.943381],[140.446642,35.943389],[140.446752,35.943404],[140.446921,35.943445],[140.447093,35.943499],[140.447182,35.943544],[140.447315,35.943625],[140.447365,35.943663],[140.447473,35.943605],[140.44758,35.943558],[140.447685,35.943564],[140.447823,35.943596],[140.448716,35.943795],[140.449337,35.943933],[140.449663,35.943985],[140.451509,35.944281],[140.45155,35.944273],[140.451641,35.944256],[140.451745,35.944225]]}},{"type":"Feature","properties":{"id":196233031,"highway":"residential"},"geometry":{"type":"LineString","coordinates":[[140.442454,35.919955],[140.442057,35.920596]]}},{"type":"Feature","properties":{"id":196233034,"highway":"service"},"geometry":{"type":"LineString","coordinates":[[140.458421,35.923598],[140.457908,35.923716]]}},{"type":"Feature","properties":{"id":196233035,"highway":"unclassified"},"geometry":{"type":"LineString","coordinates":[[140.44069,35.931808],[140.440518,35.931938]]}},{"type":"Feature","properties":{"id":196233038,"highway":"residential"},"geometry":{"type":"LineString","coordinates":[[140.413927,35.924211],[140.414436,35.924026],[140.414511,35.923988],[140.414559,35.923949],[140.414892,35.923664]]}},{"type":"Feature","properties":{"id":196233040,"highway":"residential"},"geometry":{"type":"LineString","coordinates":[[140.45782,35.932839],[140.457944,35.932883]]}},{"type":"Feature","properties":{"id":196233042,"highway":"residential"},"geometry":{"type":"LineString","coordinates":[[140.430444,35.913115],[140.429824,35.912974]]}},{"type":"Feature","properties":{"id":196233046,"highway":"tertiary"},"geometry":{"type":"LineString","coordinates":[[140.433787,35.926345],[140.433983,35.92619]]}},{"type":"Feature","properties":{"id":196233050,"highway":"residential"},"geometry":{"type":"LineString","coordinates":[[140.428027,35.933573],[140.430471,35.931641]]}},{"type":"Feature","properties":{"id":196233052,"highway":"service"},"geometry":{"type":"LineString","coordinates":[[140.451752,35.919823],[140.451336,35.92004]]}},{"type":"Feature","properties":{"id":196233076,"highway":"residential"},"geometry":{"type":"LineString","coordinates":[[140.457599,35.932759],[140.45782,35.932839]]}},{"type":"Feature","properties":{"id":196233080,"highway":"unclassified"},"geometry":{"type":"LineString","coordinates":[[140.404837,35.922023],[140.40483,35.922159]]}},{"type":"Feature","properties":{"id":196233087,"highway":"residential"},"geometry":{"type":"LineString","coordinates":[[140.402811,35.921956],[140.402751,35.922561]]}},{"type":"Feature","properties":{"id":196233114,"highway":"residential"},"geometry":{"type":"LineString","coordinates":[[140.443043,35.920191],[140.443291,35.919888]]}},{"type":"Feature","properties":{"id":196233115,"highway":"service"},"geometry":{"type":"LineString","coordinates":[[140.405829,35.925608],[140.406037,35.925609]]}},{"type":"Feature","properties":{"id":196233116,"highway":"residential"},"geometry":{"type":"LineString","coordinates":[[140.406512,35.927163],[140.405909,35.92727]]}},{"type":"Feature","properties":{"id":196233158,"highway":"unclassified"},"geometry":{"type":"LineString","coordinates":[[140.428763,35.922299],[140.428927,35.922349]]}},{"type":"Feature","properties":{"id":196233165,"highway":"residential"},"geometry":{"type":"LineString","coordinates":[[140.438186,35.917688],[140.438557,35.917324]]}},{"type":"Feature","properties":{"id":196233171,"highway":"residential"},"geometry":{"type":"LineString","coordinates":[[140.424065,35.911281],[140.424081,35.911175]]}},{"type":"Feature","properties":{"id":196233186,"highway":"residential"},"geometry":{"type":"LineString","coordinates":[[140.414765,35.930357],[140.41488,35.928278]]}},{"type":"Feature","properties":{"id":196233202,"highway":"unclassified"},"geometry":{"type":"LineString","coordinates":[[140.398543,35.929777],[140.400459,35.929847],[140.402344,35.929917],[140.404249,35.929988],[140.40604,35.930032],[140.407958,35.930109],[140.409201,35.930158],[140.409267,35.930175],[140.409846,35.93019],[140.409862,35.930191],[140.411765,35.930255],[140.41266,35.93029],[140.413049,35.930295],[140.413612,35.930316],[140.414765,35.930357],[140.415525,35.930382],[140.416543,35.930408],[140.417425,35.930435],[140.41933,35.930504],[140.421184,35.93057],[140.423094,35.930634],[140.424179,35.930677],[140.42439,35.93069],[140.424532,35.930721],[140.424642,35.930755],[140.424689,35.930788],[140.42473,35.930816],[140.424899,35.930961],[140.426378,35.932193]]}},{"type":"Feature","properties":{"id":196233210,"highway":"residential"},"geometry":{"type":"LineString","coordinates":[[140.448337,35.926567],[140.448513,35.925832],[140.447439,35.925651]]}},{"type":"Feature","properties":{"id":196233215,"highway":"residential"},"geometry":{"type":"LineString","coordinates":[[140.430656,35.912744],[140.430444,35.913115],[140.43042,35.913213]]}},{"type":"Feature","properties":{"id":196233228,"highway":"service"},"geometry":{"type":"LineString","coordinates":[[140.455551,35.924191],[140.455868,35.92408],[140.455847,35.92343]]}},{"type":"Feature","properties":{"id":196233240,"highway":"residential"},"geometry":{"type":"LineString","coordinates":[[140.445013,35.921895],[140.445076,35.921787],[140.445182,35.921496]]}},{"type":"Feature","properties":{"id":196233242,"highway":"service"},"geometry":{"type":"LineString","coordinates":[[140.447962,35.927526],[140.448504,35.927505],[140.44853,35.927489]]}},{"type":"Feature","properties":{"id":196233243,"highway":"residential"},"geometry":{"type":"LineString","coordinates":[[140.406496,35.926961],[140.406449,35.926915],[140.406387,35.92662]]}},{"type":"Feature","properties":{"id":196233246,"highway":"residential"},"geometry":{"type":"LineString","coordinates":[[140.401982,35.922175],[140.402019,35.922587],[140.402751,35.922561]]}},{"type":"Feature","properties":{"id":196233247,"highway":"service"},"geometry":{"type":"LineString","coordinates":[[140.449558,35.924702],[140.44895,35.925165],[140.448895,35.925226]]}},{"type":"Feature","properties":{"id":196233248,"highway":"service"},"geometry":{"type":"LineString","coordinates":[[140.452664,35.921147],[140.452717,35.921097],[140.452765,35.920899]]}},{"type":"Feature","properties":{"id":196233250,"highway":"residential"},"geometry":{"type":"LineString","coordinates":[[140.406496,35.926961],[140.406512,35.927163],[140.406525,35.927331]]}},{"type":"Feature","properties":{"id":196233251,"highway":"residential"},"geometry":{"type":"LineString","coordinates":[[140.455057,35.931819],[140.455107,35.931838],[140.457544,35.932739],[140.457599,35.932759]]}},{"type":"Feature","properties":{"id":196233275,"highway":"residential"},"geometry":{"type":"LineString","coordinates":[[140.447396,35.926473],[140.448337,35.926567],[140.449216,35.926648]]}},{"type":"Feature","properties":{"id":196233276,"highway":"service"},"geometry":{"type":"LineString","coordinates":[[140.449438,35.942012],[140.449262,35.941766],[140.449151,35.94161]]}},{"type":"Feature","properties":{"id":196233283,"highway":"unclassified"},"geometry":{"type":"LineString","coordinates":[[140.402584,35.914054],[140.402686,35.914066],[140.402801,35.91406],[140.40289,35.91405],[140.403385,35.913978],[140.404285,35.913846],[140.405298,35.913697],[140.40579,35.913625],[140.405938,35.913593],[140.407264,35.913203],[140.408778,35.912773],[140.409052,35.912695],[140.409367,35.912605],[140.40949,35.912564],[140.409608,35.912524],[140.410789,35.912057],[140.411668,35.911721],[140.412378,35.911449],[140.412396,35.911443],[140.412461,35.911424],[140.412512,35.911424],[140.412554,35.911425],[140.414065,35.911453],[140.414143,35.911445],[140.414521,35.911375],[140.414988,35.911288],[140.415124,35.91127],[140.415332,35.91121],[140.416329,35.910874],[140.417698,35.910412],[140.417798,35.910376],[140.417869,35.910337]]}},{"type":"Feature","properties":{"id":196233286,"highway":"service"},"geometry":{"type":"LineString","coordinates":[[140.451023,35.919314],[140.451082,35.919334],[140.451143,35.919351],[140.451214,35.919368],[140.451266,35.919382],[140.451467,35.919632],[140.451502,35.919654],[140.451562,35.919679],[140.451634,35.919705],[140.45169,35.919747],[140.451752,35.919823],[140.452172,35.920332],[140.452232,35.920339],[140.452308,35.920349],[140.452765,35.920899],[140.452976,35.921153],[140.45297,35.92124],[140.452256,35.921607],[140.451931,35.9212],[140.45169,35.920898],[140.451742,35.920601],[140.451748,35.920545],[140.451336,35.92004],[140.451314,35.920013],[140.451288,35.919958],[140.451279,35.919907],[140.451261,35.919723],[140.451047,35.91946],[140.451022,35.919402],[140.451017,35.919361],[140.451023,35.919314],[140.450937,35.919117]]}},{"type":"Feature","properties":{"id":196233305,"highway":"service"},"geometry":{"type":"LineString","coordinates":[[140.452232,35.920339],[140.452189,35.920403],[140.451813,35.920597],[140.451742,35.920601]]}},{"type":"Feature","properties":{"id":196233340,"highway":"residential"},"geometry":{"type":"LineString","coordinates":[[140.428211,35.922181],[140.427499,35.923662],[140.427033,35.924637],[140.426514,35.925687],[140.426502,35.925734]]}},{"type":"Feature","properties":{"id":196233355,"highway":"residential"},"geometry":{"type":"LineString","coordinates":[[140.413927,35.924211],[140.413632,35.923806],[140.413598,35.923771],[140.413572,35.923757],[140.413548,35.923756],[140.413457,35.923772]]}},{"type":"Feature","properties":{"id":196233374,"highway":"residential"},"geometry":{"type":"LineString","coordinates":[[140.405956,35.927775],[140.405609,35.927795],[140.405542,35.927782],[140.405303,35.927692]]}},{"type":"Feature","properties":{"id":196233379,"highway":"residential"},"geometry":{"type":"LineString","coordinates":[[140.439163,35.917866],[140.438769,35.9176],[140.439241,35.916516],[140.439273,35.916462]]}},{"type":"Feature","properties":{"id":196233381,"highway":"residential"},"geometry":{"type":"LineString","coordinates":[[140.444727,35.923218],[140.44476,35.923153],[140.444891,35.923079],[140.444987,35.92297]]}},{"type":"Feature","properties":{"id":196233383,"highway":"residential"},"geometry":{"type":"LineString","coordinates":[[140.405944,35.927666],[140.406377,35.927607],[140.406416,35.927621],[140.40646,35.927735]]}},{"type":"Feature","properties":{"id":196233395,"highway":"residential"},"geometry":{"type":"LineString","coordinates":[[140.424997,35.911734],[140.425024,35.911777],[140.425007,35.911837],[140.424969,35.911885],[140.424859,35.911994],[140.424834,35.912039],[140.42483,35.912078],[140.424848,35.91211],[140.425476,35.912215],[140.426314,35.912355],[140.42639,35.912357],[140.426566,35.912332],[140.42671,35.912297],[140.42681,35.912257],[140.426854,35.912213],[140.426953,35.911944],[140.427381,35.911844],[140.427446,35.911839],[140.427527,35.911855],[140.42765,35.911888],[140.429538,35.912396],[140.430095,35.912537],[140.430656,35.912744],[140.430946,35.912874],[140.430903,35.913026],[140.431265,35.913131],[140.43304,35.913808],[140.434785,35.914476],[140.435595,35.914775],[140.436517,35.915129],[140.436577,35.915152],[140.436728,35.915229],[140.437832,35.915782],[140.43801,35.915865],[140.438131,35.915895],[140.438302,35.915923],[140.438419,35.915987],[140.438476,35.916019],[140.439273,35.916462],[140.439716,35.916708],[140.439771,35.91672],[140.43981,35.91673],[140.44002,35.916748]]}},{"type":"Feature","properties":{"id":196233398,"highway":"unclassified"},"geometry":{"type":"LineString","coordinates":[[140.40483,35.922159],[140.404833,35.922197],[140.404836,35.92223],[140.40486,35.92232],[140.404913,35.92241],[140.404972,35.922481],[140.404995,35.922508],[140.405877,35.923333],[140.405942,35.923415],[140.405975,35.923524],[140.405984,35.923611],[140.405957,35.923822],[140.40583,35.924626],[140.405821,35.92468],[140.405798,35.924827],[140.40579,35.924909],[140.405788,35.924982],[140.40581,35.925313],[140.405827,35.92558],[140.405829,35.925608],[140.405868,35.926218],[140.405872,35.926287],[140.405872,35.92631],[140.405876,35.926851],[140.405877,35.926871],[140.405909,35.92727],[140.405931,35.927547],[140.405944,35.927666],[140.405956,35.927775],[140.405982,35.928017],[140.406002,35.928394],[140.405995,35.928501],[140.405996,35.928859],[140.406011,35.929222],[140.406012,35.929382],[140.405995,35.929575],[140.406027,35.929985],[140.40604,35.930032],[140.405877,35.932977],[140.405888,35.933092],[140.407674,35.934429],[140.40771,35.934457],[140.409537,35.935844],[140.40966,35.935944],[140.40968,35.93596],[140.409743,35.936095]]}},{"type":"Feature","properties":{"id":196233404,"highway":"unclassified"},"geometry":{"type":"LineString","coordinates":[[140.433983,35.92619],[140.436453,35.92423],[140.438896,35.922294],[140.440646,35.920907],[140.441425,35.92029]]}},{"type":"Feature","properties":{"id":196233411,"highway":"unclassified"},"geometry":{"type":"LineString","coordinates":[[140.409846,35.93019],[140.409778,35.931434],[140.409724,35.932416],[140.40968,35.933221],[140.409537,35.935844]]}},{"type":"Feature","properties":{"id":196233417,"highway":"residential"},"geometry":{"type":"LineString","coordinates":[[140.448321,35.925328],[140.44809,35.925265],[140.447904,35.925227],[140.447689,35.925209],[140.447477,35.925205]]}},{"type":"Feature","properties":{"id":196233420,"highway":"service"},"geometry":{"type":"LineString","coordinates":[[140.458693,35.923419],[140.458409,35.923522],[140.458409,35.923571],[140.458421,35.923598],[140.45848,35.923727]]}},{"type":"Feature","properties":{"id":196233424,"highway":"residential"},"geometry":{"type":"LineString","coordinates":[[140.407264,35.913203],[140.407119,35.912799],[140.407059,35.912769],[140.406981,35.912723],[140.406858,35.91264]]}},{"type":"Feature","properties":{"id":196233466,"highway":"residential"},"geometry":{"type":"LineString","coordinates":[[140.449955,35.94117],[140.449855,35.941151],[140.449762,35.941139],[140.449686,35.941145],[140.449622,35.941157]]}},{"type":"Feature","properties":{"id":196233479,"highway":"unclassified"},"geometry":{"type":"LineString","coordinates":[[140.412811,35.910565],[140.412925,35.910619],[140.413286,35.910747],[140.41342,35.910756],[140.413612,35.910717],[140.414538,35.91055],[140.414714,35.910537],[140.415076,35.910511],[140.415187,35.910492],[140.415322,35.910447],[140.415606,35.91035],[140.416066,35.910234],[140.416154,35.910224],[140.416212,35.910233],[140.416246,35.910243],[140.416461,35.91035],[140.416523,35.910371],[140.416596,35.910376],[140.416955,35.910387],[140.417074,35.910378],[140.417474,35.910324],[140.417567,35.910319],[140.417666,35.910324],[140.417869,35.910337],[140.418131,35.910354],[140.419549,35.910447],[140.419741,35.910468],[140.419962,35.910499],[140.420136,35.910531],[140.421118,35.910839],[140.421252,35.910869],[140.422307,35.911075],[140.422392,35.911083],[140.422509,35.911081],[140.423067,35.911036],[140.423273,35.911028],[140.423474,35.91104],[140.423771,35.911085],[140.423916,35.911128],[140.424081,35.911175],[140.424107,35.911183],[140.424329,35.911201],[140.424547,35.911201],[140.424804,35.911179],[140.42508,35.911169],[140.425374,35.911205],[140.425734,35.911242],[140.426201,35.911301],[140.426498,35.911313],[140.426544,35.911314],[140.42691,35.911325],[140.427152,35.911331],[140.427511,35.911354],[140.42773,35.91135],[140.427832,35.911343],[140.42799,35.911319]]}},{"type":"Feature","properties":{"id":196233486,"highway":"service"},"geometry":{"type":"LineString","coordinates":[[140.409578,35.932212],[140.409483,35.932209],[140.408892,35.932193],[140.408885,35.932357],[140.409476,35.932373],[140.409483,35.932209]]}},{"type":"Feature","properties":{"id":196233509,"highway":"service"},"geometry":{"type":"LineString","coordinates":[[140.449148,35.927161],[140.449045,35.927369],[140.448992,35.927419],[140.448931,35.927459],[140.448849,35.927481],[140.448775,35.927537]]}},{"type":"Feature","properties":{"id":196233511,"highway":"residential"},"geometry":{"type":"LineString","coordinates":[[140.426314,35.912355],[140.426407,35.912113],[140.426426,35.912056],[140.426476,35.911663],[140.426498,35.911545],[140.426544,35.911314]]}},{"type":"Feature","properties":{"id":196233517,"highway":"residential"},"geometry":{"type":"LineString","coordinates":[[140.399877,35.912524],[140.400373,35.912591],[140.401469,35.912656],[140.401995,35.912668],[140.402437,35.912684],[140.403252,35.912654]]}},{"type":"Feature","properties":{"id":196233518,"highway":"residential"},"geometry":{"type":"LineString","coordinates":[[140.416543,35.930408],[140.416546,35.9303],[140.415761,35.928019],[140.415674,35.928042],[140.41488,35.928278],[140.413724,35.928609],[140.413097,35.928788]]}},{"type":"Feature","properties":{"id":196233526,"highway":"unclassified"},"geometry":{"type":"LineString","coordinates":[[140.398983,35.923607],[140.402686,35.923741],[140.403635,35.923776],[140.404887,35.923821],[140.405217,35.923833],[140.405495,35.923859],[140.405647,35.923867],[140.405957,35.923822],[140.40647,35.923753],[140.40655,35.923732],[140.406675,35.923659],[140.406844,35.923541],[140.406942,35.923482],[140.407225,35.923343],[140.407473,35.923233],[140.408066,35.923013],[140.408283,35.922945],[140.408643,35.922868],[140.408783,35.922839],[140.409023,35.922765],[140.409156,35.922716],[140.409268,35.922668],[140.409806,35.92237],[140.410281,35.922067],[140.410384,35.92199],[140.410506,35.921877],[140.410553,35.921819],[140.411129,35.920983],[140.41121,35.920921],[140.411289,35.920867],[140.411389,35.920908],[140.412178,35.921344],[140.412198,35.921355],[140.413826,35.922236],[140.414493,35.922592],[140.414579,35.922608],[140.414637,35.922616],[140.41471,35.922614],[140.414811,35.922606],[140.4149,35.922582],[140.414972,35.922558],[140.415801,35.922075],[140.415886,35.922034],[140.415968,35.922018],[140.416022,35.922019],[140.416123,35.922015],[140.41622,35.922025],[140.417852,35.922404],[140.419737,35.922856],[140.41978,35.922866],[140.421618,35.923296],[140.423049,35.92362],[140.423122,35.923626],[140.423187,35.923627],[140.423254,35.92362],[140.423319,35.923605],[140.42348,35.923557],[140.423565,35.923533],[140.423726,35.923476],[140.423826,35.923435],[140.424026,35.923339],[140.424894,35.922806],[140.42543,35.922476],[140.425706,35.922314],[140.425898,35.922246],[140.426086,35.922212],[140.426205,35.922199],[140.426376,35.922191],[140.427331,35.922176],[140.428127,35.922176],[140.428211,35.922181],[140.428311,35.922191],[140.428707,35.922286],[140.428763,35.922299]]}},{"type":"Feature","properties":{"id":196233530,"highway":"unclassified"},"geometry":{"type":"LineString","coordinates":[[140.436495,35.915179],[140.436227,35.915775],[140.435751,35.916831],[140.434672,35.91923],[140.434038,35.920637],[140.433985,35.920681],[140.433909,35.920692]]}},{"type":"Feature","properties":{"id":196233576,"highway":"residential"},"geometry":{"type":"LineString","coordinates":[[140.448126,35.942037],[140.449151,35.94161],[140.449428,35.941495],[140.449541,35.941484],[140.449584,35.941494],[140.449728,35.941527],[140.449844,35.94155]]}},{"type":"Feature","properties":{"id":196233583,"highway":"residential"},"geometry":{"type":"LineString","coordinates":[[140.44762,35.924545],[140.447144,35.924329],[140.447035,35.924218],[140.446969,35.924121],[140.446967,35.923766],[140.446927,35.923706],[140.446208,35.923318]]}},{"type":"Feature","properties":{"id":196233588,"highway":"service"},"geometry":{"type":"LineString","coordinates":[[140.409724,35.932416],[140.409621,35.932399],[140.409572,35.932359],[140.409578,35.932212],[140.409606,35.931573],[140.409637,35.931516],[140.409778,35.931434]]}},{"type":"Feature","properties":{"id":196233594,"highway":"service"},"geometry":{"type":"LineString","coordinates":[[140.452732,35.921236],[140.452664,35.921147],[140.452643,35.92109],[140.452643,35.921018],[140.452643,35.920973],[140.45264,35.920923],[140.452605,35.920858]]}},{"type":"Feature","properties":{"id":196233603,"highway":"residential"},"geometry":{"type":"LineString","coordinates":[[140.407059,35.912769],[140.407215,35.912585],[140.407258,35.912496],[140.407299,35.912418],[140.407318,35.912355],[140.40732,35.912304],[140.407292,35.91225]]}},{"type":"Feature","properties":{"id":196233613,"highway":"service"},"geometry":{"type":"LineString","coordinates":[[140.45251,35.921291],[140.452451,35.921214],[140.452395,35.9212],[140.45233,35.921193],[140.452248,35.921183],[140.452189,35.921157],[140.452127,35.921097],[140.451931,35.9212]]}},{"type":"Feature","properties":{"id":196233617,"highway":"residential"},"geometry":{"type":"LineString","coordinates":[[140.413632,35.923806],[140.413963,35.923698],[140.414007,35.923671],[140.41409,35.923625],[140.41416,35.923566],[140.414797,35.922882],[140.414972,35.922558]]}},{"type":"Feature","properties":{"id":196233628,"highway":"residential"},"geometry":{"type":"LineString","coordinates":[[140.449584,35.941494],[140.449619,35.941407],[140.44968,35.941327],[140.449751,35.941263],[140.449743,35.941241],[140.449622,35.941157],[140.44963,35.94113],[140.449289,35.940871]]}},{"type":"Feature","properties":{"id":196233629,"highway":"residential"},"geometry":{"type":"LineString","coordinates":[[140.454985,35.931902],[140.454946,35.931874],[140.454647,35.931664],[140.452995,35.930274],[140.452182,35.929582],[140.452137,35.929539],[140.452097,35.929479],[140.452073,35.929403],[140.452026,35.929154]]}},{"type":"Feature","properties":{"id":196233632,"highway":"residential"},"geometry":{"type":"LineString","coordinates":[[140.412396,35.911443],[140.412445,35.911063],[140.412502,35.910976],[140.412563,35.910894],[140.412628,35.910831],[140.412673,35.910776],[140.412696,35.910709],[140.412701,35.910686]]}},{"type":"Feature","properties":{"id":196233634,"highway":"residential"},"geometry":{"type":"LineString","coordinates":[[140.450749,35.928513],[140.450321,35.928573],[140.450068,35.928612],[140.448533,35.928895],[140.448487,35.928893],[140.448442,35.928878],[140.448425,35.928854],[140.448402,35.928812],[140.448325,35.928502],[140.448307,35.928455],[140.447962,35.927526],[140.44776,35.927005],[140.447675,35.926792],[140.447651,35.926774],[140.447353,35.926505]]}},{"type":"Feature","properties":{"id":196233641,"highway":"residential"},"geometry":{"type":"LineString","coordinates":[[140.44776,35.927005],[140.44814,35.927022],[140.448277,35.927039],[140.4486,35.927112],[140.449021,35.927129],[140.449148,35.927161],[140.449285,35.927204],[140.449417,35.927209],[140.449481,35.92719]]}},{"type":"Feature","properties":{"id":196233646,"highway":"residential"},"geometry":{"type":"LineString","coordinates":[[140.450666,35.927613],[140.450023,35.926838],[140.449411,35.92597],[140.448895,35.925226],[140.448797,35.925057],[140.448746,35.9249],[140.448732,35.924816],[140.448779,35.923932]]}},{"type":"Feature","properties":{"id":196233649,"highway":"unclassified"},"geometry":{"type":"LineString","coordinates":[[140.399473,35.913297],[140.399985,35.913308],[140.400119,35.91331],[140.400221,35.91332],[140.400345,35.913343],[140.400445,35.913366],[140.400613,35.913417],[140.401278,35.913662],[140.401682,35.913811]]}},{"type":"Feature","properties":{"id":196233658,"highway":"residential"},"geometry":{"type":"LineString","coordinates":[[140.42773,35.91135],[140.427813,35.911383],[140.428046,35.911451],[140.42958,35.912007],[140.429866,35.912125],[140.430169,35.912259],[140.430249,35.912263],[140.430355,35.912286]]}},{"type":"Feature","properties":{"id":196233661,"highway":"residential"},"geometry":{"type":"LineString","coordinates":[[140.417816,35.923054],[140.418764,35.92306],[140.418791,35.923066],[140.418805,35.923075],[140.418807,35.923094],[140.418799,35.923336],[140.418802,35.923347],[140.41882,35.923358],[140.419556,35.923359],[140.419704,35.923356],[140.419751,35.923321],[140.419772,35.923292],[140.419781,35.923246],[140.419772,35.923087],[140.41978,35.922866]]}},{"type":"Feature","properties":{"id":196233671,"highway":"trunk"},"geometry":{"type":"LineString","coordinates":[[140.424248,35.934887],[140.422984,35.934271],[140.421345,35.933478],[140.421152,35.933395],[140.421022,35.933329],[140.420825,35.933261],[140.420645,35.933199],[140.420427,35.933141],[140.420148,35.933088],[140.419952,35.933067],[140.419761,35.93306],[140.419445,35.93306],[140.419201,35.933074],[140.419012,35.933104],[140.418834,35.933141],[140.418633,35.933193],[140.418416,35.933259],[140.418219,35.933332],[140.418014,35.933419],[140.416608,35.93405],[140.414384,35.935064],[140.41216,35.936075],[140.411426,35.936401],[140.411071,35.936532],[140.410766,35.936626],[140.41046,35.936704],[140.410222,35.936762],[140.410053,35.936797],[140.409975,35.936811],[140.409908,35.936823],[140.409841,35.936832],[140.409742,35.936846],[140.407467,35.937133],[140.406171,35.937304],[140.405115,35.937432],[140.402852,35.937724],[140.401799,35.937864],[140.401636,35.937893],[140.401001,35.938031],[140.40092,35.938048],[140.400847,35.938063],[140.400735,35.938088],[140.399287,35.938401],[140.399229,35.938412],[140.399089,35.938438],[140.398978,35.938455],[140.397816,35.938596],[140.397521,35.93863],[140.396371,35.938757],[140.396277,35.938768],[140.39513,35.938903],[140.394615,35.93896],[140.393851,35.939039]]}},{"type":"Feature","properties":{"id":196233674,"highway":"trunk"},"geometry":{"type":"LineString","coordinates":[[140.446163,35.943544],[140.446098,35.943592],[140.445997,35.943663],[140.445905,35.943724],[140.445771,35.94381],[140.445585,35.943916],[140.445401,35.944009],[140.445152,35.944123],[140.445041,35.944169]]}},{"type":"Feature","properties":{"id":285632690,"highway":"service"},"geometry":{"type":"LineString","coordinates":[[140.495376,35.904438],[140.495819,35.90414]]}},{"type":"Feature","properties":{"id":285632691,"highway":"unclassified"},"geometry":{"type":"LineString","coordinates":[[140.49812,35.900093],[140.498787,35.900766],[140.498947,35.900937],[140.498533,35.901207]]}},{"type":"Feature","properties":{"id":285632692,"highway":"residential"},"geometry":{"type":"LineString","coordinates":[[140.49427,35.904519],[140.493962,35.904335],[140.494506,35.903743],[140.494784,35.903917],[140.494737,35.904039]]}},{"type":"Feature","properties":{"id":285632693,"highway":"residential"},"geometry":{"type":"LineString","coordinates":[[140.495597,35.904685],[140.495577,35.904643],[140.495376,35.904438],[140.495144,35.90419],[140.495109,35.904152]]}},{"type":"Feature","properties":{"id":285632694,"highway":"residential"},"geometry":{"type":"LineString","coordinates":[[140.495041,35.904365],[140.495065,35.90448],[140.495422,35.904765],[140.495597,35.904685],[140.495774,35.904686],[140.495851,35.90474]]}},{"type":"Feature","properties":{"id":285634539,"highway":"residential"},"geometry":{"type":"LineString","coordinates":[[140.495664,35.901409],[140.495213,35.90183],[140.494847,35.902171]]}},{"type":"Feature","properties":{"id":285634540,"highway":"residential"},"geometry":{"type":"LineString","coordinates":[[140.494709,35.90208],[140.495078,35.901735],[140.495531,35.901312]]}},{"type":"Feature","properties":{"id":312926919,"highway":"trunk"},"geometry":{"type":"LineString","coordinates":[[140.482024,35.986463],[140.481836,35.986542]]}},{"type":"Feature","properties":{"id":312926920,"highway":"unclassified"},"geometry":{"type":"LineString","coordinates":[[140.481743,35.984112],[140.481968,35.984169]]}},{"type":"Feature","properties":{"id":312926921,"highway":"tertiary"},"geometry":{"type":"LineString","coordinates":[[140.482055,35.987575],[140.48246,35.987374],[140.482507,35.98735],[140.482608,35.9873],[140.482702,35.98726],[140.48276,35.987243],[140.482832,35.987222]]}},{"type":"Feature","properties":{"id":312926923,"highway":"unclassified"},"geometry":{"type":"LineString","coordinates":[[140.481968,35.984169],[140.482004,35.984176],[140.482085,35.984161],[140.482152,35.984135],[140.482269,35.984105],[140.48244,35.984159],[140.482848,35.984338],[140.483327,35.984549],[140.483516,35.984596],[140.483784,35.984617],[140.484206,35.984602],[140.485008,35.98451]]}},{"type":"Feature","properties":{"id":325708053,"highway":"tertiary"},"geometry":{"type":"LineString","coordinates":[[140.486493,35.927115],[140.486387,35.927121],[140.486004,35.927564],[140.485671,35.927987],[140.485612,35.928062],[140.484656,35.929273],[140.48462,35.929318],[140.484015,35.930084],[140.484006,35.930096],[140.483971,35.930141],[140.483927,35.930192]]}},{"type":"Feature","properties":{"id":325708056,"highway":"primary"},"geometry":{"type":"LineString","coordinates":[[140.483882,35.92554],[140.485047,35.926053],[140.485387,35.926236],[140.485645,35.926394],[140.485873,35.926551],[140.486034,35.926668],[140.486174,35.926773],[140.48623,35.926819],[140.486324,35.926932],[140.486403,35.927042],[140.486493,35.927115]]}},{"type":"Feature","properties":{"id":325840985,"highway":"primary"},"geometry":{"type":"LineString","coordinates":[[140.501981,36.017104],[140.50193,36.016993],[140.501867,36.016871],[140.501767,36.01667],[140.501713,36.016489],[140.501645,36.016045],[140.501614,36.015801],[140.501543,36.015177],[140.501522,36.014992],[140.501562,36.014558],[140.501634,36.014197],[140.501722,36.01384],[140.501764,36.013679],[140.501814,36.01353],[140.50194,36.013278],[140.50205,36.013126],[140.502155,36.013013],[140.502745,36.01241],[140.502847,36.012305],[140.502917,36.012197],[140.503142,36.011671],[140.503508,36.010812],[140.503555,36.01068],[140.503573,36.010559],[140.503568,36.010461],[140.503542,36.010307],[140.50334,36.009513],[140.503285,36.009366],[140.503206,36.009199],[140.503104,36.009049],[140.503011,36.008942],[140.502499,36.008343],[140.501841,36.007722],[140.501346,36.007177],[140.500983,36.006532],[140.500645,36.005769],[140.500327,36.005256],[140.499986,36.004922],[140.49959,36.004278],[140.499262,36.00376],[140.499031,36.003393],[140.498807,36.002945],[140.498671,36.002665],[140.49855,36.002415],[140.49845,36.002034],[140.498417,36.001909],[140.498217,36.001485],[140.497948,36.00118],[140.497744,36.000858],[140.497693,36.000677],[140.497671,36.000502],[140.497718,36.00012],[140.497718,35.999957],[140.497695,35.999827],[140.497642,35.999689],[140.497342,35.99917],[140.497239,35.999018],[140.497117,35.998874],[140.497024,35.998797],[140.496908,35.998717],[140.496717,35.998609],[140.496604,35.998559],[140.496343,35.998436],[140.496036,35.998269],[140.495643,35.998034],[140.495105,35.997612],[140.49487,35.997436],[140.494693,35.997312],[140.494527,35.997196],[140.494031,35.996938],[140.493743,35.996789],[140.493616,35.996698],[140.493437,35.996538],[140.493084,35.996133],[140.492548,35.995513],[140.492281,35.995202],[140.492077,35.995001],[140.49183,35.994777],[140.49162,35.994621],[140.491294,35.994432],[140.490877,35.994206],[140.490746,35.99412],[140.490556,35.993952],[140.490369,35.993777],[140.490235,35.993597],[140.490151,35.99343],[140.490062,35.993298],[140.489744,35.992169],[140.489635,35.991829],[140.489326,35.991396],[140.48918,35.991275],[140.488755,35.990926],[140.488368,35.99056],[140.488224,35.990396],[140.488126,35.990254],[140.488058,35.990169],[140.487935,35.989905],[140.487861,35.989589],[140.487754,35.988733],[140.487672,35.988084],[140.48759,35.987494],[140.487552,35.987386],[140.48752,35.987297],[140.487236,35.986735],[140.486913,35.986057],[140.486792,35.985799],[140.486766,35.985734],[140.486723,35.985629]]}},{"type":"Feature","properties":{"id":326844027,"highway":"trunk"},"geometry":{"type":"LineString","coordinates":[[140.491554,35.900468],[140.491706,35.900483],[140.491916,35.900441],[140.492106,35.900396],[140.492766,35.900199]]}},{"type":"Feature","properties":{"id":326844709,"highway":"trunk"},"geometry":{"type":"LineString","coordinates":[[140.486388,35.900063],[140.48666,35.900323],[140.488034,35.901654]]}},{"type":"Feature","properties":{"id":326844714,"highway":"trunk"},"geometry":{"type":"LineString","coordinates":[[140.4862,35.899887],[140.486388,35.900063]]}},{"type":"Feature","properties":{"id":326844716,"highway":"trunk"},"geometry":{"type":"LineString","coordinates":[[140.490633,35.91327],[140.490431,35.913632]]}},{"type":"Feature","properties":{"id":326844718,"highway":"unclassified"},"geometry":{"type":"LineString","coordinates":[[140.48695,35.90031],[140.486977,35.900292],[140.487967,35.899656]]}},{"type":"Feature","properties":{"id":326844720,"highway":"trunk_link"},"geometry":{"type":"LineString","coordinates":[[140.48666,35.900323],[140.486788,35.900539],[140.487645,35.90144],[140.487975,35.901743],[140.488084,35.901845]]}},{"type":"Feature","properties":{"id":326844721,"highway":"unclassified"},"geometry":{"type":"LineString","coordinates":[[140.48666,35.900549],[140.48695,35.90031]]}},{"type":"Feature","properties":{"id":377167130,"highway":"trunk"},"geometry":{"type":"LineString","coordinates":[[140.482551,35.925054],[140.482594,35.924872],[140.482686,35.92449],[140.482794,35.924034],[140.48302,35.923085],[140.483042,35.922986],[140.48319,35.922347],[140.483459,35.921214]]}},{"type":"Feature","properties":{"id":377167131,"highway":"trunk"},"geometry":{"type":"LineString","coordinates":[[140.501181,35.949805],[140.501147,35.949784],[140.49952,35.948723],[140.498772,35.948231],[140.498185,35.947842]]}},{"type":"Feature","properties":{"id":393241782,"highway":"primary"},"geometry":{"type":"LineString","coordinates":[[140.490129,35.903719],[140.490235,35.903688],[140.490294,35.903672],[140.490396,35.903664],[140.490506,35.90368],[140.490681,35.903725],[140.490895,35.903803],[140.491121,35.90388],[140.491377,35.903941],[140.491572,35.90397],[140.491751,35.903987],[140.492352,35.904025],[140.492699,35.904041],[140.492823,35.904043],[140.492875,35.90404],[140.49295,35.904025],[140.493017,35.904009]]}},{"type":"Feature","properties":{"id":393241783,"highway":"trunk"},"geometry":{"type":"LineString","coordinates":[[140.488661,35.896303],[140.488901,35.896611],[140.489403,35.897386],[140.489629,35.897694],[140.489767,35.897881],[140.490509,35.898883],[140.491038,35.899631],[140.491365,35.900095],[140.491488,35.900345],[140.491554,35.900468]]}},{"type":"Feature","properties":{"id":397205985,"highway":"trunk"},"geometry":{"type":"LineString","coordinates":[[140.486534,35.90318],[140.48665,35.902989],[140.486727,35.902881],[140.486822,35.902774]]}},{"type":"Feature","properties":{"id":397205991,"highway":"trunk"},"geometry":{"type":"LineString","coordinates":[[140.490129,35.903719],[140.490008,35.903531],[140.489862,35.903324],[140.489699,35.903126],[140.489531,35.902962]]}},{"type":"Feature","properties":{"id":397206014,"highway":"trunk"},"geometry":{"type":"LineString","coordinates":[[140.491207,35.911104],[140.4912,35.910941],[140.491181,35.910719],[140.490944,35.908617],[140.490673,35.906279],[140.490506,35.904877],[140.490484,35.90471],[140.490465,35.904583],[140.490437,35.904468],[140.49041,35.904377],[140.490363,35.904233]]}},{"type":"Feature","properties":{"id":397206015,"highway":"trunk_link"},"geometry":{"type":"LineString","coordinates":[[140.488929,35.902621],[140.489158,35.902835]]}},{"type":"Feature","properties":{"id":397206016,"highway":"trunk_link"},"geometry":{"type":"LineString","coordinates":[[140.489329,35.902707],[140.489106,35.902466]]}},{"type":"Feature","properties":{"id":397206035,"highway":"unclassified"},"geometry":{"type":"LineString","coordinates":[[140.489329,35.902782],[140.489367,35.902753],[140.489425,35.902675]]}},{"type":"Feature","properties":{"id":407829385,"highway":"trunk"},"geometry":{"type":"LineString","coordinates":[[140.48176,35.924907],[140.47942,35.924558],[140.479377,35.924551],[140.478737,35.924454],[140.478319,35.92439],[140.475968,35.924031],[140.473801,35.923702],[140.472572,35.923516],[140.471265,35.923315],[140.470232,35.923156],[140.469648,35.923066],[140.469211,35.923006],[140.468879,35.922984]]}},{"type":"Feature","properties":{"id":407829386,"highway":"trunk"},"geometry":{"type":"LineString","coordinates":[[140.467517,35.923189],[140.467319,35.923261],[140.467134,35.923344],[140.466799,35.923528],[140.466757,35.923551],[140.46556,35.924228]]}},{"type":"Feature","properties":{"id":407829387,"highway":"unclassified"},"geometry":{"type":"LineString","coordinates":[[140.397948,35.98528],[140.398446,35.986123],[140.400101,35.988987],[140.400158,35.9891]]}},{"type":"Feature","properties":{"id":407829388,"highway":"unclassified"},"geometry":{"type":"LineString","coordinates":[[140.397948,35.98528],[140.398267,35.985153],[140.398323,35.985083],[140.39856,35.984798],[140.400645,35.984121],[140.400908,35.984085],[140.401331,35.984116],[140.402115,35.984198],[140.402683,35.984226],[140.403126,35.98421],[140.403576,35.98415],[140.403954,35.984061],[140.404134,35.984028]]}},{"type":"Feature","properties":{"id":407829390,"highway":"tertiary"},"geometry":{"type":"LineString","coordinates":[[140.462763,35.956235],[140.462684,35.956292]]}},{"type":"Feature","properties":{"id":407829395,"highway":"unclassified"},"geometry":{"type":"LineString","coordinates":[[140.407204,35.990228],[140.409647,35.989697],[140.409776,35.989684],[140.409858,35.989682],[140.410212,35.989632],[140.410694,35.98955],[140.411721,35.989372],[140.41184,35.98935],[140.412197,35.989264],[140.412565,35.989003],[140.413781,35.988121],[140.415201,35.987298],[140.415338,35.987199],[140.41542,35.987122],[140.415702,35.986892],[140.415995,35.986637],[140.416153,35.986532],[140.416241,35.986466],[140.416375,35.986402],[140.416619,35.986283],[140.417056,35.986108],[140.41796,35.985783],[140.419207,35.985365],[140.419351,35.985299],[140.419569,35.985198],[140.419949,35.985013],[140.420183,35.984925],[140.421314,35.984591],[140.422018,35.984405],[140.422647,35.984309],[140.423508,35.984149],[140.423645,35.984118],[140.423998,35.98402],[140.425732,35.983564],[140.425877,35.983509],[140.426654,35.983165],[140.428121,35.982718],[140.428479,35.982586],[140.430091,35.981993],[140.431369,35.981664],[140.431978,35.981455],[140.43218,35.981386],[140.432921,35.981243],[140.433415,35.981148],[140.43395,35.980896],[140.434425,35.98075],[140.434616,35.980684],[140.434956,35.980566],[140.435174,35.980535],[140.436369,35.980362],[140.43726,35.980191],[140.43778,35.979982],[140.439572,35.979117],[140.441608,35.978056],[140.441895,35.977922],[140.442487,35.977819],[140.443113,35.97772],[140.44397,35.97751],[140.445021,35.977358],[140.445635,35.977313],[140.446852,35.977201],[140.447787,35.977004],[140.448484,35.97678],[140.448743,35.976643],[140.44917,35.976418],[140.449608,35.975922],[140.450064,35.975424],[140.450243,35.975188],[140.450297,35.975],[140.450277,35.97478],[140.450223,35.974636],[140.450002,35.974386],[140.449628,35.97412],[140.44922,35.973969],[140.448371,35.973756],[140.448017,35.973721],[140.447892,35.973795],[140.447796,35.973909],[140.447818,35.974253],[140.447892,35.974883],[140.447855,35.975099],[140.447784,35.975225],[140.447535,35.975392],[140.447207,35.975422],[140.446354,35.975296],[140.445734,35.975053],[140.445381,35.974782],[140.445116,35.974517],[140.444943,35.974241],[140.444833,35.974042],[140.444754,35.973861],[140.44466,35.973374],[140.444668,35.972684],[140.444747,35.972033],[140.444745,35.971739],[140.444674,35.97162]]}},{"type":"Feature","properties":{"id":407829396,"highway":"unclassified"},"geometry":{"type":"LineString","coordinates":[[140.442022,35.972147],[140.442767,35.97194],[140.443277,35.971797],[140.443376,35.971781],[140.443469,35.971776],[140.444056,35.971769],[140.444307,35.971755],[140.444484,35.971746],[140.444601,35.971688],[140.444674,35.97162]]}},{"type":"Feature","properties":{"id":420077890,"highway":"residential"},"geometry":{"type":"LineString","coordinates":[[140.448175,35.976429],[140.447845,35.976489],[140.44762,35.976508]]}},{"type":"Feature","properties":{"id":420077891,"highway":"residential"},"geometry":{"type":"LineString","coordinates":[[140.44718,35.97575],[140.447138,35.97564],[140.446787,35.975677]]}},{"type":"Feature","properties":{"id":420078296,"highway":"residential"},"geometry":{"type":"LineString","coordinates":[[140.445147,35.974935],[140.445381,35.974782]]}},{"type":"Feature","properties":{"id":425924297,"highway":"unclassified"},"geometry":{"type":"LineString","coordinates":[[140.500741,35.961548],[140.499841,35.961529],[140.499516,35.961471],[140.499294,35.961266],[140.499092,35.960671],[140.498884,35.9597],[140.498389,35.957385],[140.4982,35.957],[140.497963,35.956744]]}},{"type":"Feature","properties":{"id":425924299,"highway":"unclassified"},"geometry":{"type":"LineString","coordinates":[[140.462763,35.956235],[140.462791,35.956269],[140.462879,35.956375],[140.462937,35.956418],[140.463048,35.956464],[140.463198,35.956508],[140.463523,35.956574],[140.468414,35.957521],[140.474651,35.958731],[140.474788,35.958752],[140.474912,35.958763],[140.475054,35.95876],[140.475195,35.958748],[140.475313,35.95873],[140.483094,35.957338],[140.483213,35.957303],[140.48335,35.957248],[140.483463,35.957175],[140.483623,35.957055],[140.487694,35.954104],[140.488142,35.953778],[140.489523,35.952776],[140.489584,35.95274],[140.489653,35.952715],[140.489842,35.952692],[140.490205,35.952791],[140.494197,35.954732],[140.495779,35.955498],[140.497558,35.956361],[140.497701,35.956461],[140.497845,35.956572],[140.497963,35.956744]]}},{"type":"Feature","properties":{"id":439360438,"highway":"trunk"},"geometry":{"type":"LineString","coordinates":[[140.48928,35.902737],[140.489051,35.902517]]}},{"type":"Feature","properties":{"id":439372244,"highway":"trunk"},"geometry":{"type":"LineString","coordinates":[[140.484026,35.985759],[140.483891,35.985782],[140.483757,35.985806],[140.483617,35.985836],[140.48339,35.985895],[140.48327,35.985932],[140.483156,35.985972],[140.482911,35.986065]]}},{"type":"Feature","properties":{"id":445267386,"highway":"unclassified"},"geometry":{"type":"LineString","coordinates":[[140.457955,35.960167],[140.457891,35.960095],[140.45756,35.959699],[140.457202,35.959229],[140.457156,35.959146]]}},{"type":"Feature","properties":{"id":462909850,"highway":"unclassified"},"geometry":{"type":"LineString","coordinates":[[140.399868,35.906317],[140.400037,35.906295]]}},{"type":"Feature","properties":{"id":462912049,"highway":"unclassified"},"geometry":{"type":"LineString","coordinates":[[140.489346,35.906423],[140.489389,35.906415],[140.489499,35.906393],[140.489596,35.906363],[140.489769,35.906288],[140.489954,35.906207],[140.490087,35.906146],[140.490202,35.906095],[140.490284,35.906066],[140.490323,35.906058]]}},{"type":"Feature","properties":{"id":462912050,"highway":"unclassified"},"geometry":{"type":"LineString","coordinates":[[140.487255,35.906734],[140.487387,35.906729],[140.48754,35.906717],[140.487805,35.906684],[140.488836,35.906511],[140.48899,35.906483]]}},{"type":"Feature","properties":{"id":462912056,"highway":"residential"},"geometry":{"type":"LineString","coordinates":[[140.401649,35.904731],[140.401615,35.904605],[140.401474,35.904092],[140.401458,35.904036]]}},{"type":"Feature","properties":{"id":462912057,"highway":"tertiary"},"geometry":{"type":"LineString","coordinates":[[140.401458,35.904036],[140.401527,35.904017],[140.401572,35.904005]]}},{"type":"Feature","properties":{"id":468008445,"highway":"trunk"},"geometry":{"type":"LineString","coordinates":[[140.489531,35.902962],[140.489329,35.902782],[140.48928,35.902737]]}},{"type":"Feature","properties":{"id":468008448,"highway":"trunk"},"geometry":{"type":"LineString","coordinates":[[140.48921,35.902795],[140.489255,35.902839],[140.489582,35.90318]]}},{"type":"Feature","properties":{"id":470884327,"highway":"trunk"},"geometry":{"type":"LineString","coordinates":[[140.478973,35.988542],[140.478578,35.988893],[140.478004,35.989401],[140.477951,35.989446],[140.477916,35.989479],[140.477741,35.989636],[140.477501,35.989847],[140.477375,35.989962],[140.477098,35.990253],[140.476931,35.990447],[140.476801,35.990605],[140.476777,35.990638],[140.476205,35.991446],[140.475943,35.991804],[140.475824,35.991943],[140.475722,35.992045],[140.475068,35.992699],[140.47412,35.993636],[140.473933,35.993845],[140.473814,35.993993],[140.473696,35.994169],[140.473575,35.994379],[140.47352,35.994501],[140.473371,35.994953],[140.473327,35.995103],[140.473238,35.995418],[140.473002,35.996252],[140.472902,35.996608],[140.472768,35.997089],[140.472575,35.997787],[140.472446,35.998249],[140.472309,35.998723],[140.472186,35.9992],[140.472142,35.999412],[140.472111,35.9996],[140.472083,35.999794],[140.472056,36.000106],[140.472048,36.00019],[140.472039,36.000286],[140.472009,36.00062],[140.471962,36.001196],[140.47195,36.001359],[140.471927,36.001662],[140.471892,36.002067],[140.471845,36.002572],[140.471829,36.00268],[140.471808,36.002821],[140.471747,36.003041],[140.471695,36.003216],[140.471638,36.003417],[140.471619,36.003477],[140.471527,36.003794],[140.471426,36.004118],[140.471337,36.004424],[140.471155,36.005009],[140.470972,36.005632],[140.470817,36.00617],[140.470713,36.006505],[140.470517,36.007142],[140.470442,36.007424],[140.470347,36.007793],[140.470274,36.008161],[140.470264,36.00821],[140.470208,36.008607],[140.470176,36.008794],[140.469983,36.009933],[140.469812,36.010991],[140.469723,36.011536],[140.469625,36.012141],[140.469561,36.012487],[140.469427,36.013059],[140.469401,36.01317],[140.469289,36.013671],[140.469191,36.014102],[140.469151,36.014271],[140.469118,36.014371],[140.469056,36.014509],[140.468993,36.014641],[140.468968,36.014688],[140.468935,36.01475],[140.468551,36.015479],[140.468341,36.015878],[140.468291,36.015972],[140.468222,36.016107],[140.468095,36.016357],[140.467877,36.01688],[140.467708,36.017325],[140.467615,36.017622]]}},{"type":"Feature","properties":{"id":474542960,"highway":"residential"},"geometry":{"type":"LineString","coordinates":[[140.400961,35.907516],[140.401024,35.907384]]}},{"type":"Feature","properties":{"id":516737981,"highway":"primary"},"geometry":{"type":"LineString","coordinates":[[140.475905,35.917053],[140.476291,35.916874],[140.476766,35.916646],[140.477573,35.916236],[140.478106,35.915964],[140.4786,35.915705],[140.479287,35.915355],[140.479906,35.915039],[140.479926,35.915028],[140.480623,35.914662],[140.48135,35.914294],[140.481725,35.914102],[140.482272,35.913837],[140.483035,35.91349],[140.483819,35.913145],[140.483832,35.91314],[140.484863,35.912716],[140.485177,35.912593],[140.4856,35.912436],[140.485938,35.912319],[140.486213,35.912231],[140.486789,35.912041],[140.487369,35.911872],[140.487901,35.911747],[140.488269,35.911674],[140.488622,35.911616],[140.4893,35.911505],[140.490043,35.911387],[140.490177,35.911372],[140.490351,35.911378],[140.490571,35.911399],[140.49067,35.911407],[140.490763,35.911413],[140.490852,35.911416],[140.490955,35.911408],[140.491308,35.91137],[140.491627,35.911329],[140.491787,35.911305],[140.493109,35.911094],[140.493591,35.911027],[140.493895,35.91097],[140.493994,35.910955],[140.494069,35.910955]]}},{"type":"Feature","properties":{"id":516764524,"highway":"unclassified"},"geometry":{"type":"LineString","coordinates":[[140.490323,35.906058],[140.490733,35.90599]]}},{"type":"Feature","properties":{"id":516764544,"highway":"unclassified"},"geometry":{"type":"LineString","coordinates":[[140.490733,35.90599],[140.490825,35.905975],[140.490908,35.905966],[140.491002,35.905967],[140.491101,35.90598],[140.491175,35.905992],[140.491252,35.905997],[140.491335,35.905996],[140.491523,35.905976],[140.492581,35.905765],[140.492749,35.90575],[140.492866,35.905744],[140.493011,35.90574],[140.493101,35.905731],[140.493317,35.905675]]}},{"type":"Feature","properties":{"id":550588922,"highway":"residential"},"geometry":{"type":"LineString","coordinates":[[140.483926,35.900103],[140.483931,35.900261],[140.483892,35.90043],[140.483805,35.900683],[140.48374,35.900911]]}},{"type":"Feature","properties":{"id":554508286,"highway":"service"},"geometry":{"type":"LineString","coordinates":[[140.498332,35.904513],[140.498382,35.904438],[140.498429,35.904353],[140.498487,35.904245],[140.498528,35.904156],[140.498566,35.904077],[140.4986,35.904003],[140.498668,35.90387],[140.498736,35.903782],[140.498834,35.903716],[140.49895,35.903656],[140.499066,35.903625],[140.49927,35.903584],[140.499453,35.903565],[140.499651,35.903587],[140.499766,35.903618],[140.499849,35.903645],[140.499944,35.903687],[140.500019,35.903725],[140.500082,35.90376]]}},{"type":"Feature","properties":{"id":554508289,"highway":"service"},"geometry":{"type":"LineString","coordinates":[[140.499651,35.903587],[140.499801,35.903593],[140.499877,35.903587],[140.499989,35.903566],[140.500144,35.903531]]}},{"type":"Feature","properties":{"id":554508290,"highway":"service"},"geometry":{"type":"LineString","coordinates":[[140.498566,35.904077],[140.49858,35.904149],[140.498599,35.904199],[140.498657,35.904253],[140.498714,35.904277],[140.498805,35.90428],[140.498884,35.904277]]}},{"type":"Feature","properties":{"id":554513419,"highway":"residential"},"geometry":{"type":"LineString","coordinates":[[140.485325,35.913818],[140.485436,35.913306]]}},{"type":"Feature","properties":{"id":554513423,"highway":"service"},"geometry":{"type":"LineString","coordinates":[[140.483184,35.913625],[140.483242,35.913546],[140.483452,35.913399],[140.483841,35.913177],[140.483819,35.913145]]}},{"type":"Feature","properties":{"id":554513425,"highway":"residential"},"geometry":{"type":"LineString","coordinates":[[140.484947,35.915602],[140.482933,35.915296],[140.482983,35.915071],[140.481751,35.914884],[140.481595,35.91486]]}},{"type":"Feature","properties":{"id":554513428,"highway":"residential"},"geometry":{"type":"LineString","coordinates":[[140.484947,35.915602],[140.485226,35.914238],[140.485325,35.913818]]}},{"type":"Feature","properties":{"id":554513430,"highway":"tertiary"},"geometry":{"type":"LineString","coordinates":[[140.477273,35.918331],[140.476929,35.918278],[140.476806,35.918244],[140.476695,35.918202],[140.476606,35.918154],[140.476455,35.918068],[140.476352,35.918028],[140.476289,35.918016],[140.47626,35.918011],[140.476169,35.918001],[140.476079,35.918005],[140.476002,35.918021],[140.475861,35.918059],[140.475735,35.918093],[140.475681,35.918107],[140.475607,35.918118],[140.475582,35.918121],[140.475497,35.918122],[140.475428,35.918115],[140.475313,35.918095],[140.475211,35.91806],[140.475114,35.91801],[140.475004,35.917932],[140.474933,35.917873]]}},{"type":"Feature","properties":{"id":554513432,"highway":"residential"},"geometry":{"type":"LineString","coordinates":[[140.477273,35.918331],[140.477435,35.917618],[140.478372,35.916553]]}},{"type":"Feature","properties":{"id":554513437,"highway":"residential"},"geometry":{"type":"LineString","coordinates":[[140.48111,35.916974],[140.480667,35.91887],[140.480225,35.920712],[140.479782,35.922605],[140.479387,35.924506],[140.479377,35.924551],[140.479368,35.924591],[140.47891,35.926502],[140.47861,35.92778],[140.479198,35.927987],[140.47923,35.92804],[140.479206,35.928123],[140.479148,35.928176],[140.478718,35.928411],[140.477312,35.929178],[140.477214,35.929232]]}},{"type":"Feature","properties":{"id":554513439,"highway":"residential"},"geometry":{"type":"LineString","coordinates":[[140.479354,35.915473],[140.479235,35.915573],[140.479094,35.915634],[140.478936,35.915684],[140.478333,35.916004]]}},{"type":"Feature","properties":{"id":554513440,"highway":"service"},"geometry":{"type":"LineString","coordinates":[[140.47755,35.916425],[140.477359,35.916495],[140.477224,35.916539],[140.476949,35.916628],[140.4768,35.916659],[140.476766,35.916646]]}},{"type":"Feature","properties":{"id":554518759,"highway":"residential"},"geometry":{"type":"LineString","coordinates":[[140.487615,35.902333],[140.487519,35.902242],[140.487377,35.902104]]}},{"type":"Feature","properties":{"id":554518760,"highway":"residential"},"geometry":{"type":"LineString","coordinates":[[140.488055,35.901405],[140.488115,35.901366],[140.48811,35.901312],[140.488013,35.901239],[140.487754,35.901034],[140.487664,35.900943],[140.486977,35.900292]]}},{"type":"Feature","properties":{"id":554518761,"highway":"residential"},"geometry":{"type":"LineString","coordinates":[[140.486641,35.900563],[140.487287,35.901166],[140.487583,35.901477]]}},{"type":"Feature","properties":{"id":554603898,"highway":"residential"},"geometry":{"type":"LineString","coordinates":[[140.458821,35.90741],[140.458818,35.907077]]}},{"type":"Feature","properties":{"id":554611962,"highway":"unclassified"},"geometry":{"type":"LineString","coordinates":[[140.488836,35.906511],[140.488772,35.905988]]}},{"type":"Feature","properties":{"id":554611964,"highway":"residential"},"geometry":{"type":"LineString","coordinates":[[140.488268,35.903018],[140.488599,35.903297]]}},{"type":"Feature","properties":{"id":554611968,"highway":"unclassified"},"geometry":{"type":"LineString","coordinates":[[140.488772,35.905988],[140.48812,35.906019]]}},{"type":"Feature","properties":{"id":554780696,"highway":"residential"},"geometry":{"type":"LineString","coordinates":[[140.493472,35.918236],[140.493595,35.918257],[140.493745,35.91829],[140.493913,35.918341],[140.494122,35.918424],[140.494288,35.918503],[140.494514,35.91859],[140.49464,35.918635],[140.494752,35.918686],[140.494805,35.918479],[140.495119,35.91849]]}},{"type":"Feature","properties":{"id":554780698,"highway":"residential"},"geometry":{"type":"LineString","coordinates":[[140.495969,35.920029],[140.495806,35.919973],[140.495383,35.91982],[140.495029,35.919693],[140.494832,35.919651],[140.494079,35.919509],[140.493687,35.919423],[140.493248,35.91931],[140.493051,35.919254],[140.492875,35.919185]]}},{"type":"Feature","properties":{"id":554784485,"highway":"service"},"geometry":{"type":"LineString","coordinates":[[140.497005,35.911465],[140.496667,35.912078]]}},{"type":"Feature","properties":{"id":563007103,"highway":"unclassified"},"geometry":{"type":"LineString","coordinates":[[140.485008,35.98451],[140.485361,35.984427],[140.48684,35.983984],[140.488597,35.983376],[140.489198,35.983156],[140.489906,35.982894],[140.490155,35.982789],[140.491009,35.982359],[140.49218,35.981757],[140.492419,35.981636],[140.492916,35.981388],[140.493698,35.98096],[140.496154,35.979428],[140.496291,35.979327],[140.496448,35.979218],[140.49684,35.978849],[140.497176,35.978504],[140.497345,35.978321],[140.497765,35.977849],[140.498327,35.97722],[140.498655,35.976875],[140.499588,35.975696],[140.499672,35.975711],[140.499756,35.975584],[140.499827,35.975429],[140.500075,35.974874],[140.500122,35.974771],[140.500344,35.974247],[140.500457,35.973981],[140.501047,35.972834],[140.501145,35.972617],[140.501192,35.972483],[140.50129,35.972082],[140.501353,35.971803],[140.50137,35.971633],[140.5014,35.971283],[140.501427,35.970961],[140.501499,35.970277],[140.501504,35.970039],[140.501529,35.969841],[140.501803,35.96835],[140.501829,35.968229],[140.501859,35.968017],[140.501908,35.967735],[140.501949,35.967538],[140.501995,35.967331],[140.502045,35.967157],[140.502079,35.967036],[140.502509,35.965724],[140.502679,35.96533],[140.50268,35.965284],[140.502644,35.965208]]}},{"type":"Feature","properties":{"id":563007143,"highway":"unclassified"},"geometry":{"type":"LineString","coordinates":[[140.474604,35.98716],[140.474851,35.986686],[140.474961,35.986437],[140.475019,35.986204],[140.47508,35.985856],[140.475105,35.985773],[140.475113,35.985756],[140.475127,35.985726],[140.475167,35.985675],[140.475364,35.985486],[140.4756,35.985282],[140.475736,35.985184],[140.475855,35.985111],[140.475976,35.98505],[140.47627,35.984967],[140.476724,35.984848],[140.477268,35.984704],[140.477419,35.984669],[140.477823,35.98457],[140.478126,35.984505],[140.480204,35.984198],[140.480435,35.984159],[140.480647,35.984105],[140.480779,35.984085],[140.480887,35.984054],[140.48112,35.984019],[140.481211,35.983997],[140.481438,35.983944],[140.481529,35.98396],[140.481588,35.983983],[140.481621,35.984026],[140.481642,35.984054],[140.481687,35.98409],[140.481712,35.9841],[140.481743,35.984112]]}},{"type":"Feature","properties":{"id":566996903,"highway":"unclassified"},"geometry":{"type":"LineString","coordinates":[[140.400158,35.9891],[140.400232,35.989225],[140.400272,35.989258]]}},{"type":"Feature","properties":{"id":566996904,"highway":"unclassified"},"geometry":{"type":"LineString","coordinates":[[140.400272,35.989258],[140.400371,35.989314],[140.400575,35.989363],[140.400645,35.9894],[140.400758,35.989498],[140.40083,35.989587],[140.400896,35.989642],[140.40156,35.990026],[140.401926,35.99022],[140.402426,35.990435],[140.402666,35.990513],[140.402824,35.990557],[140.403065,35.990606],[140.40332,35.990647],[140.403467,35.990663],[140.403692,35.990672],[140.404072,35.990663],[140.404904,35.990601],[140.405317,35.990564],[140.406069,35.990448],[140.407204,35.990228]]}},{"type":"Feature","properties":{"id":566996909,"highway":"secondary"},"geometry":{"type":"LineString","coordinates":[[140.414153,35.973746],[140.413773,35.973591],[140.413455,35.973475],[140.413187,35.97339],[140.412808,35.973277],[140.412413,35.973182],[140.412022,35.973093],[140.411437,35.972979],[140.411359,35.972963],[140.4098,35.972643],[140.409015,35.972485],[140.408948,35.972474],[140.408738,35.972443],[140.408528,35.972425],[140.408272,35.972414],[140.407973,35.972426],[140.407801,35.972441],[140.407616,35.972466],[140.407382,35.972509],[140.407162,35.972566],[140.406986,35.972617],[140.406757,35.972701],[140.406341,35.972907],[140.406019,35.973059],[140.405682,35.973228],[140.405359,35.973375],[140.405118,35.973469],[140.404902,35.973544],[140.4047,35.973602],[140.404543,35.973647],[140.404414,35.973678],[140.404076,35.973747],[140.403727,35.973815],[140.403273,35.973898],[140.403104,35.973929],[140.403034,35.973942],[140.402967,35.973955],[140.4028,35.973986],[140.4023,35.974082],[140.402079,35.974127],[140.401875,35.974185],[140.401668,35.974255],[140.4015,35.974325],[140.401357,35.974393],[140.401226,35.974465],[140.400949,35.974642],[140.39993,35.975452],[140.399026,35.976169],[140.398977,35.976207],[140.398906,35.976263],[140.398828,35.976324],[140.398749,35.976385],[140.398148,35.97687],[140.397946,35.976999],[140.397813,35.977077],[140.397782,35.977095],[140.397566,35.977196],[140.397374,35.977268],[140.397156,35.97734],[140.396845,35.977423],[140.396315,35.97755],[140.395577,35.97773],[140.395314,35.977793],[140.394614,35.977957],[140.394099,35.978059],[140.394053,35.978067],[140.393673,35.97813],[140.392878,35.97822],[140.39193,35.978328],[140.390785,35.97844],[140.390757,35.978444],[140.389853,35.978567],[140.389389,35.978643],[140.38914,35.978687],[140.387871,35.97891],[140.387334,35.979003],[140.387026,35.979046],[140.38697,35.979054],[140.386621,35.979083],[140.386406,35.979094],[140.386115,35.979093],[140.385949,35.979087],[140.38565,35.979075],[140.3854,35.979065],[140.385179,35.979052],[140.38464,35.979024],[140.383667,35.978969],[140.38348,35.978959],[140.383406,35.978956],[140.383347,35.978954],[140.382956,35.978938],[140.382589,35.978922],[140.381923,35.978916],[140.381243,35.978915],[140.380767,35.978921],[140.379868,35.978931],[140.378403,35.978943],[140.376264,35.978964],[140.373792,35.978985],[140.37334,35.978974],[140.371212,35.978886],[140.370847,35.978876],[140.368886,35.97879],[140.36812,35.978756],[140.368011,35.978751],[140.367954,35.978749],[140.36763,35.978735],[140.366554,35.978691],[140.366196,35.978676]]}},{"type":"Feature","properties":{"id":566996915,"highway":"unclassified"},"geometry":{"type":"LineString","coordinates":[[140.416623,35.981244],[140.416832,35.981304]]}},{"type":"Feature","properties":{"id":566996917,"highway":"secondary"},"geometry":{"type":"LineString","coordinates":[[140.419173,35.975815],[140.418985,35.975756]]}},{"type":"Feature","properties":{"id":566996920,"highway":"unclassified"},"geometry":{"type":"LineString","coordinates":[[140.406081,35.987362],[140.406198,35.987495]]}},{"type":"Feature","properties":{"id":566996923,"highway":"unclassified"},"geometry":{"type":"LineString","coordinates":[[140.416832,35.981304],[140.416923,35.981318],[140.417029,35.981309],[140.417499,35.98148],[140.417311,35.982474],[140.417292,35.982833],[140.417385,35.983068],[140.418055,35.984136],[140.418133,35.984259],[140.418202,35.984332],[140.418251,35.984357],[140.418455,35.984479],[140.418869,35.98478],[140.419053,35.984904],[140.419096,35.984958],[140.419147,35.985025],[140.419174,35.985081],[140.419209,35.98516],[140.419351,35.985299]]}},{"type":"Feature","properties":{"id":577312825,"highway":"unclassified"},"geometry":{"type":"LineString","coordinates":[[140.493317,35.905675],[140.49346,35.905633],[140.493516,35.905606],[140.493571,35.905575],[140.493652,35.905463]]}},{"type":"Feature","properties":{"id":595786778,"highway":"secondary"},"geometry":{"type":"LineString","coordinates":[[140.414506,35.973893],[140.414153,35.973746]]}},{"type":"Feature","properties":{"id":595786784,"highway":"secondary"},"geometry":{"type":"LineString","coordinates":[[140.418985,35.975756],[140.418882,35.975719],[140.414595,35.973931],[140.414506,35.973893]]}},{"type":"Feature","properties":{"id":595786787,"highway":"unclassified"},"geometry":{"type":"LineString","coordinates":[[140.418768,35.971435],[140.419027,35.971434]]}},{"type":"Feature","properties":{"id":595786789,"highway":"unclassified"},"geometry":{"type":"LineString","coordinates":[[140.419027,35.971434],[140.419281,35.971432]]}},{"type":"Feature","properties":{"id":595786790,"highway":"tertiary"},"geometry":{"type":"LineString","coordinates":[[140.457249,35.958968],[140.457342,35.958926]]}},{"type":"Feature","properties":{"id":595786805,"highway":"trunk"},"geometry":{"type":"LineString","coordinates":[[140.486464,35.900005],[140.486274,35.89982]]}},{"type":"Feature","properties":{"id":595786807,"highway":"trunk"},"geometry":{"type":"LineString","coordinates":[[140.488111,35.901599],[140.486715,35.900248],[140.486464,35.900005]]}},{"type":"Feature","properties":{"id":595786810,"highway":"trunk"},"geometry":{"type":"LineString","coordinates":[[140.488413,35.90189],[140.488111,35.901599]]}},{"type":"Feature","properties":{"id":595786812,"highway":"trunk"},"geometry":{"type":"LineString","coordinates":[[140.488335,35.901941],[140.488982,35.902568]]}},{"type":"Feature","properties":{"id":595786814,"highway":"trunk"},"geometry":{"type":"LineString","coordinates":[[140.488034,35.901654],[140.488335,35.901941]]}},{"type":"Feature","properties":{"id":595786817,"highway":"trunk"},"geometry":{"type":"LineString","coordinates":[[140.489051,35.902517],[140.488413,35.90189]]}},{"type":"Feature","properties":{"id":595786826,"highway":"unclassified"},"geometry":{"type":"LineString","coordinates":[[140.491074,35.950159],[140.491037,35.950066]]}},{"type":"Feature","properties":{"id":595786827,"highway":"unclassified"},"geometry":{"type":"LineString","coordinates":[[140.491724,35.950831],[140.491115,35.950201],[140.491074,35.950159]]}},{"type":"Feature","properties":{"id":595786830,"highway":"tertiary"},"geometry":{"type":"LineString","coordinates":[[140.470646,35.946739],[140.470458,35.946975]]}},{"type":"Feature","properties":{"id":595786832,"highway":"tertiary"},"geometry":{"type":"LineString","coordinates":[[140.470458,35.946975],[140.47042,35.94702],[140.468159,35.949826],[140.465878,35.952657],[140.463585,35.95549],[140.463537,35.95554],[140.463387,35.955695],[140.463191,35.95588],[140.46294,35.956095],[140.462763,35.956235]]}},{"type":"Feature","properties":{"id":603928135,"highway":"service"},"geometry":{"type":"LineString","coordinates":[[140.405483,35.901348],[140.405557,35.901473],[140.4056,35.901471],[140.405694,35.901397],[140.405453,35.901143],[140.405659,35.900941],[140.405898,35.901199],[140.40574,35.901334]]}},{"type":"Feature","properties":{"id":603928137,"highway":"service"},"geometry":{"type":"LineString","coordinates":[[140.405466,35.901319],[140.40534,35.901348],[140.405249,35.901316],[140.405147,35.901333],[140.405115,35.901376],[140.405107,35.901433],[140.405133,35.901476],[140.405206,35.901505],[140.405286,35.901485],[140.405313,35.901457],[140.405337,35.901394],[140.405483,35.901348]]}},{"type":"Feature","properties":{"id":651074082,"highway":"trunk"},"geometry":{"type":"LineString","coordinates":[[140.482551,35.925054],[140.482415,35.925022]]}},{"type":"Feature","properties":{"id":653388213,"highway":"trunk"},"geometry":{"type":"LineString","coordinates":[[140.499922,35.949116],[140.500992,35.949812],[140.501054,35.949849]]}},{"type":"Feature","properties":{"id":653388692,"highway":"trunk"},"geometry":{"type":"LineString","coordinates":[[140.49755,35.947422],[140.496802,35.946937],[140.496401,35.946658],[140.496109,35.946431],[140.495656,35.946061],[140.495427,35.945853],[140.495199,35.945637],[140.494973,35.945406],[140.494801,35.945221],[140.494637,35.945028],[140.494394,35.944725],[140.494235,35.944518],[140.493827,35.943957],[140.493449,35.943427],[140.493048,35.942868],[140.492752,35.942455],[140.492388,35.94195],[140.491825,35.941164],[140.491293,35.940435],[140.491118,35.940187]]}},{"type":"Feature","properties":{"id":653388693,"highway":"tertiary"},"geometry":{"type":"LineString","coordinates":[[140.49755,35.947422],[140.497438,35.947481]]}},{"type":"Feature","properties":{"id":653388694,"highway":"trunk"},"geometry":{"type":"LineString","coordinates":[[140.497438,35.947481],[140.497893,35.947782],[140.498695,35.948308],[140.499397,35.948771]]}},{"type":"Feature","properties":{"id":653388695,"highway":"trunk"},"geometry":{"type":"LineString","coordinates":[[140.498185,35.947842],[140.497638,35.94748],[140.49755,35.947422]]}},{"type":"Feature","properties":{"id":653388879,"highway":"trunk"},"geometry":{"type":"LineString","coordinates":[[140.496724,35.947013],[140.497359,35.94743],[140.497438,35.947481]]}},{"type":"Feature","properties":{"id":653390460,"highway":"trunk"},"geometry":{"type":"LineString","coordinates":[[140.490528,35.939566],[140.491187,35.940485],[140.491718,35.941215],[140.492296,35.942023],[140.492647,35.942505],[140.492944,35.942923],[140.493343,35.943476],[140.493722,35.944007],[140.494135,35.944574],[140.494291,35.944777],[140.494536,35.945083],[140.494728,35.945306],[140.494899,35.945488],[140.495105,35.9457],[140.495341,35.945918],[140.49555,35.946114],[140.495946,35.946445],[140.496319,35.946731],[140.496724,35.947013]]}},{"type":"Feature","properties":{"id":653390462,"highway":"trunk"},"geometry":{"type":"LineString","coordinates":[[140.490637,35.939516],[140.49025,35.938979],[140.489943,35.938555]]}},{"type":"Feature","properties":{"id":653390463,"highway":"trunk"},"geometry":{"type":"LineString","coordinates":[[140.491118,35.940187],[140.490637,35.939516]]}},{"type":"Feature","properties":{"id":653390913,"highway":"trunk"},"geometry":{"type":"LineString","coordinates":[[140.490144,35.939029],[140.490528,35.939566]]}},{"type":"Feature","properties":{"id":653391189,"highway":"trunk"},"geometry":{"type":"LineString","coordinates":[[140.489451,35.937872],[140.489034,35.937284],[140.488272,35.936233],[140.487724,35.935469],[140.487479,35.935126],[140.487316,35.934897],[140.487142,35.934661],[140.487086,35.934584],[140.487023,35.9345],[140.485912,35.932935],[140.485552,35.932429],[140.485222,35.931982],[140.484722,35.931292],[140.484509,35.930992]]}},{"type":"Feature","properties":{"id":653391190,"highway":"trunk"},"geometry":{"type":"LineString","coordinates":[[140.489347,35.937923],[140.489534,35.938184],[140.490144,35.939029]]}},{"type":"Feature","properties":{"id":653391192,"highway":"trunk"},"geometry":{"type":"LineString","coordinates":[[140.489943,35.938555],[140.489689,35.938198],[140.489579,35.938047],[140.489451,35.937872]]}},{"type":"Feature","properties":{"id":653391597,"highway":"trunk"},"geometry":{"type":"LineString","coordinates":[[140.488985,35.93742],[140.489347,35.937923]]}},{"type":"Feature","properties":{"id":653391907,"highway":"trunk"},"geometry":{"type":"LineString","coordinates":[[140.483927,35.930192],[140.483858,35.930095],[140.483612,35.92975],[140.483292,35.929295],[140.483156,35.92909],[140.483044,35.928915],[140.482941,35.92874],[140.482842,35.928558],[140.482759,35.928388],[140.482646,35.928134],[140.482563,35.927919],[140.482482,35.927653],[140.482438,35.927472],[140.482395,35.92725],[140.482358,35.927029],[140.48234,35.926786],[140.482334,35.926539],[140.48234,35.926358],[140.482354,35.926221],[140.482371,35.926069],[140.482429,35.925666]]}},{"type":"Feature","properties":{"id":653391908,"highway":"tertiary"},"geometry":{"type":"LineString","coordinates":[[140.483927,35.930192],[140.483852,35.930288]]}},{"type":"Feature","properties":{"id":653391909,"highway":"trunk"},"geometry":{"type":"LineString","coordinates":[[140.483852,35.930288],[140.483905,35.930361],[140.484302,35.930911],[140.484617,35.93134],[140.485099,35.932024],[140.485446,35.932479],[140.485802,35.932988],[140.486917,35.93455],[140.486982,35.934634],[140.487036,35.934713],[140.487352,35.935148],[140.487607,35.935501],[140.488164,35.936283],[140.488779,35.937135],[140.488985,35.93742]]}},{"type":"Feature","properties":{"id":653391910,"highway":"tertiary"},"geometry":{"type":"LineString","coordinates":[[140.483852,35.930288],[140.483796,35.930349],[140.483745,35.930405],[140.483249,35.931041],[140.482048,35.932539],[140.481931,35.932685],[140.481213,35.933581],[140.481144,35.933667],[140.480276,35.93475],[140.479982,35.935115],[140.478805,35.936583],[140.478187,35.937358],[140.477503,35.938207],[140.476597,35.939358],[140.475222,35.941067],[140.472934,35.943907],[140.470724,35.946645],[140.470684,35.946695],[140.470646,35.946739]]}},{"type":"Feature","properties":{"id":653391911,"highway":"trunk"},"geometry":{"type":"LineString","coordinates":[[140.484509,35.930992],[140.484454,35.930917],[140.484066,35.930365],[140.483988,35.930265],[140.483927,35.930192]]}},{"type":"Feature","properties":{"id":653392175,"highway":"trunk"},"geometry":{"type":"LineString","coordinates":[[140.483284,35.929466],[140.48351,35.9298],[140.483716,35.930094],[140.483787,35.930197],[140.483852,35.930288]]}},{"type":"Feature","properties":{"id":653393107,"highway":"trunk"},"geometry":{"type":"LineString","coordinates":[[140.482429,35.925666],[140.482456,35.92552],[140.482485,35.925375],[140.482512,35.925241],[140.482523,35.92519],[140.482551,35.925054]]}},{"type":"Feature","properties":{"id":653393475,"highway":"trunk"},"geometry":{"type":"LineString","coordinates":[[140.482592,35.924257],[140.482508,35.924618],[140.482465,35.9248],[140.482453,35.92485],[140.482415,35.925022]]}},{"type":"Feature","properties":{"id":653393863,"highway":"unclassified"},"geometry":{"type":"LineString","coordinates":[[140.483895,35.91933],[140.483772,35.919315]]}},{"type":"Feature","properties":{"id":653393864,"highway":"trunk"},"geometry":{"type":"LineString","coordinates":[[140.48495,35.917511],[140.48509,35.917387],[140.485262,35.917251],[140.485417,35.917142],[140.485571,35.91704],[140.485745,35.916937],[140.485906,35.916854],[140.486078,35.916771],[140.486241,35.916694],[140.486412,35.916618],[140.486593,35.916544],[140.487047,35.916369]]}},{"type":"Feature","properties":{"id":653393865,"highway":"trunk"},"geometry":{"type":"LineString","coordinates":[[140.483772,35.919315],[140.483737,35.919454],[140.483634,35.919908],[140.48349,35.92056],[140.483345,35.921196]]}},{"type":"Feature","properties":{"id":653393955,"highway":"trunk"},"geometry":{"type":"LineString","coordinates":[[140.48374,35.920014],[140.483759,35.919927],[140.483862,35.919471],[140.483895,35.91933]]}},{"type":"Feature","properties":{"id":653394283,"highway":"trunk"},"geometry":{"type":"LineString","coordinates":[[140.483998,35.918634],[140.483938,35.918773],[140.483888,35.918919],[140.483834,35.919085],[140.483797,35.919219],[140.483772,35.919315]]}},{"type":"Feature","properties":{"id":653395396,"highway":"primary"},"geometry":{"type":"LineString","coordinates":[[140.489983,35.914465],[140.489869,35.914406]]}},{"type":"Feature","properties":{"id":653395397,"highway":"trunk"},"geometry":{"type":"LineString","coordinates":[[140.490381,35.913945],[140.49054,35.913682],[140.49065,35.913485],[140.490737,35.913304]]}},{"type":"Feature","properties":{"id":653395398,"highway":"trunk"},"geometry":{"type":"LineString","coordinates":[[140.489869,35.914406],[140.489798,35.914484],[140.489729,35.914561],[140.489482,35.91481],[140.48906,35.915195],[140.48875,35.915423],[140.488404,35.915646],[140.488013,35.915849],[140.487876,35.915922],[140.487599,35.916047],[140.487403,35.91612],[140.486995,35.916291],[140.48657,35.916452],[140.486304,35.91656],[140.486037,35.916686],[140.485812,35.916797],[140.485606,35.916906],[140.485422,35.917024],[140.48529,35.917114],[140.485162,35.917205],[140.485055,35.917289],[140.484938,35.917392],[140.484766,35.917546],[140.484722,35.917589],[140.484611,35.917701],[140.484489,35.917847],[140.484397,35.917967],[140.484316,35.918078],[140.484226,35.918204],[140.484139,35.918361],[140.484063,35.918488],[140.483998,35.918634]]}},{"type":"Feature","properties":{"id":653395826,"highway":"residential"},"geometry":{"type":"LineString","coordinates":[[140.489983,35.914465],[140.489798,35.914484],[140.489736,35.914475],[140.489676,35.91447],[140.48963,35.914465]]}},{"type":"Feature","properties":{"id":653396130,"highway":"trunk"},"geometry":{"type":"LineString","coordinates":[[140.489365,35.915075],[140.489622,35.91483],[140.489787,35.914665],[140.489827,35.914624],[140.489983,35.914465]]}},{"type":"Feature","properties":{"id":653396336,"highway":"trunk"},"geometry":{"type":"LineString","coordinates":[[140.490431,35.913632],[140.49024,35.913923],[140.490127,35.914079],[140.490047,35.91419],[140.489869,35.914406]]}},{"type":"Feature","properties":{"id":653397152,"highway":"trunk"},"geometry":{"type":"LineString","coordinates":[[140.489998,35.903776],[140.490112,35.903976],[140.490186,35.904123],[140.490248,35.904265]]}},{"type":"Feature","properties":{"id":653397153,"highway":"trunk"},"geometry":{"type":"LineString","coordinates":[[140.489691,35.903307],[140.489752,35.903377],[140.489866,35.903548],[140.489945,35.903684],[140.489998,35.903776]]}},{"type":"Feature","properties":{"id":676455180,"highway":"residential"},"geometry":{"type":"LineString","coordinates":[[140.434228,35.956129],[140.434234,35.956102],[140.434226,35.95607],[140.434186,35.955955],[140.434085,35.955723],[140.433957,35.955433],[140.43389,35.9553],[140.43367,35.954934],[140.433122,35.954162],[140.43353,35.953242],[140.433331,35.952602]]}},{"type":"Feature","properties":{"id":676456028,"highway":"residential"},"geometry":{"type":"LineString","coordinates":[[140.433119,35.951093],[140.43365,35.951404],[140.434363,35.951648]]}},{"type":"Feature","properties":{"id":676458365,"highway":"unclassified"},"geometry":{"type":"LineString","coordinates":[[140.405737,35.9407],[140.405597,35.940408],[140.405471,35.939756],[140.405473,35.939271],[140.405442,35.939084],[140.405123,35.937473],[140.405115,35.937432]]}},{"type":"Feature","properties":{"id":676483777,"highway":"service"},"geometry":{"type":"LineString","coordinates":[[140.416161,35.940779],[140.416112,35.940495],[140.415892,35.93983]]}},{"type":"Feature","properties":{"id":676483778,"highway":"residential"},"geometry":{"type":"LineString","coordinates":[[140.418431,35.939926],[140.418293,35.939356]]}},{"type":"Feature","properties":{"id":676483779,"highway":"residential"},"geometry":{"type":"LineString","coordinates":[[140.427864,35.937466],[140.428218,35.937224],[140.428296,35.937163],[140.428453,35.936954],[140.428479,35.936918]]}},{"type":"Feature","properties":{"id":676483781,"highway":"service"},"geometry":{"type":"LineString","coordinates":[[140.436027,35.962624],[140.436311,35.962844],[140.436463,35.962962],[140.436541,35.963046]]}},{"type":"Feature","properties":{"id":676484330,"highway":"residential"},"geometry":{"type":"LineString","coordinates":[[140.436828,35.960887],[140.437801,35.960019],[140.43873,35.959198],[140.439131,35.958969]]}},{"type":"Feature","properties":{"id":676484960,"highway":"unclassified"},"geometry":{"type":"LineString","coordinates":[[140.450765,35.95517],[140.450807,35.955625],[140.45082,35.95583],[140.450819,35.955917],[140.450799,35.955982],[140.450765,35.956099],[140.450734,35.95614],[140.45054,35.95642],[140.450319,35.956685],[140.450203,35.956804]]}},{"type":"Feature","properties":{"id":676484961,"highway":"unclassified"},"geometry":{"type":"LineString","coordinates":[[140.456807,35.958491],[140.456093,35.958779],[140.454003,35.959577],[140.451902,35.960391],[140.450844,35.960788],[140.449707,35.961042],[140.44857,35.9613],[140.44742,35.961546],[140.445754,35.961989],[140.445189,35.96212],[140.444846,35.962216],[140.444116,35.962501],[140.443538,35.96259],[140.443016,35.962826],[140.441907,35.963237],[140.44125,35.963409],[140.441069,35.963497],[140.440841,35.963584],[140.440128,35.963786],[140.439819,35.963845],[140.439275,35.963957],[140.439196,35.96396],[140.439053,35.964003],[140.438931,35.964045],[140.43826,35.964326],[140.437803,35.964472],[140.437467,35.964609],[140.437178,35.964733],[140.437149,35.964746]]}},{"type":"Feature","properties":{"id":676484963,"highway":"unclassified"},"geometry":{"type":"LineString","coordinates":[[140.457028,35.958936],[140.456807,35.958491],[140.456564,35.957901],[140.456613,35.957833]]}},{"type":"Feature","properties":{"id":676484964,"highway":"unclassified"},"geometry":{"type":"LineString","coordinates":[[140.457156,35.959146],[140.457028,35.958936]]}},{"type":"Feature","properties":{"id":676683007,"highway":"service"},"geometry":{"type":"LineString","coordinates":[[140.434635,35.965611],[140.43501,35.965947]]}},{"type":"Feature","properties":{"id":676683010,"highway":"unclassified"},"geometry":{"type":"LineString","coordinates":[[140.433184,35.967034],[140.433607,35.967344]]}},{"type":"Feature","properties":{"id":697168385,"highway":"service"},"geometry":{"type":"LineString","coordinates":[[140.475312,35.987303],[140.4759,35.988017],[140.475718,35.988088],[140.475219,35.987472],[140.475122,35.987354]]}},{"type":"Feature","properties":{"id":724038900,"highway":"unclassified"},"geometry":{"type":"LineString","coordinates":[[140.443638,35.959361],[140.443663,35.959442]]}},{"type":"Feature","properties":{"id":724038901,"highway":"unclassified"},"geometry":{"type":"LineString","coordinates":[[140.443663,35.959442],[140.443677,35.959487],[140.445189,35.96212]]}},{"type":"Feature","properties":{"id":724038906,"highway":"unclassified"},"geometry":{"type":"LineString","coordinates":[[140.400466,35.954556],[140.400421,35.954665]]}},{"type":"Feature","properties":{"id":724038907,"highway":"unclassified"},"geometry":{"type":"LineString","coordinates":[[140.401681,35.95167],[140.400466,35.954556]]}},{"type":"Feature","properties":{"id":724038908,"highway":"unclassified"},"geometry":{"type":"LineString","coordinates":[[140.402983,35.953181],[140.40302,35.953227]]}},{"type":"Feature","properties":{"id":724038909,"highway":"unclassified"},"geometry":{"type":"LineString","coordinates":[[140.40302,35.953227],[140.403041,35.953248],[140.403078,35.95329]]}},{"type":"Feature","properties":{"id":724038910,"highway":"unclassified"},"geometry":{"type":"LineString","coordinates":[[140.403078,35.95329],[140.403121,35.95335]]}},{"type":"Feature","properties":{"id":724038911,"highway":"unclassified"},"geometry":{"type":"LineString","coordinates":[[140.403121,35.95335],[140.403191,35.953433]]}},{"type":"Feature","properties":{"id":724038912,"highway":"unclassified"},"geometry":{"type":"LineString","coordinates":[[140.4181,35.956501],[140.418099,35.956397]]}},{"type":"Feature","properties":{"id":724038913,"highway":"unclassified"},"geometry":{"type":"LineString","coordinates":[[140.4181,35.956557],[140.4181,35.956501]]}},{"type":"Feature","properties":{"id":740035890,"highway":"residential"},"geometry":{"type":"LineString","coordinates":[[140.465878,35.952657],[140.464818,35.952097],[140.463784,35.95155],[140.461743,35.950458],[140.461718,35.950445],[140.458672,35.948848],[140.458475,35.948743]]}},{"type":"Feature","properties":{"id":762142067,"highway":"residential"},"geometry":{"type":"LineString","coordinates":[[140.486806,35.917834],[140.486055,35.917726],[140.485354,35.917616],[140.485005,35.917562],[140.48495,35.917511]]}},{"type":"Feature","properties":{"id":762142070,"highway":"residential"},"geometry":{"type":"LineString","coordinates":[[140.487047,35.916369],[140.487108,35.916503],[140.486972,35.917098],[140.486832,35.917713],[140.486806,35.917834]]}},{"type":"Feature","properties":{"id":762142956,"highway":"service"},"geometry":{"type":"LineString","coordinates":[[140.484421,35.918525],[140.484592,35.918552],[140.484751,35.918577],[140.484933,35.918605],[140.485118,35.918634]]}},{"type":"Feature","properties":{"id":762142957,"highway":"service"},"geometry":{"type":"LineString","coordinates":[[140.485409,35.918895],[140.485239,35.918881],[140.485304,35.918577],[140.485396,35.918197],[140.485451,35.91797]]}},{"type":"Feature","properties":{"id":762142958,"highway":"service"},"geometry":{"type":"LineString","coordinates":[[140.486023,35.917865],[140.485853,35.917835],[140.485679,35.917809],[140.485631,35.917998],[140.485575,35.918221],[140.485478,35.918604],[140.485409,35.918895],[140.485593,35.918928],[140.485661,35.918633],[140.485755,35.918247],[140.485809,35.918024],[140.485853,35.917835]]}},{"type":"Feature","properties":{"id":762142959,"highway":"service"},"geometry":{"type":"LineString","coordinates":[[140.48453,35.918847],[140.484592,35.918552]]}},{"type":"Feature","properties":{"id":762142960,"highway":"service"},"geometry":{"type":"LineString","coordinates":[[140.485038,35.918143],[140.485089,35.917912]]}},{"type":"Feature","properties":{"id":762142961,"highway":"service"},"geometry":{"type":"LineString","coordinates":[[140.484687,35.91887],[140.484751,35.918577]]}},{"type":"Feature","properties":{"id":762142962,"highway":"service"},"geometry":{"type":"LineString","coordinates":[[140.484232,35.919376],[140.484349,35.918846],[140.484355,35.918821],[140.484421,35.918525],[140.484448,35.918404],[140.484685,35.918054],[140.484586,35.918008],[140.484523,35.917978]]}},{"type":"Feature","properties":{"id":762142963,"highway":"service"},"geometry":{"type":"LineString","coordinates":[[140.486553,35.918833],[140.486229,35.918721],[140.485834,35.918659],[140.485661,35.918633],[140.485478,35.918604],[140.485304,35.918577],[140.485139,35.918551],[140.485234,35.918174],[140.485282,35.917943],[140.485354,35.917616]]}},{"type":"Feature","properties":{"id":762142964,"highway":"service"},"geometry":{"type":"LineString","coordinates":[[140.484871,35.918896],[140.484933,35.918605]]}},{"type":"Feature","properties":{"id":762142965,"highway":"service"},"geometry":{"type":"LineString","coordinates":[[140.485981,35.918054],[140.485809,35.918024],[140.485631,35.917998],[140.485451,35.91797],[140.485282,35.917943],[140.485089,35.917912],[140.484914,35.917884],[140.484869,35.918117]]}},{"type":"Feature","properties":{"id":762142966,"highway":"service"},"geometry":{"type":"LineString","coordinates":[[140.484685,35.918054],[140.484752,35.918099],[140.484869,35.918117],[140.485038,35.918143],[140.485234,35.918174],[140.485396,35.918197],[140.485575,35.918221],[140.485755,35.918247],[140.485931,35.918282],[140.485981,35.918054],[140.486023,35.917865],[140.486055,35.917726]]}},{"type":"Feature","properties":{"id":762142967,"highway":"service"},"geometry":{"type":"LineString","coordinates":[[140.484355,35.918821],[140.48453,35.918847],[140.484687,35.91887],[140.484871,35.918896],[140.485051,35.918922]]}},{"type":"Feature","properties":{"id":762142968,"highway":"service"},"geometry":{"type":"LineString","coordinates":[[140.485239,35.918881],[140.485051,35.918922],[140.485118,35.918634],[140.485139,35.918551]]}},{"type":"Feature","properties":{"id":762142969,"highway":"service"},"geometry":{"type":"LineString","coordinates":[[140.484349,35.918846],[140.484131,35.918805],[140.484064,35.918793]]}},{"type":"Feature","properties":{"id":762143069,"highway":"service"},"geometry":{"type":"LineString","coordinates":[[140.485931,35.918282],[140.485834,35.918659]]}},{"type":"Feature","properties":{"id":762186649,"highway":"service"},"geometry":{"type":"LineString","coordinates":[[140.487308,35.917139],[140.488241,35.917298],[140.4884,35.917322],[140.488423,35.917225],[140.488262,35.917198],[140.488082,35.917168]]}},{"type":"Feature","properties":{"id":762186650,"highway":"service"},"geometry":{"type":"LineString","coordinates":[[140.487177,35.917692],[140.48696,35.917653],[140.487089,35.917184],[140.487289,35.917218]]}},{"type":"Feature","properties":{"id":762186651,"highway":"service"},"geometry":{"type":"LineString","coordinates":[[140.488369,35.917485],[140.488204,35.917459],[140.487266,35.917318]]}},{"type":"Feature","properties":{"id":762186652,"highway":"service"},"geometry":{"type":"LineString","coordinates":[[140.487228,35.917475],[140.488168,35.917619],[140.488332,35.917647],[140.489297,35.917796],[140.489274,35.91793]]}},{"type":"Feature","properties":{"id":762186655,"highway":"service"},"geometry":{"type":"LineString","coordinates":[[140.486522,35.917604],[140.486711,35.917634],[140.486816,35.917143],[140.486627,35.917113]]}},{"type":"Feature","properties":{"id":762186656,"highway":"service"},"geometry":{"type":"LineString","coordinates":[[140.488262,35.917198],[140.488241,35.917298],[140.488204,35.917459],[140.488168,35.917619],[140.488136,35.91776],[140.488102,35.917907]]}},{"type":"Feature","properties":{"id":762186657,"highway":"service"},"geometry":{"type":"LineString","coordinates":[[140.486332,35.917643],[140.486508,35.917668],[140.486522,35.917604],[140.486627,35.917113],[140.486639,35.917053],[140.486467,35.917028]]}},{"type":"Feature","properties":{"id":762186658,"highway":"service"},"geometry":{"type":"LineString","coordinates":[[140.489274,35.91793],[140.488299,35.917787],[140.488136,35.91776],[140.487193,35.917622]]}},{"type":"Feature","properties":{"id":762186659,"highway":"service"},"geometry":{"type":"LineString","coordinates":[[140.488265,35.917932],[140.488299,35.917787],[140.488332,35.917647],[140.488369,35.917485],[140.4884,35.917322]]}},{"type":"Feature","properties":{"id":762186660,"highway":"service"},"geometry":{"type":"LineString","coordinates":[[140.485968,35.91759],[140.486148,35.917615]]}},{"type":"Feature","properties":{"id":762186662,"highway":"service"},"geometry":{"type":"LineString","coordinates":[[140.487159,35.917767],[140.487177,35.917692],[140.487193,35.917622],[140.487228,35.917475],[140.487266,35.917318],[140.487289,35.917218],[140.487308,35.917139],[140.486972,35.917098]]}},{"type":"Feature","properties":{"id":762186663,"highway":"service"},"geometry":{"type":"LineString","coordinates":[[140.489483,35.917971],[140.489274,35.91793],[140.489211,35.918079],[140.488265,35.917932],[140.488102,35.917907],[140.487159,35.917767],[140.486832,35.917713],[140.486508,35.917668]]}},{"type":"Feature","properties":{"id":762186664,"highway":"service"},"geometry":{"type":"LineString","coordinates":[[140.486108,35.916976],[140.486091,35.917063],[140.485968,35.91759],[140.485842,35.917571],[140.485815,35.91756],[140.485804,35.917533],[140.485899,35.917083],[140.485919,35.917058],[140.486016,35.916994]]}},{"type":"Feature","properties":{"id":762186665,"highway":"service"},"geometry":{"type":"LineString","coordinates":[[140.486639,35.917053],[140.486972,35.917098]]}},{"type":"Feature","properties":{"id":781154094,"highway":"unclassified"},"geometry":{"type":"LineString","coordinates":[[140.491076,35.913221],[140.490888,35.913952],[140.491068,35.91406]]}},{"type":"Feature","properties":{"id":781154098,"highway":"unclassified"},"geometry":{"type":"LineString","coordinates":[[140.490946,35.91319],[140.491053,35.912963],[140.491163,35.912655],[140.491213,35.912497],[140.491248,35.912362],[140.491288,35.912183],[140.491316,35.912021],[140.491338,35.911765],[140.491321,35.911532],[140.491308,35.91137]]}},{"type":"Feature","properties":{"id":781154099,"highway":"service"},"geometry":{"type":"LineString","coordinates":[[140.48896,35.919179],[140.488846,35.919136]]}},{"type":"Feature","properties":{"id":781154102,"highway":"unclassified"},"geometry":{"type":"LineString","coordinates":[[140.492312,35.912255],[140.492244,35.912322],[140.492176,35.912433],[140.491952,35.912783],[140.491457,35.912776],[140.491076,35.913221],[140.490946,35.91319],[140.490265,35.913088]]}},{"type":"Feature","properties":{"id":781154104,"highway":"service"},"geometry":{"type":"LineString","coordinates":[[140.488903,35.919273],[140.488821,35.919417]]}},{"type":"Feature","properties":{"id":781154105,"highway":"service"},"geometry":{"type":"LineString","coordinates":[[140.488704,35.919381],[140.488821,35.919417],[140.489332,35.919581],[140.489393,35.919445],[140.488903,35.919273],[140.48896,35.919179],[140.489424,35.919326],[140.489393,35.919445]]}},{"type":"Feature","properties":{"id":796756024,"highway":"primary"},"geometry":{"type":"LineString","coordinates":[[140.396903,35.911961],[140.397603,35.912094],[140.397842,35.912141],[140.398186,35.912195],[140.399345,35.912357],[140.400517,35.912481],[140.401132,35.912534],[140.401667,35.91256],[140.402204,35.912575],[140.403018,35.912561],[140.403625,35.912543],[140.403699,35.912541],[140.404312,35.912486],[140.40502,35.912404],[140.405412,35.912354],[140.405625,35.912327],[140.405726,35.91231],[140.405798,35.912298],[140.406035,35.912259],[140.407555,35.911936],[140.408245,35.911776],[140.408555,35.911692],[140.408974,35.911578],[140.410263,35.911209],[140.410323,35.911192],[140.410955,35.911019],[140.411042,35.910995],[140.412021,35.910759],[140.412739,35.910583],[140.412811,35.910565],[140.413514,35.910406],[140.414186,35.910257],[140.414951,35.910095],[140.41576,35.909926],[140.416128,35.90987],[140.416672,35.909776],[140.417239,35.909707],[140.417774,35.909657],[140.418354,35.909621],[140.418902,35.909603],[140.419506,35.909611],[140.420042,35.909622],[140.42071,35.90966],[140.421339,35.909706],[140.422106,35.909779],[140.422846,35.909885],[140.423182,35.909944],[140.423815,35.910081],[140.424361,35.910215],[140.425503,35.910557],[140.426855,35.910955],[140.427808,35.91126],[140.427918,35.911296],[140.42799,35.911319],[140.428033,35.911335],[140.428998,35.911672],[140.429257,35.911769],[140.429834,35.911988],[140.430474,35.912253],[140.431458,35.912661],[140.432907,35.913299],[140.433743,35.913627],[140.43879,35.915531],[140.439602,35.915837],[140.441126,35.91631],[140.443671,35.917111],[140.445313,35.917565],[140.446969,35.917991],[140.450543,35.918889],[140.451789,35.919195],[140.451974,35.919239]]}},{"type":"Feature","properties":{"id":836486857,"highway":"unclassified"},"geometry":{"type":"LineString","coordinates":[[140.427629,35.905576],[140.429519,35.906224],[140.431597,35.907011],[140.433684,35.907832],[140.435788,35.908655],[140.436527,35.908945],[140.437427,35.909309],[140.438323,35.909671],[140.439849,35.910247],[140.440534,35.91053]]}},{"type":"Feature","properties":{"id":836486858,"highway":"unclassified"},"geometry":{"type":"LineString","coordinates":[[140.427411,35.90551],[140.427509,35.905541]]}},{"type":"Feature","properties":{"id":836486859,"highway":"residential"},"geometry":{"type":"LineString","coordinates":[[140.402473,35.903752],[140.402243,35.903151],[140.402242,35.903098],[140.402151,35.902863]]}},{"type":"Feature","properties":{"id":836486860,"highway":"residential"},"geometry":{"type":"LineString","coordinates":[[140.401321,35.903341],[140.401667,35.90332],[140.402243,35.903151],[140.402657,35.903072],[140.402678,35.903124]]}},{"type":"Feature","properties":{"id":836486861,"highway":"service"},"geometry":{"type":"LineString","coordinates":[[140.40309,35.901346],[140.403175,35.901512],[140.403212,35.901547],[140.403265,35.901553],[140.404113,35.901294],[140.40427,35.901266],[140.404356,35.901273],[140.404518,35.901317]]}},{"type":"Feature","properties":{"id":836486862,"highway":"residential"},"geometry":{"type":"LineString","coordinates":[[140.404057,35.900914],[140.403797,35.900495],[140.404134,35.900417],[140.404579,35.900462],[140.404881,35.900531]]}},{"type":"Feature","properties":{"id":836486863,"highway":"residential"},"geometry":{"type":"LineString","coordinates":[[140.403758,35.90105],[140.403845,35.901019],[140.404057,35.900914],[140.404823,35.900654]]}},{"type":"Feature","properties":{"id":850712565,"highway":"unclassified"},"geometry":{"type":"LineString","coordinates":[[140.451339,35.946405],[140.45205,35.946052],[140.452145,35.945958],[140.452228,35.945663]]}},{"type":"Feature","properties":{"id":850712566,"highway":"unclassified"},"geometry":{"type":"LineString","coordinates":[[140.452461,35.944873],[140.452651,35.944541],[140.45268,35.944484],[140.452704,35.944402],[140.452854,35.943935],[140.452852,35.943846],[140.452829,35.943768],[140.452327,35.943106]]}},{"type":"Feature","properties":{"id":850712567,"highway":"unclassified"},"geometry":{"type":"LineString","coordinates":[[140.452228,35.945663],[140.452461,35.944873]]}},{"type":"Feature","properties":{"id":853632996,"highway":"service"},"geometry":{"type":"LineString","coordinates":[[140.403161,35.905526],[140.402857,35.905512],[140.402429,35.905526]]}},{"type":"Feature","properties":{"id":853632997,"highway":"service"},"geometry":{"type":"LineString","coordinates":[[140.401881,35.905517],[140.402433,35.905499]]}},{"type":"Feature","properties":{"id":853632998,"highway":"residential"},"geometry":{"type":"LineString","coordinates":[[140.39968,35.90673],[140.400143,35.90669]]}},{"type":"Feature","properties":{"id":854103514,"highway":"service"},"geometry":{"type":"LineString","coordinates":[[140.403322,35.903498],[140.403385,35.903671],[140.403416,35.903724],[140.403474,35.903747],[140.403518,35.903771],[140.403546,35.903811],[140.403569,35.903887]]}},{"type":"Feature","properties":{"id":856188012,"highway":"service"},"geometry":{"type":"LineString","coordinates":[[140.400925,35.904472],[140.400907,35.904354],[140.400854,35.904176]]}},{"type":"Feature","properties":{"id":856188140,"highway":"service"},"geometry":{"type":"LineString","coordinates":[[140.40386,35.907137],[140.40382,35.906881],[140.403833,35.906697]]}},{"type":"Feature","properties":{"id":856206145,"highway":"residential"},"geometry":{"type":"LineString","coordinates":[[140.409035,35.903438],[140.409014,35.903401]]}},{"type":"Feature","properties":{"id":856206146,"highway":"residential"},"geometry":{"type":"LineString","coordinates":[[140.40905,35.903463],[140.409035,35.903438]]}},{"type":"Feature","properties":{"id":856206147,"highway":"residential"},"geometry":{"type":"LineString","coordinates":[[140.406924,35.904245],[140.406903,35.90421]]}},{"type":"Feature","properties":{"id":856206148,"highway":"residential"},"geometry":{"type":"LineString","coordinates":[[140.407774,35.905726],[140.407567,35.905342],[140.40694,35.904274],[140.406924,35.904245]]}},{"type":"Feature","properties":{"id":864848787,"highway":"unclassified"},"geometry":{"type":"LineString","coordinates":[[140.403933,35.961815],[140.403752,35.962016],[140.403566,35.962245],[140.403437,35.962391],[140.403241,35.962773],[140.402951,35.963293]]}},{"type":"Feature","properties":{"id":864849366,"highway":"unclassified"},"geometry":{"type":"LineString","coordinates":[[140.41048,35.965524],[140.410323,35.965586],[140.410082,35.965697],[140.409979,35.965758],[140.409887,35.965833],[140.409799,35.965913],[140.409708,35.96605],[140.409347,35.966583],[140.409052,35.966989],[140.408879,35.967185],[140.408072,35.967934],[140.407834,35.968162],[140.40771,35.968323],[140.407273,35.969082],[140.407041,35.969591],[140.406653,35.970425],[140.406582,35.970524],[140.406521,35.970598],[140.406469,35.970653],[140.406396,35.970712],[140.406305,35.970776],[140.405897,35.970988],[140.405863,35.97102],[140.405841,35.971055],[140.40583,35.971083],[140.405827,35.971115],[140.40583,35.971151],[140.406013,35.97215],[140.40607,35.972409],[140.406115,35.972509],[140.406196,35.972656],[140.406341,35.972907]]}},{"type":"Feature","properties":{"id":864849367,"highway":"unclassified"},"geometry":{"type":"LineString","coordinates":[[140.410829,35.9654],[140.410683,35.965451]]}},{"type":"Feature","properties":{"id":864872081,"highway":"service"},"geometry":{"type":"LineString","coordinates":[[140.411253,35.965534],[140.413325,35.964855],[140.413466,35.964875],[140.416993,35.967415],[140.416653,35.969365],[140.416786,35.969606],[140.41714,35.969921]]}},{"type":"Feature","properties":{"id":864872082,"highway":"unclassified"},"geometry":{"type":"LineString","coordinates":[[140.413937,35.972269],[140.41398,35.972094]]}},{"type":"Feature","properties":{"id":992193677,"highway":"unclassified"},"geometry":{"type":"LineString","coordinates":[[140.435207,35.949957],[140.435275,35.94984],[140.43544,35.949411],[140.43549,35.949325],[140.436036,35.948955],[140.436327,35.948728],[140.436445,35.948607],[140.436509,35.948542],[140.438048,35.946723],[140.439857,35.944588],[140.439868,35.944574],[140.440069,35.944331],[140.440168,35.944201],[140.44021,35.944147]]}},{"type":"Feature","properties":{"id":992193679,"highway":"unclassified"},"geometry":{"type":"LineString","coordinates":[[140.439857,35.944588],[140.441041,35.944742],[140.441169,35.944776],[140.442133,35.945312],[140.444083,35.946405],[140.446116,35.947541],[140.44807,35.948634],[140.450025,35.949723],[140.452412,35.951066],[140.452465,35.951081],[140.4525,35.951082],[140.452537,35.951078],[140.45258,35.951068],[140.453049,35.950915]]}},{"type":"Feature","properties":{"id":992193683,"highway":"unclassified"},"geometry":{"type":"LineString","coordinates":[[140.421754,35.971229],[140.422028,35.971713],[140.42232,35.972504]]}},{"type":"Feature","properties":{"id":992193684,"highway":"unclassified"},"geometry":{"type":"LineString","coordinates":[[140.418794,35.972082],[140.418857,35.971864],[140.419046,35.971774],[140.419525,35.971693],[140.419555,35.971688],[140.419722,35.971659],[140.419825,35.971626]]}},{"type":"Feature","properties":{"id":992193686,"highway":"unclassified"},"geometry":{"type":"LineString","coordinates":[[140.424392,35.977604],[140.424383,35.977731],[140.424322,35.97844]]}},{"type":"Feature","properties":{"id":992193689,"highway":"unclassified"},"geometry":{"type":"LineString","coordinates":[[140.408136,35.977695],[140.408179,35.977723]]}},{"type":"Feature","properties":{"id":992193690,"highway":"unclassified"},"geometry":{"type":"LineString","coordinates":[[140.400904,35.976809],[140.400679,35.976911],[140.400676,35.976927],[140.400679,35.977037]]}},{"type":"Feature","properties":{"id":992193699,"highway":"unclassified"},"geometry":{"type":"LineString","coordinates":[[140.410683,35.965451],[140.41048,35.965524]]}},{"type":"Feature","properties":{"id":992193700,"highway":"unclassified"},"geometry":{"type":"LineString","coordinates":[[140.405255,35.958966],[140.405065,35.959179]]}},{"type":"Feature","properties":{"id":992193701,"highway":"unclassified"},"geometry":{"type":"LineString","coordinates":[[140.405278,35.95894],[140.405255,35.958966]]}},{"type":"Feature","properties":{"id":992193702,"highway":"tertiary"},"geometry":{"type":"LineString","coordinates":[[140.401674,35.955447],[140.401896,35.955486]]}},{"type":"Feature","properties":{"id":992193703,"highway":"tertiary"},"geometry":{"type":"LineString","coordinates":[[140.385879,35.948211],[140.38639,35.948506],[140.387342,35.949056],[140.388314,35.949621],[140.39023,35.950755],[140.392124,35.951849],[140.39374,35.95278],[140.393861,35.95285],[140.394324,35.953057],[140.395929,35.95349],[140.398167,35.954102],[140.40028,35.954675],[140.400401,35.954707],[140.400878,35.954847],[140.401007,35.954911],[140.401076,35.954949],[140.401119,35.954981],[140.401235,35.955075],[140.4013,35.955148],[140.40141,35.955298],[140.401465,35.955351],[140.40152,35.955392],[140.401572,35.955416],[140.401674,35.955447]]}},{"type":"Feature","properties":{"id":992193704,"highway":"service"},"geometry":{"type":"LineString","coordinates":[[140.440992,35.919771],[140.441236,35.919438]]}},{"type":"Feature","properties":{"id":992193705,"highway":"residential"},"geometry":{"type":"LineString","coordinates":[[140.443339,35.923163],[140.442297,35.922302],[140.440646,35.920907]]}},{"type":"Feature","properties":{"id":992193706,"highway":"tertiary"},"geometry":{"type":"LineString","coordinates":[[140.440296,35.920285],[140.440306,35.919841],[140.44036,35.918772]]}},{"type":"Feature","properties":{"id":992193707,"highway":"residential"},"geometry":{"type":"LineString","coordinates":[[140.44036,35.918772],[140.44035,35.917649]]}},{"type":"Feature","properties":{"id":992193714,"highway":"unclassified"},"geometry":{"type":"LineString","coordinates":[[140.428927,35.922349],[140.428948,35.922356]]}},{"type":"Feature","properties":{"id":992193715,"highway":"unclassified"},"geometry":{"type":"LineString","coordinates":[[140.420559,35.951374],[140.420108,35.951141]]}},{"type":"Feature","properties":{"id":992193716,"highway":"unclassified"},"geometry":{"type":"LineString","coordinates":[[140.421828,35.949182],[140.420905,35.949442],[140.420808,35.949483],[140.420622,35.949596]]}},{"type":"Feature","properties":{"id":992193717,"highway":"residential"},"geometry":{"type":"LineString","coordinates":[[140.420041,35.942831],[140.42015,35.942893],[140.420223,35.942927],[140.420504,35.943018],[140.420595,35.943077],[140.421418,35.943602],[140.422996,35.944616],[140.424463,35.945543],[140.425163,35.946008]]}},{"type":"Feature","properties":{"id":992193718,"highway":"unclassified"},"geometry":{"type":"LineString","coordinates":[[140.419927,35.942063],[140.419452,35.942352],[140.419202,35.942521]]}},{"type":"Feature","properties":{"id":992193737,"highway":"unclassified"},"geometry":{"type":"LineString","coordinates":[[140.442022,35.972147],[140.441796,35.971769],[140.441657,35.971457],[140.441499,35.971064],[140.441413,35.970836],[140.441369,35.970717],[140.44129,35.970343],[140.441232,35.969926],[140.441226,35.969634],[140.441269,35.969308],[140.441315,35.969105],[140.441333,35.968913],[140.441343,35.96888],[140.441235,35.968715],[140.44118,35.968644],[140.441093,35.968558],[140.440395,35.967881],[140.440169,35.967656],[140.439823,35.967294],[140.439516,35.967031]]}},{"type":"Feature","properties":{"id":992193739,"highway":"residential"},"geometry":{"type":"LineString","coordinates":[[140.43826,35.964326],[140.438489,35.9646],[140.438695,35.964818],[140.438769,35.9649],[140.438793,35.964909]]}},{"type":"Feature","properties":{"id":992193740,"highway":"unclassified"},"geometry":{"type":"LineString","coordinates":[[140.438793,35.964909],[140.440594,35.964184],[140.441292,35.963983],[140.441984,35.964047],[140.442705,35.964052],[140.44296,35.964148],[140.443264,35.964256],[140.443843,35.964363]]}},{"type":"Feature","properties":{"id":992193741,"highway":"unclassified"},"geometry":{"type":"LineString","coordinates":[[140.437149,35.964746],[140.43682,35.964388],[140.436678,35.96421],[140.436478,35.963897],[140.436469,35.963867],[140.436469,35.963841]]}},{"type":"Feature","properties":{"id":992193745,"highway":"residential"},"geometry":{"type":"LineString","coordinates":[[140.401715,35.950165],[140.401827,35.950321]]}},{"type":"Feature","properties":{"id":992193749,"highway":"residential"},"geometry":{"type":"LineString","coordinates":[[140.403005,35.961122],[140.403074,35.960928],[140.403202,35.960625],[140.40322,35.960585]]}},{"type":"Feature","properties":{"id":992193750,"highway":"unclassified"},"geometry":{"type":"LineString","coordinates":[[140.405065,35.959179],[140.405044,35.959203],[140.404253,35.95978],[140.403807,35.960097],[140.403664,35.9602],[140.403629,35.960251],[140.403339,35.960484],[140.40322,35.960585]]}},{"type":"Feature","properties":{"id":1021312606,"highway":"service"},"geometry":{"type":"LineString","coordinates":[[140.498978,35.899681],[140.499034,35.89974],[140.499319,35.900035]]}},{"type":"Feature","properties":{"id":1044431846,"highway":"trunk"},"geometry":{"type":"LineString","coordinates":[[140.499397,35.948771],[140.499922,35.949116]]}},{"type":"Feature","properties":{"id":1084955277,"highway":"trunk"},"geometry":{"type":"LineString","coordinates":[[140.399823,35.904424],[140.399975,35.904387],[140.400045,35.90437],[140.400446,35.904271],[140.400854,35.904176],[140.401376,35.904055],[140.401458,35.904036]]}},{"type":"Feature","properties":{"id":1084955464,"highway":"trunk"},"geometry":{"type":"LineString","coordinates":[[140.404358,35.903195],[140.404476,35.90318],[140.404676,35.903154],[140.404827,35.903101],[140.405349,35.902853],[140.405637,35.902626],[140.405663,35.902599],[140.405745,35.902517],[140.405981,35.90218],[140.40604,35.902106],[140.406114,35.902015],[140.407052,35.901371],[140.407215,35.901225],[140.407405,35.90101],[140.407454,35.900935],[140.407469,35.900913],[140.407526,35.900804],[140.40816,35.899652],[140.408291,35.899473],[140.408446,35.899314],[140.408635,35.899153],[140.408981,35.898882],[140.409281,35.898672],[140.409348,35.898625]]}},{"type":"Feature","properties":{"id":1087525384,"highway":"service"},"geometry":{"type":"LineString","coordinates":[[140.402355,35.901935],[140.40228,35.901532],[140.402284,35.901491],[140.402324,35.901456],[140.402375,35.901446],[140.40309,35.901346]]}},{"type":"Feature","properties":{"id":1087525387,"highway":"trunk"},"geometry":{"type":"LineString","coordinates":[[140.401572,35.904005],[140.402429,35.903765],[140.402473,35.903752],[140.40282,35.903647],[140.403322,35.903498],[140.403341,35.903493],[140.403806,35.903387],[140.403985,35.903339],[140.404302,35.903216],[140.404358,35.903195]]}},{"type":"Feature","properties":{"id":1087525388,"highway":"unclassified"},"geometry":{"type":"LineString","coordinates":[[140.404518,35.901317],[140.404495,35.901372],[140.404271,35.901882]]}},{"type":"Feature","properties":{"id":1087525389,"highway":"service"},"geometry":{"type":"LineString","coordinates":[[140.405466,35.901319],[140.405483,35.901348]]}},{"type":"Feature","properties":{"id":1087525390,"highway":"service"},"geometry":{"type":"LineString","coordinates":[[140.404518,35.901317],[140.404661,35.901351],[140.404913,35.901273],[140.405144,35.901191],[140.405318,35.901221],[140.405466,35.901319]]}},{"type":"Feature","properties":{"id":1087525410,"highway":"unclassified"},"geometry":{"type":"LineString","coordinates":[[140.402179,35.907359],[140.401731,35.907407],[140.401469,35.907398],[140.401218,35.907386],[140.401024,35.907384],[140.400699,35.907332],[140.399496,35.907051],[140.398764,35.906855]]}},{"type":"Feature","properties":{"id":1087525411,"highway":"service"},"geometry":{"type":"LineString","coordinates":[[140.401399,35.904651],[140.401577,35.904613],[140.401615,35.904605]]}},{"type":"Feature","properties":{"id":1087525415,"highway":"unclassified"},"geometry":{"type":"LineString","coordinates":[[140.411879,35.903948],[140.41235,35.903819],[140.413203,35.903614],[140.414013,35.903461]]}},{"type":"Feature","properties":{"id":1087525416,"highway":"residential"},"geometry":{"type":"LineString","coordinates":[[140.414013,35.903461],[140.413915,35.903304],[140.413847,35.903165],[140.413812,35.903014],[140.41381,35.902611],[140.41382,35.902253],[140.413835,35.902084],[140.413869,35.90188],[140.414065,35.901322],[140.414207,35.900917],[140.41432,35.900753],[140.414748,35.900261],[140.414846,35.900176],[140.415004,35.900079],[140.415119,35.90004],[140.415269,35.900002],[140.415814,35.899999]]}},{"type":"Feature","properties":{"id":1087525419,"highway":"unclassified"},"geometry":{"type":"LineString","coordinates":[[140.427509,35.905541],[140.427629,35.905576]]}},{"type":"Feature","properties":{"id":1087525420,"highway":"service"},"geometry":{"type":"LineString","coordinates":[[140.423601,35.904085],[140.423598,35.903975],[140.423573,35.90395],[140.423496,35.903929]]}},{"type":"Feature","properties":{"id":1087525421,"highway":"service"},"geometry":{"type":"LineString","coordinates":[[140.4237,35.90382],[140.423829,35.903845],[140.423861,35.903826],[140.42388,35.903751]]}},{"type":"Feature","properties":{"id":1087525423,"highway":"service"},"geometry":{"type":"LineString","coordinates":[[140.423112,35.903562],[140.423046,35.904219]]}},{"type":"Feature","properties":{"id":1087525424,"highway":"service"},"geometry":{"type":"LineString","coordinates":[[140.424761,35.902566],[140.424976,35.902548]]}},{"type":"Feature","properties":{"id":1087525425,"highway":"service"},"geometry":{"type":"LineString","coordinates":[[140.424823,35.903217],[140.424876,35.90336],[140.424945,35.903501]]}},{"type":"Feature","properties":{"id":1087525426,"highway":"service"},"geometry":{"type":"LineString","coordinates":[[140.424839,35.903491],[140.424876,35.90336]]}},{"type":"Feature","properties":{"id":1087525427,"highway":"service"},"geometry":{"type":"LineString","coordinates":[[140.424797,35.903574],[140.424835,35.903581],[140.424869,35.903566],[140.424884,35.903538],[140.424872,35.903508],[140.424839,35.903491],[140.424801,35.903495],[140.424775,35.903518],[140.424773,35.90355],[140.424797,35.903574]]}},{"type":"Feature","properties":{"id":1087525431,"highway":"service"},"geometry":{"type":"LineString","coordinates":[[140.424742,35.904262],[140.424876,35.90431],[140.424892,35.904337],[140.424899,35.904384],[140.424863,35.904477],[140.424862,35.904584],[140.424874,35.904656],[140.424853,35.904733]]}},{"type":"Feature","properties":{"id":1087525432,"highway":"service"},"geometry":{"type":"LineString","coordinates":[[140.424058,35.904508],[140.424255,35.904078],[140.424336,35.904052],[140.424357,35.904016],[140.424353,35.903982],[140.424247,35.903899],[140.42419,35.903822],[140.42388,35.903751],[140.423604,35.903688]]}},{"type":"Feature","properties":{"id":1087525446,"highway":"service"},"geometry":{"type":"LineString","coordinates":[[140.439849,35.910247],[140.439945,35.910031],[140.439823,35.909986]]}},{"type":"Feature","properties":{"id":1087525455,"highway":"service"},"geometry":{"type":"LineString","coordinates":[[140.437427,35.909309],[140.437472,35.909258],[140.437459,35.909237],[140.437463,35.90919],[140.437608,35.90901]]}},{"type":"Feature","properties":{"id":1087525462,"highway":"residential"},"geometry":{"type":"LineString","coordinates":[[140.439206,35.908482],[140.438633,35.908249]]}},{"type":"Feature","properties":{"id":1087525463,"highway":"service"},"geometry":{"type":"LineString","coordinates":[[140.437145,35.908255],[140.437344,35.908472]]}},{"type":"Feature","properties":{"id":1087525464,"highway":"service"},"geometry":{"type":"LineString","coordinates":[[140.437047,35.908639],[140.437344,35.908472],[140.437589,35.908334],[140.437612,35.908301],[140.437606,35.908264],[140.437477,35.908065]]}},{"type":"Feature","properties":{"id":1087525466,"highway":"secondary"},"geometry":{"type":"LineString","coordinates":[[140.496015,35.911262],[140.495961,35.911219],[140.495718,35.911002]]}},{"type":"Feature","properties":{"id":1087525467,"highway":"unclassified"},"geometry":{"type":"LineString","coordinates":[[140.498327,35.91852],[140.497208,35.916517]]}},{"type":"Feature","properties":{"id":1087525468,"highway":"unclassified"},"geometry":{"type":"LineString","coordinates":[[140.494559,35.917482],[140.497208,35.916517]]}},{"type":"Feature","properties":{"id":1087525469,"highway":"unclassified"},"geometry":{"type":"LineString","coordinates":[[140.499495,35.920611],[140.499478,35.920578],[140.498988,35.919702],[140.498327,35.91852]]}},{"type":"Feature","properties":{"id":1087525474,"highway":"tertiary"},"geometry":{"type":"LineString","coordinates":[[140.499642,35.934399],[140.499703,35.934351],[140.499997,35.934162],[140.50028,35.934032],[140.505732,35.931978],[140.505808,35.931947]]}},{"type":"Feature","properties":{"id":1087525476,"highway":"tertiary"},"geometry":{"type":"LineString","coordinates":[[140.498252,35.935646],[140.498443,35.935544],[140.498648,35.935417],[140.498777,35.935293],[140.499455,35.934562],[140.499642,35.934399]]}},{"type":"Feature","properties":{"id":1087525708,"highway":"service"},"geometry":{"type":"LineString","coordinates":[[140.497598,35.91085],[140.49833,35.910616]]}},{"type":"Feature","properties":{"id":1087525709,"highway":"primary"},"geometry":{"type":"LineString","coordinates":[[140.489355,35.91822],[140.489483,35.917971],[140.489903,35.917159],[140.490034,35.916916],[140.490089,35.916815],[140.490126,35.916732],[140.490156,35.91665],[140.490188,35.916537],[140.4902,35.916476],[140.490207,35.916415]]}},{"type":"Feature","properties":{"id":1087525710,"highway":"trunk"},"geometry":{"type":"LineString","coordinates":[[140.487047,35.916369],[140.487452,35.916215],[140.487641,35.916141],[140.487926,35.916016]]}},{"type":"Feature","properties":{"id":1087525711,"highway":"trunk"},"geometry":{"type":"LineString","coordinates":[[140.487926,35.916016],[140.488176,35.915889],[140.488533,35.915677],[140.488817,35.915506],[140.488978,35.915395],[140.48914,35.915271],[140.489274,35.915163],[140.489365,35.915075]]}},{"type":"Feature","properties":{"id":1087525712,"highway":"residential"},"geometry":{"type":"LineString","coordinates":[[140.489355,35.91822],[140.486806,35.917834]]}},{"type":"Feature","properties":{"id":1087525713,"highway":"residential"},"geometry":{"type":"LineString","coordinates":[[140.486806,35.917834],[140.486553,35.918833],[140.486354,35.919722]]}},{"type":"Feature","properties":{"id":1087525714,"highway":"primary"},"geometry":{"type":"LineString","coordinates":[[140.488335,35.919994],[140.488397,35.919889],[140.488704,35.919381],[140.488777,35.919258],[140.488846,35.919136],[140.489044,35.918786],[140.489355,35.91822]]}},{"type":"Feature","properties":{"id":1087525715,"highway":"trunk"},"geometry":{"type":"LineString","coordinates":[[140.483895,35.91933],[140.483915,35.919244],[140.483955,35.919114],[140.484005,35.918963],[140.484064,35.918793],[140.484121,35.918667],[140.484181,35.918544],[140.484236,35.918437],[140.484329,35.918263],[140.484438,35.9181],[140.484523,35.917978],[140.484668,35.917787],[140.484807,35.917643],[140.48495,35.917511]]}},{"type":"Feature","properties":{"id":1087525716,"highway":"trunk"},"geometry":{"type":"LineString","coordinates":[[140.488084,35.901845],[140.488317,35.901664]]}},{"type":"Feature","properties":{"id":1087525717,"highway":"trunk_link"},"geometry":{"type":"LineString","coordinates":[[140.489106,35.902466],[140.489064,35.902414],[140.488433,35.901778],[140.488317,35.901664]]}},{"type":"Feature","properties":{"id":1087525718,"highway":"trunk_link"},"geometry":{"type":"LineString","coordinates":[[140.488084,35.901845],[140.48819,35.901942],[140.488301,35.902053],[140.488873,35.902576],[140.488929,35.902621]]}},{"type":"Feature","properties":{"id":1087525719,"highway":"trunk"},"geometry":{"type":"LineString","coordinates":[[140.486822,35.902774],[140.486881,35.902711],[140.486939,35.90266],[140.487152,35.9025],[140.487519,35.902242],[140.48769,35.902115],[140.487952,35.901932],[140.488084,35.901845]]}},{"type":"Feature","properties":{"id":1087525720,"highway":"primary"},"geometry":{"type":"LineString","coordinates":[[140.486493,35.927115],[140.486484,35.926876],[140.486483,35.926776],[140.486489,35.926026],[140.486509,35.925826],[140.486547,35.925589],[140.486567,35.925484],[140.486822,35.924298],[140.486961,35.923656],[140.487021,35.923369],[140.487045,35.923284],[140.487128,35.922985],[140.487317,35.92235],[140.487399,35.922097],[140.487538,35.921705],[140.487666,35.921395],[140.487986,35.920677],[140.488159,35.920309],[140.488335,35.919994]]}},{"type":"Feature","properties":{"id":1087525721,"highway":"primary"},"geometry":{"type":"LineString","coordinates":[[140.490422,35.914726],[140.490287,35.914642],[140.490166,35.914566]]}},{"type":"Feature","properties":{"id":1087525756,"highway":"unclassified"},"geometry":{"type":"LineString","coordinates":[[140.476356,35.918181],[140.476806,35.918244]]}},{"type":"Feature","properties":{"id":1087525757,"highway":"service"},"geometry":{"type":"LineString","coordinates":[[140.476312,35.918585],[140.476349,35.918575],[140.476365,35.91856],[140.476437,35.918382]]}},{"type":"Feature","properties":{"id":1087525758,"highway":"service"},"geometry":{"type":"LineString","coordinates":[[140.476035,35.918401],[140.475861,35.918059]]}},{"type":"Feature","properties":{"id":1087525759,"highway":"service"},"geometry":{"type":"LineString","coordinates":[[140.475907,35.918496],[140.475735,35.918093]]}},{"type":"Feature","properties":{"id":1087525760,"highway":"service"},"geometry":{"type":"LineString","coordinates":[[140.475594,35.918507],[140.475664,35.91841],[140.475675,35.91836],[140.475667,35.918313],[140.475607,35.918118]]}},{"type":"Feature","properties":{"id":1087525762,"highway":"unclassified"},"geometry":{"type":"LineString","coordinates":[[140.476289,35.918016],[140.476356,35.918181],[140.476437,35.918382],[140.476563,35.918695],[140.476555,35.918722],[140.476526,35.918755],[140.476474,35.918775],[140.475985,35.918835],[140.475961,35.91883],[140.475608,35.918694],[140.475578,35.918686],[140.475504,35.918702]]}},{"type":"Feature","properties":{"id":1087525776,"highway":"service"},"geometry":{"type":"LineString","coordinates":[[140.488908,35.916218],[140.488929,35.916131]]}},{"type":"Feature","properties":{"id":1087525777,"highway":"unclassified"},"geometry":{"type":"LineString","coordinates":[[140.487926,35.916016],[140.488023,35.916083],[140.488908,35.916218],[140.490114,35.916401],[140.490207,35.916415]]}},{"type":"Feature","properties":{"id":1087525778,"highway":"service"},"geometry":{"type":"LineString","coordinates":[[140.488635,35.915943],[140.489198,35.916029]]}},{"type":"Feature","properties":{"id":1087525779,"highway":"service"},"geometry":{"type":"LineString","coordinates":[[140.488817,35.915506],[140.489222,35.915931]]}},{"type":"Feature","properties":{"id":1087525780,"highway":"service"},"geometry":{"type":"LineString","coordinates":[[140.489259,35.91577],[140.489203,35.915705],[140.489127,35.915619],[140.489215,35.915565],[140.489235,35.91557],[140.489203,35.915705]]}},{"type":"Feature","properties":{"id":1087525781,"highway":"service"},"geometry":{"type":"LineString","coordinates":[[140.489222,35.915931],[140.489198,35.916029],[140.489166,35.916168],[140.488929,35.916131],[140.488603,35.916081],[140.488635,35.915943],[140.488658,35.915844],[140.489222,35.915931]]}},{"type":"Feature","properties":{"id":1087525782,"highway":"service"},"geometry":{"type":"LineString","coordinates":[[140.489222,35.915931],[140.489259,35.91577],[140.489279,35.915684]]}},{"type":"Feature","properties":{"id":1087526266,"highway":"service"},"geometry":{"type":"LineString","coordinates":[[140.480361,35.900174],[140.480241,35.899977]]}},{"type":"Feature","properties":{"id":1087526267,"highway":"service"},"geometry":{"type":"LineString","coordinates":[[140.480402,35.899913],[140.480241,35.899977],[140.480067,35.900046]]}},{"type":"Feature","properties":{"id":1110193024,"highway":"secondary"},"geometry":{"type":"LineString","coordinates":[[140.495565,35.910867],[140.495521,35.910829],[140.495481,35.910801],[140.495391,35.910759],[140.495314,35.910735],[140.495217,35.910726],[140.495153,35.910728],[140.495043,35.910735],[140.494913,35.910751],[140.494809,35.910772],[140.494701,35.910824],[140.494631,35.910868],[140.494592,35.910903]]}},{"type":"Feature","properties":{"id":1122270008,"highway":"primary"},"geometry":{"type":"LineString","coordinates":[[140.489998,35.903776],[140.490129,35.903719]]}},{"type":"Feature","properties":{"id":1122270009,"highway":"trunk"},"geometry":{"type":"LineString","coordinates":[[140.490363,35.904233],[140.490321,35.9041],[140.490271,35.903976],[140.490247,35.903928],[140.490129,35.903719]]}},{"type":"Feature","properties":{"id":1122270011,"highway":"trunk"},"geometry":{"type":"LineString","coordinates":[[140.490737,35.913304],[140.490848,35.913047],[140.490938,35.912817],[140.490986,35.912673],[140.491044,35.912473],[140.491103,35.912253],[140.491135,35.912102],[140.491152,35.911999],[140.491181,35.911849],[140.491193,35.911736],[140.491206,35.911605]]}},{"type":"Feature","properties":{"id":1122270012,"highway":"trunk"},"geometry":{"type":"LineString","coordinates":[[140.491112,35.911598],[140.491102,35.91172],[140.491092,35.911837],[140.491071,35.911972],[140.491051,35.912068],[140.490999,35.912305],[140.490921,35.91257],[140.490839,35.912794],[140.490749,35.913026],[140.490633,35.91327]]}},{"type":"Feature","properties":{"id":1122270013,"highway":"trunk"},"geometry":{"type":"LineString","coordinates":[[140.491113,35.911113],[140.491119,35.911332],[140.491112,35.911598]]}},{"type":"Feature","properties":{"id":1122270015,"highway":"trunk"},"geometry":{"type":"LineString","coordinates":[[140.491206,35.911605],[140.491213,35.911348],[140.491207,35.911104]]}},{"type":"Feature","properties":{"id":1126169573,"highway":"residential"},"geometry":{"type":"LineString","coordinates":[[140.40357,35.905552],[140.40475,35.905121],[140.405832,35.904694],[140.405837,35.904691]]}},{"type":"Feature","properties":{"id":1126169574,"highway":"residential"},"geometry":{"type":"LineString","coordinates":[[140.405837,35.904691],[140.405947,35.90465]]}},{"type":"Feature","properties":{"id":1126169583,"highway":"residential"},"geometry":{"type":"LineString","coordinates":[[140.411671,35.903442],[140.411407,35.902896],[140.411347,35.902816],[140.411134,35.902661],[140.411089,35.902502],[140.411052,35.902426],[140.410996,35.902049],[140.410996,35.901992],[140.410985,35.901973]]}},{"type":"Feature","properties":{"id":1126169584,"highway":"residential"},"geometry":{"type":"LineString","coordinates":[[140.410985,35.901973],[140.410946,35.901902]]}},{"type":"Feature","properties":{"id":1126169591,"highway":"residential"},"geometry":{"type":"LineString","coordinates":[[140.423448,35.901672],[140.424678,35.901756],[140.424812,35.901974],[140.425012,35.902266],[140.425032,35.902303],[140.42498,35.902432],[140.424976,35.902548],[140.425019,35.902865],[140.425008,35.902989],[140.42499,35.90307],[140.424945,35.903136],[140.424897,35.903188],[140.424823,35.903217],[140.424497,35.903279],[140.424181,35.903276],[140.423889,35.903216],[140.423748,35.903414],[140.423604,35.903688],[140.423496,35.903929],[140.423326,35.904301]]}},{"type":"Feature","properties":{"id":1126169592,"highway":"residential"},"geometry":{"type":"LineString","coordinates":[[140.423267,35.901663],[140.423448,35.901672]]}},{"type":"Feature","properties":{"id":1126169604,"highway":"unclassified"},"geometry":{"type":"LineString","coordinates":[[140.427751,35.902471],[140.427766,35.90237],[140.427896,35.902181],[140.428086,35.901911],[140.428017,35.901716]]}},{"type":"Feature","properties":{"id":1126169605,"highway":"unclassified"},"geometry":{"type":"LineString","coordinates":[[140.428017,35.901716],[140.427974,35.901563]]}},{"type":"Feature","properties":{"id":1126169628,"highway":"residential"},"geometry":{"type":"LineString","coordinates":[[140.472263,35.909675],[140.472245,35.909654]]}},{"type":"Feature","properties":{"id":1126169629,"highway":"residential"},"geometry":{"type":"LineString","coordinates":[[140.47232,35.909743],[140.472263,35.909675]]}},{"type":"Feature","properties":{"id":1126169653,"highway":"residential"},"geometry":{"type":"LineString","coordinates":[[140.468392,35.91276],[140.468448,35.91283]]}},{"type":"Feature","properties":{"id":1126169654,"highway":"residential"},"geometry":{"type":"LineString","coordinates":[[140.468377,35.912741],[140.468392,35.91276]]}},{"type":"Feature","properties":{"id":1135624330,"highway":"unclassified"},"geometry":{"type":"LineString","coordinates":[[140.495444,35.91299],[140.49538,35.912799]]}},{"type":"Feature","properties":{"id":1135624336,"highway":"service"},"geometry":{"type":"LineString","coordinates":[[140.474468,35.995841],[140.474414,35.995657],[140.474412,35.995613],[140.474392,35.995537],[140.474343,35.995402],[140.474338,35.995354],[140.474343,35.995297],[140.474374,35.995251],[140.474407,35.995174],[140.474432,35.995099],[140.474444,35.995034],[140.474459,35.994946],[140.474462,35.99484],[140.474486,35.994758],[140.474504,35.994711],[140.474462,35.994675],[140.474363,35.994594],[140.474303,35.994553],[140.474233,35.99451]]}},{"type":"Feature","properties":{"id":1135628134,"highway":"unclassified"},"geometry":{"type":"LineString","coordinates":[[140.480615,35.988324],[140.48067,35.988295]]}},{"type":"Feature","properties":{"id":1135628135,"highway":"unclassified"},"geometry":{"type":"LineString","coordinates":[[140.480598,35.988333],[140.480615,35.988324]]}},{"type":"Feature","properties":{"id":1135628137,"highway":"residential"},"geometry":{"type":"LineString","coordinates":[[140.480458,35.988895],[140.480299,35.989065],[140.48022,35.989132],[140.480139,35.989178],[140.480027,35.989211],[140.479649,35.989379],[140.479584,35.98943],[140.479563,35.989446],[140.479504,35.989501],[140.479394,35.989644],[140.479372,35.989685],[140.479365,35.989718],[140.479371,35.989751],[140.479388,35.989784],[140.479452,35.989873],[140.479507,35.989948],[140.479541,35.990011],[140.479546,35.990061],[140.479541,35.990125],[140.479496,35.990314],[140.479469,35.990371],[140.479396,35.990468],[140.479325,35.990557],[140.479273,35.990595],[140.479224,35.990618],[140.479179,35.990632],[140.479122,35.990653],[140.479083,35.990667],[140.479054,35.990696],[140.479039,35.990739],[140.479025,35.990781],[140.478991,35.990819],[140.478961,35.990841],[140.478909,35.99086],[140.478876,35.99088],[140.478854,35.990904],[140.478852,35.990936],[140.478861,35.990965],[140.478892,35.991017],[140.478899,35.991066],[140.478905,35.99109],[140.478925,35.991119],[140.47893,35.991148],[140.47893,35.991166],[140.478904,35.991299],[140.478898,35.991343],[140.478887,35.991381],[140.478863,35.99143],[140.47883,35.99147],[140.478799,35.991497],[140.478692,35.991547],[140.478622,35.991576],[140.478573,35.991593],[140.478522,35.991597],[140.47846,35.991596],[140.478339,35.991593],[140.478261,35.991601],[140.47812,35.991627],[140.478024,35.99167]]}},{"type":"Feature","properties":{"id":1135628138,"highway":"residential"},"geometry":{"type":"LineString","coordinates":[[140.479588,35.990878],[140.479752,35.990942],[140.479781,35.990963],[140.479802,35.990995],[140.479845,35.991027],[140.480224,35.991144],[140.480528,35.9912],[140.48067,35.991239],[140.480788,35.991295],[140.4809,35.991353],[140.481038,35.991486],[140.481381,35.991845]]}},{"type":"Feature","properties":{"id":1135628139,"highway":"unclassified"},"geometry":{"type":"LineString","coordinates":[[140.482797,35.99074],[140.482951,35.990651]]}},{"type":"Feature","properties":{"id":1135628140,"highway":"unclassified"},"geometry":{"type":"LineString","coordinates":[[140.482951,35.990651],[140.482972,35.990633]]}},{"type":"Feature","properties":{"id":1135628141,"highway":"unclassified"},"geometry":{"type":"LineString","coordinates":[[140.482765,35.990759],[140.482797,35.99074]]}},{"type":"Feature","properties":{"id":1135628146,"highway":"service"},"geometry":{"type":"LineString","coordinates":[[140.479781,35.990963],[140.479774,35.990918],[140.47978,35.990849],[140.479787,35.990801],[140.47981,35.990746],[140.47983,35.990654]]}},{"type":"Feature","properties":{"id":1135628153,"highway":"service"},"geometry":{"type":"LineString","coordinates":[[140.479358,35.992219],[140.479372,35.992362],[140.479392,35.992434],[140.47943,35.992477],[140.47949,35.99253],[140.479529,35.992564],[140.479543,35.992603],[140.479521,35.992658]]}},{"type":"Feature","properties":{"id":1135629338,"highway":"service"},"geometry":{"type":"LineString","coordinates":[[140.473642,35.991581],[140.473156,35.991469]]}},{"type":"Feature","properties":{"id":1135633062,"highway":"service"},"geometry":{"type":"LineString","coordinates":[[140.480783,35.991729],[140.480899,35.991582],[140.481038,35.991486]]}},{"type":"Feature","properties":{"id":1135633065,"highway":"service"},"geometry":{"type":"LineString","coordinates":[[140.480205,35.992576],[140.480281,35.992354]]}},{"type":"Feature","properties":{"id":1135633073,"highway":"service"},"geometry":{"type":"LineString","coordinates":[[140.478049,35.990006],[140.478037,35.989991],[140.477741,35.989636]]}},{"type":"Feature","properties":{"id":1135633074,"highway":"service"},"geometry":{"type":"LineString","coordinates":[[140.477203,35.99087],[140.477302,35.990736],[140.477355,35.990645],[140.47739,35.990562],[140.477407,35.99046],[140.47743,35.990355],[140.477466,35.990279],[140.477583,35.990142],[140.477671,35.990058],[140.477782,35.989964],[140.477831,35.989945],[140.477955,35.990078],[140.478049,35.990006]]}},{"type":"Feature","properties":{"id":1135633075,"highway":"service"},"geometry":{"type":"LineString","coordinates":[[140.478234,35.9904],[140.4781,35.990325],[140.477951,35.99009],[140.477955,35.990078]]}},{"type":"Feature","properties":{"id":1135633076,"highway":"service"},"geometry":{"type":"LineString","coordinates":[[140.477763,35.990267],[140.477659,35.990195],[140.477583,35.990142]]}},{"type":"Feature","properties":{"id":1135633077,"highway":"service"},"geometry":{"type":"LineString","coordinates":[[140.477721,35.990142],[140.477659,35.990195]]}},{"type":"Feature","properties":{"id":1135633078,"highway":"service"},"geometry":{"type":"LineString","coordinates":[[140.477407,35.99046],[140.477492,35.990549],[140.477506,35.990604],[140.477539,35.990643],[140.477656,35.990686],[140.477666,35.990684],[140.477709,35.990605],[140.477721,35.990601],[140.477831,35.990624],[140.478124,35.99073],[140.478332,35.99089]]}},{"type":"Feature","properties":{"id":1135633081,"highway":"service"},"geometry":{"type":"LineString","coordinates":[[140.477951,35.989446],[140.478282,35.98981]]}},{"type":"Feature","properties":{"id":1136583986,"highway":"residential"},"geometry":{"type":"LineString","coordinates":[[140.492731,35.900116],[140.49255,35.89971],[140.491836,35.898683]]}},{"type":"Feature","properties":{"id":1136583987,"highway":"trunk"},"geometry":{"type":"LineString","coordinates":[[140.492731,35.900116],[140.492077,35.900321],[140.491889,35.900364],[140.49167,35.900405],[140.491554,35.900468]]}},{"type":"Feature","properties":{"id":1136583988,"highway":"trunk"},"geometry":{"type":"LineString","coordinates":[[140.492766,35.900199],[140.493499,35.899958],[140.493877,35.899822],[140.493987,35.899788]]}},{"type":"Feature","properties":{"id":1136854177,"highway":"trunk"},"geometry":{"type":"LineString","coordinates":[[140.483345,35.921196],[140.483065,35.922326],[140.482905,35.922969],[140.482882,35.923062],[140.482648,35.924007],[140.482592,35.924257]]}},{"type":"Feature","properties":{"id":1136854178,"highway":"unclassified"},"geometry":{"type":"LineString","coordinates":[[140.483459,35.921214],[140.483345,35.921196]]}},{"type":"Feature","properties":{"id":1136854179,"highway":"trunk"},"geometry":{"type":"LineString","coordinates":[[140.483459,35.921214],[140.483604,35.920585],[140.48374,35.920014]]}},{"type":"Feature","properties":{"id":1136854180,"highway":"tertiary"},"geometry":{"type":"LineString","coordinates":[[140.483635,35.9193],[140.480667,35.91887],[140.477273,35.918331]]}},{"type":"Feature","properties":{"id":1136854181,"highway":"residential"},"geometry":{"type":"LineString","coordinates":[[140.48963,35.914465],[140.487634,35.914155],[140.485325,35.913818]]}},{"type":"Feature","properties":{"id":1136854183,"highway":"trunk"},"geometry":{"type":"LineString","coordinates":[[140.49393,35.899721],[140.493816,35.899767],[140.492731,35.900116]]}},{"type":"Feature","properties":{"id":1138328831,"highway":"residential"},"geometry":{"type":"LineString","coordinates":[[140.482516,35.926089],[140.482501,35.926214],[140.482491,35.926381],[140.482488,35.926594],[140.482493,35.926773],[140.482508,35.927042]]}},{"type":"Feature","properties":{"id":1138328832,"highway":"unclassified"},"geometry":{"type":"LineString","coordinates":[[140.482984,35.924069],[140.482913,35.924056],[140.482794,35.924034],[140.482648,35.924007]]}},{"type":"Feature","properties":{"id":1138328833,"highway":"unclassified"},"geometry":{"type":"LineString","coordinates":[[140.483203,35.923115],[140.483136,35.923104],[140.48302,35.923085],[140.482882,35.923062]]}},{"type":"Feature","properties":{"id":1138328836,"highway":"service"},"geometry":{"type":"LineString","coordinates":[[140.485906,35.916854],[140.486016,35.916994],[140.486091,35.917063]]}},{"type":"Feature","properties":{"id":1138328837,"highway":"service"},"geometry":{"type":"LineString","coordinates":[[140.486016,35.916994],[140.486108,35.916976],[140.486295,35.916998],[140.486467,35.917028],[140.486332,35.917643],[140.486148,35.917615],[140.486295,35.916998]]}},{"type":"Feature","properties":{"id":1138328838,"highway":"unclassified"},"geometry":{"type":"LineString","coordinates":[[140.487926,35.916016],[140.487876,35.915922]]}},{"type":"Feature","properties":{"id":1138328841,"highway":"trunk"},"geometry":{"type":"LineString","coordinates":[[140.489983,35.914465],[140.490094,35.91433],[140.490168,35.914238],[140.490381,35.913945]]}},{"type":"Feature","properties":{"id":1139139305,"highway":"primary"},"geometry":{"type":"LineString","coordinates":[[140.490166,35.914566],[140.489983,35.914465]]}},{"type":"Feature","properties":{"id":1139241751,"highway":"trunk"},"geometry":{"type":"LineString","coordinates":[[140.494175,35.982783],[140.491945,35.983877],[140.491249,35.984202],[140.490948,35.984331],[140.490237,35.984614],[140.489377,35.984952]]}},{"type":"Feature","properties":{"id":1139241752,"highway":"unclassified"},"geometry":{"type":"LineString","coordinates":[[140.488658,35.983492],[140.488597,35.983376]]}},{"type":"Feature","properties":{"id":1139241753,"highway":"service"},"geometry":{"type":"LineString","coordinates":[[140.50004,35.977665],[140.49992,35.977542],[140.49979,35.977455],[140.499674,35.9774],[140.49956,35.97737],[140.499361,35.977367],[140.499263,35.977353],[140.499111,35.977303],[140.498946,35.9772],[140.498676,35.977019]]}},{"type":"Feature","properties":{"id":1139241754,"highway":"residential"},"geometry":{"type":"LineString","coordinates":[[140.498482,35.977243],[140.49883,35.97743],[140.499036,35.977509],[140.499412,35.97763],[140.499535,35.977685],[140.499825,35.977844],[140.499867,35.977867]]}},{"type":"Feature","properties":{"id":1139241755,"highway":"unclassified"},"geometry":{"type":"LineString","coordinates":[[140.498327,35.97722],[140.498438,35.977264]]}},{"type":"Feature","properties":{"id":1139241756,"highway":"residential"},"geometry":{"type":"LineString","coordinates":[[140.496425,35.979418],[140.496291,35.979327]]}},{"type":"Feature","properties":{"id":1139241757,"highway":"service"},"geometry":{"type":"LineString","coordinates":[[140.495066,35.985997],[140.495165,35.985853],[140.495195,35.98579],[140.495206,35.98572],[140.4952,35.985629],[140.49521,35.985577],[140.495233,35.98551],[140.495256,35.985452],[140.495289,35.985408],[140.495379,35.985344],[140.495534,35.985251],[140.495655,35.985167],[140.495439,35.985024],[140.495259,35.984902],[140.495006,35.984743],[140.494879,35.984634],[140.494858,35.98459],[140.494872,35.984549],[140.49497,35.984406],[140.495012,35.984336],[140.495017,35.984285],[140.495003,35.984236],[140.494893,35.98409],[140.494739,35.983934]]}},{"type":"Feature","properties":{"id":1139241758,"highway":"trunk"},"geometry":{"type":"LineString","coordinates":[[140.497457,35.980446],[140.497012,35.980799],[140.496189,35.981453],[140.495318,35.982091],[140.494964,35.982338],[140.494592,35.982568],[140.494339,35.982703],[140.494175,35.982783]]}},{"type":"Feature","properties":{"id":1139241759,"highway":"residential"},"geometry":{"type":"LineString","coordinates":[[140.496425,35.979418],[140.497276,35.980318],[140.497457,35.980446]]}},{"type":"Feature","properties":{"id":1139241760,"highway":"trunk"},"geometry":{"type":"LineString","coordinates":[[140.489377,35.984952],[140.489303,35.984977],[140.488924,35.98509],[140.488503,35.98521],[140.487962,35.985364],[140.487523,35.985488],[140.487243,35.985558],[140.487087,35.98559],[140.486847,35.985623],[140.486723,35.985629]]}},{"type":"Feature","properties":{"id":1139241763,"highway":"service"},"geometry":{"type":"LineString","coordinates":[[140.497963,35.98175],[140.498103,35.981884],[140.498482,35.982094]]}},{"type":"Feature","properties":{"id":1139241764,"highway":"service"},"geometry":{"type":"LineString","coordinates":[[140.497895,35.981695],[140.497963,35.98175]]}},{"type":"Feature","properties":{"id":1139241768,"highway":"unclassified"},"geometry":{"type":"LineString","coordinates":[[140.500243,35.978648],[140.499975,35.978481],[140.499874,35.978403]]}},{"type":"Feature","properties":{"id":1139241772,"highway":"service"},"geometry":{"type":"LineString","coordinates":[[140.498976,35.977557],[140.499322,35.97767],[140.499469,35.977727],[140.499636,35.977809],[140.499761,35.977894],[140.499814,35.977933]]}},{"type":"Feature","properties":{"id":1139241773,"highway":"service"},"geometry":{"type":"LineString","coordinates":[[140.498976,35.977557],[140.498685,35.977429],[140.498425,35.977306]]}},{"type":"Feature","properties":{"id":1140675698,"highway":"trunk"},"geometry":{"type":"LineString","coordinates":[[140.478973,35.988542],[140.479441,35.988138],[140.479872,35.98776],[140.479954,35.987687]]}},{"type":"Feature","properties":{"id":1140675699,"highway":"unclassified"},"geometry":{"type":"LineString","coordinates":[[140.473937,35.98984],[140.474117,35.989557],[140.474377,35.988918],[140.474441,35.988623],[140.474462,35.988269],[140.474591,35.987495],[140.474523,35.987498]]}},{"type":"Feature","properties":{"id":1140675701,"highway":"trunk"},"geometry":{"type":"LineString","coordinates":[[140.479954,35.987687],[140.480409,35.987302],[140.480548,35.987193],[140.480726,35.987076],[140.480971,35.986938]]}},{"type":"Feature","properties":{"id":1140675702,"highway":"trunk"},"geometry":{"type":"LineString","coordinates":[[140.480971,35.986938],[140.481211,35.98682],[140.481798,35.986558],[140.481836,35.986542]]}},{"type":"Feature","properties":{"id":1140675703,"highway":"trunk"},"geometry":{"type":"LineString","coordinates":[[140.482911,35.986065],[140.482688,35.986169],[140.482406,35.986292],[140.482299,35.986342],[140.482201,35.986385],[140.482065,35.986445],[140.482047,35.986453],[140.482024,35.986463]]}},{"type":"Feature","properties":{"id":1140675705,"highway":"trunk"},"geometry":{"type":"LineString","coordinates":[[140.486723,35.985629],[140.48662,35.985636],[140.486363,35.985652],[140.485854,35.985673],[140.485792,35.985673],[140.485397,35.985687],[140.484541,35.985729],[140.484248,35.98574],[140.484026,35.985759]]}},{"type":"Feature","properties":{"id":1140675727,"highway":"residential"},"geometry":{"type":"LineString","coordinates":[[140.482972,35.990633],[140.482684,35.990293],[140.48289,35.990053],[140.482924,35.990006],[140.482928,35.989951],[140.482919,35.989895],[140.4829,35.98983],[140.482903,35.989795],[140.482927,35.989775]]}},{"type":"Feature","properties":{"id":1140675729,"highway":"residential"},"geometry":{"type":"LineString","coordinates":[[140.482102,35.986015],[140.482141,35.986],[140.482206,35.985996],[140.482342,35.985995],[140.482423,35.985983],[140.48253,35.985955],[140.482849,35.98585],[140.482898,35.985847],[140.483219,35.985842],[140.483312,35.985856],[140.483345,35.985866],[140.48339,35.985895]]}},{"type":"Feature","properties":{"id":1140675730,"highway":"residential"},"geometry":{"type":"LineString","coordinates":[[140.481214,35.985008],[140.481523,35.984949],[140.481518,35.984769],[140.481517,35.984647],[140.481534,35.984494],[140.48155,35.984435]]}},{"type":"Feature","properties":{"id":1140675731,"highway":"unclassified"},"geometry":{"type":"LineString","coordinates":[[140.480241,35.984322],[140.480282,35.984414],[140.480294,35.984477],[140.480371,35.984646]]}},{"type":"Feature","properties":{"id":1140675732,"highway":"unclassified"},"geometry":{"type":"LineString","coordinates":[[140.477858,35.984696],[140.477823,35.98457]]}},{"type":"Feature","properties":{"id":1140675733,"highway":"residential"},"geometry":{"type":"LineString","coordinates":[[140.477085,35.984827],[140.477259,35.984758],[140.477361,35.984718],[140.477419,35.984669]]}},{"type":"Feature","properties":{"id":1140675734,"highway":"residential"},"geometry":{"type":"LineString","coordinates":[[140.477108,35.984889],[140.477085,35.984827],[140.47701,35.984836],[140.476844,35.984853],[140.476724,35.984848]]}},{"type":"Feature","properties":{"id":1140675735,"highway":"unclassified"},"geometry":{"type":"LineString","coordinates":[[140.48067,35.988295],[140.480695,35.988282],[140.480811,35.988221],[140.481067,35.988086],[140.481661,35.987772],[140.482055,35.987575]]}},{"type":"Feature","properties":{"id":1140675736,"highway":"residential"},"geometry":{"type":"LineString","coordinates":[[140.481552,35.985554],[140.4815,35.985694],[140.481461,35.985755],[140.481403,35.985834],[140.481376,35.985929],[140.481377,35.986019],[140.481404,35.986088],[140.481465,35.986167],[140.48164,35.986342],[140.481706,35.986421],[140.481752,35.986483],[140.481798,35.986558]]}},{"type":"Feature","properties":{"id":1140675738,"highway":"residential"},"geometry":{"type":"LineString","coordinates":[[140.482004,35.984176],[140.481945,35.984248],[140.481895,35.984317],[140.481858,35.984398],[140.481811,35.984554],[140.481798,35.984652],[140.481789,35.985093],[140.481784,35.98542],[140.481793,35.985546],[140.481799,35.9856],[140.481799,35.985641],[140.481792,35.985669],[140.481774,35.985707]]}},{"type":"Feature","properties":{"id":1140780969,"highway":"residential"},"geometry":{"type":"LineString","coordinates":[[140.499396,35.94569],[140.499943,35.945357]]}},{"type":"Feature","properties":{"id":1140780970,"highway":"residential"},"geometry":{"type":"LineString","coordinates":[[140.499615,35.945949],[140.498813,35.946316]]}},{"type":"Feature","properties":{"id":1140780971,"highway":"primary_link"},"geometry":{"type":"LineString","coordinates":[[140.486483,35.926776],[140.486432,35.926803],[140.486365,35.92682],[140.486303,35.926828],[140.48623,35.926819]]}},{"type":"Feature","properties":{"id":1140780974,"highway":"service"},"geometry":{"type":"LineString","coordinates":[[140.486519,35.921827],[140.48629,35.921793],[140.486214,35.921929]]}},{"type":"Feature","properties":{"id":1142102704,"highway":"residential"},"geometry":{"type":"LineString","coordinates":[[140.491642,35.985377],[140.491587,35.985284],[140.49144,35.985197],[140.491117,35.984851]]}},{"type":"Feature","properties":{"id":1142102705,"highway":"service"},"geometry":{"type":"LineString","coordinates":[[140.489271,35.987228],[140.489115,35.986836],[140.488766,35.986227]]}},{"type":"Feature","properties":{"id":1142102706,"highway":"service"},"geometry":{"type":"LineString","coordinates":[[140.486913,35.986057],[140.487216,35.986003],[140.487342,35.986023],[140.48737,35.986026],[140.487424,35.986031],[140.487968,35.986044],[140.488055,35.986014],[140.48815,35.985959],[140.488198,35.985888],[140.488185,35.985826],[140.487962,35.985364]]}},{"type":"Feature","properties":{"id":1142102707,"highway":"service"},"geometry":{"type":"LineString","coordinates":[[140.487599,35.98665],[140.487424,35.986271],[140.487361,35.986085],[140.48737,35.986026]]}},{"type":"Feature","properties":{"id":1142102708,"highway":"service"},"geometry":{"type":"LineString","coordinates":[[140.488443,35.986391],[140.48828,35.986194],[140.488055,35.986014]]}},{"type":"Feature","properties":{"id":1142102709,"highway":"service"},"geometry":{"type":"LineString","coordinates":[[140.489014,35.986077],[140.488925,35.985975],[140.488755,35.985708]]}},{"type":"Feature","properties":{"id":1142102710,"highway":"service"},"geometry":{"type":"LineString","coordinates":[[140.488503,35.98521],[140.488586,35.985413]]}},{"type":"Feature","properties":{"id":1142102711,"highway":"service"},"geometry":{"type":"LineString","coordinates":[[140.489556,35.987092],[140.489479,35.986831],[140.489452,35.986731],[140.48941,35.98669],[140.489355,35.986626],[140.489303,35.986554],[140.489253,35.98648],[140.489239,35.986388],[140.489214,35.986333],[140.48915,35.986313],[140.488984,35.986096]]}},{"type":"Feature","properties":{"id":1142102712,"highway":"residential"},"geometry":{"type":"LineString","coordinates":[[140.486927,35.986806],[140.486784,35.98652]]}},{"type":"Feature","properties":{"id":1142102713,"highway":"residential"},"geometry":{"type":"LineString","coordinates":[[140.484916,35.987814],[140.485613,35.987721],[140.486448,35.987612],[140.486689,35.987603],[140.486766,35.987538],[140.487154,35.987494],[140.487552,35.987386]]}},{"type":"Feature","properties":{"id":1142102714,"highway":"service"},"geometry":{"type":"LineString","coordinates":[[140.484106,35.987972],[140.484916,35.987814]]}},{"type":"Feature","properties":{"id":1142102715,"highway":"service"},"geometry":{"type":"LineString","coordinates":[[140.482891,35.987214],[140.483102,35.987446],[140.483648,35.987907],[140.483793,35.987781],[140.483969,35.987669]]}},{"type":"Feature","properties":{"id":1142102716,"highway":"service"},"geometry":{"type":"LineString","coordinates":[[140.48393,35.989269],[140.48389,35.988996],[140.483944,35.988926],[140.484278,35.988869]]}},{"type":"Feature","properties":{"id":1142102717,"highway":"service"},"geometry":{"type":"LineString","coordinates":[[140.481704,35.988684],[140.481873,35.988581],[140.482116,35.988383]]}},{"type":"Feature","properties":{"id":1142102718,"highway":"unclassified"},"geometry":{"type":"LineString","coordinates":[[140.485042,35.984644],[140.485008,35.98451]]}},{"type":"Feature","properties":{"id":1142102719,"highway":"service"},"geometry":{"type":"LineString","coordinates":[[140.48278,35.985165],[140.482789,35.984778],[140.48279,35.984723],[140.482539,35.984664],[140.482241,35.98457]]}},{"type":"Feature","properties":{"id":1142102720,"highway":"service"},"geometry":{"type":"LineString","coordinates":[[140.482789,35.984778],[140.482959,35.984783]]}},{"type":"Feature","properties":{"id":1142102721,"highway":"service"},"geometry":{"type":"LineString","coordinates":[[140.481072,35.984448],[140.481012,35.984123],[140.481148,35.984106],[140.481479,35.98402],[140.481547,35.984019],[140.481621,35.984026]]}},{"type":"Feature","properties":{"id":1142102722,"highway":"service"},"geometry":{"type":"LineString","coordinates":[[140.480779,35.984085],[140.480932,35.984114],[140.481012,35.984123]]}},{"type":"Feature","properties":{"id":1142102723,"highway":"service"},"geometry":{"type":"LineString","coordinates":[[140.481012,35.984123],[140.481123,35.98407],[140.481211,35.983997]]}},{"type":"Feature","properties":{"id":1142102724,"highway":"unclassified"},"geometry":{"type":"LineString","coordinates":[[140.480241,35.984322],[140.480474,35.984276],[140.480751,35.984222]]}},{"type":"Feature","properties":{"id":1142102725,"highway":"service"},"geometry":{"type":"LineString","coordinates":[[140.480474,35.984276],[140.480452,35.984223],[140.480682,35.984173],[140.48078,35.984118],[140.480779,35.984085]]}},{"type":"Feature","properties":{"id":1142102726,"highway":"unclassified"},"geometry":{"type":"LineString","coordinates":[[140.481552,35.985554],[140.481599,35.985467],[140.481596,35.98526],[140.481588,35.984919],[140.4816,35.984613],[140.481635,35.984416]]}},{"type":"Feature","properties":{"id":1142102727,"highway":"residential"},"geometry":{"type":"LineString","coordinates":[[140.481635,35.984416],[140.48169,35.984265],[140.481703,35.984209],[140.481712,35.9841]]}},{"type":"Feature","properties":{"id":1142102728,"highway":"service"},"geometry":{"type":"LineString","coordinates":[[140.481156,35.984607],[140.481214,35.984606],[140.481349,35.984521],[140.481444,35.984456],[140.48155,35.984435]]}},{"type":"Feature","properties":{"id":1142102729,"highway":"service"},"geometry":{"type":"LineString","coordinates":[[140.47904,35.985134],[140.478724,35.984548]]}},{"type":"Feature","properties":{"id":1142102730,"highway":"service"},"geometry":{"type":"LineString","coordinates":[[140.479456,35.984985],[140.479345,35.984734]]}},{"type":"Feature","properties":{"id":1142102731,"highway":"unclassified"},"geometry":{"type":"LineString","coordinates":[[140.475113,35.985756],[140.475223,35.985792],[140.475267,35.98583],[140.475276,35.98585],[140.475306,35.985914]]}},{"type":"Feature","properties":{"id":1142102732,"highway":"service"},"geometry":{"type":"LineString","coordinates":[[140.475112,35.986599],[140.475182,35.986151],[140.475276,35.98585]]}},{"type":"Feature","properties":{"id":1142102733,"highway":"service"},"geometry":{"type":"LineString","coordinates":[[140.47976,35.988754],[140.47957,35.988525]]}},{"type":"Feature","properties":{"id":1142102734,"highway":"service"},"geometry":{"type":"LineString","coordinates":[[140.47888,35.988853],[140.479053,35.988761],[140.479518,35.988542],[140.47957,35.988525],[140.479807,35.988266],[140.479884,35.988203],[140.479943,35.988148],[140.47996,35.988087],[140.479918,35.987916],[140.479872,35.98776]]}},{"type":"Feature","properties":{"id":1142102735,"highway":"unclassified"},"geometry":{"type":"LineString","coordinates":[[140.480264,35.987951],[140.480291,35.987825],[140.480345,35.987776],[140.480437,35.987729],[140.480711,35.987605],[140.480832,35.98751],[140.481064,35.987336],[140.481221,35.98718]]}},{"type":"Feature","properties":{"id":1142102736,"highway":"service"},"geometry":{"type":"LineString","coordinates":[[140.480695,35.988282],[140.48051,35.988045],[140.480452,35.987915],[140.480538,35.987848],[140.480853,35.987679],[140.48129,35.987359],[140.481452,35.987168],[140.481694,35.986986],[140.48209,35.986666]]}},{"type":"Feature","properties":{"id":1142102737,"highway":"service"},"geometry":{"type":"LineString","coordinates":[[140.482161,35.986609],[140.482206,35.986572],[140.482125,35.986518],[140.482065,35.986445]]}},{"type":"Feature","properties":{"id":1142102738,"highway":"service"},"geometry":{"type":"LineString","coordinates":[[140.48209,35.986666],[140.482161,35.986609]]}},{"type":"Feature","properties":{"id":1142102739,"highway":"residential"},"geometry":{"type":"LineString","coordinates":[[140.48246,35.987374],[140.482366,35.987197],[140.482294,35.987024]]}},{"type":"Feature","properties":{"id":1142102740,"highway":"service"},"geometry":{"type":"LineString","coordinates":[[140.482294,35.987024],[140.48209,35.986666]]}},{"type":"Feature","properties":{"id":1142102741,"highway":"unclassified"},"geometry":{"type":"LineString","coordinates":[[140.484533,35.990957],[140.484188,35.990736],[140.484049,35.990597]]}},{"type":"Feature","properties":{"id":1142102742,"highway":"service"},"geometry":{"type":"LineString","coordinates":[[140.480358,35.988848],[140.480458,35.988895],[140.480721,35.989039],[140.480966,35.989113],[140.481184,35.989093]]}},{"type":"Feature","properties":{"id":1142102743,"highway":"service"},"geometry":{"type":"LineString","coordinates":[[140.478645,35.989668],[140.478642,35.989616],[140.478711,35.989568],[140.478891,35.989443],[140.478825,35.989237],[140.478982,35.989136],[140.478804,35.98887]]}},{"type":"Feature","properties":{"id":1142102744,"highway":"service"},"geometry":{"type":"LineString","coordinates":[[140.479068,35.989239],[140.478982,35.989136]]}},{"type":"Feature","properties":{"id":1142102745,"highway":"service"},"geometry":{"type":"LineString","coordinates":[[140.478606,35.989473],[140.478711,35.989568]]}},{"type":"Feature","properties":{"id":1142102746,"highway":"residential"},"geometry":{"type":"LineString","coordinates":[[140.475943,35.991804],[140.476025,35.991883],[140.476488,35.992818]]}},{"type":"Feature","properties":{"id":1142102747,"highway":"service"},"geometry":{"type":"LineString","coordinates":[[140.474646,35.993781],[140.474566,35.993729],[140.47412,35.993636]]}},{"type":"Feature","properties":{"id":1142102748,"highway":"service"},"geometry":{"type":"LineString","coordinates":[[140.473087,35.994596],[140.47313,35.994365],[140.473178,35.994262]]}},{"type":"Feature","properties":{"id":1142102749,"highway":"service"},"geometry":{"type":"LineString","coordinates":[[140.472799,35.994135],[140.472756,35.994281],[140.472668,35.994677],[140.472587,35.99497],[140.472523,35.995104]]}},{"type":"Feature","properties":{"id":1142102750,"highway":"service"},"geometry":{"type":"LineString","coordinates":[[140.472462,35.99526],[140.473238,35.995418]]}},{"type":"Feature","properties":{"id":1142102751,"highway":"service"},"geometry":{"type":"LineString","coordinates":[[140.473002,35.996252],[140.472264,35.996043],[140.472202,35.995927]]}},{"type":"Feature","properties":{"id":1142102752,"highway":"service"},"geometry":{"type":"LineString","coordinates":[[140.471967,35.996976],[140.472768,35.997089]]}},{"type":"Feature","properties":{"id":1142102753,"highway":"service"},"geometry":{"type":"LineString","coordinates":[[140.47171,35.997633],[140.472575,35.997787]]}},{"type":"Feature","properties":{"id":1143774167,"highway":"service"},"geometry":{"type":"LineString","coordinates":[[140.497765,35.977849],[140.497906,35.977939],[140.498723,35.978449],[140.49886,35.978516],[140.499177,35.978727]]}},{"type":"Feature","properties":{"id":1143817997,"highway":"unclassified"},"geometry":{"type":"LineString","coordinates":[[140.485254,35.906641],[140.48539,35.906726]]}},{"type":"Feature","properties":{"id":1143817998,"highway":"unclassified"},"geometry":{"type":"LineString","coordinates":[[140.481277,35.908247],[140.484187,35.907176],[140.48438,35.907102],[140.484509,35.907042],[140.484698,35.906894],[140.484803,35.906817],[140.484863,35.906766],[140.484957,35.90667],[140.485036,35.9066],[140.485122,35.906577],[140.485171,35.906586],[140.485254,35.906641]]}},{"type":"Feature","properties":{"id":1143818000,"highway":"residential"},"geometry":{"type":"LineString","coordinates":[[140.486832,35.902904],[140.486679,35.902774]]}},{"type":"Feature","properties":{"id":1143818001,"highway":"residential"},"geometry":{"type":"LineString","coordinates":[[140.487042,35.903249],[140.487059,35.90314],[140.486893,35.902957],[140.486832,35.902904]]}},{"type":"Feature","properties":{"id":1144844703,"highway":"trunk"},"geometry":{"type":"LineString","coordinates":[[140.450233,35.940032],[140.450183,35.940075],[140.449289,35.940871],[140.448609,35.94149],[140.448116,35.941922],[140.448095,35.94194],[140.446381,35.943368],[140.44622,35.9435],[140.446163,35.943544]]}},{"type":"Feature","properties":{"id":1144844704,"highway":"trunk"},"geometry":{"type":"LineString","coordinates":[[140.450376,35.939909],[140.450233,35.940032]]}},{"type":"Feature","properties":{"id":1147382168,"highway":"primary"},"geometry":{"type":"LineString","coordinates":[[140.451974,35.919239],[140.453618,35.91963],[140.454304,35.919774],[140.455062,35.919923],[140.455486,35.919999],[140.456035,35.920098],[140.456592,35.920163],[140.457261,35.920221],[140.459268,35.920369],[140.460665,35.920418],[140.461449,35.92043],[140.462097,35.920437],[140.462867,35.920424],[140.463867,35.920361],[140.46465,35.920266],[140.465523,35.920155],[140.466631,35.919982],[140.467556,35.919801],[140.468433,35.919596],[140.469198,35.919409],[140.470181,35.919142],[140.471284,35.91881],[140.472027,35.918565],[140.472177,35.918513]]}},{"type":"Feature","properties":{"id":1147382169,"highway":"primary"},"geometry":{"type":"LineString","coordinates":[[140.472177,35.918513],[140.472452,35.918419],[140.472541,35.918388],[140.472727,35.918324],[140.474054,35.917821],[140.474649,35.91759],[140.475076,35.917411],[140.475332,35.917304]]}},{"type":"Feature","properties":{"id":1147382170,"highway":"primary"},"geometry":{"type":"LineString","coordinates":[[140.475332,35.917304],[140.475478,35.917237],[140.475503,35.917226],[140.475554,35.917204],[140.475905,35.917053]]}},{"type":"Feature","properties":{"id":1147382172,"highway":"primary"},"geometry":{"type":"LineString","coordinates":[[140.494353,35.911105],[140.494232,35.911214],[140.494208,35.911238],[140.494011,35.911406]]}},{"type":"Feature","properties":{"id":1147382173,"highway":"secondary"},"geometry":{"type":"LineString","coordinates":[[140.494592,35.910903],[140.494486,35.910994],[140.494458,35.911018],[140.494353,35.911105]]}},{"type":"Feature","properties":{"id":1147382174,"highway":"primary"},"geometry":{"type":"LineString","coordinates":[[140.494069,35.910955],[140.494134,35.910968],[140.494211,35.911011],[140.494246,35.91103],[140.494353,35.911105]]}},{"type":"Feature","properties":{"id":1163792308,"highway":"residential"},"geometry":{"type":"LineString","coordinates":[[140.490375,35.988846],[140.490395,35.9888],[140.490306,35.988431],[140.490891,35.988297]]}},{"type":"Feature","properties":{"id":1163792309,"highway":"residential"},"geometry":{"type":"LineString","coordinates":[[140.491037,35.98898],[140.490667,35.989027],[140.490615,35.988808],[140.490375,35.988846]]}},{"type":"Feature","properties":{"id":1163792310,"highway":"residential"},"geometry":{"type":"LineString","coordinates":[[140.491096,35.989356],[140.490501,35.989435],[140.490462,35.989252],[140.490412,35.989022],[140.490375,35.988846]]}},{"type":"Feature","properties":{"id":1163792311,"highway":"residential"},"geometry":{"type":"LineString","coordinates":[[140.490462,35.989252],[140.48957,35.989359],[140.489532,35.989126],[140.489503,35.988949],[140.489456,35.988675]]}},{"type":"Feature","properties":{"id":1163792312,"highway":"residential"},"geometry":{"type":"LineString","coordinates":[[140.489532,35.989126],[140.490412,35.989022]]}},{"type":"Feature","properties":{"id":1163792313,"highway":"residential"},"geometry":{"type":"LineString","coordinates":[[140.490099,35.988879],[140.490033,35.98857]]}},{"type":"Feature","properties":{"id":1163792314,"highway":"residential"},"geometry":{"type":"LineString","coordinates":[[140.49115,35.989685],[140.490159,35.989747],[140.490013,35.989471],[140.48911,35.989589],[140.489008,35.989602],[140.48881,35.989504]]}},{"type":"Feature","properties":{"id":1163792315,"highway":"residential"},"geometry":{"type":"LineString","coordinates":[[140.489521,35.990175],[140.4892,35.98979],[140.488948,35.989649]]}},{"type":"Feature","properties":{"id":1163792316,"highway":"residential"},"geometry":{"type":"LineString","coordinates":[[140.487143,35.988801],[140.487118,35.988514],[140.487147,35.988142],[140.487252,35.988053],[140.487216,35.987885]]}},{"type":"Feature","properties":{"id":1163792317,"highway":"service"},"geometry":{"type":"LineString","coordinates":[[140.481849,35.990594],[140.482136,35.990439],[140.482392,35.990276]]}},{"type":"Feature","properties":{"id":1163792318,"highway":"service"},"geometry":{"type":"LineString","coordinates":[[140.481661,35.990107],[140.48201,35.989864]]}},{"type":"Feature","properties":{"id":1163792319,"highway":"unclassified"},"geometry":{"type":"LineString","coordinates":[[140.441608,35.978056],[140.441146,35.977577],[140.441118,35.977457]]}},{"type":"Feature","properties":{"id":1177801474,"highway":"service"},"geometry":{"type":"LineString","coordinates":[[140.49418,35.899727],[140.494346,35.900026],[140.494606,35.900266],[140.494791,35.900134],[140.495252,35.899718],[140.495185,35.89965],[140.495073,35.899678],[140.495016,35.899549]]}},{"type":"Feature","properties":{"id":1177801476,"highway":"service"},"geometry":{"type":"LineString","coordinates":[[140.494791,35.900134],[140.494701,35.899976],[140.494484,35.899615]]}},{"type":"Feature","properties":{"id":1192636511,"highway":"tertiary"},"geometry":{"type":"LineString","coordinates":[[140.482024,35.957257],[140.482905,35.957104],[140.483017,35.957084],[140.483103,35.957055],[140.483171,35.957028],[140.48329,35.956958],[140.484456,35.956104],[140.485652,35.955239],[140.486842,35.954382],[140.487358,35.954008],[140.488042,35.95351],[140.488449,35.953253],[140.488742,35.953034],[140.489269,35.952604],[140.490275,35.951883],[140.491724,35.950831],[140.492232,35.950648],[140.49255,35.950533],[140.492772,35.950435],[140.493442,35.949955],[140.494448,35.949234],[140.494615,35.949115],[140.495665,35.948341],[140.495861,35.948231],[140.49615,35.948082],[140.497263,35.947562],[140.497305,35.947543],[140.497379,35.947508],[140.497438,35.947481]]}},{"type":"Feature","properties":{"id":1210996080,"highway":"unclassified"},"geometry":{"type":"LineString","coordinates":[[140.409886,35.936709],[140.409888,35.936716],[140.409895,35.936744],[140.409908,35.936823]]}},{"type":"Feature","properties":{"id":1210996081,"highway":"unclassified"},"geometry":{"type":"LineString","coordinates":[[140.409743,35.936095],[140.409761,35.936164]]}},{"type":"Feature","properties":{"id":1210996082,"highway":"tertiary"},"geometry":{"type":"LineString","coordinates":[[140.42466,35.935088],[140.424588,35.935173],[140.424568,35.935197],[140.424419,35.935369],[140.423784,35.936079]]}},{"type":"Feature","properties":{"id":1210996083,"highway":"trunk"},"geometry":{"type":"LineString","coordinates":[[140.445041,35.944169],[140.444987,35.94419],[140.444895,35.944224],[140.444833,35.944247],[140.444668,35.944303],[140.444405,35.944376],[140.444207,35.944424],[140.443982,35.944464],[140.443738,35.944498],[140.443486,35.944522],[140.443293,35.944531],[140.443113,35.944537],[140.44291,35.94453],[140.442746,35.944519],[140.442512,35.944495],[140.44152,35.944363],[140.440401,35.944189],[140.440353,35.944178],[140.440301,35.944167],[140.44021,35.944147],[140.440106,35.944117],[140.439927,35.944065],[140.439654,35.943966],[140.439476,35.943886],[140.439269,35.943784],[140.439069,35.943683],[140.438862,35.943563],[140.43869,35.943452],[140.438496,35.943313],[140.434038,35.939973],[140.433159,35.939316],[140.432898,35.939142],[140.43264,35.93898],[140.43226,35.938752],[140.432213,35.938726],[140.43216,35.938698],[140.431177,35.938214],[140.430136,35.937723],[140.428479,35.936918],[140.425035,35.935268]]}},{"type":"Feature","properties":{"id":1210996084,"highway":"trunk"},"geometry":{"type":"LineString","coordinates":[[140.425035,35.935268],[140.424814,35.935162],[140.42466,35.935088]]}},{"type":"Feature","properties":{"id":1210996085,"highway":"trunk"},"geometry":{"type":"LineString","coordinates":[[140.42466,35.935088],[140.424495,35.935007],[140.424248,35.934887]]}},{"type":"Feature","properties":{"id":1210996086,"highway":"unclassified"},"geometry":{"type":"LineString","coordinates":[[140.432266,35.938661],[140.432238,35.938695],[140.432213,35.938726]]}},{"type":"Feature","properties":{"id":1210996087,"highway":"trunk"},"geometry":{"type":"LineString","coordinates":[[140.468879,35.922984],[140.468651,35.922988],[140.468445,35.923001],[140.46833,35.923011],[140.468305,35.923013],[140.468262,35.923019],[140.468118,35.923041]]}},{"type":"Feature","properties":{"id":1210996088,"highway":"trunk"},"geometry":{"type":"LineString","coordinates":[[140.468118,35.923041],[140.467963,35.923069],[140.467891,35.923086],[140.46776,35.923117],[140.467517,35.923189]]}},{"type":"Feature","properties":{"id":1210996089,"highway":"tertiary"},"geometry":{"type":"LineString","coordinates":[[140.468118,35.923041],[140.468104,35.922968],[140.468108,35.922898],[140.468174,35.9228],[140.46833,35.922648],[140.468474,35.92253]]}},{"type":"Feature","properties":{"id":1210996091,"highway":"trunk"},"geometry":{"type":"LineString","coordinates":[[140.482415,35.925022],[140.482199,35.924972],[140.482139,35.924963],[140.48176,35.924907]]}},{"type":"Feature","properties":{"id":1214054444,"highway":"unclassified"},"geometry":{"type":"LineString","coordinates":[[140.401452,35.98865],[140.400932,35.98876],[140.400101,35.988987]]}},{"type":"Feature","properties":{"id":1214054450,"highway":"unclassified"},"geometry":{"type":"LineString","coordinates":[[140.437172,35.978829],[140.437259,35.979077],[140.437573,35.979649],[140.43778,35.979982]]}},{"type":"Feature","properties":{"id":1214054451,"highway":"unclassified"},"geometry":{"type":"LineString","coordinates":[[140.432905,35.972343],[140.432848,35.972103],[140.432586,35.971747],[140.432379,35.971484],[140.431987,35.971202],[140.431403,35.970903],[140.431143,35.970806],[140.430973,35.970758],[140.430715,35.97071]]}},{"type":"Feature","properties":{"id":1217117044,"highway":"residential"},"geometry":{"type":"LineString","coordinates":[[140.469176,35.9241],[140.469188,35.924134],[140.469112,35.924908],[140.469069,35.924959]]}},{"type":"Feature","properties":{"id":1217117045,"highway":"residential"},"geometry":{"type":"LineString","coordinates":[[140.469144,35.92401],[140.469176,35.9241]]}},{"type":"Feature","properties":{"id":1217117047,"highway":"service"},"geometry":{"type":"LineString","coordinates":[[140.473801,35.923702],[140.473789,35.923739],[140.473773,35.9238],[140.473764,35.923835],[140.473594,35.924492],[140.473006,35.924403],[140.473155,35.923737],[140.473764,35.923835]]}},{"type":"Feature","properties":{"id":1217117049,"highway":"service"},"geometry":{"type":"LineString","coordinates":[[140.478737,35.924454],[140.478747,35.924411],[140.478759,35.924336],[140.478734,35.924291],[140.47856,35.924237],[140.478429,35.924226],[140.478345,35.924271],[140.478327,35.924346],[140.478319,35.92439]]}},{"type":"Feature","properties":{"id":1217117091,"highway":"service"},"geometry":{"type":"LineString","coordinates":[[140.471265,35.923315],[140.471277,35.92327],[140.471296,35.923178],[140.471277,35.923129],[140.471203,35.923111],[140.470274,35.922966],[140.470239,35.923114],[140.470232,35.923156]]}},{"type":"Feature","properties":{"id":1217117141,"highway":"residential"},"geometry":{"type":"LineString","coordinates":[[140.45804,35.928387],[140.45809,35.928411],[140.458352,35.928574],[140.458199,35.928731]]}},{"type":"Feature","properties":{"id":1217117174,"highway":"unclassified"},"geometry":{"type":"LineString","coordinates":[[140.446328,35.940796],[140.447549,35.941811]]}},{"type":"Feature","properties":{"id":1217117175,"highway":"unclassified"},"geometry":{"type":"LineString","coordinates":[[140.447255,35.940055],[140.446741,35.940469],[140.446328,35.940796]]}},{"type":"Feature","properties":{"id":1217117176,"highway":"service"},"geometry":{"type":"LineString","coordinates":[[140.447255,35.940055],[140.447678,35.939719],[140.448234,35.939276],[140.448389,35.939153],[140.448765,35.938855]]}},{"type":"Feature","properties":{"id":1217117177,"highway":"service"},"geometry":{"type":"LineString","coordinates":[[140.446741,35.940469],[140.446342,35.940129],[140.445815,35.939679],[140.445292,35.939234]]}},{"type":"Feature","properties":{"id":1217117178,"highway":"service"},"geometry":{"type":"LineString","coordinates":[[140.446342,35.940129],[140.447121,35.939514]]}},{"type":"Feature","properties":{"id":1217117179,"highway":"service"},"geometry":{"type":"LineString","coordinates":[[140.447486,35.939538],[140.447459,35.939527],[140.447358,35.939579],[140.447296,35.9396],[140.447247,35.939618],[140.447121,35.939514],[140.446932,35.939361],[140.446606,35.939064],[140.44657,35.939045],[140.446534,35.939044],[140.446503,35.939055],[140.44638,35.939153],[140.446355,35.939172],[140.445815,35.939679]]}},{"type":"Feature","properties":{"id":1217117180,"highway":"service"},"geometry":{"type":"LineString","coordinates":[[140.44638,35.939153],[140.446138,35.938943],[140.445884,35.938723],[140.446601,35.938128],[140.447001,35.937786],[140.447631,35.9383]]}},{"type":"Feature","properties":{"id":1217117181,"highway":"service"},"geometry":{"type":"LineString","coordinates":[[140.446601,35.938128],[140.446892,35.938365],[140.447305,35.938701]]}},{"type":"Feature","properties":{"id":1217117182,"highway":"service"},"geometry":{"type":"LineString","coordinates":[[140.446138,35.938943],[140.446892,35.938365]]}},{"type":"Feature","properties":{"id":1217117183,"highway":"service"},"geometry":{"type":"LineString","coordinates":[[140.447774,35.938627],[140.448389,35.939153]]}},{"type":"Feature","properties":{"id":1217117184,"highway":"service"},"geometry":{"type":"LineString","coordinates":[[140.448631,35.939603],[140.448234,35.939276]]}},{"type":"Feature","properties":{"id":1217117185,"highway":"service"},"geometry":{"type":"LineString","coordinates":[[140.44815,35.940096],[140.447678,35.939719]]}},{"type":"Feature","properties":{"id":1217486971,"highway":"unclassified"},"geometry":{"type":"LineString","coordinates":[[140.452442,35.942884],[140.452327,35.943106],[140.451745,35.944225],[140.4515,35.944697]]}},{"type":"Feature","properties":{"id":1217486972,"highway":"unclassified"},"geometry":{"type":"LineString","coordinates":[[140.453381,35.941079],[140.452658,35.942469]]}},{"type":"Feature","properties":{"id":1217486973,"highway":"unclassified"},"geometry":{"type":"LineString","coordinates":[[140.452658,35.942469],[140.452442,35.942884]]}},{"type":"Feature","properties":{"id":1217515648,"highway":"unclassified"},"geometry":{"type":"LineString","coordinates":[[140.499588,35.975696],[140.49957,35.975691]]}},{"type":"Feature","properties":{"id":1217515649,"highway":"unclassified"},"geometry":{"type":"LineString","coordinates":[[140.473937,35.98984],[140.473696,35.989758],[140.473637,35.989702]]}},{"type":"Feature","properties":{"id":1217515652,"highway":"service"},"geometry":{"type":"LineString","coordinates":[[140.470895,35.998833],[140.470757,35.998877]]}},{"type":"Feature","properties":{"id":1217515653,"highway":"service"},"geometry":{"type":"LineString","coordinates":[[140.470617,35.999622],[140.470541,35.999633]]}},{"type":"Feature","properties":{"id":1217515655,"highway":"unclassified"},"geometry":{"type":"LineString","coordinates":[[140.48279,35.984723],[140.482848,35.984338]]}},{"type":"Feature","properties":{"id":1221674753,"highway":"unclassified"},"geometry":{"type":"LineString","coordinates":[[140.403034,35.973942],[140.40366,35.974754],[140.403819,35.974955],[140.403933,35.97506],[140.404319,35.975337],[140.404391,35.975396]]}},{"type":"Feature","properties":{"id":1238782955,"highway":"residential"},"geometry":{"type":"LineString","coordinates":[[140.490891,35.988297],[140.49105,35.9888],[140.491037,35.98898],[140.491096,35.989356],[140.49115,35.989685]]}},{"type":"Feature","properties":{"id":1238782956,"highway":"residential"},"geometry":{"type":"LineString","coordinates":[[140.488398,35.99135],[140.488325,35.991443],[140.48826,35.991534],[140.488188,35.991685],[140.488151,35.991778],[140.48806,35.991889],[140.487995,35.99193],[140.487843,35.991986],[140.487708,35.992072]]}},{"type":"Feature","properties":{"id":1238782958,"highway":"service"},"geometry":{"type":"LineString","coordinates":[[140.499976,35.980888],[140.500016,35.980849],[140.500046,35.980776],[140.500073,35.980667],[140.500086,35.980578],[140.500108,35.980476],[140.500279,35.980116],[140.50036,35.980055],[140.500531,35.97997],[140.500771,35.97988],[140.500942,35.979842],[140.501052,35.979732],[140.501148,35.979586],[140.501185,35.979509]]}},{"type":"Feature","properties":{"id":1263429881,"highway":"unclassified"},"geometry":{"type":"LineString","coordinates":[[140.403327,35.941362],[140.403328,35.941368],[140.403378,35.942062],[140.403002,35.942048]]}},{"type":"Feature","properties":{"id":1263429882,"highway":"unclassified"},"geometry":{"type":"LineString","coordinates":[[140.403326,35.941306],[140.403327,35.941362]]}},{"type":"Feature","properties":{"id":1263429883,"highway":"unclassified"},"geometry":{"type":"LineString","coordinates":[[140.402542,35.941363],[140.402545,35.941415]]}},{"type":"Feature","properties":{"id":1263429884,"highway":"unclassified"},"geometry":{"type":"LineString","coordinates":[[140.40254,35.941338],[140.402542,35.941363]]}},{"type":"Feature","properties":{"id":1263429885,"highway":"residential"},"geometry":{"type":"LineString","coordinates":[[140.400579,35.941499],[140.400575,35.941561]]}},{"type":"Feature","properties":{"id":1263429886,"highway":"residential"},"geometry":{"type":"LineString","coordinates":[[140.400839,35.937825],[140.400847,35.938063],[140.400844,35.938109],[140.400825,35.938483],[140.40082,35.938577],[140.400658,35.940359],[140.40058,35.94148],[140.400579,35.941499]]}},{"type":"Feature","properties":{"id":1263429895,"highway":"unclassified"},"geometry":{"type":"LineString","coordinates":[[140.434296,35.951686],[140.434363,35.951648],[140.434588,35.951524],[140.434665,35.951469],[140.434735,35.951407],[140.434784,35.951339],[140.434806,35.951275],[140.434967,35.950568],[140.435026,35.950295],[140.435055,35.950237],[140.435207,35.949957]]}},{"type":"Feature","properties":{"id":1263429896,"highway":"unclassified"},"geometry":{"type":"LineString","coordinates":[[140.43412,35.951788],[140.434296,35.951686]]}},{"type":"Feature","properties":{"id":1267439936,"highway":"unclassified"},"geometry":{"type":"LineString","coordinates":[[140.499204,35.988885],[140.499037,35.988756],[140.498578,35.988349]]}},{"type":"Feature","properties":{"id":1267439937,"highway":"unclassified"},"geometry":{"type":"LineString","coordinates":[[140.499923,35.989526],[140.499642,35.989271],[140.499204,35.988885]]}},{"type":"Feature","properties":{"id":1313144111,"highway":"secondary"},"geometry":{"type":"LineString","coordinates":[[140.456896,35.959136],[140.455264,35.959916],[140.454454,35.960328],[140.45332,35.960924],[140.452294,35.961461],[140.451647,35.961793],[140.451151,35.962031],[140.450713,35.962226],[140.450282,35.962397],[140.449736,35.962598],[140.449228,35.962772],[140.447288,35.963442],[140.445949,35.963906],[140.445707,35.963985],[140.445488,35.964048],[140.445251,35.96411],[140.445016,35.964169],[140.444753,35.964222],[140.443843,35.964363],[140.443309,35.964466],[140.443034,35.964533],[140.442784,35.96461],[140.442542,35.964698],[140.442314,35.964789],[140.441888,35.964983],[140.441578,35.965163],[140.441303,35.965343],[140.440491,35.965905],[140.439595,35.966522]]}},{"type":"Feature","properties":{"id":1313144112,"highway":"unclassified"},"geometry":{"type":"LineString","coordinates":[[140.439222,35.966779],[140.439113,35.966681],[140.439066,35.96664],[140.438914,35.966502]]}},{"type":"Feature","properties":{"id":1313144113,"highway":"unclassified"},"geometry":{"type":"LineString","coordinates":[[140.439516,35.967031],[140.43942,35.966949],[140.43939,35.966923],[140.439333,35.966874],[140.439222,35.966779]]}},{"type":"Feature","properties":{"id":1313144114,"highway":"secondary"},"geometry":{"type":"LineString","coordinates":[[140.439595,35.966522],[140.439362,35.966682],[140.439317,35.966713],[140.439222,35.966779]]}},{"type":"Feature","properties":{"id":1313144115,"highway":"secondary"},"geometry":{"type":"LineString","coordinates":[[140.439222,35.966779],[140.439116,35.966853],[140.43908,35.966878],[140.438821,35.967057]]}},{"type":"Feature","properties":{"id":1313144116,"highway":"secondary"},"geometry":{"type":"LineString","coordinates":[[140.457249,35.958968],[140.457201,35.958991],[140.457131,35.959024],[140.457074,35.959051],[140.456896,35.959136]]}},{"type":"Feature","properties":{"id":1313149968,"highway":"service"},"geometry":{"type":"LineString","coordinates":[[140.472541,35.918388],[140.472566,35.918432],[140.472658,35.918594]]}},{"type":"Feature","properties":{"id":1313149969,"highway":"service"},"geometry":{"type":"LineString","coordinates":[[140.472402,35.91869],[140.472658,35.918594],[140.472971,35.918477]]}},{"type":"Feature","properties":{"id":1313149971,"highway":"primary"},"geometry":{"type":"LineString","coordinates":[[140.490801,35.914413],[140.490622,35.914552],[140.490422,35.914726]]}},{"type":"Feature","properties":{"id":1316931506,"highway":"secondary"},"geometry":{"type":"LineString","coordinates":[[140.496198,35.911319],[140.496127,35.911306],[140.496075,35.911288],[140.496015,35.911262]]}},{"type":"Feature","properties":{"id":1330088393,"highway":"residential"},"geometry":{"type":"LineString","coordinates":[[140.403325,35.912694],[140.40359,35.912625],[140.403687,35.91258],[140.403699,35.912541]]}},{"type":"Feature","properties":{"id":1330088394,"highway":"residential"},"geometry":{"type":"LineString","coordinates":[[140.408473,35.911818],[140.408555,35.911692],[140.408804,35.911732]]}},{"type":"Feature","properties":{"id":1330088395,"highway":"residential"},"geometry":{"type":"LineString","coordinates":[[140.40901,35.911678],[140.408778,35.912773]]}},{"type":"Feature","properties":{"id":1330088396,"highway":"residential"},"geometry":{"type":"LineString","coordinates":[[140.410739,35.911193],[140.410748,35.911167],[140.410893,35.911095],[140.410955,35.911019]]}},{"type":"Feature","properties":{"id":1330088397,"highway":"unclassified"},"geometry":{"type":"LineString","coordinates":[[140.41576,35.909926],[140.415802,35.909964],[140.415851,35.909974],[140.41604,35.909956],[140.416099,35.90998],[140.416246,35.910243]]}},{"type":"Feature","properties":{"id":1330088417,"highway":"unclassified"},"geometry":{"type":"LineString","coordinates":[[140.405625,35.912327],[140.405605,35.912404],[140.40557,35.9125],[140.405534,35.912597],[140.405444,35.912788],[140.405381,35.912937],[140.405378,35.912974],[140.405354,35.913309],[140.405298,35.913697],[140.405298,35.913702]]}},{"type":"Feature","properties":{"id":1330088418,"highway":"unclassified"},"geometry":{"type":"LineString","coordinates":[[140.405298,35.913702],[140.405294,35.913771]]}},{"type":"Feature","properties":{"id":1330559185,"highway":"unclassified"},"geometry":{"type":"LineString","coordinates":[[140.499539,35.920696],[140.499495,35.920611]]}},{"type":"Feature","properties":{"id":1330559186,"highway":"unclassified"},"geometry":{"type":"LineString","coordinates":[[140.500732,35.922865],[140.499552,35.920717],[140.499539,35.920696]]}},{"type":"Feature","properties":{"id":1330559189,"highway":"unclassified"},"geometry":{"type":"LineString","coordinates":[[140.497735,35.929135],[140.497839,35.929097]]}},{"type":"Feature","properties":{"id":1330559190,"highway":"unclassified"},"geometry":{"type":"LineString","coordinates":[[140.497839,35.929097],[140.497871,35.929088]]}},{"type":"Feature","properties":{"id":1385784969,"highway":"unclassified"},"geometry":{"type":"LineString","coordinates":[[140.494031,35.996938],[140.493703,35.997378],[140.493349,35.997868],[140.493177,35.998143],[140.492998,35.998635],[140.492936,35.998981],[140.493075,35.999577],[140.493144,35.999804],[140.493174,35.999946],[140.493131,36.000059]]}},{"type":"Feature","properties":{"id":1395973888,"highway":"service"},"geometry":{"type":"LineString","coordinates":[[140.487377,35.902104],[140.487297,35.902024]]}},{"type":"Feature","properties":{"id":1395973889,"highway":"service"},"geometry":{"type":"LineString","coordinates":[[140.487297,35.902024],[140.487626,35.901787],[140.487602,35.901666],[140.487499,35.901551],[140.48735,35.901392]]}},{"type":"Feature","properties":{"id":1395973890,"highway":"service"},"geometry":{"type":"LineString","coordinates":[[140.487297,35.902024],[140.487093,35.902167]]}},{"type":"Feature","properties":{"id":1395973891,"highway":"service"},"geometry":{"type":"LineString","coordinates":[[140.488081,35.900695],[140.487948,35.900787]]}},{"type":"Feature","properties":{"id":1395974906,"highway":"service"},"geometry":{"type":"LineString","coordinates":[[140.49135,35.901444],[140.491797,35.901091]]}},{"type":"Feature","properties":{"id":1395974907,"highway":"service"},"geometry":{"type":"LineString","coordinates":[[140.491192,35.901621],[140.491147,35.901596],[140.491129,35.901568],[140.491129,35.901534],[140.49115,35.901513],[140.491189,35.901502],[140.491232,35.901492],[140.49125,35.90147],[140.491255,35.901443],[140.491239,35.901418],[140.491201,35.901391]]}},{"type":"Feature","properties":{"id":1395974908,"highway":"service"},"geometry":{"type":"LineString","coordinates":[[140.491152,35.901432],[140.491096,35.90138],[140.491071,35.901368],[140.491042,35.90138],[140.491021,35.901402],[140.491005,35.901423],[140.490971,35.901434],[140.490934,35.901413],[140.490891,35.901382]]}},{"type":"Feature","properties":{"id":1456674961,"highway":"residential"},"geometry":{"type":"LineString","coordinates":[[140.499608,35.981054],[140.499747,35.980956],[140.499831,35.98093],[140.499976,35.980888]]}},{"type":"Feature","properties":{"id":1456674962,"highway":"residential"},"geometry":{"type":"LineString","coordinates":[[140.498989,35.983775],[140.500289,35.98381],[140.500391,35.9837],[140.5004,35.983417],[140.500412,35.983063]]}},{"type":"Feature","properties":{"id":1456674963,"highway":"residential"},"geometry":{"type":"LineString","coordinates":[[140.499079,35.983383],[140.5004,35.983417]]}},{"type":"Feature","properties":{"id":1466765025,"highway":"residential"},"geometry":{"type":"LineString","coordinates":[[140.430363,35.953049],[140.429865,35.95441]]}},{"type":"Feature","properties":{"id":1466765026,"highway":"unclassified"},"geometry":{"type":"LineString","coordinates":[[140.445605,35.944295],[140.445588,35.944567],[140.445568,35.944652]]}},{"type":"Feature","properties":{"id":1466765027,"highway":"unclassified"},"geometry":{"type":"LineString","coordinates":[[140.436445,35.948607],[140.437638,35.949167],[140.437705,35.949258],[140.4378,35.949479],[140.437857,35.949638],[140.437822,35.949945],[140.438086,35.950105]]}},{"type":"Feature","properties":{"id":1466887230,"highway":"unclassified"},"geometry":{"type":"LineString","coordinates":[[140.435284,35.948176],[140.434941,35.948525],[140.434381,35.949112]]}},{"type":"Feature","properties":{"id":1467275995,"highway":"residential"},"geometry":{"type":"LineString","coordinates":[[140.49219,35.919158],[140.492405,35.919552],[140.492479,35.919545],[140.492542,35.919564],[140.49259,35.919631],[140.492628,35.919699]]}},{"type":"Feature","properties":{"id":1467275996,"highway":"residential"},"geometry":{"type":"LineString","coordinates":[[140.491231,35.919106],[140.490805,35.919773],[140.490761,35.919826],[140.490709,35.919882],[140.490575,35.920007],[140.490562,35.920059],[140.490573,35.92011],[140.490658,35.920251]]}},{"type":"Feature","properties":{"id":1500137986,"highway":"service"},"geometry":{"type":"LineString","coordinates":[[140.485873,35.926551],[140.486138,35.926367],[140.486141,35.926364]]}},{"type":"Feature","properties":{"id":1501252821,"highway":"service"},"geometry":{"type":"LineString","coordinates":[[140.497298,35.940934],[140.497366,35.940719],[140.497428,35.940666]]}},{"type":"Feature","properties":{"id":1501252822,"highway":"service"},"geometry":{"type":"LineString","coordinates":[[140.441223,35.91643],[140.441126,35.91631]]}},{"type":"Feature","properties":{"id":1501252823,"highway":"service"},"geometry":{"type":"LineString","coordinates":[[140.430355,35.912286],[140.430474,35.912253]]}},{"type":"Feature","properties":{"id":1502360983,"highway":"service"},"geometry":{"type":"LineString","coordinates":[[140.428764,35.973999],[140.428857,35.974045],[140.429584,35.973878],[140.429576,35.97392],[140.428895,35.974166]]}},{"type":"Feature","properties":{"id":1502360984,"highway":"unclassified"},"geometry":{"type":"LineString","coordinates":[[140.42964,35.973726],[140.429665,35.973939]]}},{"type":"Feature","properties":{"id":1502360985,"highway":"unclassified"},"geometry":{"type":"LineString","coordinates":[[140.429623,35.973579],[140.42964,35.973726]]}},{"type":"Feature","properties":{"id":1502361163,"highway":"service"},"geometry":{"type":"LineString","coordinates":[[140.451549,35.94557],[140.451415,35.945857]]}},{"type":"Feature","properties":{"id":1502783751,"highway":"residential"},"geometry":{"type":"LineString","coordinates":[[140.401304,35.903007],[140.401299,35.903068],[140.401321,35.903341]]}},{"type":"Feature","properties":{"id":1502783752,"highway":"service"},"geometry":{"type":"LineString","coordinates":[[140.401545,35.902876],[140.401304,35.903007]]}},{"type":"Feature","properties":{"id":1502783753,"highway":"unclassified"},"geometry":{"type":"LineString","coordinates":[[140.414327,35.972815],[140.41398,35.972094],[140.413407,35.970789],[140.412474,35.968745],[140.412023,35.967753],[140.411417,35.966424],[140.411328,35.966294],[140.411178,35.966231],[140.411261,35.966016],[140.411269,35.965885],[140.411245,35.965799],[140.411148,35.965569]]}},{"type":"Feature","properties":{"id":1502783754,"highway":"service"},"geometry":{"type":"LineString","coordinates":[[140.411148,35.965569],[140.411253,35.965534]]}},{"type":"Feature","properties":{"id":1502783755,"highway":"unclassified"},"geometry":{"type":"LineString","coordinates":[[140.417263,35.97003],[140.41855,35.971172],[140.418667,35.971318],[140.418691,35.971436]]}},{"type":"Feature","properties":{"id":1502783756,"highway":"service"},"geometry":{"type":"LineString","coordinates":[[140.41714,35.969921],[140.417263,35.97003]]}},{"type":"Feature","properties":{"id":1503249533,"highway":"service"},"geometry":{"type":"LineString","coordinates":[[140.484449,35.902826],[140.484372,35.902719]]}},{"type":"Feature","properties":{"id":1503249534,"highway":"service"},"geometry":{"type":"LineString","coordinates":[[140.489389,35.906415],[140.489357,35.906306],[140.489305,35.906118]]}},{"type":"Feature","properties":{"id":1503249536,"highway":"service"},"geometry":{"type":"LineString","coordinates":[[140.459986,35.931257],[140.459854,35.931329],[140.459759,35.931408],[140.459104,35.931143]]}},{"type":"Feature","properties":{"id":1503249537,"highway":"residential"},"geometry":{"type":"LineString","coordinates":[[140.460351,35.931685],[140.459986,35.931257]]}},{"type":"Feature","properties":{"id":1504285615,"highway":"service"},"geometry":{"type":"LineString","coordinates":[[140.408272,35.972414],[140.4083,35.972563],[140.408502,35.972829],[140.408129,35.972927],[140.406992,35.973544]]}},{"type":"Feature","properties":{"id":1548990979,"highway":"residential"},"geometry":{"type":"LineString","coordinates":[[140.486118,35.921023],[140.486426,35.919731]]}},{"type":"Feature","properties":{"id":1548991805,"highway":"unclassified"},"geometry":{"type":"LineString","coordinates":[[140.494448,35.949234],[140.494351,35.949197],[140.494224,35.949203],[140.494143,35.94921],[140.494074,35.949215],[140.493981,35.949223]]}},{"type":"Feature","properties":{"id":1558726674,"highway":"residential"},"geometry":{"type":"LineString","coordinates":[[140.486188,35.904665],[140.486075,35.904638],[140.485948,35.904606]]}}]}