{"type":"FeatureCollection","features":[{"type":"Feature","properties":{"id":81935006,"highway":"trunk"},"geometry":{"type":"LineString","coordinates":[[140.408136,36.54897],[140.408128,36.549091],[140.408122,36.54918],[140.408108,36.549535],[140.408025,36.550528]]}},{"type":"Feature","properties":{"id":83022110,"highway":"tertiary"},"geometry":{"type":"LineString","coordinates":[[140.405516,36.573782],[140.405181,36.573825],[140.404745,36.573928],[140.404377,36.574067],[140.404157,36.574229],[140.403985,36.574362],[140.403803,36.574552],[140.40369,36.574764],[140.403561,36.575203],[140.4035,36.575402],[140.40341,36.575583],[140.403309,36.575687],[140.403102,36.575834],[140.40273,36.576039],[140.40249,36.576168],[140.402028,36.576469],[140.401691,36.576602],[140.401503,36.576679],[140.401407,36.576681],[140.401249,36.576675],[140.401206,36.576667],[140.400874,36.576608],[140.400101,36.576401],[140.399245,36.576131],[140.398948,36.576031],[140.398503,36.575921],[140.398197,36.575827],[140.397709,36.575629],[140.39723,36.575383],[140.397086,36.575307],[140.396797,36.5751],[140.396719,36.575065],[140.396389,36.574686],[140.395702,36.573971],[140.395092,36.5734],[140.394378,36.572687],[140.3936,36.571956],[140.393228,36.571534],[140.39288,36.571208],[140.392527,36.570757],[140.391958,36.570154],[140.391443,36.569646],[140.390885,36.568991],[140.390434,36.568371],[140.390059,36.567586],[140.389719,36.566819],[140.389589,36.56656],[140.389451,36.566305],[140.389413,36.56617],[140.389402,36.566048],[140.389419,36.565928],[140.389483,36.565795],[140.389593,36.565683],[140.389863,36.56548],[140.39059,36.564937],[140.390947,36.564663],[140.391196,36.564441],[140.391354,36.564262],[140.391439,36.564145],[140.39151,36.564036],[140.391581,36.563858],[140.39161,36.563729],[140.39162,36.563575],[140.391602,36.563408],[140.391573,36.563268],[140.391526,36.563121],[140.391456,36.56297],[140.391371,36.562826],[140.391251,36.56266],[140.391105,36.5625]]}},{"type":"Feature","properties":{"id":86631162,"highway":"tertiary"},"geometry":{"type":"LineString","coordinates":[[140.428899,36.526885],[140.42896,36.52694],[140.428989,36.526971],[140.429009,36.527016],[140.429008,36.527062],[140.428985,36.527112],[140.428815,36.527371],[140.42843,36.527972],[140.428286,36.528206],[140.427952,36.52875],[140.427865,36.528909],[140.427444,36.529563],[140.427184,36.52997],[140.427153,36.530002],[140.426857,36.530457],[140.426473,36.530994],[140.425492,36.532275],[140.42497,36.533021],[140.424301,36.53387],[140.424188,36.534021],[140.422546,36.536209],[140.421949,36.536999],[140.421905,36.537051],[140.421665,36.537367],[140.420226,36.539323],[140.420142,36.539432],[140.4193,36.540545],[140.41922,36.540646],[140.418252,36.541954],[140.418041,36.542222]]}},{"type":"Feature","properties":{"id":88809585,"highway":"service"},"geometry":{"type":"LineString","coordinates":[[140.497366,36.511384],[140.496793,36.511012],[140.496451,36.510744],[140.496309,36.510587],[140.496079,36.510472],[140.495383,36.510208],[140.495353,36.510166],[140.495354,36.51007],[140.495435,36.509945],[140.495544,36.509858],[140.495572,36.509838],[140.495649,36.50978],[140.49595,36.509439],[140.496181,36.509095]]}},{"type":"Feature","properties":{"id":88809587,"highway":"residential"},"geometry":{"type":"LineString","coordinates":[[140.499069,36.508506],[140.499006,36.50901],[140.498944,36.509342],[140.498927,36.509372],[140.498823,36.509423],[140.498396,36.509645],[140.497881,36.509853]]}},{"type":"Feature","properties":{"id":88810780,"highway":"secondary"},"geometry":{"type":"LineString","coordinates":[[140.452044,36.499622],[140.451967,36.499688],[140.451941,36.499712],[140.451892,36.499755],[140.45186,36.499783],[140.451475,36.500079],[140.451206,36.500289],[140.450551,36.500771],[140.449981,36.501162],[140.449678,36.501362],[140.449315,36.50162],[140.449103,36.50178],[140.448871,36.501978],[140.448631,36.502181],[140.447957,36.502712],[140.447178,36.503318],[140.447142,36.503346],[140.447027,36.503436],[140.446983,36.503469],[140.446938,36.503502],[140.446456,36.503862],[140.446125,36.504122],[140.445743,36.504421],[140.445634,36.504518],[140.445533,36.504624],[140.445403,36.504787],[140.44511,36.505201],[140.444798,36.505653],[140.444648,36.505871],[140.444605,36.505933],[140.444541,36.506021],[140.444484,36.506079],[140.444402,36.506154],[140.444259,36.506262],[140.444057,36.506401]]}},{"type":"Feature","properties":{"id":91589353,"highway":"tertiary"},"geometry":{"type":"LineString","coordinates":[[140.417592,36.542091],[140.417324,36.542092],[140.417162,36.542108],[140.417067,36.54216],[140.416959,36.542295],[140.416689,36.542538],[140.41633,36.54282],[140.415954,36.543054],[140.415851,36.543106],[140.415582,36.543216],[140.4154,36.543329],[140.414881,36.543653],[140.414782,36.54373],[140.414732,36.543772],[140.414689,36.543827],[140.414123,36.544739],[140.413814,36.545252],[140.413645,36.545539],[140.413608,36.545612],[140.413589,36.545684],[140.413576,36.545761],[140.413579,36.545838],[140.413591,36.54593],[140.413687,36.546407],[140.413545,36.546423],[140.413465,36.546441],[140.41341,36.546471],[140.413362,36.546508],[140.413327,36.546549],[140.413284,36.546621],[140.413116,36.5469],[140.412727,36.54754]]}},{"type":"Feature","properties":{"id":91589358,"highway":"unclassified"},"geometry":{"type":"LineString","coordinates":[[140.443968,36.501976],[140.442445,36.503022],[140.441135,36.503922],[140.439865,36.504783],[140.438819,36.505505],[140.438493,36.50566],[140.438048,36.505941]]}},{"type":"Feature","properties":{"id":91589359,"highway":"secondary"},"geometry":{"type":"LineString","coordinates":[[140.407708,36.533695],[140.407776,36.533717],[140.408031,36.533767],[140.408408,36.533747],[140.408662,36.533805],[140.408913,36.533909],[140.409139,36.534049],[140.409245,36.534168],[140.409202,36.534367],[140.409102,36.534517],[140.40901,36.53458],[140.40886,36.534864],[140.408384,36.53547],[140.408074,36.535782],[140.407752,36.536123],[140.40758,36.536343],[140.407267,36.536753],[140.407194,36.536879],[140.407156,36.536983],[140.407135,36.537082],[140.407131,36.537177],[140.407147,36.537267],[140.407172,36.537347],[140.407282,36.537554],[140.407382,36.537717],[140.407456,36.537867],[140.407516,36.538153],[140.407581,36.538271],[140.40765,36.538368],[140.407849,36.538526],[140.407988,36.538683],[140.408079,36.538858],[140.408115,36.538981],[140.408124,36.539024],[140.408154,36.539157]]}},{"type":"Feature","properties":{"id":91589360,"highway":"tertiary"},"geometry":{"type":"LineString","coordinates":[[140.411487,36.542354],[140.411649,36.542491],[140.411746,36.542579],[140.411813,36.542634],[140.411915,36.542743],[140.412271,36.543224],[140.41283,36.543907],[140.41302,36.544134],[140.413103,36.54423],[140.413196,36.544314],[140.413286,36.544375],[140.413427,36.544457],[140.413619,36.544542],[140.413872,36.544642],[140.41406,36.544716],[140.414123,36.544739],[140.414858,36.545036],[140.415467,36.545268],[140.415779,36.545386]]}},{"type":"Feature","properties":{"id":91589362,"highway":"tertiary"},"geometry":{"type":"LineString","coordinates":[[140.409102,36.534517],[140.409663,36.534576],[140.409981,36.534636],[140.410841,36.53474],[140.410967,36.534754],[140.411837,36.534857],[140.412116,36.534874],[140.412352,36.534836],[140.413012,36.53469],[140.413215,36.534615],[140.413345,36.534569],[140.413604,36.534463],[140.41373,36.534418],[140.413853,36.534391]]}},{"type":"Feature","properties":{"id":91589364,"highway":"trunk"},"geometry":{"type":"LineString","coordinates":[[140.428823,36.526833],[140.428487,36.527146],[140.427668,36.527921],[140.427165,36.528398],[140.426405,36.529113],[140.425664,36.529811],[140.425208,36.53024],[140.425136,36.530314],[140.424187,36.531216],[140.423147,36.532205],[140.42234,36.532969],[140.42201,36.533282],[140.421035,36.534205],[140.420293,36.534899],[140.419916,36.535238],[140.419565,36.535505],[140.419323,36.535672],[140.419009,36.535865],[140.418106,36.536322],[140.417911,36.536421]]}},{"type":"Feature","properties":{"id":91589368,"highway":"secondary"},"geometry":{"type":"LineString","coordinates":[[140.414773,36.548092],[140.414645,36.548057],[140.413905,36.547855],[140.413535,36.547771],[140.413467,36.547756],[140.412726,36.547591]]}},{"type":"Feature","properties":{"id":91591265,"highway":"primary"},"geometry":{"type":"LineString","coordinates":[[140.456582,36.502395],[140.456646,36.50229],[140.457347,36.501135],[140.457703,36.500573],[140.45781,36.500372],[140.457911,36.500144],[140.457974,36.499947],[140.458021,36.499738],[140.458046,36.499566],[140.458049,36.499355],[140.458028,36.499095],[140.457997,36.49891],[140.457952,36.49873],[140.457892,36.498563],[140.457821,36.498401],[140.45771,36.498196],[140.45759,36.498022],[140.457293,36.49762],[140.456995,36.497236]]}},{"type":"Feature","properties":{"id":92413473,"highway":"primary"},"geometry":{"type":"LineString","coordinates":[[140.472335,36.515777],[140.471526,36.516365]]}},{"type":"Feature","properties":{"id":103682409,"highway":"primary"},"geometry":{"type":"LineString","coordinates":[[140.474251,36.508655],[140.474175,36.508657],[140.473979,36.508654],[140.473799,36.50864],[140.473616,36.508607],[140.473431,36.508559],[140.47318,36.508488],[140.472649,36.508324],[140.471418,36.50794],[140.470954,36.507795],[140.469789,36.507426],[140.469647,36.507382],[140.468938,36.507162],[140.468879,36.507144],[140.468769,36.507109],[140.468661,36.507076],[140.468378,36.506988],[140.468174,36.506945],[140.467972,36.506918],[140.467723,36.506909],[140.467542,36.506913],[140.467404,36.506928],[140.467242,36.506951],[140.46708,36.506985],[140.466894,36.507039],[140.466738,36.507099],[140.466579,36.507169]]}},{"type":"Feature","properties":{"id":103682432,"highway":"primary"},"geometry":{"type":"LineString","coordinates":[[140.474781,36.508647],[140.474251,36.508655]]}},{"type":"Feature","properties":{"id":103684086,"highway":"secondary"},"geometry":{"type":"LineString","coordinates":[[140.476584,36.539809],[140.476467,36.539945]]}},{"type":"Feature","properties":{"id":103684092,"highway":"secondary"},"geometry":{"type":"LineString","coordinates":[[140.492512,36.517461],[140.492428,36.517555],[140.492391,36.517596],[140.49203,36.518056],[140.491848,36.518255],[140.491738,36.518364],[140.491592,36.518495],[140.49127,36.518746],[140.490038,36.519682],[140.489689,36.519959],[140.489539,36.52009],[140.48859,36.520967],[140.487969,36.521539],[140.487841,36.521666],[140.487745,36.52178],[140.487643,36.521917],[140.487572,36.522038],[140.487502,36.522167],[140.487053,36.523088],[140.486784,36.523637],[140.486343,36.524544],[140.486257,36.52469],[140.486149,36.524823],[140.486051,36.52493],[140.485946,36.525028],[140.485755,36.525168],[140.485305,36.525527],[140.485136,36.525681],[140.48503,36.525818],[140.484936,36.52597],[140.484868,36.526113],[140.484818,36.526268],[140.484781,36.526425],[140.484742,36.526725],[140.48471,36.526918],[140.484669,36.527057],[140.484629,36.527157],[140.484572,36.52724],[140.48453,36.527307],[140.484476,36.527366],[140.484389,36.527456],[140.484047,36.527775],[140.483941,36.527878],[140.483865,36.527971],[140.483786,36.528077],[140.483733,36.528169],[140.483589,36.528438],[140.483472,36.528676],[140.483413,36.528795],[140.483352,36.528959],[140.483328,36.529061],[140.483319,36.52916],[140.483322,36.529274],[140.483361,36.529495],[140.483442,36.529876],[140.483477,36.53007],[140.483487,36.530211],[140.483486,36.530232],[140.483485,36.530273],[140.483475,36.530402],[140.483454,36.530516],[140.483414,36.530627],[140.483377,36.530707],[140.483369,36.530725],[140.483307,36.530847],[140.48307,36.531258],[140.482856,36.531628],[140.48274,36.531838],[140.482634,36.532004],[140.482551,36.532123],[140.482459,36.532239],[140.482304,36.532401],[140.482178,36.532519],[140.48195,36.53271],[140.481691,36.532919],[140.481488,36.533112],[140.481377,36.53324],[140.481341,36.533277],[140.48133,36.533289],[140.481215,36.533435],[140.481157,36.533533],[140.481024,36.533779],[140.480795,36.534141],[140.480637,36.534408],[140.480516,36.534596],[140.48044,36.534714],[140.480026,36.535363]]}},{"type":"Feature","properties":{"id":103684099,"highway":"residential"},"geometry":{"type":"LineString","coordinates":[[140.498158,36.512108],[140.498211,36.51215],[140.498332,36.512266]]}},{"type":"Feature","properties":{"id":103684105,"highway":"secondary"},"geometry":{"type":"LineString","coordinates":[[140.476467,36.539945],[140.476418,36.540016],[140.47634,36.540131],[140.476252,36.540267],[140.476171,36.540396],[140.476099,36.540526],[140.476042,36.540649],[140.475979,36.540802],[140.475891,36.541047],[140.475867,36.541135],[140.475835,36.541254],[140.475801,36.541407],[140.475771,36.541562]]}},{"type":"Feature","properties":{"id":104489632,"highway":"primary"},"geometry":{"type":"LineString","coordinates":[[140.411555,36.54925],[140.411292,36.549227],[140.411231,36.549221],[140.410791,36.549185],[140.409614,36.549088],[140.409383,36.549068],[140.40883,36.549019]]}},{"type":"Feature","properties":{"id":104489633,"highway":"trunk"},"geometry":{"type":"LineString","coordinates":[[140.408025,36.550528],[140.407973,36.551146],[140.407888,36.552391],[140.407871,36.552617],[140.407839,36.552863],[140.407756,36.553373]]}},{"type":"Feature","properties":{"id":104489637,"highway":"secondary"},"geometry":{"type":"LineString","coordinates":[[140.41498,36.54136],[140.415904,36.541625],[140.415999,36.541653]]}},{"type":"Feature","properties":{"id":104489660,"highway":"secondary"},"geometry":{"type":"LineString","coordinates":[[140.416803,36.54187],[140.417007,36.541924],[140.417377,36.542021],[140.417402,36.542034],[140.417592,36.542091],[140.418041,36.542222]]}},{"type":"Feature","properties":{"id":104489687,"highway":"trunk"},"geometry":{"type":"LineString","coordinates":[[140.417911,36.536421],[140.417725,36.536505]]}},{"type":"Feature","properties":{"id":104489720,"highway":"trunk"},"geometry":{"type":"LineString","coordinates":[[140.40855,36.544944],[140.408468,36.54534],[140.408418,36.545625],[140.408389,36.545869],[140.408251,36.547578],[140.408246,36.547631],[140.408242,36.547683],[140.408174,36.54853]]}},{"type":"Feature","properties":{"id":104675803,"highway":"primary"},"geometry":{"type":"LineString","coordinates":[[140.45674,36.535148],[140.456768,36.535292],[140.456924,36.536069],[140.456969,36.536355],[140.456968,36.536579],[140.456945,36.536807],[140.4569,36.536992],[140.456831,36.537168],[140.456733,36.537337],[140.4566,36.537488],[140.456435,36.537633],[140.456306,36.537737],[140.456131,36.537862],[140.454892,36.538632],[140.454251,36.539052],[140.454066,36.539204],[140.453903,36.539361],[140.453778,36.539508],[140.453674,36.539685],[140.45356,36.539901],[140.453446,36.540171],[140.453278,36.540614],[140.453005,36.541342],[140.452907,36.54156],[140.452763,36.541825],[140.452652,36.541997],[140.452459,36.542315],[140.452374,36.542496],[140.452287,36.542755],[140.452264,36.542929],[140.452248,36.543082],[140.452264,36.543267],[140.452302,36.543459],[140.452353,36.543628],[140.452417,36.543754],[140.452679,36.544271],[140.453036,36.544923],[140.453123,36.545083]]}},{"type":"Feature","properties":{"id":106424796,"highway":"unclassified"},"geometry":{"type":"LineString","coordinates":[[140.447711,36.549913],[140.44841,36.550884],[140.448588,36.551336],[140.448599,36.551802],[140.448499,36.552151],[140.448332,36.552492],[140.447991,36.552886],[140.446771,36.554343],[140.446469,36.554695],[140.446179,36.554901],[140.445962,36.554973],[140.445499,36.555036],[140.445042,36.554986],[140.444534,36.554911],[140.444252,36.554843],[140.443646,36.554642],[140.44324,36.554571],[140.44154,36.554298]]}},{"type":"Feature","properties":{"id":106424799,"highway":"tertiary"},"geometry":{"type":"LineString","coordinates":[[140.407704,36.582801],[140.408868,36.582793],[140.410092,36.58279],[140.411019,36.582768]]}},{"type":"Feature","properties":{"id":106424824,"highway":"tertiary"},"geometry":{"type":"LineString","coordinates":[[140.453123,36.545083],[140.452946,36.545142],[140.452145,36.545408],[140.451426,36.545507],[140.450475,36.54547],[140.450433,36.545466],[140.447015,36.545274],[140.446686,36.545274],[140.446329,36.545341],[140.446062,36.545426],[140.445699,36.545619],[140.445265,36.545946],[140.443062,36.547626],[140.44285,36.547863],[140.442814,36.547993],[140.442777,36.548184],[140.442823,36.548493],[140.442971,36.548713],[140.443802,36.549585],[140.44513,36.551132]]}},{"type":"Feature","properties":{"id":106424839,"highway":"unclassified"},"geometry":{"type":"LineString","coordinates":[[140.443689,36.552061],[140.444579,36.552968],[140.445008,36.553388],[140.446771,36.554343]]}},{"type":"Feature","properties":{"id":106424844,"highway":"secondary"},"geometry":{"type":"LineString","coordinates":[[140.421237,36.585962],[140.421759,36.585196],[140.421946,36.584787],[140.422225,36.584129],[140.422388,36.583654],[140.422422,36.583278],[140.422627,36.581917],[140.422827,36.580322],[140.422956,36.579413],[140.422974,36.579181],[140.422966,36.578852],[140.422899,36.577503],[140.422879,36.577052],[140.422863,36.576094],[140.422833,36.575149],[140.422803,36.57463],[140.422651,36.573323],[140.422446,36.571886],[140.422387,36.571524],[140.422311,36.570813],[140.422309,36.570672],[140.422282,36.570468],[140.422352,36.569803],[140.422381,36.569613],[140.422496,36.569058],[140.422546,36.568772],[140.422698,36.568315],[140.423159,36.567012],[140.423452,36.565993],[140.423569,36.565643],[140.423645,36.565481],[140.423764,36.565266],[140.424486,36.564127],[140.424715,36.563766],[140.424975,36.563306],[140.425103,36.563117],[140.425143,36.563],[140.425158,36.562871],[140.425108,36.56225],[140.425054,36.561751],[140.425041,36.561489],[140.425054,36.5612],[140.425062,36.560797],[140.425082,36.560579],[140.425146,36.560338],[140.425294,36.56009],[140.425303,36.56006],[140.425549,36.55951],[140.426226,36.557963],[140.427072,36.555944]]}},{"type":"Feature","properties":{"id":106424851,"highway":"tertiary"},"geometry":{"type":"LineString","coordinates":[[140.447711,36.549913],[140.448131,36.549686],[140.448457,36.549568],[140.448873,36.549473],[140.449053,36.549455]]}},{"type":"Feature","properties":{"id":106424871,"highway":"tertiary"},"geometry":{"type":"LineString","coordinates":[[140.43902,36.558668],[140.4392,36.558414],[140.439295,36.558299],[140.43941,36.558176],[140.439492,36.557994],[140.439494,36.557829],[140.439415,36.557371],[140.439323,36.556865],[140.439294,36.556539],[140.439294,36.556324],[140.439355,36.556073],[140.439484,36.555813],[140.439612,36.55565],[140.439802,36.555467],[140.439999,36.555336],[140.44099,36.554827],[140.441207,36.554733],[140.441313,36.554628],[140.441439,36.554474],[140.44154,36.554298],[140.441973,36.553325],[140.442126,36.553088],[140.442296,36.55294],[140.442496,36.552775],[140.443689,36.552061],[140.44513,36.551132],[140.447711,36.549913]]}},{"type":"Feature","properties":{"id":106424874,"highway":"tertiary"},"geometry":{"type":"LineString","coordinates":[[140.433371,36.580771],[140.433982,36.581558],[140.434584,36.582351]]}},{"type":"Feature","properties":{"id":106424942,"highway":"unclassified"},"geometry":{"type":"LineString","coordinates":[[140.497804,36.527012],[140.499293,36.527702],[140.501119,36.528567],[140.501511,36.528769],[140.501747,36.528933],[140.501932,36.529094],[140.502052,36.529253],[140.502278,36.529585],[140.502478,36.529874],[140.502792,36.530308],[140.503412,36.530932],[140.503882,36.531456],[140.504034,36.531617],[140.50435,36.531723],[140.50467,36.531814],[140.504834,36.531814],[140.50504,36.531763],[140.505201,36.531776],[140.505354,36.531816],[140.505619,36.531912],[140.505772,36.531939],[140.505888,36.531927],[140.506019,36.531869],[140.506148,36.531826],[140.506802,36.531756],[140.506912,36.531771],[140.507023,36.531821],[140.507108,36.531939],[140.507187,36.531989],[140.50739,36.53203],[140.507664,36.532104],[140.507811,36.532109],[140.507886,36.532102],[140.508005,36.532051]]}},{"type":"Feature","properties":{"id":106622302,"highway":"tertiary"},"geometry":{"type":"LineString","coordinates":[[140.401503,36.576679],[140.401455,36.577113],[140.401237,36.577708],[140.401047,36.578179],[140.400872,36.578591],[140.400625,36.57898],[140.400339,36.579398],[140.399656,36.580466],[140.399532,36.580722],[140.399473,36.580881],[140.399467,36.581064],[140.399464,36.581316],[140.399537,36.581576],[140.399554,36.58177],[140.399505,36.582045],[140.399379,36.582549],[140.399144,36.583516],[140.399091,36.583664],[140.399114,36.583717],[140.399164,36.583755],[140.399243,36.583776],[140.399762,36.583848],[140.399843,36.583893],[140.400099,36.583928],[140.400322,36.583931],[140.400484,36.583871],[140.400642,36.583724],[140.401667,36.58398],[140.401747,36.584023],[140.4018,36.5841],[140.401744,36.584233],[140.401673,36.584497],[140.40163,36.58464],[140.401632,36.584818],[140.40167,36.585049],[140.401704,36.58526],[140.401702,36.585391],[140.401685,36.58551],[140.401642,36.585584],[140.40157,36.585672],[140.401535,36.585774],[140.401511,36.585897]]}},{"type":"Feature","properties":{"id":106622303,"highway":"tertiary"},"geometry":{"type":"LineString","coordinates":[[140.427426,36.53552],[140.428025,36.536008],[140.428503,36.53645],[140.429338,36.537147],[140.429669,36.537346],[140.430105,36.537507],[140.430384,36.537593],[140.430776,36.537686],[140.431034,36.537744],[140.431485,36.537925],[140.432105,36.538154],[140.432638,36.538286],[140.433034,36.538346],[140.433489,36.538346],[140.433829,36.538353]]}},{"type":"Feature","properties":{"id":106622305,"highway":"tertiary"},"geometry":{"type":"LineString","coordinates":[[140.408351,36.552729],[140.408417,36.552732],[140.408649,36.552749],[140.408749,36.552765],[140.408975,36.552817],[140.409162,36.552878],[140.409291,36.552927],[140.40941,36.55298],[140.409661,36.553109],[140.410391,36.553528],[140.410587,36.553652],[140.410637,36.553684],[140.410955,36.553908],[140.410987,36.553931],[140.411053,36.553977]]}},{"type":"Feature","properties":{"id":106622306,"highway":"tertiary"},"geometry":{"type":"LineString","coordinates":[[140.386757,36.56833],[140.386739,36.568451],[140.386684,36.568604],[140.386407,36.569133],[140.386173,36.569539],[140.385935,36.570009],[140.385706,36.570449],[140.385561,36.570777],[140.385312,36.571125],[140.384929,36.571597],[140.384865,36.571725],[140.38485,36.571799],[140.384828,36.571903],[140.384826,36.572194],[140.384812,36.572324],[140.38479,36.572519],[140.384809,36.572754],[140.384858,36.572915],[140.384975,36.57313],[140.385224,36.57356],[140.385413,36.573861],[140.385646,36.574224],[140.385755,36.574427],[140.385774,36.574509],[140.385771,36.574605],[140.385751,36.574733],[140.38572,36.574918],[140.385707,36.575022],[140.385708,36.57516],[140.385799,36.575432],[140.385901,36.575614],[140.38597,36.575698],[140.386084,36.575792],[140.386487,36.576017],[140.387167,36.576383],[140.387252,36.576435],[140.387322,36.576498],[140.387398,36.576615],[140.387504,36.576815],[140.387535,36.576968],[140.387531,36.577063],[140.387492,36.577142],[140.38739,36.577221],[140.38664,36.577732],[140.38659,36.577823],[140.386568,36.577912],[140.386593,36.578053],[140.386685,36.578172],[140.386791,36.578252],[140.387269,36.5785],[140.387574,36.578625],[140.387828,36.578688],[140.388018,36.578746],[140.38816,36.578784],[140.388308,36.57886],[140.388456,36.579001],[140.389239,36.57978],[140.38962,36.580136],[140.38976,36.580242],[140.390193,36.580518],[140.391082,36.581065],[140.391292,36.581209],[140.391435,36.581331],[140.391594,36.581486],[140.391977,36.581847],[140.392707,36.58255],[140.392839,36.582639],[140.392961,36.582695],[140.393282,36.582826],[140.393651,36.582951],[140.395206,36.583506],[140.39547,36.583636],[140.39564,36.583752],[140.395795,36.583912],[140.395915,36.584021],[140.396085,36.584152],[140.396324,36.584268],[140.396573,36.584354],[140.396891,36.5844],[140.397071,36.584438],[140.397335,36.584517],[140.397487,36.584614],[140.397581,36.584747],[140.397629,36.584811],[140.397775,36.585085],[140.398002,36.585515],[140.398108,36.585685],[140.398271,36.585806],[140.398509,36.585902],[140.398488,36.585925],[140.398892,36.586129],[140.399,36.586189],[140.399293,36.586256],[140.39995,36.586345],[140.400169,36.586358],[140.400577,36.586421],[140.400852,36.58645],[140.401029,36.586423],[140.401153,36.586353],[140.401347,36.586125],[140.40141,36.586034],[140.401511,36.585897],[140.401634,36.585792],[140.401722,36.585746],[140.40188,36.585745],[140.402129,36.585774],[140.402394,36.585802],[140.402664,36.585731],[140.402794,36.585681],[140.403146,36.585509],[140.403241,36.585521],[140.403313,36.585581],[140.403417,36.585688],[140.403567,36.585876],[140.403691,36.585907],[140.403821,36.585935],[140.404055,36.585963],[140.404096,36.585973]]}},{"type":"Feature","properties":{"id":106622318,"highway":"tertiary"},"geometry":{"type":"LineString","coordinates":[[140.394816,36.564501],[140.394762,36.564394],[140.39474,36.564343],[140.394732,36.56429],[140.394739,36.564238],[140.394759,36.564171],[140.39483,36.564045],[140.394895,36.563904],[140.395231,36.563202],[140.39529,36.563091],[140.395329,36.563035],[140.395379,36.562981],[140.395449,36.562922],[140.395474,36.562901],[140.395715,36.56271],[140.395808,36.562627],[140.395954,36.562459],[140.396081,36.562297],[140.396204,36.562115],[140.396334,36.561921],[140.396407,36.561792],[140.396628,36.561421],[140.396958,36.560848],[140.397288,36.560254],[140.39747,36.559973],[140.397624,36.559752],[140.397986,36.559224],[140.398105,36.55907],[140.398234,36.558926],[140.398338,36.558816],[140.398397,36.55874],[140.398445,36.558675],[140.39861,36.55831],[140.398671,36.558208],[140.398734,36.558134],[140.398828,36.558026],[140.398947,36.557911],[140.399193,36.557669],[140.399295,36.55757],[140.399447,36.557406],[140.399476,36.557367],[140.399515,36.557299],[140.39955,36.557201],[140.39958,36.557065],[140.399631,36.556853],[140.399716,36.556505],[140.399773,36.556305],[140.399836,36.556104],[140.3999,36.555943],[140.399971,36.555804],[140.400057,36.555662],[140.400286,36.555323],[140.40048,36.555036],[140.400567,36.554915],[140.4007,36.554755],[140.400821,36.55465],[140.400963,36.554549],[140.401151,36.554424],[140.401379,36.554292],[140.401652,36.554144],[140.401829,36.554057],[140.40204,36.553965],[140.402351,36.55385],[140.404362,36.55323],[140.404595,36.553178],[140.404833,36.553138],[140.405197,36.553088],[140.405653,36.553035],[140.405724,36.553027],[140.406029,36.552986],[140.406289,36.552951],[140.406355,36.552943],[140.406985,36.552864],[140.407744,36.552777],[140.408035,36.552741],[140.408125,36.552731],[140.408174,36.55273],[140.408351,36.552729]]}},{"type":"Feature","properties":{"id":106622592,"highway":"trunk"},"geometry":{"type":"LineString","coordinates":[[140.440822,36.50428],[140.440801,36.504191],[140.440782,36.504105]]}},{"type":"Feature","properties":{"id":106622593,"highway":"trunk"},"geometry":{"type":"LineString","coordinates":[[140.441709,36.510002],[140.441755,36.509754],[140.441787,36.509552],[140.441821,36.509289],[140.441834,36.509013],[140.441847,36.508703],[140.441853,36.508518],[140.441847,36.508204],[140.441825,36.507961],[140.441778,36.507626]]}},{"type":"Feature","properties":{"id":115911136,"highway":"trunk"},"geometry":{"type":"LineString","coordinates":[[140.407756,36.553373],[140.407696,36.553617],[140.407599,36.553975],[140.407504,36.554261],[140.407393,36.554612],[140.407001,36.555622],[140.406851,36.556015],[140.406641,36.556548],[140.406557,36.55678],[140.406514,36.556912],[140.406491,36.557022],[140.406478,36.557117],[140.406462,36.557271],[140.406459,36.557457],[140.406467,36.557663],[140.406498,36.557859],[140.406533,36.558006],[140.406543,36.558047],[140.406614,36.558258]]}},{"type":"Feature","properties":{"id":171606628,"highway":"primary"},"geometry":{"type":"LineString","coordinates":[[140.483037,36.588618],[140.482536,36.588896]]}},{"type":"Feature","properties":{"id":171606879,"highway":"primary"},"geometry":{"type":"LineString","coordinates":[[140.484692,36.587707],[140.484469,36.587844],[140.484054,36.588066],[140.483896,36.588149],[140.483681,36.588261],[140.483099,36.588583],[140.483037,36.588618]]}},{"type":"Feature","properties":{"id":171607901,"highway":"primary"},"geometry":{"type":"LineString","coordinates":[[140.44614,36.583965],[140.446138,36.584118],[140.446137,36.584174],[140.44613,36.584454],[140.446092,36.584649],[140.446037,36.584847],[140.44597,36.585013],[140.445866,36.585207],[140.445724,36.585398],[140.445568,36.585577],[140.445137,36.58598],[140.444895,36.5862],[140.444688,36.586346],[140.444477,36.586482],[140.444383,36.586557],[140.444254,36.586689],[140.44413,36.586848],[140.443807,36.587194],[140.443736,36.587253],[140.443615,36.587342],[140.443349,36.587504],[140.443292,36.587534],[140.443055,36.587654],[140.442891,36.587742],[140.442722,36.587843],[140.442049,36.5883],[140.441655,36.588588],[140.441506,36.588709],[140.441314,36.588892],[140.441236,36.588991],[140.441167,36.58912],[140.441118,36.589254],[140.441102,36.589374],[140.44111,36.589499],[140.44114,36.589616],[140.44118,36.589717],[140.441322,36.590035],[140.441405,36.590218],[140.441438,36.590347],[140.441439,36.590438],[140.441416,36.590539],[140.441373,36.590654],[140.441181,36.590883],[140.44107,36.59098],[140.440855,36.591158],[140.440756,36.591248],[140.440641,36.591366],[140.440552,36.591474],[140.440485,36.591584],[140.440394,36.591769],[140.440016,36.592672],[140.439996,36.592755],[140.439979,36.592851],[140.44,36.59306],[140.440035,36.593522],[140.440093,36.593928],[140.440102,36.594028],[140.440102,36.594121],[140.440095,36.594209],[140.440081,36.594293],[140.44003,36.594507],[140.439957,36.594793],[140.439908,36.594977],[140.439863,36.595051],[140.439806,36.59512],[140.439705,36.595184],[140.439297,36.595374],[140.43889,36.595575],[140.438651,36.595696],[140.438458,36.595822],[140.438242,36.59605],[140.438186,36.596139],[140.438129,36.596232],[140.438003,36.596537],[140.437924,36.596746],[140.437779,36.597104],[140.437731,36.597243],[140.437707,36.597366],[140.437678,36.597552],[140.437671,36.597594],[140.43759,36.598622],[140.437452,36.599929],[140.437433,36.600086],[140.437436,36.600241],[140.437452,36.600368],[140.437669,36.601262],[140.437791,36.601866],[140.437797,36.601895],[140.437835,36.602052],[140.43787,36.602174],[140.437937,36.602308],[140.438053,36.602486],[140.438232,36.602722],[140.438415,36.602988],[140.438726,36.603383],[140.438876,36.60354],[140.439088,36.603714],[140.43923,36.603852],[140.439335,36.60397],[140.4394,36.604113],[140.439435,36.604243],[140.439454,36.60437],[140.439445,36.604521],[140.439427,36.6049],[140.439397,36.605153],[140.439402,36.605383],[140.439412,36.60551],[140.439415,36.605697],[140.439531,36.606054],[140.439568,36.606252],[140.43959,36.60644],[140.43959,36.606631],[140.439586,36.606846],[140.439547,36.607634],[140.439517,36.608325],[140.439512,36.608461],[140.439492,36.608659],[140.439477,36.608784],[140.439486,36.608818],[140.439595,36.608912],[140.439634,36.608953],[140.439659,36.608998],[140.439693,36.609138],[140.439741,36.609428],[140.439773,36.609663],[140.439821,36.609934],[140.439856,36.61015],[140.439877,36.610287],[140.43993,36.610479],[140.439992,36.610738],[140.44005,36.610971],[140.440149,36.611328],[140.440339,36.612179],[140.440448,36.612641],[140.440469,36.612692],[140.44052,36.612783],[140.44058,36.612886],[140.4407,36.613112],[140.440735,36.613205],[140.440762,36.613295],[140.44077,36.613423],[140.440773,36.613662],[140.440781,36.613777],[140.440821,36.61388]]}},{"type":"Feature","properties":{"id":171641998,"highway":"primary"},"geometry":{"type":"LineString","coordinates":[[140.486085,36.590509],[140.486187,36.590858],[140.486355,36.591482],[140.486477,36.592027],[140.486804,36.593574],[140.486826,36.593675],[140.486866,36.593854],[140.486955,36.594275],[140.48713,36.595095],[140.487179,36.595324],[140.487534,36.597067],[140.487619,36.597488],[140.487722,36.598027],[140.488027,36.59951],[140.48806,36.599674],[140.48838,36.601203],[140.488411,36.601399],[140.488476,36.601646],[140.488669,36.602288],[140.489335,36.604208],[140.489407,36.604467],[140.489444,36.604694],[140.489449,36.604941],[140.489436,36.605133],[140.489414,36.605303],[140.489342,36.605585],[140.489275,36.605783],[140.489205,36.605958],[140.489084,36.606229],[140.488974,36.606427],[140.488805,36.606703],[140.488663,36.606903],[140.488497,36.607101],[140.488309,36.607301],[140.487838,36.607763],[140.486795,36.608818],[140.486612,36.608993],[140.485506,36.610068],[140.485462,36.610114],[140.48523,36.610354],[140.48509,36.610522],[140.484997,36.610668],[140.484936,36.610796],[140.484895,36.610917],[140.48487,36.611028],[140.484869,36.611077],[140.484865,36.611166],[140.484869,36.611284],[140.484881,36.611403],[140.484916,36.611559],[140.485047,36.611886],[140.485179,36.612178],[140.485295,36.612456],[140.485353,36.612656],[140.485387,36.612848],[140.485396,36.613125],[140.485399,36.613467],[140.485377,36.613666],[140.485332,36.6139],[140.485289,36.614107],[140.485085,36.614822],[140.484975,36.615129],[140.484895,36.615288],[140.484786,36.615471],[140.484141,36.61638],[140.484007,36.61654],[140.483868,36.616669],[140.483693,36.616815],[140.483601,36.616881],[140.483457,36.616981],[140.483314,36.617076]]}},{"type":"Feature","properties":{"id":171973808,"highway":"primary"},"geometry":{"type":"LineString","coordinates":[[140.455399,36.559383],[140.455435,36.559457],[140.455452,36.559498],[140.455475,36.5596],[140.45549,36.559689],[140.455492,36.559831],[140.455462,36.559949],[140.455422,36.560063],[140.455358,36.560186],[140.455276,36.560317],[140.455094,36.560577],[140.454983,36.560764],[140.454886,36.560929],[140.454731,36.561247],[140.454607,36.561556],[140.454524,36.561774],[140.454491,36.56189],[140.45447,36.562009],[140.454451,36.562156],[140.454441,36.562284],[140.454363,36.563124],[140.454357,36.563202],[140.454326,36.563575],[140.454307,36.564162],[140.45425,36.564494],[140.454,36.565177],[140.453898,36.565537],[140.453833,36.565829],[140.453723,36.566388],[140.453652,36.566615],[140.453591,36.56676],[140.453521,36.566872],[140.453426,36.566988],[140.453306,36.567119],[140.453138,36.567294],[140.452949,36.567515],[140.452303,36.568283],[140.452201,36.568406],[140.452138,36.568507],[140.452099,36.568625],[140.452099,36.568726],[140.452105,36.568852],[140.452133,36.569015],[140.452238,36.569173],[140.452351,36.569304],[140.452409,36.569411],[140.452418,36.569477],[140.452413,36.569671],[140.4524,36.56978],[140.452365,36.569933],[140.452342,36.570099],[140.452315,36.57031],[140.452303,36.570468],[140.452209,36.570661],[140.452076,36.571013],[140.452001,36.571225],[140.451952,36.571353],[140.451944,36.571426],[140.451941,36.571517],[140.451995,36.572154],[140.451987,36.572288],[140.451941,36.572619],[140.451886,36.572969],[140.451796,36.573387],[140.451772,36.573464],[140.451698,36.573596],[140.451615,36.573718],[140.451523,36.57383],[140.450771,36.574669],[140.450588,36.57488],[140.450532,36.574938],[140.45046,36.574995],[140.450295,36.575124],[140.450097,36.575286],[140.449984,36.575383],[140.449893,36.575481],[140.449818,36.575579],[140.449747,36.575696],[140.449695,36.575812],[140.449655,36.575929],[140.449576,36.576268],[140.449441,36.576873],[140.449417,36.577006],[140.449407,36.577112],[140.449403,36.577231],[140.44941,36.577342],[140.44943,36.577467],[140.449459,36.577589],[140.44961,36.57793]]}},{"type":"Feature","properties":{"id":171973809,"highway":"primary"},"geometry":{"type":"LineString","coordinates":[[140.44961,36.57793],[140.449656,36.578067],[140.449685,36.57819]]}},{"type":"Feature","properties":{"id":178284373,"highway":"unclassified"},"geometry":{"type":"LineString","coordinates":[[140.402393,36.594179],[140.402369,36.594144],[140.402334,36.594043],[140.402302,36.593938],[140.402297,36.593843],[140.40232,36.593742],[140.402358,36.593627],[140.402385,36.593528],[140.402391,36.593434],[140.402385,36.593289],[140.402388,36.593158],[140.402423,36.592995],[140.402458,36.592831],[140.402585,36.592229],[140.402589,36.592149],[140.402607,36.592006],[140.402607,36.591836],[140.402634,36.591659],[140.402693,36.591452],[140.402716,36.591311],[140.402732,36.591167],[140.402755,36.59093],[140.402789,36.590625],[140.402792,36.590593],[140.402774,36.590401],[140.402728,36.590214],[140.402666,36.589971],[140.402648,36.589863],[140.402648,36.589786],[140.402661,36.589714],[140.402712,36.589643],[140.402806,36.589559],[140.403392,36.589054],[140.403501,36.588974]]}},{"type":"Feature","properties":{"id":178284376,"highway":"secondary"},"geometry":{"type":"LineString","coordinates":[[140.40409,36.612065],[140.405216,36.611816],[140.406433,36.611541],[140.406499,36.611528],[140.406541,36.61152],[140.40699,36.611416],[140.407327,36.611328],[140.407454,36.611304],[140.4076,36.611242],[140.409088,36.610506],[140.409668,36.610191],[140.409845,36.610095],[140.410722,36.609652],[140.410817,36.609606],[140.411962,36.609189],[140.412172,36.609115],[140.412402,36.609038],[140.412638,36.609023],[140.412751,36.609042],[140.412822,36.609056],[140.413337,36.609213],[140.413569,36.60928],[140.413784,36.609306],[140.414031,36.609301],[140.414321,36.60925],[140.414839,36.609153],[140.415525,36.609013],[140.415785,36.608985],[140.416107,36.608976],[140.417003,36.608981],[140.417174,36.608961],[140.417327,36.608922],[140.417421,36.608887],[140.417496,36.608851],[140.417666,36.608755],[140.417996,36.608471],[140.418207,36.6083],[140.418321,36.608229],[140.418739,36.608055],[140.418851,36.607987],[140.418977,36.607877],[140.419067,36.607792],[140.419241,36.607628],[140.419481,36.607459],[140.419801,36.607291],[140.420005,36.607161],[140.42013,36.607093],[140.420474,36.606949],[140.420632,36.606888],[140.420707,36.606817],[140.42077,36.60672],[140.420823,36.606548],[140.420857,36.606404],[140.42086,36.60639],[140.420882,36.606279],[140.420902,36.606227],[140.420934,36.606187],[140.421,36.606136],[140.421064,36.606127],[140.421286,36.606146],[140.421419,36.606186],[140.421498,36.6062],[140.421575,36.606172],[140.421638,36.606122],[140.421661,36.60607],[140.421672,36.60597],[140.421572,36.605688],[140.421581,36.605598],[140.421619,36.605432],[140.421688,36.605382],[140.421765,36.605235],[140.421842,36.605139],[140.421924,36.605103],[140.422018,36.605094],[140.42223,36.605168],[140.422307,36.605159],[140.422345,36.60513],[140.422342,36.605077],[140.422186,36.604847],[140.422169,36.604704],[140.422205,36.604588],[140.422274,36.604508],[140.422458,36.604438],[140.422606,36.604375],[140.422796,36.604242],[140.422875,36.604109],[140.422925,36.603981],[140.42302,36.603727],[140.423049,36.603575],[140.423067,36.60348],[140.423098,36.60336],[140.42315,36.603228],[140.423247,36.603179],[140.423428,36.60322],[140.423518,36.603308],[140.423856,36.603602],[140.423958,36.603607],[140.424026,36.603585],[140.424046,36.603432],[140.424053,36.603342],[140.424037,36.603113],[140.424047,36.602555],[140.423983,36.60208],[140.424103,36.601782],[140.424241,36.601479],[140.424428,36.601298],[140.42444,36.600771],[140.424469,36.600169],[140.424485,36.599725],[140.424432,36.599507],[140.424327,36.59927],[140.424198,36.59901],[140.424201,36.598723],[140.424171,36.598378],[140.423985,36.598013],[140.423896,36.597758],[140.42384,36.597678],[140.423607,36.597389],[140.423305,36.596874],[140.422955,36.596257],[140.422764,36.595839],[140.422548,36.595527],[140.422496,36.595455],[140.421775,36.594481],[140.421578,36.594141],[140.421431,36.593645],[140.421221,36.592912],[140.421217,36.592838],[140.421101,36.592289],[140.420951,36.591539],[140.420912,36.591282],[140.420908,36.591252],[140.420881,36.591045],[140.420773,36.59064],[140.420461,36.590071],[140.42036,36.589939],[140.420253,36.589768],[140.420199,36.589606],[140.420185,36.589321],[140.420206,36.589075],[140.420231,36.588529],[140.420263,36.588335],[140.420382,36.588054],[140.420581,36.587831],[140.420777,36.587587],[140.420892,36.587293],[140.421008,36.586981],[140.421095,36.586629],[140.421167,36.586345],[140.421237,36.585962]]}},{"type":"Feature","properties":{"id":178295129,"highway":"unclassified"},"geometry":{"type":"LineString","coordinates":[[140.404319,36.585901],[140.40425,36.586128],[140.404271,36.586251],[140.404273,36.586368],[140.404276,36.58645],[140.404289,36.586559],[140.404278,36.586618],[140.404238,36.586717],[140.404125,36.586893],[140.404037,36.587053],[140.403957,36.587306],[140.403872,36.587574],[140.403725,36.587905],[140.403519,36.588398],[140.40346,36.588549],[140.403444,36.588713],[140.403447,36.588788],[140.403468,36.5889],[140.403501,36.588974],[140.403589,36.589064],[140.403718,36.589191],[140.403758,36.58926],[140.403766,36.58932],[140.403785,36.589508],[140.403806,36.589577],[140.403857,36.58962],[140.403924,36.589639],[140.404079,36.589682],[140.404179,36.589714],[140.404253,36.589764]]}},{"type":"Feature","properties":{"id":178295130,"highway":"residential"},"geometry":{"type":"LineString","coordinates":[[140.404253,36.589764],[140.404367,36.5894],[140.404717,36.588427],[140.404875,36.588434],[140.404963,36.588438],[140.405104,36.588433],[140.405345,36.588358],[140.405462,36.588325],[140.405874,36.588328],[140.406285,36.588404],[140.406661,36.588442],[140.406845,36.588434],[140.406967,36.588446],[140.407152,36.588554],[140.407305,36.588537],[140.408063,36.588521],[140.408473,36.58852]]}},{"type":"Feature","properties":{"id":198936342,"highway":"secondary"},"geometry":{"type":"LineString","coordinates":[[140.398118,36.511656],[140.398172,36.511714],[140.398237,36.511795],[140.39828,36.511863],[140.398348,36.512049],[140.398349,36.51222],[140.398327,36.512342],[140.39826,36.512522],[140.398168,36.512668],[140.398082,36.5128],[140.398037,36.512926],[140.397987,36.513231],[140.397923,36.513351],[140.397293,36.514057],[140.396529,36.514836],[140.396433,36.514975],[140.396419,36.515091],[140.396454,36.515251],[140.396615,36.515529],[140.396661,36.515687],[140.396681,36.516118],[140.396768,36.516285],[140.396929,36.516422],[140.397587,36.516628],[140.397762,36.516775],[140.398597,36.518296],[140.399027,36.518628],[140.399344,36.518785],[140.399428,36.519014],[140.399424,36.519488],[140.39859,36.520055],[140.398482,36.520258],[140.39846,36.520423],[140.398572,36.520976],[140.398494,36.521727],[140.398584,36.522267],[140.398513,36.522694],[140.39838,36.523058],[140.398329,36.52321],[140.398349,36.523368],[140.398678,36.523803],[140.398744,36.523896],[140.398913,36.52425],[140.399042,36.524609],[140.399224,36.525576],[140.399322,36.525737],[140.399547,36.525823],[140.39979,36.525804],[140.400317,36.525603],[140.400649,36.525754],[140.401194,36.526039],[140.40221,36.526074],[140.402503,36.526144],[140.402634,36.526322],[140.40252,36.527261],[140.40255,36.527337],[140.402606,36.527393],[140.403053,36.527802],[140.403245,36.527964],[140.40333,36.528026],[140.403453,36.528086],[140.403546,36.528112],[140.403682,36.528131],[140.403905,36.528145],[140.404121,36.528167],[140.404378,36.528214],[140.404451,36.528238],[140.404626,36.528281],[140.404737,36.528329],[140.404954,36.528465],[140.405148,36.528635],[140.405235,36.528736],[140.405329,36.528854],[140.40539,36.528946],[140.40543,36.529033],[140.405437,36.529128],[140.405503,36.530587],[140.405537,36.531504],[140.405518,36.531616],[140.405451,36.531886],[140.405379,36.532034],[140.405219,36.532283],[140.405105,36.532513],[140.405089,36.532612],[140.405111,36.53268],[140.40514,36.532743],[140.405183,36.532777],[140.405232,36.532802],[140.406052,36.533136]]}},{"type":"Feature","properties":{"id":198936395,"highway":"residential"},"geometry":{"type":"LineString","coordinates":[[140.404703,36.524765],[140.404865,36.524763],[140.40507,36.524806],[140.405614,36.525016],[140.40592,36.525228],[140.406559,36.525735],[140.406768,36.525886],[140.407011,36.525961],[140.407298,36.526079],[140.407502,36.526158]]}},{"type":"Feature","properties":{"id":198936399,"highway":"unclassified"},"geometry":{"type":"LineString","coordinates":[[140.43807,36.562746],[140.437962,36.562415],[140.437892,36.562222],[140.43785,36.561927],[140.437878,36.561752],[140.438259,36.560953],[140.438526,36.560572],[140.438608,36.560433],[140.438629,36.560305],[140.438613,36.559865],[140.438608,36.55969],[140.438601,36.559314],[140.438629,36.559198],[140.438682,36.559056],[140.438788,36.558916],[140.43902,36.558668]]}},{"type":"Feature","properties":{"id":198936413,"highway":"unclassified"},"geometry":{"type":"LineString","coordinates":[[140.413931,36.596099],[140.414028,36.596154],[140.414739,36.596611],[140.414898,36.596693],[140.415097,36.596761],[140.415646,36.596862],[140.41572,36.596909],[140.415793,36.596984],[140.415824,36.597057],[140.416052,36.597631]]}},{"type":"Feature","properties":{"id":198936416,"highway":"residential"},"geometry":{"type":"LineString","coordinates":[[140.416026,36.530609],[140.416239,36.530539],[140.416606,36.530349],[140.416828,36.53007],[140.416927,36.52986],[140.416942,36.529635],[140.416886,36.529465],[140.416775,36.529337],[140.416449,36.529031],[140.41622,36.528784]]}},{"type":"Feature","properties":{"id":198936417,"highway":"unclassified"},"geometry":{"type":"LineString","coordinates":[[140.412271,36.543224],[140.412577,36.543019],[140.413051,36.542629],[140.412541,36.542303]]}},{"type":"Feature","properties":{"id":198936425,"highway":"unclassified"},"geometry":{"type":"LineString","coordinates":[[140.409308,36.562111],[140.409933,36.561844],[140.41022,36.561709],[140.410336,36.561649],[140.410396,36.561593],[140.410413,36.561523],[140.410418,36.561445],[140.41039,36.561358],[140.410329,36.561282],[140.410201,36.561162],[140.410123,36.561041],[140.410085,36.560958],[140.410043,36.5609],[140.409998,36.560815],[140.409949,36.560722],[140.409859,36.560527],[140.409777,36.560346],[140.409739,36.560251],[140.409727,36.560172],[140.40972,36.560099],[140.409711,36.559409],[140.409706,36.559174],[140.409683,36.558928],[140.409699,36.558753],[140.409699,36.558587],[140.409692,36.558473],[140.409678,36.55837],[140.409669,36.558309],[140.409652,36.558233],[140.409626,36.558177],[140.409569,36.558122]]}},{"type":"Feature","properties":{"id":198936449,"highway":"residential"},"geometry":{"type":"LineString","coordinates":[[140.398837,36.578834],[140.399009,36.578589],[140.399124,36.578317],[140.399233,36.577858],[140.399292,36.577797],[140.399382,36.577749],[140.400024,36.577677],[140.400188,36.577611],[140.400367,36.577466],[140.400468,36.577368]]}},{"type":"Feature","properties":{"id":198936453,"highway":"residential"},"geometry":{"type":"LineString","coordinates":[[140.420825,36.547293],[140.420906,36.547135],[140.421055,36.546998],[140.421088,36.546898],[140.421062,36.546526],[140.421089,36.5464],[140.421306,36.546094],[140.421358,36.545881],[140.421435,36.545561],[140.421513,36.545467]]}},{"type":"Feature","properties":{"id":198936460,"highway":"unclassified"},"geometry":{"type":"LineString","coordinates":[[140.405547,36.544094],[140.405837,36.544221],[140.406055,36.544273],[140.406199,36.544297],[140.406645,36.544372],[140.407091,36.544516],[140.407152,36.544536],[140.407695,36.544708],[140.40817,36.544845],[140.40855,36.544944]]}},{"type":"Feature","properties":{"id":198936463,"highway":"unclassified"},"geometry":{"type":"LineString","coordinates":[[140.411121,36.53293],[140.411412,36.532956],[140.41161,36.53294],[140.411787,36.532913],[140.41198,36.53287],[140.412121,36.532846],[140.412288,36.532813],[140.41246,36.532751],[140.412599,36.532673],[140.412746,36.532577],[140.412919,36.532424]]}},{"type":"Feature","properties":{"id":198936468,"highway":"unclassified"},"geometry":{"type":"LineString","coordinates":[[140.432447,36.539189],[140.432584,36.539193],[140.432846,36.539183],[140.433012,36.539166],[140.433126,36.539138],[140.433252,36.539074],[140.433403,36.538964],[140.433559,36.538845],[140.433672,36.53876],[140.433806,36.538703]]}},{"type":"Feature","properties":{"id":198936478,"highway":"unclassified"},"geometry":{"type":"LineString","coordinates":[[140.427368,36.554615],[140.427759,36.55475],[140.427828,36.554764],[140.427926,36.554768],[140.428034,36.554755],[140.428308,36.554701],[140.428653,36.554593],[140.428743,36.554589],[140.429009,36.554645],[140.429336,36.554716]]}},{"type":"Feature","properties":{"id":198936479,"highway":"unclassified"},"geometry":{"type":"LineString","coordinates":[[140.416821,36.598992],[140.417157,36.598903],[140.417299,36.598889],[140.417419,36.598883],[140.417537,36.598923],[140.417616,36.599036],[140.417748,36.599113],[140.417844,36.599154],[140.418007,36.599175],[140.418145,36.599183],[140.418488,36.59915]]}},{"type":"Feature","properties":{"id":198936490,"highway":"residential"},"geometry":{"type":"LineString","coordinates":[[140.398912,36.546911],[140.398422,36.547152],[140.398249,36.547231],[140.398312,36.547315],[140.398508,36.547418],[140.398774,36.547584],[140.3991,36.54782],[140.399347,36.548097],[140.399779,36.548488],[140.40002,36.548678],[140.400448,36.548857]]}},{"type":"Feature","properties":{"id":198936540,"highway":"unclassified"},"geometry":{"type":"LineString","coordinates":[[140.412151,36.521103],[140.412017,36.521514],[140.411744,36.522318],[140.411698,36.522422],[140.411591,36.522788],[140.411394,36.523458],[140.411285,36.523731],[140.411102,36.524187],[140.410635,36.524792],[140.410581,36.524876],[140.410507,36.525049],[140.410471,36.52515],[140.410447,36.525243],[140.410449,36.525343],[140.410468,36.525453],[140.410519,36.525558],[140.410582,36.525655],[140.410703,36.525826],[140.410813,36.526026],[140.41098,36.526241],[140.411149,36.526404]]}},{"type":"Feature","properties":{"id":198936541,"highway":"unclassified"},"geometry":{"type":"LineString","coordinates":[[140.434539,36.530985],[140.434985,36.531064],[140.435391,36.53113],[140.435547,36.531208],[140.435748,36.531296],[140.435822,36.531316],[140.435915,36.531323],[140.436022,36.531309],[140.436137,36.531267],[140.436241,36.531152],[140.436356,36.530977]]}},{"type":"Feature","properties":{"id":198936543,"highway":"residential"},"geometry":{"type":"LineString","coordinates":[[140.40221,36.526074],[140.402099,36.525958],[140.402076,36.525853],[140.402099,36.525761],[140.402221,36.52562],[140.402494,36.525405],[140.403075,36.525108],[140.403775,36.524806],[140.403935,36.524763],[140.404491,36.524782],[140.404703,36.524765]]}},{"type":"Feature","properties":{"id":198936557,"highway":"residential"},"geometry":{"type":"LineString","coordinates":[[140.454996,36.51578],[140.455092,36.515883],[140.455207,36.515943],[140.455344,36.515973],[140.455657,36.51597],[140.455815,36.51596],[140.456092,36.515944],[140.456365,36.515986]]}},{"type":"Feature","properties":{"id":198936562,"highway":"residential"},"geometry":{"type":"LineString","coordinates":[[140.416821,36.598992],[140.416846,36.599379],[140.416854,36.599523],[140.416874,36.599592],[140.417181,36.599674],[140.417449,36.599741],[140.41751,36.600255],[140.417614,36.600472],[140.417659,36.600637],[140.417691,36.601199],[140.417722,36.601345],[140.417697,36.601422],[140.417634,36.60149],[140.417568,36.601534],[140.417476,36.601562],[140.417273,36.601579],[140.417083,36.601677],[140.416878,36.601754],[140.416664,36.601819],[140.416389,36.60185],[140.416314,36.601846],[140.416119,36.601843],[140.415969,36.601852],[140.415893,36.601832],[140.415797,36.601815],[140.415756,36.601764],[140.41573,36.601671],[140.415759,36.601526],[140.415854,36.601278],[140.415822,36.601035],[140.415755,36.600558],[140.415676,36.600288],[140.415648,36.600215],[140.41563,36.600142],[140.415636,36.600082],[140.415658,36.600007],[140.415676,36.59992],[140.415663,36.599774],[140.415619,36.599692]]}},{"type":"Feature","properties":{"id":198936566,"highway":"service"},"geometry":{"type":"LineString","coordinates":[[140.404278,36.586618],[140.404406,36.586626],[140.404453,36.58659],[140.40451,36.586506],[140.404567,36.586451],[140.404694,36.5864],[140.404766,36.586382],[140.404947,36.586418],[140.405171,36.586463],[140.405228,36.586512],[140.405292,36.58659],[140.405469,36.586656],[140.405655,36.586806],[140.405674,36.586862],[140.405611,36.58695],[140.405419,36.587171],[140.405381,36.587282],[140.405256,36.587481],[140.405163,36.587769],[140.4051,36.588116],[140.405104,36.588433]]}},{"type":"Feature","properties":{"id":198936568,"highway":"unclassified"},"geometry":{"type":"LineString","coordinates":[[140.402846,36.555403],[140.403079,36.555485],[140.403304,36.555482],[140.403551,36.555469],[140.404062,36.555448],[140.404375,36.555439],[140.405008,36.555402],[140.405179,36.555389]]}},{"type":"Feature","properties":{"id":198936593,"highway":"unclassified"},"geometry":{"type":"LineString","coordinates":[[140.39916,36.566791],[140.399272,36.566897],[140.399422,36.567021],[140.399557,36.567122],[140.399637,36.567168],[140.399777,36.567223],[140.400162,36.567346],[140.400674,36.567518],[140.400832,36.567561],[140.400989,36.567598],[140.401184,36.567626]]}},{"type":"Feature","properties":{"id":198936595,"highway":"unclassified"},"geometry":{"type":"LineString","coordinates":[[140.400009,36.575405],[140.400405,36.575349],[140.400586,36.575328],[140.400765,36.575338],[140.400913,36.57537],[140.401006,36.575409],[140.401123,36.575526],[140.401208,36.575573],[140.401305,36.575602],[140.40141,36.575615],[140.401456,36.57562],[140.401504,36.575614],[140.401695,36.575619],[140.401851,36.575637],[140.402149,36.575606],[140.402588,36.575491],[140.403093,36.575272],[140.403259,36.575226],[140.403561,36.575203]]}},{"type":"Feature","properties":{"id":198936619,"highway":"residential"},"geometry":{"type":"LineString","coordinates":[[140.429368,36.533521],[140.429772,36.533884],[140.430094,36.534347],[140.430499,36.534641],[140.430922,36.534773],[140.431473,36.535166],[140.431148,36.535418],[140.430677,36.536219]]}},{"type":"Feature","properties":{"id":198936624,"highway":"residential"},"geometry":{"type":"LineString","coordinates":[[140.420211,36.542286],[140.420411,36.542346],[140.42106,36.54242],[140.421391,36.542505],[140.421774,36.542632],[140.422152,36.542713],[140.422077,36.542913],[140.421893,36.543173],[140.421725,36.543319],[140.42168,36.543406],[140.421607,36.543672]]}},{"type":"Feature","properties":{"id":198936628,"highway":"residential"},"geometry":{"type":"LineString","coordinates":[[140.402766,36.543214],[140.402716,36.543308],[140.402642,36.543721],[140.402643,36.544048],[140.402681,36.544217],[140.402648,36.544482],[140.402508,36.544989],[140.402398,36.545118],[140.402163,36.545297],[140.402091,36.545397],[140.401939,36.545719],[140.401821,36.545934]]}},{"type":"Feature","properties":{"id":198936635,"highway":"unclassified"},"geometry":{"type":"LineString","coordinates":[[140.417446,36.541801],[140.417523,36.541511],[140.417584,36.541284],[140.417652,36.540981],[140.417634,36.540734],[140.417599,36.540413],[140.417598,36.540259],[140.417815,36.53992],[140.417861,36.539751],[140.417911,36.539084],[140.417918,36.539037]]}},{"type":"Feature","properties":{"id":198936638,"highway":"unclassified"},"geometry":{"type":"LineString","coordinates":[[140.403605,36.548507],[140.403628,36.548438],[140.403636,36.548375],[140.403655,36.548108],[140.403665,36.547875],[140.403684,36.547775],[140.403688,36.54768],[140.403686,36.547619],[140.403652,36.547289],[140.403659,36.547151],[140.403664,36.547071],[140.403686,36.54694],[140.403729,36.546784],[140.403917,36.546413]]}},{"type":"Feature","properties":{"id":198936650,"highway":"unclassified"},"geometry":{"type":"LineString","coordinates":[[140.404997,36.53996],[140.404897,36.540132],[140.404793,36.540292],[140.404673,36.540429],[140.404555,36.540544],[140.404428,36.540638],[140.404295,36.540714],[140.404073,36.540814],[140.40375,36.540962],[140.403686,36.540999],[140.403637,36.541047],[140.403451,36.541305]]}},{"type":"Feature","properties":{"id":198936674,"highway":"residential"},"geometry":{"type":"LineString","coordinates":[[140.425649,36.574962],[140.425867,36.574948],[140.425997,36.574942],[140.426138,36.575004],[140.426234,36.575012],[140.426644,36.57492],[140.426723,36.574948],[140.426749,36.575047],[140.426723,36.575223],[140.426609,36.57542],[140.42653,36.57555]]}},{"type":"Feature","properties":{"id":198936675,"highway":"unclassified"},"geometry":{"type":"LineString","coordinates":[[140.406654,36.564515],[140.406679,36.564375],[140.406808,36.5641],[140.406956,36.563845],[140.407031,36.563719],[140.40714,36.563586],[140.407416,36.563331],[140.407625,36.563181],[140.408405,36.562636],[140.409133,36.562191],[140.409308,36.562111]]}},{"type":"Feature","properties":{"id":198936685,"highway":"unclassified"},"geometry":{"type":"LineString","coordinates":[[140.401184,36.567626],[140.401318,36.567649],[140.401391,36.567654],[140.401462,36.567651],[140.401533,36.567644],[140.401612,36.567615],[140.401757,36.567518],[140.401881,36.5674],[140.402013,36.567238],[140.402148,36.56709],[140.402334,36.566887],[140.402492,36.566725],[140.402563,36.566615]]}},{"type":"Feature","properties":{"id":198936686,"highway":"unclassified"},"geometry":{"type":"LineString","coordinates":[[140.417583,36.528551],[140.417643,36.528535],[140.417775,36.528524],[140.417917,36.528524],[140.418046,36.528539],[140.41822,36.528577],[140.41843,36.528633],[140.418709,36.528707],[140.418806,36.528725],[140.418886,36.528742],[140.418981,36.528744],[140.419077,36.528729],[140.419224,36.528683]]}},{"type":"Feature","properties":{"id":198936690,"highway":"residential"},"geometry":{"type":"LineString","coordinates":[[140.40027,36.559713],[140.40043,36.559513],[140.400507,36.559405],[140.400516,36.559239],[140.400443,36.559148]]}},{"type":"Feature","properties":{"id":198936691,"highway":"residential"},"geometry":{"type":"LineString","coordinates":[[140.402826,36.568797],[140.402882,36.56875],[140.403068,36.568691],[140.403324,36.568617],[140.403523,36.56857],[140.40381,36.568459],[140.403918,36.568404],[140.403928,36.568176],[140.403965,36.568083],[140.404024,36.568009],[140.404083,36.567956],[140.404195,36.567902],[140.404389,36.56789],[140.404757,36.567888]]}},{"type":"Feature","properties":{"id":198936692,"highway":"residential"},"geometry":{"type":"LineString","coordinates":[[140.412987,36.519849],[140.413333,36.520037],[140.413515,36.520154],[140.413568,36.520235],[140.413578,36.520375],[140.414318,36.520929],[140.414528,36.521125],[140.414516,36.521382],[140.414522,36.521613],[140.414496,36.521769],[140.414409,36.522039],[140.414093,36.522502]]}},{"type":"Feature","properties":{"id":198936695,"highway":"residential"},"geometry":{"type":"LineString","coordinates":[[140.428442,36.550793],[140.428176,36.550995],[140.42775,36.551297],[140.427415,36.551453],[140.427169,36.551535],[140.427044,36.551549],[140.426961,36.551496],[140.426983,36.551407],[140.427346,36.550889],[140.4277,36.550376],[140.427977,36.550043],[140.428089,36.549874],[140.428689,36.549153]]}},{"type":"Feature","properties":{"id":198936706,"highway":"unclassified"},"geometry":{"type":"LineString","coordinates":[[140.432804,36.520909],[140.432992,36.521009],[140.433076,36.521037],[140.433178,36.521039],[140.433289,36.521015],[140.433388,36.520933],[140.433901,36.520383],[140.434096,36.520206],[140.434331,36.520021],[140.434698,36.519723],[140.434742,36.519654],[140.434785,36.519552]]}},{"type":"Feature","properties":{"id":198936713,"highway":"unclassified"},"geometry":{"type":"LineString","coordinates":[[140.402492,36.566725],[140.402634,36.566823],[140.402722,36.566858],[140.402837,36.56694],[140.402962,36.56701],[140.403028,36.566995],[140.403321,36.566848],[140.40354,36.56675],[140.403735,36.566591],[140.40397,36.566368],[140.404155,36.566169],[140.404373,36.565877]]}},{"type":"Feature","properties":{"id":198936722,"highway":"unclassified"},"geometry":{"type":"LineString","coordinates":[[140.453685,36.515209],[140.454055,36.51448],[140.454105,36.51439],[140.454135,36.51431],[140.454155,36.514221],[140.454155,36.514098],[140.454132,36.513993],[140.454099,36.513943],[140.453999,36.513857],[140.453629,36.513577],[140.453507,36.513324]]}},{"type":"Feature","properties":{"id":198936735,"highway":"unclassified"},"geometry":{"type":"LineString","coordinates":[[140.418296,36.522433],[140.418325,36.522464],[140.418389,36.522503],[140.418486,36.522579],[140.41854,36.522644],[140.41861,36.522723],[140.418658,36.522798],[140.418695,36.52292],[140.418751,36.523279],[140.418775,36.523366],[140.418818,36.523444],[140.418929,36.523631],[140.419002,36.523831]]}},{"type":"Feature","properties":{"id":198936743,"highway":"unclassified"},"geometry":{"type":"LineString","coordinates":[[140.414763,36.520462],[140.414653,36.520615],[140.414621,36.520676],[140.41457,36.520785],[140.414584,36.520854],[140.414671,36.521168],[140.414696,36.521227],[140.414783,36.521323],[140.414792,36.521352],[140.414793,36.521387],[140.414793,36.521426],[140.414774,36.521641]]}},{"type":"Feature","properties":{"id":198936780,"highway":"unclassified"},"geometry":{"type":"LineString","coordinates":[[140.401396,36.54582],[140.401261,36.545882],[140.401104,36.545908],[140.400911,36.545976],[140.400763,36.546069],[140.400566,36.546212],[140.400329,36.546395],[140.400228,36.546466],[140.400099,36.546542],[140.399767,36.546594],[140.399637,36.546631],[140.399453,36.546719],[140.399217,36.546829],[140.399116,36.546869],[140.398985,36.546938]]}},{"type":"Feature","properties":{"id":198936787,"highway":"residential"},"geometry":{"type":"LineString","coordinates":[[140.414412,36.523112],[140.414591,36.523384],[140.414736,36.523669],[140.41509,36.52403],[140.415305,36.524144],[140.415482,36.524305],[140.415746,36.524432],[140.416149,36.52454],[140.416302,36.524568],[140.416395,36.524611],[140.416593,36.524847],[140.41673,36.525027],[140.416996,36.525411]]}},{"type":"Feature","properties":{"id":198936799,"highway":"residential"},"geometry":{"type":"LineString","coordinates":[[140.407213,36.527381],[140.407066,36.527072],[140.406942,36.526971],[140.406815,36.526913],[140.406564,36.526838],[140.406472,36.526792],[140.406267,36.526667],[140.406067,36.526612],[140.405684,36.526584],[140.405415,36.526616],[140.405175,36.526709],[140.404951,36.526824],[140.404237,36.527338]]}},{"type":"Feature","properties":{"id":198936820,"highway":"unclassified"},"geometry":{"type":"LineString","coordinates":[[140.402194,36.564365],[140.402365,36.564354],[140.402408,36.564358],[140.402472,36.564373],[140.40265,36.56443],[140.40274,36.564457],[140.402803,36.564458],[140.402861,36.564438],[140.402903,36.564423],[140.402959,36.564434],[140.403036,36.564491],[140.403089,36.564506],[140.403625,36.564603]]}},{"type":"Feature","properties":{"id":198936826,"highway":"unclassified"},"geometry":{"type":"LineString","coordinates":[[140.412671,36.582223],[140.412621,36.582126],[140.412156,36.581669],[140.411991,36.581412],[140.411762,36.581091],[140.411622,36.581058],[140.411462,36.581041],[140.410839,36.580954],[140.410537,36.58088],[140.410282,36.580846],[140.410089,36.580854],[140.409912,36.580897],[140.409729,36.580968],[140.409608,36.581057],[140.409427,36.581133],[140.409222,36.581168],[140.409009,36.581148],[140.40769,36.581141]]}},{"type":"Feature","properties":{"id":198936835,"highway":"unclassified"},"geometry":{"type":"LineString","coordinates":[[140.423182,36.527194],[140.423388,36.527211],[140.423799,36.527231],[140.423994,36.52727],[140.424176,36.527322],[140.424382,36.527395],[140.424517,36.52744],[140.424878,36.527635],[140.424948,36.527655],[140.425027,36.527666],[140.42546,36.527647],[140.425563,36.527651],[140.42562,36.527667],[140.426705,36.528184]]}},{"type":"Feature","properties":{"id":198936847,"highway":"unclassified"},"geometry":{"type":"LineString","coordinates":[[140.403028,36.537686],[140.403108,36.53779],[140.403157,36.537922],[140.403136,36.538081],[140.403208,36.538395],[140.403286,36.53859],[140.403369,36.538748],[140.403465,36.53889],[140.403463,36.539166],[140.403497,36.539282],[140.403608,36.53934],[140.403708,36.539424],[140.403759,36.53952],[140.403919,36.539608]]}},{"type":"Feature","properties":{"id":198936870,"highway":"residential"},"geometry":{"type":"LineString","coordinates":[[140.412814,36.554332],[140.412827,36.554262],[140.41284,36.554202],[140.412856,36.554144],[140.412843,36.554124],[140.412793,36.554127],[140.412737,36.554158],[140.412553,36.554262],[140.412465,36.554304],[140.412422,36.554298],[140.412397,36.554269],[140.412395,36.554243],[140.412453,36.554175],[140.412613,36.554038],[140.412758,36.553891],[140.412836,36.553796],[140.412888,36.553676],[140.412876,36.553612],[140.41278,36.553577],[140.412414,36.55342]]}},{"type":"Feature","properties":{"id":198936872,"highway":"residential"},"geometry":{"type":"LineString","coordinates":[[140.435642,36.54835],[140.436816,36.548766],[140.437062,36.548467],[140.43728,36.548421],[140.437684,36.54778],[140.437597,36.547669],[140.437502,36.547526],[140.437518,36.547407],[140.43756,36.547206],[140.437577,36.547119],[140.437566,36.547056]]}},{"type":"Feature","properties":{"id":198936874,"highway":"unclassified"},"geometry":{"type":"LineString","coordinates":[[140.425627,36.573113],[140.425901,36.572652],[140.42608,36.572395],[140.426265,36.572114],[140.426536,36.571745],[140.426676,36.571475],[140.426731,36.571238],[140.426599,36.57081],[140.426574,36.570724]]}},{"type":"Feature","properties":{"id":198936876,"highway":"unclassified"},"geometry":{"type":"LineString","coordinates":[[140.426829,36.535769],[140.426973,36.535998],[140.427157,36.536222],[140.427254,36.53633],[140.427383,36.536448],[140.427502,36.536527],[140.42821,36.536782],[140.428518,36.536904],[140.428704,36.537],[140.428979,36.537192],[140.429244,36.537407],[140.42937,36.537482],[140.42952,36.537562],[140.429672,36.537647]]}},{"type":"Feature","properties":{"id":198936882,"highway":"unclassified"},"geometry":{"type":"LineString","coordinates":[[140.406435,36.577614],[140.406528,36.577621],[140.40667,36.577978],[140.406884,36.578021],[140.407027,36.57803],[140.407198,36.578068],[140.407629,36.578191],[140.407951,36.578291],[140.408152,36.578352],[140.408276,36.578395],[140.408401,36.578425],[140.408733,36.578521],[140.409664,36.578728],[140.40963,36.578844],[140.409331,36.579831],[140.409608,36.581057],[140.409738,36.581277],[140.409799,36.581383],[140.410009,36.582253],[140.409982,36.582354],[140.410092,36.58279],[140.410187,36.583172],[140.410338,36.583695],[140.410451,36.584233]]}},{"type":"Feature","properties":{"id":198936884,"highway":"unclassified"},"geometry":{"type":"LineString","coordinates":[[140.402599,36.571436],[140.403163,36.57143],[140.403314,36.57146],[140.403434,36.571493],[140.40357,36.571495],[140.403737,36.571483],[140.404317,36.571382],[140.404438,36.571365],[140.404959,36.571359],[140.405347,36.571356],[140.405533,36.571378],[140.406024,36.571563],[140.4062,36.571595],[140.406414,36.571601],[140.406862,36.571576],[140.407053,36.571558],[140.407659,36.571486],[140.40783,36.57148],[140.40806,36.571497],[140.408287,36.571567],[140.408834,36.571814],[140.408862,36.571866],[140.409003,36.572491],[140.409057,36.572825],[140.409143,36.572979],[140.409235,36.573142],[140.409234,36.573272],[140.409199,36.573361],[140.409071,36.573516],[140.408337,36.57433],[140.408164,36.574806],[140.407973,36.57519],[140.407671,36.575754]]}},{"type":"Feature","properties":{"id":198936885,"highway":"unclassified"},"geometry":{"type":"LineString","coordinates":[[140.405547,36.544094],[140.40573,36.544023],[140.405954,36.543945],[140.406084,36.543856],[140.406211,36.543779],[140.406475,36.543631],[140.406906,36.543395],[140.407398,36.543052],[140.407718,36.542897],[140.408129,36.542758],[140.408167,36.542739],[140.408203,36.542716],[140.408368,36.542531],[140.408585,36.542301]]}},{"type":"Feature","properties":{"id":198936887,"highway":"tertiary"},"geometry":{"type":"LineString","coordinates":[[140.433199,36.530658],[140.43379,36.53043],[140.433963,36.530321],[140.434079,36.530234],[140.434374,36.529975],[140.434578,36.529828],[140.434951,36.529574],[140.435037,36.529515],[140.435214,36.529441],[140.435334,36.529401],[140.435411,36.529391],[140.435603,36.529399],[140.435768,36.529413],[140.436333,36.529535],[140.436494,36.52957],[140.436722,36.529626]]}},{"type":"Feature","properties":{"id":198936896,"highway":"unclassified"},"geometry":{"type":"LineString","coordinates":[[140.413416,36.597324],[140.413364,36.597523],[140.413332,36.597731],[140.413342,36.597967],[140.413365,36.598105],[140.413382,36.598202],[140.413422,36.598289],[140.413494,36.598346],[140.413721,36.598456],[140.413911,36.598539],[140.414008,36.598621],[140.414084,36.598722],[140.414162,36.598796],[140.414267,36.598821],[140.414561,36.598796],[140.415079,36.59873],[140.415211,36.599396],[140.415227,36.599475],[140.415252,36.59955],[140.415314,36.599592],[140.415425,36.599644],[140.415515,36.59967],[140.415619,36.599692]]}},{"type":"Feature","properties":{"id":198936902,"highway":"residential"},"geometry":{"type":"LineString","coordinates":[[140.408637,36.545004],[140.408776,36.545043],[140.408875,36.54505],[140.408974,36.545037],[140.409076,36.54501],[140.409128,36.545002],[140.409427,36.545065],[140.409848,36.545173],[140.409944,36.545239],[140.41005,36.545315],[140.410199,36.545375],[140.410294,36.545426],[140.410433,36.545569],[140.410572,36.545682],[140.410683,36.545746],[140.410791,36.545805],[140.410866,36.54585]]}},{"type":"Feature","properties":{"id":198936904,"highway":"residential"},"geometry":{"type":"LineString","coordinates":[[140.404341,36.559946],[140.404261,36.559857],[140.404218,36.55978],[140.404192,36.559583],[140.404137,36.559453],[140.404097,36.559409],[140.403939,36.559236],[140.403815,36.55916],[140.403646,36.559117],[140.403594,36.559051],[140.403556,36.558924],[140.40356,36.558848],[140.403586,36.558772],[140.403606,36.558661],[140.403617,36.558557]]}},{"type":"Feature","properties":{"id":198936934,"highway":"unclassified"},"geometry":{"type":"LineString","coordinates":[[140.412643,36.532138],[140.412485,36.53225],[140.412358,36.532288],[140.412233,36.532261],[140.412181,36.53223],[140.412142,36.532193],[140.412108,36.532111],[140.412097,36.532055],[140.41211,36.531875],[140.412068,36.531783],[140.412002,36.531675],[140.411977,36.531476],[140.411959,36.531264]]}},{"type":"Feature","properties":{"id":198936951,"highway":"unclassified"},"geometry":{"type":"LineString","coordinates":[[140.422924,36.542402],[140.423073,36.542472],[140.423211,36.542468],[140.423332,36.542419],[140.423399,36.542343],[140.423421,36.542218],[140.423399,36.542098],[140.423233,36.541799],[140.423167,36.541608],[140.42317,36.541429],[140.4232,36.541309],[140.423302,36.54121],[140.423421,36.541126],[140.423934,36.540809],[140.424394,36.54057]]}},{"type":"Feature","properties":{"id":198936959,"highway":"unclassified"},"geometry":{"type":"LineString","coordinates":[[140.419483,36.5165],[140.419663,36.516446],[140.419829,36.516402],[140.41996,36.516377],[140.420068,36.516384],[140.42042,36.516453],[140.4208,36.516541],[140.421057,36.516615],[140.421362,36.516715],[140.421671,36.516775],[140.42181,36.51682],[140.422059,36.516904],[140.422237,36.516962],[140.422439,36.516994],[140.422609,36.516999],[140.422695,36.516992]]}},{"type":"Feature","properties":{"id":198936977,"highway":"unclassified"},"geometry":{"type":"LineString","coordinates":[[140.436415,36.52037],[140.436635,36.520723],[140.436577,36.52098],[140.43684,36.521025],[140.436962,36.521046],[140.437183,36.521104],[140.437203,36.521111],[140.437217,36.521119],[140.437224,36.521127],[140.437226,36.521134],[140.437224,36.521146],[140.437047,36.521446],[140.436902,36.521675],[140.436893,36.521695],[140.436723,36.521913],[140.436637,36.522005],[140.436566,36.522063],[140.43635,36.522163],[140.436225,36.522533],[140.436079,36.523159],[140.436067,36.52319],[140.435973,36.523197],[140.435691,36.523118],[140.435193,36.522992],[140.435083,36.522942],[140.435037,36.522908],[140.434756,36.522665],[140.434444,36.522446],[140.43434,36.522382]]}},{"type":"Feature","properties":{"id":198936981,"highway":"unclassified"},"geometry":{"type":"LineString","coordinates":[[140.416052,36.597631],[140.415849,36.597663],[140.415369,36.597768],[140.415217,36.597749],[140.415098,36.597715],[140.414989,36.597693],[140.414691,36.597555],[140.414576,36.597506],[140.414445,36.59746],[140.414261,36.597446],[140.414081,36.597445],[140.413967,36.597442],[140.413843,36.597438],[140.41369,36.597402],[140.413457,36.597336],[140.413416,36.597324]]}},{"type":"Feature","properties":{"id":198936988,"highway":"residential"},"geometry":{"type":"LineString","coordinates":[[140.440055,36.541515],[140.440255,36.541564],[140.440535,36.541666],[140.440836,36.541871],[140.441312,36.542301],[140.441452,36.54242],[140.441569,36.542456],[140.44165,36.542455],[140.441922,36.54236],[140.442097,36.542281],[140.442422,36.542123],[140.442707,36.541914],[140.443036,36.541416],[140.443087,36.541326],[140.443166,36.541287],[140.443494,36.541361],[140.443644,36.541404],[140.443773,36.541449]]}},{"type":"Feature","properties":{"id":198936992,"highway":"unclassified"},"geometry":{"type":"LineString","coordinates":[[140.407505,36.596104],[140.408202,36.595277],[140.408432,36.59504],[140.408627,36.594865],[140.409212,36.594394],[140.410601,36.593414]]}},{"type":"Feature","properties":{"id":198937009,"highway":"unclassified"},"geometry":{"type":"LineString","coordinates":[[140.409162,36.552878],[140.409076,36.553017],[140.408963,36.553171],[140.408936,36.553246],[140.408965,36.553323],[140.409015,36.553432],[140.409041,36.553498],[140.408983,36.553602],[140.40881,36.553818],[140.408705,36.55397],[140.408633,36.554094],[140.408616,36.554116],[140.408575,36.554197],[140.408551,36.554236],[140.408513,36.554319],[140.408458,36.554472],[140.408431,36.55458],[140.40836,36.554719],[140.408287,36.554869],[140.408206,36.554978],[140.408109,36.555083]]}},{"type":"Feature","properties":{"id":198937012,"highway":"residential"},"geometry":{"type":"LineString","coordinates":[[140.432624,36.52124],[140.432783,36.521379],[140.432901,36.521548],[140.432998,36.521698],[140.433293,36.521851],[140.433599,36.521944],[140.433845,36.522001],[140.434112,36.522055],[140.43433,36.521913],[140.43444,36.52177],[140.434832,36.521381],[140.435021,36.52091],[140.43517,36.520788],[140.43538,36.520664]]}},{"type":"Feature","properties":{"id":198937048,"highway":"residential"},"geometry":{"type":"LineString","coordinates":[[140.422448,36.543859],[140.422521,36.543906],[140.423391,36.543966],[140.42434,36.543912],[140.424509,36.543961],[140.42459,36.544027],[140.424604,36.544104],[140.42455,36.544224],[140.424306,36.544421],[140.423899,36.544672],[140.42337,36.544979],[140.423336,36.545027],[140.423384,36.545087],[140.423509,36.545161],[140.423849,36.545425],[140.424315,36.545587]]}},{"type":"Feature","properties":{"id":198937055,"highway":"unclassified"},"geometry":{"type":"LineString","coordinates":[[140.398948,36.576031],[140.398991,36.575855],[140.399283,36.575843],[140.399515,36.575807],[140.3996,36.575795],[140.399714,36.575775],[140.399828,36.575726],[140.399954,36.575611],[140.400009,36.575405],[140.400036,36.575312],[140.400084,36.575248],[140.40022,36.575193],[140.400514,36.57509],[140.400627,36.575035],[140.400738,36.575002],[140.400764,36.574778]]}},{"type":"Feature","properties":{"id":198937059,"highway":"unclassified"},"geometry":{"type":"LineString","coordinates":[[140.402457,36.573674],[140.402541,36.573653],[140.402661,36.573588],[140.40271,36.573566],[140.40278,36.57355],[140.403168,36.573602],[140.403649,36.573668],[140.404103,36.573715],[140.404183,36.573725],[140.404239,36.573761],[140.404317,36.57388],[140.40433,36.573919],[140.404377,36.574067]]}},{"type":"Feature","properties":{"id":198937060,"highway":"tertiary"},"geometry":{"type":"LineString","coordinates":[[140.404451,36.528238],[140.404525,36.528114],[140.404595,36.528034],[140.404683,36.527993],[140.404769,36.527979],[140.404898,36.528],[140.40505,36.528064],[140.405849,36.528495],[140.405923,36.528512],[140.405989,36.528519],[140.406092,36.528512],[140.406175,36.528486],[140.406315,36.52832],[140.406613,36.527857],[140.406891,36.527588],[140.407213,36.527381]]}},{"type":"Feature","properties":{"id":198937063,"highway":"tertiary"},"geometry":{"type":"LineString","coordinates":[[140.398118,36.511656],[140.398246,36.511604],[140.398309,36.511579],[140.398425,36.51156],[140.398559,36.511546],[140.398706,36.511552],[140.398875,36.511587],[140.399098,36.511664],[140.399574,36.51189],[140.400021,36.512113],[140.400272,36.512178],[140.400479,36.512222],[140.400728,36.512243],[140.400928,36.512237],[140.401146,36.512226],[140.401462,36.512143],[140.402046,36.511898],[140.402302,36.511786],[140.402473,36.511723],[140.402633,36.511674],[140.4029,36.51162],[140.404324,36.511466],[140.404858,36.511402],[140.405165,36.511402],[140.4058,36.511415],[140.40642,36.511412],[140.406948,36.511366],[140.407463,36.511291],[140.407814,36.511226],[140.408083,36.511162],[140.40834,36.511113],[140.408623,36.511038],[140.408869,36.511033],[140.40909,36.511041],[140.409389,36.511081],[140.40948,36.511103],[140.40961,36.511142],[140.409694,36.511164],[140.409804,36.511213],[140.409864,36.511259],[140.410025,36.511365],[140.41016,36.511477],[140.410279,36.511601],[140.410391,36.511758],[140.410584,36.512023],[140.410773,36.512285],[140.410879,36.512422],[140.410946,36.512507],[140.41103,36.512598],[140.411182,36.512747],[140.411334,36.512863],[140.411557,36.513026],[140.411732,36.51314],[140.411928,36.513248],[140.412149,36.513353],[140.412338,36.513427],[140.412593,36.513512],[140.412754,36.513554],[140.412962,36.513604],[140.413191,36.513639],[140.413467,36.513663],[140.413832,36.5137],[140.414039,36.513726],[140.414186,36.513752],[140.414521,36.513819],[140.414777,36.513883],[140.414978,36.513946],[140.415171,36.51403],[140.415352,36.514117],[140.415597,36.514277],[140.415849,36.514437],[140.416239,36.514711],[140.416407,36.514806],[140.416536,36.514861],[140.416675,36.514907],[140.416911,36.514984],[140.417006,36.515042],[140.417043,36.515095],[140.417031,36.515166],[140.417009,36.5152],[140.416755,36.515506],[140.416485,36.515797],[140.41608,36.516176],[140.4159,36.516336],[140.415777,36.516403],[140.41567,36.516461],[140.415523,36.516573],[140.41544,36.516669],[140.415326,36.516869],[140.415262,36.516976],[140.415147,36.517084],[140.414918,36.517275],[140.414802,36.517347],[140.414445,36.517474],[140.414313,36.517521],[140.414177,36.517584]]}},{"type":"Feature","properties":{"id":198937070,"highway":"unclassified"},"geometry":{"type":"LineString","coordinates":[[140.408017,36.561649],[140.407872,36.561883],[140.407794,36.561988],[140.407774,36.562083],[140.407768,36.56215],[140.40778,36.562214],[140.407831,36.5623],[140.407899,36.562366],[140.407983,36.562413],[140.408038,36.562425],[140.408126,36.562421],[140.408254,36.56238],[140.40896,36.562109],[140.409084,36.562069],[140.409161,36.562064],[140.40922,36.562073],[140.409308,36.562111]]}},{"type":"Feature","properties":{"id":198937143,"highway":"residential"},"geometry":{"type":"LineString","coordinates":[[140.40426,36.527614],[140.40439,36.527657],[140.404606,36.527659],[140.405214,36.527857],[140.405341,36.527864],[140.405448,36.527831],[140.405622,36.527661],[140.405734,36.527524],[140.405939,36.527401],[140.405942,36.527344],[140.405902,36.527294],[140.405733,36.527225],[140.405569,36.52723],[140.404548,36.527389],[140.404463,36.527394],[140.404237,36.527338],[140.404213,36.527448],[140.404208,36.527567],[140.40426,36.527614]]}},{"type":"Feature","properties":{"id":198937168,"highway":"unclassified"},"geometry":{"type":"LineString","coordinates":[[140.42498,36.537338],[140.424989,36.537526],[140.424845,36.538035],[140.424744,36.538372],[140.424655,36.538509],[140.424583,36.538586],[140.424362,36.53872],[140.424171,36.538848],[140.424088,36.538902],[140.424014,36.538977],[140.423717,36.539418],[140.423685,36.539444],[140.423624,36.539481],[140.423403,36.539597],[140.423362,36.539639],[140.423343,36.539671],[140.423182,36.540002],[140.423156,36.540033],[140.423122,36.540058],[140.422868,36.540099],[140.42273,36.540048]]}},{"type":"Feature","properties":{"id":198937170,"highway":"unclassified"},"geometry":{"type":"LineString","coordinates":[[140.407505,36.596104],[140.407177,36.596005],[140.40695,36.595965],[140.406685,36.595991],[140.406173,36.596162],[140.406021,36.596207],[140.405793,36.596254],[140.405628,36.596221],[140.405434,36.596095],[140.405248,36.595908],[140.405053,36.595683],[140.404827,36.595464],[140.404688,36.595305],[140.40459,36.595227],[140.40445,36.595175],[140.404324,36.595164],[140.4041,36.595177],[140.403762,36.59529],[140.403537,36.595372],[140.403079,36.595396],[140.402847,36.595408],[140.402218,36.595594],[140.402015,36.595635],[140.401837,36.595656],[140.40154,36.595672],[140.401378,36.595677]]}},{"type":"Feature","properties":{"id":198937186,"highway":"unclassified"},"geometry":{"type":"LineString","coordinates":[[140.431637,36.565969],[140.431726,36.565972],[140.431937,36.565982],[140.432134,36.565978],[140.432315,36.565963],[140.432538,36.565889],[140.432745,36.5658],[140.43301,36.565682],[140.433415,36.565456],[140.433658,36.56528],[140.433966,36.564987],[140.43431,36.564665],[140.434606,36.564406],[140.434763,36.5643],[140.434998,36.564169],[140.435197,36.564091],[140.435513,36.56403],[140.436121,36.563958]]}},{"type":"Feature","properties":{"id":198937189,"highway":"unclassified"},"geometry":{"type":"LineString","coordinates":[[140.411149,36.526404],[140.411274,36.526494],[140.411389,36.526551],[140.41152,36.526612],[140.411647,36.526661],[140.411753,36.5267],[140.411801,36.52671],[140.411875,36.526727],[140.412045,36.526751],[140.412228,36.526751],[140.412438,36.526738],[140.412588,36.526741],[140.412745,36.52677],[140.413106,36.526923],[140.413403,36.527031],[140.413728,36.527147],[140.414014,36.527254],[140.414121,36.52732],[140.414274,36.527492]]}},{"type":"Feature","properties":{"id":198937212,"highway":"unclassified"},"geometry":{"type":"LineString","coordinates":[[140.43265,36.527086],[140.432812,36.527169],[140.432892,36.527185],[140.432987,36.527189],[140.433538,36.527138],[140.433957,36.527118],[140.434109,36.52712],[140.434176,36.52715],[140.434397,36.527283],[140.434457,36.527303],[140.434578,36.527315],[140.435177,36.52731],[140.435278,36.527333],[140.435333,36.527442],[140.43537,36.527536],[140.435421,36.527755],[140.4355,36.527801],[140.435629,36.527877],[140.435709,36.52791],[140.435827,36.527938],[140.436044,36.527944],[140.436359,36.527958]]}},{"type":"Feature","properties":{"id":198937240,"highway":"tertiary"},"geometry":{"type":"LineString","coordinates":[[140.447417,36.523801],[140.447598,36.523786],[140.447657,36.523782],[140.447726,36.523764],[140.44778,36.523746],[140.447834,36.523718],[140.447896,36.523674],[140.447947,36.523629],[140.447984,36.523562],[140.448007,36.523499],[140.448018,36.523451],[140.448023,36.523246],[140.447988,36.522416],[140.447961,36.521375],[140.447992,36.521042],[140.448033,36.520867],[140.448086,36.520668],[140.448115,36.520567],[140.448167,36.520376],[140.44823,36.520139],[140.448292,36.519918],[140.448439,36.519618],[140.448468,36.519533],[140.448492,36.519471]]}},{"type":"Feature","properties":{"id":198937247,"highway":"tertiary"},"geometry":{"type":"LineString","coordinates":[[140.411511,36.59675],[140.411268,36.596616],[140.411134,36.596545],[140.410995,36.5965],[140.410849,36.59646],[140.410656,36.596432],[140.410354,36.596392],[140.41026,36.596383],[140.410192,36.59637],[140.410084,36.596384],[140.409996,36.596395]]}},{"type":"Feature","properties":{"id":198937255,"highway":"unclassified"},"geometry":{"type":"LineString","coordinates":[[140.429719,36.566965],[140.429776,36.566962],[140.429831,36.566943],[140.429866,36.566922],[140.429898,36.566889],[140.429925,36.566847],[140.430028,36.566575],[140.430084,36.566503],[140.430135,36.56646],[140.430239,36.566413],[140.430439,36.566353],[140.430603,36.566301],[140.430707,36.566247],[140.430793,36.566193],[140.431004,36.566031],[140.431099,36.565988],[140.431184,36.565965],[140.431372,36.565962],[140.431637,36.565969]]}},{"type":"Feature","properties":{"id":198937256,"highway":"unclassified"},"geometry":{"type":"LineString","coordinates":[[140.412143,36.529579],[140.412174,36.529482],[140.412297,36.529224],[140.412375,36.529067],[140.412708,36.528462],[140.412838,36.528318],[140.413148,36.528062],[140.413257,36.527999],[140.413345,36.527969],[140.413421,36.527963],[140.4135,36.527969],[140.41366,36.528015],[140.413726,36.52802],[140.413784,36.528008],[140.413831,36.52798],[140.413911,36.52794],[140.414177,36.527586],[140.414274,36.527492]]}},{"type":"Feature","properties":{"id":198937262,"highway":"residential"},"geometry":{"type":"LineString","coordinates":[[140.40027,36.559713],[140.400148,36.560051],[140.400089,36.560285],[140.400019,36.560375],[140.399922,36.560409],[140.399781,36.560415],[140.399647,36.560417],[140.399447,36.560394],[140.399189,36.560321],[140.399033,36.560249],[140.398962,36.560206],[140.398892,36.560131],[140.398832,36.560018],[140.398807,36.559919],[140.398781,36.559818],[140.398779,36.559707],[140.3988,36.559556],[140.398817,36.559418],[140.398824,36.559284]]}},{"type":"Feature","properties":{"id":198937265,"highway":"unclassified"},"geometry":{"type":"LineString","coordinates":[[140.402194,36.564365],[140.402231,36.564199],[140.402307,36.564158],[140.40237,36.56414],[140.402438,36.564109],[140.402481,36.564083],[140.402652,36.564007],[140.402669,36.563989],[140.402763,36.563889],[140.402817,36.563765],[140.402897,36.563668],[140.402976,36.563656],[140.403061,36.563672],[140.403335,36.563756],[140.403684,36.563776],[140.403729,36.563853],[140.403678,36.564224],[140.403625,36.564603]]}},{"type":"Feature","properties":{"id":198937268,"highway":"unclassified"},"geometry":{"type":"LineString","coordinates":[[140.42214,36.523027],[140.422406,36.523259]]}},{"type":"Feature","properties":{"id":198937277,"highway":"unclassified"},"geometry":{"type":"LineString","coordinates":[[140.420358,36.598938],[140.42083,36.598877]]}},{"type":"Feature","properties":{"id":198937287,"highway":"unclassified"},"geometry":{"type":"LineString","coordinates":[[140.405179,36.555389],[140.405129,36.555088],[140.405144,36.554669]]}},{"type":"Feature","properties":{"id":198937288,"highway":"residential"},"geometry":{"type":"LineString","coordinates":[[140.405029,36.557917],[140.405423,36.558176],[140.406158,36.558619]]}},{"type":"Feature","properties":{"id":198937289,"highway":"service"},"geometry":{"type":"LineString","coordinates":[[140.420363,36.59589],[140.422166,36.595183]]}},{"type":"Feature","properties":{"id":198937292,"highway":"unclassified"},"geometry":{"type":"LineString","coordinates":[[140.413724,36.548224],[140.413916,36.54824],[140.414028,36.548238],[140.41418,36.548203],[140.414257,36.548192],[140.414357,36.548195],[140.414519,36.548218],[140.414714,36.548262]]}},{"type":"Feature","properties":{"id":198937293,"highway":"residential"},"geometry":{"type":"LineString","coordinates":[[140.416304,36.547078],[140.417438,36.547441]]}},{"type":"Feature","properties":{"id":198937295,"highway":"residential"},"geometry":{"type":"LineString","coordinates":[[140.433979,36.537788],[140.433829,36.538353]]}},{"type":"Feature","properties":{"id":198937296,"highway":"unclassified"},"geometry":{"type":"LineString","coordinates":[[140.422406,36.523259],[140.422462,36.52331]]}},{"type":"Feature","properties":{"id":198937300,"highway":"unclassified"},"geometry":{"type":"LineString","coordinates":[[140.441401,36.514587],[140.441669,36.515098]]}},{"type":"Feature","properties":{"id":198937301,"highway":"tertiary"},"geometry":{"type":"LineString","coordinates":[[140.443802,36.549585],[140.44413,36.549412]]}},{"type":"Feature","properties":{"id":198937307,"highway":"service"},"geometry":{"type":"LineString","coordinates":[[140.406031,36.580245],[140.406255,36.57922],[140.406586,36.578273]]}},{"type":"Feature","properties":{"id":198937310,"highway":"residential"},"geometry":{"type":"LineString","coordinates":[[140.417057,36.548128],[140.418374,36.548404]]}},{"type":"Feature","properties":{"id":198937311,"highway":"unclassified"},"geometry":{"type":"LineString","coordinates":[[140.426401,36.552652],[140.427776,36.552848]]}},{"type":"Feature","properties":{"id":198937318,"highway":"unclassified"},"geometry":{"type":"LineString","coordinates":[[140.402199,36.565664],[140.402208,36.565448],[140.402194,36.564365]]}},{"type":"Feature","properties":{"id":198937321,"highway":"residential"},"geometry":{"type":"LineString","coordinates":[[140.419084,36.569211],[140.42026,36.569165]]}},{"type":"Feature","properties":{"id":198937332,"highway":"unclassified"},"geometry":{"type":"LineString","coordinates":[[140.428324,36.52063],[140.42879,36.521322]]}},{"type":"Feature","properties":{"id":198937334,"highway":"residential"},"geometry":{"type":"LineString","coordinates":[[140.406913,36.558017],[140.407592,36.558251],[140.408194,36.558459]]}},{"type":"Feature","properties":{"id":198937344,"highway":"residential"},"geometry":{"type":"LineString","coordinates":[[140.426679,36.55994],[140.42699,36.560334]]}},{"type":"Feature","properties":{"id":198937350,"highway":"residential"},"geometry":{"type":"LineString","coordinates":[[140.420593,36.545472],[140.421513,36.545467]]}},{"type":"Feature","properties":{"id":198937354,"highway":"unclassified"},"geometry":{"type":"LineString","coordinates":[[140.419474,36.540842],[140.419339,36.540747],[140.41922,36.540646]]}},{"type":"Feature","properties":{"id":198937360,"highway":"residential"},"geometry":{"type":"LineString","coordinates":[[140.411889,36.550869],[140.412573,36.550883]]}},{"type":"Feature","properties":{"id":198937362,"highway":"service"},"geometry":{"type":"LineString","coordinates":[[140.423319,36.537221],[140.423797,36.537244],[140.42498,36.537338]]}},{"type":"Feature","properties":{"id":198937366,"highway":"unclassified"},"geometry":{"type":"LineString","coordinates":[[140.419084,36.569211],[140.418961,36.566698]]}},{"type":"Feature","properties":{"id":198937372,"highway":"unclassified"},"geometry":{"type":"LineString","coordinates":[[140.429857,36.524058],[140.430599,36.523261]]}},{"type":"Feature","properties":{"id":198937381,"highway":"unclassified"},"geometry":{"type":"LineString","coordinates":[[140.413286,36.518229],[140.413776,36.5186],[140.414226,36.518804],[140.414653,36.518964],[140.414897,36.519013],[140.415579,36.519217]]}},{"type":"Feature","properties":{"id":198937390,"highway":"unclassified"},"geometry":{"type":"LineString","coordinates":[[140.414733,36.548211],[140.414789,36.548223],[140.415331,36.548339]]}},{"type":"Feature","properties":{"id":198937392,"highway":"tertiary"},"geometry":{"type":"LineString","coordinates":[[140.44016,36.518851],[140.442259,36.520481]]}},{"type":"Feature","properties":{"id":198937396,"highway":"residential"},"geometry":{"type":"LineString","coordinates":[[140.419136,36.542539],[140.419231,36.542132]]}},{"type":"Feature","properties":{"id":198937397,"highway":"residential"},"geometry":{"type":"LineString","coordinates":[[140.408818,36.586114],[140.409013,36.586207],[140.409164,36.586212],[140.409326,36.586127]]}},{"type":"Feature","properties":{"id":198937403,"highway":"unclassified"},"geometry":{"type":"LineString","coordinates":[[140.420133,36.573365],[140.419194,36.573416]]}},{"type":"Feature","properties":{"id":198937404,"highway":"unclassified"},"geometry":{"type":"LineString","coordinates":[[140.414699,36.546346],[140.414738,36.546393],[140.414769,36.546415],[140.41531,36.546608]]}},{"type":"Feature","properties":{"id":198937406,"highway":"residential"},"geometry":{"type":"LineString","coordinates":[[140.412444,36.555314],[140.412059,36.555046]]}},{"type":"Feature","properties":{"id":198937407,"highway":"residential"},"geometry":{"type":"LineString","coordinates":[[140.410593,36.554976],[140.411037,36.555104]]}},{"type":"Feature","properties":{"id":198937408,"highway":"residential"},"geometry":{"type":"LineString","coordinates":[[140.426388,36.565907],[140.426928,36.565338]]}},{"type":"Feature","properties":{"id":198937410,"highway":"residential"},"geometry":{"type":"LineString","coordinates":[[140.408657,36.594088],[140.409212,36.594394]]}},{"type":"Feature","properties":{"id":198937423,"highway":"residential"},"geometry":{"type":"LineString","coordinates":[[140.422273,36.539951],[140.42273,36.540048]]}},{"type":"Feature","properties":{"id":198937426,"highway":"unclassified"},"geometry":{"type":"LineString","coordinates":[[140.420512,36.524355],[140.420821,36.524598]]}},{"type":"Feature","properties":{"id":198937490,"highway":"residential"},"geometry":{"type":"LineString","coordinates":[[140.418853,36.546866],[140.420044,36.547107]]}},{"type":"Feature","properties":{"id":198937496,"highway":"unclassified"},"geometry":{"type":"LineString","coordinates":[[140.447649,36.519663],[140.448492,36.519471]]}},{"type":"Feature","properties":{"id":198937497,"highway":"service"},"geometry":{"type":"LineString","coordinates":[[140.426859,36.524007],[140.427146,36.524191]]}},{"type":"Feature","properties":{"id":198937502,"highway":"unclassified"},"geometry":{"type":"LineString","coordinates":[[140.419719,36.582408],[140.419703,36.582096],[140.419626,36.581542],[140.419498,36.579183]]}},{"type":"Feature","properties":{"id":198937507,"highway":"residential"},"geometry":{"type":"LineString","coordinates":[[140.402852,36.569101],[140.402826,36.568797]]}},{"type":"Feature","properties":{"id":198937509,"highway":"residential"},"geometry":{"type":"LineString","coordinates":[[140.428736,36.562821],[140.428774,36.562711]]}},{"type":"Feature","properties":{"id":198937514,"highway":"unclassified"},"geometry":{"type":"LineString","coordinates":[[140.43061,36.530279],[140.431269,36.529381]]}},{"type":"Feature","properties":{"id":198937520,"highway":"residential"},"geometry":{"type":"LineString","coordinates":[[140.402253,36.542909],[140.402766,36.543214]]}},{"type":"Feature","properties":{"id":198937521,"highway":"residential"},"geometry":{"type":"LineString","coordinates":[[140.421713,36.577556],[140.422899,36.577503]]}},{"type":"Feature","properties":{"id":198937522,"highway":"residential"},"geometry":{"type":"LineString","coordinates":[[140.421875,36.531645],[140.423147,36.532205]]}},{"type":"Feature","properties":{"id":198937523,"highway":"unclassified"},"geometry":{"type":"LineString","coordinates":[[140.429574,36.560286],[140.430391,36.560414],[140.431082,36.560469]]}},{"type":"Feature","properties":{"id":198937527,"highway":"residential"},"geometry":{"type":"LineString","coordinates":[[140.417438,36.547441],[140.418567,36.547676]]}},{"type":"Feature","properties":{"id":198937531,"highway":"service"},"geometry":{"type":"LineString","coordinates":[[140.428551,36.523274],[140.429857,36.524058]]}},{"type":"Feature","properties":{"id":198937535,"highway":"service"},"geometry":{"type":"LineString","coordinates":[[140.419411,36.575829],[140.419312,36.574768]]}},{"type":"Feature","properties":{"id":198937538,"highway":"unclassified"},"geometry":{"type":"LineString","coordinates":[[140.417348,36.528613],[140.417583,36.528551]]}},{"type":"Feature","properties":{"id":198937549,"highway":"unclassified"},"geometry":{"type":"LineString","coordinates":[[140.416335,36.522289],[140.416748,36.522303],[140.417129,36.522298]]}},{"type":"Feature","properties":{"id":198937550,"highway":"unclassified"},"geometry":{"type":"LineString","coordinates":[[140.442397,36.52339],[140.443479,36.524032]]}},{"type":"Feature","properties":{"id":198937556,"highway":"unclassified"},"geometry":{"type":"LineString","coordinates":[[140.416679,36.528725],[140.417087,36.528666],[140.417348,36.528613]]}},{"type":"Feature","properties":{"id":198937561,"highway":"unclassified"},"geometry":{"type":"LineString","coordinates":[[140.412296,36.530342],[140.412491,36.529979],[140.412497,36.529841]]}},{"type":"Feature","properties":{"id":198937563,"highway":"unclassified"},"geometry":{"type":"LineString","coordinates":[[140.429093,36.524864],[140.429759,36.524155]]}},{"type":"Feature","properties":{"id":198937567,"highway":"residential"},"geometry":{"type":"LineString","coordinates":[[140.417198,36.544773],[140.416931,36.545205],[140.41668,36.54561]]}},{"type":"Feature","properties":{"id":198937568,"highway":"tertiary"},"geometry":{"type":"LineString","coordinates":[[140.451967,36.519106],[140.452423,36.518984]]}},{"type":"Feature","properties":{"id":198937571,"highway":"service"},"geometry":{"type":"LineString","coordinates":[[140.420327,36.575781],[140.419411,36.575829]]}},{"type":"Feature","properties":{"id":198937575,"highway":"unclassified"},"geometry":{"type":"LineString","coordinates":[[140.414109,36.554115],[140.415034,36.554397],[140.416227,36.554821],[140.417442,36.555254],[140.418609,36.55568],[140.419811,36.556103],[140.42076,36.556441],[140.420789,36.55644],[140.42082,36.556409],[140.42092,36.556278],[140.420973,36.556252]]}},{"type":"Feature","properties":{"id":198937579,"highway":"tertiary"},"geometry":{"type":"LineString","coordinates":[[140.435006,36.518736],[140.435249,36.518665]]}},{"type":"Feature","properties":{"id":198937588,"highway":"residential"},"geometry":{"type":"LineString","coordinates":[[140.42444,36.565937],[140.424516,36.56528],[140.424735,36.564906]]}},{"type":"Feature","properties":{"id":198937593,"highway":"residential"},"geometry":{"type":"LineString","coordinates":[[140.418567,36.547676],[140.42006,36.547969]]}},{"type":"Feature","properties":{"id":198937594,"highway":"service"},"geometry":{"type":"LineString","coordinates":[[140.433388,36.537111],[140.433825,36.537682]]}},{"type":"Feature","properties":{"id":198937596,"highway":"unclassified"},"geometry":{"type":"LineString","coordinates":[[140.419194,36.573416],[140.419312,36.574768]]}},{"type":"Feature","properties":{"id":198937601,"highway":"unclassified"},"geometry":{"type":"LineString","coordinates":[[140.418328,36.521894],[140.418296,36.522433]]}},{"type":"Feature","properties":{"id":198937605,"highway":"residential"},"geometry":{"type":"LineString","coordinates":[[140.417057,36.548128],[140.417196,36.547774],[140.417438,36.547441]]}},{"type":"Feature","properties":{"id":198937612,"highway":"unclassified"},"geometry":{"type":"LineString","coordinates":[[140.401084,36.552804],[140.401785,36.552815]]}},{"type":"Feature","properties":{"id":198937618,"highway":"tertiary"},"geometry":{"type":"LineString","coordinates":[[140.451049,36.519366],[140.451139,36.519346]]}},{"type":"Feature","properties":{"id":198937622,"highway":"residential"},"geometry":{"type":"LineString","coordinates":[[140.436684,36.535256],[140.437228,36.534314]]}},{"type":"Feature","properties":{"id":198937636,"highway":"residential"},"geometry":{"type":"LineString","coordinates":[[140.419932,36.577626],[140.421713,36.577556]]}},{"type":"Feature","properties":{"id":198937639,"highway":"tertiary"},"geometry":{"type":"LineString","coordinates":[[140.439665,36.525728],[140.440541,36.52498]]}},{"type":"Feature","properties":{"id":198937656,"highway":"residential"},"geometry":{"type":"LineString","coordinates":[[140.428343,36.525683],[140.428805,36.525978],[140.428874,36.525985],[140.428935,36.526],[140.428996,36.526015],[140.429401,36.526283]]}},{"type":"Feature","properties":{"id":198937657,"highway":"residential"},"geometry":{"type":"LineString","coordinates":[[140.433314,36.552815],[140.432688,36.553668]]}},{"type":"Feature","properties":{"id":198937659,"highway":"unclassified"},"geometry":{"type":"LineString","coordinates":[[140.428095,36.518728],[140.428781,36.518343]]}},{"type":"Feature","properties":{"id":198937663,"highway":"unclassified"},"geometry":{"type":"LineString","coordinates":[[140.430599,36.523261],[140.430986,36.522847]]}},{"type":"Feature","properties":{"id":198937667,"highway":"unclassified"},"geometry":{"type":"LineString","coordinates":[[140.401908,36.553431],[140.401859,36.553038],[140.401785,36.552815]]}},{"type":"Feature","properties":{"id":198937672,"highway":"unclassified"},"geometry":{"type":"LineString","coordinates":[[140.431269,36.529381],[140.431646,36.528943]]}},{"type":"Feature","properties":{"id":198937675,"highway":"residential"},"geometry":{"type":"LineString","coordinates":[[140.415401,36.546363],[140.415905,36.546477]]}},{"type":"Feature","properties":{"id":198937679,"highway":"residential"},"geometry":{"type":"LineString","coordinates":[[140.421875,36.531645],[140.422138,36.530778]]}},{"type":"Feature","properties":{"id":198937684,"highway":"unclassified"},"geometry":{"type":"LineString","coordinates":[[140.419483,36.5165],[140.419272,36.516232]]}},{"type":"Feature","properties":{"id":198937685,"highway":"residential"},"geometry":{"type":"LineString","coordinates":[[140.419972,36.549686],[140.420028,36.548719]]}},{"type":"Feature","properties":{"id":198937694,"highway":"service"},"geometry":{"type":"LineString","coordinates":[[140.423319,36.537221],[140.423293,36.536887]]}},{"type":"Feature","properties":{"id":198937695,"highway":"unclassified"},"geometry":{"type":"LineString","coordinates":[[140.419506,36.535784],[140.419545,36.5358],[140.420285,36.536087]]}},{"type":"Feature","properties":{"id":198937696,"highway":"residential"},"geometry":{"type":"LineString","coordinates":[[140.422399,36.543826],[140.422448,36.543859]]}},{"type":"Feature","properties":{"id":198937698,"highway":"unclassified"},"geometry":{"type":"LineString","coordinates":[[140.413563,36.562981],[140.414123,36.562307]]}},{"type":"Feature","properties":{"id":198937701,"highway":"residential"},"geometry":{"type":"LineString","coordinates":[[140.450302,36.515392],[140.45078,36.515006]]}},{"type":"Feature","properties":{"id":198937702,"highway":"service"},"geometry":{"type":"LineString","coordinates":[[140.447649,36.519663],[140.44771,36.519361]]}},{"type":"Feature","properties":{"id":198937704,"highway":"residential"},"geometry":{"type":"LineString","coordinates":[[140.427686,36.568194],[140.427649,36.56728]]}},{"type":"Feature","properties":{"id":198937705,"highway":"service"},"geometry":{"type":"LineString","coordinates":[[140.426259,36.524133],[140.426407,36.524233],[140.426559,36.524335]]}},{"type":"Feature","properties":{"id":198937707,"highway":"unclassified"},"geometry":{"type":"LineString","coordinates":[[140.429759,36.524155],[140.430898,36.524936]]}},{"type":"Feature","properties":{"id":198937710,"highway":"residential"},"geometry":{"type":"LineString","coordinates":[[140.42923,36.561317],[140.429574,36.560286]]}},{"type":"Feature","properties":{"id":198937712,"highway":"unclassified"},"geometry":{"type":"LineString","coordinates":[[140.41695,36.536733],[140.417034,36.536825],[140.417095,36.536913]]}},{"type":"Feature","properties":{"id":198937713,"highway":"unclassified"},"geometry":{"type":"LineString","coordinates":[[140.417129,36.522298],[140.417166,36.521682]]}},{"type":"Feature","properties":{"id":198937715,"highway":"unclassified"},"geometry":{"type":"LineString","coordinates":[[140.447429,36.520413],[140.447649,36.519663]]}},{"type":"Feature","properties":{"id":198937720,"highway":"residential"},"geometry":{"type":"LineString","coordinates":[[140.420028,36.548719],[140.420909,36.548929]]}},{"type":"Feature","properties":{"id":198937722,"highway":"unclassified"},"geometry":{"type":"LineString","coordinates":[[140.416272,36.52319],[140.416335,36.522289]]}},{"type":"Feature","properties":{"id":198937728,"highway":"residential"},"geometry":{"type":"LineString","coordinates":[[140.436359,36.527958],[140.436616,36.526789]]}},{"type":"Feature","properties":{"id":198937742,"highway":"tertiary"},"geometry":{"type":"LineString","coordinates":[[140.411133,36.545681],[140.411178,36.545793]]}},{"type":"Feature","properties":{"id":198937754,"highway":"unclassified"},"geometry":{"type":"LineString","coordinates":[[140.419,36.599088],[140.419408,36.599038]]}},{"type":"Feature","properties":{"id":198937756,"highway":"unclassified"},"geometry":{"type":"LineString","coordinates":[[140.427779,36.526266],[140.427942,36.52633]]}},{"type":"Feature","properties":{"id":198937761,"highway":"unclassified"},"geometry":{"type":"LineString","coordinates":[[140.417357,36.534843],[140.417237,36.535503]]}},{"type":"Feature","properties":{"id":198937764,"highway":"unclassified"},"geometry":{"type":"LineString","coordinates":[[140.432073,36.519228],[140.431948,36.518904]]}},{"type":"Feature","properties":{"id":198937765,"highway":"unclassified"},"geometry":{"type":"LineString","coordinates":[[140.428781,36.518343],[140.430778,36.517307]]}},{"type":"Feature","properties":{"id":198937769,"highway":"service"},"geometry":{"type":"LineString","coordinates":[[140.422113,36.586536],[140.421978,36.586607],[140.421879,36.586719]]}},{"type":"Feature","properties":{"id":198937775,"highway":"residential"},"geometry":{"type":"LineString","coordinates":[[140.436174,36.536196],[140.436684,36.535256]]}},{"type":"Feature","properties":{"id":198937778,"highway":"unclassified"},"geometry":{"type":"LineString","coordinates":[[140.411084,36.561348],[140.412439,36.561744]]}},{"type":"Feature","properties":{"id":198937793,"highway":"residential"},"geometry":{"type":"LineString","coordinates":[[140.413814,36.545252],[140.413974,36.545467],[140.413969,36.545493],[140.414154,36.545727],[140.414279,36.545868],[140.414471,36.54606],[140.414546,36.546142],[140.414699,36.546346]]}},{"type":"Feature","properties":{"id":198937797,"highway":"residential"},"geometry":{"type":"LineString","coordinates":[[140.42923,36.561317],[140.430227,36.561534]]}},{"type":"Feature","properties":{"id":198937799,"highway":"service"},"geometry":{"type":"LineString","coordinates":[[140.427214,36.523656],[140.427491,36.52383]]}},{"type":"Feature","properties":{"id":198937801,"highway":"unclassified"},"geometry":{"type":"LineString","coordinates":[[140.425168,36.536349],[140.424996,36.537164],[140.42498,36.537338]]}},{"type":"Feature","properties":{"id":198937806,"highway":"unclassified"},"geometry":{"type":"LineString","coordinates":[[140.431541,36.52883],[140.431646,36.528943]]}},{"type":"Feature","properties":{"id":198937814,"highway":"residential"},"geometry":{"type":"LineString","coordinates":[[140.420044,36.547107],[140.420825,36.547293]]}},{"type":"Feature","properties":{"id":198937823,"highway":"unclassified"},"geometry":{"type":"LineString","coordinates":[[140.417166,36.521682],[140.41756,36.52171],[140.417956,36.521723]]}},{"type":"Feature","properties":{"id":198937824,"highway":"unclassified"},"geometry":{"type":"LineString","coordinates":[[140.416,36.534732],[140.41607,36.534719]]}},{"type":"Feature","properties":{"id":198937830,"highway":"unclassified"},"geometry":{"type":"LineString","coordinates":[[140.403919,36.539608],[140.404194,36.539642]]}},{"type":"Feature","properties":{"id":198937831,"highway":"unclassified"},"geometry":{"type":"LineString","coordinates":[[140.406642,36.551942],[140.406815,36.551471]]}},{"type":"Feature","properties":{"id":198937832,"highway":"unclassified"},"geometry":{"type":"LineString","coordinates":[[140.416275,36.583381],[140.416257,36.582692]]}},{"type":"Feature","properties":{"id":198937833,"highway":"residential"},"geometry":{"type":"LineString","coordinates":[[140.413961,36.550401],[140.414905,36.550648]]}},{"type":"Feature","properties":{"id":198937837,"highway":"unclassified"},"geometry":{"type":"LineString","coordinates":[[140.41771,36.558967],[140.418501,36.558455],[140.418945,36.55766],[140.419811,36.556103],[140.420678,36.55455],[140.421023,36.553926],[140.42137,36.553291],[140.421437,36.553122],[140.421441,36.552997],[140.421383,36.552749],[140.421523,36.552463],[140.421559,36.552168],[140.421432,36.551965],[140.421451,36.551658],[140.421463,36.55139]]}},{"type":"Feature","properties":{"id":198937839,"highway":"unclassified"},"geometry":{"type":"LineString","coordinates":[[140.427022,36.538567],[140.427307,36.538298]]}},{"type":"Feature","properties":{"id":198937841,"highway":"unclassified"},"geometry":{"type":"LineString","coordinates":[[140.420418,36.583352],[140.420747,36.583301],[140.421364,36.583266],[140.422422,36.583278]]}},{"type":"Feature","properties":{"id":198937842,"highway":"tertiary"},"geometry":{"type":"LineString","coordinates":[[140.438001,36.527156],[140.438793,36.526484]]}},{"type":"Feature","properties":{"id":198937845,"highway":"residential"},"geometry":{"type":"LineString","coordinates":[[140.415107,36.56054],[140.415554,36.55951]]}},{"type":"Feature","properties":{"id":198937851,"highway":"residential"},"geometry":{"type":"LineString","coordinates":[[140.427844,36.566588],[140.427973,36.566286],[140.428186,36.565788]]}},{"type":"Feature","properties":{"id":198937852,"highway":"tertiary"},"geometry":{"type":"LineString","coordinates":[[140.411178,36.545793],[140.411398,36.546342],[140.411594,36.546805],[140.411917,36.547568],[140.411944,36.547643],[140.411956,36.547692],[140.411958,36.54772],[140.411957,36.547757],[140.41194,36.547812],[140.411847,36.548037],[140.411743,36.548277],[140.411678,36.548396],[140.411537,36.548616],[140.411334,36.548958]]}},{"type":"Feature","properties":{"id":198937856,"highway":"unclassified"},"geometry":{"type":"LineString","coordinates":[[140.437008,36.532629],[140.43805,36.532312]]}},{"type":"Feature","properties":{"id":198937857,"highway":"unclassified"},"geometry":{"type":"LineString","coordinates":[[140.430082,36.531036],[140.43061,36.530279]]}},{"type":"Feature","properties":{"id":198937859,"highway":"residential"},"geometry":{"type":"LineString","coordinates":[[140.431472,36.561683],[140.432024,36.561621]]}},{"type":"Feature","properties":{"id":198937863,"highway":"residential"},"geometry":{"type":"LineString","coordinates":[[140.417198,36.544773],[140.418395,36.545012]]}},{"type":"Feature","properties":{"id":198937864,"highway":"residential"},"geometry":{"type":"LineString","coordinates":[[140.43512,36.537493],[140.435551,36.537087]]}},{"type":"Feature","properties":{"id":198937870,"highway":"tertiary"},"geometry":{"type":"LineString","coordinates":[[140.427426,36.53552],[140.427569,36.535437],[140.427705,36.535342],[140.427828,36.535111]]}},{"type":"Feature","properties":{"id":198937882,"highway":"residential"},"geometry":{"type":"LineString","coordinates":[[140.409326,36.586127],[140.409735,36.586146]]}},{"type":"Feature","properties":{"id":198937888,"highway":"unclassified"},"geometry":{"type":"LineString","coordinates":[[140.401908,36.553431],[140.40255,36.553277]]}},{"type":"Feature","properties":{"id":198937894,"highway":"residential"},"geometry":{"type":"LineString","coordinates":[[140.447835,36.523938],[140.448094,36.524237]]}},{"type":"Feature","properties":{"id":198937895,"highway":"unclassified"},"geometry":{"type":"LineString","coordinates":[[140.429759,36.524155],[140.429857,36.524058]]}},{"type":"Feature","properties":{"id":198937899,"highway":"unclassified"},"geometry":{"type":"LineString","coordinates":[[140.41622,36.528784],[140.416679,36.528725]]}},{"type":"Feature","properties":{"id":198937900,"highway":"unclassified"},"geometry":{"type":"LineString","coordinates":[[140.402224,36.548497],[140.402423,36.548517],[140.402488,36.548578]]}},{"type":"Feature","properties":{"id":198937905,"highway":"residential"},"geometry":{"type":"LineString","coordinates":[[140.420211,36.542286],[140.420748,36.541291]]}},{"type":"Feature","properties":{"id":198937908,"highway":"unclassified"},"geometry":{"type":"LineString","coordinates":[[140.426705,36.528184],[140.427165,36.528398]]}},{"type":"Feature","properties":{"id":198937909,"highway":"residential"},"geometry":{"type":"LineString","coordinates":[[140.403451,36.541305],[140.405516,36.542337]]}},{"type":"Feature","properties":{"id":198937912,"highway":"residential"},"geometry":{"type":"LineString","coordinates":[[140.425677,36.525872],[140.426566,36.526281],[140.427632,36.526771]]}},{"type":"Feature","properties":{"id":198937916,"highway":"residential"},"geometry":{"type":"LineString","coordinates":[[140.428343,36.525683],[140.429093,36.524864]]}},{"type":"Feature","properties":{"id":198937929,"highway":"tertiary"},"geometry":{"type":"LineString","coordinates":[[140.439713,36.527792],[140.439818,36.527848],[140.439918,36.527906]]}},{"type":"Feature","properties":{"id":198937931,"highway":"residential"},"geometry":{"type":"LineString","coordinates":[[140.414719,36.590513],[140.413972,36.590846]]}},{"type":"Feature","properties":{"id":198937932,"highway":"residential"},"geometry":{"type":"LineString","coordinates":[[140.426048,36.579223],[140.426254,36.57947]]}},{"type":"Feature","properties":{"id":198937939,"highway":"unclassified"},"geometry":{"type":"LineString","coordinates":[[140.432614,36.529805],[140.432899,36.529329]]}},{"type":"Feature","properties":{"id":198937942,"highway":"unclassified"},"geometry":{"type":"LineString","coordinates":[[140.418488,36.59915],[140.419,36.599088]]}},{"type":"Feature","properties":{"id":198937945,"highway":"service"},"geometry":{"type":"LineString","coordinates":[[140.427065,36.527657],[140.427632,36.526771]]}},{"type":"Feature","properties":{"id":198937952,"highway":"unclassified"},"geometry":{"type":"LineString","coordinates":[[140.417377,36.542021],[140.417395,36.541963],[140.417446,36.541801]]}},{"type":"Feature","properties":{"id":198937955,"highway":"unclassified"},"geometry":{"type":"LineString","coordinates":[[140.403389,36.565564],[140.403106,36.56555]]}},{"type":"Feature","properties":{"id":198937959,"highway":"residential"},"geometry":{"type":"LineString","coordinates":[[140.42183,36.56901],[140.422496,36.569058]]}},{"type":"Feature","properties":{"id":198937960,"highway":"residential"},"geometry":{"type":"LineString","coordinates":[[140.43179,36.555215],[140.431731,36.554922]]}},{"type":"Feature","properties":{"id":198937963,"highway":"unclassified"},"geometry":{"type":"LineString","coordinates":[[140.401302,36.5717],[140.40141,36.5715]]}},{"type":"Feature","properties":{"id":198937982,"highway":"residential"},"geometry":{"type":"LineString","coordinates":[[140.446219,36.524608],[140.446581,36.524766],[140.446934,36.524909]]}},{"type":"Feature","properties":{"id":198937989,"highway":"residential"},"geometry":{"type":"LineString","coordinates":[[140.410665,36.538299],[140.411046,36.538432]]}},{"type":"Feature","properties":{"id":198937993,"highway":"service"},"geometry":{"type":"LineString","coordinates":[[140.426859,36.524007],[140.427067,36.523801],[140.427146,36.523723],[140.427214,36.523656]]}},{"type":"Feature","properties":{"id":198937997,"highway":"residential"},"geometry":{"type":"LineString","coordinates":[[140.420044,36.547107],[140.420319,36.546377],[140.420593,36.545472]]}},{"type":"Feature","properties":{"id":198937999,"highway":"unclassified"},"geometry":{"type":"LineString","coordinates":[[140.418958,36.535586],[140.419178,36.535638]]}},{"type":"Feature","properties":{"id":198938000,"highway":"service"},"geometry":{"type":"LineString","coordinates":[[140.426766,36.523378],[140.426859,36.523435],[140.426977,36.523509],[140.427096,36.523583],[140.427131,36.523605],[140.427214,36.523656]]}},{"type":"Feature","properties":{"id":198938006,"highway":"tertiary"},"geometry":{"type":"LineString","coordinates":[[140.436722,36.529626],[140.436921,36.529641],[140.437696,36.529547]]}},{"type":"Feature","properties":{"id":198938007,"highway":"unclassified"},"geometry":{"type":"LineString","coordinates":[[140.413232,36.548635],[140.413956,36.548897],[140.414165,36.548964],[140.414299,36.548988],[140.414478,36.548992]]}},{"type":"Feature","properties":{"id":198938010,"highway":"unclassified"},"geometry":{"type":"LineString","coordinates":[[140.412439,36.561744],[140.414123,36.562307]]}},{"type":"Feature","properties":{"id":198938011,"highway":"residential"},"geometry":{"type":"LineString","coordinates":[[140.427999,36.564206],[140.428342,36.563883]]}},{"type":"Feature","properties":{"id":198938016,"highway":"unclassified"},"geometry":{"type":"LineString","coordinates":[[140.41385,36.547345],[140.413824,36.547081]]}},{"type":"Feature","properties":{"id":198938020,"highway":"residential"},"geometry":{"type":"LineString","coordinates":[[140.437696,36.529547],[140.437737,36.529614]]}},{"type":"Feature","properties":{"id":198938021,"highway":"unclassified"},"geometry":{"type":"LineString","coordinates":[[140.444162,36.521934],[140.445196,36.521069]]}},{"type":"Feature","properties":{"id":198938027,"highway":"unclassified"},"geometry":{"type":"LineString","coordinates":[[140.406481,36.561302],[140.407058,36.561433],[140.408017,36.561649]]}},{"type":"Feature","properties":{"id":198938028,"highway":"unclassified"},"geometry":{"type":"LineString","coordinates":[[140.432108,36.519302],[140.432073,36.519228]]}},{"type":"Feature","properties":{"id":198938031,"highway":"unclassified"},"geometry":{"type":"LineString","coordinates":[[140.419232,36.571758],[140.419171,36.570922],[140.419159,36.57064],[140.419084,36.569211]]}},{"type":"Feature","properties":{"id":198938032,"highway":"unclassified"},"geometry":{"type":"LineString","coordinates":[[140.41811,36.594114],[140.417692,36.594288]]}},{"type":"Feature","properties":{"id":198938035,"highway":"residential"},"geometry":{"type":"LineString","coordinates":[[140.418252,36.541954],[140.418314,36.541987],[140.419231,36.542132]]}},{"type":"Feature","properties":{"id":198938036,"highway":"unclassified"},"geometry":{"type":"LineString","coordinates":[[140.447325,36.519277],[140.44771,36.519361]]}},{"type":"Feature","properties":{"id":198938044,"highway":"unclassified"},"geometry":{"type":"LineString","coordinates":[[140.411297,36.551882],[140.41295,36.552481]]}},{"type":"Feature","properties":{"id":198938045,"highway":"residential"},"geometry":{"type":"LineString","coordinates":[[140.402766,36.543214],[140.403897,36.543795]]}},{"type":"Feature","properties":{"id":198938063,"highway":"residential"},"geometry":{"type":"LineString","coordinates":[[140.428557,36.56117],[140.42923,36.561317]]}},{"type":"Feature","properties":{"id":198938064,"highway":"unclassified"},"geometry":{"type":"LineString","coordinates":[[140.436494,36.52957],[140.436615,36.529238],[140.436721,36.528631],[140.436893,36.528031]]}},{"type":"Feature","properties":{"id":198938066,"highway":"unclassified"},"geometry":{"type":"LineString","coordinates":[[140.417237,36.535503],[140.417603,36.535494]]}},{"type":"Feature","properties":{"id":198938073,"highway":"residential"},"geometry":{"type":"LineString","coordinates":[[140.424315,36.545587],[140.424406,36.54562]]}},{"type":"Feature","properties":{"id":198938074,"highway":"unclassified"},"geometry":{"type":"LineString","coordinates":[[140.43144,36.520813],[140.432331,36.520731]]}},{"type":"Feature","properties":{"id":198938081,"highway":"residential"},"geometry":{"type":"LineString","coordinates":[[140.410953,36.537715],[140.410665,36.538299]]}},{"type":"Feature","properties":{"id":198938086,"highway":"unclassified"},"geometry":{"type":"LineString","coordinates":[[140.416387,36.521657],[140.416797,36.521661],[140.417166,36.521682]]}},{"type":"Feature","properties":{"id":198938091,"highway":"residential"},"geometry":{"type":"LineString","coordinates":[[140.425136,36.530314],[140.425211,36.530352],[140.426473,36.530994]]}},{"type":"Feature","properties":{"id":198938092,"highway":"unclassified"},"geometry":{"type":"LineString","coordinates":[[140.422116,36.523007],[140.42214,36.523027]]}},{"type":"Feature","properties":{"id":198938093,"highway":"residential"},"geometry":{"type":"LineString","coordinates":[[140.417402,36.542034],[140.417472,36.541979],[140.417495,36.541953],[140.417541,36.541924],[140.417588,36.541899],[140.417649,36.54187],[140.417706,36.541845],[140.417818,36.541847],[140.418043,36.541883],[140.418252,36.541954]]}},{"type":"Feature","properties":{"id":198938097,"highway":"residential"},"geometry":{"type":"LineString","coordinates":[[140.420327,36.575781],[140.420304,36.575249],[140.42023,36.574707]]}},{"type":"Feature","properties":{"id":198938100,"highway":"unclassified"},"geometry":{"type":"LineString","coordinates":[[140.402445,36.555634],[140.402846,36.555403]]}},{"type":"Feature","properties":{"id":198938105,"highway":"unclassified"},"geometry":{"type":"LineString","coordinates":[[140.420821,36.524598],[140.421456,36.525081]]}},{"type":"Feature","properties":{"id":198938109,"highway":"unclassified"},"geometry":{"type":"LineString","coordinates":[[140.420414,36.573358],[140.420133,36.573365]]}},{"type":"Feature","properties":{"id":198938113,"highway":"residential"},"geometry":{"type":"LineString","coordinates":[[140.43226,36.552326],[140.432414,36.552045]]}},{"type":"Feature","properties":{"id":198938114,"highway":"unclassified"},"geometry":{"type":"LineString","coordinates":[[140.40489,36.549673],[140.404724,36.549938],[140.404573,36.550241],[140.404433,36.550552],[140.404179,36.551224]]}},{"type":"Feature","properties":{"id":198938116,"highway":"residential"},"geometry":{"type":"LineString","coordinates":[[140.439713,36.527792],[140.439714,36.527468],[140.439819,36.527147]]}},{"type":"Feature","properties":{"id":198938119,"highway":"service"},"geometry":{"type":"LineString","coordinates":[[140.422166,36.595183],[140.422415,36.595492],[140.422496,36.595455]]}},{"type":"Feature","properties":{"id":198938121,"highway":"residential"},"geometry":{"type":"LineString","coordinates":[[140.41813,36.545916],[140.419081,36.546134]]}},{"type":"Feature","properties":{"id":198938122,"highway":"residential"},"geometry":{"type":"LineString","coordinates":[[140.422956,36.579413],[140.423842,36.579401],[140.424477,36.579447]]}},{"type":"Feature","properties":{"id":198938123,"highway":"unclassified"},"geometry":{"type":"LineString","coordinates":[[140.432331,36.520731],[140.432804,36.520909]]}},{"type":"Feature","properties":{"id":198938131,"highway":"residential"},"geometry":{"type":"LineString","coordinates":[[140.42006,36.547969],[140.420044,36.547107]]}},{"type":"Feature","properties":{"id":198938132,"highway":"residential"},"geometry":{"type":"LineString","coordinates":[[140.437706,36.533362],[140.438288,36.532425]]}},{"type":"Feature","properties":{"id":198938138,"highway":"unclassified"},"geometry":{"type":"LineString","coordinates":[[140.409569,36.58718],[140.409607,36.586982],[140.409658,36.586476],[140.409735,36.586146],[140.409785,36.585685],[140.409789,36.585565],[140.409824,36.585346],[140.409686,36.584983],[140.409441,36.584395],[140.409381,36.584281],[140.409175,36.583753],[140.40907,36.583359],[140.408868,36.582793],[140.40862,36.582013],[140.408542,36.581853],[140.408341,36.581664],[140.40769,36.581141],[140.407195,36.580748],[140.406031,36.580245]]}},{"type":"Feature","properties":{"id":198938147,"highway":"service"},"geometry":{"type":"LineString","coordinates":[[140.426559,36.524335],[140.426665,36.524219],[140.426682,36.524201],[140.426763,36.524112],[140.426783,36.52409],[140.426859,36.524007]]}},{"type":"Feature","properties":{"id":198938151,"highway":"unclassified"},"geometry":{"type":"LineString","coordinates":[[140.429672,36.537647],[140.430115,36.53794]]}},{"type":"Feature","properties":{"id":198938160,"highway":"service"},"geometry":{"type":"LineString","coordinates":[[140.427146,36.524191],[140.42722,36.524114],[140.427288,36.524043],[140.427491,36.52383]]}},{"type":"Feature","properties":{"id":198938164,"highway":"residential"},"geometry":{"type":"LineString","coordinates":[[140.414171,36.55792],[140.416003,36.558449]]}},{"type":"Feature","properties":{"id":198938167,"highway":"unclassified"},"geometry":{"type":"LineString","coordinates":[[140.437798,36.524294],[140.438725,36.524999]]}},{"type":"Feature","properties":{"id":198938168,"highway":"residential"},"geometry":{"type":"LineString","coordinates":[[140.400984,36.542302],[140.402253,36.542909]]}},{"type":"Feature","properties":{"id":198938169,"highway":"residential"},"geometry":{"type":"LineString","coordinates":[[140.436616,36.526789],[140.437823,36.527251],[140.438001,36.527156]]}},{"type":"Feature","properties":{"id":198938171,"highway":"residential"},"geometry":{"type":"LineString","coordinates":[[140.418374,36.548404],[140.420028,36.548719]]}},{"type":"Feature","properties":{"id":198938172,"highway":"service"},"geometry":{"type":"LineString","coordinates":[[140.433825,36.537682],[140.433979,36.537788]]}},{"type":"Feature","properties":{"id":198938177,"highway":"unclassified"},"geometry":{"type":"LineString","coordinates":[[140.415548,36.522242],[140.415596,36.521631]]}},{"type":"Feature","properties":{"id":198938183,"highway":"residential"},"geometry":{"type":"LineString","coordinates":[[140.415554,36.55951],[140.416427,36.559739]]}},{"type":"Feature","properties":{"id":198938191,"highway":"unclassified"},"geometry":{"type":"LineString","coordinates":[[140.417918,36.539037],[140.418981,36.539182]]}},{"type":"Feature","properties":{"id":198938200,"highway":"unclassified"},"geometry":{"type":"LineString","coordinates":[[140.398126,36.554087],[140.398724,36.554371],[140.399034,36.554528],[140.399171,36.554558],[140.399351,36.554586],[140.40059,36.554725],[140.4007,36.554755]]}},{"type":"Feature","properties":{"id":198938205,"highway":"residential"},"geometry":{"type":"LineString","coordinates":[[140.411612,36.556943],[140.412951,36.557378]]}},{"type":"Feature","properties":{"id":198938206,"highway":"residential"},"geometry":{"type":"LineString","coordinates":[[140.434539,36.530985],[140.434352,36.531725]]}},{"type":"Feature","properties":{"id":198938207,"highway":"unclassified"},"geometry":{"type":"LineString","coordinates":[[140.422946,36.518231],[140.424276,36.518969]]}},{"type":"Feature","properties":{"id":198938217,"highway":"residential"},"geometry":{"type":"LineString","coordinates":[[140.404147,36.534583],[140.403757,36.5345]]}},{"type":"Feature","properties":{"id":198938222,"highway":"unclassified"},"geometry":{"type":"LineString","coordinates":[[140.417113,36.52311],[140.417129,36.522298]]}},{"type":"Feature","properties":{"id":198938229,"highway":"unclassified"},"geometry":{"type":"LineString","coordinates":[[140.422651,36.573323],[140.420414,36.573358]]}},{"type":"Feature","properties":{"id":198938239,"highway":"unclassified"},"geometry":{"type":"LineString","coordinates":[[140.404194,36.539642],[140.404505,36.539761]]}},{"type":"Feature","properties":{"id":198938243,"highway":"unclassified"},"geometry":{"type":"LineString","coordinates":[[140.416948,36.56712],[140.416996,36.567164],[140.417047,36.5673],[140.417337,36.56787],[140.417334,36.56706],[140.417347,36.566972],[140.417397,36.566949],[140.417815,36.566761],[140.417958,36.566716],[140.4182,36.56664],[140.418509,36.566636],[140.418961,36.566698],[140.419713,36.566748],[140.420359,36.567079],[140.420468,36.567114],[140.420607,36.567111],[140.421755,36.566892],[140.421893,36.566888],[140.423159,36.567012]]}},{"type":"Feature","properties":{"id":198938250,"highway":"tertiary"},"geometry":{"type":"LineString","coordinates":[[140.452954,36.512558],[140.452944,36.512353],[140.452928,36.512041]]}},{"type":"Feature","properties":{"id":198938266,"highway":"service"},"geometry":{"type":"LineString","coordinates":[[140.435613,36.516373],[140.435775,36.516725]]}},{"type":"Feature","properties":{"id":198938273,"highway":"residential"},"geometry":{"type":"LineString","coordinates":[[140.418379,36.579151],[140.419498,36.579183]]}},{"type":"Feature","properties":{"id":198938274,"highway":"unclassified"},"geometry":{"type":"LineString","coordinates":[[140.413733,36.546723],[140.413687,36.546407]]}},{"type":"Feature","properties":{"id":198938275,"highway":"residential"},"geometry":{"type":"LineString","coordinates":[[140.427779,36.526266],[140.428343,36.525683]]}},{"type":"Feature","properties":{"id":198938282,"highway":"unclassified"},"geometry":{"type":"LineString","coordinates":[[140.43061,36.530279],[140.43254,36.53123]]}},{"type":"Feature","properties":{"id":198938283,"highway":"residential"},"geometry":{"type":"LineString","coordinates":[[140.418379,36.579151],[140.418422,36.578312],[140.41835,36.577701]]}},{"type":"Feature","properties":{"id":198938285,"highway":"unclassified"},"geometry":{"type":"LineString","coordinates":[[140.417725,36.542652],[140.418192,36.542831],[140.418985,36.543052],[140.41993,36.543305],[140.420447,36.543405],[140.421296,36.543594],[140.421607,36.543672],[140.421929,36.543752],[140.422266,36.543834],[140.422337,36.543842],[140.422399,36.543826]]}},{"type":"Feature","properties":{"id":198938293,"highway":"unclassified"},"geometry":{"type":"LineString","coordinates":[[140.41351,36.548219],[140.413535,36.547771]]}},{"type":"Feature","properties":{"id":198938298,"highway":"unclassified"},"geometry":{"type":"LineString","coordinates":[[140.41548,36.536447],[140.415648,36.536037],[140.415819,36.53551],[140.41596,36.535063],[140.415999,36.534861],[140.416,36.534732]]}},{"type":"Feature","properties":{"id":198938302,"highway":"tertiary"},"geometry":{"type":"LineString","coordinates":[[140.452928,36.512041],[140.452919,36.511986]]}},{"type":"Feature","properties":{"id":198938304,"highway":"residential"},"geometry":{"type":"LineString","coordinates":[[140.409897,36.539652],[140.409394,36.540609]]}},{"type":"Feature","properties":{"id":198938305,"highway":"unclassified"},"geometry":{"type":"LineString","coordinates":[[140.427632,36.526771],[140.427942,36.52633]]}},{"type":"Feature","properties":{"id":198938307,"highway":"residential"},"geometry":{"type":"LineString","coordinates":[[140.42023,36.574707],[140.420133,36.573365]]}},{"type":"Feature","properties":{"id":198938309,"highway":"service"},"geometry":{"type":"LineString","coordinates":[[140.451947,36.5219],[140.451936,36.521596]]}},{"type":"Feature","properties":{"id":198938317,"highway":"residential"},"geometry":{"type":"LineString","coordinates":[[140.435551,36.537087],[140.435651,36.537008]]}},{"type":"Feature","properties":{"id":198938318,"highway":"tertiary"},"geometry":{"type":"LineString","coordinates":[[140.437174,36.518129],[140.437335,36.518087],[140.437708,36.517969]]}},{"type":"Feature","properties":{"id":198938323,"highway":"unclassified"},"geometry":{"type":"LineString","coordinates":[[140.419408,36.599038],[140.419677,36.599016],[140.420358,36.598938]]}},{"type":"Feature","properties":{"id":198938334,"highway":"residential"},"geometry":{"type":"LineString","coordinates":[[140.417438,36.547441],[140.41773,36.546936],[140.417887,36.546673],[140.41813,36.545916],[140.418395,36.545012]]}},{"type":"Feature","properties":{"id":198938335,"highway":"unclassified"},"geometry":{"type":"LineString","coordinates":[[140.445291,36.517968],[140.446221,36.518697]]}},{"type":"Feature","properties":{"id":198938336,"highway":"service"},"geometry":{"type":"LineString","coordinates":[[140.426427,36.523749],[140.426496,36.52379],[140.426717,36.523922],[140.426754,36.523945],[140.426859,36.524007]]}},{"type":"Feature","properties":{"id":198938338,"highway":"unclassified"},"geometry":{"type":"LineString","coordinates":[[140.41351,36.548219],[140.413724,36.548224]]}},{"type":"Feature","properties":{"id":198938343,"highway":"unclassified"},"geometry":{"type":"LineString","coordinates":[[140.436356,36.530977],[140.436381,36.530759]]}},{"type":"Feature","properties":{"id":198938349,"highway":"residential"},"geometry":{"type":"LineString","coordinates":[[140.435445,36.548317],[140.435642,36.54835]]}},{"type":"Feature","properties":{"id":198938351,"highway":"service"},"geometry":{"type":"LineString","coordinates":[[140.435775,36.516725],[140.435812,36.516807],[140.436491,36.518313]]}},{"type":"Feature","properties":{"id":198938358,"highway":"residential"},"geometry":{"type":"LineString","coordinates":[[140.420593,36.545472],[140.421296,36.543594]]}},{"type":"Feature","properties":{"id":198938361,"highway":"unclassified"},"geometry":{"type":"LineString","coordinates":[[140.411398,36.546342],[140.411534,36.546223],[140.411819,36.545886],[140.412046,36.545617],[140.412268,36.545387],[140.41258,36.544954],[140.413196,36.544314]]}},{"type":"Feature","properties":{"id":198938362,"highway":"unclassified"},"geometry":{"type":"LineString","coordinates":[[140.406402,36.536658],[140.406491,36.536655]]}},{"type":"Feature","properties":{"id":198938364,"highway":"unclassified"},"geometry":{"type":"LineString","coordinates":[[140.419002,36.523831],[140.419165,36.523896],[140.419379,36.523919],[140.419659,36.524043],[140.419872,36.524053],[140.419981,36.523979],[140.420512,36.524355]]}},{"type":"Feature","properties":{"id":198938365,"highway":"unclassified"},"geometry":{"type":"LineString","coordinates":[[140.427902,36.52415],[140.429093,36.524864]]}},{"type":"Feature","properties":{"id":198938376,"highway":"residential"},"geometry":{"type":"LineString","coordinates":[[140.410983,36.556794],[140.411612,36.556943]]}},{"type":"Feature","properties":{"id":198938382,"highway":"unclassified"},"geometry":{"type":"LineString","coordinates":[[140.441669,36.515098],[140.441687,36.515139],[140.441743,36.515216]]}},{"type":"Feature","properties":{"id":198938388,"highway":"residential"},"geometry":{"type":"LineString","coordinates":[[140.438637,36.519376],[140.438854,36.519325]]}},{"type":"Feature","properties":{"id":198938393,"highway":"unclassified"},"geometry":{"type":"LineString","coordinates":[[140.417603,36.535494],[140.417812,36.535477]]}},{"type":"Feature","properties":{"id":198938401,"highway":"service"},"geometry":{"type":"LineString","coordinates":[[140.436691,36.532167],[140.437008,36.532629]]}},{"type":"Feature","properties":{"id":198938404,"highway":"unclassified"},"geometry":{"type":"LineString","coordinates":[[140.416335,36.522289],[140.416387,36.521657]]}},{"type":"Feature","properties":{"id":198938407,"highway":"service"},"geometry":{"type":"LineString","coordinates":[[140.427214,36.523656],[140.427364,36.523493],[140.42742,36.523432],[140.427539,36.523302],[140.427611,36.523224],[140.427668,36.523162],[140.427782,36.523039]]}},{"type":"Feature","properties":{"id":198938408,"highway":"residential"},"geometry":{"type":"LineString","coordinates":[[140.41668,36.54561],[140.41813,36.545916]]}},{"type":"Feature","properties":{"id":198938410,"highway":"residential"},"geometry":{"type":"LineString","coordinates":[[140.447657,36.523782],[140.447835,36.523938]]}},{"type":"Feature","properties":{"id":198938412,"highway":"residential"},"geometry":{"type":"LineString","coordinates":[[140.425093,36.575988],[140.422863,36.576094]]}},{"type":"Feature","properties":{"id":198938414,"highway":"residential"},"geometry":{"type":"LineString","coordinates":[[140.42778,36.566716],[140.427844,36.566588]]}},{"type":"Feature","properties":{"id":198938415,"highway":"unclassified"},"geometry":{"type":"LineString","coordinates":[[140.43805,36.532312],[140.438288,36.532425]]}},{"type":"Feature","properties":{"id":198938416,"highway":"residential"},"geometry":{"type":"LineString","coordinates":[[140.412,36.540457],[140.412441,36.540246],[140.412978,36.540052],[140.413769,36.539808],[140.413985,36.539745],[140.414237,36.539705]]}},{"type":"Feature","properties":{"id":198938421,"highway":"residential"},"geometry":{"type":"LineString","coordinates":[[140.417887,36.546673],[140.418853,36.546866]]}},{"type":"Feature","properties":{"id":198938422,"highway":"tertiary"},"geometry":{"type":"LineString","coordinates":[[140.442259,36.520481],[140.443215,36.52121]]}},{"type":"Feature","properties":{"id":198938431,"highway":"service"},"geometry":{"type":"LineString","coordinates":[[140.399096,36.574445],[140.400764,36.574778]]}},{"type":"Feature","properties":{"id":198938434,"highway":"residential"},"geometry":{"type":"LineString","coordinates":[[140.419304,36.545198],[140.420593,36.545472]]}},{"type":"Feature","properties":{"id":198938443,"highway":"residential"},"geometry":{"type":"LineString","coordinates":[[140.426418,36.57699],[140.42836,36.577153]]}},{"type":"Feature","properties":{"id":198938452,"highway":"unclassified"},"geometry":{"type":"LineString","coordinates":[[140.40255,36.553277],[140.402881,36.55317],[140.403676,36.552913]]}},{"type":"Feature","properties":{"id":198938464,"highway":"unclassified"},"geometry":{"type":"LineString","coordinates":[[140.438725,36.524999],[140.439665,36.525728]]}},{"type":"Feature","properties":{"id":198938468,"highway":"residential"},"geometry":{"type":"LineString","coordinates":[[140.404499,36.562121],[140.405029,36.561412],[140.40535,36.561024]]}},{"type":"Feature","properties":{"id":198938471,"highway":"residential"},"geometry":{"type":"LineString","coordinates":[[140.414904,36.561497],[140.415033,36.561019],[140.415107,36.56054]]}},{"type":"Feature","properties":{"id":198938474,"highway":"residential"},"geometry":{"type":"LineString","coordinates":[[140.404919,36.53993],[140.404997,36.53996]]}},{"type":"Feature","properties":{"id":198938476,"highway":"residential"},"geometry":{"type":"LineString","coordinates":[[140.424666,36.525429],[140.425677,36.525872]]}},{"type":"Feature","properties":{"id":198938477,"highway":"service"},"geometry":{"type":"LineString","coordinates":[[140.437107,36.530939],[140.437737,36.529614]]}},{"type":"Feature","properties":{"id":198938481,"highway":"unclassified"},"geometry":{"type":"LineString","coordinates":[[140.405219,36.572507],[140.405244,36.572195],[140.405271,36.571849],[140.405272,36.571656],[140.405302,36.571469],[140.405347,36.571356]]}},{"type":"Feature","properties":{"id":198938492,"highway":"residential"},"geometry":{"type":"LineString","coordinates":[[140.415485,36.542481],[140.415753,36.542616],[140.416146,36.542739],[140.41633,36.54282],[140.416539,36.542937],[140.416812,36.543075],[140.417266,36.543269]]}},{"type":"Feature","properties":{"id":198938497,"highway":"unclassified"},"geometry":{"type":"LineString","coordinates":[[140.429093,36.524864],[140.430175,36.525567],[140.43027,36.52563]]}},{"type":"Feature","properties":{"id":198938498,"highway":"service"},"geometry":{"type":"LineString","coordinates":[[140.426013,36.525415],[140.427779,36.526266]]}},{"type":"Feature","properties":{"id":198938499,"highway":"residential"},"geometry":{"type":"LineString","coordinates":[[140.413267,36.557498],[140.414171,36.55792]]}},{"type":"Feature","properties":{"id":198938500,"highway":"residential"},"geometry":{"type":"LineString","coordinates":[[140.428409,36.564102],[140.428342,36.563883]]}},{"type":"Feature","properties":{"id":198938503,"highway":"unclassified"},"geometry":{"type":"LineString","coordinates":[[140.434085,36.550836],[140.434067,36.55033],[140.43396,36.5502]]}},{"type":"Feature","properties":{"id":198938504,"highway":"residential"},"geometry":{"type":"LineString","coordinates":[[140.414832,36.517945],[140.414802,36.517347]]}},{"type":"Feature","properties":{"id":198938506,"highway":"unclassified"},"geometry":{"type":"LineString","coordinates":[[140.414774,36.521641],[140.41524,36.521635],[140.415596,36.521631]]}},{"type":"Feature","properties":{"id":198938512,"highway":"residential"},"geometry":{"type":"LineString","coordinates":[[140.418395,36.545012],[140.419304,36.545198]]}},{"type":"Feature","properties":{"id":198938519,"highway":"unclassified"},"geometry":{"type":"LineString","coordinates":[[140.446414,36.520026],[140.446981,36.519537],[140.447325,36.519277]]}},{"type":"Feature","properties":{"id":198938521,"highway":"residential"},"geometry":{"type":"LineString","coordinates":[[140.404505,36.539761],[140.404919,36.53993]]}},{"type":"Feature","properties":{"id":198938524,"highway":"residential"},"geometry":{"type":"LineString","coordinates":[[140.418985,36.543052],[140.419136,36.542539]]}},{"type":"Feature","properties":{"id":198938527,"highway":"unclassified"},"geometry":{"type":"LineString","coordinates":[[140.406004,36.536667],[140.406402,36.536658]]}},{"type":"Feature","properties":{"id":198938533,"highway":"residential"},"geometry":{"type":"LineString","coordinates":[[140.408194,36.558459],[140.409159,36.558797]]}},{"type":"Feature","properties":{"id":198938536,"highway":"residential"},"geometry":{"type":"LineString","coordinates":[[140.402647,36.591344],[140.402716,36.591311]]}},{"type":"Feature","properties":{"id":198938539,"highway":"residential"},"geometry":{"type":"LineString","coordinates":[[140.420028,36.548719],[140.42006,36.547969]]}},{"type":"Feature","properties":{"id":198938550,"highway":"unclassified"},"geometry":{"type":"LineString","coordinates":[[140.420414,36.573358],[140.420353,36.572025],[140.420345,36.571728]]}},{"type":"Feature","properties":{"id":198938552,"highway":"unclassified"},"geometry":{"type":"LineString","coordinates":[[140.445196,36.521069],[140.446414,36.520026]]}},{"type":"Feature","properties":{"id":198938553,"highway":"residential"},"geometry":{"type":"LineString","coordinates":[[140.419231,36.542132],[140.420211,36.542286]]}},{"type":"Feature","properties":{"id":198938564,"highway":"unclassified"},"geometry":{"type":"LineString","coordinates":[[140.415705,36.549939],[140.415884,36.549153]]}},{"type":"Feature","properties":{"id":198938576,"highway":"unclassified"},"geometry":{"type":"LineString","coordinates":[[140.437256,36.531521],[140.437523,36.531718]]}},{"type":"Feature","properties":{"id":198938577,"highway":"unclassified"},"geometry":{"type":"LineString","coordinates":[[140.413064,36.552273],[140.413601,36.552485]]}},{"type":"Feature","properties":{"id":198938669,"highway":"unclassified"},"geometry":{"type":"LineString","coordinates":[[140.414123,36.562307],[140.414904,36.561497]]}},{"type":"Feature","properties":{"id":198938677,"highway":"unclassified"},"geometry":{"type":"LineString","coordinates":[[140.428095,36.520319],[140.428324,36.52063]]}},{"type":"Feature","properties":{"id":198938703,"highway":"residential"},"geometry":{"type":"LineString","coordinates":[[140.427632,36.526771],[140.428487,36.527146]]}},{"type":"Feature","properties":{"id":198938722,"highway":"unclassified"},"geometry":{"type":"LineString","coordinates":[[140.417276,36.550175],[140.41721,36.550068]]}},{"type":"Feature","properties":{"id":198938742,"highway":"residential"},"geometry":{"type":"LineString","coordinates":[[140.409394,36.540609],[140.409276,36.540801],[140.409209,36.540941],[140.409136,36.541094],[140.409116,36.541191],[140.409122,36.541297],[140.409154,36.541413],[140.409257,36.541619],[140.409342,36.541791],[140.409484,36.54213],[140.409619,36.54238]]}},{"type":"Feature","properties":{"id":198938773,"highway":"service"},"geometry":{"type":"LineString","coordinates":[[140.408657,36.594088],[140.408518,36.5942],[140.408325,36.594157],[140.408076,36.594092],[140.407756,36.594022],[140.407062,36.593931],[140.406681,36.59385],[140.406216,36.593813],[140.406184,36.593873],[140.406044,36.594335],[140.405228,36.594484],[140.40509,36.594475],[140.404919,36.594411],[140.404774,36.59425]]}},{"type":"Feature","properties":{"id":198938793,"highway":"unclassified"},"geometry":{"type":"LineString","coordinates":[[140.41121,36.585861],[140.411386,36.585641],[140.411553,36.584775],[140.411664,36.584281],[140.411672,36.584243],[140.411676,36.584099],[140.411694,36.583681],[140.41181,36.583622],[140.412338,36.583604],[140.412539,36.583579],[140.412581,36.583497],[140.412599,36.583417],[140.412567,36.583319],[140.412494,36.582954],[140.412479,36.582845],[140.412453,36.582689],[140.412445,36.582422],[140.412503,36.582323],[140.412671,36.582223],[140.412746,36.582219],[140.412827,36.58223],[140.413123,36.582212],[140.41336,36.582181],[140.413419,36.582135],[140.413419,36.582052],[140.413399,36.581887],[140.41331,36.581722],[140.413247,36.58148],[140.413207,36.580382],[140.413227,36.580172],[140.41331,36.580035]]}},{"type":"Feature","properties":{"id":198938818,"highway":"residential"},"geometry":{"type":"LineString","coordinates":[[140.399424,36.519488],[140.400129,36.519278],[140.400365,36.51917],[140.400608,36.519098],[140.401255,36.51889],[140.401699,36.518702],[140.401851,36.51863],[140.402178,36.518383],[140.402283,36.518344],[140.402826,36.518252],[140.402957,36.518209],[140.403222,36.518045],[140.403527,36.517779],[140.403759,36.517512],[140.403891,36.517427],[140.404477,36.517124],[140.404951,36.516912],[140.405066,36.51689],[140.405505,36.516761],[140.405898,36.516935],[140.406167,36.516942],[140.406907,36.516618]]}},{"type":"Feature","properties":{"id":198938829,"highway":"unclassified"},"geometry":{"type":"LineString","coordinates":[[140.432466,36.531309],[140.432709,36.5314],[140.432892,36.531441],[140.43307,36.531458],[140.43317,36.531464],[140.433338,36.531458],[140.433412,36.531439],[140.4335,36.531394],[140.433602,36.531314],[140.433649,36.531289],[140.43374,36.53129],[140.433979,36.531288],[140.434033,36.53128],[140.434065,36.531272],[140.434115,36.531239],[140.434318,36.531058],[140.434386,36.531014],[140.43445,36.53099],[140.434539,36.530985]]}},{"type":"Feature","properties":{"id":198938902,"highway":"unclassified"},"geometry":{"type":"LineString","coordinates":[[140.429197,36.601272],[140.429329,36.601273],[140.429548,36.601184],[140.429892,36.601025],[140.430209,36.600884],[140.430334,36.600817],[140.430451,36.600665],[140.430582,36.600479],[140.431482,36.600132],[140.431595,36.600069],[140.43177,36.599604],[140.432006,36.599325],[140.432137,36.599253],[140.432253,36.599296],[140.4324,36.599423],[140.432596,36.599635],[140.432734,36.599722]]}},{"type":"Feature","properties":{"id":198938917,"highway":"unclassified"},"geometry":{"type":"LineString","coordinates":[[140.423249,36.523411],[140.423316,36.52343],[140.423596,36.523515],[140.423837,36.523621],[140.424347,36.523917],[140.424411,36.523929],[140.424509,36.523909],[140.424997,36.523427],[140.425792,36.522754],[140.425908,36.522596],[140.426055,36.522412],[140.426126,36.522345],[140.426203,36.522307],[140.426292,36.522307],[140.426738,36.522427],[140.426818,36.522425],[140.426908,36.522397],[140.427235,36.522285],[140.427417,36.522212],[140.427483,36.52215],[140.427579,36.522004],[140.427622,36.521945],[140.427702,36.521887],[140.428169,36.521632],[140.428615,36.521397],[140.42879,36.521322]]}},{"type":"Feature","properties":{"id":198938923,"highway":"residential"},"geometry":{"type":"LineString","coordinates":[[140.405179,36.569148],[140.40551,36.569],[140.405598,36.568953],[140.405695,36.568801],[140.405784,36.568667],[140.405885,36.568469],[140.405926,36.568418],[140.406073,36.568206],[140.406168,36.568095],[140.406278,36.568039],[140.406464,36.567946],[140.406576,36.567851],[140.406635,36.567733],[140.406684,36.56756],[140.406796,36.567428],[140.406873,36.567372],[140.406942,36.567357],[140.407076,36.567355],[140.407206,36.567335],[140.407364,36.567283],[140.407469,36.567247]]}},{"type":"Feature","properties":{"id":198938945,"highway":"unclassified"},"geometry":{"type":"LineString","coordinates":[[140.399166,36.588759],[140.399398,36.588721],[140.399512,36.588698],[140.399539,36.588546],[140.399688,36.588318],[140.399731,36.588285],[140.39991,36.588274],[140.40006,36.588249],[140.400098,36.588192],[140.400235,36.587884],[140.400285,36.587833],[140.400367,36.587808],[140.400537,36.587833],[140.400607,36.587829],[140.400695,36.587684],[140.400732,36.587529],[140.400734,36.587339],[140.400747,36.587173],[140.400855,36.587043],[140.400958,36.58689],[140.401022,36.586756],[140.401046,36.586636],[140.40104,36.58658],[140.401029,36.586423]]}},{"type":"Feature","properties":{"id":198938953,"highway":"unclassified"},"geometry":{"type":"LineString","coordinates":[[140.417805,36.53148],[140.417684,36.531703],[140.41758,36.531777],[140.417505,36.532179],[140.417386,36.532304],[140.417234,36.532311],[140.417322,36.532356],[140.417476,36.532368],[140.417576,36.532414],[140.417937,36.532591],[140.417641,36.532974],[140.41751,36.533133],[140.417445,36.533265],[140.417392,36.533447],[140.417294,36.533765],[140.417249,36.533968],[140.417253,36.534141],[140.417306,36.534325],[140.417363,36.534603],[140.417357,36.534843]]}},{"type":"Feature","properties":{"id":198938958,"highway":"unclassified"},"geometry":{"type":"LineString","coordinates":[[140.400764,36.574778],[140.400945,36.574683],[140.400976,36.57457],[140.400967,36.574521],[140.400961,36.574486],[140.400949,36.574444],[140.400892,36.574414],[140.400697,36.574319],[140.400656,36.574268],[140.400635,36.574217],[140.400634,36.574171],[140.400658,36.574108],[140.40073,36.573959],[140.400759,36.573883],[140.400768,36.57383],[140.400764,36.573717],[140.400737,36.573629],[140.400708,36.573568],[140.400676,36.573523],[140.400639,36.573483],[140.400564,36.573424],[140.400488,36.573391],[140.400177,36.573322]]}},{"type":"Feature","properties":{"id":198939015,"highway":"residential"},"geometry":{"type":"LineString","coordinates":[[140.406052,36.533136],[140.406128,36.532997],[140.406291,36.532841],[140.406656,36.532537],[140.406771,36.532392],[140.406827,36.53223],[140.406878,36.532177],[140.406984,36.5321],[140.407062,36.531996],[140.407253,36.531755],[140.407393,36.531631],[140.407624,36.531498],[140.407805,36.531432],[140.408026,36.531399],[140.408569,36.531403],[140.408804,36.531403],[140.409045,36.531376],[140.4097,36.53111],[140.409857,36.531071],[140.410053,36.531051],[140.410334,36.531101],[140.410506,36.531173],[140.410859,36.531362],[140.410993,36.531389],[140.411217,36.53138],[140.411959,36.531264]]}},{"type":"Feature","properties":{"id":198939053,"highway":"unclassified"},"geometry":{"type":"LineString","coordinates":[[140.40784,36.52725],[140.408122,36.527302],[140.408541,36.527381],[140.408904,36.527463],[140.409004,36.527495],[140.409201,36.527557],[140.409399,36.527594],[140.40954,36.527618],[140.409647,36.527646],[140.409754,36.527685],[140.41009,36.527833],[140.41023,36.527925],[140.410425,36.528098],[140.410478,36.528128],[140.410574,36.528138],[140.41106,36.528073],[140.411254,36.528059],[140.411391,36.528096],[140.411512,36.528258],[140.411606,36.528424],[140.411669,36.528627],[140.411701,36.528854],[140.411718,36.529045],[140.411789,36.529251],[140.411951,36.529469],[140.412143,36.529579]]}},{"type":"Feature","properties":{"id":198939054,"highway":"unclassified"},"geometry":{"type":"LineString","coordinates":[[140.404868,36.575968],[140.404618,36.575955],[140.40398,36.575874],[140.40381,36.575887],[140.403707,36.575909],[140.403558,36.575949],[140.403263,36.57605],[140.403206,36.576101],[140.403168,36.576164],[140.403153,36.576212],[140.403153,36.576302],[140.403214,36.576689],[140.403221,36.576857],[140.403219,36.577021],[140.403185,36.577239],[140.403161,36.577369],[140.403091,36.577678],[140.402869,36.578503],[140.402711,36.579031],[140.402638,36.579281],[140.402583,36.579511],[140.40257,36.579617],[140.402575,36.579752],[140.402653,36.580172],[140.402662,36.580269],[140.402652,36.580352],[140.402595,36.580489],[140.402526,36.58095]]}},{"type":"Feature","properties":{"id":198939096,"highway":"residential"},"geometry":{"type":"LineString","coordinates":[[140.41668,36.54561],[140.41621,36.546178],[140.415905,36.546477]]}},{"type":"Feature","properties":{"id":198939108,"highway":"residential"},"geometry":{"type":"LineString","coordinates":[[140.437301,36.543723],[140.437555,36.543187],[140.437627,36.542979]]}},{"type":"Feature","properties":{"id":198939112,"highway":"service"},"geometry":{"type":"LineString","coordinates":[[140.430522,36.532808],[140.431975,36.533876],[140.432701,36.533105]]}},{"type":"Feature","properties":{"id":198939114,"highway":"unclassified"},"geometry":{"type":"LineString","coordinates":[[140.414943,36.528035],[140.415255,36.528306]]}},{"type":"Feature","properties":{"id":198939115,"highway":"unclassified"},"geometry":{"type":"LineString","coordinates":[[140.403676,36.552913],[140.405399,36.55234],[140.40584,36.552193],[140.406642,36.551942]]}},{"type":"Feature","properties":{"id":198939116,"highway":"unclassified"},"geometry":{"type":"LineString","coordinates":[[140.421365,36.586019],[140.421929,36.586224],[140.422113,36.586536],[140.4224,36.586984],[140.422549,36.587101],[140.422752,36.587171],[140.422972,36.587221],[140.423221,36.587271],[140.423363,36.58734],[140.423531,36.587427],[140.423692,36.587489]]}},{"type":"Feature","properties":{"id":198939118,"highway":"tertiary"},"geometry":{"type":"LineString","coordinates":[[140.410674,36.544653],[140.410918,36.545178],[140.411133,36.545681]]}},{"type":"Feature","properties":{"id":198939121,"highway":"residential"},"geometry":{"type":"LineString","coordinates":[[140.432688,36.553668],[140.432479,36.553885],[140.431731,36.554922]]}},{"type":"Feature","properties":{"id":198939123,"highway":"unclassified"},"geometry":{"type":"LineString","coordinates":[[140.430115,36.53794],[140.43033,36.538093],[140.430683,36.538332]]}},{"type":"Feature","properties":{"id":198939131,"highway":"residential"},"geometry":{"type":"LineString","coordinates":[[140.43144,36.520813],[140.431965,36.521019],[140.432335,36.521174]]}},{"type":"Feature","properties":{"id":198939141,"highway":"unclassified"},"geometry":{"type":"LineString","coordinates":[[140.418217,36.549914],[140.418639,36.549842],[140.419972,36.549686]]}},{"type":"Feature","properties":{"id":198939146,"highway":"unclassified"},"geometry":{"type":"LineString","coordinates":[[140.432761,36.516248],[140.434759,36.5152]]}},{"type":"Feature","properties":{"id":198939148,"highway":"residential"},"geometry":{"type":"LineString","coordinates":[[140.415905,36.546477],[140.416217,36.546488],[140.416718,36.546475],[140.416884,36.546478],[140.417046,36.546503],[140.417887,36.546673]]}},{"type":"Feature","properties":{"id":198939154,"highway":"unclassified"},"geometry":{"type":"LineString","coordinates":[[140.426105,36.539365],[140.427022,36.538567]]}},{"type":"Feature","properties":{"id":198939157,"highway":"residential"},"geometry":{"type":"LineString","coordinates":[[140.427423,36.560755],[140.427806,36.560967],[140.428557,36.56117]]}},{"type":"Feature","properties":{"id":198939158,"highway":"residential"},"geometry":{"type":"LineString","coordinates":[[140.427649,36.56728],[140.427663,36.567101],[140.427743,36.566812]]}},{"type":"Feature","properties":{"id":198939160,"highway":"residential"},"geometry":{"type":"LineString","coordinates":[[140.400443,36.559148],[140.400385,36.559137],[140.400211,36.559098],[140.399788,36.559011],[140.399316,36.558895],[140.398445,36.558675]]}},{"type":"Feature","properties":{"id":198939162,"highway":"residential"},"geometry":{"type":"LineString","coordinates":[[140.434352,36.531725],[140.434577,36.531765],[140.435982,36.531985],[140.43634,36.532134],[140.436691,36.532167]]}},{"type":"Feature","properties":{"id":198939165,"highway":"unclassified"},"geometry":{"type":"LineString","coordinates":[[140.419178,36.535638],[140.419506,36.535784]]}},{"type":"Feature","properties":{"id":198939169,"highway":"service"},"geometry":{"type":"LineString","coordinates":[[140.436919,36.531202],[140.437107,36.530939]]}},{"type":"Feature","properties":{"id":198939170,"highway":"unclassified"},"geometry":{"type":"LineString","coordinates":[[140.405917,36.555915],[140.406095,36.555757],[140.406101,36.55574],[140.406183,36.555503]]}},{"type":"Feature","properties":{"id":198939171,"highway":"unclassified"},"geometry":{"type":"LineString","coordinates":[[140.402585,36.592229],[140.403064,36.59225],[140.403537,36.592149]]}},{"type":"Feature","properties":{"id":198939177,"highway":"unclassified"},"geometry":{"type":"LineString","coordinates":[[140.436919,36.531202],[140.437087,36.531379],[140.437256,36.531521]]}},{"type":"Feature","properties":{"id":198939184,"highway":"residential"},"geometry":{"type":"LineString","coordinates":[[140.412951,36.557378],[140.41314,36.557439],[140.413267,36.557498]]}},{"type":"Feature","properties":{"id":198939188,"highway":"service"},"geometry":{"type":"LineString","coordinates":[[140.429336,36.554716],[140.429415,36.553965],[140.4294,36.553741],[140.42946,36.553367],[140.429486,36.553267],[140.429517,36.552944]]}},{"type":"Feature","properties":{"id":198939189,"highway":"unclassified"},"geometry":{"type":"LineString","coordinates":[[140.416486,36.594757],[140.416134,36.594879],[140.415744,36.595011],[140.41552,36.595049]]}},{"type":"Feature","properties":{"id":198939191,"highway":"residential"},"geometry":{"type":"LineString","coordinates":[[140.437228,36.534314],[140.437535,36.533673],[140.437706,36.533362]]}},{"type":"Feature","properties":{"id":198939192,"highway":"unclassified"},"geometry":{"type":"LineString","coordinates":[[140.40535,36.561024],[140.405408,36.561051],[140.405475,36.561076],[140.405952,36.561183],[140.406481,36.561302]]}},{"type":"Feature","properties":{"id":198939194,"highway":"residential"},"geometry":{"type":"LineString","coordinates":[[140.418395,36.545012],[140.418833,36.543546],[140.418985,36.543052]]}},{"type":"Feature","properties":{"id":198939195,"highway":"residential"},"geometry":{"type":"LineString","coordinates":[[140.450962,36.517725],[140.45082,36.517951],[140.45082,36.518042]]}},{"type":"Feature","properties":{"id":198939198,"highway":"service"},"geometry":{"type":"LineString","coordinates":[[140.426766,36.523378],[140.42647,36.52368],[140.426427,36.523749]]}},{"type":"Feature","properties":{"id":198939199,"highway":"residential"},"geometry":{"type":"LineString","coordinates":[[140.451029,36.520419],[140.451012,36.520278],[140.451007,36.520114],[140.451049,36.519366]]}},{"type":"Feature","properties":{"id":198939209,"highway":"tertiary"},"geometry":{"type":"LineString","coordinates":[[140.429368,36.533521],[140.430522,36.532808]]}},{"type":"Feature","properties":{"id":198939211,"highway":"unclassified"},"geometry":{"type":"LineString","coordinates":[[140.401904,36.553586],[140.401895,36.553503],[140.401908,36.553431]]}},{"type":"Feature","properties":{"id":198939213,"highway":"residential"},"geometry":{"type":"LineString","coordinates":[[140.426928,36.565338],[140.427999,36.564206]]}},{"type":"Feature","properties":{"id":198939216,"highway":"unclassified"},"geometry":{"type":"LineString","coordinates":[[140.417812,36.535477],[140.418364,36.535494],[140.418722,36.53555],[140.418958,36.535586]]}},{"type":"Feature","properties":{"id":198939219,"highway":"residential"},"geometry":{"type":"LineString","coordinates":[[140.409162,36.552878],[140.409439,36.552414],[140.409065,36.552264]]}},{"type":"Feature","properties":{"id":198939220,"highway":"unclassified"},"geometry":{"type":"LineString","coordinates":[[140.415548,36.522242],[140.41596,36.522267],[140.416335,36.522289]]}},{"type":"Feature","properties":{"id":198939228,"highway":"residential"},"geometry":{"type":"LineString","coordinates":[[140.399833,36.570794],[140.399964,36.570494],[140.399977,36.570457],[140.400086,36.569756],[140.400113,36.569586]]}},{"type":"Feature","properties":{"id":198939238,"highway":"tertiary"},"geometry":{"type":"LineString","coordinates":[[140.446761,36.523191],[140.446975,36.523297],[140.447071,36.523361],[140.44716,36.52344],[140.447231,36.523506],[140.447283,36.523559],[140.447357,36.523659],[140.447417,36.523801]]}},{"type":"Feature","properties":{"id":198939244,"highway":"residential"},"geometry":{"type":"LineString","coordinates":[[140.404506,36.558527],[140.404753,36.558239],[140.40488,36.55809],[140.405029,36.557917]]}},{"type":"Feature","properties":{"id":198939246,"highway":"residential"},"geometry":{"type":"LineString","coordinates":[[140.405881,36.575263],[140.406129,36.575258],[140.406384,36.57529],[140.406633,36.57534],[140.406933,36.575452],[140.407418,36.575639],[140.407671,36.575754],[140.407485,36.57607],[140.407147,36.576579],[140.407016,36.576679],[140.406466,36.576086],[140.406,36.575794]]}},{"type":"Feature","properties":{"id":198939251,"highway":"unclassified"},"geometry":{"type":"LineString","coordinates":[[140.422651,36.573323],[140.424325,36.573264],[140.425496,36.573197]]}},{"type":"Feature","properties":{"id":198939252,"highway":"unclassified"},"geometry":{"type":"LineString","coordinates":[[140.405238,36.544255],[140.405547,36.544094]]}},{"type":"Feature","properties":{"id":198939262,"highway":"residential"},"geometry":{"type":"LineString","coordinates":[[140.425781,36.575837],[140.425514,36.575915],[140.425093,36.575988]]}},{"type":"Feature","properties":{"id":198939274,"highway":"unclassified"},"geometry":{"type":"LineString","coordinates":[[140.437069,36.519861],[140.437301,36.519209],[140.437505,36.518617],[140.437708,36.517969]]}},{"type":"Feature","properties":{"id":198939276,"highway":"residential"},"geometry":{"type":"LineString","coordinates":[[140.410149,36.547803],[140.410274,36.547809],[140.410418,36.547813],[140.410697,36.54788],[140.411109,36.547991],[140.411526,36.54798],[140.411847,36.548037]]}},{"type":"Feature","properties":{"id":198939279,"highway":"unclassified"},"geometry":{"type":"LineString","coordinates":[[140.413716,36.595953],[140.413864,36.59605],[140.413931,36.596099]]}},{"type":"Feature","properties":{"id":198939284,"highway":"residential"},"geometry":{"type":"LineString","coordinates":[[140.419498,36.579183],[140.420693,36.579223],[140.421324,36.579226],[140.421954,36.579319],[140.422956,36.579413]]}},{"type":"Feature","properties":{"id":198939302,"highway":"unclassified"},"geometry":{"type":"LineString","coordinates":[[140.415596,36.521631],[140.416012,36.521635],[140.416387,36.521657]]}},{"type":"Feature","properties":{"id":198939332,"highway":"unclassified"},"geometry":{"type":"LineString","coordinates":[[140.443142,36.516332],[140.445291,36.517968]]}},{"type":"Feature","properties":{"id":198939334,"highway":"unclassified"},"geometry":{"type":"LineString","coordinates":[[140.433806,36.538703],[140.433832,36.538553],[140.433829,36.538353]]}},{"type":"Feature","properties":{"id":198939339,"highway":"unclassified"},"geometry":{"type":"LineString","coordinates":[[140.430778,36.517307],[140.431142,36.517088],[140.432761,36.516248]]}},{"type":"Feature","properties":{"id":198939361,"highway":"tertiary"},"geometry":{"type":"LineString","coordinates":[[140.412987,36.519849],[140.412992,36.519816],[140.413013,36.519759]]}},{"type":"Feature","properties":{"id":198939364,"highway":"residential"},"geometry":{"type":"LineString","coordinates":[[140.42699,36.560334],[140.427169,36.56053],[140.427423,36.560755]]}},{"type":"Feature","properties":{"id":198939366,"highway":"residential"},"geometry":{"type":"LineString","coordinates":[[140.426418,36.57699],[140.426337,36.576771],[140.426327,36.57666]]}},{"type":"Feature","properties":{"id":198939367,"highway":"unclassified"},"geometry":{"type":"LineString","coordinates":[[140.425168,36.536349],[140.425883,36.536099],[140.425973,36.536068],[140.426829,36.535769]]}},{"type":"Feature","properties":{"id":198939368,"highway":"residential"},"geometry":{"type":"LineString","coordinates":[[140.425908,36.566411],[140.426388,36.565907]]}},{"type":"Feature","properties":{"id":198939370,"highway":"unclassified"},"geometry":{"type":"LineString","coordinates":[[140.416753,36.548901],[140.417275,36.548779],[140.418314,36.548955]]}},{"type":"Feature","properties":{"id":198939375,"highway":"unclassified"},"geometry":{"type":"LineString","coordinates":[[140.415357,36.582806],[140.415553,36.582812],[140.415803,36.58282],[140.415839,36.582842],[140.415854,36.582947],[140.415889,36.582913],[140.415921,36.582909],[140.415954,36.582923],[140.416054,36.583047],[140.416168,36.583259],[140.416225,36.583357],[140.416275,36.583381],[140.416347,36.583351],[140.416439,36.583159],[140.416526,36.582813],[140.416529,36.582599],[140.416449,36.582474],[140.416378,36.582302],[140.416505,36.582268],[140.416699,36.582251]]}},{"type":"Feature","properties":{"id":198939378,"highway":"residential"},"geometry":{"type":"LineString","coordinates":[[140.415905,36.546477],[140.415766,36.546598],[140.415691,36.546872],[140.415707,36.546901],[140.416304,36.547078]]}},{"type":"Feature","properties":{"id":198939380,"highway":"unclassified"},"geometry":{"type":"LineString","coordinates":[[140.406183,36.555503],[140.406303,36.555159],[140.406418,36.554865]]}},{"type":"Feature","properties":{"id":198939381,"highway":"unclassified"},"geometry":{"type":"LineString","coordinates":[[140.436381,36.530759],[140.436454,36.53032],[140.436539,36.530116],[140.436722,36.529626]]}},{"type":"Feature","properties":{"id":198939394,"highway":"unclassified"},"geometry":{"type":"LineString","coordinates":[[140.405326,36.57001],[140.405179,36.569148]]}},{"type":"Feature","properties":{"id":198939402,"highway":"residential"},"geometry":{"type":"LineString","coordinates":[[140.424477,36.579447],[140.425404,36.579621],[140.425322,36.579236]]}},{"type":"Feature","properties":{"id":198939404,"highway":"residential"},"geometry":{"type":"LineString","coordinates":[[140.420012,36.542865],[140.420075,36.542684],[140.420211,36.542286]]}},{"type":"Feature","properties":{"id":198939406,"highway":"residential"},"geometry":{"type":"LineString","coordinates":[[140.410945,36.540764],[140.411016,36.540767],[140.411189,36.540719],[140.411807,36.540525],[140.412,36.540457]]}},{"type":"Feature","properties":{"id":198939407,"highway":"unclassified"},"geometry":{"type":"LineString","coordinates":[[140.420748,36.541291],[140.420378,36.541183],[140.419474,36.540842]]}},{"type":"Feature","properties":{"id":198939408,"highway":"unclassified"},"geometry":{"type":"LineString","coordinates":[[140.430986,36.522847],[140.43112,36.522707],[140.431367,36.522438]]}},{"type":"Feature","properties":{"id":198939411,"highway":"service"},"geometry":{"type":"LineString","coordinates":[[140.445159,36.522599],[140.445722,36.52216],[140.445929,36.521998],[140.446096,36.521904],[140.446267,36.521767]]}},{"type":"Feature","properties":{"id":198939413,"highway":"unclassified"},"geometry":{"type":"LineString","coordinates":[[140.417113,36.52311],[140.417012,36.523205],[140.416687,36.5232],[140.416272,36.52319]]}},{"type":"Feature","properties":{"id":198939414,"highway":"unclassified"},"geometry":{"type":"LineString","coordinates":[[140.413622,36.5953],[140.414398,36.595184],[140.415058,36.595083],[140.41552,36.595049]]}},{"type":"Feature","properties":{"id":198939422,"highway":"service"},"geometry":{"type":"LineString","coordinates":[[140.411746,36.542579],[140.410668,36.543394],[140.411475,36.544419]]}},{"type":"Feature","properties":{"id":198939426,"highway":"residential"},"geometry":{"type":"LineString","coordinates":[[140.398744,36.523896],[140.399359,36.523433],[140.401217,36.522933]]}},{"type":"Feature","properties":{"id":198939429,"highway":"residential"},"geometry":{"type":"LineString","coordinates":[[140.423849,36.567217],[140.424069,36.567274],[140.424684,36.567495]]}},{"type":"Feature","properties":{"id":198939441,"highway":"residential"},"geometry":{"type":"LineString","coordinates":[[140.423159,36.567012],[140.423464,36.567134],[140.423849,36.567217]]}},{"type":"Feature","properties":{"id":198939447,"highway":"tertiary"},"geometry":{"type":"LineString","coordinates":[[140.440541,36.52498],[140.442397,36.52339],[140.444162,36.521934]]}},{"type":"Feature","properties":{"id":198939451,"highway":"residential"},"geometry":{"type":"LineString","coordinates":[[140.425108,36.56225],[140.426003,36.562106],[140.427035,36.562784]]}},{"type":"Feature","properties":{"id":198939453,"highway":"residential"},"geometry":{"type":"LineString","coordinates":[[140.434085,36.550836],[140.434006,36.551123],[140.433895,36.551512]]}},{"type":"Feature","properties":{"id":198939454,"highway":"unclassified"},"geometry":{"type":"LineString","coordinates":[[140.403561,36.575203],[140.403999,36.575112],[140.404236,36.575101],[140.40451,36.575078],[140.404728,36.575109],[140.404898,36.575155],[140.405129,36.575212],[140.405344,36.57525],[140.405548,36.575266],[140.405867,36.575205]]}},{"type":"Feature","properties":{"id":198939457,"highway":"unclassified"},"geometry":{"type":"LineString","coordinates":[[140.41621,36.597635],[140.416269,36.597671],[140.416324,36.597741],[140.416388,36.59799],[140.416545,36.598642],[140.416602,36.598665],[140.4167,36.598707],[140.416821,36.598992]]}},{"type":"Feature","properties":{"id":198939458,"highway":"residential"},"geometry":{"type":"LineString","coordinates":[[140.433979,36.537788],[140.434798,36.53762],[140.434931,36.537593],[140.43512,36.537493]]}},{"type":"Feature","properties":{"id":198939460,"highway":"unclassified"},"geometry":{"type":"LineString","coordinates":[[140.405129,36.575212],[140.404987,36.575894],[140.404868,36.575968]]}},{"type":"Feature","properties":{"id":198939473,"highway":"unclassified"},"geometry":{"type":"LineString","coordinates":[[140.436359,36.527958],[140.436704,36.527997],[140.436893,36.528031]]}},{"type":"Feature","properties":{"id":198939476,"highway":"unclassified"},"geometry":{"type":"LineString","coordinates":[[140.42531,36.540737],[140.425365,36.540407],[140.425386,36.540266]]}},{"type":"Feature","properties":{"id":198939485,"highway":"tertiary"},"geometry":{"type":"LineString","coordinates":[[140.451139,36.519346],[140.451504,36.519246],[140.451967,36.519106]]}},{"type":"Feature","properties":{"id":198939488,"highway":"residential"},"geometry":{"type":"LineString","coordinates":[[140.42653,36.57555],[140.426146,36.575702],[140.425931,36.57579]]}},{"type":"Feature","properties":{"id":198939489,"highway":"unclassified"},"geometry":{"type":"LineString","coordinates":[[140.405347,36.571356],[140.40539,36.570926],[140.405412,36.570443],[140.405326,36.57001]]}},{"type":"Feature","properties":{"id":198939492,"highway":"unclassified"},"geometry":{"type":"LineString","coordinates":[[140.446221,36.518697],[140.446797,36.519145],[140.44696,36.519218],[140.447325,36.519277]]}},{"type":"Feature","properties":{"id":198939493,"highway":"unclassified"},"geometry":{"type":"LineString","coordinates":[[140.420157,36.527541],[140.420093,36.527273],[140.419824,36.52653]]}},{"type":"Feature","properties":{"id":198939498,"highway":"residential"},"geometry":{"type":"LineString","coordinates":[[140.408109,36.555083],[140.408846,36.55543],[140.409555,36.555677]]}},{"type":"Feature","properties":{"id":198939505,"highway":"unclassified"},"geometry":{"type":"LineString","coordinates":[[140.417956,36.521723],[140.418344,36.521747],[140.418328,36.521894]]}},{"type":"Feature","properties":{"id":198939507,"highway":"residential"},"geometry":{"type":"LineString","coordinates":[[140.438854,36.519325],[140.439008,36.519208],[140.439736,36.518513]]}},{"type":"Feature","properties":{"id":198939509,"highway":"residential"},"geometry":{"type":"LineString","coordinates":[[140.425093,36.575988],[140.425239,36.576118],[140.425437,36.576281]]}},{"type":"Feature","properties":{"id":198939510,"highway":"residential"},"geometry":{"type":"LineString","coordinates":[[140.410665,36.538299],[140.410548,36.538487],[140.41049,36.538581],[140.410377,36.538753],[140.410336,36.538824],[140.410246,36.538977],[140.409897,36.539652]]}},{"type":"Feature","properties":{"id":198939514,"highway":"unclassified"},"geometry":{"type":"LineString","coordinates":[[140.426679,36.55994],[140.426991,36.559932],[140.429574,36.560286]]}},{"type":"Feature","properties":{"id":198939521,"highway":"residential"},"geometry":{"type":"LineString","coordinates":[[140.423147,36.532205],[140.423229,36.532243],[140.423762,36.532474],[140.424283,36.532693],[140.42497,36.533021]]}},{"type":"Feature","properties":{"id":198939523,"highway":"unclassified"},"geometry":{"type":"LineString","coordinates":[[140.427171,36.519433],[140.427543,36.519],[140.428095,36.518728]]}},{"type":"Feature","properties":{"id":198939524,"highway":"residential"},"geometry":{"type":"LineString","coordinates":[[140.410803,36.550338],[140.410997,36.550527],[140.411376,36.550895],[140.411787,36.551133]]}},{"type":"Feature","properties":{"id":198939528,"highway":"residential"},"geometry":{"type":"LineString","coordinates":[[140.411337,36.536647],[140.411237,36.536939],[140.411197,36.537051],[140.411097,36.537317],[140.410953,36.537715]]}},{"type":"Feature","properties":{"id":198939530,"highway":"residential"},"geometry":{"type":"LineString","coordinates":[[140.4193,36.540545],[140.419256,36.540496],[140.419225,36.540439],[140.419173,36.54025],[140.419136,36.540003],[140.419088,36.539798],[140.418985,36.53951],[140.418959,36.539428],[140.418963,36.539327],[140.418981,36.539182],[140.419036,36.53904],[140.419076,36.538926],[140.419131,36.538784],[140.419366,36.538314],[140.4196,36.537872],[140.419639,36.537739],[140.419674,36.537567],[140.419701,36.537321],[140.419792,36.536972],[140.419887,36.536713],[140.419959,36.536584],[140.420065,36.536425],[140.420176,36.536256],[140.420285,36.536087],[140.42046,36.535645],[140.420603,36.535269],[140.4208,36.53473],[140.420914,36.534431]]}},{"type":"Feature","properties":{"id":198939531,"highway":"unclassified"},"geometry":{"type":"LineString","coordinates":[[140.420088,36.550675],[140.420432,36.550847],[140.420748,36.551001]]}},{"type":"Feature","properties":{"id":198939534,"highway":"residential"},"geometry":{"type":"LineString","coordinates":[[140.416304,36.547078],[140.416061,36.548019],[140.41604,36.548101]]}},{"type":"Feature","properties":{"id":198939535,"highway":"tertiary"},"geometry":{"type":"LineString","coordinates":[[140.439918,36.527906],[140.440246,36.527755],[140.440453,36.52766],[140.441018,36.527401],[140.441523,36.527188]]}},{"type":"Feature","properties":{"id":198939539,"highway":"tertiary"},"geometry":{"type":"LineString","coordinates":[[140.443215,36.52121],[140.444162,36.521934]]}},{"type":"Feature","properties":{"id":198939540,"highway":"residential"},"geometry":{"type":"LineString","coordinates":[[140.406485,36.556205],[140.40595,36.555952],[140.405917,36.555915]]}},{"type":"Feature","properties":{"id":198939541,"highway":"unclassified"},"geometry":{"type":"LineString","coordinates":[[140.441743,36.515216],[140.441823,36.515312],[140.442087,36.515509]]}},{"type":"Feature","properties":{"id":198939544,"highway":"residential"},"geometry":{"type":"LineString","coordinates":[[140.428342,36.563883],[140.428397,36.563824],[140.428736,36.562821]]}},{"type":"Feature","properties":{"id":198939545,"highway":"service"},"geometry":{"type":"LineString","coordinates":[[140.431771,36.531872],[140.432283,36.532283],[140.433098,36.532606]]}},{"type":"Feature","properties":{"id":198939547,"highway":"residential"},"geometry":{"type":"LineString","coordinates":[[140.421035,36.534205],[140.421391,36.533229],[140.421556,36.532664],[140.421875,36.531645]]}},{"type":"Feature","properties":{"id":198939549,"highway":"residential"},"geometry":{"type":"LineString","coordinates":[[140.401396,36.54582],[140.401533,36.545831],[140.401647,36.545871],[140.401821,36.545934],[140.402106,36.546058],[140.402239,36.546095],[140.402388,36.546071],[140.402531,36.546006],[140.40273,36.545872],[140.403045,36.545587],[140.403147,36.545465],[140.403295,36.545227],[140.40342,36.545036],[140.403474,36.544971],[140.403547,36.544924],[140.403671,36.54488],[140.404131,36.544652],[140.404603,36.54448],[140.404948,36.544355],[140.405238,36.544255]]}},{"type":"Feature","properties":{"id":198939551,"highway":"tertiary"},"geometry":{"type":"LineString","coordinates":[[140.438001,36.527156],[140.438026,36.527271],[140.438481,36.527557],[140.439038,36.527707],[140.439406,36.527817],[140.439595,36.527823],[140.439713,36.527792]]}},{"type":"Feature","properties":{"id":198939552,"highway":"unclassified"},"geometry":{"type":"LineString","coordinates":[[140.414638,36.536582],[140.414825,36.53653],[140.415131,36.536503],[140.415278,36.536493],[140.41548,36.536447]]}},{"type":"Feature","properties":{"id":198939553,"highway":"unclassified"},"geometry":{"type":"LineString","coordinates":[[140.427165,36.528398],[140.427246,36.528435],[140.427952,36.52875]]}},{"type":"Feature","properties":{"id":198939557,"highway":"unclassified"},"geometry":{"type":"LineString","coordinates":[[140.402355,36.556319],[140.402384,36.556008],[140.402445,36.555634]]}},{"type":"Feature","properties":{"id":198939563,"highway":"service"},"geometry":{"type":"LineString","coordinates":[[140.431288,36.555507],[140.431552,36.555566],[140.431708,36.555557],[140.431915,36.555458],[140.431884,36.555409],[140.43179,36.555215]]}},{"type":"Feature","properties":{"id":198939567,"highway":"residential"},"geometry":{"type":"LineString","coordinates":[[140.418192,36.542831],[140.417902,36.54343],[140.417538,36.544319],[140.417392,36.544508],[140.4173,36.544591],[140.417198,36.544773]]}},{"type":"Feature","properties":{"id":198939570,"highway":"unclassified"},"geometry":{"type":"LineString","coordinates":[[140.404373,36.565877],[140.403459,36.565588],[140.403389,36.565564]]}},{"type":"Feature","properties":{"id":198939572,"highway":"residential"},"geometry":{"type":"LineString","coordinates":[[140.42026,36.569165],[140.420876,36.569134],[140.42183,36.56901]]}},{"type":"Feature","properties":{"id":198939574,"highway":"unclassified"},"geometry":{"type":"LineString","coordinates":[[140.42004,36.518512],[140.420064,36.518264],[140.420081,36.51809],[140.420083,36.518064],[140.420111,36.517848],[140.420121,36.517798],[140.420146,36.517671],[140.419997,36.517413],[140.41991,36.517264],[140.419483,36.5165]]}},{"type":"Feature","properties":{"id":198939582,"highway":"residential"},"geometry":{"type":"LineString","coordinates":[[140.441381,36.51456],[140.441401,36.514587]]}},{"type":"Feature","properties":{"id":198939586,"highway":"residential"},"geometry":{"type":"LineString","coordinates":[[140.422863,36.576094],[140.422249,36.576118],[140.42169,36.576124]]}},{"type":"Feature","properties":{"id":198939587,"highway":"tertiary"},"geometry":{"type":"LineString","coordinates":[[140.439736,36.518513],[140.44016,36.518851]]}},{"type":"Feature","properties":{"id":198939592,"highway":"tertiary"},"geometry":{"type":"LineString","coordinates":[[140.438793,36.526484],[140.439665,36.525728]]}},{"type":"Feature","properties":{"id":198939595,"highway":"residential"},"geometry":{"type":"LineString","coordinates":[[140.422618,36.529146],[140.423097,36.529302],[140.424159,36.529741],[140.424695,36.529974],[140.425208,36.53024]]}},{"type":"Feature","properties":{"id":198939596,"highway":"residential"},"geometry":{"type":"LineString","coordinates":[[140.433895,36.551512],[140.433694,36.552279],[140.433314,36.552815]]}},{"type":"Feature","properties":{"id":198939597,"highway":"unclassified"},"geometry":{"type":"LineString","coordinates":[[140.40204,36.553965],[140.401947,36.553723],[140.401904,36.553586]]}},{"type":"Feature","properties":{"id":198939598,"highway":"residential"},"geometry":{"type":"LineString","coordinates":[[140.435651,36.537008],[140.435796,36.53686],[140.436174,36.536196]]}},{"type":"Feature","properties":{"id":198939604,"highway":"tertiary"},"geometry":{"type":"LineString","coordinates":[[140.441523,36.527188],[140.442076,36.526929],[140.442742,36.526658]]}},{"type":"Feature","properties":{"id":198939605,"highway":"unclassified"},"geometry":{"type":"LineString","coordinates":[[140.406815,36.551471],[140.407016,36.551083],[140.407121,36.55088]]}},{"type":"Feature","properties":{"id":198939607,"highway":"unclassified"},"geometry":{"type":"LineString","coordinates":[[140.428986,36.52231],[140.429492,36.522601],[140.429583,36.522658],[140.430252,36.523055],[140.430599,36.523261]]}},{"type":"Feature","properties":{"id":198939618,"highway":"unclassified"},"geometry":{"type":"LineString","coordinates":[[140.404341,36.559946],[140.404517,36.560148],[140.40482,36.560457],[140.404949,36.560605],[140.405177,36.560843],[140.40535,36.561024]]}},{"type":"Feature","properties":{"id":198939622,"highway":"unclassified"},"geometry":{"type":"LineString","coordinates":[[140.404089,36.536709],[140.404242,36.536695],[140.405016,36.536693],[140.405309,36.536678],[140.405716,36.536653],[140.406004,36.536667]]}},{"type":"Feature","properties":{"id":198939623,"highway":"unclassified"},"geometry":{"type":"LineString","coordinates":[[140.410748,36.552647],[140.410978,36.55231],[140.411297,36.551882]]}},{"type":"Feature","properties":{"id":198939629,"highway":"tertiary"},"geometry":{"type":"LineString","coordinates":[[140.435249,36.518665],[140.436491,36.518313],[140.43694,36.518192],[140.437174,36.518129]]}},{"type":"Feature","properties":{"id":198939633,"highway":"unclassified"},"geometry":{"type":"LineString","coordinates":[[140.404697,36.556337],[140.405403,36.556042],[140.405917,36.555915]]}},{"type":"Feature","properties":{"id":198939635,"highway":"residential"},"geometry":{"type":"LineString","coordinates":[[140.425439,36.579216],[140.425583,36.579224],[140.425722,36.579219],[140.426048,36.579223]]}},{"type":"Feature","properties":{"id":198939638,"highway":"unclassified"},"geometry":{"type":"LineString","coordinates":[[140.430861,36.523417],[140.431257,36.523652],[140.431513,36.523801]]}},{"type":"Feature","properties":{"id":198939644,"highway":"residential"},"geometry":{"type":"LineString","coordinates":[[140.416753,36.548901],[140.416769,36.54864],[140.416965,36.548305],[140.417057,36.548128]]}},{"type":"Feature","properties":{"id":198939649,"highway":"residential"},"geometry":{"type":"LineString","coordinates":[[140.451438,36.514322],[140.451548,36.514135],[140.451945,36.513765]]}},{"type":"Feature","properties":{"id":198939652,"highway":"residential"},"geometry":{"type":"LineString","coordinates":[[140.409342,36.541791],[140.409839,36.541575],[140.410064,36.541455],[140.410188,36.541531],[140.410271,36.541585]]}},{"type":"Feature","properties":{"id":198939654,"highway":"unclassified"},"geometry":{"type":"LineString","coordinates":[[140.43644,36.5329],[140.436688,36.532775],[140.437008,36.532629]]}},{"type":"Feature","properties":{"id":198939660,"highway":"unclassified"},"geometry":{"type":"LineString","coordinates":[[140.404777,36.584715],[140.404835,36.584539],[140.404993,36.584032],[140.40509,36.583668]]}},{"type":"Feature","properties":{"id":198939661,"highway":"residential"},"geometry":{"type":"LineString","coordinates":[[140.420159,36.582349],[140.420216,36.582861],[140.420319,36.583209],[140.420418,36.583352]]}},{"type":"Feature","properties":{"id":198939667,"highway":"unclassified"},"geometry":{"type":"LineString","coordinates":[[140.425303,36.56006],[140.426066,36.559955],[140.426679,36.55994]]}},{"type":"Feature","properties":{"id":198939676,"highway":"unclassified"},"geometry":{"type":"LineString","coordinates":[[140.413824,36.547081],[140.413768,36.546838],[140.413733,36.546723]]}},{"type":"Feature","properties":{"id":198939678,"highway":"unclassified"},"geometry":{"type":"LineString","coordinates":[[140.432331,36.520731],[140.432131,36.519463],[140.432108,36.519302]]}},{"type":"Feature","properties":{"id":198939685,"highway":"service"},"geometry":{"type":"LineString","coordinates":[[140.451945,36.513765],[140.452112,36.513959],[140.452265,36.514011],[140.453507,36.513324]]}},{"type":"Feature","properties":{"id":198939688,"highway":"unclassified"},"geometry":{"type":"LineString","coordinates":[[140.405179,36.569148],[140.40517,36.569109],[140.404935,36.568025],[140.404773,36.567609]]}},{"type":"Feature","properties":{"id":198939691,"highway":"residential"},"geometry":{"type":"LineString","coordinates":[[140.428774,36.562711],[140.42891,36.562311],[140.42923,36.561317]]}},{"type":"Feature","properties":{"id":198939703,"highway":"residential"},"geometry":{"type":"LineString","coordinates":[[140.416261,36.544607],[140.416614,36.544667],[140.417198,36.544773]]}},{"type":"Feature","properties":{"id":198939705,"highway":"residential"},"geometry":{"type":"LineString","coordinates":[[140.422138,36.530778],[140.422302,36.530269],[140.422465,36.529748],[140.422618,36.529146]]}},{"type":"Feature","properties":{"id":198939814,"highway":"unclassified"},"geometry":{"type":"LineString","coordinates":[[140.395908,36.536568],[140.396405,36.536838],[140.396694,36.536932],[140.396881,36.536968],[140.397156,36.537045],[140.397523,36.537181],[140.397592,36.537229],[140.397691,36.537308],[140.397797,36.537472],[140.397998,36.537672],[140.398171,36.537711],[140.398317,36.537709],[140.398698,36.537722],[140.399259,36.537796],[140.3995,36.537762],[140.399753,36.537725],[140.399888,36.537713],[140.400113,36.537742],[140.400444,36.53778],[140.400673,36.537779],[140.401346,36.537674],[140.401648,36.537629],[140.401936,36.537614],[140.402444,36.537709],[140.402859,36.537695],[140.402912,36.537697],[140.402987,36.537695],[140.403028,36.537686]]}},{"type":"Feature","properties":{"id":198939912,"highway":"residential"},"geometry":{"type":"LineString","coordinates":[[140.420951,36.591539],[140.421056,36.59151]]}},{"type":"Feature","properties":{"id":198939930,"highway":"unclassified"},"geometry":{"type":"LineString","coordinates":[[140.402563,36.566615],[140.40279,36.56623],[140.403106,36.56555]]}},{"type":"Feature","properties":{"id":198939931,"highway":"unclassified"},"geometry":{"type":"LineString","coordinates":[[140.399193,36.557669],[140.399904,36.557875],[140.400554,36.558045],[140.400783,36.558111]]}},{"type":"Feature","properties":{"id":198939938,"highway":"residential"},"geometry":{"type":"LineString","coordinates":[[140.420695,36.528492],[140.42081,36.528652],[140.420839,36.528789],[140.420724,36.529363]]}},{"type":"Feature","properties":{"id":198939952,"highway":"residential"},"geometry":{"type":"LineString","coordinates":[[140.438288,36.532425],[140.438395,36.532298],[140.43903,36.531685],[140.439127,36.531585]]}},{"type":"Feature","properties":{"id":198939959,"highway":"unclassified"},"geometry":{"type":"LineString","coordinates":[[140.41621,36.597635],[140.416052,36.597631]]}},{"type":"Feature","properties":{"id":198939965,"highway":"residential"},"geometry":{"type":"LineString","coordinates":[[140.406101,36.55574],[140.406348,36.555744],[140.406838,36.555602],[140.406912,36.555607],[140.407001,36.555622]]}},{"type":"Feature","properties":{"id":198939968,"highway":"unclassified"},"geometry":{"type":"LineString","coordinates":[[140.402065,36.573564],[140.402158,36.573551],[140.402271,36.573623],[140.402457,36.573674]]}},{"type":"Feature","properties":{"id":198939973,"highway":"unclassified"},"geometry":{"type":"LineString","coordinates":[[140.404373,36.565877],[140.404729,36.565409],[140.404954,36.564929],[140.405154,36.564509],[140.405258,36.564459]]}},{"type":"Feature","properties":{"id":198939981,"highway":"unclassified"},"geometry":{"type":"LineString","coordinates":[[140.42444,36.565937],[140.425455,36.56619],[140.425908,36.566411]]}},{"type":"Feature","properties":{"id":198939989,"highway":"residential"},"geometry":{"type":"LineString","coordinates":[[140.422966,36.578852],[140.423492,36.578846],[140.423879,36.578917],[140.425322,36.579236]]}},{"type":"Feature","properties":{"id":198939990,"highway":"unclassified"},"geometry":{"type":"LineString","coordinates":[[140.422333,36.541693],[140.421415,36.541471],[140.421077,36.541387],[140.420748,36.541291]]}},{"type":"Feature","properties":{"id":198939992,"highway":"unclassified"},"geometry":{"type":"LineString","coordinates":[[140.404179,36.551224],[140.404069,36.551454],[140.40388,36.552098],[140.403804,36.552288],[140.403744,36.55244],[140.40366,36.552642],[140.403666,36.552757],[140.403676,36.552913]]}},{"type":"Feature","properties":{"id":198939995,"highway":"unclassified"},"geometry":{"type":"LineString","coordinates":[[140.424276,36.518969],[140.424321,36.51911],[140.424419,36.519439],[140.42439,36.519542]]}},{"type":"Feature","properties":{"id":198940000,"highway":"residential"},"geometry":{"type":"LineString","coordinates":[[140.412573,36.550883],[140.413004,36.550891],[140.413183,36.550904],[140.413474,36.550947],[140.413712,36.550999]]}},{"type":"Feature","properties":{"id":198940002,"highway":"unclassified"},"geometry":{"type":"LineString","coordinates":[[140.412375,36.548189],[140.412519,36.548202],[140.412722,36.548211],[140.413004,36.548211],[140.41351,36.548219]]}},{"type":"Feature","properties":{"id":198940022,"highway":"service"},"geometry":{"type":"LineString","coordinates":[[140.405638,36.565715],[140.406369,36.565827],[140.406751,36.565982],[140.407267,36.566265],[140.407535,36.566336]]}},{"type":"Feature","properties":{"id":198940028,"highway":"unclassified"},"geometry":{"type":"LineString","coordinates":[[140.410841,36.53474],[140.410983,36.533762],[140.411069,36.533121],[140.411121,36.53293]]}},{"type":"Feature","properties":{"id":198940033,"highway":"tertiary"},"geometry":{"type":"LineString","coordinates":[[140.399773,36.556305],[140.400535,36.55644],[140.400796,36.556474],[140.400892,36.556477],[140.401146,36.556467],[140.401418,36.55644],[140.402355,36.556319],[140.402954,36.556249],[140.403272,36.556232],[140.403609,36.556229],[140.403801,36.556226],[140.404206,36.556272],[140.404697,36.556337],[140.404958,36.556398],[140.405205,36.556473],[140.405286,36.556498],[140.406091,36.55679],[140.406126,36.556798],[140.406514,36.556912],[140.406599,36.556936]]}},{"type":"Feature","properties":{"id":198940034,"highway":"unclassified"},"geometry":{"type":"LineString","coordinates":[[140.410484,36.55473],[140.410513,36.554802],[140.410561,36.554881],[140.410593,36.554976],[140.410674,36.555369],[140.410736,36.555443]]}},{"type":"Feature","properties":{"id":198940035,"highway":"residential"},"geometry":{"type":"LineString","coordinates":[[140.415554,36.55951],[140.415644,36.55932],[140.415754,36.559032],[140.416003,36.558449]]}},{"type":"Feature","properties":{"id":198940040,"highway":"residential"},"geometry":{"type":"LineString","coordinates":[[140.409065,36.552264],[140.408442,36.552003],[140.408105,36.551791]]}},{"type":"Feature","properties":{"id":198940048,"highway":"tertiary"},"geometry":{"type":"LineString","coordinates":[[140.442225,36.550514],[140.44273,36.550241],[140.443365,36.549872],[140.443802,36.549585]]}},{"type":"Feature","properties":{"id":198940051,"highway":"unclassified"},"geometry":{"type":"LineString","coordinates":[[140.431948,36.518904],[140.431854,36.518643],[140.43172,36.518449],[140.430778,36.517307]]}},{"type":"Feature","properties":{"id":198940053,"highway":"residential"},"geometry":{"type":"LineString","coordinates":[[140.40299,36.569401],[140.403362,36.56931],[140.403628,36.569294],[140.404433,36.569085],[140.404725,36.569079]]}},{"type":"Feature","properties":{"id":198940058,"highway":"unclassified"},"geometry":{"type":"LineString","coordinates":[[140.402253,36.542909],[140.401844,36.543886],[140.401127,36.545602],[140.401396,36.54582]]}},{"type":"Feature","properties":{"id":198940062,"highway":"unclassified"},"geometry":{"type":"LineString","coordinates":[[140.402672,36.557541],[140.402633,36.557423],[140.402588,36.557334],[140.402538,36.557195]]}},{"type":"Feature","properties":{"id":198940064,"highway":"unclassified"},"geometry":{"type":"LineString","coordinates":[[140.428442,36.550793],[140.428602,36.550576],[140.428833,36.550342],[140.429049,36.550119],[140.429492,36.549759]]}},{"type":"Feature","properties":{"id":198940067,"highway":"residential"},"geometry":{"type":"LineString","coordinates":[[140.43226,36.552326],[140.432101,36.552579],[140.432022,36.552676],[140.431951,36.552734],[140.431662,36.552856],[140.431335,36.553024],[140.431279,36.553084]]}},{"type":"Feature","properties":{"id":198940071,"highway":"tertiary"},"geometry":{"type":"LineString","coordinates":[[140.432466,36.531309],[140.43254,36.53123],[140.432725,36.531084],[140.433199,36.530658]]}},{"type":"Feature","properties":{"id":198940075,"highway":"unclassified"},"geometry":{"type":"LineString","coordinates":[[140.403917,36.546413],[140.404879,36.546641],[140.404905,36.546647],[140.405249,36.546745],[140.405652,36.546859],[140.405871,36.546884]]}},{"type":"Feature","properties":{"id":198940077,"highway":"residential"},"geometry":{"type":"LineString","coordinates":[[140.408585,36.542301],[140.40885,36.541884],[140.409342,36.541791]]}},{"type":"Feature","properties":{"id":198940081,"highway":"service"},"geometry":{"type":"LineString","coordinates":[[140.45217,36.520442],[140.452476,36.520393],[140.453216,36.520472]]}},{"type":"Feature","properties":{"id":198940091,"highway":"unclassified"},"geometry":{"type":"LineString","coordinates":[[140.426829,36.535769],[140.427103,36.535661],[140.427426,36.53552]]}},{"type":"Feature","properties":{"id":198940099,"highway":"residential"},"geometry":{"type":"LineString","coordinates":[[140.438545,36.529292],[140.438917,36.529383],[140.439713,36.529507],[140.439872,36.529588],[140.440042,36.529645]]}},{"type":"Feature","properties":{"id":198940100,"highway":"unclassified"},"geometry":{"type":"LineString","coordinates":[[140.436356,36.530977],[140.43682,36.531155],[140.436919,36.531202]]}},{"type":"Feature","properties":{"id":198940102,"highway":"unclassified"},"geometry":{"type":"LineString","coordinates":[[140.437523,36.531718],[140.437814,36.532078],[140.43791,36.532171],[140.43805,36.532312]]}},{"type":"Feature","properties":{"id":198940103,"highway":"residential"},"geometry":{"type":"LineString","coordinates":[[140.45078,36.515006],[140.45118,36.514694],[140.451286,36.514539],[140.451438,36.514322]]}},{"type":"Feature","properties":{"id":198940104,"highway":"residential"},"geometry":{"type":"LineString","coordinates":[[140.416938,36.551339],[140.416824,36.550881],[140.416734,36.550449],[140.416736,36.550107]]}},{"type":"Feature","properties":{"id":198940109,"highway":"unclassified"},"geometry":{"type":"LineString","coordinates":[[140.411297,36.551882],[140.411491,36.551587],[140.411735,36.551232]]}},{"type":"Feature","properties":{"id":198940111,"highway":"unclassified"},"geometry":{"type":"LineString","coordinates":[[140.411231,36.549221],[140.411334,36.548958]]}},{"type":"Feature","properties":{"id":198940113,"highway":"unclassified"},"geometry":{"type":"LineString","coordinates":[[140.403028,36.537686],[140.403064,36.537668],[140.403107,36.537629],[140.403352,36.537241],[140.403432,36.537098],[140.403584,36.536912],[140.403656,36.536853],[140.403753,36.536801],[140.403864,36.536769],[140.403968,36.536743],[140.404089,36.536709]]}},{"type":"Feature","properties":{"id":198940114,"highway":"unclassified"},"geometry":{"type":"LineString","coordinates":[[140.416018,36.518314],[140.415907,36.518501],[140.415722,36.518915],[140.415579,36.519217]]}},{"type":"Feature","properties":{"id":198940120,"highway":"unclassified"},"geometry":{"type":"LineString","coordinates":[[140.428377,36.551819],[140.428393,36.551587],[140.428382,36.550998],[140.428442,36.550793]]}},{"type":"Feature","properties":{"id":198940124,"highway":"tertiary"},"geometry":{"type":"LineString","coordinates":[[140.446219,36.524608],[140.446642,36.524223],[140.446787,36.524111],[140.447039,36.523915],[140.447174,36.523858],[140.447417,36.523801]]}},{"type":"Feature","properties":{"id":198940125,"highway":"residential"},"geometry":{"type":"LineString","coordinates":[[140.424735,36.564906],[140.424823,36.564679],[140.424823,36.564502],[140.424845,36.564234]]}},{"type":"Feature","properties":{"id":198940127,"highway":"tertiary"},"geometry":{"type":"LineString","coordinates":[[140.412786,36.520132],[140.412868,36.519998],[140.412906,36.519949],[140.412987,36.519849]]}},{"type":"Feature","properties":{"id":198940132,"highway":"unclassified"},"geometry":{"type":"LineString","coordinates":[[140.418296,36.522433],[140.418256,36.523116],[140.417856,36.523111],[140.417474,36.523102],[140.417178,36.523083],[140.417113,36.52311]]}},{"type":"Feature","properties":{"id":198940133,"highway":"unclassified"},"geometry":{"type":"LineString","coordinates":[[140.40455,36.585529],[140.404578,36.585388],[140.40468,36.585054],[140.404777,36.584715]]}},{"type":"Feature","properties":{"id":198940135,"highway":"unclassified"},"geometry":{"type":"LineString","coordinates":[[140.406491,36.536655],[140.40672,36.536665],[140.407033,36.5367],[140.407267,36.536753]]}},{"type":"Feature","properties":{"id":198940138,"highway":"residential"},"geometry":{"type":"LineString","coordinates":[[140.407267,36.536753],[140.407562,36.536857],[140.407913,36.536955],[140.408258,36.537012],[140.408429,36.537072],[140.408721,36.537185]]}},{"type":"Feature","properties":{"id":198940141,"highway":"residential"},"geometry":{"type":"LineString","coordinates":[[140.430227,36.561534],[140.43099,36.56168],[140.431214,36.561721],[140.431472,36.561683]]}},{"type":"Feature","properties":{"id":198940143,"highway":"service"},"geometry":{"type":"LineString","coordinates":[[140.451769,36.520481],[140.45197,36.519956],[140.45209,36.519837],[140.452161,36.519428],[140.452333,36.519234],[140.452423,36.518984]]}},{"type":"Feature","properties":{"id":198940155,"highway":"tertiary"},"geometry":{"type":"LineString","coordinates":[[140.44537,36.525324],[140.445535,36.525206],[140.44571,36.525082],[140.446023,36.524805],[140.446219,36.524608]]}},{"type":"Feature","properties":{"id":198940166,"highway":"residential"},"geometry":{"type":"LineString","coordinates":[[140.419545,36.5358],[140.419174,36.535989],[140.418966,36.536139],[140.418718,36.536293],[140.418396,36.536433],[140.418364,36.536447],[140.417978,36.536633],[140.417974,36.537054],[140.418003,36.537113],[140.418102,36.53714],[140.418149,36.537146],[140.418779,36.537239],[140.419258,36.537316],[140.419701,36.537321]]}},{"type":"Feature","properties":{"id":198940169,"highway":"unclassified"},"geometry":{"type":"LineString","coordinates":[[140.425908,36.566411],[140.426412,36.566717],[140.426704,36.56694],[140.426765,36.56699]]}},{"type":"Feature","properties":{"id":198940181,"highway":"unclassified"},"geometry":{"type":"LineString","coordinates":[[140.446732,36.52019],[140.447047,36.519647],[140.447025,36.519592],[140.446981,36.519537]]}},{"type":"Feature","properties":{"id":198940182,"highway":"unclassified"},"geometry":{"type":"LineString","coordinates":[[140.427171,36.519433],[140.427728,36.519906],[140.427919,36.520073],[140.428095,36.520319]]}},{"type":"Feature","properties":{"id":198940184,"highway":"residential"},"geometry":{"type":"LineString","coordinates":[[140.419701,36.537321],[140.420576,36.537441],[140.421149,36.537415],[140.421665,36.537367]]}},{"type":"Feature","properties":{"id":198940189,"highway":"unclassified"},"geometry":{"type":"LineString","coordinates":[[140.453216,36.520472],[140.453255,36.520413],[140.453273,36.520352],[140.453246,36.519962],[140.453236,36.519752],[140.453267,36.519503],[140.453316,36.519234],[140.453353,36.518616]]}},{"type":"Feature","properties":{"id":198940195,"highway":"residential"},"geometry":{"type":"LineString","coordinates":[[140.436691,36.532167],[140.436874,36.532125],[140.436971,36.53208],[140.437126,36.531795],[140.437256,36.531521]]}},{"type":"Feature","properties":{"id":198940196,"highway":"residential"},"geometry":{"type":"LineString","coordinates":[[140.45082,36.518042],[140.451107,36.518062],[140.451235,36.518059],[140.451365,36.518043],[140.452095,36.517743]]}},{"type":"Feature","properties":{"id":198940198,"highway":"tertiary"},"geometry":{"type":"LineString","coordinates":[[140.444162,36.521934],[140.444731,36.522355],[140.445159,36.522599]]}},{"type":"Feature","properties":{"id":198940212,"highway":"residential"},"geometry":{"type":"LineString","coordinates":[[140.414093,36.522502],[140.414085,36.52261],[140.414223,36.522763],[140.414412,36.523112]]}},{"type":"Feature","properties":{"id":198940215,"highway":"unclassified"},"geometry":{"type":"LineString","coordinates":[[140.405179,36.555389],[140.405456,36.555402],[140.405712,36.555438],[140.406183,36.555503]]}},{"type":"Feature","properties":{"id":198940218,"highway":"unclassified"},"geometry":{"type":"LineString","coordinates":[[140.402538,36.557195],[140.403382,36.55684],[140.404198,36.556477],[140.404282,36.556455],[140.404697,36.556337]]}},{"type":"Feature","properties":{"id":198940223,"highway":"residential"},"geometry":{"type":"LineString","coordinates":[[140.41835,36.577701],[140.418399,36.577504],[140.419913,36.577439],[140.419932,36.577626]]}},{"type":"Feature","properties":{"id":198940229,"highway":"unclassified"},"geometry":{"type":"LineString","coordinates":[[140.420748,36.551001],[140.421112,36.551193],[140.421326,36.551312],[140.421463,36.55139],[140.421605,36.551481],[140.421908,36.551693],[140.422112,36.551823],[140.422377,36.551975],[140.422643,36.55209],[140.422812,36.552143],[140.422915,36.55216],[140.423012,36.552211],[140.423051,36.552282],[140.423035,36.552673],[140.423015,36.552973],[140.422954,36.553101],[140.422805,36.553338],[140.42237,36.554148],[140.422284,36.554286],[140.42219,36.554335],[140.422102,36.554316],[140.421913,36.554257],[140.421023,36.553926]]}},{"type":"Feature","properties":{"id":198940231,"highway":"unclassified"},"geometry":{"type":"LineString","coordinates":[[140.438136,36.528323],[140.438449,36.528405],[140.438542,36.528429],[140.438792,36.52853],[140.439131,36.528635]]}},{"type":"Feature","properties":{"id":198940232,"highway":"unclassified"},"geometry":{"type":"LineString","coordinates":[[140.417692,36.594288],[140.417105,36.594505],[140.416486,36.594757]]}},{"type":"Feature","properties":{"id":198940234,"highway":"residential"},"geometry":{"type":"LineString","coordinates":[[140.429492,36.549759],[140.429487,36.549866],[140.429346,36.550778],[140.429464,36.551127]]}},{"type":"Feature","properties":{"id":198940251,"highway":"residential"},"geometry":{"type":"LineString","coordinates":[[140.400468,36.577368],[140.40097,36.577067],[140.401156,36.576833],[140.401206,36.576667]]}},{"type":"Feature","properties":{"id":198940258,"highway":"service"},"geometry":{"type":"LineString","coordinates":[[140.451029,36.520419],[140.451259,36.520437],[140.451599,36.520473],[140.451769,36.520481]]}},{"type":"Feature","properties":{"id":198940267,"highway":"residential"},"geometry":{"type":"LineString","coordinates":[[140.422618,36.529146],[140.422718,36.528798],[140.422787,36.528579],[140.423156,36.52754],[140.423182,36.527194]]}},{"type":"Feature","properties":{"id":198940279,"highway":"unclassified"},"geometry":{"type":"LineString","coordinates":[[140.410684,36.586208],[140.410982,36.586011],[140.41121,36.585861]]}},{"type":"Feature","properties":{"id":198940280,"highway":"unclassified"},"geometry":{"type":"LineString","coordinates":[[140.42778,36.566716],[140.428142,36.566665],[140.428282,36.566676],[140.428492,36.566717]]}},{"type":"Feature","properties":{"id":198940281,"highway":"unclassified"},"geometry":{"type":"LineString","coordinates":[[140.403917,36.546413],[140.40414,36.545948],[140.404303,36.545734],[140.404547,36.545517]]}},{"type":"Feature","properties":{"id":198940283,"highway":"residential"},"geometry":{"type":"LineString","coordinates":[[140.407502,36.526158],[140.407735,36.526233],[140.408191,36.526335],[140.408775,36.526324]]}},{"type":"Feature","properties":{"id":198940284,"highway":"residential"},"geometry":{"type":"LineString","coordinates":[[140.408242,36.547683],[140.408336,36.547691],[140.408571,36.547721],[140.408698,36.547736],[140.408757,36.547742],[140.409138,36.547732],[140.409285,36.547728],[140.409847,36.547767],[140.410149,36.547803]]}},{"type":"Feature","properties":{"id":198940290,"highway":"residential"},"geometry":{"type":"LineString","coordinates":[[140.410983,36.556794],[140.411426,36.555957],[140.411878,36.555185],[140.412059,36.555046]]}},{"type":"Feature","properties":{"id":198940291,"highway":"unclassified"},"geometry":{"type":"LineString","coordinates":[[140.403625,36.564603],[140.403569,36.565214],[140.403532,36.5653],[140.403389,36.565564]]}},{"type":"Feature","properties":{"id":198940292,"highway":"unclassified"},"geometry":{"type":"LineString","coordinates":[[140.432614,36.529805],[140.43278,36.530065],[140.432882,36.530341],[140.432962,36.530494],[140.433199,36.530658]]}},{"type":"Feature","properties":{"id":198940306,"highway":"unclassified"},"geometry":{"type":"LineString","coordinates":[[140.402654,36.600599],[140.402877,36.600492],[140.404294,36.599488],[140.4053,36.59884]]}},{"type":"Feature","properties":{"id":198940307,"highway":"unclassified"},"geometry":{"type":"LineString","coordinates":[[140.433483,36.548364],[140.433949,36.548329],[140.434442,36.548316],[140.434784,36.548328]]}},{"type":"Feature","properties":{"id":198940308,"highway":"unclassified"},"geometry":{"type":"LineString","coordinates":[[140.443479,36.524032],[140.444406,36.524602],[140.444531,36.524672],[140.444754,36.524813],[140.44537,36.525324]]}},{"type":"Feature","properties":{"id":198940309,"highway":"unclassified"},"geometry":{"type":"LineString","coordinates":[[140.413733,36.546723],[140.414444,36.546453],[140.414556,36.546404],[140.414699,36.546346]]}},{"type":"Feature","properties":{"id":198940311,"highway":"residential"},"geometry":{"type":"LineString","coordinates":[[140.408846,36.539297],[140.409057,36.539874],[140.409034,36.539987],[140.40889,36.540403]]}},{"type":"Feature","properties":{"id":198940314,"highway":"residential"},"geometry":{"type":"LineString","coordinates":[[140.428773,36.549039],[140.428763,36.549092],[140.428734,36.54916],[140.428728,36.549209],[140.428738,36.549248],[140.428765,36.549291],[140.428981,36.54941],[140.429492,36.549759]]}},{"type":"Feature","properties":{"id":198940315,"highway":"unclassified"},"geometry":{"type":"LineString","coordinates":[[140.417237,36.535503],[140.417152,36.535903],[140.417053,36.53633],[140.416991,36.536639],[140.41695,36.536733]]}},{"type":"Feature","properties":{"id":198940319,"highway":"residential"},"geometry":{"type":"LineString","coordinates":[[140.452095,36.517743],[140.452803,36.517451],[140.453069,36.517375],[140.453343,36.51736]]}},{"type":"Feature","properties":{"id":198940320,"highway":"residential"},"geometry":{"type":"LineString","coordinates":[[140.405871,36.546884],[140.406405,36.547095],[140.40661,36.547227],[140.406963,36.547372],[140.407357,36.547445],[140.407712,36.54752],[140.407952,36.547662],[140.408242,36.547683]]}},{"type":"Feature","properties":{"id":198940322,"highway":"unclassified"},"geometry":{"type":"LineString","coordinates":[[140.414345,36.541982],[140.414608,36.542005],[140.41476,36.542045],[140.415186,36.542329],[140.41539,36.542433],[140.415761,36.54184],[140.415833,36.541682]]}},{"type":"Feature","properties":{"id":198940325,"highway":"residential"},"geometry":{"type":"LineString","coordinates":[[140.420992,36.529968],[140.421151,36.53005],[140.421309,36.530204],[140.421732,36.53053],[140.422138,36.530778]]}},{"type":"Feature","properties":{"id":198940327,"highway":"unclassified"},"geometry":{"type":"LineString","coordinates":[[140.427865,36.528909],[140.428874,36.529391],[140.429748,36.529854],[140.430197,36.530084],[140.43061,36.530279]]}},{"type":"Feature","properties":{"id":198940329,"highway":"unclassified"},"geometry":{"type":"LineString","coordinates":[[140.415579,36.519217],[140.415392,36.519518],[140.415114,36.52002],[140.414763,36.520462]]}},{"type":"Feature","properties":{"id":198940332,"highway":"residential"},"geometry":{"type":"LineString","coordinates":[[140.420142,36.539432],[140.420475,36.539589],[140.42095,36.539748],[140.42113,36.539789],[140.421584,36.539891],[140.421936,36.539937],[140.422273,36.539951]]}},{"type":"Feature","properties":{"id":198940333,"highway":"residential"},"geometry":{"type":"LineString","coordinates":[[140.42169,36.576124],[140.420878,36.576131],[140.420474,36.575912],[140.420327,36.575781]]}},{"type":"Feature","properties":{"id":198940337,"highway":"service"},"geometry":{"type":"LineString","coordinates":[[140.44771,36.519361],[140.447947,36.518711],[140.448744,36.517472]]}},{"type":"Feature","properties":{"id":198940339,"highway":"unclassified"},"geometry":{"type":"LineString","coordinates":[[140.425386,36.540266],[140.425399,36.540148],[140.425442,36.540076],[140.425481,36.540036],[140.425652,36.539847],[140.426105,36.539365]]}},{"type":"Feature","properties":{"id":198940344,"highway":"residential"},"geometry":{"type":"LineString","coordinates":[[140.424845,36.564234],[140.424486,36.564127]]}},{"type":"Feature","properties":{"id":198940348,"highway":"unclassified"},"geometry":{"type":"LineString","coordinates":[[140.423293,36.536887],[140.423447,36.536837],[140.423888,36.536719],[140.423997,36.53669],[140.425168,36.536349]]}},{"type":"Feature","properties":{"id":198940352,"highway":"unclassified"},"geometry":{"type":"LineString","coordinates":[[140.419824,36.52653],[140.420529,36.52586],[140.421362,36.525161],[140.421456,36.525081]]}},{"type":"Feature","properties":{"id":198940358,"highway":"service"},"geometry":{"type":"LineString","coordinates":[[140.434759,36.5152],[140.435359,36.515892],[140.435613,36.516373]]}},{"type":"Feature","properties":{"id":198940362,"highway":"unclassified"},"geometry":{"type":"LineString","coordinates":[[140.424394,36.54057],[140.424658,36.540531],[140.42492,36.540582],[140.42531,36.540737]]}},{"type":"Feature","properties":{"id":198940377,"highway":"unclassified"},"geometry":{"type":"LineString","coordinates":[[140.396659,36.545715],[140.396769,36.545688],[140.39687,36.545633],[140.39715,36.545295],[140.397272,36.545158],[140.397572,36.545022],[140.397701,36.544921],[140.397864,36.544464],[140.398025,36.544268],[140.398224,36.544103],[140.398844,36.543736],[140.399337,36.543422],[140.399462,36.543256],[140.399529,36.543084],[140.399747,36.542656],[140.400305,36.54202],[140.4007,36.541717],[140.400815,36.541517],[140.400829,36.541328],[140.400741,36.541241],[140.400633,36.541157],[140.400609,36.541037],[140.400686,36.540961],[140.400989,36.540858],[140.40109,36.540765],[140.401236,36.540727],[140.401408,36.540696],[140.401588,36.540633],[140.402075,36.540446],[140.402642,36.540394],[140.402882,36.540275],[140.403018,36.540228],[140.403379,36.540243],[140.403594,36.540156],[140.403751,36.540056],[140.403848,36.539915],[140.403919,36.539608]]}},{"type":"Feature","properties":{"id":198940476,"highway":"unclassified"},"geometry":{"type":"LineString","coordinates":[[140.420781,36.522407],[140.421764,36.522736],[140.421866,36.522782],[140.421918,36.522828],[140.422116,36.523007]]}},{"type":"Feature","properties":{"id":198940477,"highway":"unclassified"},"geometry":{"type":"LineString","coordinates":[[140.404547,36.545517],[140.404623,36.545437],[140.404664,36.545366],[140.404688,36.545304],[140.40478,36.54503],[140.405026,36.54455],[140.405238,36.544255]]}},{"type":"Feature","properties":{"id":198940481,"highway":"unclassified"},"geometry":{"type":"LineString","coordinates":[[140.4053,36.59884],[140.405558,36.598809]]}},{"type":"Feature","properties":{"id":198940483,"highway":"residential"},"geometry":{"type":"LineString","coordinates":[[140.41789,36.58215],[140.417684,36.57905],[140.418104,36.579121],[140.418379,36.579151]]}},{"type":"Feature","properties":{"id":198940487,"highway":"residential"},"geometry":{"type":"LineString","coordinates":[[140.451438,36.514322],[140.451744,36.514479],[140.452302,36.51468],[140.45281,36.514883],[140.453685,36.515209]]}},{"type":"Feature","properties":{"id":198940490,"highway":"residential"},"geometry":{"type":"LineString","coordinates":[[140.418958,36.535586],[140.419005,36.535359],[140.419065,36.535164],[140.41907,36.535117],[140.41907,36.53507],[140.419054,36.535018],[140.419034,36.534977],[140.419004,36.53493],[140.418912,36.534848]]}},{"type":"Feature","properties":{"id":198940500,"highway":"residential"},"geometry":{"type":"LineString","coordinates":[[140.437069,36.519861],[140.437316,36.519682],[140.437618,36.519505],[140.437927,36.519442],[140.438105,36.51942],[140.438359,36.519422],[140.438637,36.519376]]}},{"type":"Feature","properties":{"id":198940501,"highway":"unclassified"},"geometry":{"type":"LineString","coordinates":[[140.432335,36.521174],[140.432624,36.52124],[140.432674,36.521184],[140.432804,36.520909]]}},{"type":"Feature","properties":{"id":198940506,"highway":"unclassified"},"geometry":{"type":"LineString","coordinates":[[140.419272,36.516232],[140.419177,36.516072],[140.419056,36.51585],[140.418816,36.515427],[140.418692,36.515229],[140.418596,36.515077],[140.418608,36.515002],[140.418661,36.514944],[140.418961,36.514677],[140.419057,36.514604],[140.419077,36.514517],[140.419083,36.514237],[140.419081,36.513781],[140.419094,36.51362],[140.419147,36.513548],[140.419222,36.513479],[140.419326,36.513407],[140.419589,36.513276],[140.419716,36.513225],[140.419814,36.513137],[140.41981,36.513036],[140.419761,36.512832],[140.419676,36.512546],[140.419559,36.512168],[140.419469,36.511853],[140.419428,36.511662],[140.419394,36.511541],[140.419385,36.511468],[140.419392,36.511428],[140.419438,36.51137],[140.419531,36.511302],[140.419573,36.511255],[140.419632,36.51118],[140.419649,36.51115],[140.419693,36.51102],[140.419756,36.510822],[140.419796,36.510717],[140.419889,36.510582]]}},{"type":"Feature","properties":{"id":198940510,"highway":"unclassified"},"geometry":{"type":"LineString","coordinates":[[140.411698,36.522422],[140.411574,36.522479],[140.411349,36.522792],[140.41102,36.523106],[140.410938,36.523251],[140.4109,36.523334],[140.410872,36.523487],[140.410856,36.523588],[140.41081,36.523753],[140.410773,36.524009],[140.410757,36.524131],[140.410719,36.524313],[140.410579,36.524743],[140.410635,36.524792]]}},{"type":"Feature","properties":{"id":198940512,"highway":"unclassified"},"geometry":{"type":"LineString","coordinates":[[140.404466,36.548786],[140.404515,36.548909],[140.404634,36.549044],[140.404705,36.549332],[140.404828,36.549493],[140.404901,36.549571],[140.40489,36.549673]]}},{"type":"Feature","properties":{"id":198940517,"highway":"unclassified"},"geometry":{"type":"LineString","coordinates":[[140.435186,36.533575],[140.435382,36.533424],[140.435765,36.533254],[140.436039,36.533124],[140.43644,36.5329]]}},{"type":"Feature","properties":{"id":198940519,"highway":"residential"},"geometry":{"type":"LineString","coordinates":[[140.422803,36.57463],[140.424712,36.574977],[140.424919,36.574955],[140.425177,36.574892],[140.425532,36.574955]]}},{"type":"Feature","properties":{"id":198940522,"highway":"residential"},"geometry":{"type":"LineString","coordinates":[[140.403503,36.558423],[140.403578,36.558328],[140.403728,36.558179],[140.403803,36.558149],[140.403868,36.558188],[140.404023,36.558313],[140.404184,36.558432],[140.404236,36.558416],[140.404506,36.558527]]}},{"type":"Feature","properties":{"id":198940526,"highway":"residential"},"geometry":{"type":"LineString","coordinates":[[140.427686,36.568194],[140.427839,36.568154],[140.42882,36.567486],[140.429318,36.567165],[140.429719,36.566965]]}},{"type":"Feature","properties":{"id":198940527,"highway":"residential"},"geometry":{"type":"LineString","coordinates":[[140.411349,36.522792],[140.411591,36.522788],[140.412633,36.522772],[140.413154,36.52275],[140.413675,36.52274],[140.41378,36.522792],[140.413983,36.522995],[140.414412,36.523112]]}},{"type":"Feature","properties":{"id":198940528,"highway":"unclassified"},"geometry":{"type":"LineString","coordinates":[[140.429492,36.549759],[140.429664,36.549605],[140.430114,36.549405],[140.430453,36.549278],[140.430693,36.549246]]}},{"type":"Feature","properties":{"id":198940530,"highway":"unclassified"},"geometry":{"type":"LineString","coordinates":[[140.405329,36.582665],[140.405568,36.581833],[140.405559,36.581648]]}},{"type":"Feature","properties":{"id":198940543,"highway":"residential"},"geometry":{"type":"LineString","coordinates":[[140.411337,36.536647],[140.411856,36.536674],[140.412308,36.536636],[140.412739,36.536635],[140.413333,36.5367],[140.413394,36.536693]]}},{"type":"Feature","properties":{"id":198940545,"highway":"residential"},"geometry":{"type":"LineString","coordinates":[[140.416427,36.559739],[140.416946,36.559851],[140.417292,36.559344],[140.417572,36.559082],[140.41771,36.558967]]}},{"type":"Feature","properties":{"id":198940546,"highway":"residential"},"geometry":{"type":"LineString","coordinates":[[140.40784,36.52725],[140.407799,36.526579],[140.407717,36.526426],[140.407569,36.52629],[140.407502,36.526158]]}},{"type":"Feature","properties":{"id":198940551,"highway":"unclassified"},"geometry":{"type":"LineString","coordinates":[[140.42439,36.519542],[140.424428,36.519612],[140.425151,36.520362],[140.425263,36.520455],[140.425372,36.520541]]}},{"type":"Feature","properties":{"id":198940555,"highway":"residential"},"geometry":{"type":"LineString","coordinates":[[140.41908,36.582508],[140.419079,36.583173],[140.419096,36.584696],[140.419176,36.585698],[140.419448,36.585878]]}},{"type":"Feature","properties":{"id":198940558,"highway":"residential"},"geometry":{"type":"LineString","coordinates":[[140.400113,36.569586],[140.401544,36.569428],[140.401644,36.569409],[140.401899,36.569368],[140.40218,36.569295],[140.402704,36.569154],[140.402852,36.569101]]}},{"type":"Feature","properties":{"id":198940561,"highway":"service"},"geometry":{"type":"LineString","coordinates":[[140.40843,36.585376],[140.408668,36.585529],[140.408852,36.585603],[140.409128,36.585746],[140.409326,36.586127]]}},{"type":"Feature","properties":{"id":198940566,"highway":"unclassified"},"geometry":{"type":"LineString","coordinates":[[140.411505,36.594596],[140.41169,36.594757],[140.411825,36.594798],[140.411974,36.594785],[140.412559,36.594761]]}},{"type":"Feature","properties":{"id":198940567,"highway":"unclassified"},"geometry":{"type":"LineString","coordinates":[[140.402526,36.58095],[140.402228,36.581923],[140.402052,36.582193],[140.40193,36.58238],[140.401372,36.583014],[140.400642,36.583724]]}},{"type":"Feature","properties":{"id":198940568,"highway":"service"},"geometry":{"type":"LineString","coordinates":[[140.42497,36.533021],[140.425313,36.53322],[140.425442,36.533327],[140.425692,36.533536],[140.42596,36.533827]]}},{"type":"Feature","properties":{"id":198940582,"highway":"residential"},"geometry":{"type":"LineString","coordinates":[[140.408721,36.537185],[140.409754,36.537419],[140.410186,36.537605],[140.410373,36.537648],[140.410953,36.537715]]}},{"type":"Feature","properties":{"id":198940589,"highway":"residential"},"geometry":{"type":"LineString","coordinates":[[140.420909,36.548929],[140.420694,36.548656],[140.420683,36.548489],[140.420827,36.548165],[140.420831,36.548086],[140.420784,36.547857],[140.420825,36.547293]]}},{"type":"Feature","properties":{"id":198940593,"highway":"unclassified"},"geometry":{"type":"LineString","coordinates":[[140.413622,36.5953],[140.413682,36.595484],[140.41371,36.595652],[140.413712,36.595743],[140.413716,36.595953]]}},{"type":"Feature","properties":{"id":198940600,"highway":"unclassified"},"geometry":{"type":"LineString","coordinates":[[140.423645,36.565481],[140.423902,36.565665],[140.424261,36.565892],[140.42444,36.565937]]}},{"type":"Feature","properties":{"id":198940604,"highway":"unclassified"},"geometry":{"type":"LineString","coordinates":[[140.414638,36.536582],[140.414941,36.536859],[140.414975,36.536882],[140.415111,36.536974],[140.415417,36.53711],[140.416009,36.537318],[140.416119,36.537382]]}},{"type":"Feature","properties":{"id":198940610,"highway":"residential"},"geometry":{"type":"LineString","coordinates":[[140.427686,36.568194],[140.427767,36.568561],[140.427854,36.568751],[140.427965,36.568831],[140.428091,36.568934]]}},{"type":"Feature","properties":{"id":198940615,"highway":"unclassified"},"geometry":{"type":"LineString","coordinates":[[140.40481,36.567],[140.404989,36.566645],[140.405229,36.5662],[140.405638,36.565715]]}},{"type":"Feature","properties":{"id":198940629,"highway":"unclassified"},"geometry":{"type":"LineString","coordinates":[[140.41721,36.550068],[140.417288,36.54995],[140.417367,36.549909],[140.417472,36.5499],[140.418217,36.549914]]}},{"type":"Feature","properties":{"id":198940632,"highway":"unclassified"},"geometry":{"type":"LineString","coordinates":[[140.407505,36.596104],[140.408571,36.596231],[140.408739,36.596234],[140.408866,36.596226],[140.409014,36.596159],[140.409243,36.596151],[140.409353,36.596181],[140.409493,36.59627]]}},{"type":"Feature","properties":{"id":198940636,"highway":"residential"},"geometry":{"type":"LineString","coordinates":[[140.401845,36.592081],[140.402585,36.592229]]}},{"type":"Feature","properties":{"id":198940637,"highway":"residential"},"geometry":{"type":"LineString","coordinates":[[140.426828,36.567045],[140.427129,36.567166],[140.427243,36.567202],[140.427649,36.56728]]}},{"type":"Feature","properties":{"id":198940640,"highway":"unclassified"},"geometry":{"type":"LineString","coordinates":[[140.412497,36.529841],[140.412616,36.529891],[140.412723,36.529927],[140.413032,36.530016],[140.413554,36.530178]]}},{"type":"Feature","properties":{"id":198940643,"highway":"residential"},"geometry":{"type":"LineString","coordinates":[[140.420724,36.529363],[140.4208,36.529654],[140.42086,36.529865],[140.420907,36.529923],[140.420992,36.529968]]}},{"type":"Feature","properties":{"id":198940646,"highway":"residential"},"geometry":{"type":"LineString","coordinates":[[140.398219,36.506267],[140.398302,36.506438],[140.398486,36.506752],[140.399189,36.50671],[140.40003,36.506681],[140.400423,36.506969],[140.401085,36.507139]]}},{"type":"Feature","properties":{"id":198940647,"highway":"tertiary"},"geometry":{"type":"LineString","coordinates":[[140.437708,36.517969],[140.437986,36.517874],[140.438182,36.517834],[140.438327,36.517817],[140.438507,36.517814]]}},{"type":"Feature","properties":{"id":198940650,"highway":"unclassified"},"geometry":{"type":"LineString","coordinates":[[140.435788,36.520641],[140.436042,36.520602],[140.436179,36.520533],[140.436264,36.520478],[140.436415,36.52037]]}},{"type":"Feature","properties":{"id":198940654,"highway":"tertiary"},"geometry":{"type":"LineString","coordinates":[[140.407213,36.527381],[140.407311,36.527337],[140.407484,36.527288],[140.407625,36.527264],[140.40784,36.52725]]}},{"type":"Feature","properties":{"id":198940658,"highway":"unclassified"},"geometry":{"type":"LineString","coordinates":[[140.409735,36.586146],[140.410395,36.58625],[140.410528,36.586237],[140.410684,36.586208]]}},{"type":"Feature","properties":{"id":198940666,"highway":"residential"},"geometry":{"type":"LineString","coordinates":[[140.41789,36.58215],[140.418111,36.582181],[140.418363,36.582277],[140.418786,36.582437],[140.41908,36.582508]]}},{"type":"Feature","properties":{"id":198940675,"highway":"residential"},"geometry":{"type":"LineString","coordinates":[[140.404506,36.558527],[140.404889,36.558757],[140.405073,36.558905],[140.405415,36.559208]]}},{"type":"Feature","properties":{"id":198940677,"highway":"unclassified"},"geometry":{"type":"LineString","coordinates":[[140.414274,36.527492],[140.414362,36.527634],[140.414437,36.527703],[140.414606,36.527833],[140.414943,36.528035]]}},{"type":"Feature","properties":{"id":198940681,"highway":"residential"},"geometry":{"type":"LineString","coordinates":[[140.426048,36.579223],[140.426209,36.579094],[140.426296,36.57892],[140.42632,36.578698],[140.426312,36.578363]]}},{"type":"Feature","properties":{"id":198940687,"highway":"unclassified"},"geometry":{"type":"LineString","coordinates":[[140.428702,36.532526],[140.428898,36.532841],[140.429031,36.533059],[140.429368,36.533521]]}},{"type":"Feature","properties":{"id":198940689,"highway":"residential"},"geometry":{"type":"LineString","coordinates":[[140.424684,36.567495],[140.424882,36.567445],[140.424978,36.567421],[140.425908,36.566411]]}},{"type":"Feature","properties":{"id":198940691,"highway":"unclassified"},"geometry":{"type":"LineString","coordinates":[[140.434785,36.519552],[140.434786,36.519183],[140.434846,36.518916],[140.434886,36.518839],[140.435006,36.518736]]}},{"type":"Feature","properties":{"id":198940697,"highway":"unclassified"},"geometry":{"type":"LineString","coordinates":[[140.400892,36.556477],[140.400649,36.556662],[140.400135,36.556961],[140.399872,36.557129],[140.399686,36.55725],[140.399609,36.557285],[140.399515,36.557299]]}},{"type":"Feature","properties":{"id":198940701,"highway":"residential"},"geometry":{"type":"LineString","coordinates":[[140.419231,36.542132],[140.419309,36.54211],[140.419315,36.541924],[140.41936,36.541583],[140.419437,36.541222],[140.419449,36.541131],[140.419443,36.540909],[140.419474,36.540842]]}},{"type":"Feature","properties":{"id":198940709,"highway":"unclassified"},"geometry":{"type":"LineString","coordinates":[[140.422399,36.543826],[140.422433,36.543789],[140.422772,36.542927],[140.422827,36.542518],[140.422924,36.542402]]}},{"type":"Feature","properties":{"id":198940724,"highway":"unclassified"},"geometry":{"type":"LineString","coordinates":[[140.421549,36.563438],[140.42169,36.563487],[140.422064,36.563641],[140.422172,36.563697]]}},{"type":"Feature","properties":{"id":198940738,"highway":"unclassified"},"geometry":{"type":"LineString","coordinates":[[140.40141,36.5715],[140.401604,36.571473],[140.401735,36.57143],[140.401859,36.571417],[140.402012,36.57142],[140.402599,36.571436]]}},{"type":"Feature","properties":{"id":198940744,"highway":"service"},"geometry":{"type":"LineString","coordinates":[[140.419411,36.575829],[140.419358,36.576147],[140.419009,36.57621],[140.417182,36.576257],[140.417094,36.576259]]}},{"type":"Feature","properties":{"id":198940745,"highway":"unclassified"},"geometry":{"type":"LineString","coordinates":[[140.434784,36.548328],[140.435215,36.548368],[140.435366,36.548342],[140.435445,36.548317]]}},{"type":"Feature","properties":{"id":198940762,"highway":"service"},"geometry":{"type":"LineString","coordinates":[[140.451936,36.521596],[140.451916,36.521357],[140.452022,36.521121],[140.452035,36.520972],[140.452034,36.520746]]}},{"type":"Feature","properties":{"id":198940763,"highway":"unclassified"},"geometry":{"type":"LineString","coordinates":[[140.412143,36.529579],[140.412282,36.529698],[140.412394,36.529773],[140.412497,36.529841]]}},{"type":"Feature","properties":{"id":198940764,"highway":"service"},"geometry":{"type":"LineString","coordinates":[[140.412559,36.594761],[140.412794,36.594063],[140.412809,36.593902]]}},{"type":"Feature","properties":{"id":198940779,"highway":"unclassified"},"geometry":{"type":"LineString","coordinates":[[140.402488,36.548578],[140.402648,36.548558],[140.403084,36.548607],[140.403276,36.548638],[140.403445,36.548669],[140.403533,36.548667],[140.403601,36.548642],[140.403645,36.548611],[140.4037,36.54854]]}},{"type":"Feature","properties":{"id":198940787,"highway":"residential"},"geometry":{"type":"LineString","coordinates":[[140.423849,36.567217],[140.423939,36.56699],[140.42402,36.566833],[140.42444,36.565937]]}},{"type":"Feature","properties":{"id":198940805,"highway":"tertiary"},"geometry":{"type":"LineString","coordinates":[[140.430522,36.532808],[140.431181,36.532218],[140.43139,36.532081],[140.431707,36.531916]]}},{"type":"Feature","properties":{"id":198940810,"highway":"service"},"geometry":{"type":"LineString","coordinates":[[140.426427,36.523749],[140.426316,36.523929],[140.42627,36.524001],[140.426235,36.524082],[140.426259,36.524133]]}},{"type":"Feature","properties":{"id":198940812,"highway":"residential"},"geometry":{"type":"LineString","coordinates":[[140.428186,36.565788],[140.428462,36.564993],[140.428511,36.564796],[140.428502,36.564559],[140.428409,36.564102]]}},{"type":"Feature","properties":{"id":198940828,"highway":"unclassified"},"geometry":{"type":"LineString","coordinates":[[140.399344,36.518785],[140.39968,36.518606],[140.399921,36.518496],[140.400287,36.518347],[140.400558,36.518253],[140.400982,36.518144],[140.401377,36.518071],[140.401566,36.517989],[140.402274,36.517586],[140.402773,36.517303],[140.402895,36.517182],[140.403053,36.517028],[140.403217,36.516935],[140.403403,36.516896],[140.403661,36.516853],[140.403772,36.516828],[140.403888,36.516776],[140.403998,36.516715],[140.404123,36.516596],[140.404246,36.516482],[140.404444,36.516264],[140.404512,36.516231],[140.404594,36.516209],[140.404865,36.516171],[140.404956,36.516142],[140.405033,36.516104],[140.405424,36.51589],[140.405676,36.51573],[140.405877,36.515584],[140.405987,36.515516],[140.406067,36.515455],[140.406218,36.515407],[140.406478,36.515394],[140.40677,36.515493],[140.406995,36.515509],[140.407301,36.515424],[140.407757,36.515217],[140.407972,36.515039],[140.408137,36.514957],[140.408283,36.514903],[140.40843,36.514847],[140.408502,36.514825],[140.408669,36.514741],[140.409071,36.514324],[140.409376,36.514032],[140.409413,36.513988],[140.409443,36.513942],[140.409452,36.51392],[140.409447,36.513878],[140.40944,36.513845],[140.409303,36.51368],[140.409279,36.513629],[140.409283,36.513573],[140.409315,36.513527],[140.409361,36.513495],[140.409645,36.513295]]}},{"type":"Feature","properties":{"id":198940850,"highway":"residential"},"geometry":{"type":"LineString","coordinates":[[140.426254,36.57947],[140.426437,36.579641],[140.426588,36.579789],[140.426857,36.579911],[140.427194,36.580011],[140.427342,36.580102]]}},{"type":"Feature","properties":{"id":198940856,"highway":"unclassified"},"geometry":{"type":"LineString","coordinates":[[140.416753,36.548901],[140.416558,36.549004],[140.416529,36.54907],[140.416548,36.549152],[140.416656,36.549301],[140.417165,36.55],[140.41721,36.550068]]}},{"type":"Feature","properties":{"id":198940857,"highway":"tertiary"},"geometry":{"type":"LineString","coordinates":[[140.431707,36.531916],[140.431771,36.531872],[140.43207,36.531712],[140.432178,36.531652],[140.432257,36.531584],[140.432322,36.531516],[140.432466,36.531309]]}},{"type":"Feature","properties":{"id":198940863,"highway":"residential"},"geometry":{"type":"LineString","coordinates":[[140.411046,36.538432],[140.411236,36.539172],[140.4114,36.539342],[140.41207,36.539591]]}},{"type":"Feature","properties":{"id":198940864,"highway":"unclassified"},"geometry":{"type":"LineString","coordinates":[[140.411959,36.531264],[140.411973,36.531007],[140.412025,36.530842],[140.412071,36.53075],[140.412296,36.530342]]}},{"type":"Feature","properties":{"id":198940865,"highway":"tertiary"},"geometry":{"type":"LineString","coordinates":[[140.414177,36.517584],[140.414454,36.517744],[140.414832,36.517945],[140.415191,36.518156],[140.415296,36.518202],[140.415379,36.518227],[140.415476,36.518237],[140.416018,36.518314],[140.416913,36.518411],[140.41782,36.51854],[140.418564,36.518629],[140.418882,36.51861],[140.419048,36.518598],[140.419337,36.518576],[140.419698,36.518537],[140.419889,36.518529],[140.42004,36.518512],[140.420292,36.518513],[140.420453,36.518515],[140.420992,36.51873],[140.421601,36.518889],[140.422476,36.519157]]}},{"type":"Feature","properties":{"id":198940866,"highway":"unclassified"},"geometry":{"type":"LineString","coordinates":[[140.413349,36.554584],[140.413662,36.554321],[140.413812,36.554257],[140.414109,36.554115]]}},{"type":"Feature","properties":{"id":198940868,"highway":"residential"},"geometry":{"type":"LineString","coordinates":[[140.437627,36.542979],[140.437786,36.542526],[140.437915,36.542365],[140.438068,36.542272],[140.438956,36.541964],[140.439872,36.541645],[140.440055,36.541515]]}},{"type":"Feature","properties":{"id":198940882,"highway":"tertiary"},"geometry":{"type":"LineString","coordinates":[[140.445159,36.522599],[140.445324,36.522684],[140.445367,36.522702],[140.445831,36.522902],[140.4464,36.52309],[140.446612,36.523151],[140.446761,36.523191]]}},{"type":"Feature","properties":{"id":198940885,"highway":"tertiary"},"geometry":{"type":"LineString","coordinates":[[140.450148,36.519469],[140.450347,36.5195],[140.450485,36.51949],[140.450597,36.519453],[140.451049,36.519366]]}},{"type":"Feature","properties":{"id":198940888,"highway":"unclassified"},"geometry":{"type":"LineString","coordinates":[[140.405144,36.554669],[140.405166,36.554481],[140.405175,36.554139],[140.405165,36.553891],[140.405183,36.55343],[140.405197,36.553088]]}},{"type":"Feature","properties":{"id":198940898,"highway":"residential"},"geometry":{"type":"LineString","coordinates":[[140.426327,36.57666],[140.426367,36.5765],[140.426479,36.576264],[140.42662,36.575929],[140.426578,36.575673],[140.42653,36.57555]]}},{"type":"Feature","properties":{"id":198940902,"highway":"service"},"geometry":{"type":"LineString","coordinates":[[140.431731,36.554922],[140.431637,36.554743],[140.43118,36.553973],[140.431154,36.55383],[140.431211,36.553478],[140.431401,36.553113]]}},{"type":"Feature","properties":{"id":198940904,"highway":"residential"},"geometry":{"type":"LineString","coordinates":[[140.408775,36.526324],[140.409059,36.52637],[140.409859,36.52651],[140.410446,36.526515],[140.410775,36.526493],[140.411149,36.526404]]}},{"type":"Feature","properties":{"id":198940912,"highway":"residential"},"geometry":{"type":"LineString","coordinates":[[140.412059,36.555046],[140.412132,36.554989],[140.41246,36.554828],[140.41268,36.554587],[140.412776,36.554413],[140.412814,36.554332]]}},{"type":"Feature","properties":{"id":198940913,"highway":"residential"},"geometry":{"type":"LineString","coordinates":[[140.424276,36.518969],[140.424387,36.518828],[140.424343,36.518656],[140.424291,36.518188],[140.42427,36.5175],[140.424174,36.517063]]}},{"type":"Feature","properties":{"id":198940921,"highway":"residential"},"geometry":{"type":"LineString","coordinates":[[140.404547,36.545517],[140.405037,36.545719],[140.405257,36.545866],[140.405372,36.54597],[140.405518,36.546108],[140.405597,36.546326],[140.405761,36.54655],[140.405913,36.546753],[140.405871,36.546884]]}},{"type":"Feature","properties":{"id":198940923,"highway":"unclassified"},"geometry":{"type":"LineString","coordinates":[[140.404089,36.536709],[140.403973,36.536432],[140.403922,36.536261],[140.403896,36.536057],[140.40402,36.535618],[140.404059,36.535316],[140.404048,36.534959],[140.404147,36.534583]]}},{"type":"Feature","properties":{"id":198940927,"highway":"residential"},"geometry":{"type":"LineString","coordinates":[[140.405326,36.57001],[140.405421,36.570013],[140.405776,36.570135],[140.406217,36.570199],[140.406264,36.570202],[140.406446,36.570213],[140.406683,36.570377],[140.40718,36.570444],[140.40723,36.570416],[140.407277,36.570389],[140.407396,36.569953]]}},{"type":"Feature","properties":{"id":198940928,"highway":"unclassified"},"geometry":{"type":"LineString","coordinates":[[140.422462,36.52331],[140.422583,36.523361],[140.422778,36.523381],[140.42292,36.523388],[140.423134,36.523398],[140.423249,36.523411]]}},{"type":"Feature","properties":{"id":198940930,"highway":"unclassified"},"geometry":{"type":"LineString","coordinates":[[140.446761,36.523191],[140.446787,36.523078],[140.446907,36.522321],[140.447084,36.521704],[140.447176,36.521269],[140.447429,36.520413]]}},{"type":"Feature","properties":{"id":198940933,"highway":"unclassified"},"geometry":{"type":"LineString","coordinates":[[140.405559,36.581648],[140.405581,36.581413],[140.405677,36.581125],[140.405843,36.580745],[140.406031,36.580245]]}},{"type":"Feature","properties":{"id":198940935,"highway":"residential"},"geometry":{"type":"LineString","coordinates":[[140.411612,36.556943],[140.411594,36.55674],[140.411612,36.556631],[140.411733,36.556408],[140.411893,36.55615],[140.412444,36.555314]]}},{"type":"Feature","properties":{"id":198940938,"highway":"unclassified"},"geometry":{"type":"LineString","coordinates":[[140.450698,36.510366],[140.451631,36.511308],[140.451692,36.511338],[140.451892,36.511358],[140.45262,36.511431]]}},{"type":"Feature","properties":{"id":198940945,"highway":"unclassified"},"geometry":{"type":"LineString","coordinates":[[140.40509,36.583668],[140.405172,36.58323],[140.405329,36.582665]]}},{"type":"Feature","properties":{"id":198940946,"highway":"service"},"geometry":{"type":"LineString","coordinates":[[140.426559,36.524335],[140.426644,36.524394],[140.426757,36.52445],[140.426836,36.524458],[140.426919,36.524418],[140.426983,36.524359],[140.427053,36.524287],[140.427072,36.524268],[140.427146,36.524191]]}},{"type":"Feature","properties":{"id":198940948,"highway":"unclassified"},"geometry":{"type":"LineString","coordinates":[[140.436415,36.52037],[140.436803,36.520148],[140.436922,36.520081],[140.437006,36.520011],[140.437057,36.51995],[140.437069,36.519861]]}},{"type":"Feature","properties":{"id":198940950,"highway":"unclassified"},"geometry":{"type":"LineString","coordinates":[[140.411944,36.547643],[140.411984,36.547626],[140.412027,36.547596],[140.412066,36.547545],[140.412193,36.547334],[140.41258,36.546675],[140.41289,36.546156],[140.413179,36.545681],[140.413336,36.545436],[140.413548,36.545092],[140.413872,36.544642]]}},{"type":"Feature","properties":{"id":198940954,"highway":"residential"},"geometry":{"type":"LineString","coordinates":[[140.426312,36.578363],[140.426303,36.578331],[140.42634,36.578043],[140.426347,36.57778],[140.426507,36.577303],[140.426473,36.577169],[140.426418,36.57699]]}},{"type":"Feature","properties":{"id":198940956,"highway":"unclassified"},"geometry":{"type":"LineString","coordinates":[[140.410601,36.593414],[140.410809,36.593215],[140.411144,36.592922],[140.411172,36.592877],[140.411409,36.592291],[140.411535,36.59197]]}},{"type":"Feature","properties":{"id":198940958,"highway":"residential"},"geometry":{"type":"LineString","coordinates":[[140.438354,36.531135],[140.4388,36.531242],[140.438878,36.531443],[140.438941,36.531505],[140.439041,36.531563],[140.439127,36.531585]]}},{"type":"Feature","properties":{"id":198940962,"highway":"unclassified"},"geometry":{"type":"LineString","coordinates":[[140.403462,36.554642],[140.403567,36.55446],[140.40372,36.554142],[140.403829,36.553935],[140.40393,36.553784],[140.40408,36.553582],[140.404335,36.553288],[140.404362,36.55323]]}},{"type":"Feature","properties":{"id":198940965,"highway":"unclassified"},"geometry":{"type":"LineString","coordinates":[[140.428492,36.566717],[140.428921,36.566792],[140.429234,36.566865]]}},{"type":"Feature","properties":{"id":198940981,"highway":"unclassified"},"geometry":{"type":"LineString","coordinates":[[140.402538,36.557195],[140.402407,36.55699],[140.402369,36.556817],[140.402367,36.556803],[140.40235,36.556657],[140.402347,36.556456],[140.402355,36.556319]]}},{"type":"Feature","properties":{"id":198940985,"highway":"residential"},"geometry":{"type":"LineString","coordinates":[[140.453685,36.515209],[140.454054,36.515341],[140.454334,36.515486],[140.454643,36.51558],[140.454847,36.515661],[140.454996,36.51578]]}},{"type":"Feature","properties":{"id":198940988,"highway":"unclassified"},"geometry":{"type":"LineString","coordinates":[[140.430683,36.538332],[140.431324,36.538728],[140.431805,36.539034],[140.43206,36.539141],[140.432295,36.53919],[140.432447,36.539189]]}},{"type":"Feature","properties":{"id":198940991,"highway":"residential"},"geometry":{"type":"LineString","coordinates":[[140.420157,36.527541],[140.42022,36.527684],[140.42037,36.527763],[140.42043,36.527829],[140.42061,36.528378],[140.42064,36.528419],[140.420695,36.528492]]}},{"type":"Feature","properties":{"id":198940997,"highway":"unclassified"},"geometry":{"type":"LineString","coordinates":[[140.413457,36.597336],[140.413562,36.59668],[140.413604,36.59609],[140.413612,36.596047],[140.413631,36.59601],[140.413716,36.595953]]}},{"type":"Feature","properties":{"id":198941002,"highway":"unclassified"},"geometry":{"type":"LineString","coordinates":[[140.431082,36.560469],[140.43112,36.560632],[140.431148,36.560782],[140.431503,36.560866],[140.431523,36.560922],[140.431459,36.561137],[140.431478,36.561302],[140.431493,36.561502],[140.431472,36.561683]]}},{"type":"Feature","properties":{"id":198941009,"highway":"tertiary"},"geometry":{"type":"LineString","coordinates":[[140.427828,36.535111],[140.428383,36.534413],[140.428735,36.534033],[140.428906,36.53382],[140.429368,36.533521]]}},{"type":"Feature","properties":{"id":198941012,"highway":"unclassified"},"geometry":{"type":"LineString","coordinates":[[140.422695,36.516992],[140.423405,36.516955],[140.423685,36.516952],[140.423884,36.516968],[140.424034,36.517018],[140.424174,36.517063]]}},{"type":"Feature","properties":{"id":198941017,"highway":"unclassified"},"geometry":{"type":"LineString","coordinates":[[140.421665,36.537367],[140.421807,36.537368],[140.422026,36.537335],[140.422176,36.5373],[140.422423,36.537208],[140.423066,36.536969],[140.423293,36.536887]]}},{"type":"Feature","properties":{"id":198941018,"highway":"tertiary"},"geometry":{"type":"LineString","coordinates":[[140.438545,36.529292],[140.438781,36.529026],[140.438988,36.528792],[140.439131,36.528635],[140.439521,36.528195],[140.439591,36.528123],[140.43978,36.527995],[140.439918,36.527906]]}},{"type":"Feature","properties":{"id":198941021,"highway":"unclassified"},"geometry":{"type":"LineString","coordinates":[[140.39995,36.586345],[140.40026,36.585722],[140.400425,36.585026],[140.400556,36.584752],[140.400615,36.584569],[140.400603,36.584479],[140.400555,36.584356],[140.400405,36.584292],[140.400246,36.584229],[140.400215,36.584176],[140.400322,36.583931]]}},{"type":"Feature","properties":{"id":198941022,"highway":"unclassified"},"geometry":{"type":"LineString","coordinates":[[140.406418,36.554865],[140.406505,36.55475],[140.406747,36.554374],[140.407227,36.553506],[140.407374,36.553289],[140.407662,36.55292],[140.407721,36.552883],[140.407744,36.552777]]}},{"type":"Feature","properties":{"id":198941024,"highway":"residential"},"geometry":{"type":"LineString","coordinates":[[140.421513,36.545467],[140.421636,36.545352],[140.421753,36.545207],[140.421911,36.544867],[140.422371,36.543995],[140.422448,36.543859]]}},{"type":"Feature","properties":{"id":198941026,"highway":"unclassified"},"geometry":{"type":"LineString","coordinates":[[140.417166,36.521682],[140.417203,36.521268],[140.417221,36.521063],[140.417416,36.521077],[140.417589,36.521155],[140.417641,36.521178],[140.417978,36.521315],[140.417956,36.521723]]}},{"type":"Feature","properties":{"id":198941028,"highway":"unclassified"},"geometry":{"type":"LineString","coordinates":[[140.42596,36.533827],[140.426323,36.533624],[140.426707,36.533356],[140.427131,36.533089],[140.427638,36.532894],[140.428702,36.532526]]}},{"type":"Feature","properties":{"id":198941032,"highway":"unclassified"},"geometry":{"type":"LineString","coordinates":[[140.403106,36.56555],[140.40289,36.565487],[140.402718,36.565485],[140.402544,36.565536],[140.402422,36.56559],[140.402199,36.565664]]}},{"type":"Feature","properties":{"id":198941035,"highway":"unclassified"},"geometry":{"type":"LineString","coordinates":[[140.411505,36.594596],[140.411312,36.594155],[140.411163,36.593888],[140.411073,36.59378],[140.410929,36.593661],[140.410776,36.593547],[140.410601,36.593414]]}},{"type":"Feature","properties":{"id":198941037,"highway":"tertiary"},"geometry":{"type":"LineString","coordinates":[[140.452423,36.518984],[140.452514,36.518937],[140.452735,36.518879],[140.45289,36.518838],[140.453142,36.518756],[140.453231,36.51871],[140.453353,36.518616]]}},{"type":"Feature","properties":{"id":198941041,"highway":"service"},"geometry":{"type":"LineString","coordinates":[[140.411475,36.544419],[140.411565,36.544379],[140.411696,36.544343],[140.411926,36.544334],[140.41208,36.544312],[140.41283,36.543907]]}},{"type":"Feature","properties":{"id":198941042,"highway":"unclassified"},"geometry":{"type":"LineString","coordinates":[[140.420285,36.536087],[140.420377,36.536136],[140.420514,36.536211],[140.420702,36.536289],[140.42146,36.536802],[140.421905,36.537051]]}},{"type":"Feature","properties":{"id":198941044,"highway":"tertiary"},"geometry":{"type":"LineString","coordinates":[[140.413286,36.518229],[140.41335,36.518128],[140.413509,36.517903],[140.413668,36.517764],[140.413801,36.517689],[140.41397,36.517626],[140.414177,36.517584]]}},{"type":"Feature","properties":{"id":198941053,"highway":"service"},"geometry":{"type":"LineString","coordinates":[[140.427491,36.52383],[140.427688,36.523614],[140.427727,36.523576],[140.427777,36.523528],[140.427831,36.523477],[140.427904,36.523408],[140.427964,36.52335],[140.42802,36.523296],[140.427995,36.52321],[140.427894,36.523127],[140.427782,36.523039]]}},{"type":"Feature","properties":{"id":198941055,"highway":"tertiary"},"geometry":{"type":"LineString","coordinates":[[140.409744,36.542915],[140.409799,36.542951],[140.409844,36.543023],[140.409897,36.543113],[140.410001,36.543317],[140.410216,36.543749],[140.410307,36.543922],[140.410453,36.544201],[140.410674,36.544653]]}},{"type":"Feature","properties":{"id":198941056,"highway":"unclassified"},"geometry":{"type":"LineString","coordinates":[[140.405638,36.565715],[140.406058,36.565283],[140.406455,36.56492],[140.406568,36.564771],[140.406647,36.564589],[140.406654,36.564515]]}},{"type":"Feature","properties":{"id":198941057,"highway":"unclassified"},"geometry":{"type":"LineString","coordinates":[[140.403451,36.541305],[140.403099,36.541762],[140.402622,36.542409],[140.402351,36.542757],[140.402306,36.542834],[140.402253,36.542909]]}},{"type":"Feature","properties":{"id":198941058,"highway":"unclassified"},"geometry":{"type":"LineString","coordinates":[[140.433905,36.534246],[140.433949,36.534187],[140.434213,36.534007],[140.434533,36.533951],[140.434689,36.533913],[140.43477,36.533862],[140.434887,36.533784],[140.435186,36.533575]]}},{"type":"Feature","properties":{"id":198941059,"highway":"tertiary"},"geometry":{"type":"LineString","coordinates":[[140.442742,36.526658],[140.443129,36.526509],[140.443986,36.526124],[140.444616,36.525822],[140.444665,36.525798],[140.444838,36.525712],[140.44537,36.525324]]}},{"type":"Feature","properties":{"id":198941064,"highway":"residential"},"geometry":{"type":"LineString","coordinates":[[140.398907,36.569211],[140.399075,36.569333],[140.399262,36.569441],[140.399569,36.569545],[140.399772,36.569584],[140.400113,36.569586]]}},{"type":"Feature","properties":{"id":198941067,"highway":"tertiary"},"geometry":{"type":"LineString","coordinates":[[140.438507,36.517814],[140.438681,36.517855],[140.438796,36.517886],[140.439077,36.518001],[140.439736,36.518513]]}},{"type":"Feature","properties":{"id":198941079,"highway":"unclassified"},"geometry":{"type":"LineString","coordinates":[[140.453507,36.513324],[140.45339,36.513102],[140.453276,36.512915],[140.453076,36.51272],[140.453011,36.512646],[140.452954,36.512558]]}},{"type":"Feature","properties":{"id":198941090,"highway":"unclassified"},"geometry":{"type":"LineString","coordinates":[[140.401785,36.552815],[140.401722,36.552419],[140.401687,36.552055],[140.401636,36.551734],[140.4016,36.551372],[140.401605,36.551043],[140.4016,36.550837],[140.401631,36.550647],[140.401702,36.550458],[140.401824,36.550105],[140.401891,36.549632],[140.401902,36.549553],[140.401994,36.549307],[140.402057,36.549099],[140.402114,36.548897],[140.402193,36.548761],[140.402359,36.548628],[140.402488,36.548578]]}},{"type":"Feature","properties":{"id":198941091,"highway":"unclassified"},"geometry":{"type":"LineString","coordinates":[[140.413394,36.536693],[140.41359,36.536679],[140.413861,36.53667],[140.414247,36.536632],[140.414306,36.536626],[140.414448,36.536612],[140.414638,36.536582]]}},{"type":"Feature","properties":{"id":198941099,"highway":"unclassified"},"geometry":{"type":"LineString","coordinates":[[140.402846,36.555403],[140.403022,36.555187],[140.403267,36.554924],[140.403425,36.554709],[140.403462,36.554642]]}},{"type":"Feature","properties":{"id":198941138,"highway":"unclassified"},"geometry":{"type":"LineString","coordinates":[[140.407121,36.55088],[140.406701,36.550553],[140.406647,36.550511],[140.406336,36.550309],[140.406088,36.55016],[140.40582,36.550039],[140.405355,36.549856],[140.40489,36.549673]]}},{"type":"Feature","properties":{"id":198941139,"highway":"residential"},"geometry":{"type":"LineString","coordinates":[[140.418912,36.534848],[140.41881,36.534786],[140.418373,36.534565],[140.418213,36.534461],[140.418179,36.534417],[140.418133,36.534359],[140.418198,36.533822]]}},{"type":"Feature","properties":{"id":198941140,"highway":"service"},"geometry":{"type":"LineString","coordinates":[[140.451936,36.521596],[140.452445,36.521622],[140.452513,36.521469],[140.452632,36.521343],[140.452753,36.521288],[140.452865,36.521212],[140.452952,36.521124],[140.452993,36.521057],[140.453216,36.520472]]}},{"type":"Feature","properties":{"id":198941144,"highway":"unclassified"},"geometry":{"type":"LineString","coordinates":[[140.425372,36.520541],[140.425701,36.520823],[140.425753,36.52085],[140.425829,36.520859],[140.425889,36.520842],[140.426452,36.520223],[140.427171,36.519433]]}},{"type":"Feature","properties":{"id":198941150,"highway":"unclassified"},"geometry":{"type":"LineString","coordinates":[[140.400783,36.558111],[140.401172,36.558081],[140.401436,36.558051],[140.40179,36.557966],[140.402006,36.557887],[140.402204,36.557789],[140.402672,36.557541]]}},{"type":"Feature","properties":{"id":198941155,"highway":"residential"},"geometry":{"type":"LineString","coordinates":[[140.405029,36.557917],[140.405345,36.5575],[140.405636,36.557162],[140.405734,36.557113],[140.405871,36.557059],[140.405959,36.556984],[140.406091,36.55679]]}},{"type":"Feature","properties":{"id":198941156,"highway":"unclassified"},"geometry":{"type":"LineString","coordinates":[[140.426473,36.530994],[140.426959,36.531226],[140.427544,36.531567],[140.427904,36.531789],[140.428289,36.532091],[140.428536,36.532303],[140.428702,36.532526]]}},{"type":"Feature","properties":{"id":198941159,"highway":"unclassified"},"geometry":{"type":"LineString","coordinates":[[140.417129,36.522298],[140.417522,36.522323],[140.417911,36.522342],[140.418124,36.522359],[140.418296,36.522433]]}},{"type":"Feature","properties":{"id":198941168,"highway":"unclassified"},"geometry":{"type":"LineString","coordinates":[[140.446267,36.521767],[140.446315,36.521655],[140.446375,36.521281],[140.446417,36.521014],[140.44646,36.520618],[140.446544,36.520474],[140.446732,36.52019]]}},{"type":"Feature","properties":{"id":198941171,"highway":"unclassified"},"geometry":{"type":"LineString","coordinates":[[140.415255,36.528306],[140.415339,36.528329],[140.415539,36.52846],[140.415597,36.528511],[140.415698,36.528601],[140.4158,36.528688],[140.415908,36.528743],[140.41622,36.528784]]}},{"type":"Feature","properties":{"id":198941180,"highway":"residential"},"geometry":{"type":"LineString","coordinates":[[140.400042,36.563335],[140.400364,36.563022],[140.401565,36.562022],[140.401813,36.561677],[140.401884,36.561576],[140.401913,36.561339]]}},{"type":"Feature","properties":{"id":198941207,"highway":"unclassified"},"geometry":{"type":"LineString","coordinates":[[140.436893,36.528031],[140.437421,36.528094],[140.43755,36.528183],[140.437658,36.528257],[140.437808,36.528291],[140.438136,36.528323]]}},{"type":"Feature","properties":{"id":198941218,"highway":"residential"},"geometry":{"type":"LineString","coordinates":[[140.419972,36.549686],[140.420616,36.549614],[140.420676,36.54957],[140.420696,36.549341],[140.420736,36.549193],[140.420861,36.549047],[140.420909,36.548929]]}},{"type":"Feature","properties":{"id":198941232,"highway":"unclassified"},"geometry":{"type":"LineString","coordinates":[[140.404147,36.534583],[140.404194,36.534438],[140.404451,36.53408],[140.404586,36.533904],[140.404821,36.533548],[140.405958,36.53323],[140.406052,36.533136]]}},{"type":"Feature","properties":{"id":198941255,"highway":"residential"},"geometry":{"type":"LineString","coordinates":[[140.420724,36.529363],[140.421222,36.529316],[140.421312,36.529251],[140.421492,36.528921],[140.421582,36.528864],[140.421961,36.528957],[140.422618,36.529146]]}},{"type":"Feature","properties":{"id":198941260,"highway":"service"},"geometry":{"type":"LineString","coordinates":[[140.427782,36.523039],[140.427726,36.522995],[140.427695,36.52297],[140.42764,36.52296],[140.427598,36.522953],[140.427371,36.523019],[140.427232,36.52307],[140.427119,36.523111],[140.426913,36.523227],[140.426766,36.523378]]}},{"type":"Feature","properties":{"id":198941265,"highway":"unclassified"},"geometry":{"type":"LineString","coordinates":[[140.403617,36.558557],[140.403503,36.558423],[140.403415,36.55832],[140.403259,36.558112],[140.403155,36.557979],[140.402769,36.557622],[140.402672,36.557541]]}},{"type":"Feature","properties":{"id":198941290,"highway":"service"},"geometry":{"type":"LineString","coordinates":[[140.410674,36.544653],[140.410846,36.544577],[140.410929,36.544553],[140.410992,36.544556],[140.411178,36.544552],[140.411274,36.544507],[140.411475,36.544419]]}},{"type":"Feature","properties":{"id":198941316,"highway":"unclassified"},"geometry":{"type":"LineString","coordinates":[[140.410569,36.55563],[140.410588,36.55568],[140.410596,36.555721],[140.410599,36.555775],[140.410534,36.555968],[140.410468,36.556137],[140.410379,36.556301],[140.410131,36.5567],[140.410075,36.556804],[140.410016,36.556927],[140.409974,36.557023],[140.409897,36.55735],[140.409845,36.557534],[140.409816,36.557603],[140.409779,36.557666],[140.409714,36.557748],[140.409639,36.557868],[140.409616,36.557922],[140.409598,36.557999],[140.409569,36.558122],[140.409421,36.558442],[140.409353,36.558549],[140.409269,36.558672],[140.409159,36.558797],[140.409003,36.559019],[140.40891,36.55917],[140.408826,36.559339],[140.408775,36.559476],[140.408625,36.559977],[140.408551,36.560196],[140.40839,36.560673],[140.408221,36.561103],[140.408017,36.561649]]}},{"type":"Feature","properties":{"id":198941334,"highway":"unclassified"},"geometry":{"type":"LineString","coordinates":[[140.41385,36.547345],[140.414009,36.547427],[140.41407,36.54744],[140.414087,36.547441],[140.41428,36.547474]]}},{"type":"Feature","properties":{"id":198941341,"highway":"unclassified"},"geometry":{"type":"LineString","coordinates":[[140.432174,36.548354],[140.432355,36.548396],[140.432493,36.548414],[140.432918,36.548421],[140.433425,36.548369],[140.433483,36.548364]]}},{"type":"Feature","properties":{"id":198941342,"highway":"unclassified"},"geometry":{"type":"LineString","coordinates":[[140.406491,36.536655],[140.406262,36.537141],[140.406068,36.537532],[140.405861,36.538202],[140.405701,36.538748],[140.405518,36.539057],[140.404997,36.53996]]}},{"type":"Feature","properties":{"id":198941344,"highway":"residential"},"geometry":{"type":"LineString","coordinates":[[140.40333,36.528026],[140.403221,36.52854],[140.403808,36.528773],[140.40412,36.528919],[140.404244,36.529029],[140.404296,36.529114],[140.404296,36.529313]]}},{"type":"Feature","properties":{"id":198941351,"highway":"unclassified"},"geometry":{"type":"LineString","coordinates":[[140.426765,36.56699],[140.427162,36.566817],[140.427367,36.5667],[140.427492,36.566684],[140.427751,36.566718],[140.42778,36.566716]]}},{"type":"Feature","properties":{"id":198941352,"highway":"tertiary"},"geometry":{"type":"LineString","coordinates":[[140.413013,36.519759],[140.413009,36.51912],[140.412987,36.518813],[140.413009,36.5187],[140.413048,36.518592],[140.413102,36.518474],[140.413286,36.518229]]}},{"type":"Feature","properties":{"id":198941356,"highway":"unclassified"},"geometry":{"type":"LineString","coordinates":[[140.399443,36.596096],[140.399506,36.596139],[140.399598,36.596175],[140.399684,36.596194],[140.400045,36.596194],[140.400159,36.596203],[140.400883,36.596417]]}},{"type":"Feature","properties":{"id":198941373,"highway":"unclassified"},"geometry":{"type":"LineString","coordinates":[[140.41607,36.534719],[140.416338,36.53467],[140.41652,36.534694],[140.416798,36.53476],[140.417135,36.534808],[140.417357,36.534843]]}},{"type":"Feature","properties":{"id":198941375,"highway":"tertiary"},"geometry":{"type":"LineString","coordinates":[[140.437696,36.529547],[140.437856,36.529513],[140.438026,36.529488],[140.438157,36.529458],[140.438267,36.529429],[140.438382,36.529379],[140.438465,36.529334],[140.438545,36.529292]]}},{"type":"Feature","properties":{"id":198941381,"highway":"tertiary"},"geometry":{"type":"LineString","coordinates":[[140.45333,36.51725],[140.453339,36.517113],[140.453352,36.516569],[140.453454,36.51583],[140.45354,36.515537],[140.453685,36.515209]]}},{"type":"Feature","properties":{"id":198941383,"highway":"unclassified"},"geometry":{"type":"LineString","coordinates":[[140.41548,36.536447],[140.415616,36.536429],[140.415923,36.536468],[140.416204,36.536554],[140.416425,36.536613],[140.41695,36.536733]]}},{"type":"Feature","properties":{"id":198941386,"highway":"residential"},"geometry":{"type":"LineString","coordinates":[[140.411046,36.538432],[140.412062,36.538707],[140.412615,36.538941],[140.412813,36.539024]]}},{"type":"Feature","properties":{"id":198941387,"highway":"unclassified"},"geometry":{"type":"LineString","coordinates":[[140.422309,36.570672],[140.423175,36.570636]]}},{"type":"Feature","properties":{"id":198941393,"highway":"unclassified"},"geometry":{"type":"LineString","coordinates":[[140.405811,36.579589],[140.405968,36.579041],[140.406195,36.578484],[140.40649,36.577883]]}},{"type":"Feature","properties":{"id":198941396,"highway":"residential"},"geometry":{"type":"LineString","coordinates":[[140.399979,36.591675],[140.400293,36.591777],[140.401167,36.591935],[140.401549,36.592015],[140.40162,36.592038],[140.401845,36.592081]]}},{"type":"Feature","properties":{"id":198941401,"highway":"residential"},"geometry":{"type":"LineString","coordinates":[[140.428689,36.549153],[140.428773,36.549039],[140.429192,36.548465],[140.429792,36.547725],[140.430135,36.547395],[140.430298,36.547271],[140.430744,36.547082],[140.431647,36.546757]]}},{"type":"Feature","properties":{"id":198941402,"highway":"unclassified"},"geometry":{"type":"LineString","coordinates":[[140.42498,36.537338],[140.42521,36.537375],[140.425384,36.53742],[140.425539,36.53746],[140.425803,36.53755],[140.425913,36.53743],[140.425984,36.537435],[140.427121,36.537658],[140.427307,36.538298]]}},{"type":"Feature","properties":{"id":198941414,"highway":"unclassified"},"geometry":{"type":"LineString","coordinates":[[140.42879,36.521322],[140.428928,36.521287],[140.42927,36.521279],[140.42944,36.521234],[140.430669,36.520931],[140.431116,36.520807],[140.43144,36.520813]]}},{"type":"Feature","properties":{"id":198941416,"highway":"unclassified"},"geometry":{"type":"LineString","coordinates":[[140.421456,36.525081],[140.421841,36.524676],[140.421872,36.5242],[140.422003,36.523857],[140.422017,36.523788],[140.421948,36.523603],[140.422462,36.52331]]}},{"type":"Feature","properties":{"id":198941432,"highway":"tertiary"},"geometry":{"type":"LineString","coordinates":[[140.448492,36.519471],[140.44853,36.519436],[140.448595,36.519399],[140.448795,36.519279],[140.449017,36.519234],[140.449139,36.519223],[140.449322,36.519226],[140.450148,36.519469]]}},{"type":"Feature","properties":{"id":198941436,"highway":"unclassified"},"geometry":{"type":"LineString","coordinates":[[140.431646,36.528943],[140.431779,36.529209],[140.431833,36.529301],[140.43195,36.529372],[140.432187,36.529497],[140.432438,36.529674],[140.432614,36.529805]]}},{"type":"Feature","properties":{"id":198941438,"highway":"unclassified"},"geometry":{"type":"LineString","coordinates":[[140.451207,36.521672],[140.451032,36.521279],[140.450954,36.521122],[140.450907,36.52101],[140.450887,36.520935],[140.450893,36.520833],[140.450938,36.520705],[140.451004,36.520494],[140.451029,36.520419]]}},{"type":"Feature","properties":{"id":198941439,"highway":"unclassified"},"geometry":{"type":"LineString","coordinates":[[140.422172,36.563697],[140.422348,36.563788],[140.42248,36.564007],[140.422503,36.564201],[140.422391,36.56453],[140.423406,36.564922],[140.423481,36.565015],[140.423571,36.565161],[140.423764,36.565266]]}},{"type":"Feature","properties":{"id":198941443,"highway":"residential"},"geometry":{"type":"LineString","coordinates":[[140.424795,36.567569],[140.425187,36.567597],[140.425432,36.567683],[140.425584,36.567774],[140.425789,36.56793],[140.426056,36.568012],[140.426341,36.568196],[140.426536,36.568358],[140.426669,36.568353],[140.426773,36.568324],[140.427686,36.568194]]}},{"type":"Feature","properties":{"id":198941446,"highway":"residential"},"geometry":{"type":"LineString","coordinates":[[140.411179,36.554942],[140.411174,36.555096],[140.41104,36.555249],[140.410952,36.555421],[140.410828,36.555651],[140.410785,36.555816],[140.410758,36.556022],[140.410711,36.556384],[140.410711,36.556418],[140.410709,36.556567],[140.410737,36.556644],[140.410815,36.55671],[140.410983,36.556794]]}},{"type":"Feature","properties":{"id":198941448,"highway":"unclassified"},"geometry":{"type":"LineString","coordinates":[[140.432108,36.519302],[140.432796,36.51908],[140.432986,36.519031],[140.433124,36.519025],[140.43326,36.519049],[140.433931,36.519305],[140.43436,36.519419],[140.434785,36.519552]]}},{"type":"Feature","properties":{"id":198941462,"highway":"residential"},"geometry":{"type":"LineString","coordinates":[[140.437737,36.529614],[140.438232,36.530128],[140.438346,36.53039],[140.43852,36.530659],[140.438515,36.530787],[140.438459,36.530868],[140.43837,36.530982],[140.438357,36.531038],[140.438354,36.531135]]}},{"type":"Feature","properties":{"id":198941465,"highway":"unclassified"},"geometry":{"type":"LineString","coordinates":[[140.398846,36.549188],[140.399464,36.5492],[140.399644,36.549156],[140.399752,36.549119],[140.399891,36.549083],[140.400134,36.549056],[140.400337,36.549038],[140.400448,36.548857]]}},{"type":"Feature","properties":{"id":198941467,"highway":"service"},"geometry":{"type":"LineString","coordinates":[[140.42596,36.533827],[140.426111,36.534033],[140.426475,36.534286],[140.42689,36.534521],[140.427179,36.534644],[140.427353,36.534749],[140.427473,36.53485],[140.427828,36.535111]]}},{"type":"Feature","properties":{"id":198941468,"highway":"residential"},"geometry":{"type":"LineString","coordinates":[[140.420418,36.583352],[140.420533,36.583512],[140.420613,36.583691],[140.420687,36.583944],[140.420809,36.584201],[140.420868,36.584434],[140.420901,36.584636],[140.420938,36.584871],[140.420981,36.58517],[140.42109,36.585591],[140.421237,36.585962]]}},{"type":"Feature","properties":{"id":198941469,"highway":"residential"},"geometry":{"type":"LineString","coordinates":[[140.433806,36.538703],[140.433875,36.538845],[140.433883,36.538957],[140.434109,36.53907],[140.434467,36.53918],[140.434577,36.53926],[140.434704,36.539399],[140.434875,36.539673]]}},{"type":"Feature","properties":{"id":198941471,"highway":"residential"},"geometry":{"type":"LineString","coordinates":[[140.452954,36.512558],[140.452872,36.512517],[140.452676,36.512398],[140.452588,36.512368],[140.452503,36.51235],[140.452421,36.512351],[140.451992,36.512365],[140.451887,36.512385],[140.451823,36.512414],[140.45178,36.51248],[140.451767,36.51254],[140.451806,36.512717],[140.451842,36.512958],[140.451833,36.513149],[140.451972,36.513693],[140.451945,36.513765]]}},{"type":"Feature","properties":{"id":198941486,"highway":"unclassified"},"geometry":{"type":"LineString","coordinates":[[140.431367,36.522438],[140.431967,36.521892],[140.432049,36.521831],[140.432133,36.521695],[140.432195,36.521562],[140.432242,36.521329],[140.432262,36.52128],[140.432335,36.521174]]}},{"type":"Feature","properties":{"id":198941493,"highway":"unclassified"},"geometry":{"type":"LineString","coordinates":[[140.422924,36.542402],[140.422929,36.542216],[140.422927,36.542051],[140.422899,36.541946],[140.422865,36.541892],[140.422782,36.541828],[140.422504,36.541735],[140.422333,36.541693]]}},{"type":"Feature","properties":{"id":198941494,"highway":"residential"},"geometry":{"type":"LineString","coordinates":[[140.403146,36.585509],[140.403189,36.585282],[140.403208,36.585118],[140.403118,36.58496],[140.403107,36.584796],[140.403039,36.584718],[140.402919,36.584548],[140.402809,36.584312]]}},{"type":"Feature","properties":{"id":198941497,"highway":"tertiary"},"geometry":{"type":"LineString","coordinates":[[140.453353,36.518616],[140.453432,36.51855],[140.453463,36.518485],[140.453494,36.518389],[140.453507,36.518303],[140.453506,36.518259],[140.453355,36.517461],[140.453343,36.51736],[140.45333,36.51725]]}},{"type":"Feature","properties":{"id":198941508,"highway":"residential"},"geometry":{"type":"LineString","coordinates":[[140.410967,36.534754],[140.41102,36.535037],[140.410976,36.53539],[140.411087,36.535637],[140.411348,36.535746],[140.411553,36.535823],[140.411589,36.53601],[140.41147,36.536307],[140.411337,36.536647]]}},{"type":"Feature","properties":{"id":198941509,"highway":"unclassified"},"geometry":{"type":"LineString","coordinates":[[140.416272,36.52319],[140.415904,36.523159],[140.415664,36.523142],[140.415589,36.523113],[140.415538,36.523071],[140.415505,36.523018],[140.415494,36.522969],[140.415491,36.522893],[140.415548,36.522242]]}},{"type":"Feature","properties":{"id":198941511,"highway":"unclassified"},"geometry":{"type":"LineString","coordinates":[[140.400448,36.548857],[140.400571,36.548837],[140.40149,36.548744],[140.401688,36.548704],[140.401862,36.548623],[140.402037,36.548504],[140.402224,36.548497]]}},{"type":"Feature","properties":{"id":198941518,"highway":"residential"},"geometry":{"type":"LineString","coordinates":[[140.413895,36.529538],[140.414145,36.529422],[140.414437,36.529238],[140.41485,36.528921],[140.415113,36.528679],[140.415206,36.528537],[140.415224,36.528488],[140.41524,36.528442],[140.415255,36.528306]]}},{"type":"Feature","properties":{"id":198941519,"highway":"residential"},"geometry":{"type":"LineString","coordinates":[[140.425522,36.576334],[140.425606,36.576438],[140.425677,36.576522],[140.42578,36.576506],[140.425935,36.576473],[140.426063,36.576508],[140.426188,36.576581],[140.426327,36.57666]]}},{"type":"Feature","properties":{"id":198941520,"highway":"residential"},"geometry":{"type":"LineString","coordinates":[[140.435642,36.54835],[140.435526,36.548648],[140.435596,36.548865],[140.435613,36.549143],[140.435523,36.549418],[140.435345,36.549727],[140.435149,36.550231],[140.435119,36.55042]]}},{"type":"Feature","properties":{"id":198941522,"highway":"unclassified"},"geometry":{"type":"LineString","coordinates":[[140.409308,36.562111],[140.409464,36.562137],[140.409595,36.562109],[140.410225,36.561863],[140.410408,36.561834],[140.410941,36.561853],[140.411015,36.561774],[140.411084,36.561348]]}},{"type":"Feature","properties":{"id":198941526,"highway":"residential"},"geometry":{"type":"LineString","coordinates":[[140.408721,36.537185],[140.408711,36.537544],[140.40869,36.537727],[140.408654,36.537883],[140.408646,36.538003],[140.408636,36.538084],[140.408652,36.538227],[140.408667,36.538308],[140.408846,36.539297]]}},{"type":"Feature","properties":{"id":198941527,"highway":"unclassified"},"geometry":{"type":"LineString","coordinates":[[140.428815,36.527371],[140.429398,36.527615],[140.429994,36.527878],[140.430038,36.527898],[140.430321,36.528023],[140.430774,36.52819],[140.430946,36.528287],[140.431185,36.528451],[140.431459,36.528752],[140.431541,36.52883]]}},{"type":"Feature","properties":{"id":198941535,"highway":"residential"},"geometry":{"type":"LineString","coordinates":[[140.409663,36.534576],[140.409853,36.534067],[140.409564,36.533947],[140.409611,36.533825],[140.409792,36.533516],[140.410013,36.53325],[140.410201,36.532718],[140.41042,36.532754],[140.411075,36.53282],[140.411121,36.53293]]}},{"type":"Feature","properties":{"id":198941540,"highway":"unclassified"},"geometry":{"type":"LineString","coordinates":[[140.412559,36.594761],[140.41275,36.594785],[140.412983,36.594806],[140.413057,36.594836],[140.413274,36.594966],[140.413508,36.595164],[140.413622,36.5953]]}},{"type":"Feature","properties":{"id":198941542,"highway":"unclassified"},"geometry":{"type":"LineString","coordinates":[[140.419224,36.528683],[140.419234,36.528614],[140.419471,36.528185],[140.419561,36.528102],[140.419664,36.528025],[140.420099,36.527665],[140.420144,36.527621],[140.420157,36.527541]]}},{"type":"Feature","properties":{"id":198941549,"highway":"residential"},"geometry":{"type":"LineString","coordinates":[[140.42653,36.57555],[140.426614,36.575578],[140.426877,36.575619],[140.427038,36.575657],[140.42733,36.575813],[140.427465,36.575837],[140.42756,36.575832],[140.428376,36.575662]]}},{"type":"Feature","properties":{"id":198941551,"highway":"unclassified"},"geometry":{"type":"LineString","coordinates":[[140.399833,36.570794],[140.399999,36.570815],[140.400174,36.570877],[140.400484,36.571044],[140.401034,36.571337],[140.401232,36.571424],[140.40141,36.5715]]}},{"type":"Feature","properties":{"id":198941553,"highway":"unclassified"},"geometry":{"type":"LineString","coordinates":[[140.429336,36.554716],[140.429792,36.554845],[140.430217,36.554981],[140.430533,36.555128],[140.430637,36.555152],[140.431175,36.5552],[140.43149,36.55522],[140.43179,36.555215]]}},{"type":"Feature","properties":{"id":198941556,"highway":"tertiary"},"geometry":{"type":"LineString","coordinates":[[140.412151,36.521103],[140.412246,36.520935],[140.412786,36.520132]]}},{"type":"Feature","properties":{"id":198941559,"highway":"residential"},"geometry":{"type":"LineString","coordinates":[[140.411813,36.542634],[140.412541,36.542303],[140.412612,36.542265],[140.412658,36.5422],[140.412683,36.542128],[140.412717,36.541984],[140.412926,36.542023],[140.41309,36.542024],[140.413276,36.542011],[140.413811,36.541948],[140.413956,36.541939],[140.414345,36.541982]]}},{"type":"Feature","properties":{"id":198941561,"highway":"residential"},"geometry":{"type":"LineString","coordinates":[[140.412623,36.532038],[140.412857,36.531936],[140.413446,36.531417],[140.41377,36.531115],[140.414077,36.53097],[140.414414,36.530867],[140.415629,36.530681],[140.416026,36.530609]]}},{"type":"Feature","properties":{"id":198941575,"highway":"unclassified"},"geometry":{"type":"LineString","coordinates":[[140.435445,36.548317],[140.435566,36.548277],[140.435637,36.548203],[140.435861,36.547963],[140.435982,36.547815],[140.436126,36.547651],[140.436251,36.547456]]}},{"type":"Feature","properties":{"id":198941576,"highway":"unclassified"},"geometry":{"type":"LineString","coordinates":[[140.415619,36.599692],[140.415721,36.599697],[140.415827,36.599674],[140.416046,36.599595],[140.4162,36.599513],[140.416348,36.599425],[140.416434,36.599335],[140.416669,36.599135],[140.416821,36.598992]]}},{"type":"Feature","properties":{"id":198941580,"highway":"unclassified"},"geometry":{"type":"LineString","coordinates":[[140.414774,36.521641],[140.41476,36.521816],[140.414761,36.522047],[140.414781,36.522103],[140.414821,36.522169],[140.414906,36.522224],[140.415042,36.522261],[140.415195,36.522255],[140.415548,36.522242]]}},{"type":"Feature","properties":{"id":198941585,"highway":"unclassified"},"geometry":{"type":"LineString","coordinates":[[140.413855,36.53456],[140.413923,36.534568],[140.413997,36.534586],[140.414355,36.5347],[140.414503,36.534746],[140.414594,36.534756],[140.414777,36.534753],[140.415206,36.534728],[140.415707,36.534717],[140.415721,36.534718],[140.416,36.534732]]}},{"type":"Feature","properties":{"id":198941588,"highway":"service"},"geometry":{"type":"LineString","coordinates":[[140.399107,36.574305],[140.399225,36.574273],[140.399307,36.574239],[140.39933,36.574193],[140.399411,36.574082],[140.399718,36.573867],[140.399874,36.573693],[140.400167,36.573334],[140.400177,36.573322]]}},{"type":"Feature","properties":{"id":198941591,"highway":"unclassified"},"geometry":{"type":"LineString","coordinates":[[140.42273,36.540048],[140.422686,36.540108],[140.422484,36.540379],[140.422298,36.540675],[140.422202,36.540926],[140.422182,36.541079],[140.422224,36.54126],[140.422333,36.541693]]}},{"type":"Feature","properties":{"id":198941599,"highway":"residential"},"geometry":{"type":"LineString","coordinates":[[140.45082,36.518042],[140.450786,36.518314],[140.450693,36.518619],[140.450655,36.518733],[140.450669,36.518786],[140.450747,36.518857],[140.45094,36.519011],[140.451139,36.519346]]}},{"type":"Feature","properties":{"id":198941656,"highway":"residential"},"geometry":{"type":"LineString","coordinates":[[140.404703,36.524765],[140.404631,36.52446],[140.404676,36.524335],[140.405043,36.52414],[140.405288,36.523866],[140.40534,36.523617]]}},{"type":"Feature","properties":{"id":198941660,"highway":"unclassified"},"geometry":{"type":"LineString","coordinates":[[140.427444,36.529563],[140.427941,36.529942],[140.428275,36.530186],[140.428458,36.530251],[140.429092,36.530496],[140.429332,36.530692],[140.429703,36.530867],[140.429889,36.530963],[140.430082,36.531036]]}},{"type":"Feature","properties":{"id":198941663,"highway":"unclassified"},"geometry":{"type":"LineString","coordinates":[[140.409645,36.513295],[140.409754,36.513184],[140.409904,36.513023],[140.410018,36.512892],[140.410122,36.512833],[140.410266,36.51281],[140.410435,36.512797],[140.410579,36.512745],[140.410696,36.512622],[140.410759,36.512497],[140.410879,36.512422]]}},{"type":"Feature","properties":{"id":198941671,"highway":"residential"},"geometry":{"type":"LineString","coordinates":[[140.425054,36.5612],[140.425593,36.561205],[140.425863,36.561165],[140.426556,36.560909],[140.426641,36.560827],[140.426748,36.560547],[140.426797,36.560462],[140.426869,36.560407],[140.42699,36.560334]]}},{"type":"Feature","properties":{"id":198941677,"highway":"unclassified"},"geometry":{"type":"LineString","coordinates":[[140.406851,36.597819],[140.406995,36.597509],[140.407018,36.597224],[140.407025,36.597003],[140.407031,36.596701],[140.407088,36.596563],[140.407258,36.596375],[140.407413,36.596193],[140.407505,36.596104]]}},{"type":"Feature","properties":{"id":198941683,"highway":"residential"},"geometry":{"type":"LineString","coordinates":[[140.422698,36.568315],[140.423029,36.568338],[140.423198,36.568322],[140.423276,36.56827],[140.423476,36.567868],[140.42356,36.567769],[140.423633,36.567666],[140.423744,36.567489],[140.423849,36.567217]]}},{"type":"Feature","properties":{"id":198941695,"highway":"residential"},"geometry":{"type":"LineString","coordinates":[[140.411575,36.592104],[140.412044,36.591808],[140.413972,36.590846]]}},{"type":"Feature","properties":{"id":198941698,"highway":"unclassified"},"geometry":{"type":"LineString","coordinates":[[140.421601,36.518889],[140.421427,36.519144],[140.421399,36.519242],[140.421399,36.519319],[140.421412,36.519399],[140.421408,36.5196],[140.421487,36.519777],[140.421589,36.519995],[140.421625,36.520054]]}},{"type":"Feature","properties":{"id":198941711,"highway":"residential"},"geometry":{"type":"LineString","coordinates":[[140.416699,36.582251],[140.41676,36.582256],[140.417099,36.582241],[140.417398,36.582171],[140.417568,36.582139],[140.41789,36.58215]]}},{"type":"Feature","properties":{"id":198941712,"highway":"unclassified"},"geometry":{"type":"LineString","coordinates":[[140.401302,36.5717],[140.401812,36.572011],[140.401831,36.572131],[140.401668,36.572601],[140.401676,36.572694],[140.401902,36.573021],[140.401928,36.573069],[140.401915,36.573103],[140.401814,36.573256],[140.401817,36.573334],[140.401874,36.573386],[140.402065,36.573564]]}},{"type":"Feature","properties":{"id":198941718,"highway":"unclassified"},"geometry":{"type":"LineString","coordinates":[[140.410885,36.513285],[140.411139,36.51327],[140.411465,36.513301],[140.411772,36.513318],[140.411928,36.513248]]}},{"type":"Feature","properties":{"id":198941728,"highway":"residential"},"geometry":{"type":"LineString","coordinates":[[140.422968,36.521647],[140.423065,36.521329],[140.423165,36.52116],[140.423284,36.520841],[140.423388,36.520701],[140.423618,36.52051],[140.42373,36.520357],[140.423901,36.520024],[140.424082,36.519805],[140.42439,36.519542]]}},{"type":"Feature","properties":{"id":198941734,"highway":"residential"},"geometry":{"type":"LineString","coordinates":[[140.4016,36.550837],[140.400463,36.550719],[140.400413,36.550758],[140.400161,36.550713],[140.400175,36.550627],[140.400418,36.550657],[140.400463,36.550719]]}},{"type":"Feature","properties":{"id":198941741,"highway":"unclassified"},"geometry":{"type":"LineString","coordinates":[[140.406031,36.580245],[140.405976,36.5802]]}},{"type":"Feature","properties":{"id":198941747,"highway":"unclassified"},"geometry":{"type":"LineString","coordinates":[[140.408109,36.555083],[140.407861,36.555291],[140.407696,36.555445],[140.407585,36.555533],[140.40746,36.555612],[140.407395,36.555639],[140.407342,36.555644],[140.40727,36.555646],[140.407187,36.555654],[140.4071,36.555647],[140.407001,36.555622]]}},{"type":"Feature","properties":{"id":198941749,"highway":"unclassified"},"geometry":{"type":"LineString","coordinates":[[140.400177,36.573322],[140.400261,36.573089],[140.400296,36.573007],[140.400341,36.572646],[140.400386,36.572494],[140.400428,36.572423],[140.400477,36.572359],[140.400736,36.5721],[140.401302,36.5717]]}},{"type":"Feature","properties":{"id":199030900,"highway":"unclassified"},"geometry":{"type":"LineString","coordinates":[[140.469122,36.500902],[140.469416,36.501118],[140.469774,36.501385],[140.46995,36.501519],[140.470247,36.501729],[140.470388,36.50178],[140.470531,36.501809],[140.47068,36.501841],[140.471079,36.501855]]}},{"type":"Feature","properties":{"id":199030923,"highway":"residential"},"geometry":{"type":"LineString","coordinates":[[140.443822,36.507078],[140.443905,36.507102],[140.444302,36.507114],[140.444558,36.507162],[140.444885,36.507284],[140.445089,36.507348],[140.44514,36.507354],[140.445187,36.507346],[140.445225,36.507329],[140.446188,36.506461],[140.446569,36.506133],[140.446582,36.506092]]}},{"type":"Feature","properties":{"id":199030927,"highway":"unclassified"},"geometry":{"type":"LineString","coordinates":[[140.42379,36.509928],[140.424377,36.509769],[140.424428,36.509751],[140.424506,36.509684],[140.424549,36.509626],[140.424875,36.508809],[140.425005,36.508446],[140.425179,36.508152],[140.425265,36.508048],[140.425352,36.507961],[140.425431,36.507895]]}},{"type":"Feature","properties":{"id":199030965,"highway":"tertiary"},"geometry":{"type":"LineString","coordinates":[[140.415558,36.501782],[140.415632,36.50136],[140.415756,36.500692],[140.415817,36.500546],[140.415951,36.500431],[140.416079,36.500355],[140.416241,36.500321],[140.416456,36.500321],[140.417596,36.500317]]}},{"type":"Feature","properties":{"id":199030978,"highway":"unclassified"},"geometry":{"type":"LineString","coordinates":[[140.425431,36.507895],[140.425529,36.50785],[140.42595,36.50771],[140.426232,36.507646],[140.426545,36.507604],[140.426773,36.507535],[140.427195,36.50738],[140.427398,36.507347],[140.427967,36.507369],[140.428057,36.507355],[140.428265,36.507334]]}},{"type":"Feature","properties":{"id":199031126,"highway":"residential"},"geometry":{"type":"LineString","coordinates":[[140.45494,36.501005],[140.454725,36.500896],[140.45466,36.500819],[140.45458,36.500465],[140.454519,36.500399],[140.454276,36.500309],[140.453932,36.500214],[140.45373,36.500206],[140.453444,36.500185],[140.453115,36.500157],[140.452829,36.500175],[140.45273,36.500229],[140.452656,36.500302],[140.452423,36.500163],[140.451941,36.499712]]}},{"type":"Feature","properties":{"id":199031157,"highway":"unclassified"},"geometry":{"type":"LineString","coordinates":[[140.420169,36.510181],[140.420764,36.510176],[140.421303,36.510209],[140.421583,36.510225],[140.421835,36.51039],[140.422001,36.510426],[140.422195,36.510432],[140.422376,36.510392],[140.422892,36.510253],[140.423223,36.510217],[140.423436,36.510243],[140.423485,36.510247],[140.423535,36.510222],[140.423682,36.510096]]}},{"type":"Feature","properties":{"id":199031196,"highway":"unclassified"},"geometry":{"type":"LineString","coordinates":[[140.432551,36.512447],[140.432719,36.512453],[140.432935,36.512428],[140.433024,36.512415],[140.433144,36.512413],[140.433673,36.512653],[140.434052,36.512808],[140.434125,36.51283],[140.43421,36.512842],[140.434351,36.512807],[140.434461,36.512732],[140.434793,36.512503],[140.435128,36.512388],[140.435298,36.512354]]}},{"type":"Feature","properties":{"id":199031198,"highway":"unclassified"},"geometry":{"type":"LineString","coordinates":[[140.447623,36.503858],[140.447332,36.5045],[140.447246,36.504715],[140.44716,36.50506],[140.447162,36.505309],[140.447149,36.505508],[140.447158,36.505854],[140.44719,36.505904],[140.447309,36.506015],[140.447284,36.506272],[140.447211,36.506538],[140.447037,36.506743],[140.44709,36.506791],[140.448564,36.508243]]}},{"type":"Feature","properties":{"id":199031224,"highway":"residential"},"geometry":{"type":"LineString","coordinates":[[140.477294,36.496444],[140.476443,36.496755],[140.476226,36.496943],[140.47601,36.497237],[140.475808,36.497404],[140.47531,36.497673],[140.475268,36.49763],[140.474387,36.498292],[140.474355,36.498373],[140.474394,36.498455],[140.473907,36.499065],[140.473452,36.49953],[140.473177,36.499711],[140.472871,36.49997],[140.472654,36.500132],[140.472276,36.500403]]}},{"type":"Feature","properties":{"id":199031225,"highway":"unclassified"},"geometry":{"type":"LineString","coordinates":[[140.420169,36.510181],[140.420212,36.510053],[140.420336,36.509781],[140.420404,36.509576],[140.420431,36.509234],[140.420504,36.508876],[140.420538,36.508778],[140.420604,36.508703],[140.421344,36.508011],[140.42174,36.50774],[140.42179,36.507663],[140.421812,36.507588],[140.421824,36.507295],[140.421861,36.507203]]}},{"type":"Feature","properties":{"id":199031237,"highway":"unclassified"},"geometry":{"type":"LineString","coordinates":[[140.435298,36.512354],[140.435522,36.512362],[140.435801,36.512373],[140.436444,36.5123],[140.436612,36.512276],[140.437254,36.512273],[140.437459,36.512251],[140.437658,36.512188],[140.437769,36.51217],[140.437896,36.512184],[140.438066,36.512229],[140.438328,36.512331],[140.438552,36.51248],[140.438709,36.512539],[140.439167,36.512545]]}},{"type":"Feature","properties":{"id":199031296,"highway":"unclassified"},"geometry":{"type":"LineString","coordinates":[[140.43864,36.508693],[140.438725,36.50879]]}},{"type":"Feature","properties":{"id":199031411,"highway":"tertiary"},"geometry":{"type":"LineString","coordinates":[[140.452919,36.511986],[140.452895,36.511467]]}},{"type":"Feature","properties":{"id":199031427,"highway":"unclassified"},"geometry":{"type":"LineString","coordinates":[[140.438474,36.504055],[140.438852,36.504249],[140.439212,36.504434],[140.439409,36.504536]]}},{"type":"Feature","properties":{"id":199031461,"highway":"residential"},"geometry":{"type":"LineString","coordinates":[[140.431916,36.505833],[140.432097,36.505176]]}},{"type":"Feature","properties":{"id":199031464,"highway":"secondary"},"geometry":{"type":"LineString","coordinates":[[140.438048,36.505941],[140.437944,36.505832],[140.437906,36.505768],[140.437781,36.505321],[140.437763,36.505251],[140.437679,36.504923],[140.437555,36.504418],[140.437306,36.503422],[140.43729,36.50326],[140.43728,36.503177]]}},{"type":"Feature","properties":{"id":199031507,"highway":"unclassified"},"geometry":{"type":"LineString","coordinates":[[140.424189,36.49991],[140.42382,36.500153]]}},{"type":"Feature","properties":{"id":199031516,"highway":"service"},"geometry":{"type":"LineString","coordinates":[[140.42382,36.500153],[140.423246,36.500518]]}},{"type":"Feature","properties":{"id":199031581,"highway":"residential"},"geometry":{"type":"LineString","coordinates":[[140.44373,36.504449],[140.443805,36.504544],[140.444245,36.504589],[140.444499,36.504723],[140.44511,36.505201]]}},{"type":"Feature","properties":{"id":199031600,"highway":"service"},"geometry":{"type":"LineString","coordinates":[[140.450859,36.501827],[140.451203,36.502196],[140.451084,36.502294],[140.451358,36.502576],[140.451325,36.502679],[140.451266,36.502866],[140.451229,36.503018],[140.451195,36.503081],[140.450951,36.503214]]}},{"type":"Feature","properties":{"id":199031634,"highway":"residential"},"geometry":{"type":"LineString","coordinates":[[140.437914,36.508053],[140.438811,36.507824]]}},{"type":"Feature","properties":{"id":199031696,"highway":"residential"},"geometry":{"type":"LineString","coordinates":[[140.4314,36.507798],[140.431592,36.507034]]}},{"type":"Feature","properties":{"id":199031736,"highway":"tertiary"},"geometry":{"type":"LineString","coordinates":[[140.478198,36.497455],[140.476208,36.498651],[140.475195,36.499259],[140.47343,36.50032]]}},{"type":"Feature","properties":{"id":199031766,"highway":"unclassified"},"geometry":{"type":"LineString","coordinates":[[140.434613,36.510301],[140.434662,36.510187],[140.434952,36.509676]]}},{"type":"Feature","properties":{"id":199031771,"highway":"unclassified"},"geometry":{"type":"LineString","coordinates":[[140.439409,36.504536],[140.439865,36.504783]]}},{"type":"Feature","properties":{"id":199031844,"highway":"unclassified"},"geometry":{"type":"LineString","coordinates":[[140.458912,36.504669],[140.459457,36.504311],[140.460078,36.503932],[140.462004,36.5028],[140.463946,36.501664],[140.465857,36.500539],[140.467771,36.499428],[140.469689,36.498304],[140.471611,36.497173],[140.47172,36.49711],[140.473421,36.496108],[140.473519,36.496049],[140.473915,36.495826],[140.474808,36.495299],[140.476339,36.494481],[140.476713,36.494252],[140.477025,36.494093],[140.477099,36.494065],[140.477675,36.493848],[140.477834,36.493759],[140.477982,36.493629],[140.478179,36.493428],[140.478357,36.493279],[140.478959,36.492884],[140.479101,36.49281],[140.479364,36.492733],[140.47963,36.492659],[140.480159,36.492463],[140.480799,36.49219],[140.481126,36.49207],[140.481405,36.491995],[140.481835,36.491918],[140.482118,36.491878],[140.482266,36.491825],[140.483008,36.491481]]}},{"type":"Feature","properties":{"id":199031866,"highway":"residential"},"geometry":{"type":"LineString","coordinates":[[140.429263,36.50379],[140.432292,36.504233]]}},{"type":"Feature","properties":{"id":199031873,"highway":"residential"},"geometry":{"type":"LineString","coordinates":[[140.444142,36.501849],[140.443968,36.501976]]}},{"type":"Feature","properties":{"id":199031917,"highway":"unclassified"},"geometry":{"type":"LineString","coordinates":[[140.450829,36.499989],[140.451206,36.500289]]}},{"type":"Feature","properties":{"id":199031976,"highway":"unclassified"},"geometry":{"type":"LineString","coordinates":[[140.436865,36.507104],[140.436917,36.507151],[140.437314,36.507505],[140.437914,36.508053]]}},{"type":"Feature","properties":{"id":199031980,"highway":"residential"},"geometry":{"type":"LineString","coordinates":[[140.428449,36.506582],[140.431592,36.507034]]}},{"type":"Feature","properties":{"id":199032010,"highway":"residential"},"geometry":{"type":"LineString","coordinates":[[140.435155,36.504628],[140.435312,36.503646]]}},{"type":"Feature","properties":{"id":199032035,"highway":"unclassified"},"geometry":{"type":"LineString","coordinates":[[140.423936,36.503263],[140.42425,36.50285]]}},{"type":"Feature","properties":{"id":199032074,"highway":"unclassified"},"geometry":{"type":"LineString","coordinates":[[140.428838,36.504726],[140.432097,36.505176]]}},{"type":"Feature","properties":{"id":199032116,"highway":"unclassified"},"geometry":{"type":"LineString","coordinates":[[140.434759,36.5152],[140.436751,36.514147]]}},{"type":"Feature","properties":{"id":199032137,"highway":"residential"},"geometry":{"type":"LineString","coordinates":[[140.434873,36.507185],[140.434907,36.50654]]}},{"type":"Feature","properties":{"id":199032163,"highway":"residential"},"geometry":{"type":"LineString","coordinates":[[140.430242,36.508724],[140.43038,36.508776],[140.43047,36.508799],[140.430738,36.508832],[140.4312,36.508959],[140.431512,36.509063],[140.431764,36.509181],[140.432173,36.509266]]}},{"type":"Feature","properties":{"id":199032202,"highway":"unclassified"},"geometry":{"type":"LineString","coordinates":[[140.448564,36.508243],[140.449806,36.509483],[140.449865,36.509543]]}},{"type":"Feature","properties":{"id":199032224,"highway":"unclassified"},"geometry":{"type":"LineString","coordinates":[[140.454381,36.506254],[140.454936,36.506813]]}},{"type":"Feature","properties":{"id":199032335,"highway":"unclassified"},"geometry":{"type":"LineString","coordinates":[[140.440246,36.513346],[140.440462,36.513562],[140.441274,36.514379],[140.441381,36.51456]]}},{"type":"Feature","properties":{"id":199032336,"highway":"residential"},"geometry":{"type":"LineString","coordinates":[[140.434907,36.50654],[140.435427,36.506644],[140.435863,36.506697],[140.436106,36.506758]]}},{"type":"Feature","properties":{"id":199032354,"highway":"residential"},"geometry":{"type":"LineString","coordinates":[[140.432097,36.505176],[140.432292,36.504233]]}},{"type":"Feature","properties":{"id":199032492,"highway":"unclassified"},"geometry":{"type":"LineString","coordinates":[[140.434032,36.50872],[140.433958,36.509058],[140.433957,36.509161],[140.434003,36.509254]]}},{"type":"Feature","properties":{"id":199032504,"highway":"residential"},"geometry":{"type":"LineString","coordinates":[[140.435067,36.507906],[140.435026,36.507868],[140.434873,36.507185]]}},{"type":"Feature","properties":{"id":199032595,"highway":"unclassified"},"geometry":{"type":"LineString","coordinates":[[140.433574,36.51113],[140.434381,36.510756],[140.434613,36.510301]]}},{"type":"Feature","properties":{"id":199032610,"highway":"unclassified"},"geometry":{"type":"LineString","coordinates":[[140.434952,36.509676],[140.436241,36.509959],[140.436674,36.510039],[140.437031,36.5101],[140.437131,36.510115]]}},{"type":"Feature","properties":{"id":199032708,"highway":"residential"},"geometry":{"type":"LineString","coordinates":[[140.435312,36.503646],[140.435544,36.502841]]}},{"type":"Feature","properties":{"id":199032758,"highway":"unclassified"},"geometry":{"type":"LineString","coordinates":[[140.44043,36.503552],[140.440291,36.503485],[140.440219,36.503493],[140.440145,36.503556],[140.440101,36.503561],[140.439923,36.50348],[140.439877,36.503492]]}},{"type":"Feature","properties":{"id":199032775,"highway":"residential"},"geometry":{"type":"LineString","coordinates":[[140.43573,36.501193],[140.435906,36.500701],[140.436116,36.500113],[140.436366,36.499453],[140.436672,36.498674]]}},{"type":"Feature","properties":{"id":199032790,"highway":"residential"},"geometry":{"type":"LineString","coordinates":[[140.432292,36.504233],[140.433605,36.504399]]}},{"type":"Feature","properties":{"id":199032808,"highway":"unclassified"},"geometry":{"type":"LineString","coordinates":[[140.455815,36.507697],[140.456016,36.507893]]}},{"type":"Feature","properties":{"id":199032884,"highway":"unclassified"},"geometry":{"type":"LineString","coordinates":[[140.456016,36.507893],[140.456735,36.508616]]}},{"type":"Feature","properties":{"id":199032892,"highway":"residential"},"geometry":{"type":"LineString","coordinates":[[140.434907,36.50654],[140.434953,36.505561]]}},{"type":"Feature","properties":{"id":199032971,"highway":"tertiary"},"geometry":{"type":"LineString","coordinates":[[140.456735,36.508616],[140.456812,36.508566]]}},{"type":"Feature","properties":{"id":199033024,"highway":"unclassified"},"geometry":{"type":"LineString","coordinates":[[140.428072,36.507281],[140.428265,36.507334]]}},{"type":"Feature","properties":{"id":199033055,"highway":"unclassified"},"geometry":{"type":"LineString","coordinates":[[140.436578,36.506786],[140.436865,36.507104]]}},{"type":"Feature","properties":{"id":199033128,"highway":"tertiary"},"geometry":{"type":"LineString","coordinates":[[140.417596,36.500317],[140.417895,36.49956]]}},{"type":"Feature","properties":{"id":199033134,"highway":"residential"},"geometry":{"type":"LineString","coordinates":[[140.431592,36.507034],[140.431916,36.505833]]}},{"type":"Feature","properties":{"id":199033182,"highway":"unclassified"},"geometry":{"type":"LineString","coordinates":[[140.455192,36.507065],[140.455815,36.507697]]}},{"type":"Feature","properties":{"id":199033261,"highway":"residential"},"geometry":{"type":"LineString","coordinates":[[140.434953,36.505561],[140.435155,36.504628]]}},{"type":"Feature","properties":{"id":199033288,"highway":"residential"},"geometry":{"type":"LineString","coordinates":[[140.436106,36.506758],[140.436436,36.506882]]}},{"type":"Feature","properties":{"id":199033385,"highway":"residential"},"geometry":{"type":"LineString","coordinates":[[140.432211,36.505936],[140.432344,36.505929],[140.433972,36.506317],[140.434907,36.50654]]}},{"type":"Feature","properties":{"id":199033386,"highway":"unclassified"},"geometry":{"type":"LineString","coordinates":[[140.43864,36.508693],[140.438811,36.507824]]}},{"type":"Feature","properties":{"id":199033400,"highway":"unclassified"},"geometry":{"type":"LineString","coordinates":[[140.432876,36.50857],[140.432816,36.508492],[140.432715,36.507453]]}},{"type":"Feature","properties":{"id":199033439,"highway":"tertiary"},"geometry":{"type":"LineString","coordinates":[[140.47343,36.50032],[140.472797,36.50069]]}},{"type":"Feature","properties":{"id":199033447,"highway":"tertiary"},"geometry":{"type":"LineString","coordinates":[[140.452896,36.511434],[140.452895,36.511467]]}},{"type":"Feature","properties":{"id":199033479,"highway":"unclassified"},"geometry":{"type":"LineString","coordinates":[[140.427917,36.503252],[140.427965,36.503379]]}},{"type":"Feature","properties":{"id":199033540,"highway":"unclassified"},"geometry":{"type":"LineString","coordinates":[[140.469122,36.500902],[140.468968,36.500769],[140.467771,36.499428],[140.466412,36.497931],[140.466392,36.497907],[140.466363,36.497873],[140.465683,36.497109]]}},{"type":"Feature","properties":{"id":199033550,"highway":"unclassified"},"geometry":{"type":"LineString","coordinates":[[140.454936,36.506813],[140.455192,36.507065]]}},{"type":"Feature","properties":{"id":199033727,"highway":"unclassified"},"geometry":{"type":"LineString","coordinates":[[140.448292,36.501365],[140.448299,36.501436],[140.448345,36.501532],[140.448434,36.501619],[140.448567,36.501739],[140.448871,36.501978],[140.448983,36.502034],[140.449219,36.502238],[140.449543,36.502556],[140.449829,36.502859],[140.450112,36.503217],[140.450194,36.503352],[140.450309,36.503507],[140.450471,36.503722],[140.45055,36.503828],[140.450637,36.503934],[140.450734,36.504025],[140.450835,36.504107],[140.451148,36.504321],[140.451249,36.504389],[140.45169,36.504639],[140.451789,36.504677],[140.451903,36.50471],[140.452021,36.504742],[140.452386,36.504748],[140.452584,36.504752],[140.452714,36.504763],[140.452777,36.504778],[140.452833,36.5048],[140.452899,36.504829],[140.452978,36.504883],[140.45305,36.50494],[140.453241,36.505127],[140.453562,36.505432]]}},{"type":"Feature","properties":{"id":199033769,"highway":"unclassified"},"geometry":{"type":"LineString","coordinates":[[140.438811,36.507824],[140.438914,36.507078],[140.439826,36.506734],[140.440584,36.506449]]}},{"type":"Feature","properties":{"id":199033774,"highway":"unclassified"},"geometry":{"type":"LineString","coordinates":[[140.434079,36.509401],[140.434157,36.509545],[140.43419,36.509588],[140.434243,36.509625],[140.434322,36.50966],[140.434416,36.509679],[140.434514,36.509691],[140.434952,36.509676]]}},{"type":"Feature","properties":{"id":199033819,"highway":"unclassified"},"geometry":{"type":"LineString","coordinates":[[140.453562,36.505432],[140.454073,36.505939],[140.454381,36.506254]]}},{"type":"Feature","properties":{"id":199033826,"highway":"unclassified"},"geometry":{"type":"LineString","coordinates":[[140.469122,36.500902],[140.469599,36.500481],[140.470283,36.500058],[140.470899,36.499627],[140.471215,36.499375],[140.471436,36.499192],[140.471658,36.49905],[140.471788,36.498971],[140.472116,36.498772],[140.472621,36.498434],[140.472881,36.498262],[140.473408,36.497927],[140.473975,36.497535],[140.4744,36.497226],[140.474622,36.497082],[140.474792,36.496972],[140.475158,36.496786],[140.475629,36.49655],[140.476007,36.496373],[140.476294,36.49623],[140.476893,36.49606],[140.477057,36.495967],[140.477437,36.495702],[140.477906,36.495548],[140.478084,36.49546],[140.478156,36.495352],[140.478142,36.495244],[140.478003,36.495101],[140.477987,36.495018],[140.478076,36.494774],[140.478199,36.494538],[140.478424,36.494247],[140.478552,36.494092],[140.47864,36.493919]]}},{"type":"Feature","properties":{"id":199033830,"highway":"residential"},"geometry":{"type":"LineString","coordinates":[[140.428838,36.504726],[140.428824,36.504814],[140.428449,36.506582]]}},{"type":"Feature","properties":{"id":199033950,"highway":"unclassified"},"geometry":{"type":"LineString","coordinates":[[140.427965,36.503379],[140.428009,36.503486]]}},{"type":"Feature","properties":{"id":199033961,"highway":"tertiary"},"geometry":{"type":"LineString","coordinates":[[140.472276,36.500403],[140.472424,36.500494],[140.472726,36.500669],[140.472797,36.50069]]}},{"type":"Feature","properties":{"id":199033979,"highway":"residential"},"geometry":{"type":"LineString","coordinates":[[140.421861,36.507203],[140.42324,36.507622],[140.423597,36.507678]]}},{"type":"Feature","properties":{"id":199034069,"highway":"tertiary"},"geometry":{"type":"LineString","coordinates":[[140.438102,36.510971],[140.43811,36.510594],[140.438131,36.510532]]}},{"type":"Feature","properties":{"id":199034075,"highway":"unclassified"},"geometry":{"type":"LineString","coordinates":[[140.43709,36.508237],[140.43761,36.508138],[140.437914,36.508053]]}},{"type":"Feature","properties":{"id":199034083,"highway":"unclassified"},"geometry":{"type":"LineString","coordinates":[[140.42425,36.50285],[140.424817,36.502054],[140.425125,36.501568]]}},{"type":"Feature","properties":{"id":199034114,"highway":"unclassified"},"geometry":{"type":"LineString","coordinates":[[140.417653,36.502769],[140.418273,36.502954],[140.418752,36.503074]]}},{"type":"Feature","properties":{"id":199034127,"highway":"unclassified"},"geometry":{"type":"LineString","coordinates":[[140.448099,36.500014],[140.448078,36.499916],[140.448033,36.499792],[140.447943,36.499488]]}},{"type":"Feature","properties":{"id":199034171,"highway":"residential"},"geometry":{"type":"LineString","coordinates":[[140.416136,36.502109],[140.415676,36.501822],[140.415558,36.501782]]}},{"type":"Feature","properties":{"id":199034174,"highway":"tertiary"},"geometry":{"type":"LineString","coordinates":[[140.458795,36.507334],[140.459298,36.507033],[140.459588,36.506795],[140.459999,36.506454],[140.460419,36.506091],[140.46053,36.505992]]}},{"type":"Feature","properties":{"id":199034206,"highway":"residential"},"geometry":{"type":"LineString","coordinates":[[140.439923,36.500799],[140.440841,36.501017],[140.441359,36.5011]]}},{"type":"Feature","properties":{"id":199034232,"highway":"unclassified"},"geometry":{"type":"LineString","coordinates":[[140.432097,36.505176],[140.434109,36.505447],[140.434953,36.505561]]}},{"type":"Feature","properties":{"id":199034262,"highway":"unclassified"},"geometry":{"type":"LineString","coordinates":[[140.438671,36.503256],[140.438911,36.503194],[140.439018,36.503129],[140.439346,36.502933],[140.439383,36.502886],[140.439412,36.502783]]}},{"type":"Feature","properties":{"id":199034274,"highway":"unclassified"},"geometry":{"type":"LineString","coordinates":[[140.449865,36.509543],[140.450698,36.510366]]}},{"type":"Feature","properties":{"id":199034323,"highway":"unclassified"},"geometry":{"type":"LineString","coordinates":[[140.436751,36.514147],[140.438277,36.513332],[140.438852,36.513034],[140.438956,36.513015]]}},{"type":"Feature","properties":{"id":199034355,"highway":"unclassified"},"geometry":{"type":"LineString","coordinates":[[140.4314,36.507798],[140.431507,36.507829],[140.431613,36.50785]]}},{"type":"Feature","properties":{"id":199034456,"highway":"unclassified"},"geometry":{"type":"LineString","coordinates":[[140.423682,36.510096],[140.423742,36.510051],[140.42379,36.509928]]}},{"type":"Feature","properties":{"id":199034466,"highway":"unclassified"},"geometry":{"type":"LineString","coordinates":[[140.437574,36.503174],[140.437604,36.503226],[140.437919,36.503276],[140.438197,36.503311]]}},{"type":"Feature","properties":{"id":199034541,"highway":"unclassified"},"geometry":{"type":"LineString","coordinates":[[140.422745,36.505337],[140.423219,36.504387]]}},{"type":"Feature","properties":{"id":199034600,"highway":"residential"},"geometry":{"type":"LineString","coordinates":[[140.432715,36.507453],[140.432969,36.507434],[140.43345,36.507316],[140.43387,36.507266],[140.434249,36.507221],[140.434873,36.507185]]}},{"type":"Feature","properties":{"id":199034624,"highway":"residential"},"geometry":{"type":"LineString","coordinates":[[140.449595,36.500803],[140.449981,36.501162]]}},{"type":"Feature","properties":{"id":199034633,"highway":"unclassified"},"geometry":{"type":"LineString","coordinates":[[140.437933,36.504593],[140.438022,36.50453],[140.43831,36.504229],[140.438474,36.504055]]}},{"type":"Feature","properties":{"id":199034674,"highway":"residential"},"geometry":{"type":"LineString","coordinates":[[140.44239,36.499824],[140.442533,36.499863],[140.443239,36.499951],[140.443668,36.499982],[140.445081,36.500128]]}},{"type":"Feature","properties":{"id":199034748,"highway":"residential"},"geometry":{"type":"LineString","coordinates":[[140.434873,36.507185],[140.435221,36.50712],[140.435835,36.506884],[140.436106,36.506758]]}},{"type":"Feature","properties":{"id":199034822,"highway":"residential"},"geometry":{"type":"LineString","coordinates":[[140.436106,36.506758],[140.436466,36.506604],[140.436841,36.506525],[140.436939,36.50653]]}},{"type":"Feature","properties":{"id":199034861,"highway":"unclassified"},"geometry":{"type":"LineString","coordinates":[[140.438197,36.503311],[140.438671,36.503256]]}},{"type":"Feature","properties":{"id":199034978,"highway":"unclassified"},"geometry":{"type":"LineString","coordinates":[[140.432211,36.505936],[140.432154,36.505913],[140.431916,36.505833]]}},{"type":"Feature","properties":{"id":199034985,"highway":"residential"},"geometry":{"type":"LineString","coordinates":[[140.432177,36.511676],[140.432443,36.511679],[140.432499,36.511719],[140.4326,36.511802],[140.432683,36.511854],[140.43282,36.511899],[140.432972,36.511907],[140.433461,36.511891],[140.433435,36.511626],[140.43345,36.511363],[140.433574,36.51113]]}},{"type":"Feature","properties":{"id":199034987,"highway":"unclassified"},"geometry":{"type":"LineString","coordinates":[[140.434952,36.509676],[140.434973,36.508866],[140.434986,36.508767],[140.435031,36.508682]]}},{"type":"Feature","properties":{"id":199035048,"highway":"tertiary"},"geometry":{"type":"LineString","coordinates":[[140.414119,36.502772],[140.414524,36.502472],[140.414834,36.50219],[140.415337,36.502053],[140.415432,36.502013],[140.415502,36.501936],[140.415558,36.501782]]}},{"type":"Feature","properties":{"id":199035090,"highway":"unclassified"},"geometry":{"type":"LineString","coordinates":[[140.448292,36.501365],[140.4488,36.501213],[140.449081,36.501099],[140.449264,36.50103],[140.449431,36.500943],[140.449595,36.500803]]}},{"type":"Feature","properties":{"id":199035095,"highway":"tertiary"},"geometry":{"type":"LineString","coordinates":[[140.445159,36.498418],[140.44521,36.498666],[140.44522,36.498733],[140.445222,36.498818],[140.445217,36.498893],[140.44519,36.499042],[140.445128,36.499282],[140.445042,36.499598],[140.445023,36.499711],[140.445017,36.499838],[140.445034,36.49996],[140.445081,36.500128],[140.445199,36.500322],[140.44524,36.500414],[140.445273,36.500495],[140.445327,36.50067],[140.445361,36.500955]]}},{"type":"Feature","properties":{"id":199035120,"highway":"unclassified"},"geometry":{"type":"LineString","coordinates":[[140.440584,36.506449],[140.440959,36.506037],[140.441099,36.505924],[140.441197,36.505892]]}},{"type":"Feature","properties":{"id":199035151,"highway":"unclassified"},"geometry":{"type":"LineString","coordinates":[[140.437914,36.508053],[140.43864,36.508693]]}},{"type":"Feature","properties":{"id":199035216,"highway":"residential"},"geometry":{"type":"LineString","coordinates":[[140.471215,36.499375],[140.47159,36.499808],[140.471871,36.500071],[140.472276,36.500403]]}},{"type":"Feature","properties":{"id":199035220,"highway":"residential"},"geometry":{"type":"LineString","coordinates":[[140.445361,36.500955],[140.444212,36.501068],[140.44431,36.501726],[140.444142,36.501849]]}},{"type":"Feature","properties":{"id":199035226,"highway":"unclassified"},"geometry":{"type":"LineString","coordinates":[[140.423219,36.504387],[140.423421,36.503993],[140.423645,36.503621],[140.423936,36.503263]]}},{"type":"Feature","properties":{"id":199035255,"highway":"unclassified"},"geometry":{"type":"LineString","coordinates":[[140.431402,36.511435],[140.431472,36.511527],[140.431532,36.511588],[140.431627,36.511636],[140.431794,36.511642],[140.431994,36.511654],[140.432177,36.511676],[140.432507,36.512173],[140.43255,36.512288],[140.432551,36.512447]]}},{"type":"Feature","properties":{"id":199035258,"highway":"residential"},"geometry":{"type":"LineString","coordinates":[[140.434613,36.510301],[140.435365,36.510515],[140.435886,36.510653],[140.436769,36.510785],[140.437282,36.51085],[140.43753,36.510893],[140.437806,36.510945],[140.438102,36.510971]]}},{"type":"Feature","properties":{"id":199035300,"highway":"residential"},"geometry":{"type":"LineString","coordinates":[[140.423199,36.505527],[140.423358,36.505285],[140.423538,36.505032],[140.42382,36.504587],[140.423875,36.504501],[140.423899,36.504418],[140.423897,36.50431],[140.423883,36.504066],[140.42388,36.503936],[140.423911,36.503821],[140.42398,36.503721],[140.424263,36.503465],[140.424424,36.503296],[140.424562,36.503168],[140.424712,36.502983]]}},{"type":"Feature","properties":{"id":199035335,"highway":"unclassified"},"geometry":{"type":"LineString","coordinates":[[140.435031,36.508682],[140.435135,36.508572],[140.435659,36.50849],[140.43709,36.508237]]}},{"type":"Feature","properties":{"id":199035398,"highway":"unclassified"},"geometry":{"type":"LineString","coordinates":[[140.419889,36.510582],[140.419937,36.510536],[140.42002,36.510441],[140.420169,36.510181]]}},{"type":"Feature","properties":{"id":199035400,"highway":"tertiary"},"geometry":{"type":"LineString","coordinates":[[140.456812,36.508566],[140.457796,36.50795],[140.458795,36.507334]]}},{"type":"Feature","properties":{"id":199035428,"highway":"unclassified"},"geometry":{"type":"LineString","coordinates":[[140.43709,36.508237],[140.437188,36.508618],[140.437224,36.508951],[140.43719,36.509359],[140.437131,36.510115]]}},{"type":"Feature","properties":{"id":199035438,"highway":"unclassified"},"geometry":{"type":"LineString","coordinates":[[140.434003,36.509254],[140.434079,36.509401]]}},{"type":"Feature","properties":{"id":199035459,"highway":"tertiary"},"geometry":{"type":"LineString","coordinates":[[140.453726,36.510032],[140.453864,36.509929],[140.454004,36.509847],[140.454213,36.509755],[140.454656,36.509582],[140.455289,36.509324],[140.456118,36.508948],[140.456437,36.508792],[140.456735,36.508616]]}},{"type":"Feature","properties":{"id":199035464,"highway":"unclassified"},"geometry":{"type":"LineString","coordinates":[[140.445849,36.502536],[140.445947,36.502487],[140.446418,36.502291],[140.446593,36.502167],[140.446745,36.502044]]}},{"type":"Feature","properties":{"id":199035501,"highway":"unclassified"},"geometry":{"type":"LineString","coordinates":[[140.434953,36.505561],[140.436132,36.505605],[140.436308,36.505595],[140.436528,36.505541],[140.436839,36.505463],[140.437342,36.505393],[140.437781,36.505321]]}},{"type":"Feature","properties":{"id":199035513,"highway":"unclassified"},"geometry":{"type":"LineString","coordinates":[[140.437555,36.504418],[140.437696,36.504431],[140.437906,36.504514],[140.437933,36.504593]]}},{"type":"Feature","properties":{"id":199035529,"highway":"unclassified"},"geometry":{"type":"LineString","coordinates":[[140.421861,36.507203],[140.421988,36.506739],[140.422157,36.5063],[140.42267,36.505435],[140.422745,36.505337]]}},{"type":"Feature","properties":{"id":199035545,"highway":"residential"},"geometry":{"type":"LineString","coordinates":[[140.472797,36.50069],[140.472787,36.500726],[140.473155,36.500928],[140.47325,36.501008],[140.473186,36.501103],[140.472916,36.501304]]}},{"type":"Feature","properties":{"id":199035607,"highway":"unclassified"},"geometry":{"type":"LineString","coordinates":[[140.439468,36.504047],[140.439906,36.50432],[140.44016,36.504069]]}},{"type":"Feature","properties":{"id":199035613,"highway":"residential"},"geometry":{"type":"LineString","coordinates":[[140.45494,36.501005],[140.455137,36.500936],[140.455073,36.500674],[140.455089,36.500454],[140.455092,36.499971]]}},{"type":"Feature","properties":{"id":199035619,"highway":"unclassified"},"geometry":{"type":"LineString","coordinates":[[140.431613,36.50785],[140.431721,36.50792],[140.432357,36.508341],[140.432545,36.508457],[140.432759,36.508537],[140.432876,36.50857]]}},{"type":"Feature","properties":{"id":199035626,"highway":"unclassified"},"geometry":{"type":"LineString","coordinates":[[140.439167,36.512545],[140.43937,36.512616],[140.439506,36.512665],[140.43963,36.512746],[140.439986,36.513087],[140.440048,36.513158]]}},{"type":"Feature","properties":{"id":199035636,"highway":"residential"},"geometry":{"type":"LineString","coordinates":[[140.448953,36.500235],[140.448794,36.500065],[140.448738,36.50004],[140.448588,36.500048],[140.448204,36.500048],[140.448099,36.500014]]}},{"type":"Feature","properties":{"id":199035669,"highway":"residential"},"geometry":{"type":"LineString","coordinates":[[140.438811,36.507824],[140.440224,36.507462],[140.440776,36.507325]]}},{"type":"Feature","properties":{"id":199035672,"highway":"unclassified"},"geometry":{"type":"LineString","coordinates":[[140.438131,36.510532],[140.438169,36.510458],[140.438337,36.510157],[140.438378,36.50999],[140.438612,36.508971],[140.438725,36.50879]]}},{"type":"Feature","properties":{"id":199035690,"highway":"unclassified"},"geometry":{"type":"LineString","coordinates":[[140.445166,36.503177],[140.445416,36.503042],[140.445624,36.502885],[140.445764,36.502741],[140.445849,36.502536]]}},{"type":"Feature","properties":{"id":199035700,"highway":"residential"},"geometry":{"type":"LineString","coordinates":[[140.451475,36.500079],[140.452129,36.500698],[140.452286,36.500839],[140.452408,36.500981],[140.452496,36.501142],[140.452488,36.501231]]}},{"type":"Feature","properties":{"id":199035702,"highway":"residential"},"geometry":{"type":"LineString","coordinates":[[140.431613,36.50785],[140.431628,36.507833],[140.431921,36.50778],[140.432118,36.507704],[140.432403,36.507527],[140.43255,36.507461],[140.432715,36.507453]]}},{"type":"Feature","properties":{"id":199035703,"highway":"unclassified"},"geometry":{"type":"LineString","coordinates":[[140.422745,36.505337],[140.423084,36.505467],[140.423199,36.505527],[140.423289,36.505753],[140.423355,36.505816]]}},{"type":"Feature","properties":{"id":199035739,"highway":"residential"},"geometry":{"type":"LineString","coordinates":[[140.40948,36.511103],[140.409494,36.511063],[140.409561,36.510982],[140.409674,36.510919],[140.409893,36.510884],[140.410085,36.510857],[140.410358,36.51091]]}},{"type":"Feature","properties":{"id":199035741,"highway":"residential"},"geometry":{"type":"LineString","coordinates":[[140.449595,36.500803],[140.449485,36.500707],[140.448953,36.500235]]}},{"type":"Feature","properties":{"id":199035765,"highway":"unclassified"},"geometry":{"type":"LineString","coordinates":[[140.448584,36.503407],[140.448393,36.503091],[140.448244,36.502945],[140.447957,36.502712]]}},{"type":"Feature","properties":{"id":199035784,"highway":"unclassified"},"geometry":{"type":"LineString","coordinates":[[140.432731,36.502187],[140.433054,36.501221],[140.432993,36.500511]]}},{"type":"Feature","properties":{"id":199035848,"highway":"unclassified"},"geometry":{"type":"LineString","coordinates":[[140.44373,36.504449],[140.443875,36.504343],[140.443976,36.504229],[140.44419,36.504061],[140.444396,36.503817],[140.444587,36.503614],[140.444738,36.503414],[140.445166,36.503177]]}},{"type":"Feature","properties":{"id":199035875,"highway":"unclassified"},"geometry":{"type":"LineString","coordinates":[[140.437131,36.510115],[140.437353,36.510154],[140.437427,36.510237],[140.437522,36.510389],[140.437707,36.51048],[140.438131,36.510532]]}},{"type":"Feature","properties":{"id":199035881,"highway":"tertiary"},"geometry":{"type":"LineString","coordinates":[[140.445612,36.502446],[140.44563,36.502401],[140.445634,36.50237],[140.445633,36.50212],[140.445641,36.501718],[140.445635,36.50166],[140.445615,36.501611],[140.445559,36.501511],[140.445503,36.501424],[140.445465,36.501354],[140.445432,36.501267],[140.445405,36.501169],[140.445388,36.501086],[140.445361,36.500955]]}},{"type":"Feature","properties":{"id":199035902,"highway":"unclassified"},"geometry":{"type":"LineString","coordinates":[[140.417596,36.500317],[140.417402,36.500827],[140.417186,36.501457],[140.417204,36.50166],[140.417183,36.501803],[140.417177,36.502164],[140.417231,36.502357],[140.417339,36.502541],[140.417435,36.502628],[140.417479,36.502668],[140.417653,36.502769]]}},{"type":"Feature","properties":{"id":199035922,"highway":"residential"},"geometry":{"type":"LineString","coordinates":[[140.417435,36.502628],[140.417351,36.502641],[140.417082,36.502546],[140.416958,36.502512],[140.416824,36.502466],[140.41662,36.502375],[140.416448,36.502289],[140.416208,36.50215],[140.416136,36.502109]]}},{"type":"Feature","properties":{"id":199035962,"highway":"unclassified"},"geometry":{"type":"LineString","coordinates":[[140.438725,36.50879],[140.438974,36.509005],[140.439416,36.509413],[140.439892,36.50985],[140.440023,36.50998],[140.440326,36.510259]]}},{"type":"Feature","properties":{"id":199035975,"highway":"unclassified"},"geometry":{"type":"LineString","coordinates":[[140.441212,36.505575],[140.441291,36.505557],[140.441422,36.505523],[140.441671,36.505261],[140.441822,36.505195],[140.442122,36.505217],[140.442281,36.505167],[140.442424,36.505107],[140.442722,36.504946],[140.442989,36.504772],[140.443515,36.504517],[140.44373,36.504449]]}},{"type":"Feature","properties":{"id":199035983,"highway":"residential"},"geometry":{"type":"LineString","coordinates":[[140.424712,36.502983],[140.425006,36.50257],[140.425145,36.502461],[140.425239,36.502381],[140.425333,36.502284],[140.425656,36.501774]]}},{"type":"Feature","properties":{"id":199035995,"highway":"residential"},"geometry":{"type":"LineString","coordinates":[[140.450829,36.499989],[140.450506,36.500242],[140.450374,36.500313],[140.450079,36.500431],[140.449901,36.500574],[140.449595,36.500803]]}},{"type":"Feature","properties":{"id":199036018,"highway":"unclassified"},"geometry":{"type":"LineString","coordinates":[[140.425919,36.506794],[140.426034,36.506822],[140.426204,36.506858],[140.42711,36.506968],[140.427367,36.507034],[140.428072,36.507281]]}},{"type":"Feature","properties":{"id":199036021,"highway":"unclassified"},"geometry":{"type":"LineString","coordinates":[[140.440326,36.510259],[140.440672,36.510237],[140.440929,36.510337],[140.44132,36.510476],[140.441194,36.510926]]}},{"type":"Feature","properties":{"id":199036034,"highway":"unclassified"},"geometry":{"type":"LineString","coordinates":[[140.446745,36.502044],[140.446857,36.501883],[140.447141,36.50178],[140.447645,36.501601],[140.448035,36.501456],[140.448292,36.501365]]}},{"type":"Feature","properties":{"id":199036043,"highway":"residential"},"geometry":{"type":"LineString","coordinates":[[140.423597,36.507678],[140.424067,36.507684],[140.424357,36.507741],[140.424866,36.50777],[140.424987,36.507787],[140.425386,36.507873],[140.425431,36.507895]]}},{"type":"Feature","properties":{"id":199036095,"highway":"service"},"geometry":{"type":"LineString","coordinates":[[140.422009,36.501269],[140.421445,36.50126],[140.421256,36.501195],[140.421136,36.50105],[140.421046,36.500822],[140.420969,36.500774],[140.420675,36.500589],[140.420594,36.500331],[140.420588,36.499929],[140.420615,36.499851],[140.420644,36.499769],[140.420628,36.499657]]}},{"type":"Feature","properties":{"id":199036136,"highway":"residential"},"geometry":{"type":"LineString","coordinates":[[140.456812,36.508566],[140.457083,36.508847],[140.457101,36.508901],[140.457112,36.508936],[140.457316,36.509135],[140.457485,36.509391],[140.457631,36.509562],[140.457867,36.509692]]}},{"type":"Feature","properties":{"id":199036169,"highway":"residential"},"geometry":{"type":"LineString","coordinates":[[140.452692,36.501531],[140.452951,36.501436],[140.453121,36.501357],[140.453399,36.501251],[140.453609,36.501195],[140.453834,36.501184],[140.454308,36.501125],[140.454625,36.501073],[140.45494,36.501005]]}},{"type":"Feature","properties":{"id":199036221,"highway":"unclassified"},"geometry":{"type":"LineString","coordinates":[[140.46053,36.505992],[140.46061,36.505935],[140.461365,36.505374],[140.4621,36.504886],[140.463211,36.504154],[140.463722,36.503766],[140.463952,36.503574],[140.464172,36.503435],[140.465113,36.502967],[140.465357,36.502849],[140.465609,36.50277],[140.465991,36.502675],[140.466481,36.502587],[140.466502,36.502583],[140.466652,36.502548],[140.466794,36.502474],[140.467305,36.502134],[140.467801,36.501778],[140.468482,36.501379],[140.468828,36.501134],[140.469122,36.500902]]}},{"type":"Feature","properties":{"id":199036222,"highway":"unclassified"},"geometry":{"type":"LineString","coordinates":[[140.432993,36.500511],[140.432968,36.500343],[140.432951,36.499916],[140.432916,36.499721],[140.43284,36.499495],[140.432843,36.499388],[140.432857,36.498879],[140.432878,36.49884]]}},{"type":"Feature","properties":{"id":199036226,"highway":"unclassified"},"geometry":{"type":"LineString","coordinates":[[140.432715,36.507453],[140.4327,36.507282],[140.432676,36.506949],[140.43264,36.506849],[140.432437,36.506413],[140.432276,36.506038],[140.432211,36.505936]]}},{"type":"Feature","properties":{"id":199036266,"highway":"residential"},"geometry":{"type":"LineString","coordinates":[[140.423597,36.507678],[140.4237,36.507899],[140.423746,36.508156],[140.423762,36.508404],[140.423795,36.509095],[140.42373,36.509614],[140.423724,36.509799],[140.42379,36.509928]]}},{"type":"Feature","properties":{"id":199036277,"highway":"unclassified"},"geometry":{"type":"LineString","coordinates":[[140.431123,36.510355],[140.431353,36.510482],[140.431416,36.510558],[140.431445,36.51063],[140.431457,36.510709],[140.431443,36.510829],[140.431347,36.511261],[140.431337,36.511348],[140.431402,36.511435]]}},{"type":"Feature","properties":{"id":199036320,"highway":"residential"},"geometry":{"type":"LineString","coordinates":[[140.448953,36.500235],[140.449301,36.499986],[140.449515,36.499905],[140.44969,36.49977],[140.44979,36.499698],[140.44978,36.499592],[140.44978,36.499511],[140.449832,36.499438],[140.449959,36.499372],[140.450165,36.499333]]}},{"type":"Feature","properties":{"id":199036321,"highway":"residential"},"geometry":{"type":"LineString","coordinates":[[140.430242,36.508724],[140.430081,36.509125],[140.429986,36.50947],[140.429955,36.509524],[140.429832,36.509552],[140.429696,36.509964],[140.429655,36.510062],[140.429542,36.510194],[140.429418,36.510468],[140.430695,36.510816]]}},{"type":"Feature","properties":{"id":199036348,"highway":"unclassified"},"geometry":{"type":"LineString","coordinates":[[140.427917,36.503252],[140.427822,36.503179],[140.427582,36.503071],[140.427295,36.502928],[140.427242,36.502854],[140.427258,36.502763],[140.427361,36.502077]]}},{"type":"Feature","properties":{"id":199036423,"highway":"unclassified"},"geometry":{"type":"LineString","coordinates":[[140.438725,36.50879],[140.438853,36.508691],[140.439049,36.508598],[140.439542,36.508407],[140.44011,36.508219],[140.440549,36.508058],[140.440848,36.507949],[140.441582,36.507635],[140.441646,36.507607]]}},{"type":"Feature","properties":{"id":199036430,"highway":"unclassified"},"geometry":{"type":"LineString","coordinates":[[140.437933,36.504593],[140.437997,36.504862],[140.437985,36.504906],[140.437973,36.504946],[140.438153,36.505059],[140.43832,36.505163],[140.438391,36.505156],[140.43856,36.504977],[140.438699,36.504829],[140.43897,36.504992],[140.439409,36.504536]]}},{"type":"Feature","properties":{"id":199036437,"highway":"unclassified"},"geometry":{"type":"LineString","coordinates":[[140.418752,36.503074],[140.419006,36.503213],[140.419225,36.503376],[140.419459,36.503498],[140.419833,36.503728],[140.420038,36.503875],[140.420352,36.504038],[140.420681,36.504394],[140.421084,36.504667],[140.42173,36.504907],[140.422257,36.505157],[140.422503,36.505196],[140.422745,36.505337]]}},{"type":"Feature","properties":{"id":199036475,"highway":"unclassified"},"geometry":{"type":"LineString","coordinates":[[140.448292,36.501365],[140.448198,36.501002],[140.448118,36.500745],[140.448105,36.500587],[140.448102,36.500305],[140.448106,36.500135],[140.448099,36.500014]]}},{"type":"Feature","properties":{"id":199036499,"highway":"residential"},"geometry":{"type":"LineString","coordinates":[[140.423355,36.505816],[140.42334,36.505886],[140.423293,36.506482],[140.423317,36.506981],[140.423393,36.50724],[140.423462,36.507408],[140.423597,36.507678]]}},{"type":"Feature","properties":{"id":199036536,"highway":"service"},"geometry":{"type":"LineString","coordinates":[[140.417896,36.502787],[140.417929,36.502759],[140.418824,36.50252],[140.419321,36.502374],[140.420136,36.502142],[140.420589,36.501944],[140.420821,36.50186],[140.421164,36.501658],[140.421332,36.501488],[140.421408,36.501361],[140.421445,36.50126]]}},{"type":"Feature","properties":{"id":199036545,"highway":"unclassified"},"geometry":{"type":"LineString","coordinates":[[140.423355,36.505816],[140.423424,36.505829],[140.425255,36.506488],[140.425585,36.50665],[140.425919,36.506794]]}},{"type":"Feature","properties":{"id":199036557,"highway":"unclassified"},"geometry":{"type":"LineString","coordinates":[[140.438131,36.510532],[140.438525,36.510579],[140.438914,36.5106],[140.439239,36.510573],[140.439488,36.510541],[140.439758,36.510448],[140.440095,36.510323],[140.440326,36.510259]]}},{"type":"Feature","properties":{"id":199036559,"highway":"tertiary"},"geometry":{"type":"LineString","coordinates":[[140.452896,36.511434],[140.452899,36.511319],[140.452917,36.511227],[140.452943,36.511151],[140.452975,36.511077],[140.453027,36.510989],[140.453454,36.510357],[140.453572,36.510193],[140.453726,36.510032]]}},{"type":"Feature","properties":{"id":199036579,"highway":"unclassified"},"geometry":{"type":"LineString","coordinates":[[140.447957,36.502712],[140.447674,36.502525],[140.447277,36.502333],[140.447001,36.502179],[140.446745,36.502044]]}},{"type":"Feature","properties":{"id":199036587,"highway":"unclassified"},"geometry":{"type":"LineString","coordinates":[[140.43728,36.503177],[140.437371,36.503239],[140.437929,36.503561],[140.438028,36.503622],[140.438027,36.503668],[140.437965,36.503758],[140.438474,36.504055]]}},{"type":"Feature","properties":{"id":199036609,"highway":"residential"},"geometry":{"type":"LineString","coordinates":[[140.428072,36.507281],[140.428057,36.507355],[140.428012,36.507628],[140.428037,36.507766],[140.428251,36.508223],[140.4283,36.508249],[140.428822,36.508283],[140.429031,36.508442],[140.429112,36.508473],[140.429533,36.508514],[140.430176,36.508688],[140.430242,36.508724]]}},{"type":"Feature","properties":{"id":199036680,"highway":"unclassified"},"geometry":{"type":"LineString","coordinates":[[140.428265,36.507334],[140.428583,36.507405],[140.429512,36.50755],[140.429871,36.507599],[140.430566,36.507666],[140.430926,36.507713],[140.431132,36.507749],[140.4314,36.507798]]}},{"type":"Feature","properties":{"id":199036681,"highway":"tertiary"},"geometry":{"type":"LineString","coordinates":[[140.439167,36.512545],[140.438975,36.512475],[140.43876,36.512376],[140.438578,36.512286],[140.438424,36.512137],[140.438181,36.511784],[140.438102,36.511583],[140.4381,36.511399],[140.438102,36.510971]]}},{"type":"Feature","properties":{"id":199036760,"highway":"residential"},"geometry":{"type":"LineString","coordinates":[[140.448584,36.503407],[140.448771,36.503832],[140.448989,36.503801],[140.449407,36.503688],[140.449478,36.503665],[140.449566,36.503606],[140.449622,36.503525],[140.449708,36.503449],[140.44982,36.503363],[140.450112,36.503217]]}},{"type":"Feature","properties":{"id":199036794,"highway":"residential"},"geometry":{"type":"LineString","coordinates":[[140.444142,36.501849],[140.443742,36.501455],[140.443633,36.501374],[140.443565,36.501339],[140.443513,36.501324],[140.443424,36.501315],[140.443259,36.501308],[140.442935,36.501303],[140.442556,36.501293],[140.441469,36.50112],[140.441359,36.5011]]}},{"type":"Feature","properties":{"id":199036796,"highway":"unclassified"},"geometry":{"type":"LineString","coordinates":[[140.428009,36.503486],[140.428147,36.503886],[140.428208,36.503974],[140.428276,36.504028],[140.428389,36.504065],[140.428905,36.50419],[140.428791,36.504661],[140.428838,36.504726]]}},{"type":"Feature","properties":{"id":199036891,"highway":"secondary"},"geometry":{"type":"LineString","coordinates":[[140.444057,36.506401],[140.443858,36.506536],[140.443731,36.506614],[140.443544,36.506713],[140.443321,36.506823],[140.443061,36.506929],[140.44294,36.506971],[140.442791,36.507016],[140.442541,36.507073],[140.442238,36.507112]]}},{"type":"Feature","properties":{"id":217512223,"highway":"tertiary"},"geometry":{"type":"LineString","coordinates":[[140.412318,36.553559],[140.41224,36.55367],[140.412211,36.553712],[140.412196,36.553733],[140.411906,36.554095],[140.411563,36.554496],[140.411179,36.554942],[140.411037,36.555104],[140.410736,36.555443],[140.410569,36.55563],[140.410039,36.556237],[140.40966,36.556668],[140.409626,36.556707],[140.409323,36.557056],[140.40889,36.557568]]}},{"type":"Feature","properties":{"id":226025693,"highway":"trunk"},"geometry":{"type":"LineString","coordinates":[[140.504113,36.553638],[140.503837,36.553617],[140.503545,36.553614],[140.500767,36.5537],[140.497474,36.553803],[140.497193,36.553791],[140.496964,36.553767],[140.496756,36.553723],[140.496532,36.553649],[140.496331,36.553558],[140.496131,36.553429],[140.495911,36.553226],[140.495762,36.553056],[140.495595,36.552841],[140.495352,36.55249],[140.495189,36.552293],[140.494992,36.552086],[140.494842,36.551958],[140.494666,36.551836],[140.494462,36.551716],[140.494266,36.551614],[140.494049,36.551526],[140.493773,36.551424],[140.493214,36.551237],[140.492882,36.551116],[140.492708,36.551048],[140.492564,36.550979],[140.492417,36.550897],[140.492254,36.5508],[140.492118,36.550705],[140.491968,36.550578],[140.491191,36.54981],[140.490904,36.549577],[140.490737,36.549463],[140.490526,36.549339],[140.490263,36.549217],[140.490035,36.549138],[140.489795,36.549068],[140.48951,36.549017],[140.489239,36.548981],[140.488956,36.548964],[140.488071,36.548949],[140.487688,36.548923],[140.487296,36.548867],[140.486952,36.548775],[140.486635,36.54866],[140.486374,36.54853],[140.486115,36.548351],[140.485905,36.548177],[140.485729,36.547991],[140.48558,36.547777],[140.485437,36.547519],[140.48536,36.547346],[140.485298,36.547093],[140.48526,36.546805],[140.485246,36.546315],[140.485223,36.545914],[140.485211,36.545692],[140.485174,36.545451],[140.485132,36.545261],[140.485035,36.544964],[140.485007,36.544827],[140.484994,36.544739],[140.484986,36.544644]]}},{"type":"Feature","properties":{"id":226025723,"highway":"secondary"},"geometry":{"type":"LineString","coordinates":[[140.432688,36.553668],[140.433528,36.554068],[140.433882,36.554241],[140.434082,36.554358],[140.434201,36.554476],[140.43428,36.554578],[140.434338,36.554712],[140.43437,36.554831],[140.434376,36.55501],[140.434383,36.555176],[140.434375,36.555434],[140.434397,36.555719],[140.434472,36.556046],[140.434568,36.556361],[140.434762,36.556699],[140.434927,36.556917],[140.435112,36.557111],[140.435293,36.557238],[140.435459,36.55735],[140.435747,36.557533],[140.436055,36.557656],[140.436671,36.557824],[140.437294,36.557958],[140.437793,36.558081],[140.43813,36.55818],[140.438393,36.558285],[140.438769,36.558492],[140.43902,36.558668],[140.43928,36.558803],[140.439504,36.558882],[140.439815,36.558992],[140.440077,36.559067],[140.440551,36.559163],[140.44119,36.559251],[140.442078,36.559399],[140.442348,36.559441],[140.442572,36.559489],[140.442903,36.55961],[140.443243,36.559821],[140.443478,36.559999],[140.443669,36.560132],[140.443826,36.560209],[140.444159,36.560353],[140.44466,36.56046],[140.445152,36.560564],[140.445281,36.560601],[140.445425,36.560655],[140.445613,36.560788],[140.445814,36.561023],[140.446162,36.561506],[140.446383,36.561839],[140.446543,36.562006],[140.446741,36.562128],[140.446958,36.562206],[140.447128,36.562237],[140.447328,36.562248],[140.447493,36.562237],[140.447712,36.562199],[140.447889,36.562137],[140.449013,36.561652],[140.449187,36.561577],[140.450327,36.561123],[140.450874,36.560899],[140.451053,36.560829],[140.451443,36.560693],[140.451861,36.560602],[140.452081,36.560576],[140.452529,36.560533],[140.452808,36.560502],[140.453025,36.560464],[140.45319,36.560415],[140.453329,36.560343],[140.453507,36.560233],[140.453722,36.560088],[140.453958,36.559926],[140.454125,36.559823],[140.454328,36.559738],[140.454828,36.559571],[140.4552,36.559447],[140.455399,36.559383]]}},{"type":"Feature","properties":{"id":226025726,"highway":"residential"},"geometry":{"type":"LineString","coordinates":[[140.485756,36.557975],[140.485742,36.558057],[140.485676,36.558175],[140.485643,36.558245],[140.485633,36.558317],[140.485644,36.558393],[140.485864,36.558725],[140.486136,36.55914]]}},{"type":"Feature","properties":{"id":226025791,"highway":"residential"},"geometry":{"type":"LineString","coordinates":[[140.464524,36.528138],[140.464943,36.527707],[140.465138,36.527627],[140.465298,36.527434],[140.465515,36.527199],[140.465808,36.526958],[140.46607,36.526769],[140.466269,36.526639],[140.466762,36.526126]]}},{"type":"Feature","properties":{"id":226025792,"highway":"unclassified"},"geometry":{"type":"LineString","coordinates":[[140.45263,36.576795],[140.453059,36.576692],[140.453203,36.57667],[140.453301,36.576672],[140.45335,36.576681],[140.453403,36.576704],[140.45347,36.57674],[140.453643,36.576899],[140.453716,36.576944],[140.45384,36.576983]]}},{"type":"Feature","properties":{"id":226025796,"highway":"residential"},"geometry":{"type":"LineString","coordinates":[[140.467843,36.551878],[140.467878,36.551717],[140.467927,36.551646],[140.46803,36.551602],[140.468222,36.551606],[140.468579,36.551654],[140.468668,36.551642],[140.468874,36.551556],[140.469058,36.551549],[140.469344,36.551524]]}},{"type":"Feature","properties":{"id":226025807,"highway":"unclassified"},"geometry":{"type":"LineString","coordinates":[[140.455594,36.556922],[140.455598,36.556781],[140.455564,36.556603],[140.455551,36.556509],[140.455525,36.556418],[140.455412,36.556265],[140.455291,36.556165]]}},{"type":"Feature","properties":{"id":226025808,"highway":"unclassified"},"geometry":{"type":"LineString","coordinates":[[140.487534,36.597067],[140.487578,36.597059],[140.487599,36.597055],[140.48796,36.596997],[140.488777,36.596898],[140.488951,36.596869],[140.489056,36.596864],[140.489387,36.59684],[140.489963,36.596798],[140.490183,36.596728]]}},{"type":"Feature","properties":{"id":226025816,"highway":"unclassified"},"geometry":{"type":"LineString","coordinates":[[140.487357,36.559289],[140.487206,36.559174],[140.486927,36.558898],[140.486801,36.558787],[140.486685,36.558713],[140.486488,36.558607],[140.486377,36.558546],[140.486311,36.558499],[140.485981,36.558127],[140.485882,36.558054],[140.485756,36.557975]]}},{"type":"Feature","properties":{"id":226025823,"highway":"unclassified"},"geometry":{"type":"LineString","coordinates":[[140.473929,36.556775],[140.473835,36.556644],[140.473727,36.556543],[140.47362,36.556502],[140.473501,36.556479],[140.473396,36.556472],[140.473275,36.556482],[140.473147,36.556498],[140.472989,36.556543],[140.472839,36.556588]]}},{"type":"Feature","properties":{"id":226025831,"highway":"residential"},"geometry":{"type":"LineString","coordinates":[[140.498672,36.52485],[140.498886,36.524938],[140.49912,36.524942],[140.499554,36.524897],[140.499658,36.524902],[140.500206,36.524966],[140.500426,36.524962],[140.500555,36.524922],[140.500727,36.524833],[140.50115,36.524531]]}},{"type":"Feature","properties":{"id":226025838,"highway":"unclassified"},"geometry":{"type":"LineString","coordinates":[[140.485356,36.599083],[140.485433,36.599131],[140.485415,36.599297],[140.485428,36.599564],[140.485447,36.59977]]}},{"type":"Feature","properties":{"id":226025854,"highway":"residential"},"geometry":{"type":"LineString","coordinates":[[140.436121,36.563958],[140.436118,36.563849],[140.435733,36.562814],[140.435737,36.562724],[140.435797,36.562624],[140.435899,36.562567],[140.436992,36.562392]]}},{"type":"Feature","properties":{"id":226025865,"highway":"residential"},"geometry":{"type":"LineString","coordinates":[[140.460952,36.535696],[140.461398,36.535286],[140.461253,36.535033],[140.461167,36.534846],[140.461172,36.534708],[140.461214,36.534536],[140.461264,36.534405],[140.461357,36.534238],[140.461327,36.534077],[140.461235,36.533955],[140.461195,36.533817],[140.461279,36.533574]]}},{"type":"Feature","properties":{"id":226025870,"highway":"unclassified"},"geometry":{"type":"LineString","coordinates":[[140.489883,36.595385],[140.48963,36.595489],[140.489553,36.595523],[140.489447,36.595557],[140.48905,36.59562],[140.489012,36.595622],[140.488974,36.595616],[140.488927,36.595603],[140.488888,36.595582],[140.488763,36.595484],[140.488658,36.595457],[140.488143,36.595463],[140.487662,36.595316],[140.487509,36.595286],[140.487241,36.595316],[140.487224,36.595318],[140.487179,36.595324]]}},{"type":"Feature","properties":{"id":226025872,"highway":"residential"},"geometry":{"type":"LineString","coordinates":[[140.485597,36.509358],[140.48566,36.509396],[140.485721,36.509402],[140.485791,36.509386],[140.486084,36.509248],[140.48622,36.509172],[140.486349,36.509089],[140.486404,36.509073],[140.486473,36.509079],[140.48653,36.509099],[140.486585,36.509125],[140.486645,36.509131],[140.487212,36.508752]]}},{"type":"Feature","properties":{"id":226025873,"highway":"unclassified"},"geometry":{"type":"LineString","coordinates":[[140.458398,36.556126],[140.45985,36.55679],[140.46032,36.556998],[140.461131,36.557358],[140.461171,36.557362],[140.461217,36.557358],[140.461258,36.557339],[140.46133,36.557296],[140.461462,36.557207],[140.461497,36.557157]]}},{"type":"Feature","properties":{"id":226025876,"highway":"unclassified"},"geometry":{"type":"LineString","coordinates":[[140.465786,36.519949],[140.46615,36.519793],[140.466378,36.51968],[140.46698,36.519437],[140.467167,36.519341],[140.467216,36.519301],[140.467189,36.519192]]}},{"type":"Feature","properties":{"id":226025877,"highway":"residential"},"geometry":{"type":"LineString","coordinates":[[140.48784,36.585705],[140.488038,36.586193],[140.488099,36.586273],[140.488581,36.586271],[140.4887,36.585641],[140.488499,36.585618],[140.488426,36.58562],[140.488118,36.585552],[140.487896,36.585498]]}},{"type":"Feature","properties":{"id":226025880,"highway":"residential"},"geometry":{"type":"LineString","coordinates":[[140.480271,36.564056],[140.480242,36.563977],[140.480188,36.56387],[140.480247,36.563669],[140.480231,36.563598],[140.480223,36.563535],[140.480207,36.563433],[140.480111,36.563344],[140.47989,36.563194]]}},{"type":"Feature","properties":{"id":226025882,"highway":"unclassified"},"geometry":{"type":"LineString","coordinates":[[140.469616,36.519338],[140.469325,36.5193],[140.468731,36.519155],[140.468318,36.518976],[140.468024,36.518619]]}},{"type":"Feature","properties":{"id":226025909,"highway":"unclassified"},"geometry":{"type":"LineString","coordinates":[[140.49303,36.549307],[140.493041,36.549205],[140.493268,36.548494],[140.493321,36.548409],[140.493384,36.548354],[140.493614,36.548243],[140.493675,36.548193]]}},{"type":"Feature","properties":{"id":226025911,"highway":"service"},"geometry":{"type":"LineString","coordinates":[[140.452072,36.558748],[140.452172,36.558975],[140.452291,36.559158],[140.452417,36.559221],[140.452699,36.559219],[140.453204,36.559124],[140.453273,36.559047],[140.453656,36.559078],[140.453812,36.559088],[140.454302,36.559206],[140.454692,36.559202]]}},{"type":"Feature","properties":{"id":226025917,"highway":"tertiary"},"geometry":{"type":"LineString","coordinates":[[140.453368,36.58852],[140.453246,36.588336],[140.4529,36.587919],[140.452523,36.587492],[140.452436,36.587398],[140.452285,36.587179],[140.452204,36.586875],[140.452151,36.586611],[140.452093,36.586318],[140.452071,36.586202],[140.452053,36.586129],[140.451745,36.585737],[140.450322,36.58424],[140.450132,36.584042],[140.449839,36.583811],[140.44963,36.58368],[140.449433,36.583597],[140.449287,36.583544],[140.449036,36.583479],[140.448714,36.583429],[140.447965,36.583408],[140.4476,36.583396],[140.447387,36.583388],[140.447219,36.583382],[140.447083,36.583391],[140.446982,36.583418],[140.446873,36.583469],[140.446745,36.583568],[140.446458,36.583846],[140.446355,36.583906],[140.446281,36.583934],[140.44614,36.583965]]}},{"type":"Feature","properties":{"id":226025922,"highway":"unclassified"},"geometry":{"type":"LineString","coordinates":[[140.457596,36.551122],[140.457775,36.551086],[140.458226,36.550886],[140.458345,36.550822],[140.458433,36.550752],[140.458738,36.550272],[140.459096,36.549679],[140.459609,36.548814],[140.460207,36.547775],[140.46036,36.547478]]}},{"type":"Feature","properties":{"id":226025938,"highway":"unclassified"},"geometry":{"type":"LineString","coordinates":[[140.459254,36.597593],[140.459485,36.597596],[140.459637,36.597579],[140.45983,36.597529],[140.459946,36.597488],[140.460142,36.597381],[140.4604,36.597207],[140.460463,36.597184],[140.460542,36.597184],[140.460638,36.597178]]}},{"type":"Feature","properties":{"id":226025946,"highway":"residential"},"geometry":{"type":"LineString","coordinates":[[140.487772,36.601314],[140.487713,36.600974],[140.48764,36.60067],[140.487602,36.600425],[140.487547,36.600182],[140.487446,36.599928]]}},{"type":"Feature","properties":{"id":226025960,"highway":"unclassified"},"geometry":{"type":"LineString","coordinates":[[140.494048,36.590485],[140.494133,36.589371],[140.494165,36.589234],[140.494207,36.589144],[140.494319,36.589003],[140.49441,36.58893],[140.494571,36.588868],[140.495123,36.588727],[140.495458,36.588648],[140.496388,36.588446],[140.497286,36.58825],[140.497435,36.588185],[140.497557,36.58812],[140.497646,36.588056],[140.498183,36.587578],[140.498442,36.58731]]}},{"type":"Feature","properties":{"id":226025962,"highway":"residential"},"geometry":{"type":"LineString","coordinates":[[140.452715,36.555276],[140.45282,36.554886],[140.452821,36.554755],[140.452819,36.554606],[140.452832,36.554582],[140.452864,36.554526],[140.452966,36.554375],[140.452968,36.554298],[140.453047,36.553943],[140.453701,36.554053],[140.454438,36.554267]]}},{"type":"Feature","properties":{"id":226025963,"highway":"unclassified"},"geometry":{"type":"LineString","coordinates":[[140.455607,36.550474],[140.455371,36.55035],[140.455037,36.550211],[140.454606,36.550055],[140.454484,36.549956],[140.454322,36.549802],[140.454298,36.549727],[140.454238,36.549481],[140.454182,36.549397],[140.453503,36.549026]]}},{"type":"Feature","properties":{"id":226025967,"highway":"unclassified"},"geometry":{"type":"LineString","coordinates":[[140.449013,36.561652],[140.449097,36.561679],[140.44916,36.561683],[140.449687,36.561571],[140.449793,36.561559],[140.449845,36.561571],[140.450166,36.561672],[140.450458,36.561842],[140.450503,36.561925],[140.450535,36.562019],[140.450661,36.562092],[140.450955,36.562197],[140.451311,36.562328],[140.451478,36.562375],[140.451616,36.562391],[140.451787,36.562373],[140.451844,36.562306],[140.451885,36.562224],[140.451924,36.562164],[140.45201,36.562072],[140.452083,36.562031],[140.452136,36.562018]]}},{"type":"Feature","properties":{"id":226025981,"highway":"unclassified"},"geometry":{"type":"LineString","coordinates":[[140.441506,36.588709],[140.44205,36.589035],[140.442229,36.589215],[140.442379,36.589344],[140.442508,36.589538],[140.442615,36.589654],[140.442722,36.589742],[140.442806,36.589817],[140.442928,36.589918],[140.443068,36.590066],[140.44326,36.590213],[140.44345,36.590328]]}},{"type":"Feature","properties":{"id":226025982,"highway":"unclassified"},"geometry":{"type":"LineString","coordinates":[[140.468939,36.581986],[140.468476,36.581669],[140.468271,36.581586],[140.468006,36.58149],[140.467606,36.581325],[140.467316,36.581194],[140.467011,36.581005],[140.466777,36.580769],[140.466463,36.580506],[140.46613,36.580204]]}},{"type":"Feature","properties":{"id":226025997,"highway":"unclassified"},"geometry":{"type":"LineString","coordinates":[[140.47432,36.592699],[140.474194,36.59275],[140.474061,36.592863],[140.473982,36.59293],[140.473865,36.593027],[140.473723,36.593091],[140.473578,36.593095],[140.47343,36.593074],[140.473238,36.592989],[140.473061,36.592906],[140.472983,36.592848]]}},{"type":"Feature","properties":{"id":226026008,"highway":"unclassified"},"geometry":{"type":"LineString","coordinates":[[140.479433,36.585464],[140.479696,36.585367],[140.479774,36.585352],[140.480004,36.585345],[140.480078,36.585331],[140.480466,36.585201],[140.480526,36.585192],[140.480587,36.585193],[140.480657,36.585228],[140.481174,36.58559],[140.481215,36.58561]]}},{"type":"Feature","properties":{"id":226026010,"highway":"residential"},"geometry":{"type":"LineString","coordinates":[[140.461769,36.533993],[140.462278,36.534101],[140.462387,36.534026],[140.462417,36.534034],[140.462613,36.534127],[140.462899,36.534281],[140.4631,36.534375],[140.463274,36.53444],[140.463545,36.534491]]}},{"type":"Feature","properties":{"id":226026040,"highway":"residential"},"geometry":{"type":"LineString","coordinates":[[140.476918,36.566406],[140.477242,36.566299],[140.4777,36.566104],[140.478118,36.566062],[140.478225,36.566012],[140.478378,36.565829],[140.478479,36.56577],[140.478668,36.565638],[140.478722,36.565596],[140.47877,36.565555],[140.478855,36.565463],[140.478979,36.565379],[140.479213,36.565328]]}},{"type":"Feature","properties":{"id":226026078,"highway":"unclassified"},"geometry":{"type":"LineString","coordinates":[[140.448465,36.570496],[140.448479,36.570279],[140.448523,36.56999],[140.448566,36.5697],[140.448607,36.569454],[140.448587,36.569248],[140.448569,36.56912],[140.448464,36.568793],[140.448473,36.568654],[140.44847,36.568219]]}},{"type":"Feature","properties":{"id":226026085,"highway":"residential"},"geometry":{"type":"LineString","coordinates":[[140.466762,36.526126],[140.466886,36.526089],[140.467336,36.525805],[140.468135,36.52529],[140.468559,36.525178],[140.468649,36.52511],[140.46884,36.524897],[140.468842,36.524713],[140.468872,36.524556]]}},{"type":"Feature","properties":{"id":226026086,"highway":"residential"},"geometry":{"type":"LineString","coordinates":[[140.477353,36.539147],[140.47737,36.539194],[140.47766,36.539372],[140.477698,36.539433],[140.477698,36.53953],[140.477642,36.539819],[140.477639,36.540004],[140.477669,36.540177],[140.477833,36.540684],[140.478078,36.540755],[140.479207,36.540926]]}},{"type":"Feature","properties":{"id":226026092,"highway":"unclassified"},"geometry":{"type":"LineString","coordinates":[[140.481727,36.513276],[140.483109,36.512016],[140.483223,36.511914],[140.48329,36.51189],[140.483378,36.511888],[140.483524,36.511895],[140.483604,36.51189],[140.483672,36.511873],[140.483743,36.511848],[140.484721,36.511031],[140.484777,36.510979]]}},{"type":"Feature","properties":{"id":226026094,"highway":"unclassified"},"geometry":{"type":"LineString","coordinates":[[140.454828,36.559571],[140.454744,36.559361],[140.454692,36.559202],[140.454689,36.559066],[140.454716,36.558845],[140.454801,36.558576],[140.454864,36.558301],[140.454917,36.558089],[140.455005,36.557866],[140.455091,36.557657],[140.455209,36.557414],[140.455352,36.55717],[140.455594,36.556922]]}},{"type":"Feature","properties":{"id":226026099,"highway":"residential"},"geometry":{"type":"LineString","coordinates":[[140.489117,36.548455],[140.489238,36.54836],[140.489794,36.548048],[140.489986,36.547908],[140.490207,36.547667],[140.490361,36.547497],[140.490626,36.547272],[140.490885,36.547095],[140.491083,36.546993],[140.491605,36.546807],[140.492591,36.546492]]}},{"type":"Feature","properties":{"id":226026100,"highway":"unclassified"},"geometry":{"type":"LineString","coordinates":[[140.487013,36.586478],[140.487034,36.586566],[140.487024,36.586608],[140.487002,36.586632],[140.486929,36.586674],[140.486835,36.586704],[140.486577,36.586777],[140.486465,36.586794],[140.486234,36.586794],[140.486004,36.586743],[140.485871,36.586734]]}},{"type":"Feature","properties":{"id":226026106,"highway":"unclassified"},"geometry":{"type":"LineString","coordinates":[[140.44748,36.576503],[140.447625,36.576224],[140.447683,36.576018],[140.447657,36.575839],[140.447611,36.575498],[140.447567,36.575099],[140.447519,36.574793],[140.447515,36.574579],[140.447543,36.574375],[140.44762,36.574164]]}},{"type":"Feature","properties":{"id":226026114,"highway":"unclassified"},"geometry":{"type":"LineString","coordinates":[[140.480036,36.528746],[140.48004,36.52885],[140.480082,36.529041],[140.480092,36.529341],[140.480079,36.52941],[140.48002,36.529498],[140.479938,36.529589],[140.479777,36.529752],[140.47961,36.529903],[140.479381,36.530078],[140.479171,36.530199],[140.478981,36.5303],[140.478861,36.530403],[140.478753,36.530544],[140.478655,36.530726],[140.478335,36.53125]]}},{"type":"Feature","properties":{"id":226026131,"highway":"unclassified"},"geometry":{"type":"LineString","coordinates":[[140.484297,36.540962],[140.484368,36.540869],[140.484415,36.540735],[140.484449,36.540623],[140.484494,36.540533],[140.48456,36.540461],[140.484637,36.540411],[140.484711,36.54039],[140.484785,36.540379],[140.484861,36.540371],[140.485231,36.540368],[140.485591,36.54037],[140.48628,36.540369]]}},{"type":"Feature","properties":{"id":226026133,"highway":"residential"},"geometry":{"type":"LineString","coordinates":[[140.476918,36.566406],[140.477,36.566501],[140.477125,36.566713],[140.477166,36.566826],[140.47726,36.567095],[140.477441,36.567388],[140.477505,36.567426],[140.478046,36.567284],[140.47822,36.56722],[140.478379,36.567167],[140.478587,36.567083],[140.478688,36.567034],[140.47872,36.566979],[140.478749,36.566889],[140.478803,36.56674],[140.478821,36.566607],[140.478814,36.56637],[140.478845,36.566239],[140.478913,36.566047],[140.478927,36.565979],[140.478905,36.565936],[140.47874,36.565724],[140.478668,36.565638]]}},{"type":"Feature","properties":{"id":226026137,"highway":"residential"},"geometry":{"type":"LineString","coordinates":[[140.432734,36.599722],[140.433018,36.599707],[140.433164,36.599419],[140.433249,36.599209],[140.433323,36.599036],[140.433469,36.598958],[140.433614,36.598874],[140.433854,36.598638],[140.434524,36.598227]]}},{"type":"Feature","properties":{"id":226026138,"highway":"unclassified"},"geometry":{"type":"LineString","coordinates":[[140.487039,36.583888],[140.487082,36.583916],[140.487185,36.583984],[140.487208,36.584112],[140.487221,36.58428],[140.487258,36.584411],[140.487277,36.584459],[140.487341,36.584491],[140.487432,36.584508],[140.487545,36.584511],[140.4876,36.584508],[140.487647,36.584511],[140.487735,36.58455],[140.48782,36.584611],[140.487952,36.584716]]}},{"type":"Feature","properties":{"id":226026142,"highway":"unclassified"},"geometry":{"type":"LineString","coordinates":[[140.485134,36.577211],[140.485295,36.577291],[140.4854,36.577583],[140.48545,36.57766],[140.485619,36.577612],[140.485768,36.577655],[140.485871,36.577723],[140.486167,36.57793],[140.486244,36.577914],[140.486548,36.577852],[140.486635,36.577994],[140.486847,36.578175]]}},{"type":"Feature","properties":{"id":226026152,"highway":"residential"},"geometry":{"type":"LineString","coordinates":[[140.456832,36.531364],[140.457043,36.531192],[140.45724,36.531073],[140.457827,36.530614],[140.45814,36.530377],[140.458453,36.530091],[140.458651,36.529889],[140.45923,36.529111],[140.45942,36.528838],[140.459426,36.528596],[140.459635,36.528234],[140.459625,36.528114],[140.459633,36.528039]]}},{"type":"Feature","properties":{"id":226026154,"highway":"residential"},"geometry":{"type":"LineString","coordinates":[[140.447276,36.580554],[140.447719,36.580206],[140.447822,36.580093],[140.447868,36.579989],[140.447868,36.579851],[140.447827,36.579755],[140.44776,36.57962],[140.447854,36.579212],[140.447884,36.578984],[140.447845,36.578758],[140.447762,36.578644],[140.44777,36.57847],[140.44799,36.578111]]}},{"type":"Feature","properties":{"id":226026155,"highway":"service"},"geometry":{"type":"LineString","coordinates":[[140.466649,36.581609],[140.466855,36.581558],[140.467015,36.581598],[140.467168,36.581663],[140.467657,36.581767],[140.467965,36.58191],[140.468216,36.582023]]}},{"type":"Feature","properties":{"id":226026163,"highway":"residential"},"geometry":{"type":"LineString","coordinates":[[140.48149,36.579518],[140.482033,36.579567],[140.482231,36.579687],[140.483275,36.580146],[140.48348,36.580201],[140.483635,36.580154],[140.483974,36.580006],[140.484109,36.579998],[140.484327,36.580009],[140.484477,36.580006],[140.484721,36.579983],[140.484867,36.579963],[140.485053,36.579963]]}},{"type":"Feature","properties":{"id":226026164,"highway":"residential"},"geometry":{"type":"LineString","coordinates":[[140.485935,36.533897],[140.486009,36.53398],[140.486149,36.534069],[140.486267,36.53414],[140.486421,36.534191],[140.486537,36.534214],[140.48671,36.534213],[140.487014,36.534065],[140.487248,36.533919],[140.487467,36.533902],[140.487909,36.533944],[140.488225,36.533938],[140.488333,36.533989],[140.488424,36.534],[140.488555,36.533975],[140.488638,36.533905],[140.489411,36.533729],[140.489604,36.533715],[140.489797,36.533707],[140.490159,36.533666],[140.49061,36.53353]]}},{"type":"Feature","properties":{"id":226026182,"highway":"unclassified"},"geometry":{"type":"LineString","coordinates":[[140.482216,36.590942],[140.482134,36.59082],[140.482048,36.590708],[140.481988,36.590607],[140.481973,36.590493],[140.481954,36.590375],[140.481888,36.590236],[140.481818,36.59013],[140.481708,36.590046],[140.481584,36.589971],[140.481457,36.589906],[140.481396,36.589825]]}},{"type":"Feature","properties":{"id":226026187,"highway":"unclassified"},"geometry":{"type":"LineString","coordinates":[[140.466176,36.525767],[140.466278,36.525579],[140.466332,36.525521],[140.466436,36.52546],[140.466787,36.525355],[140.467201,36.525181],[140.467636,36.525139],[140.468198,36.524923],[140.468548,36.524761],[140.468872,36.524556]]}},{"type":"Feature","properties":{"id":226026194,"highway":"unclassified"},"geometry":{"type":"LineString","coordinates":[[140.481974,36.540808],[140.482349,36.541047],[140.482398,36.541055],[140.482456,36.541027],[140.483086,36.540619],[140.483239,36.54053],[140.483277,36.540509],[140.483405,36.540465],[140.483554,36.540455],[140.48369,36.540482],[140.483778,36.540522],[140.484205,36.540812],[140.484297,36.540962]]}},{"type":"Feature","properties":{"id":226026195,"highway":"residential"},"geometry":{"type":"LineString","coordinates":[[140.45057,36.56484],[140.450747,36.56486],[140.451343,36.564942],[140.451614,36.564897],[140.451921,36.564832],[140.452163,36.564633],[140.452357,36.564462],[140.452673,36.564209],[140.452799,36.564164],[140.453122,36.564222],[140.453153,36.564229],[140.453808,36.564362],[140.45425,36.564494]]}},{"type":"Feature","properties":{"id":226026220,"highway":"unclassified"},"geometry":{"type":"LineString","coordinates":[[140.470489,36.598703],[140.470474,36.598681],[140.470437,36.598654],[140.470363,36.598641],[140.470116,36.598632],[140.470039,36.598619],[140.469967,36.598599],[140.4699,36.598563],[140.469831,36.598514],[140.469628,36.598303],[140.469268,36.598013],[140.469153,36.597904]]}},{"type":"Feature","properties":{"id":226026241,"highway":"unclassified"},"geometry":{"type":"LineString","coordinates":[[140.485683,36.545286],[140.486566,36.544666],[140.486634,36.544623],[140.486699,36.544586],[140.486773,36.544557],[140.486859,36.544546],[140.48711,36.544535],[140.48726,36.544536],[140.487329,36.544545],[140.487365,36.54457],[140.487397,36.544602],[140.48744,36.544682]]}},{"type":"Feature","properties":{"id":226026250,"highway":"residential"},"geometry":{"type":"LineString","coordinates":[[140.435089,36.595206],[140.435249,36.595007],[140.435279,36.594895],[140.435281,36.594764],[140.435287,36.594328],[140.435317,36.594198],[140.43544,36.594072],[140.435631,36.593886],[140.435778,36.593815],[140.435935,36.593804],[140.436091,36.593793],[140.436498,36.593688]]}},{"type":"Feature","properties":{"id":226026259,"highway":"service"},"geometry":{"type":"LineString","coordinates":[[140.436443,36.586798],[140.434617,36.586809],[140.434001,36.586822],[140.433699,36.587141],[140.433496,36.587406],[140.433375,36.587505],[140.433375,36.588248],[140.43345,36.588392],[140.433418,36.588543],[140.433324,36.588637]]}},{"type":"Feature","properties":{"id":226026262,"highway":"unclassified"},"geometry":{"type":"LineString","coordinates":[[140.45831,36.540054],[140.458357,36.540081],[140.458475,36.540187],[140.458528,36.540269],[140.458545,36.540362],[140.458532,36.540517],[140.4585,36.54076],[140.458498,36.540863],[140.45851,36.540966],[140.458547,36.54108],[140.458961,36.541852],[140.458986,36.541907]]}},{"type":"Feature","properties":{"id":226026273,"highway":"residential"},"geometry":{"type":"LineString","coordinates":[[140.475504,36.588207],[140.476186,36.588152],[140.477325,36.588135],[140.477591,36.588095],[140.477744,36.588027],[140.477814,36.587976],[140.477863,36.587886],[140.477856,36.587767],[140.4778,36.587717],[140.477709,36.587672],[140.477339,36.587587],[140.47708,36.587566]]}},{"type":"Feature","properties":{"id":226026285,"highway":"unclassified"},"geometry":{"type":"LineString","coordinates":[[140.439908,36.594977],[140.440011,36.595066],[140.439965,36.595374],[140.439808,36.595653],[140.439674,36.596008],[140.439595,36.596258],[140.439455,36.59642],[140.439405,36.596455],[140.439355,36.596478],[140.439292,36.596493],[140.439135,36.596553]]}},{"type":"Feature","properties":{"id":226026287,"highway":"unclassified"},"geometry":{"type":"LineString","coordinates":[[140.48934,36.599742],[140.489193,36.60043],[140.489072,36.600872],[140.48911,36.601146],[140.489194,36.601592],[140.489118,36.60176]]}},{"type":"Feature","properties":{"id":226026293,"highway":"residential"},"geometry":{"type":"LineString","coordinates":[[140.447546,36.584302],[140.447584,36.584383],[140.447673,36.584561],[140.447831,36.584756],[140.447858,36.58505],[140.447853,36.585178],[140.447924,36.585239],[140.448093,36.585274],[140.448182,36.585357],[140.448289,36.585469],[140.448446,36.58557],[140.448605,36.585613],[140.449,36.585629]]}},{"type":"Feature","properties":{"id":226026310,"highway":"unclassified"},"geometry":{"type":"LineString","coordinates":[[140.479153,36.535338],[140.479029,36.535018],[140.478983,36.534872],[140.478976,36.534841],[140.478952,36.534745],[140.478932,36.534631],[140.478917,36.53453],[140.478889,36.534452],[140.478867,36.53443],[140.478855,36.534418],[140.478786,36.534401],[140.478437,36.534388],[140.478074,36.534394],[140.477999,36.534382],[140.477959,36.534343],[140.477914,36.534278],[140.47787,36.534113],[140.477878,36.534037],[140.477933,36.533762],[140.477987,36.5335],[140.478038,36.533256],[140.478148,36.532782],[140.478216,36.532525]]}},{"type":"Feature","properties":{"id":226026316,"highway":"residential"},"geometry":{"type":"LineString","coordinates":[[140.494578,36.547895],[140.494754,36.548308],[140.494961,36.548698],[140.495211,36.549012],[140.495347,36.54931],[140.495434,36.54944],[140.495548,36.54956],[140.49589,36.549845],[140.495883,36.549917],[140.4959,36.550117],[140.495928,36.550216],[140.496085,36.550429]]}},{"type":"Feature","properties":{"id":226026325,"highway":"unclassified"},"geometry":{"type":"LineString","coordinates":[[140.467843,36.551878],[140.467963,36.551869],[140.468109,36.551922],[140.468267,36.552028],[140.468479,36.552161],[140.46868,36.552348],[140.46891,36.552462],[140.469013,36.552515],[140.469102,36.552547],[140.469675,36.55276],[140.470337,36.552856]]}},{"type":"Feature","properties":{"id":226026328,"highway":"residential"},"geometry":{"type":"LineString","coordinates":[[140.458339,36.528747],[140.458471,36.528654],[140.458587,36.528535],[140.458659,36.528412],[140.458697,36.528303],[140.458705,36.528216],[140.458735,36.528057],[140.458868,36.52805],[140.459009,36.528027],[140.459152,36.528011],[140.459291,36.528014],[140.459459,36.528028],[140.459633,36.528039]]}},{"type":"Feature","properties":{"id":226026337,"highway":"unclassified"},"geometry":{"type":"LineString","coordinates":[[140.477142,36.53076],[140.477213,36.530487],[140.477299,36.53023],[140.477349,36.530045],[140.477357,36.529963],[140.477338,36.529699],[140.477341,36.529625],[140.477366,36.529575],[140.477414,36.529503],[140.477603,36.529336],[140.477691,36.529235],[140.477776,36.529074],[140.477844,36.528942],[140.477859,36.528886],[140.477862,36.52877],[140.477869,36.5287]]}},{"type":"Feature","properties":{"id":226026355,"highway":"unclassified"},"geometry":{"type":"LineString","coordinates":[[140.485447,36.59977],[140.485725,36.59975],[140.486224,36.59969],[140.486335,36.599553],[140.486637,36.599497],[140.48693,36.599438],[140.48713,36.599418],[140.487228,36.599426],[140.487373,36.599451],[140.487514,36.599492]]}},{"type":"Feature","properties":{"id":226026362,"highway":"service"},"geometry":{"type":"LineString","coordinates":[[140.434598,36.586986],[140.434713,36.587076],[140.43496,36.587425],[140.434976,36.587513],[140.434955,36.587602],[140.434957,36.587737],[140.435059,36.587931],[140.435076,36.588112],[140.435122,36.588246]]}},{"type":"Feature","properties":{"id":226026373,"highway":"residential"},"geometry":{"type":"LineString","coordinates":[[140.490605,36.533566],[140.491877,36.533568],[140.49223,36.533647],[140.49229,36.533641],[140.492674,36.533408],[140.49293,36.53327],[140.49314,36.533217],[140.493862,36.533105],[140.494276,36.532997],[140.494569,36.532985],[140.495189,36.532672],[140.495385,36.532645],[140.495988,36.53233]]}},{"type":"Feature","properties":{"id":226026380,"highway":"unclassified"},"geometry":{"type":"LineString","coordinates":[[140.495646,36.569695],[140.495778,36.569635],[140.495818,36.569606],[140.495853,36.569563],[140.495893,36.569435],[140.495927,36.569344],[140.495956,36.569301],[140.496008,36.569252],[140.496063,36.569207],[140.496144,36.569159],[140.496218,36.569132],[140.496308,36.56911],[140.496668,36.569034]]}},{"type":"Feature","properties":{"id":226026387,"highway":"unclassified"},"geometry":{"type":"LineString","coordinates":[[140.46536,36.529072],[140.465405,36.529082],[140.465728,36.529161],[140.465808,36.529213],[140.465863,36.529277],[140.465887,36.529347],[140.465876,36.529435],[140.465838,36.529518],[140.465709,36.529763],[140.465703,36.529801],[140.465715,36.529849],[140.465733,36.529889],[140.46578,36.529941],[140.4659,36.530018],[140.466282,36.530241],[140.466508,36.530358]]}},{"type":"Feature","properties":{"id":226026388,"highway":"residential"},"geometry":{"type":"LineString","coordinates":[[140.475699,36.525462],[140.475732,36.525418],[140.475776,36.525317],[140.475805,36.525295],[140.475961,36.525298],[140.476156,36.525304],[140.476308,36.525298],[140.476421,36.52528],[140.476552,36.525249],[140.476634,36.52524],[140.476714,36.525258],[140.476796,36.525292],[140.477181,36.525513],[140.477233,36.525533],[140.477307,36.525531],[140.477381,36.525497],[140.477466,36.525445],[140.477527,36.525433],[140.477613,36.525444],[140.477739,36.525496],[140.477849,36.525559],[140.478353,36.52583]]}},{"type":"Feature","properties":{"id":226026393,"highway":"unclassified"},"geometry":{"type":"LineString","coordinates":[[140.496222,36.548363],[140.496109,36.548555],[140.496061,36.548657],[140.496038,36.548737],[140.496021,36.548842],[140.496017,36.548942],[140.496029,36.549027],[140.496054,36.549107],[140.496365,36.549627],[140.496459,36.549593],[140.496512,36.549573],[140.496552,36.54957],[140.496667,36.549568]]}},{"type":"Feature","properties":{"id":226026449,"highway":"unclassified"},"geometry":{"type":"LineString","coordinates":[[140.46669,36.522581],[140.467057,36.522638],[140.467536,36.522714],[140.467827,36.522819],[140.468051,36.522941],[140.468341,36.523114],[140.468451,36.523163],[140.468911,36.523272],[140.469309,36.523345]]}},{"type":"Feature","properties":{"id":226026455,"highway":"residential"},"geometry":{"type":"LineString","coordinates":[[140.4755,36.587577],[140.474223,36.587587],[140.474076,36.587605],[140.473922,36.587649],[140.473845,36.587688],[140.473793,36.587755],[140.473825,36.587825],[140.474028,36.587982],[140.474243,36.588127],[140.474428,36.588202],[140.474551,36.58824],[140.474831,36.588252],[140.47518,36.588235],[140.475504,36.588207]]}},{"type":"Feature","properties":{"id":226026458,"highway":"service"},"geometry":{"type":"LineString","coordinates":[[140.45099,36.579631],[140.451142,36.579682],[140.451396,36.580031],[140.451467,36.580278],[140.451669,36.580322],[140.4521,36.580413],[140.452326,36.580562],[140.452397,36.580658],[140.452426,36.580819],[140.452342,36.581126],[140.452406,36.581276],[140.45257,36.581402],[140.452743,36.581368],[140.452828,36.58129],[140.453102,36.580838]]}},{"type":"Feature","properties":{"id":226026465,"highway":"unclassified"},"geometry":{"type":"LineString","coordinates":[[140.493887,36.551154],[140.493887,36.55113],[140.493884,36.551001],[140.493828,36.55089],[140.493158,36.549812],[140.493085,36.549654],[140.493031,36.54951],[140.493018,36.549392],[140.49303,36.549307]]}},{"type":"Feature","properties":{"id":226026468,"highway":"residential"},"geometry":{"type":"LineString","coordinates":[[140.484998,36.578894],[140.485216,36.578863],[140.485418,36.57886],[140.485608,36.578887],[140.485801,36.578996],[140.486029,36.5791],[140.48638,36.579179],[140.486576,36.579159],[140.486653,36.579141],[140.486715,36.579103],[140.486741,36.578898],[140.486835,36.578472],[140.486826,36.578256],[140.486826,36.578238],[140.486847,36.578175]]}},{"type":"Feature","properties":{"id":226026495,"highway":"residential"},"geometry":{"type":"LineString","coordinates":[[140.462057,36.592089],[140.462036,36.592343],[140.461868,36.592619],[140.461826,36.592743],[140.461833,36.592906],[140.461868,36.593019],[140.461952,36.593143],[140.461987,36.593182],[140.462036,36.593216],[140.462126,36.59325],[140.462266,36.59325],[140.462756,36.593171],[140.463188,36.593137],[140.463344,36.593123]]}},{"type":"Feature","properties":{"id":226026497,"highway":"residential"},"geometry":{"type":"LineString","coordinates":[[140.48149,36.579518],[140.481809,36.579291],[140.481952,36.579207],[140.482167,36.579051],[140.482294,36.578996],[140.482533,36.578927],[140.482712,36.578914],[140.483079,36.57893],[140.48335,36.578956],[140.483575,36.57893],[140.483768,36.578904],[140.483906,36.578909]]}},{"type":"Feature","properties":{"id":226026498,"highway":"residential"},"geometry":{"type":"LineString","coordinates":[[140.45634,36.532944],[140.456528,36.533141],[140.456688,36.533274],[140.456903,36.533322],[140.457162,36.53333],[140.457449,36.533494],[140.457738,36.533757],[140.457763,36.53378],[140.458002,36.533995],[140.45811,36.534162],[140.458341,36.534489],[140.458488,36.534585]]}},{"type":"Feature","properties":{"id":226026499,"highway":"residential"},"geometry":{"type":"LineString","coordinates":[[140.469601,36.550895],[140.470774,36.550684],[140.471723,36.550576],[140.47203,36.550549],[140.472086,36.55057],[140.472127,36.550723],[140.472282,36.551137],[140.472317,36.55117],[140.472369,36.55117],[140.472391,36.551112],[140.472397,36.550946],[140.472403,36.550654],[140.472428,36.550635],[140.47253,36.550617]]}},{"type":"Feature","properties":{"id":226026500,"highway":"unclassified"},"geometry":{"type":"LineString","coordinates":[[140.483081,36.594141],[140.483141,36.594168],[140.483176,36.594179],[140.483218,36.594186],[140.48352,36.594203],[140.483662,36.59421],[140.48372,36.594205],[140.48376,36.594193],[140.483874,36.594091],[140.483938,36.594066],[140.483999,36.594086],[140.484088,36.59416]]}},{"type":"Feature","properties":{"id":226026502,"highway":"residential"},"geometry":{"type":"LineString","coordinates":[[140.492567,36.581136],[140.492746,36.581128],[140.492889,36.581125],[140.492974,36.581151],[140.493096,36.581264],[140.4932,36.581312],[140.493316,36.581344],[140.493434,36.581347],[140.493534,36.581335],[140.493624,36.58132],[140.493722,36.581289],[140.493822,36.581238],[140.494173,36.580967],[140.494344,36.580858],[140.494405,36.580781],[140.494435,36.580711],[140.494447,36.580602],[140.494465,36.580532],[140.494523,36.580464],[140.494568,36.580405],[140.494584,36.580349],[140.494567,36.580253]]}},{"type":"Feature","properties":{"id":226026504,"highway":"residential"},"geometry":{"type":"LineString","coordinates":[[140.446162,36.561506],[140.44663,36.561332],[140.446854,36.561221],[140.446926,36.561066],[140.446996,36.560926],[140.447045,36.560753],[140.447065,36.560536],[140.446985,36.560398],[140.446915,36.560308],[140.446877,36.560243],[140.446754,36.560032],[140.446636,36.559799],[140.446636,36.559739],[140.446851,36.559621],[140.446923,36.559561]]}},{"type":"Feature","properties":{"id":226026508,"highway":"unclassified"},"geometry":{"type":"LineString","coordinates":[[140.487264,36.591659],[140.487349,36.592037],[140.487506,36.592804],[140.487506,36.592945],[140.487465,36.593064],[140.487395,36.593158],[140.487261,36.593289],[140.487059,36.593453],[140.486862,36.593636],[140.486826,36.593675]]}},{"type":"Feature","properties":{"id":226026509,"highway":"unclassified"},"geometry":{"type":"LineString","coordinates":[[140.48499,36.528268],[140.485439,36.527828],[140.485549,36.527722],[140.48561,36.527636],[140.485636,36.527538],[140.485709,36.527131],[140.485765,36.526912],[140.485811,36.526786],[140.485854,36.526731],[140.485929,36.526669],[140.486,36.526639],[140.486096,36.526616],[140.486483,36.526604],[140.486543,36.526589]]}},{"type":"Feature","properties":{"id":226026514,"highway":"unclassified"},"geometry":{"type":"LineString","coordinates":[[140.482216,36.590942],[140.48224,36.591016],[140.482259,36.591149],[140.482231,36.591261],[140.482227,36.591337],[140.482252,36.591433],[140.482324,36.591565],[140.482374,36.591677],[140.482444,36.591739],[140.482531,36.591864],[140.482589,36.591916],[140.482762,36.592038],[140.482995,36.592156]]}},{"type":"Feature","properties":{"id":226026516,"highway":"unclassified"},"geometry":{"type":"LineString","coordinates":[[140.455564,36.553339],[140.455749,36.553212],[140.455919,36.553049],[140.456027,36.552897],[140.456083,36.552811],[140.456163,36.552602],[140.456231,36.552311],[140.456271,36.552096],[140.456299,36.551974],[140.456309,36.551953],[140.456331,36.551904],[140.4564,36.551821],[140.456489,36.551699],[140.457075,36.551338],[140.457468,36.551189]]}},{"type":"Feature","properties":{"id":226026522,"highway":"unclassified"},"geometry":{"type":"LineString","coordinates":[[140.464406,36.561877],[140.464079,36.561426],[140.46372,36.560857],[140.463571,36.560525],[140.463538,36.560327],[140.46354,36.560149],[140.463573,36.560023],[140.463717,36.559706],[140.463802,36.559395],[140.46381,36.559136],[140.463798,36.558684]]}},{"type":"Feature","properties":{"id":226026529,"highway":"service"},"geometry":{"type":"LineString","coordinates":[[140.430899,36.594586],[140.430795,36.594452],[140.430636,36.593686],[140.430502,36.59349],[140.430467,36.593317],[140.430473,36.592923],[140.430395,36.592609],[140.430398,36.592411],[140.430524,36.59148],[140.430655,36.591246],[140.430929,36.591104],[140.4311,36.590852]]}},{"type":"Feature","properties":{"id":226026536,"highway":"unclassified"},"geometry":{"type":"LineString","coordinates":[[140.463798,36.558684],[140.463688,36.558098],[140.463573,36.557566],[140.463586,36.557344],[140.463687,36.557078],[140.463727,36.556905],[140.463767,36.556767],[140.463833,36.5565],[140.463746,36.556256],[140.463723,36.556161],[140.463653,36.556001],[140.463579,36.555837]]}},{"type":"Feature","properties":{"id":226026538,"highway":"unclassified"},"geometry":{"type":"LineString","coordinates":[[140.49005,36.52973],[140.490067,36.529563],[140.490116,36.529347],[140.490217,36.528994],[140.490227,36.528898],[140.490224,36.528802],[140.490183,36.528548],[140.490185,36.528454],[140.490195,36.528405],[140.490218,36.528357],[140.490264,36.528305],[140.490402,36.528178],[140.490437,36.528119],[140.490449,36.528068]]}},{"type":"Feature","properties":{"id":226026550,"highway":"unclassified"},"geometry":{"type":"LineString","coordinates":[[140.472839,36.556588],[140.472827,36.556486],[140.472823,36.55641],[140.472836,36.556336],[140.472873,36.556176],[140.472892,36.555997],[140.472926,36.55584],[140.473052,36.555535],[140.473088,36.555413],[140.473092,36.55532],[140.47307,36.555058],[140.473075,36.554989],[140.473091,36.554929],[140.473199,36.554717]]}},{"type":"Feature","properties":{"id":226026573,"highway":"unclassified"},"geometry":{"type":"LineString","coordinates":[[140.492517,36.580764],[140.492461,36.580711],[140.492223,36.580658],[140.491956,36.580584],[140.491818,36.580541],[140.491443,36.580558],[140.491393,36.58021],[140.491347,36.579642],[140.491357,36.579452],[140.491276,36.57924],[140.491234,36.578974],[140.491057,36.578836]]}},{"type":"Feature","properties":{"id":226026579,"highway":"unclassified"},"geometry":{"type":"LineString","coordinates":[[140.49213,36.581722],[140.49218,36.581688],[140.492243,36.581647],[140.492303,36.581595],[140.492335,36.581534],[140.492357,36.581464],[140.492383,36.581304],[140.492408,36.581246],[140.492444,36.581202],[140.492514,36.581153],[140.492567,36.581136]]}},{"type":"Feature","properties":{"id":226026580,"highway":"residential"},"geometry":{"type":"LineString","coordinates":[[140.474627,36.514229],[140.475597,36.514146],[140.476094,36.514064],[140.476265,36.513996],[140.476574,36.51379],[140.476883,36.513574],[140.477157,36.513465],[140.477635,36.513385],[140.477844,36.513272],[140.477965,36.5132],[140.478221,36.512977],[140.478399,36.512858],[140.478894,36.512722],[140.479057,36.512642],[140.47932,36.512461]]}},{"type":"Feature","properties":{"id":226026586,"highway":"unclassified"},"geometry":{"type":"LineString","coordinates":[[140.493675,36.548193],[140.493687,36.548133],[140.493687,36.548058],[140.49366,36.547973],[140.493613,36.547883],[140.493555,36.547819],[140.493288,36.547623],[140.493222,36.547547],[140.493176,36.547464],[140.493166,36.547386],[140.493162,36.547172],[140.493143,36.547044]]}},{"type":"Feature","properties":{"id":226026591,"highway":"service"},"geometry":{"type":"LineString","coordinates":[[140.487329,36.544545],[140.487368,36.544497],[140.487413,36.544445],[140.487502,36.54448],[140.487588,36.54451],[140.487639,36.544482],[140.487655,36.54443],[140.487561,36.544344],[140.487454,36.544258],[140.48722,36.543902],[140.487203,36.543842],[140.487208,36.543813],[140.487243,36.543785],[140.487537,36.543787],[140.48763,36.543781],[140.487717,36.543756],[140.487797,36.543719],[140.488085,36.543505],[140.488215,36.543437],[140.488348,36.543381],[140.488482,36.543334],[140.488618,36.543326],[140.489492,36.54332]]}},{"type":"Feature","properties":{"id":226026609,"highway":"unclassified"},"geometry":{"type":"LineString","coordinates":[[140.487952,36.584716],[140.488089,36.584828],[140.488191,36.584896],[140.488286,36.584929],[140.488393,36.584964],[140.48855,36.584998],[140.488708,36.585042],[140.488814,36.585087],[140.488862,36.585122],[140.488894,36.585182],[140.488918,36.58524],[140.48919,36.585369],[140.489636,36.58557]]}},{"type":"Feature","properties":{"id":226026610,"highway":"residential"},"geometry":{"type":"LineString","coordinates":[[140.478011,36.538394],[140.478046,36.538432],[140.478199,36.538655],[140.47831,36.538865],[140.478488,36.539134],[140.478661,36.539298],[140.478765,36.539505],[140.478778,36.53962],[140.47874,36.540008],[140.478748,36.540086],[140.478855,36.540269],[140.478875,36.540331],[140.478914,36.540527],[140.478963,36.54077],[140.478989,36.540797],[140.479144,36.540867],[140.479207,36.540926]]}},{"type":"Feature","properties":{"id":226026618,"highway":"unclassified"},"geometry":{"type":"LineString","coordinates":[[140.46669,36.522581],[140.466345,36.521597],[140.466255,36.521356],[140.466119,36.521089],[140.465972,36.520895],[140.465763,36.52055],[140.465736,36.520447],[140.465715,36.520192],[140.465736,36.520058],[140.465786,36.519949]]}},{"type":"Feature","properties":{"id":226026620,"highway":"residential"},"geometry":{"type":"LineString","coordinates":[[140.476068,36.564047],[140.475826,36.564274],[140.475807,36.564346],[140.475857,36.564827],[140.475792,36.565048],[140.475785,36.565125],[140.475817,36.565228],[140.476282,36.565741],[140.47634,36.565759],[140.476509,36.565712],[140.476604,36.565745],[140.476744,36.565891],[140.476808,36.566005],[140.47687,36.566352],[140.476918,36.566406]]}},{"type":"Feature","properties":{"id":226026621,"highway":"unclassified"},"geometry":{"type":"LineString","coordinates":[[140.490573,36.598227],[140.490552,36.598061],[140.490544,36.597907],[140.490549,36.597769],[140.490514,36.597446],[140.490546,36.597276],[140.49065,36.597016],[140.490752,36.596795]]}},{"type":"Feature","properties":{"id":226026647,"highway":"residential"},"geometry":{"type":"LineString","coordinates":[[140.452741,36.557403],[140.453283,36.557384],[140.453388,36.557435],[140.453497,36.557514],[140.453601,36.557565],[140.453671,36.557575],[140.453755,36.557542],[140.453875,36.557466],[140.454032,36.557409],[140.45418,36.557381],[140.454287,36.557369],[140.454404,36.557375],[140.454578,36.557385],[140.454613,36.557344],[140.454616,36.557253],[140.454663,36.55711],[140.454738,36.557026],[140.454836,36.556947],[140.454985,36.556911],[140.455133,36.556924],[140.45527,36.556958],[140.455413,36.556953],[140.455594,36.556922]]}},{"type":"Feature","properties":{"id":226026656,"highway":"unclassified"},"geometry":{"type":"LineString","coordinates":[[140.480453,36.538475],[140.48057,36.538483],[140.480761,36.538495],[140.481387,36.538364],[140.481609,36.538312],[140.482089,36.538008],[140.482137,36.537783],[140.482248,36.537774],[140.48304,36.537762],[140.483253,36.536942]]}},{"type":"Feature","properties":{"id":226026670,"highway":"tertiary"},"geometry":{"type":"LineString","coordinates":[[140.470284,36.563584],[140.470705,36.563257],[140.470995,36.56309],[140.471244,36.562912],[140.4714,36.562842],[140.471999,36.562784],[140.472531,36.562759],[140.473305,36.562762],[140.473486,36.562733],[140.473543,36.562718],[140.473595,36.562697],[140.473667,36.562641],[140.473718,36.562607],[140.473748,36.562545],[140.473774,36.562346],[140.473681,36.562044]]}},{"type":"Feature","properties":{"id":226026672,"highway":"unclassified"},"geometry":{"type":"LineString","coordinates":[[140.487887,36.593969],[140.488226,36.594211],[140.488505,36.594103],[140.488722,36.593807],[140.488996,36.593649],[140.489244,36.593514],[140.489398,36.593399],[140.489751,36.593405],[140.490131,36.593612],[140.490482,36.593769],[140.49059,36.593866],[140.49068,36.594012],[140.49081,36.594153]]}},{"type":"Feature","properties":{"id":226026679,"highway":"unclassified"},"geometry":{"type":"LineString","coordinates":[[140.456435,36.537633],[140.456608,36.537842],[140.456533,36.53802],[140.456633,36.53831],[140.456799,36.538575],[140.456851,36.538682],[140.456878,36.538774],[140.456904,36.538893],[140.456974,36.539409],[140.456989,36.539493],[140.457036,36.539585],[140.457078,36.539631],[140.457149,36.53967],[140.457693,36.539806],[140.458086,36.539926],[140.45831,36.540054]]}},{"type":"Feature","properties":{"id":226026681,"highway":"unclassified"},"geometry":{"type":"LineString","coordinates":[[140.467042,36.512476],[140.467167,36.512799],[140.467336,36.513291],[140.467382,36.513388],[140.467418,36.513448],[140.467473,36.513504],[140.467542,36.513557],[140.467612,36.513597],[140.467698,36.513637],[140.468375,36.513893],[140.468501,36.513942],[140.468782,36.514041],[140.469494,36.514312],[140.469592,36.514356],[140.469665,36.514409],[140.46972,36.514469],[140.469805,36.514604],[140.470034,36.515055],[140.470104,36.515184],[140.470133,36.515242],[140.470168,36.5153],[140.470223,36.515359],[140.470294,36.515415],[140.470434,36.515489],[140.470507,36.515543],[140.4706,36.515657],[140.470674,36.515765],[140.471158,36.516534],[140.471206,36.516599]]}},{"type":"Feature","properties":{"id":226026690,"highway":"tertiary"},"geometry":{"type":"LineString","coordinates":[[140.468103,36.566452],[140.468178,36.56641],[140.468224,36.566375],[140.468268,36.56631],[140.468333,36.566236],[140.468414,36.566113],[140.468558,36.565808],[140.468624,36.565635],[140.468662,36.565487],[140.468776,36.565236],[140.468899,36.565023],[140.469047,36.564806],[140.469066,36.564754],[140.469075,36.56469],[140.469076,36.564581]]}},{"type":"Feature","properties":{"id":226026692,"highway":"residential"},"geometry":{"type":"LineString","coordinates":[[140.437671,36.597594],[140.437186,36.597623],[140.436405,36.59768],[140.436359,36.59776],[140.436355,36.597863],[140.436434,36.597976],[140.436498,36.598146],[140.436391,36.598477],[140.436358,36.598509],[140.436303,36.598528],[140.43586,36.598558],[140.43582,36.598559]]}},{"type":"Feature","properties":{"id":226026699,"highway":"tertiary"},"geometry":{"type":"LineString","coordinates":[[140.461494,36.571788],[140.46149,36.571566],[140.461474,36.571369],[140.461529,36.571175],[140.4616,36.57096],[140.461823,36.570451],[140.461982,36.570188],[140.462344,36.569871],[140.463036,36.569343],[140.463322,36.568985],[140.463449,36.568729],[140.463555,36.568452],[140.463718,36.567782],[140.463893,36.567415],[140.464069,36.567145],[140.464237,36.56697]]}},{"type":"Feature","properties":{"id":226026706,"highway":"unclassified"},"geometry":{"type":"LineString","coordinates":[[140.44847,36.568219],[140.448382,36.56793],[140.448339,36.567801],[140.448342,36.567691],[140.448406,36.567532],[140.448692,36.567009],[140.448931,36.566646],[140.449,36.566453],[140.449021,36.5662],[140.449024,36.565946],[140.448906,36.565682],[140.448856,36.565486],[140.448864,36.565225],[140.448953,36.565041],[140.449183,36.564503]]}},{"type":"Feature","properties":{"id":226026711,"highway":"unclassified"},"geometry":{"type":"LineString","coordinates":[[140.492139,36.59519],[140.492226,36.595068],[140.492302,36.594916],[140.492469,36.59442],[140.492544,36.594298],[140.492715,36.594111],[140.493383,36.59355],[140.493469,36.59345],[140.493543,36.593315],[140.493578,36.593183],[140.493594,36.59263],[140.493611,36.592538],[140.493689,36.592375],[140.493913,36.592025],[140.494072,36.591677]]}},{"type":"Feature","properties":{"id":226026713,"highway":"unclassified"},"geometry":{"type":"LineString","coordinates":[[140.441741,36.563932],[140.44226,36.563989],[140.442342,36.563989],[140.442444,36.56397],[140.442733,36.56384],[140.442919,36.563752],[140.443071,36.563704],[140.443669,36.563637],[140.444001,36.563589],[140.444801,36.563587],[140.444994,36.563557],[140.446467,36.563235],[140.447146,36.563088],[140.447723,36.563045],[140.447912,36.56306],[140.44828,36.563103],[140.448828,36.56322]]}},{"type":"Feature","properties":{"id":226026716,"highway":"unclassified"},"geometry":{"type":"LineString","coordinates":[[140.45384,36.576983],[140.453738,36.577186],[140.453748,36.577293],[140.453898,36.577652],[140.454116,36.577804],[140.454367,36.578204],[140.454446,36.57857],[140.454683,36.578816],[140.454963,36.579086],[140.455049,36.579145],[140.455254,36.579453],[140.455574,36.579545],[140.455739,36.579588],[140.455824,36.57961],[140.456589,36.579808]]}},{"type":"Feature","properties":{"id":226026720,"highway":"unclassified"},"geometry":{"type":"LineString","coordinates":[[140.493915,36.573498],[140.494486,36.573359],[140.49469,36.573265],[140.49484,36.57319],[140.49497,36.573078],[140.49503,36.572949],[140.495079,36.572792],[140.495199,36.572373],[140.495437,36.571677],[140.495611,36.571263],[140.495643,36.571143],[140.495683,36.570994]]}},{"type":"Feature","properties":{"id":226026722,"highway":"residential"},"geometry":{"type":"LineString","coordinates":[[140.48746,36.582049],[140.487365,36.582048],[140.487177,36.582045],[140.486999,36.582068],[140.486821,36.582132],[140.486651,36.582223],[140.486504,36.582291],[140.486322,36.582357],[140.486149,36.582451],[140.485953,36.582493],[140.484969,36.582571],[140.48489,36.582598],[140.484783,36.582608],[140.484613,36.582591],[140.48458,36.582554],[140.484559,36.582482],[140.484546,36.582447],[140.484363,36.582368]]}},{"type":"Feature","properties":{"id":226026729,"highway":"residential"},"geometry":{"type":"LineString","coordinates":[[140.490356,36.560234],[140.490385,36.560316],[140.490364,36.560459],[140.49031,36.560594],[140.490212,36.560737],[140.49011,36.560834],[140.489942,36.560954],[140.489618,36.561084],[140.489186,36.561141],[140.48899,36.561012],[140.488401,36.560739],[140.488155,36.560701],[140.488052,36.560728],[140.4877,36.560815],[140.487508,36.560823],[140.487313,36.560762],[140.487103,36.560706]]}},{"type":"Feature","properties":{"id":226026731,"highway":"service"},"geometry":{"type":"LineString","coordinates":[[140.434603,36.586172],[140.43452,36.586205],[140.43428,36.586416],[140.43393,36.586785],[140.433792,36.586892],[140.433671,36.587018],[140.433388,36.587349],[140.433294,36.587401],[140.432782,36.587591],[140.432238,36.587768],[140.432087,36.587856],[140.431964,36.588041],[140.431723,36.58881],[140.431795,36.589056],[140.431808,36.589398],[140.4319,36.58999],[140.431846,36.590277]]}},{"type":"Feature","properties":{"id":226026732,"highway":"residential"},"geometry":{"type":"LineString","coordinates":[[140.438174,36.595589],[140.438161,36.595515],[140.438136,36.595443],[140.438044,36.595385],[140.437815,36.595305],[140.437732,36.595213],[140.437656,36.595013],[140.437521,36.594744],[140.43753,36.594582],[140.437647,36.594349],[140.437674,36.594277],[140.437521,36.594194],[140.437285,36.594091],[140.437028,36.593963],[140.436498,36.593688]]}},{"type":"Feature","properties":{"id":226026743,"highway":"residential"},"geometry":{"type":"LineString","coordinates":[[140.469344,36.551524],[140.469383,36.551826],[140.469422,36.551882],[140.469478,36.551895],[140.469581,36.551864],[140.469822,36.551708],[140.469891,36.551694],[140.46999,36.551736],[140.470838,36.552344],[140.470938,36.552445],[140.470975,36.552601],[140.471031,36.552702],[140.471217,36.552899],[140.471316,36.553122],[140.471333,36.553199],[140.471307,36.553234],[140.471114,36.553293]]}},{"type":"Feature","properties":{"id":226026744,"highway":"residential"},"geometry":{"type":"LineString","coordinates":[[140.459709,36.592198],[140.459736,36.592215],[140.459889,36.592262],[140.460519,36.59241],[140.460806,36.592461],[140.461043,36.592472],[140.461169,36.5925],[140.461358,36.592495],[140.461442,36.592461],[140.461546,36.592376],[140.461616,36.592241],[140.461637,36.591971],[140.461697,36.591888],[140.461805,36.591876],[140.461847,36.591887],[140.461924,36.591938],[140.462057,36.592089]]}},{"type":"Feature","properties":{"id":226026752,"highway":"unclassified"},"geometry":{"type":"LineString","coordinates":[[140.494072,36.591677],[140.493723,36.591508],[140.493555,36.59144],[140.493333,36.591395],[140.493056,36.591285],[140.492959,36.591267],[140.492906,36.591271],[140.492829,36.591287],[140.49246,36.591408],[140.492279,36.591498],[140.491998,36.591721],[140.491869,36.591767],[140.491686,36.591762],[140.491558,36.591753]]}},{"type":"Feature","properties":{"id":226026757,"highway":"unclassified"},"geometry":{"type":"LineString","coordinates":[[140.491124,36.591474],[140.490993,36.591442],[140.490883,36.591427],[140.490475,36.591425],[140.490293,36.591459],[140.490064,36.591567],[140.49002,36.591587],[140.489945,36.591597],[140.489887,36.591593],[140.489815,36.591577],[140.489765,36.591555],[140.489691,36.591487],[140.489444,36.591133],[140.489416,36.591102],[140.489392,36.591087],[140.4891,36.591085],[140.488696,36.590322]]}},{"type":"Feature","properties":{"id":226026763,"highway":"unclassified"},"geometry":{"type":"LineString","coordinates":[[140.465631,36.579578],[140.465444,36.57942],[140.465281,36.579305],[140.464977,36.579184],[140.464537,36.579062],[140.46407,36.578948],[140.463917,36.578867],[140.463763,36.57879],[140.463602,36.5786],[140.463464,36.578421],[140.463297,36.578136],[140.463075,36.577373]]}},{"type":"Feature","properties":{"id":226026764,"highway":"residential"},"geometry":{"type":"LineString","coordinates":[[140.484198,36.572959],[140.484729,36.572602],[140.484901,36.572474],[140.485099,36.572417],[140.485356,36.57235],[140.485469,36.572272],[140.485519,36.572176],[140.485607,36.571835],[140.485601,36.57178],[140.485576,36.571683],[140.485629,36.5714],[140.48568,36.571219],[140.485651,36.570996],[140.485623,36.570778]]}},{"type":"Feature","properties":{"id":226026765,"highway":"service"},"geometry":{"type":"LineString","coordinates":[[140.435507,36.584653],[140.435518,36.585099],[140.435549,36.585162],[140.435672,36.585247],[140.436223,36.585506],[140.436317,36.585638],[140.436382,36.585825],[140.436467,36.586465],[140.436443,36.586798],[140.436481,36.587992]]}},{"type":"Feature","properties":{"id":226026778,"highway":"residential"},"geometry":{"type":"LineString","coordinates":[[140.492965,36.597007],[140.493089,36.596965],[140.493145,36.596954],[140.493286,36.596958],[140.493563,36.597015],[140.493744,36.597072],[140.493876,36.597164],[140.493942,36.597254],[140.493939,36.597385],[140.49398,36.59744],[140.49411,36.597456],[140.494549,36.597568],[140.494717,36.597599],[140.494919,36.597555],[140.495184,36.59753],[140.495747,36.597611],[140.495951,36.597685],[140.496155,36.597687],[140.496487,36.597861],[140.496683,36.597999],[140.496882,36.598158],[140.49697,36.598165],[140.497053,36.598122]]}},{"type":"Feature","properties":{"id":226026782,"highway":"unclassified"},"geometry":{"type":"LineString","coordinates":[[140.489636,36.58557],[140.489687,36.585588],[140.489774,36.585595],[140.489851,36.585573],[140.489905,36.585546],[140.489955,36.585506],[140.490165,36.585271],[140.490219,36.585217],[140.490278,36.585176],[140.49034,36.585147],[140.490534,36.585095],[140.490597,36.585064],[140.490664,36.585009],[140.490813,36.584847],[140.49087,36.584812],[140.490939,36.584792],[140.491202,36.584754]]}},{"type":"Feature","properties":{"id":226026827,"highway":"residential"},"geometry":{"type":"LineString","coordinates":[[140.448465,36.570496],[140.449502,36.570482],[140.449605,36.570472],[140.449792,36.570379],[140.449905,36.570366],[140.450035,36.570401],[140.450105,36.570444],[140.450184,36.570591],[140.450245,36.570635],[140.450575,36.570727],[140.451075,36.570914],[140.451137,36.570961],[140.451282,36.571267],[140.451342,36.57131],[140.451447,36.571324],[140.451577,36.571313],[140.451789,36.571218],[140.452001,36.571225]]}},{"type":"Feature","properties":{"id":226026829,"highway":"unclassified"},"geometry":{"type":"LineString","coordinates":[[140.48997,36.538351],[140.489862,36.53822],[140.489753,36.538114],[140.489553,36.537917],[140.489457,36.537787],[140.48942,36.537675],[140.489397,36.537573],[140.489405,36.537456],[140.48953,36.537056],[140.48966,36.536682],[140.489747,36.536531],[140.489925,36.536257],[140.49024,36.535544],[140.490317,36.535335],[140.49033,36.535234],[140.49033,36.535134],[140.490258,36.534625],[140.490244,36.534409]]}},{"type":"Feature","properties":{"id":226026830,"highway":"unclassified"},"geometry":{"type":"LineString","coordinates":[[140.486661,36.539592],[140.487122,36.539234],[140.487357,36.53905],[140.487682,36.53884],[140.487849,36.538727],[140.488165,36.538502],[140.488256,36.538448],[140.48836,36.538416],[140.488442,36.538401],[140.48866,36.538377],[140.488765,36.538352],[140.488949,36.538275],[140.489267,36.538133],[140.489362,36.53812],[140.48945,36.538128],[140.489558,36.538175],[140.489775,36.538287],[140.48997,36.538351]]}},{"type":"Feature","properties":{"id":226026831,"highway":"residential"},"geometry":{"type":"LineString","coordinates":[[140.452421,36.587729],[140.452486,36.587873],[140.452642,36.588041],[140.452928,36.58826],[140.453593,36.589006],[140.453837,36.589214],[140.454165,36.589516],[140.454288,36.58959],[140.454549,36.589706],[140.454666,36.589793],[140.454809,36.589977],[140.454964,36.590238],[140.455083,36.590404],[140.455174,36.590482],[140.455324,36.590541],[140.455516,36.590542],[140.455935,36.590337],[140.456159,36.590219]]}},{"type":"Feature","properties":{"id":226026836,"highway":"service"},"geometry":{"type":"LineString","coordinates":[[140.433709,36.584044],[140.43352,36.584404],[140.433504,36.584494],[140.433512,36.584632],[140.4336,36.584946],[140.433249,36.585472],[140.433029,36.585694],[140.432755,36.585814],[140.432573,36.585825],[140.432232,36.585997],[140.432106,36.586025],[140.431908,36.586144],[140.431632,36.586365],[140.431479,36.586439],[140.431036,36.586546],[140.430923,36.58654],[140.430588,36.586437],[140.430358,36.586385],[140.42996,36.586389]]}},{"type":"Feature","properties":{"id":226026844,"highway":"residential"},"geometry":{"type":"LineString","coordinates":[[140.489278,36.548655],[140.48942,36.54859],[140.489673,36.54853],[140.490042,36.548472],[140.490259,36.548478],[140.490833,36.548653],[140.490941,36.548738],[140.491042,36.548779],[140.491282,36.548813],[140.491328,36.548855],[140.491353,36.549038],[140.491394,36.5491],[140.491651,36.549313],[140.491731,36.549435],[140.491951,36.550072],[140.491995,36.550118],[140.492042,36.550138],[140.492119,36.550139]]}},{"type":"Feature","properties":{"id":226026848,"highway":"unclassified"},"geometry":{"type":"LineString","coordinates":[[140.49081,36.594153],[140.491196,36.594149],[140.491422,36.594152],[140.491466,36.594105],[140.49153,36.593853],[140.49153,36.593606],[140.491511,36.59335],[140.491498,36.593121],[140.491433,36.592944],[140.491284,36.592756],[140.491065,36.592489],[140.491127,36.592359],[140.491251,36.592168],[140.491506,36.591853],[140.491558,36.591753]]}},{"type":"Feature","properties":{"id":226026860,"highway":"residential"},"geometry":{"type":"LineString","coordinates":[[140.492361,36.58195],[140.492475,36.582025],[140.492567,36.582079],[140.492697,36.582105],[140.492986,36.582122],[140.4931,36.582157],[140.493395,36.582422],[140.493476,36.582445],[140.493805,36.582456],[140.494026,36.582508],[140.494111,36.582566],[140.494254,36.582816]]}},{"type":"Feature","properties":{"id":226026861,"highway":"unclassified"},"geometry":{"type":"LineString","coordinates":[[140.455587,36.543546],[140.456276,36.543682],[140.456618,36.543743],[140.456838,36.543752],[140.457031,36.543771],[140.457133,36.543795],[140.457189,36.543818],[140.457408,36.543891],[140.457481,36.543905],[140.457636,36.543912],[140.45807,36.543856],[140.458249,36.54382],[140.458388,36.543787],[140.458687,36.543644],[140.458849,36.543606],[140.459117,36.543575],[140.45928,36.54356],[140.459426,36.543558]]}},{"type":"Feature","properties":{"id":226026866,"highway":"unclassified"},"geometry":{"type":"LineString","coordinates":[[140.490327,36.544985],[140.4904,36.54476],[140.490458,36.54467],[140.490492,36.544636],[140.490769,36.544538],[140.49088,36.544513],[140.490992,36.544411],[140.491089,36.544139],[140.491225,36.543874],[140.491311,36.543719],[140.491412,36.543596],[140.491531,36.543511],[140.491957,36.543359],[140.492144,36.543224],[140.49249,36.543019],[140.492531,36.5429],[140.492523,36.542774],[140.49252,36.542636],[140.492489,36.54256],[140.492355,36.54242],[140.491932,36.542237],[140.491536,36.542107],[140.490829,36.54196],[140.490645,36.541898],[140.490498,36.541782],[140.490438,36.541684],[140.49044,36.541389],[140.490422,36.541306],[140.490397,36.541261],[140.490267,36.541146],[140.490225,36.541053],[140.490133,36.540778],[140.490047,36.540638],[140.490025,36.540464],[140.49004,36.540374],[140.490062,36.540298],[140.490097,36.54019],[140.490102,36.540125],[140.490102,36.539826],[140.49011,36.539711],[140.490128,36.539604],[140.490195,36.539456],[140.49022,36.539348],[140.490213,36.539255],[140.490165,36.539035],[140.48997,36.538351]]}},{"type":"Feature","properties":{"id":226026873,"highway":"unclassified"},"geometry":{"type":"LineString","coordinates":[[140.443349,36.587504],[140.443619,36.587752],[140.443921,36.587883],[140.443843,36.588083],[140.443827,36.588135],[140.443878,36.588192],[140.44395,36.588279],[140.444132,36.588335],[140.444169,36.588417],[140.444123,36.58862],[140.444093,36.5888],[140.444078,36.588981],[140.444074,36.589176],[140.444052,36.589435],[140.443998,36.589595],[140.443935,36.589784]]}},{"type":"Feature","properties":{"id":226026886,"highway":"residential"},"geometry":{"type":"LineString","coordinates":[[140.486561,36.536168],[140.486697,36.53604],[140.487007,36.53579],[140.487183,36.535563],[140.487247,36.535517],[140.48767,36.535392],[140.488199,36.534954],[140.488291,36.534908],[140.488474,36.534895],[140.488587,36.534832],[140.488707,36.534745],[140.488815,36.5347],[140.488997,36.534632],[140.489101,36.534538],[140.489151,36.534345],[140.489207,36.534322],[140.489334,36.534322],[140.489659,36.534396],[140.490244,36.534409]]}},{"type":"Feature","properties":{"id":226026891,"highway":"residential"},"geometry":{"type":"LineString","coordinates":[[140.485715,36.510754],[140.485938,36.510691],[140.48618,36.51062],[140.486308,36.510567],[140.486365,36.510541],[140.486454,36.510522],[140.486515,36.510519],[140.48659,36.510531],[140.486756,36.51057],[140.486829,36.510577],[140.486898,36.510564],[140.486972,36.510506],[140.487383,36.510297],[140.487707,36.510108],[140.488244,36.509878]]}},{"type":"Feature","properties":{"id":226026892,"highway":"unclassified"},"geometry":{"type":"LineString","coordinates":[[140.4812,36.531336],[140.480846,36.53134],[140.480695,36.531383],[140.480567,36.531419],[140.480448,36.531434],[140.480343,36.531439],[140.480246,36.531432],[140.480162,36.531404],[140.480122,36.531391],[140.480036,36.531361],[140.479815,36.531275],[140.479749,36.531255],[140.47967,36.531249],[140.479592,36.531251],[140.479502,36.531258],[140.479424,36.531252],[140.479371,36.531219],[140.479274,36.531153],[140.479192,36.531133],[140.4791,36.531151],[140.478659,36.531282],[140.478611,36.531323]]}},{"type":"Feature","properties":{"id":226026893,"highway":"tertiary"},"geometry":{"type":"LineString","coordinates":[[140.46579,36.565161],[140.466077,36.565219],[140.466168,36.565225],[140.466209,36.565225],[140.46627,36.565216],[140.466389,36.565182],[140.466476,36.565142],[140.466642,36.564994],[140.4668,36.564833],[140.46689,36.564759],[140.466997,36.564694],[140.467158,36.564638],[140.467401,36.56459],[140.467576,36.564565],[140.467821,36.564544],[140.468085,36.56455],[140.468474,36.56457],[140.468946,36.56459],[140.469076,36.564581]]}},{"type":"Feature","properties":{"id":226026911,"highway":"residential"},"geometry":{"type":"LineString","coordinates":[[140.448309,36.572318],[140.448875,36.572486],[140.449069,36.57251],[140.449314,36.572533],[140.449447,36.5726],[140.449493,36.572749],[140.449574,36.573136],[140.449648,36.573223],[140.45001,36.57324],[140.450235,36.573254],[140.450467,36.573344],[140.450699,36.573448],[140.450848,36.573402],[140.450903,36.573279],[140.451059,36.572939],[140.451124,36.572871],[140.451243,36.572851],[140.451886,36.572969]]}},{"type":"Feature","properties":{"id":226026929,"highway":"residential"},"geometry":{"type":"LineString","coordinates":[[140.461279,36.533574],[140.461677,36.533935],[140.461769,36.533993]]}},{"type":"Feature","properties":{"id":226026960,"highway":"residential"},"geometry":{"type":"LineString","coordinates":[[140.4792,36.539941],[140.479613,36.540049],[140.479817,36.540118],[140.480139,36.540231],[140.480856,36.540385]]}},{"type":"Feature","properties":{"id":226026972,"highway":"residential"},"geometry":{"type":"LineString","coordinates":[[140.491171,36.578648],[140.49175,36.578763],[140.491683,36.578993],[140.491731,36.579072],[140.493226,36.579709],[140.494493,36.580259],[140.494567,36.580253]]}},{"type":"Feature","properties":{"id":226026973,"highway":"service"},"geometry":{"type":"LineString","coordinates":[[140.434863,36.588288],[140.435122,36.588246]]}},{"type":"Feature","properties":{"id":226026975,"highway":"unclassified"},"geometry":{"type":"LineString","coordinates":[[140.492523,36.542774],[140.492942,36.542718],[140.493284,36.542667],[140.494039,36.542413],[140.494489,36.542263],[140.494926,36.542177],[140.495059,36.542123],[140.49515,36.542034],[140.495276,36.541866],[140.495418,36.541779],[140.49542,36.541779],[140.496376,36.541654],[140.496669,36.541748],[140.497079,36.541984],[140.497304,36.54206],[140.497691,36.542171],[140.49781,36.542287],[140.497934,36.542551]]}},{"type":"Feature","properties":{"id":226026987,"highway":"residential"},"geometry":{"type":"LineString","coordinates":[[140.489602,36.566256],[140.489741,36.566571]]}},{"type":"Feature","properties":{"id":226027031,"highway":"residential"},"geometry":{"type":"LineString","coordinates":[[140.493476,36.508235],[140.493618,36.508052],[140.49398,36.507637],[140.494149,36.507438],[140.494423,36.507127],[140.494522,36.506961],[140.494574,36.506897]]}},{"type":"Feature","properties":{"id":226027080,"highway":"unclassified"},"geometry":{"type":"LineString","coordinates":[[140.447879,36.580875],[140.448091,36.581067]]}},{"type":"Feature","properties":{"id":226027090,"highway":"unclassified"},"geometry":{"type":"LineString","coordinates":[[140.465502,36.534809],[140.467127,36.533374]]}},{"type":"Feature","properties":{"id":226027093,"highway":"residential"},"geometry":{"type":"LineString","coordinates":[[140.489951,36.567782],[140.489834,36.567892]]}},{"type":"Feature","properties":{"id":226027112,"highway":"unclassified"},"geometry":{"type":"LineString","coordinates":[[140.466746,36.511677],[140.466819,36.511684],[140.467031,36.511696],[140.467151,36.511714],[140.467267,36.511754],[140.467714,36.511973],[140.467784,36.512027],[140.467864,36.512116],[140.467903,36.512183],[140.467965,36.512236],[140.468081,36.512305],[140.468174,36.512358],[140.468317,36.512413],[140.468447,36.512443],[140.468564,36.512458],[140.468728,36.512456],[140.46909,36.512417],[140.469198,36.512388],[140.469425,36.512319],[140.469467,36.512313],[140.469503,36.512316],[140.469599,36.512364],[140.470109,36.512517]]}},{"type":"Feature","properties":{"id":226027133,"highway":"residential"},"geometry":{"type":"LineString","coordinates":[[140.486554,36.545735],[140.48658,36.545847]]}},{"type":"Feature","properties":{"id":226027143,"highway":"unclassified"},"geometry":{"type":"LineString","coordinates":[[140.435255,36.596005],[140.435022,36.59606]]}},{"type":"Feature","properties":{"id":226027147,"highway":"residential"},"geometry":{"type":"LineString","coordinates":[[140.493393,36.568359],[140.492851,36.566948]]}},{"type":"Feature","properties":{"id":226027179,"highway":"residential"},"geometry":{"type":"LineString","coordinates":[[140.49222,36.568683],[140.493393,36.568359]]}},{"type":"Feature","properties":{"id":226027182,"highway":"tertiary"},"geometry":{"type":"LineString","coordinates":[[140.464237,36.56697],[140.464475,36.566722]]}},{"type":"Feature","properties":{"id":226027201,"highway":"residential"},"geometry":{"type":"LineString","coordinates":[[140.476911,36.536103],[140.476944,36.536012],[140.476976,36.535847],[140.476979,36.535832],[140.476982,36.535695],[140.476937,36.535602],[140.476947,36.535521],[140.476958,36.53541],[140.476974,36.535326],[140.477009,36.535159],[140.477049,36.535007],[140.477053,36.534993],[140.477098,36.534811],[140.477154,36.534548],[140.477144,36.534488]]}},{"type":"Feature","properties":{"id":226027231,"highway":"tertiary"},"geometry":{"type":"LineString","coordinates":[[140.487935,36.498655],[140.488049,36.498649],[140.488119,36.498646],[140.488221,36.498631],[140.488303,36.498607],[140.488388,36.49856],[140.488569,36.498399],[140.488887,36.498132],[140.489042,36.498011],[140.489205,36.497911],[140.489302,36.497862],[140.489442,36.497809],[140.489606,36.497761],[140.489747,36.49773],[140.4899,36.497707],[140.490034,36.497696],[140.490215,36.497702],[140.490396,36.497717],[140.490806,36.497764],[140.491049,36.497797],[140.491241,36.497836],[140.49139,36.497876],[140.491547,36.497931],[140.491733,36.498011],[140.491913,36.498108],[140.492367,36.498409],[140.493585,36.499221],[140.494418,36.499774],[140.494574,36.499877],[140.494688,36.499944],[140.494811,36.499997],[140.494956,36.500053],[140.495126,36.500099],[140.49527,36.500128],[140.495468,36.500147],[140.496544,36.500196],[140.496747,36.500192],[140.496935,36.500171],[140.497103,36.500135],[140.497283,36.500083],[140.497894,36.499864],[140.498105,36.49979],[140.498445,36.499673],[140.498672,36.499575],[140.498887,36.499468],[140.499114,36.499326],[140.499298,36.499202],[140.499504,36.499035],[140.499796,36.498768]]}},{"type":"Feature","properties":{"id":226027235,"highway":"unclassified"},"geometry":{"type":"LineString","coordinates":[[140.447991,36.552886],[140.449163,36.55349]]}},{"type":"Feature","properties":{"id":226027257,"highway":"unclassified"},"geometry":{"type":"LineString","coordinates":[[140.472724,36.522724],[140.473078,36.521209]]}},{"type":"Feature","properties":{"id":226027268,"highway":"unclassified"},"geometry":{"type":"LineString","coordinates":[[140.478423,36.543084],[140.478417,36.542979],[140.47842,36.542549],[140.478357,36.542195],[140.478377,36.54183],[140.47839,36.541753],[140.478439,36.541599]]}},{"type":"Feature","properties":{"id":226027275,"highway":"service"},"geometry":{"type":"LineString","coordinates":[[140.452094,36.529915],[140.452806,36.530089]]}},{"type":"Feature","properties":{"id":226027309,"highway":"unclassified"},"geometry":{"type":"LineString","coordinates":[[140.456559,36.555343],[140.45698,36.555533]]}},{"type":"Feature","properties":{"id":226027323,"highway":"unclassified"},"geometry":{"type":"LineString","coordinates":[[140.44762,36.574164],[140.447922,36.573656]]}},{"type":"Feature","properties":{"id":226027325,"highway":"unclassified"},"geometry":{"type":"LineString","coordinates":[[140.46036,36.547478],[140.460505,36.547226]]}},{"type":"Feature","properties":{"id":226027334,"highway":"residential"},"geometry":{"type":"LineString","coordinates":[[140.487357,36.559289],[140.488166,36.558681]]}},{"type":"Feature","properties":{"id":226027340,"highway":"residential"},"geometry":{"type":"LineString","coordinates":[[140.491532,36.567328],[140.492851,36.566948]]}},{"type":"Feature","properties":{"id":226027346,"highway":"unclassified"},"geometry":{"type":"LineString","coordinates":[[140.440902,36.563817],[140.441741,36.563932]]}},{"type":"Feature","properties":{"id":226027391,"highway":"unclassified"},"geometry":{"type":"LineString","coordinates":[[140.461863,36.527958],[140.462091,36.527801],[140.462867,36.527344]]}},{"type":"Feature","properties":{"id":226027409,"highway":"unclassified"},"geometry":{"type":"LineString","coordinates":[[140.484777,36.510979],[140.484844,36.511014],[140.484957,36.511086],[140.485019,36.511153],[140.485075,36.511244],[140.485152,36.511448],[140.485206,36.511534],[140.48528,36.511632],[140.485396,36.511735],[140.485579,36.511868],[140.485867,36.512068]]}},{"type":"Feature","properties":{"id":226027453,"highway":"residential"},"geometry":{"type":"LineString","coordinates":[[140.44831,36.581423],[140.448152,36.58134]]}},{"type":"Feature","properties":{"id":226027464,"highway":"unclassified"},"geometry":{"type":"LineString","coordinates":[[140.45263,36.576795],[140.453114,36.575885]]}},{"type":"Feature","properties":{"id":226027467,"highway":"residential"},"geometry":{"type":"LineString","coordinates":[[140.475504,36.588207],[140.4755,36.587577]]}},{"type":"Feature","properties":{"id":226027493,"highway":"unclassified"},"geometry":{"type":"LineString","coordinates":[[140.464268,36.528942],[140.464478,36.528905],[140.464574,36.528898],[140.464668,36.528907],[140.464805,36.528936]]}},{"type":"Feature","properties":{"id":226027509,"highway":"residential"},"geometry":{"type":"LineString","coordinates":[[140.498261,36.520524],[140.498392,36.520351],[140.498421,36.520319],[140.499909,36.518535]]}},{"type":"Feature","properties":{"id":226027512,"highway":"unclassified"},"geometry":{"type":"LineString","coordinates":[[140.454429,36.554292],[140.454438,36.554267]]}},{"type":"Feature","properties":{"id":226027524,"highway":"unclassified"},"geometry":{"type":"LineString","coordinates":[[140.441076,36.592893],[140.440851,36.59323]]}},{"type":"Feature","properties":{"id":226027529,"highway":"residential"},"geometry":{"type":"LineString","coordinates":[[140.49004,36.577295],[140.490932,36.577351]]}},{"type":"Feature","properties":{"id":226027531,"highway":"unclassified"},"geometry":{"type":"LineString","coordinates":[[140.486267,36.541919],[140.486343,36.541969],[140.486618,36.542197],[140.486805,36.542352],[140.487355,36.542809],[140.48749,36.542917]]}},{"type":"Feature","properties":{"id":226027539,"highway":"residential"},"geometry":{"type":"LineString","coordinates":[[140.486569,36.566867],[140.486934,36.565869]]}},{"type":"Feature","properties":{"id":226027550,"highway":"unclassified"},"geometry":{"type":"LineString","coordinates":[[140.480026,36.535363],[140.480136,36.535536],[140.480171,36.535597],[140.480206,36.5357],[140.480223,36.535998],[140.480244,36.5363],[140.480247,36.536522],[140.480171,36.537491],[140.480178,36.537555],[140.480453,36.538475],[140.480476,36.538565],[140.480475,36.538656],[140.480463,36.538739],[140.480394,36.538987],[140.480343,36.539201],[140.480216,36.53981],[140.480139,36.540231],[140.479971,36.541086],[140.47996,36.541133]]}},{"type":"Feature","properties":{"id":226027557,"highway":"service"},"geometry":{"type":"LineString","coordinates":[[140.462983,36.514735],[140.46335,36.514972],[140.463443,36.515169]]}},{"type":"Feature","properties":{"id":226027586,"highway":"unclassified"},"geometry":{"type":"LineString","coordinates":[[140.460505,36.547226],[140.460602,36.547046]]}},{"type":"Feature","properties":{"id":226027615,"highway":"unclassified"},"geometry":{"type":"LineString","coordinates":[[140.484595,36.568572],[140.484937,36.568345]]}},{"type":"Feature","properties":{"id":226027628,"highway":"residential"},"geometry":{"type":"LineString","coordinates":[[140.462063,36.59195],[140.462057,36.592089]]}},{"type":"Feature","properties":{"id":226027635,"highway":"service"},"geometry":{"type":"LineString","coordinates":[[140.454123,36.530379],[140.454525,36.529068]]}},{"type":"Feature","properties":{"id":226027666,"highway":"unclassified"},"geometry":{"type":"LineString","coordinates":[[140.457468,36.551189],[140.457596,36.551122]]}},{"type":"Feature","properties":{"id":226027670,"highway":"unclassified"},"geometry":{"type":"LineString","coordinates":[[140.471266,36.519932],[140.470376,36.51956]]}},{"type":"Feature","properties":{"id":226027685,"highway":"residential"},"geometry":{"type":"LineString","coordinates":[[140.486934,36.565869],[140.487287,36.564989]]}},{"type":"Feature","properties":{"id":226027686,"highway":"residential"},"geometry":{"type":"LineString","coordinates":[[140.49024,36.53002],[140.492022,36.530019]]}},{"type":"Feature","properties":{"id":226027690,"highway":"unclassified"},"geometry":{"type":"LineString","coordinates":[[140.485678,36.506368],[140.484907,36.50711]]}},{"type":"Feature","properties":{"id":226027693,"highway":"unclassified"},"geometry":{"type":"LineString","coordinates":[[140.475354,36.592457],[140.47432,36.592699]]}},{"type":"Feature","properties":{"id":226027694,"highway":"unclassified"},"geometry":{"type":"LineString","coordinates":[[140.488822,36.518749],[140.488923,36.518856],[140.489042,36.518975],[140.489205,36.51911]]}},{"type":"Feature","properties":{"id":226027699,"highway":"service"},"geometry":{"type":"LineString","coordinates":[[140.461123,36.514645],[140.461782,36.514831]]}},{"type":"Feature","properties":{"id":226027712,"highway":"unclassified"},"geometry":{"type":"LineString","coordinates":[[140.483393,36.585556],[140.48383,36.585965]]}},{"type":"Feature","properties":{"id":226027713,"highway":"unclassified"},"geometry":{"type":"LineString","coordinates":[[140.463579,36.555837],[140.46343,36.555629]]}},{"type":"Feature","properties":{"id":226027716,"highway":"residential"},"geometry":{"type":"LineString","coordinates":[[140.471377,36.528687],[140.471439,36.528389]]}},{"type":"Feature","properties":{"id":226027729,"highway":"service"},"geometry":{"type":"LineString","coordinates":[[140.487798,36.559633],[140.487216,36.559884],[140.486981,36.560004],[140.486961,36.560076],[140.487023,36.560457],[140.487103,36.560706],[140.487288,36.561714],[140.487102,36.561735]]}},{"type":"Feature","properties":{"id":226027731,"highway":"unclassified"},"geometry":{"type":"LineString","coordinates":[[140.48784,36.585705],[140.487864,36.585584],[140.487896,36.585498]]}},{"type":"Feature","properties":{"id":226027765,"highway":"residential"},"geometry":{"type":"LineString","coordinates":[[140.471439,36.528389],[140.471828,36.526677],[140.471773,36.526601]]}},{"type":"Feature","properties":{"id":226027766,"highway":"service"},"geometry":{"type":"LineString","coordinates":[[140.43551,36.584423],[140.435507,36.584653],[140.435333,36.584886],[140.435051,36.585157],[140.434756,36.585306],[140.434692,36.585523],[140.434641,36.585694],[140.434603,36.586172],[140.434644,36.586562],[140.434617,36.586809],[140.434598,36.586986]]}},{"type":"Feature","properties":{"id":226027773,"highway":"unclassified"},"geometry":{"type":"LineString","coordinates":[[140.483033,36.542141],[140.483377,36.541759]]}},{"type":"Feature","properties":{"id":226027779,"highway":"unclassified"},"geometry":{"type":"LineString","coordinates":[[140.461815,36.551131],[140.462746,36.549731]]}},{"type":"Feature","properties":{"id":226027781,"highway":"unclassified"},"geometry":{"type":"LineString","coordinates":[[140.481702,36.511612],[140.482039,36.511265],[140.483408,36.509953],[140.484789,36.508608],[140.484849,36.508571]]}},{"type":"Feature","properties":{"id":226027802,"highway":"residential"},"geometry":{"type":"LineString","coordinates":[[140.497009,36.515368],[140.496731,36.514905],[140.496467,36.514366],[140.496219,36.514203],[140.495889,36.514112],[140.495679,36.514216]]}},{"type":"Feature","properties":{"id":226027815,"highway":"primary"},"geometry":{"type":"LineString","coordinates":[[140.453123,36.545083],[140.453187,36.5452],[140.453803,36.546339]]}},{"type":"Feature","properties":{"id":226027819,"highway":"residential"},"geometry":{"type":"LineString","coordinates":[[140.484596,36.593789],[140.484988,36.593841]]}},{"type":"Feature","properties":{"id":226027848,"highway":"residential"},"geometry":{"type":"LineString","coordinates":[[140.490579,36.570566],[140.491166,36.570432]]}},{"type":"Feature","properties":{"id":226027891,"highway":"service"},"geometry":{"type":"LineString","coordinates":[[140.429979,36.58959],[140.431619,36.589577]]}},{"type":"Feature","properties":{"id":226027899,"highway":"unclassified"},"geometry":{"type":"LineString","coordinates":[[140.465766,36.532366],[140.465871,36.532226]]}},{"type":"Feature","properties":{"id":226027907,"highway":"residential"},"geometry":{"type":"LineString","coordinates":[[140.461192,36.540202],[140.463227,36.54067]]}},{"type":"Feature","properties":{"id":226027936,"highway":"residential"},"geometry":{"type":"LineString","coordinates":[[140.435594,36.598563],[140.43582,36.598559]]}},{"type":"Feature","properties":{"id":226027939,"highway":"residential"},"geometry":{"type":"LineString","coordinates":[[140.444395,36.58528],[140.444319,36.585062]]}},{"type":"Feature","properties":{"id":226027946,"highway":"service"},"geometry":{"type":"LineString","coordinates":[[140.453876,36.531089],[140.454123,36.530379]]}},{"type":"Feature","properties":{"id":226027962,"highway":"residential"},"geometry":{"type":"LineString","coordinates":[[140.467647,36.526883],[140.467881,36.527071]]}},{"type":"Feature","properties":{"id":226027966,"highway":"residential"},"geometry":{"type":"LineString","coordinates":[[140.4755,36.587577],[140.47708,36.587566]]}},{"type":"Feature","properties":{"id":226028001,"highway":"unclassified"},"geometry":{"type":"LineString","coordinates":[[140.476227,36.529589],[140.476321,36.529579]]}},{"type":"Feature","properties":{"id":226028012,"highway":"unclassified"},"geometry":{"type":"LineString","coordinates":[[140.440851,36.59323],[140.440812,36.593291]]}},{"type":"Feature","properties":{"id":226028013,"highway":"unclassified"},"geometry":{"type":"LineString","coordinates":[[140.458819,36.551943],[140.458084,36.551574]]}},{"type":"Feature","properties":{"id":226028015,"highway":"tertiary"},"geometry":{"type":"LineString","coordinates":[[140.44569,36.583998],[140.446028,36.583975],[140.446062,36.583973]]}},{"type":"Feature","properties":{"id":226028038,"highway":"residential"},"geometry":{"type":"LineString","coordinates":[[140.484982,36.554554],[140.485134,36.554732]]}},{"type":"Feature","properties":{"id":226028039,"highway":"unclassified"},"geometry":{"type":"LineString","coordinates":[[140.487053,36.523088],[140.489216,36.524612],[140.490294,36.525386],[140.490375,36.525433],[140.490487,36.525475],[140.490589,36.525501],[140.490674,36.525559],[140.49118,36.526003],[140.491061,36.526174],[140.490902,36.526296],[140.490839,36.526375],[140.490801,36.526458],[140.490784,36.526558],[140.490771,36.526704],[140.490762,36.526888],[140.490734,36.527056],[140.490695,36.52722],[140.490663,36.527335],[140.490615,36.527434]]}},{"type":"Feature","properties":{"id":226028078,"highway":"residential"},"geometry":{"type":"LineString","coordinates":[[140.49016,36.571757],[140.490075,36.571837]]}},{"type":"Feature","properties":{"id":226028079,"highway":"unclassified"},"geometry":{"type":"LineString","coordinates":[[140.464172,36.543724],[140.464772,36.543628]]}},{"type":"Feature","properties":{"id":226028087,"highway":"unclassified"},"geometry":{"type":"LineString","coordinates":[[140.435022,36.59606],[140.434839,36.596072],[140.434731,36.596038]]}},{"type":"Feature","properties":{"id":226028090,"highway":"tertiary"},"geometry":{"type":"LineString","coordinates":[[140.469616,36.564176],[140.470284,36.563584]]}},{"type":"Feature","properties":{"id":226028095,"highway":"residential"},"geometry":{"type":"LineString","coordinates":[[140.48175,36.541643],[140.48184,36.541242]]}},{"type":"Feature","properties":{"id":226028110,"highway":"residential"},"geometry":{"type":"LineString","coordinates":[[140.453961,36.570309],[140.454366,36.570315]]}},{"type":"Feature","properties":{"id":226028120,"highway":"unclassified"},"geometry":{"type":"LineString","coordinates":[[140.438242,36.59605],[140.438085,36.596014]]}},{"type":"Feature","properties":{"id":226028125,"highway":"unclassified"},"geometry":{"type":"LineString","coordinates":[[140.454304,36.576702],[140.454333,36.576676]]}},{"type":"Feature","properties":{"id":226028128,"highway":"unclassified"},"geometry":{"type":"LineString","coordinates":[[140.462847,36.548014],[140.463656,36.548391]]}},{"type":"Feature","properties":{"id":226028137,"highway":"residential"},"geometry":{"type":"LineString","coordinates":[[140.489951,36.567782],[140.491532,36.567328]]}},{"type":"Feature","properties":{"id":226028142,"highway":"unclassified"},"geometry":{"type":"LineString","coordinates":[[140.453987,36.574343],[140.454945,36.57268]]}},{"type":"Feature","properties":{"id":226028153,"highway":"residential"},"geometry":{"type":"LineString","coordinates":[[140.445599,36.582842],[140.445923,36.582803]]}},{"type":"Feature","properties":{"id":226028166,"highway":"residential"},"geometry":{"type":"LineString","coordinates":[[140.485641,36.51027],[140.485715,36.510754]]}},{"type":"Feature","properties":{"id":226028176,"highway":"unclassified"},"geometry":{"type":"LineString","coordinates":[[140.483409,36.59229],[140.483839,36.592409]]}},{"type":"Feature","properties":{"id":226028181,"highway":"unclassified"},"geometry":{"type":"LineString","coordinates":[[140.490605,36.533566],[140.49061,36.53353]]}},{"type":"Feature","properties":{"id":226028195,"highway":"unclassified"},"geometry":{"type":"LineString","coordinates":[[140.448828,36.56322],[140.450166,36.561672],[140.45029,36.561514],[140.450718,36.561047],[140.450874,36.560899]]}},{"type":"Feature","properties":{"id":226028197,"highway":"residential"},"geometry":{"type":"LineString","coordinates":[[140.444319,36.585062],[140.444196,36.584125]]}},{"type":"Feature","properties":{"id":226028203,"highway":"residential"},"geometry":{"type":"LineString","coordinates":[[140.471764,36.513027],[140.472078,36.513185]]}},{"type":"Feature","properties":{"id":226028209,"highway":"unclassified"},"geometry":{"type":"LineString","coordinates":[[140.469158,36.582134],[140.468939,36.581986]]}},{"type":"Feature","properties":{"id":226028219,"highway":"unclassified"},"geometry":{"type":"LineString","coordinates":[[140.497162,36.55],[140.496881,36.54956]]}},{"type":"Feature","properties":{"id":226028241,"highway":"tertiary"},"geometry":{"type":"LineString","coordinates":[[140.464477,36.554905],[140.46443,36.5548],[140.464409,36.554727],[140.464402,36.554657],[140.464415,36.554593],[140.464887,36.553582],[140.465379,36.552453],[140.465449,36.552271],[140.465487,36.552151],[140.465513,36.552031],[140.465532,36.551882],[140.465537,36.551713],[140.465515,36.551473],[140.465444,36.550865],[140.465334,36.549912],[140.46528,36.549456],[140.465247,36.54909],[140.465245,36.548901],[140.465257,36.548751],[140.46528,36.548631],[140.465312,36.548537],[140.465325,36.5485],[140.46539,36.548366],[140.465472,36.548228],[140.465548,36.54812],[140.466195,36.547488],[140.466284,36.547385],[140.466351,36.547279],[140.466383,36.547217],[140.466402,36.547181],[140.466452,36.547018],[140.466621,36.546409],[140.466669,36.546256],[140.466741,36.546065],[140.466829,36.545861],[140.466911,36.545702],[140.467045,36.545461],[140.467142,36.545305],[140.467642,36.544561],[140.467722,36.544416],[140.467776,36.544299],[140.467807,36.544176],[140.467829,36.544056],[140.467842,36.543928],[140.467838,36.543724],[140.467832,36.543536],[140.467812,36.543342],[140.467763,36.543132],[140.46768,36.5429],[140.467602,36.542662],[140.467579,36.542524],[140.46757,36.54239],[140.467578,36.542244],[140.467602,36.542113],[140.467652,36.541971],[140.467753,36.541761],[140.467942,36.541437],[140.468026,36.541293],[140.468147,36.541038],[140.468237,36.540831],[140.468641,36.539866],[140.468677,36.539798],[140.468721,36.539748],[140.46878,36.539691]]}},{"type":"Feature","properties":{"id":226028278,"highway":"unclassified"},"geometry":{"type":"LineString","coordinates":[[140.449576,36.576268],[140.451184,36.57637]]}},{"type":"Feature","properties":{"id":226028282,"highway":"residential"},"geometry":{"type":"LineString","coordinates":[[140.479971,36.541086],[140.479207,36.540926]]}},{"type":"Feature","properties":{"id":226028286,"highway":"unclassified"},"geometry":{"type":"LineString","coordinates":[[140.462407,36.547821],[140.462847,36.548014]]}},{"type":"Feature","properties":{"id":226028330,"highway":"unclassified"},"geometry":{"type":"LineString","coordinates":[[140.448091,36.581067],[140.448134,36.581094]]}},{"type":"Feature","properties":{"id":226028341,"highway":"residential"},"geometry":{"type":"LineString","coordinates":[[140.464211,36.540994],[140.464756,36.541119]]}},{"type":"Feature","properties":{"id":226028356,"highway":"unclassified"},"geometry":{"type":"LineString","coordinates":[[140.454945,36.57268],[140.455035,36.572274],[140.455297,36.570374],[140.455599,36.568511],[140.455902,36.566622],[140.45607,36.56561],[140.456186,36.564729],[140.456471,36.56286],[140.456766,36.560964],[140.456899,36.560039],[140.457052,36.559078],[140.457127,36.558709],[140.457253,36.557848],[140.457267,36.557795]]}},{"type":"Feature","properties":{"id":226028358,"highway":"unclassified"},"geometry":{"type":"LineString","coordinates":[[140.485038,36.587466],[140.484966,36.587376],[140.484614,36.586935]]}},{"type":"Feature","properties":{"id":226028359,"highway":"unclassified"},"geometry":{"type":"LineString","coordinates":[[140.463656,36.548391],[140.465247,36.54909]]}},{"type":"Feature","properties":{"id":226028366,"highway":"unclassified"},"geometry":{"type":"LineString","coordinates":[[140.459956,36.543742],[140.461796,36.544211]]}},{"type":"Feature","properties":{"id":226028367,"highway":"residential"},"geometry":{"type":"LineString","coordinates":[[140.491532,36.567328],[140.490979,36.565917]]}},{"type":"Feature","properties":{"id":226028370,"highway":"residential"},"geometry":{"type":"LineString","coordinates":[[140.450549,36.568362],[140.450759,36.568311]]}},{"type":"Feature","properties":{"id":226028400,"highway":"residential"},"geometry":{"type":"LineString","coordinates":[[140.443773,36.541449],[140.44408,36.541588]]}},{"type":"Feature","properties":{"id":226028415,"highway":"unclassified"},"geometry":{"type":"LineString","coordinates":[[140.469837,36.522763],[140.470443,36.522801]]}},{"type":"Feature","properties":{"id":226028432,"highway":"unclassified"},"geometry":{"type":"LineString","coordinates":[[140.453688,36.555557],[140.453451,36.555507],[140.453247,36.555517],[140.453118,36.55547],[140.452989,36.555406],[140.452715,36.555276]]}},{"type":"Feature","properties":{"id":226028436,"highway":"residential"},"geometry":{"type":"LineString","coordinates":[[140.44799,36.578111],[140.448414,36.577903]]}},{"type":"Feature","properties":{"id":226028443,"highway":"residential"},"geometry":{"type":"LineString","coordinates":[[140.49222,36.568683],[140.491532,36.567328]]}},{"type":"Feature","properties":{"id":226028447,"highway":"unclassified"},"geometry":{"type":"LineString","coordinates":[[140.469567,36.582548],[140.469411,36.582351],[140.469158,36.582134]]}},{"type":"Feature","properties":{"id":226028449,"highway":"residential"},"geometry":{"type":"LineString","coordinates":[[140.458339,36.528747],[140.457121,36.530378]]}},{"type":"Feature","properties":{"id":226028454,"highway":"residential"},"geometry":{"type":"LineString","coordinates":[[140.44613,36.584454],[140.446724,36.584408],[140.447051,36.584324],[140.447546,36.584302]]}},{"type":"Feature","properties":{"id":226028466,"highway":"tertiary"},"geometry":{"type":"LineString","coordinates":[[140.459644,36.591096],[140.460862,36.59102]]}},{"type":"Feature","properties":{"id":226028478,"highway":"residential"},"geometry":{"type":"LineString","coordinates":[[140.465379,36.552453],[140.466376,36.553718]]}},{"type":"Feature","properties":{"id":226028480,"highway":"unclassified"},"geometry":{"type":"LineString","coordinates":[[140.490344,36.516746],[140.490436,36.516691],[140.490578,36.516644]]}},{"type":"Feature","properties":{"id":226028485,"highway":"unclassified"},"geometry":{"type":"LineString","coordinates":[[140.478049,36.543974],[140.478127,36.543875]]}},{"type":"Feature","properties":{"id":226028491,"highway":"unclassified"},"geometry":{"type":"LineString","coordinates":[[140.464805,36.528936],[140.46536,36.529072]]}},{"type":"Feature","properties":{"id":226028493,"highway":"unclassified"},"geometry":{"type":"LineString","coordinates":[[140.474439,36.514229],[140.474627,36.514229]]}},{"type":"Feature","properties":{"id":226028518,"highway":"unclassified"},"geometry":{"type":"LineString","coordinates":[[140.479971,36.541086],[140.48078,36.541272]]}},{"type":"Feature","properties":{"id":226028527,"highway":"residential"},"geometry":{"type":"LineString","coordinates":[[140.465878,36.541316],[140.46639,36.541488]]}},{"type":"Feature","properties":{"id":226028545,"highway":"residential"},"geometry":{"type":"LineString","coordinates":[[140.463798,36.558684],[140.464359,36.558626]]}},{"type":"Feature","properties":{"id":226028552,"highway":"service"},"geometry":{"type":"LineString","coordinates":[[140.460455,36.514454],[140.461123,36.514645]]}},{"type":"Feature","properties":{"id":226028554,"highway":"residential"},"geometry":{"type":"LineString","coordinates":[[140.464177,36.528556],[140.464411,36.528271],[140.464524,36.528138]]}},{"type":"Feature","properties":{"id":226028561,"highway":"unclassified"},"geometry":{"type":"LineString","coordinates":[[140.459426,36.543558],[140.459511,36.543634]]}},{"type":"Feature","properties":{"id":226028562,"highway":"unclassified"},"geometry":{"type":"LineString","coordinates":[[140.45912,36.5521],[140.458819,36.551943]]}},{"type":"Feature","properties":{"id":226028563,"highway":"service"},"geometry":{"type":"LineString","coordinates":[[140.434474,36.588346],[140.434863,36.588288]]}},{"type":"Feature","properties":{"id":226028570,"highway":"service"},"geometry":{"type":"LineString","coordinates":[[140.461782,36.514831],[140.461894,36.514862],[140.462495,36.515118]]}},{"type":"Feature","properties":{"id":226028590,"highway":"unclassified"},"geometry":{"type":"LineString","coordinates":[[140.479754,36.550987],[140.479658,36.550675]]}},{"type":"Feature","properties":{"id":226028595,"highway":"residential"},"geometry":{"type":"LineString","coordinates":[[140.453997,36.532151],[140.454025,36.531916]]}},{"type":"Feature","properties":{"id":226028612,"highway":"residential"},"geometry":{"type":"LineString","coordinates":[[140.48184,36.541242],[140.481974,36.540808]]}},{"type":"Feature","properties":{"id":226028619,"highway":"unclassified"},"geometry":{"type":"LineString","coordinates":[[140.489112,36.581787],[140.489121,36.581818]]}},{"type":"Feature","properties":{"id":226028630,"highway":"unclassified"},"geometry":{"type":"LineString","coordinates":[[140.459511,36.543634],[140.459956,36.543742]]}},{"type":"Feature","properties":{"id":226028633,"highway":"residential"},"geometry":{"type":"LineString","coordinates":[[140.479578,36.510433],[140.480804,36.510177]]}},{"type":"Feature","properties":{"id":226028649,"highway":"unclassified"},"geometry":{"type":"LineString","coordinates":[[140.451184,36.57637],[140.451484,36.576462]]}},{"type":"Feature","properties":{"id":226028675,"highway":"unclassified"},"geometry":{"type":"LineString","coordinates":[[140.459956,36.543742],[140.460535,36.542074]]}},{"type":"Feature","properties":{"id":226028687,"highway":"unclassified"},"geometry":{"type":"LineString","coordinates":[[140.467156,36.530776],[140.467183,36.530749],[140.467236,36.530698],[140.468731,36.529344]]}},{"type":"Feature","properties":{"id":226028702,"highway":"residential"},"geometry":{"type":"LineString","coordinates":[[140.478423,36.543084],[140.479549,36.543204]]}},{"type":"Feature","properties":{"id":226028725,"highway":"unclassified"},"geometry":{"type":"LineString","coordinates":[[140.483378,36.536968],[140.483491,36.536986]]}},{"type":"Feature","properties":{"id":226028727,"highway":"unclassified"},"geometry":{"type":"LineString","coordinates":[[140.458084,36.551574],[140.457468,36.551189]]}},{"type":"Feature","properties":{"id":226028732,"highway":"residential"},"geometry":{"type":"LineString","coordinates":[[140.454366,36.570315],[140.455297,36.570374]]}},{"type":"Feature","properties":{"id":226028746,"highway":"residential"},"geometry":{"type":"LineString","coordinates":[[140.47253,36.550617],[140.472897,36.550533]]}},{"type":"Feature","properties":{"id":226028763,"highway":"unclassified"},"geometry":{"type":"LineString","coordinates":[[140.48527,36.581017],[140.485073,36.580556]]}},{"type":"Feature","properties":{"id":226028786,"highway":"unclassified"},"geometry":{"type":"LineString","coordinates":[[140.465786,36.519949],[140.466153,36.520244],[140.467018,36.520903],[140.467578,36.521375]]}},{"type":"Feature","properties":{"id":226028813,"highway":"residential"},"geometry":{"type":"LineString","coordinates":[[140.466176,36.525767],[140.466762,36.526126]]}},{"type":"Feature","properties":{"id":226028830,"highway":"service"},"geometry":{"type":"LineString","coordinates":[[140.470494,36.522806],[140.470499,36.522473],[140.470578,36.522382],[140.471173,36.522452],[140.471292,36.522514]]}},{"type":"Feature","properties":{"id":226028848,"highway":"residential"},"geometry":{"type":"LineString","coordinates":[[140.463227,36.54067],[140.464031,36.540856],[140.464211,36.540994]]}},{"type":"Feature","properties":{"id":226028855,"highway":"residential"},"geometry":{"type":"LineString","coordinates":[[140.497835,36.568983],[140.49728,36.568598]]}},{"type":"Feature","properties":{"id":226028860,"highway":"unclassified"},"geometry":{"type":"LineString","coordinates":[[140.440812,36.593291],[140.440695,36.593497],[140.440713,36.593548],[140.441161,36.59378]]}},{"type":"Feature","properties":{"id":226028865,"highway":"unclassified"},"geometry":{"type":"LineString","coordinates":[[140.461796,36.544211],[140.462404,36.544629]]}},{"type":"Feature","properties":{"id":226028868,"highway":"unclassified"},"geometry":{"type":"LineString","coordinates":[[140.467729,36.55189],[140.467843,36.551878]]}},{"type":"Feature","properties":{"id":226028879,"highway":"tertiary"},"geometry":{"type":"LineString","coordinates":[[140.475182,36.529711],[140.476227,36.529589]]}},{"type":"Feature","properties":{"id":226028890,"highway":"residential"},"geometry":{"type":"LineString","coordinates":[[140.486569,36.566867],[140.486678,36.566921]]}},{"type":"Feature","properties":{"id":226028912,"highway":"residential"},"geometry":{"type":"LineString","coordinates":[[140.46481,36.558606],[140.464977,36.558587],[140.465113,36.558566],[140.465341,36.558428],[140.46545,36.558273],[140.465521,36.558115],[140.465695,36.557359],[140.465797,36.557148],[140.465899,36.557046],[140.466008,36.55696],[140.466101,36.556922],[140.46642,36.556906],[140.466911,36.556885],[140.467271,36.55679],[140.468333,36.556415],[140.468588,36.556401],[140.468843,36.556424],[140.469062,36.556524],[140.469164,36.556576],[140.469332,36.556708],[140.469411,36.556758],[140.469525,36.556742]]}},{"type":"Feature","properties":{"id":226028921,"highway":"residential"},"geometry":{"type":"LineString","coordinates":[[140.445923,36.582803],[140.446019,36.582729],[140.446271,36.582699],[140.446492,36.582747]]}},{"type":"Feature","properties":{"id":226028930,"highway":"residential"},"geometry":{"type":"LineString","coordinates":[[140.489834,36.567892],[140.4895,36.56818]]}},{"type":"Feature","properties":{"id":226028948,"highway":"residential"},"geometry":{"type":"LineString","coordinates":[[140.472503,36.566648],[140.47256,36.566741],[140.472922,36.566964],[140.473385,36.567116],[140.474064,36.567196],[140.474257,36.567243]]}},{"type":"Feature","properties":{"id":226028955,"highway":"unclassified"},"geometry":{"type":"LineString","coordinates":[[140.475092,36.529717],[140.475182,36.529711]]}},{"type":"Feature","properties":{"id":226028958,"highway":"residential"},"geometry":{"type":"LineString","coordinates":[[140.453997,36.532151],[140.455118,36.532389]]}},{"type":"Feature","properties":{"id":226028964,"highway":"unclassified"},"geometry":{"type":"LineString","coordinates":[[140.479153,36.535338],[140.479225,36.535351],[140.479348,36.535342],[140.479807,36.535288],[140.479903,36.535308],[140.480026,36.535363]]}},{"type":"Feature","properties":{"id":226028969,"highway":"unclassified"},"geometry":{"type":"LineString","coordinates":[[140.485447,36.59977],[140.485462,36.600339]]}},{"type":"Feature","properties":{"id":226028995,"highway":"unclassified"},"geometry":{"type":"LineString","coordinates":[[140.471166,36.558996],[140.470851,36.559212]]}},{"type":"Feature","properties":{"id":226028998,"highway":"residential"},"geometry":{"type":"LineString","coordinates":[[140.487446,36.599928],[140.487514,36.599492]]}},{"type":"Feature","properties":{"id":226029014,"highway":"unclassified"},"geometry":{"type":"LineString","coordinates":[[140.45698,36.555533],[140.458398,36.556126]]}},{"type":"Feature","properties":{"id":226029039,"highway":"unclassified"},"geometry":{"type":"LineString","coordinates":[[140.49061,36.53353],[140.49066,36.532854]]}},{"type":"Feature","properties":{"id":226029062,"highway":"unclassified"},"geometry":{"type":"LineString","coordinates":[[140.468073,36.600642],[140.468243,36.600514],[140.468492,36.600308],[140.468542,36.600265],[140.468595,36.600187],[140.468616,36.600124],[140.468613,36.599888],[140.46863,36.599827],[140.468678,36.599777],[140.468741,36.599739],[140.469035,36.59974],[140.469069,36.599728],[140.469094,36.599709],[140.469111,36.599689],[140.469131,36.599653],[140.469249,36.599359],[140.469269,36.599327],[140.469293,36.599301],[140.469318,36.599279],[140.469338,36.599265]]}},{"type":"Feature","properties":{"id":226029070,"highway":"residential"},"geometry":{"type":"LineString","coordinates":[[140.449036,36.583479],[140.449177,36.583605],[140.449367,36.58368],[140.449565,36.583807],[140.449597,36.583946],[140.449602,36.584108],[140.449609,36.584339],[140.449663,36.584509],[140.449736,36.584621],[140.44986,36.584694],[140.450003,36.584732],[140.450383,36.58476],[140.450475,36.584831],[140.450598,36.585114],[140.450872,36.585355],[140.451033,36.585494],[140.451246,36.585594],[140.451364,36.585753],[140.451436,36.585836],[140.451649,36.586063],[140.451733,36.586174],[140.451761,36.586306]]}},{"type":"Feature","properties":{"id":226029092,"highway":"service"},"geometry":{"type":"LineString","coordinates":[[140.435122,36.588246],[140.435175,36.588287],[140.435341,36.588312],[140.435856,36.588183],[140.436266,36.58803],[140.436481,36.587992],[140.436685,36.588026],[140.436846,36.588112],[140.437004,36.588243],[140.437294,36.588668],[140.436982,36.588859],[140.436717,36.589154]]}},{"type":"Feature","properties":{"id":226029096,"highway":"residential"},"geometry":{"type":"LineString","coordinates":[[140.47758,36.538014],[140.477421,36.537914],[140.477268,36.537781],[140.477178,36.537659],[140.477054,36.537574],[140.476921,36.537524],[140.476862,36.537476],[140.476845,36.537424],[140.476913,36.537241],[140.476892,36.537194],[140.476789,36.537129],[140.476344,36.536941],[140.47626,36.536938],[140.476128,36.536965],[140.476055,36.537018],[140.475974,36.537141],[140.475901,36.53721],[140.475539,36.537345],[140.475475,36.537432]]}},{"type":"Feature","properties":{"id":226029115,"highway":"unclassified"},"geometry":{"type":"LineString","coordinates":[[140.46579,36.565161],[140.465801,36.565033],[140.465787,36.564961],[140.46577,36.564887],[140.465705,36.564803],[140.465533,36.564605],[140.465435,36.564503],[140.465299,36.564314],[140.465181,36.56405],[140.46509,36.563862],[140.465014,36.563786],[140.464862,36.563458],[140.46474,36.563198],[140.464688,36.562969],[140.464713,36.562558],[140.464683,36.562404],[140.464632,36.562243],[140.464499,36.562001],[140.464406,36.561877]]}},{"type":"Feature","properties":{"id":226029119,"highway":"residential"},"geometry":{"type":"LineString","coordinates":[[140.476583,36.523966],[140.476639,36.523971],[140.476683,36.523992],[140.476831,36.524101],[140.476913,36.524158],[140.476969,36.524192],[140.477017,36.524231],[140.477142,36.524295],[140.477358,36.524386],[140.477495,36.524468],[140.4776,36.524558],[140.477727,36.524704],[140.477839,36.52482],[140.477941,36.524902],[140.478034,36.524964],[140.47813,36.525014],[140.478262,36.525072],[140.478492,36.525156],[140.478574,36.525204],[140.478645,36.525286]]}},{"type":"Feature","properties":{"id":226029120,"highway":"residential"},"geometry":{"type":"LineString","coordinates":[[140.478799,36.580733],[140.479041,36.580776],[140.479141,36.580756],[140.479234,36.580516],[140.479235,36.580118],[140.47917,36.579883],[140.479256,36.579823],[140.479351,36.579821],[140.479429,36.579892],[140.479443,36.580049],[140.479563,36.580121],[140.479657,36.580184],[140.479826,36.580199],[140.479935,36.580191],[140.480228,36.580048],[140.480306,36.58004],[140.480462,36.580045],[140.480553,36.58003],[140.480646,36.579995],[140.480922,36.579788],[140.481038,36.579733],[140.481328,36.579634],[140.48143,36.579577],[140.48149,36.579518]]}},{"type":"Feature","properties":{"id":226029124,"highway":"unclassified"},"geometry":{"type":"LineString","coordinates":[[140.449217,36.563327],[140.44938,36.563291],[140.450026,36.5632],[140.450558,36.56308],[140.450815,36.56309],[140.451022,36.563094],[140.451262,36.563131],[140.451506,36.563211],[140.451785,36.563211],[140.452029,36.563177],[140.452492,36.562915],[140.452673,36.56282],[140.452764,36.562797],[140.453105,36.562933],[140.453224,36.562946],[140.453367,36.562962],[140.45346,36.562984],[140.453615,36.563081],[140.453776,36.563168],[140.453929,36.563199],[140.454357,36.563202]]}},{"type":"Feature","properties":{"id":226029133,"highway":"unclassified"},"geometry":{"type":"LineString","coordinates":[[140.495646,36.569695],[140.495611,36.569646],[140.49558,36.569609],[140.495425,36.569466],[140.495289,36.569369],[140.495151,36.569244],[140.495063,36.569204],[140.494876,36.569133],[140.494634,36.569047],[140.494478,36.569006],[140.494198,36.568964],[140.493976,36.568946],[140.493557,36.568934],[140.493493,36.568917],[140.493368,36.568857],[140.493275,36.568836],[140.493149,36.568834],[140.493037,36.568842],[140.492846,36.568871],[140.492517,36.568954],[140.49234,36.568968]]}},{"type":"Feature","properties":{"id":226029136,"highway":"unclassified"},"geometry":{"type":"LineString","coordinates":[[140.474881,36.535889],[140.475286,36.535825],[140.475385,36.535814],[140.475459,36.53581],[140.475657,36.53581],[140.475741,36.535854],[140.475825,36.535897],[140.475851,36.535911],[140.476189,36.53597],[140.476448,36.535996],[140.476641,36.536011],[140.476784,36.536043],[140.476911,36.536103],[140.477185,36.536221],[140.47734,36.536281],[140.477472,36.536318],[140.477676,36.536354],[140.478005,36.536476],[140.478072,36.536488],[140.478408,36.536498],[140.479246,36.536532],[140.479336,36.536517]]}},{"type":"Feature","properties":{"id":226029142,"highway":"service"},"geometry":{"type":"LineString","coordinates":[[140.43551,36.584423],[140.434121,36.584201],[140.433709,36.584044],[140.433109,36.583816],[140.432919,36.58374],[140.432891,36.583699],[140.432889,36.583644],[140.432919,36.583582],[140.433001,36.583511],[140.433136,36.583436],[140.433223,36.583412],[140.433342,36.583413],[140.433719,36.583456],[140.434105,36.583514],[140.434348,36.58359],[140.434599,36.583689],[140.43471,36.583722],[140.434838,36.583728],[140.434956,36.58371],[140.435052,36.583669],[140.435226,36.583534],[140.435325,36.583428]]}},{"type":"Feature","properties":{"id":226029144,"highway":"residential"},"geometry":{"type":"LineString","coordinates":[[140.483066,36.572425],[140.483036,36.572288],[140.4828,36.571921],[140.48271,36.571804],[140.482692,36.571692],[140.482726,36.57161],[140.483106,36.571426],[140.483269,36.57128],[140.483583,36.571199],[140.48369,36.571137],[140.483795,36.571022],[140.483836,36.57083],[140.483817,36.570706],[140.483812,36.570569],[140.483716,36.570426],[140.483707,36.570144],[140.483774,36.570008],[140.484277,36.569659],[140.484513,36.569528],[140.484971,36.569253]]}},{"type":"Feature","properties":{"id":226029151,"highway":"unclassified"},"geometry":{"type":"LineString","coordinates":[[140.479777,36.541991],[140.480053,36.542051],[140.480209,36.542081],[140.480331,36.542088],[140.48048,36.542081],[140.481,36.542008],[140.481257,36.542025],[140.48146,36.542076],[140.48166,36.542143],[140.481944,36.542248],[140.48225,36.542356],[140.482438,36.542416],[140.482511,36.542446],[140.48269,36.542554],[140.483245,36.542933],[140.483336,36.542991],[140.483538,36.543054],[140.483742,36.543164],[140.483993,36.543386],[140.484096,36.54342],[140.484207,36.543442]]}},{"type":"Feature","properties":{"id":226029160,"highway":"service"},"geometry":{"type":"LineString","coordinates":[[140.42996,36.586389],[140.429962,36.58762],[140.429979,36.58959],[140.429985,36.590862],[140.429969,36.592925],[140.427514,36.592947]]}},{"type":"Feature","properties":{"id":226029168,"highway":"residential"},"geometry":{"type":"LineString","coordinates":[[140.480766,36.586478],[140.480587,36.586839],[140.480447,36.587002],[140.480329,36.587098],[140.480182,36.587183],[140.480011,36.587233],[140.479856,36.587236],[140.47952,36.587203],[140.479253,36.587201],[140.479108,36.587226],[140.478755,36.587332],[140.478584,36.587367],[140.47842,36.587371],[140.478336,36.58736],[140.4782,36.587298],[140.478111,36.587245],[140.478007,36.587138],[140.477977,36.587061],[140.477979,36.586963],[140.478135,36.586596],[140.478158,36.586478]]}},{"type":"Feature","properties":{"id":226029172,"highway":"unclassified"},"geometry":{"type":"LineString","coordinates":[[140.46343,36.555629],[140.463357,36.555562],[140.463263,36.555434],[140.463196,36.555341],[140.462948,36.555263],[140.462783,36.555211],[140.462827,36.555038],[140.462874,36.554689],[140.46306,36.554179],[140.463096,36.554053],[140.463108,36.553919],[140.463089,36.553709],[140.462979,36.553297],[140.46291,36.553024],[140.4629,36.552961],[140.462913,36.552896],[140.462969,36.552774],[140.463051,36.552656],[140.463139,36.552535],[140.463279,36.552307],[140.463427,36.551965],[140.463533,36.551604]]}},{"type":"Feature","properties":{"id":226029176,"highway":"unclassified"},"geometry":{"type":"LineString","coordinates":[[140.438085,36.596014],[140.438,36.595984],[140.437926,36.595967],[140.437868,36.595961],[140.437813,36.595949],[140.43774,36.595966],[140.437622,36.596013],[140.437575,36.596049],[140.437524,36.59609],[140.437463,36.596142],[140.437401,36.596197],[140.437266,36.596276],[140.437133,36.596285],[140.436945,36.596199],[140.436749,36.596076],[140.43654,36.596016],[140.43628,36.596026],[140.436055,36.595951],[140.435823,36.595912],[140.435559,36.595933],[140.435255,36.596005]]}},{"type":"Feature","properties":{"id":226029186,"highway":"unclassified"},"geometry":{"type":"LineString","coordinates":[[140.491124,36.591474],[140.490733,36.591922],[140.490628,36.592017],[140.49042,36.592137],[140.490209,36.592315],[140.49016,36.592343],[140.489965,36.592395],[140.489783,36.592405],[140.489659,36.592444],[140.489561,36.5925],[140.489378,36.59265],[140.489275,36.592799],[140.489252,36.592895],[140.489235,36.592995],[140.489205,36.593055],[140.489047,36.593214],[140.488931,36.593376],[140.488775,36.593477],[140.488461,36.593587],[140.488141,36.593793],[140.487887,36.593969]]}},{"type":"Feature","properties":{"id":226029191,"highway":"unclassified"},"geometry":{"type":"LineString","coordinates":[[140.432734,36.599722],[140.432727,36.599893],[140.432667,36.600184],[140.432533,36.600363],[140.432819,36.600598],[140.432891,36.600946],[140.432948,36.601072],[140.433274,36.60151],[140.433323,36.601595],[140.433351,36.601713],[140.433358,36.602069],[140.433399,36.602384],[140.433441,36.602494],[140.433518,36.602575],[140.433763,36.602779],[140.433805,36.602857],[140.433872,36.603057],[140.433924,36.603147],[140.434197,36.603455],[140.434219,36.603475]]}},{"type":"Feature","properties":{"id":226029195,"highway":"unclassified"},"geometry":{"type":"LineString","coordinates":[[140.469309,36.523345],[140.469365,36.523218],[140.469477,36.523042],[140.469607,36.522869],[140.469734,36.522757],[140.469728,36.522571],[140.469513,36.522337],[140.469435,36.522158],[140.469473,36.521754],[140.469505,36.521335],[140.469525,36.521072],[140.469333,36.520584],[140.469316,36.520273],[140.469391,36.519965],[140.469616,36.519338]]}},{"type":"Feature","properties":{"id":226029198,"highway":"unclassified"},"geometry":{"type":"LineString","coordinates":[[140.489121,36.581818],[140.489187,36.581881],[140.489317,36.581906],[140.489493,36.581919],[140.489692,36.581919],[140.489986,36.581902],[140.490144,36.581883],[140.49032,36.581847],[140.490596,36.581747],[140.490675,36.581738],[140.49084,36.58176],[140.490981,36.581775],[140.491064,36.581773],[140.491165,36.581749],[140.49135,36.581705],[140.491423,36.581704],[140.491504,36.581711],[140.491686,36.581734],[140.491814,36.581747],[140.491889,36.581751],[140.491947,36.581746],[140.49213,36.581722]]}},{"type":"Feature","properties":{"id":226029223,"highway":"unclassified"},"geometry":{"type":"LineString","coordinates":[[140.461542,36.555351],[140.461554,36.555277],[140.461554,36.555162],[140.461563,36.554866],[140.461558,36.554789],[140.46148,36.554596],[140.46139,36.554223],[140.461309,36.554061],[140.461214,36.553959],[140.460937,36.553771],[140.460902,36.553731],[140.46088,36.553694],[140.460864,36.553633],[140.460864,36.55358],[140.46088,36.553519],[140.460949,36.553435],[140.461032,36.55335],[140.461124,36.55328],[140.461197,36.553228],[140.461345,36.553137],[140.461347,36.55311],[140.461297,36.553086]]}},{"type":"Feature","properties":{"id":226029229,"highway":"tertiary"},"geometry":{"type":"LineString","coordinates":[[140.44413,36.549412],[140.444428,36.549251],[140.444607,36.549188],[140.444762,36.54916],[140.445284,36.549167],[140.44597,36.549217],[140.446276,36.549226],[140.44642,36.549212],[140.446558,36.549192],[140.446705,36.549154],[140.446862,36.549107],[140.447087,36.549017],[140.447361,36.548861],[140.44755,36.548744],[140.448536,36.548079],[140.44966,36.547346],[140.449993,36.54712],[140.450158,36.546993],[140.450217,36.546922],[140.4503,36.546814],[140.450376,36.546669],[140.450379,36.546652],[140.450425,36.546407],[140.450475,36.54547]]}},{"type":"Feature","properties":{"id":226029238,"highway":"residential"},"geometry":{"type":"LineString","coordinates":[[140.447562,36.559706],[140.44851,36.559002],[140.448555,36.558917],[140.448656,36.558689],[140.448762,36.558567],[140.448933,36.558396],[140.449059,36.558315],[140.449171,36.558293],[140.449634,36.558199],[140.44973,36.558143],[140.449831,36.557968],[140.449957,36.557777],[140.450043,36.557708],[140.45019,36.55765],[140.450411,36.557638],[140.450522,36.557658],[140.450815,36.557719],[140.451035,36.557767],[140.451427,36.557768],[140.452121,36.557952],[140.452168,36.557941],[140.452251,36.557882],[140.452316,36.557843],[140.452492,36.557785]]}},{"type":"Feature","properties":{"id":226029242,"highway":"unclassified"},"geometry":{"type":"LineString","coordinates":[[140.461091,36.557932],[140.461288,36.558071],[140.461418,36.558175],[140.461516,36.558198],[140.461606,36.558205],[140.4617,36.5582],[140.461748,36.55819],[140.461798,36.558163],[140.461853,36.558116],[140.462024,36.557866],[140.462069,36.557802],[140.462114,36.55778],[140.462179,36.557769],[140.462247,36.557773],[140.462298,36.557798],[140.462337,36.55784],[140.462347,36.557876],[140.462351,36.557915],[140.462339,36.557993],[140.462288,36.558176],[140.462267,36.55822],[140.462224,36.558268],[140.462046,36.55845]]}},{"type":"Feature","properties":{"id":226029243,"highway":"residential"},"geometry":{"type":"LineString","coordinates":[[140.495847,36.596235],[140.495716,36.596303],[140.495555,36.596286],[140.495293,36.596272],[140.495029,36.596265],[140.494853,36.596211],[140.494516,36.596103],[140.494127,36.596099],[140.49396,36.59612],[140.49386,36.596176],[140.493795,36.596282],[140.493705,36.596447],[140.493564,36.596597],[140.49325,36.596772],[140.493049,36.596765],[140.492973,36.596828],[140.492965,36.597007]]}},{"type":"Feature","properties":{"id":226029272,"highway":"unclassified"},"geometry":{"type":"LineString","coordinates":[[140.471114,36.553293],[140.471159,36.553466],[140.471238,36.553764],[140.471199,36.55408],[140.471276,36.554337],[140.47128,36.554416],[140.471276,36.554471],[140.471265,36.554515],[140.471246,36.55455],[140.471158,36.554685],[140.471133,36.554764],[140.47116,36.554879],[140.471062,36.555417],[140.470967,36.55571],[140.470812,36.556229],[140.470722,36.556561],[140.470758,36.556783]]}},{"type":"Feature","properties":{"id":226029277,"highway":"unclassified"},"geometry":{"type":"LineString","coordinates":[[140.49151,36.583143],[140.491586,36.58323],[140.491635,36.583285],[140.491672,36.58331],[140.491718,36.583323],[140.49178,36.583318],[140.491824,36.583294],[140.491851,36.583264],[140.491875,36.583211],[140.491882,36.583144],[140.491877,36.58304],[140.491845,36.582741],[140.491848,36.582673],[140.491869,36.58261],[140.491916,36.582551],[140.49198,36.582522],[140.492044,36.582512],[140.492274,36.5825],[140.49234,36.582471],[140.492356,36.582415],[140.492361,36.58195]]}},{"type":"Feature","properties":{"id":226029297,"highway":"unclassified"},"geometry":{"type":"LineString","coordinates":[[140.484088,36.59416],[140.484085,36.59421],[140.483959,36.594548],[140.483926,36.594648],[140.483899,36.594947],[140.483823,36.595246],[140.483744,36.595523],[140.483761,36.595838],[140.483816,36.596366],[140.483836,36.596804],[140.483859,36.597197],[140.48389,36.597531],[140.484442,36.597536],[140.484531,36.597603],[140.484576,36.597862],[140.48459,36.598046],[140.484511,36.598223],[140.484533,36.598432],[140.484606,36.598849],[140.484658,36.599241],[140.484657,36.599724],[140.484665,36.600042]]}},{"type":"Feature","properties":{"id":226029302,"highway":"unclassified"},"geometry":{"type":"LineString","coordinates":[[140.452715,36.555276],[140.452485,36.555267],[140.45238,36.555263],[140.452313,36.555301],[140.452276,36.555335],[140.452261,36.555354],[140.452239,36.55538],[140.452192,36.555464],[140.452169,36.555541],[140.452192,36.555638],[140.452232,36.555781],[140.452236,36.555958],[140.452288,36.556109],[140.452342,36.556278],[140.452333,36.556431],[140.452289,36.556547],[140.452219,36.556642],[140.452201,36.556703],[140.452235,36.556761],[140.452488,36.556955],[140.452538,36.557026],[140.452618,36.557127],[140.452673,36.557263],[140.452696,36.557311],[140.452741,36.557403]]}},{"type":"Feature","properties":{"id":226029315,"highway":"unclassified"},"geometry":{"type":"LineString","coordinates":[[140.460678,36.523107],[140.461005,36.52319],[140.461345,36.523298],[140.461503,36.52333],[140.46161,36.523335],[140.461729,36.523322],[140.462068,36.523194],[140.462166,36.523171],[140.462376,36.52314],[140.462748,36.523126],[140.463104,36.523111],[140.463308,36.523115],[140.463926,36.523177],[140.4645,36.523268],[140.464607,36.523201],[140.46476,36.523197],[140.465189,36.523069],[140.46553,36.522872],[140.465756,36.522744],[140.466442,36.522584],[140.46669,36.522581]]}},{"type":"Feature","properties":{"id":226029354,"highway":"unclassified"},"geometry":{"type":"LineString","coordinates":[[140.462867,36.527344],[140.463129,36.527198],[140.463274,36.527072],[140.463602,36.526697],[140.463719,36.526565],[140.464311,36.52619],[140.46439,36.526172],[140.464548,36.526165],[140.464641,36.526151],[140.464897,36.526067],[140.465009,36.526045],[140.465144,36.526078],[140.465318,36.52619],[140.465534,36.52621],[140.465592,36.526185],[140.465667,36.526137],[140.465773,36.526068],[140.465874,36.525991],[140.466176,36.525767]]}},{"type":"Feature","properties":{"id":226029386,"highway":"unclassified"},"geometry":{"type":"LineString","coordinates":[[140.504486,36.566431],[140.504257,36.566479],[140.504077,36.566545],[140.503908,36.566663],[140.503676,36.566976],[140.503277,36.567119],[140.502875,36.56717],[140.502522,36.567224],[140.502212,36.567249],[140.502075,36.567281],[140.501718,36.567466],[140.501404,36.567598],[140.501113,36.567687],[140.500955,36.567715],[140.50079,36.567728],[140.500685,36.567728],[140.500615,36.567713],[140.500072,36.56757],[140.499651,36.567488],[140.499442,36.567469],[140.49932,36.567475],[140.499206,36.567499],[140.499017,36.567568],[140.498757,36.567732],[140.498565,36.567894],[140.498256,36.568262],[140.497976,36.568586],[140.497877,36.568668],[140.497761,36.568741],[140.497597,36.568819]]}},{"type":"Feature","properties":{"id":226029426,"highway":"unclassified"},"geometry":{"type":"LineString","coordinates":[[140.439135,36.596553],[140.438887,36.596721],[140.438909,36.597005],[140.438898,36.597288],[140.438914,36.597827],[140.438949,36.59812],[140.438859,36.598472],[140.438823,36.598887],[140.438947,36.599268],[140.439156,36.599686],[140.439294,36.600019],[140.439312,36.60032],[140.439274,36.600536],[140.439232,36.600672],[140.439397,36.600944],[140.439491,36.601098],[140.439623,36.601228],[140.439798,36.601422],[140.44004,36.601677],[140.440078,36.601827],[140.440066,36.602002],[140.440193,36.602228],[140.440254,36.602423]]}},{"type":"Feature","properties":{"id":226029428,"highway":"unclassified"},"geometry":{"type":"LineString","coordinates":[[140.489121,36.581818],[140.489114,36.581894],[140.489094,36.582009],[140.48908,36.582308],[140.489071,36.582585],[140.489014,36.582731],[140.488882,36.583006],[140.488853,36.583112],[140.48884,36.583201],[140.488844,36.583249],[140.488864,36.583292],[140.488903,36.583306],[140.488947,36.583309],[140.489051,36.583288],[140.489559,36.583158],[140.489748,36.583125],[140.490001,36.583101],[140.490592,36.58303],[140.490917,36.583015],[140.491261,36.583026],[140.491347,36.583035],[140.49138,36.583041],[140.491416,36.583053],[140.491443,36.583069],[140.491478,36.583104],[140.49151,36.583143]]}},{"type":"Feature","properties":{"id":226029435,"highway":"unclassified"},"geometry":{"type":"LineString","coordinates":[[140.468392,36.555835],[140.469063,36.555183],[140.469172,36.555063],[140.469234,36.554969],[140.469274,36.554879],[140.469299,36.554768],[140.469304,36.554634],[140.469289,36.554516],[140.469173,36.554027],[140.469151,36.553915],[140.469078,36.553289],[140.469076,36.553212],[140.469084,36.553164],[140.4691,36.553121],[140.469118,36.553094],[140.469158,36.553072],[140.46921,36.553064],[140.469271,36.553069],[140.469888,36.553175],[140.469958,36.553181],[140.470029,36.553176],[140.470114,36.553152],[140.470186,36.553094],[140.470229,36.553041],[140.470276,36.552972],[140.470337,36.552856]]}},{"type":"Feature","properties":{"id":226029456,"highway":"unclassified"},"geometry":{"type":"LineString","coordinates":[[140.483491,36.536986],[140.48453,36.537178],[140.484625,36.537201],[140.484708,36.537237],[140.484767,36.537284],[140.484806,36.537338],[140.484848,36.537421],[140.484855,36.537549],[140.484876,36.537767],[140.484902,36.5379],[140.484988,36.53808],[140.485008,36.538107],[140.485094,36.538225],[140.485214,36.538328],[140.485339,36.538413],[140.485653,36.538617],[140.485784,36.538724],[140.485894,36.53878],[140.485991,36.538841],[140.486058,36.538914],[140.486142,36.539007],[140.486314,36.539271],[140.486469,36.539441],[140.486661,36.539592]]}},{"type":"Feature","properties":{"id":226029465,"highway":"unclassified"},"geometry":{"type":"LineString","coordinates":[[140.478784,36.591834],[140.478716,36.591949],[140.478689,36.591983],[140.478675,36.592013],[140.478644,36.592047],[140.478596,36.592079],[140.478554,36.592094],[140.478505,36.592107],[140.478402,36.592125],[140.478322,36.592129],[140.478251,36.59213],[140.478162,36.592124],[140.477638,36.592051],[140.47753,36.592049],[140.47745,36.592057],[140.477384,36.592068],[140.477322,36.592086],[140.476863,36.592288],[140.476639,36.592378],[140.476549,36.592395],[140.476444,36.592395],[140.476291,36.592355],[140.476165,36.592338],[140.47599,36.592344],[140.475809,36.592406],[140.475585,36.59244],[140.475354,36.592457]]}},{"type":"Feature","properties":{"id":226029469,"highway":"unclassified"},"geometry":{"type":"LineString","coordinates":[[140.484345,36.535029],[140.48463,36.535204],[140.484824,36.535308],[140.485015,36.535363],[140.485106,36.535389],[140.485189,36.535427],[140.485276,36.535477],[140.485575,36.535707],[140.48564,36.535758],[140.4857,36.535823],[140.485719,36.535853],[140.485734,36.535887],[140.485746,36.535991],[140.485731,36.53608],[140.485701,36.536195],[140.485653,36.536306],[140.485606,36.536377],[140.485568,36.536452],[140.485571,36.536488],[140.485593,36.53653],[140.485642,36.536558],[140.485721,36.536581],[140.485826,36.536578],[140.485921,36.536563],[140.486054,36.536514],[140.486198,36.536439],[140.486328,36.536355],[140.486561,36.536168]]}},{"type":"Feature","properties":{"id":226029474,"highway":"unclassified"},"geometry":{"type":"LineString","coordinates":[[140.491202,36.584754],[140.491579,36.584704],[140.491774,36.58467],[140.491864,36.584646],[140.491966,36.584619],[140.492012,36.584603],[140.492051,36.584584],[140.492077,36.584558],[140.492097,36.584526],[140.492094,36.584482],[140.492071,36.584445],[140.492028,36.584426],[140.491976,36.584416],[140.491898,36.584413],[140.491726,36.58444],[140.491681,36.584441],[140.491634,36.584428],[140.491589,36.584402],[140.491563,36.584374],[140.491514,36.584304],[140.491482,36.584238],[140.491455,36.584163],[140.491443,36.584119],[140.491428,36.584026],[140.491434,36.583861],[140.491446,36.583736],[140.49151,36.583143]]}},{"type":"Feature","properties":{"id":226029488,"highway":"tertiary"},"geometry":{"type":"LineString","coordinates":[[140.462448,36.574685],[140.462365,36.573628],[140.462284,36.573143],[140.462219,36.572892],[140.462162,36.572784],[140.462068,36.572658],[140.4619,36.57243],[140.461734,36.572236],[140.461612,36.571973],[140.461494,36.571788]]}},{"type":"Feature","properties":{"id":226029492,"highway":"tertiary"},"geometry":{"type":"LineString","coordinates":[[140.435325,36.583428],[140.43557,36.583531],[140.435713,36.583569],[140.435917,36.5836],[140.436075,36.583603],[140.436203,36.583593],[140.436377,36.583575],[140.436896,36.5835],[140.437326,36.58344],[140.43756,36.583413],[140.437709,36.583402],[140.43796,36.583405],[140.438112,36.583419],[140.438533,36.583471],[140.438871,36.583568],[140.439077,36.583652],[140.439346,36.583777],[140.439556,36.58388],[140.440376,36.584385],[140.440537,36.584476],[140.4407,36.584539],[140.440872,36.584573],[140.441042,36.584592],[140.441218,36.584584],[140.44147,36.584537],[140.441996,36.584417],[140.442421,36.584334],[140.442706,36.584283],[140.442998,36.584232],[140.44335,36.584191],[140.444196,36.584125],[140.44569,36.583998]]}},{"type":"Feature","properties":{"id":226029624,"highway":"unclassified"},"geometry":{"type":"LineString","coordinates":[[140.469153,36.597904],[140.469096,36.597846],[140.469048,36.597769],[140.469009,36.597686],[140.468901,36.597384],[140.468859,36.597282],[140.468821,36.597229],[140.468702,36.597139],[140.468535,36.597057],[140.468457,36.597037],[140.4684,36.597037],[140.468335,36.597052],[140.468244,36.597087],[140.468194,36.597097],[140.468164,36.597094],[140.468136,36.59708],[140.468112,36.597059],[140.468087,36.597016],[140.468061,36.596932],[140.46805,36.596874],[140.468054,36.596697],[140.468073,36.596647],[140.468087,36.596621],[140.468115,36.596587],[140.468179,36.596537],[140.46845,36.596407],[140.468612,36.596266],[140.46866,36.596237]]}},{"type":"Feature","properties":{"id":226029678,"highway":"unclassified"},"geometry":{"type":"LineString","coordinates":[[140.486661,36.539592],[140.486973,36.539809],[140.487131,36.539989],[140.487302,36.540191],[140.487354,36.540248],[140.487377,36.5403],[140.487404,36.54038],[140.48742,36.540521],[140.487433,36.540645],[140.487457,36.540766],[140.487509,36.540879],[140.487544,36.540937],[140.487611,36.540996],[140.487707,36.54107],[140.487951,36.541215],[140.488098,36.541316],[140.488166,36.541381],[140.488286,36.541529],[140.488348,36.541639],[140.488461,36.541781],[140.48862,36.542007],[140.489001,36.542316],[140.489257,36.542611],[140.489425,36.542963],[140.489492,36.54332]]}},{"type":"Feature","properties":{"id":226029700,"highway":"unclassified"},"geometry":{"type":"LineString","coordinates":[[140.461785,36.545333],[140.462404,36.544629]]}},{"type":"Feature","properties":{"id":226029718,"highway":"unclassified"},"geometry":{"type":"LineString","coordinates":[[140.473078,36.521209],[140.472718,36.52096],[140.471266,36.519932]]}},{"type":"Feature","properties":{"id":226029741,"highway":"unclassified"},"geometry":{"type":"LineString","coordinates":[[140.473078,36.521209],[140.473648,36.520646],[140.474639,36.51976]]}},{"type":"Feature","properties":{"id":226029756,"highway":"unclassified"},"geometry":{"type":"LineString","coordinates":[[140.459548,36.554472],[140.460679,36.552801]]}},{"type":"Feature","properties":{"id":226029768,"highway":"unclassified"},"geometry":{"type":"LineString","coordinates":[[140.489229,36.589494],[140.489406,36.589644],[140.489417,36.589709],[140.489308,36.589829],[140.489313,36.589878]]}},{"type":"Feature","properties":{"id":226029779,"highway":"residential"},"geometry":{"type":"LineString","coordinates":[[140.4868,36.560449],[140.487023,36.560457]]}},{"type":"Feature","properties":{"id":226029823,"highway":"unclassified"},"geometry":{"type":"LineString","coordinates":[[140.446524,36.578222],[140.446867,36.577579],[140.44748,36.576503]]}},{"type":"Feature","properties":{"id":226029831,"highway":"unclassified"},"geometry":{"type":"LineString","coordinates":[[140.477493,36.54491],[140.478049,36.543974]]}},{"type":"Feature","properties":{"id":226029835,"highway":"unclassified"},"geometry":{"type":"LineString","coordinates":[[140.451484,36.576462],[140.452451,36.576796],[140.452605,36.5768]]}},{"type":"Feature","properties":{"id":226029848,"highway":"service"},"geometry":{"type":"LineString","coordinates":[[140.469063,36.515481],[140.469361,36.514976],[140.469665,36.514409]]}},{"type":"Feature","properties":{"id":226029856,"highway":"unclassified"},"geometry":{"type":"LineString","coordinates":[[140.465871,36.532226],[140.466485,36.531528],[140.466795,36.531273]]}},{"type":"Feature","properties":{"id":226029858,"highway":"residential"},"geometry":{"type":"LineString","coordinates":[[140.488166,36.558681],[140.488322,36.558473],[140.488778,36.558194]]}},{"type":"Feature","properties":{"id":226029859,"highway":"unclassified"},"geometry":{"type":"LineString","coordinates":[[140.485978,36.512142],[140.486405,36.511925],[140.48855,36.510876],[140.488706,36.510821],[140.488855,36.510778]]}},{"type":"Feature","properties":{"id":226029864,"highway":"residential"},"geometry":{"type":"LineString","coordinates":[[140.455572,36.596993],[140.4559,36.597066],[140.455976,36.59707]]}},{"type":"Feature","properties":{"id":226029870,"highway":"unclassified"},"geometry":{"type":"LineString","coordinates":[[140.460679,36.552801],[140.45912,36.5521]]}},{"type":"Feature","properties":{"id":226029873,"highway":"residential"},"geometry":{"type":"LineString","coordinates":[[140.489278,36.548655],[140.489123,36.548537],[140.489117,36.548455]]}},{"type":"Feature","properties":{"id":226029881,"highway":"unclassified"},"geometry":{"type":"LineString","coordinates":[[140.48806,36.599674],[140.488926,36.599666],[140.48934,36.599742],[140.489532,36.599759],[140.489716,36.599777],[140.48981,36.599778],[140.489951,36.599845],[140.490187,36.59992],[140.490246,36.599948],[140.490313,36.599976],[140.490359,36.600021],[140.490471,36.60015],[140.490466,36.600372],[140.490452,36.600447],[140.490439,36.600566],[140.490447,36.600671],[140.490549,36.600915],[140.490659,36.601134],[140.490747,36.601309],[140.490785,36.601464],[140.490777,36.601584],[140.490774,36.601686],[140.490782,36.601802],[140.49076,36.601927],[140.490718,36.602009],[140.490659,36.60211],[140.4906,36.602215],[140.49053,36.602312],[140.490444,36.60245],[140.489951,36.60239],[140.489744,36.602415],[140.48957,36.602442],[140.489447,36.602476],[140.48928,36.602475],[140.489102,36.602317],[140.48898,36.60228],[140.488669,36.602288]]}},{"type":"Feature","properties":{"id":226029888,"highway":"residential"},"geometry":{"type":"LineString","coordinates":[[140.492118,36.550705],[140.492166,36.550629],[140.492174,36.550518],[140.492119,36.550139]]}},{"type":"Feature","properties":{"id":226029890,"highway":"service"},"geometry":{"type":"LineString","coordinates":[[140.48078,36.541272],[140.480844,36.540856],[140.480791,36.540682],[140.480856,36.540385]]}},{"type":"Feature","properties":{"id":226029898,"highway":"service"},"geometry":{"type":"LineString","coordinates":[[140.465307,36.513913],[140.465427,36.514148],[140.465627,36.514496],[140.465693,36.514677],[140.465773,36.514921],[140.465865,36.515093],[140.46597,36.515272],[140.466046,36.515437],[140.466169,36.515673],[140.466224,36.515743],[140.466555,36.515973]]}},{"type":"Feature","properties":{"id":226029901,"highway":"unclassified"},"geometry":{"type":"LineString","coordinates":[[140.461192,36.540202],[140.461794,36.53836]]}},{"type":"Feature","properties":{"id":226029904,"highway":"unclassified"},"geometry":{"type":"LineString","coordinates":[[140.44,36.59306],[140.440538,36.593212],[140.440812,36.593291]]}},{"type":"Feature","properties":{"id":226029907,"highway":"residential"},"geometry":{"type":"LineString","coordinates":[[140.494591,36.547778],[140.494595,36.547814],[140.494578,36.547895]]}},{"type":"Feature","properties":{"id":226029911,"highway":"tertiary"},"geometry":{"type":"LineString","coordinates":[[140.496659,36.519357],[140.498058,36.518732],[140.498149,36.518697],[140.498264,36.518659],[140.498414,36.518614],[140.498577,36.518581],[140.498746,36.518559],[140.498895,36.518547],[140.499062,36.518543],[140.499909,36.518535],[140.500295,36.518523],[140.500552,36.518505],[140.500762,36.51849],[140.50179,36.518392],[140.503458,36.518234],[140.506006,36.517989],[140.508352,36.517763],[140.508529,36.517739],[140.509114,36.51768],[140.509347,36.517664],[140.509582,36.51767],[140.5098,36.517714],[140.509986,36.517776],[140.510283,36.517904],[140.510459,36.51797],[140.510631,36.518013],[140.51083,36.518043],[140.511018,36.518054],[140.511323,36.518061],[140.511598,36.518065]]}},{"type":"Feature","properties":{"id":226029917,"highway":"residential"},"geometry":{"type":"LineString","coordinates":[[140.493034,36.571544],[140.492998,36.571355],[140.492965,36.571143]]}},{"type":"Feature","properties":{"id":226029936,"highway":"unclassified"},"geometry":{"type":"LineString","coordinates":[[140.461297,36.553086],[140.460679,36.552801]]}},{"type":"Feature","properties":{"id":226029970,"highway":"residential"},"geometry":{"type":"LineString","coordinates":[[140.4476,36.583396],[140.44758,36.58379],[140.447546,36.584302]]}},{"type":"Feature","properties":{"id":226029974,"highway":"unclassified"},"geometry":{"type":"LineString","coordinates":[[140.467156,36.530776],[140.468751,36.531954]]}},{"type":"Feature","properties":{"id":226029991,"highway":"service"},"geometry":{"type":"LineString","coordinates":[[140.429985,36.590862],[140.4311,36.590852],[140.431117,36.590832],[140.431224,36.590727],[140.431361,36.590651],[140.43154,36.590425],[140.431766,36.59033],[140.431846,36.590277]]}},{"type":"Feature","properties":{"id":226029995,"highway":"residential"},"geometry":{"type":"LineString","coordinates":[[140.498423,36.525396],[140.498737,36.524982],[140.498672,36.52485]]}},{"type":"Feature","properties":{"id":226029996,"highway":"unclassified"},"geometry":{"type":"LineString","coordinates":[[140.440851,36.59323],[140.441429,36.593448],[140.441816,36.593592]]}},{"type":"Feature","properties":{"id":226030006,"highway":"tertiary"},"geometry":{"type":"LineString","coordinates":[[140.473681,36.562044],[140.474283,36.561875],[140.474895,36.561725],[140.474917,36.561718],[140.475294,36.561593]]}},{"type":"Feature","properties":{"id":226030014,"highway":"tertiary"},"geometry":{"type":"LineString","coordinates":[[140.469076,36.564581],[140.469316,36.564421],[140.469616,36.564176]]}},{"type":"Feature","properties":{"id":226030017,"highway":"residential"},"geometry":{"type":"LineString","coordinates":[[140.461815,36.551131],[140.462907,36.551605],[140.463275,36.551776],[140.463342,36.551785],[140.463375,36.551764],[140.463415,36.551739],[140.463457,36.551646],[140.463486,36.551578],[140.463533,36.551565],[140.463571,36.551587]]}},{"type":"Feature","properties":{"id":226030020,"highway":"residential"},"geometry":{"type":"LineString","coordinates":[[140.465334,36.549912],[140.465594,36.549925],[140.465947,36.549972],[140.466438,36.550108]]}},{"type":"Feature","properties":{"id":226030025,"highway":"unclassified"},"geometry":{"type":"LineString","coordinates":[[140.489205,36.51911],[140.48931,36.519183],[140.489565,36.519374],[140.490038,36.519682]]}},{"type":"Feature","properties":{"id":226030029,"highway":"unclassified"},"geometry":{"type":"LineString","coordinates":[[140.49234,36.568968],[140.49222,36.568683]]}},{"type":"Feature","properties":{"id":226030037,"highway":"unclassified"},"geometry":{"type":"LineString","coordinates":[[140.458167,36.526374],[140.459438,36.526999],[140.460131,36.52734],[140.460248,36.52748],[140.460306,36.527625],[140.460704,36.527704],[140.461036,36.527801],[140.461318,36.527909],[140.461552,36.527915],[140.461863,36.527958],[140.461975,36.527996],[140.462082,36.528078],[140.462152,36.528151],[140.463264,36.528373],[140.464015,36.528503],[140.464071,36.528514],[140.464123,36.528531],[140.464177,36.528556]]}},{"type":"Feature","properties":{"id":226030040,"highway":"tertiary"},"geometry":{"type":"LineString","coordinates":[[140.434584,36.582351],[140.435126,36.583214],[140.435325,36.583428]]}},{"type":"Feature","properties":{"id":226030057,"highway":"unclassified"},"geometry":{"type":"LineString","coordinates":[[140.479766,36.552114],[140.479783,36.551899]]}},{"type":"Feature","properties":{"id":226030059,"highway":"unclassified"},"geometry":{"type":"LineString","coordinates":[[140.478574,36.525204],[140.478612,36.525144],[140.478783,36.524846],[140.478963,36.524554],[140.479132,36.524321],[140.479267,36.524098],[140.479325,36.523983],[140.479353,36.523883],[140.479365,36.523717],[140.479387,36.52363],[140.479427,36.523552],[140.479587,36.523353],[140.479871,36.523048],[140.480272,36.522656],[140.480461,36.522438],[140.480669,36.522179],[140.48078,36.522042],[140.480872,36.521901],[140.480942,36.521752],[140.481007,36.52165],[140.481068,36.521522],[140.481229,36.521094],[140.481353,36.520818],[140.481389,36.520774],[140.481449,36.520767],[140.481642,36.520843],[140.481812,36.520915],[140.482052,36.521035],[140.482163,36.521068],[140.482258,36.521082],[140.482347,36.521083],[140.482441,36.521068],[140.483,36.520926],[140.483065,36.520891],[140.483109,36.520835],[140.483159,36.520766],[140.483196,36.520738],[140.483267,36.520716],[140.483329,36.520708],[140.483424,36.520707],[140.483743,36.520702],[140.48393,36.520682],[140.484108,36.520654],[140.484407,36.520582],[140.484678,36.520493],[140.48492,36.520404],[140.484993,36.520371],[140.485256,36.520248],[140.485452,36.520145],[140.485767,36.519973],[140.485904,36.519906],[140.485966,36.519893],[140.486029,36.519871],[140.486209,36.519766],[140.486382,36.519689],[140.486594,36.519622],[140.486811,36.519568],[140.487087,36.519468],[140.487295,36.519386],[140.487427,36.51932],[140.487523,36.519251],[140.487882,36.518956],[140.487948,36.518915],[140.488014,36.518896],[140.488092,36.518886],[140.48828,36.518882],[140.488419,36.518875],[140.488536,36.518855],[140.488736,36.518782],[140.488822,36.518749]]}},{"type":"Feature","properties":{"id":226030072,"highway":"unclassified"},"geometry":{"type":"LineString","coordinates":[[140.484389,36.527456],[140.484691,36.527629],[140.484738,36.527666],[140.484797,36.52773],[140.484863,36.527832],[140.484881,36.527894],[140.484924,36.528047],[140.48496,36.528239],[140.48499,36.528268],[140.485026,36.528286],[140.485369,36.528441],[140.485516,36.528528],[140.485943,36.528835],[140.486108,36.528973],[140.486185,36.52907],[140.486232,36.529139],[140.486275,36.529229],[140.486421,36.529485],[140.486643,36.52973],[140.486708,36.52983],[140.486755,36.529895],[140.486867,36.529998],[140.486903,36.530057],[140.486908,36.530093],[140.486912,36.530128],[140.486882,36.530381],[140.486872,36.530462],[140.486826,36.530676],[140.486753,36.530859],[140.486605,36.531257],[140.486523,36.531389],[140.486193,36.531881],[140.486179,36.531911],[140.486055,36.532177],[140.486018,36.53228],[140.48598,36.53247],[140.485987,36.532568],[140.486034,36.532764],[140.48603,36.532832],[140.485983,36.532933],[140.485968,36.53302],[140.485965,36.53313],[140.48598,36.533236],[140.486004,36.533286],[140.486176,36.53356],[140.486185,36.533622],[140.486172,36.533681],[140.48614,36.533745],[140.485935,36.533897],[140.485783,36.534031],[140.485622,36.534151],[140.485465,36.534237],[140.485111,36.534455],[140.485017,36.534526],[140.484791,36.534663],[140.484596,36.534782],[140.48449,36.534867],[140.484345,36.535029],[140.484131,36.535209],[140.484099,36.53525],[140.483912,36.535682],[140.483653,36.536288],[140.483472,36.536795],[140.483419,36.536893],[140.483378,36.536968],[140.483253,36.536942],[140.482212,36.536761],[140.481589,36.53669],[140.481254,36.536655],[140.481023,36.536629],[140.480927,36.536619],[140.480858,36.536608],[140.480628,36.536572],[140.480464,36.536554],[140.480326,36.536539],[140.480247,36.536522],[140.480141,36.536507],[140.480013,36.536504],[140.479336,36.536517]]}},{"type":"Feature","properties":{"id":226030077,"highway":"residential"},"geometry":{"type":"LineString","coordinates":[[140.457121,36.530378],[140.456923,36.530646],[140.45689,36.530726],[140.456832,36.531364]]}},{"type":"Feature","properties":{"id":226030083,"highway":"residential"},"geometry":{"type":"LineString","coordinates":[[140.492904,36.570212],[140.492836,36.570006],[140.49234,36.568968]]}},{"type":"Feature","properties":{"id":226030086,"highway":"unclassified"},"geometry":{"type":"LineString","coordinates":[[140.481075,36.51286],[140.481872,36.512143],[140.481922,36.512085],[140.481915,36.512014],[140.481821,36.51182],[140.481743,36.511669],[140.481702,36.511612]]}},{"type":"Feature","properties":{"id":226030092,"highway":"service"},"geometry":{"type":"LineString","coordinates":[[140.476664,36.507634],[140.477018,36.50778],[140.477373,36.507929],[140.478385,36.508285],[140.478509,36.508287]]}},{"type":"Feature","properties":{"id":226030104,"highway":"unclassified"},"geometry":{"type":"LineString","coordinates":[[140.445273,36.579564],[140.445485,36.579635],[140.445903,36.579861]]}},{"type":"Feature","properties":{"id":226030105,"highway":"service"},"geometry":{"type":"LineString","coordinates":[[140.464966,36.545826],[140.465268,36.545878],[140.465517,36.546084],[140.465759,36.546149],[140.465763,36.546265],[140.466621,36.546409]]}},{"type":"Feature","properties":{"id":226030111,"highway":"residential"},"geometry":{"type":"LineString","coordinates":[[140.466342,36.530928],[140.466474,36.530583],[140.466508,36.530358]]}},{"type":"Feature","properties":{"id":226030121,"highway":"unclassified"},"geometry":{"type":"LineString","coordinates":[[140.476199,36.51831],[140.477779,36.516875],[140.479356,36.515424],[140.480933,36.513989],[140.481727,36.513276]]}},{"type":"Feature","properties":{"id":226030128,"highway":"unclassified"},"geometry":{"type":"LineString","coordinates":[[140.458398,36.556126],[140.459548,36.554472]]}},{"type":"Feature","properties":{"id":226030131,"highway":"unclassified"},"geometry":{"type":"LineString","coordinates":[[140.470972,36.557536],[140.471035,36.558202],[140.471103,36.558813],[140.471166,36.558996]]}},{"type":"Feature","properties":{"id":226030157,"highway":"residential"},"geometry":{"type":"LineString","coordinates":[[140.488526,36.577593],[140.489845,36.577325],[140.49004,36.577295]]}},{"type":"Feature","properties":{"id":226030159,"highway":"unclassified"},"geometry":{"type":"LineString","coordinates":[[140.490541,36.56927],[140.490246,36.569301],[140.489677,36.569272]]}},{"type":"Feature","properties":{"id":226030181,"highway":"unclassified"},"geometry":{"type":"LineString","coordinates":[[140.478216,36.532525],[140.477658,36.532426],[140.4775,36.532374],[140.477417,36.532331],[140.477357,36.532269],[140.477284,36.532195],[140.477107,36.531877],[140.47691,36.531525],[140.476741,36.531175],[140.476644,36.530942],[140.476551,36.530689],[140.476524,36.530588],[140.476495,36.530526],[140.47642,36.530264],[140.476375,36.530054],[140.476321,36.529579],[140.476314,36.529462],[140.476297,36.529183],[140.476269,36.528916],[140.476211,36.528543],[140.476184,36.528353],[140.476165,36.528146],[140.476144,36.528024],[140.476096,36.527853],[140.476077,36.527654],[140.476038,36.527451],[140.476353,36.527374]]}},{"type":"Feature","properties":{"id":226030192,"highway":"residential"},"geometry":{"type":"LineString","coordinates":[[140.472078,36.513185],[140.472489,36.512692],[140.473053,36.51229]]}},{"type":"Feature","properties":{"id":226030193,"highway":"residential"},"geometry":{"type":"LineString","coordinates":[[140.485625,36.59667],[140.485854,36.596647],[140.486243,36.59658]]}},{"type":"Feature","properties":{"id":226030199,"highway":"residential"},"geometry":{"type":"LineString","coordinates":[[140.449183,36.564503],[140.449428,36.564606],[140.449876,36.564701],[140.450128,36.564828],[140.45057,36.56484]]}},{"type":"Feature","properties":{"id":226030202,"highway":"unclassified"},"geometry":{"type":"LineString","coordinates":[[140.468731,36.529344],[140.469537,36.528637],[140.470346,36.527909]]}},{"type":"Feature","properties":{"id":226030210,"highway":"residential"},"geometry":{"type":"LineString","coordinates":[[140.489526,36.564781],[140.489529,36.565548],[140.489602,36.566256]]}},{"type":"Feature","properties":{"id":226030214,"highway":"unclassified"},"geometry":{"type":"LineString","coordinates":[[140.452605,36.5768],[140.45263,36.576795]]}},{"type":"Feature","properties":{"id":226030215,"highway":"unclassified"},"geometry":{"type":"LineString","coordinates":[[140.480329,36.507897],[140.481614,36.508758],[140.483408,36.509953]]}},{"type":"Feature","properties":{"id":226030217,"highway":"unclassified"},"geometry":{"type":"LineString","coordinates":[[140.470357,36.530547],[140.470585,36.530335],[140.470703,36.530232]]}},{"type":"Feature","properties":{"id":226030218,"highway":"residential"},"geometry":{"type":"LineString","coordinates":[[140.48515,36.568182],[140.485455,36.568388],[140.485601,36.568364]]}},{"type":"Feature","properties":{"id":226030249,"highway":"unclassified"},"geometry":{"type":"LineString","coordinates":[[140.460535,36.542074],[140.460805,36.54131],[140.461192,36.540202]]}},{"type":"Feature","properties":{"id":226030251,"highway":"residential"},"geometry":{"type":"LineString","coordinates":[[140.489284,36.559944],[140.489349,36.559961],[140.490356,36.560234]]}},{"type":"Feature","properties":{"id":226030253,"highway":"residential"},"geometry":{"type":"LineString","coordinates":[[140.455299,36.597032],[140.455432,36.596993],[140.455572,36.596993]]}},{"type":"Feature","properties":{"id":226030267,"highway":"unclassified"},"geometry":{"type":"LineString","coordinates":[[140.440016,36.592672],[140.440999,36.592895],[140.441076,36.592893]]}},{"type":"Feature","properties":{"id":226030268,"highway":"unclassified"},"geometry":{"type":"LineString","coordinates":[[140.453114,36.575885],[140.453766,36.574745],[140.453987,36.574343]]}},{"type":"Feature","properties":{"id":226030278,"highway":"unclassified"},"geometry":{"type":"LineString","coordinates":[[140.477144,36.534488],[140.477182,36.53445],[140.477254,36.534413],[140.477297,36.534403],[140.477631,36.534456],[140.47767,36.534445],[140.477694,36.534423],[140.477708,36.534386],[140.477725,36.534292],[140.477748,36.534189],[140.477784,36.534128],[140.47787,36.534113]]}},{"type":"Feature","properties":{"id":226030281,"highway":"unclassified"},"geometry":{"type":"LineString","coordinates":[[140.462761,36.536505],[140.463206,36.53596],[140.463306,36.535782],[140.463378,36.535567],[140.463429,36.535271],[140.463545,36.534491],[140.46367,36.533814],[140.463796,36.533147],[140.463896,36.532596],[140.463918,36.532416],[140.463963,36.532181],[140.463985,36.532112],[140.464071,36.531943],[140.464222,36.531647],[140.464348,36.531398],[140.464396,36.531249],[140.46446,36.530969],[140.464562,36.53056],[140.464581,36.530321],[140.464561,36.530105],[140.464527,36.529907],[140.464474,36.52963],[140.464419,36.529388],[140.464268,36.528942],[140.464173,36.528687],[140.464163,36.528639],[140.464163,36.528597],[140.464177,36.528556]]}},{"type":"Feature","properties":{"id":226030290,"highway":"unclassified"},"geometry":{"type":"LineString","coordinates":[[140.456263,36.555199],[140.456312,36.555236],[140.456559,36.555343]]}},{"type":"Feature","properties":{"id":226030298,"highway":"unclassified"},"geometry":{"type":"LineString","coordinates":[[140.477236,36.506526],[140.477763,36.507062],[140.47846,36.507809],[140.478538,36.507881]]}},{"type":"Feature","properties":{"id":226030311,"highway":"residential"},"geometry":{"type":"LineString","coordinates":[[140.47989,36.563194],[140.479832,36.562946],[140.479815,36.562853],[140.479927,36.56266]]}},{"type":"Feature","properties":{"id":226030314,"highway":"unclassified"},"geometry":{"type":"LineString","coordinates":[[140.472312,36.524631],[140.472529,36.523671],[140.472724,36.522724]]}},{"type":"Feature","properties":{"id":226030319,"highway":"unclassified"},"geometry":{"type":"LineString","coordinates":[[140.453292,36.52845],[140.453979,36.528794],[140.454525,36.529068],[140.455478,36.529548],[140.455828,36.529714]]}},{"type":"Feature","properties":{"id":226030320,"highway":"unclassified"},"geometry":{"type":"LineString","coordinates":[[140.484614,36.586935],[140.483874,36.586007],[140.48383,36.585965]]}},{"type":"Feature","properties":{"id":226030336,"highway":"residential"},"geometry":{"type":"LineString","coordinates":[[140.47708,36.587566],[140.477101,36.587022],[140.477216,36.586478]]}},{"type":"Feature","properties":{"id":226030361,"highway":"residential"},"geometry":{"type":"LineString","coordinates":[[140.488956,36.548964],[140.488967,36.548916],[140.489004,36.548853],[140.489085,36.548792],[140.489278,36.548655]]}},{"type":"Feature","properties":{"id":226030382,"highway":"unclassified"},"geometry":{"type":"LineString","coordinates":[[140.478216,36.532525],[140.478291,36.532248],[140.47842,36.531912],[140.47844,36.531819],[140.47838,36.531783],[140.478306,36.531738],[140.478276,36.5317],[140.47827,36.531655],[140.478293,36.531603],[140.478356,36.531501],[140.478457,36.53139],[140.478498,36.531319]]}},{"type":"Feature","properties":{"id":226030389,"highway":"unclassified"},"geometry":{"type":"LineString","coordinates":[[140.457267,36.557795],[140.457288,36.557746],[140.457349,36.557656],[140.458398,36.556126]]}},{"type":"Feature","properties":{"id":226030396,"highway":"unclassified"},"geometry":{"type":"LineString","coordinates":[[140.487896,36.585498],[140.487938,36.585345],[140.487964,36.585089],[140.487926,36.584988],[140.487915,36.584898],[140.487932,36.584781],[140.487952,36.584716]]}},{"type":"Feature","properties":{"id":226030397,"highway":"residential"},"geometry":{"type":"LineString","coordinates":[[140.455118,36.532389],[140.456124,36.53278],[140.45634,36.532944]]}},{"type":"Feature","properties":{"id":226030420,"highway":"unclassified"},"geometry":{"type":"LineString","coordinates":[[140.474639,36.51976],[140.476199,36.51831]]}},{"type":"Feature","properties":{"id":226030421,"highway":"service"},"geometry":{"type":"LineString","coordinates":[[140.462983,36.514735],[140.463587,36.514167],[140.463711,36.514114],[140.46385,36.514227],[140.463956,36.514229]]}},{"type":"Feature","properties":{"id":226030433,"highway":"unclassified"},"geometry":{"type":"LineString","coordinates":[[140.492361,36.58195],[140.492233,36.5818],[140.49213,36.581722]]}},{"type":"Feature","properties":{"id":226030437,"highway":"unclassified"},"geometry":{"type":"LineString","coordinates":[[140.489229,36.589494],[140.489243,36.589386],[140.489209,36.588889],[140.489196,36.588782],[140.489189,36.588575],[140.489062,36.588067],[140.488859,36.587739],[140.488913,36.587593],[140.488938,36.587355],[140.488993,36.587207],[140.489161,36.586921],[140.489213,36.586776],[140.489299,36.586482],[140.48933,36.586243],[140.489636,36.58557]]}},{"type":"Feature","properties":{"id":226030438,"highway":"residential"},"geometry":{"type":"LineString","coordinates":[[140.468101,36.516885],[140.468648,36.516117]]}},{"type":"Feature","properties":{"id":226030447,"highway":"unclassified"},"geometry":{"type":"LineString","coordinates":[[140.461794,36.53836],[140.462297,36.53694]]}},{"type":"Feature","properties":{"id":226030451,"highway":"residential"},"geometry":{"type":"LineString","coordinates":[[140.451514,36.534625],[140.453052,36.534934],[140.453323,36.534955],[140.453537,36.534924],[140.45389,36.534839],[140.455082,36.53455]]}},{"type":"Feature","properties":{"id":226030458,"highway":"residential"},"geometry":{"type":"LineString","coordinates":[[140.497804,36.527012],[140.498233,36.52574],[140.498423,36.525396]]}},{"type":"Feature","properties":{"id":226030461,"highway":"residential"},"geometry":{"type":"LineString","coordinates":[[140.466438,36.550108],[140.466711,36.550135],[140.466827,36.550195]]}},{"type":"Feature","properties":{"id":226030463,"highway":"tertiary"},"geometry":{"type":"LineString","coordinates":[[140.496863,36.507652],[140.497458,36.507097],[140.497718,36.506848],[140.498228,36.506354],[140.499364,36.505241],[140.500177,36.504448],[140.501003,36.503647],[140.501554,36.503112],[140.501826,36.502844],[140.501895,36.502778],[140.502827,36.501877]]}},{"type":"Feature","properties":{"id":226030464,"highway":"residential"},"geometry":{"type":"LineString","coordinates":[[140.464756,36.541119],[140.465053,36.541205],[140.465457,36.541228],[140.465548,36.541249],[140.465878,36.541316]]}},{"type":"Feature","properties":{"id":226030467,"highway":"unclassified"},"geometry":{"type":"LineString","coordinates":[[140.491449,36.595554],[140.491903,36.595361],[140.492067,36.595242],[140.492139,36.59519]]}},{"type":"Feature","properties":{"id":226030475,"highway":"unclassified"},"geometry":{"type":"LineString","coordinates":[[140.460679,36.552801],[140.46146,36.551601],[140.461815,36.551131]]}},{"type":"Feature","properties":{"id":226030478,"highway":"unclassified"},"geometry":{"type":"LineString","coordinates":[[140.470758,36.556783],[140.470811,36.556907],[140.470937,36.557318],[140.470972,36.557536]]}},{"type":"Feature","properties":{"id":226030484,"highway":"unclassified"},"geometry":{"type":"LineString","coordinates":[[140.466795,36.531273],[140.467,36.531031],[140.467156,36.530776]]}},{"type":"Feature","properties":{"id":226030485,"highway":"residential"},"geometry":{"type":"LineString","coordinates":[[140.486771,36.556066],[140.486846,36.556234],[140.486909,36.556322]]}},{"type":"Feature","properties":{"id":226030496,"highway":"residential"},"geometry":{"type":"LineString","coordinates":[[140.466342,36.530928],[140.466504,36.531038],[140.466795,36.531273]]}},{"type":"Feature","properties":{"id":226030503,"highway":"service"},"geometry":{"type":"LineString","coordinates":[[140.462495,36.515118],[140.462687,36.514933],[140.462983,36.514735]]}},{"type":"Feature","properties":{"id":226030508,"highway":"residential"},"geometry":{"type":"LineString","coordinates":[[140.454025,36.531916],[140.453845,36.531415],[140.453876,36.531089]]}},{"type":"Feature","properties":{"id":226030510,"highway":"service"},"geometry":{"type":"LineString","coordinates":[[140.452284,36.532015],[140.453312,36.53217],[140.453784,36.532114],[140.454025,36.531916]]}},{"type":"Feature","properties":{"id":226030532,"highway":"service"},"geometry":{"type":"LineString","coordinates":[[140.434692,36.585523],[140.434593,36.585612],[140.434515,36.586079],[140.434434,36.586208],[140.434188,36.58637],[140.433807,36.586794],[140.433286,36.587279],[140.433155,36.587335],[140.433038,36.587336],[140.432822,36.587275],[140.432728,36.587268],[140.432673,36.587288],[140.432099,36.587422],[140.431751,36.587607],[140.429962,36.58762]]}},{"type":"Feature","properties":{"id":226030543,"highway":"service"},"geometry":{"type":"LineString","coordinates":[[140.455739,36.579588],[140.455707,36.57966],[140.455653,36.579706],[140.455533,36.579697],[140.455407,36.579605],[140.454985,36.579415],[140.454915,36.579356],[140.454762,36.579154],[140.454527,36.579072],[140.454366,36.578976],[140.454261,36.578743],[140.454186,36.5787],[140.454138,36.578696],[140.454039,36.578864],[140.454076,36.578991],[140.45415,36.579144],[140.454146,36.579217],[140.454043,36.579291],[140.453826,36.579248],[140.453644,36.579229],[140.453469,36.579175],[140.452855,36.578988],[140.452741,36.579043],[140.45266,36.579128],[140.452611,36.579294]]}},{"type":"Feature","properties":{"id":226030672,"highway":"unclassified"},"geometry":{"type":"LineString","coordinates":[[140.475294,36.561593],[140.475177,36.561415],[140.475104,36.561298],[140.47473,36.560846],[140.474653,36.560741],[140.474565,36.560555],[140.474515,36.560417],[140.474498,36.560343],[140.474496,36.560281],[140.474527,36.560229],[140.474591,36.560177],[140.474891,36.560021],[140.474954,36.55997],[140.474987,36.559927],[140.475099,36.559713],[140.475144,36.55967],[140.475228,36.559613],[140.475581,36.559381],[140.475616,36.559328],[140.475626,36.559279],[140.475618,36.559207],[140.475548,36.558829],[140.475515,36.558574],[140.475506,36.558411],[140.475517,36.558365],[140.475541,36.558334],[140.475958,36.558061],[140.475986,36.558011],[140.476033,36.557921],[140.476056,36.557876],[140.476109,36.557834],[140.47622,36.557784],[140.476408,36.55773],[140.477237,36.55762],[140.477347,36.557617],[140.477522,36.557652],[140.477836,36.557772],[140.477937,36.557785],[140.477959,36.557777],[140.478021,36.557695],[140.478141,36.557421]]}},{"type":"Feature","properties":{"id":226030674,"highway":"tertiary"},"geometry":{"type":"LineString","coordinates":[[140.453661,36.589644],[140.453772,36.58976],[140.45394,36.589899],[140.454342,36.590238],[140.454446,36.590371],[140.45449,36.590463],[140.454545,36.590583],[140.454572,36.590729],[140.45466,36.59112],[140.454724,36.591262],[140.454823,36.591376],[140.45491,36.591445],[140.454982,36.591475],[140.455077,36.591505],[140.455163,36.591516],[140.455265,36.591524],[140.455375,36.591516],[140.455461,36.591495],[140.455551,36.591445],[140.45567,36.591367],[140.455737,36.591296],[140.455828,36.591166],[140.455957,36.590989],[140.456114,36.590811],[140.45626,36.590703],[140.456486,36.590596],[140.4567,36.590537],[140.45681,36.590527],[140.457009,36.590511],[140.457179,36.590531],[140.457445,36.59058],[140.457759,36.590687],[140.458206,36.590879],[140.4588,36.591093],[140.459045,36.591126],[140.459331,36.591115],[140.459644,36.591096]]}},{"type":"Feature","properties":{"id":226030681,"highway":"residential"},"geometry":{"type":"LineString","coordinates":[[140.45343,36.601479],[140.453372,36.601481],[140.453324,36.601453],[140.453289,36.601413],[140.453174,36.601109],[140.453129,36.600931],[140.453139,36.600695],[140.453245,36.600327],[140.453245,36.599983],[140.453126,36.599521],[140.453028,36.599212],[140.453028,36.59914],[140.453164,36.598757],[140.45318,36.598442],[140.453214,36.598358],[140.453413,36.598069],[140.453531,36.59795],[140.453615,36.597894],[140.453881,36.597787],[140.453955,36.597779],[140.454055,36.597798],[140.454174,36.59786],[140.454306,36.597901],[140.454459,36.5979],[140.454518,36.597884],[140.454579,36.597849],[140.454691,36.597742],[140.454775,36.597623],[140.454824,36.597499],[140.454845,36.597398],[140.455019,36.597218],[140.455146,36.597116],[140.455299,36.597032]]}},{"type":"Feature","properties":{"id":226030686,"highway":"tertiary"},"geometry":{"type":"LineString","coordinates":[[140.47752,36.578567],[140.47794,36.578736],[140.478271,36.578779],[140.478518,36.578704],[140.478984,36.578378],[140.479151,36.57832],[140.479603,36.578283],[140.479904,36.578237],[140.480231,36.578143],[140.480372,36.578137],[140.480594,36.578187],[140.480804,36.578189],[140.482058,36.577853],[140.482252,36.577799],[140.482469,36.577689],[140.482615,36.577594],[140.482713,36.57757],[140.482821,36.577588],[140.482985,36.577681],[140.483097,36.57773],[140.483698,36.577818],[140.484504,36.577851],[140.485058,36.577941]]}},{"type":"Feature","properties":{"id":226030699,"highway":"unclassified"},"geometry":{"type":"LineString","coordinates":[[140.46866,36.596237],[140.468694,36.596227],[140.468733,36.596221],[140.468818,36.596221],[140.468913,36.596236],[140.468994,36.59626],[140.469399,36.596442],[140.469676,36.596612],[140.469764,36.596649],[140.469856,36.596674],[140.470015,36.596694],[140.47014,36.596691],[140.470204,36.596682],[140.470249,36.596661],[140.470288,36.596632],[140.470616,36.596282],[140.470656,36.596224],[140.47067,36.596186],[140.470671,36.596141],[140.470661,36.596085],[140.470629,36.596002],[140.470478,36.59571],[140.470423,36.595574],[140.470344,36.595222],[140.470288,36.595127],[140.470218,36.595057],[140.469895,36.59484],[140.469776,36.594742],[140.469709,36.594644],[140.469628,36.594231],[140.46952,36.594015],[140.469463,36.593918],[140.469449,36.593872],[140.469416,36.593774]]}},{"type":"Feature","properties":{"id":226030700,"highway":"residential"},"geometry":{"type":"LineString","coordinates":[[140.455976,36.59707],[140.456173,36.597083],[140.456306,36.597116],[140.456445,36.597178],[140.45666,36.597336],[140.456905,36.597476],[140.45702,36.597508],[140.457158,36.597508],[140.457479,36.597404],[140.457669,36.597385],[140.457857,36.59737],[140.458045,36.597325],[140.458199,36.597263],[140.458465,36.597173],[140.458598,36.597105],[140.458835,36.596925],[140.458996,36.596716],[140.459303,36.596401],[140.459394,36.596266],[140.459499,36.596046],[140.459583,36.595978],[140.459709,36.595928],[140.459883,36.595888],[140.460037,36.595883],[140.460149,36.595944],[140.460309,36.596057],[140.46068,36.596221],[140.460806,36.596316],[140.460889,36.596407],[140.460924,36.596497],[140.460924,36.596615],[140.460827,36.596846],[140.46068,36.597105],[140.460638,36.597178]]}},{"type":"Feature","properties":{"id":226030701,"highway":"residential"},"geometry":{"type":"LineString","coordinates":[[140.488936,36.555131],[140.489093,36.555181],[140.489161,36.555184],[140.489287,36.555144],[140.489447,36.554563],[140.489511,36.554497],[140.489707,36.55441],[140.489918,36.554414],[140.490271,36.554469],[140.490617,36.554567],[140.490724,36.554638],[140.490806,36.554833],[140.490841,36.554872],[140.491099,36.554967],[140.491181,36.555042],[140.491299,36.555283],[140.49138,36.555339],[140.491608,36.555398],[140.491744,36.555484],[140.492566,36.556019],[140.492799,36.556135],[140.492863,36.556214],[140.492877,36.556285],[140.492872,36.556506],[140.49291,36.556556],[140.493148,36.556631],[140.493216,36.556677],[140.493303,36.556791],[140.493454,36.557071],[140.493517,36.557497],[140.493566,36.557584],[140.493648,36.557642],[140.49413,36.55767],[140.494347,36.557591]]}},{"type":"Feature","properties":{"id":226030719,"highway":"unclassified"},"geometry":{"type":"LineString","coordinates":[[140.443807,36.587194],[140.443932,36.587294],[140.444071,36.58727],[140.444202,36.587199],[140.44428,36.587164],[140.444345,36.587164],[140.444562,36.587245],[140.444852,36.587345],[140.44517,36.587315],[140.445342,36.587312],[140.445647,36.587312],[140.445715,36.587365],[140.445792,36.587615],[140.445889,36.588008],[140.446009,36.588245],[140.446334,36.588652],[140.446528,36.588956],[140.44656,36.589149],[140.446487,36.589263]]}},{"type":"Feature","properties":{"id":226030722,"highway":"unclassified"},"geometry":{"type":"LineString","coordinates":[[140.464515,36.601488],[140.4642,36.601342],[140.46415,36.601304],[140.464118,36.601271],[140.464014,36.601101],[140.463992,36.601075],[140.463965,36.601057],[140.463935,36.601042],[140.4639,36.601029],[140.463375,36.600926],[140.463232,36.600887],[140.463092,36.600858],[140.462449,36.600797],[140.462312,36.600768],[140.462183,36.600703],[140.461892,36.600459],[140.461685,36.6003],[140.461608,36.600267],[140.461503,36.60025],[140.461238,36.60025],[140.461184,36.600236],[140.461137,36.6002],[140.4611,36.600147],[140.461018,36.599927],[140.460987,36.599882],[140.460955,36.59987],[140.460912,36.599869],[140.460869,36.599896],[140.460852,36.599943],[140.460798,36.600175],[140.460783,36.600221],[140.460757,36.600267],[140.460723,36.600294],[140.460681,36.600316],[140.460626,36.600338]]}},{"type":"Feature","properties":{"id":226030763,"highway":"unclassified"},"geometry":{"type":"LineString","coordinates":[[140.481215,36.58561],[140.481272,36.585628],[140.481319,36.585633],[140.481404,36.585613],[140.481449,36.585591],[140.481492,36.585563],[140.481527,36.585532],[140.481554,36.585498],[140.481564,36.585442],[140.481556,36.585394],[140.481535,36.585352],[140.481372,36.585083],[140.481335,36.585013],[140.48132,36.584973],[140.48132,36.584944],[140.481333,36.584918],[140.481368,36.584897],[140.48141,36.584887],[140.481462,36.58487],[140.481518,36.584863],[140.481592,36.584872],[140.481737,36.584902],[140.481892,36.584948],[140.482065,36.585008],[140.482127,36.585037],[140.482164,36.585066],[140.482194,36.58512],[140.482324,36.585305],[140.482471,36.585388],[140.482533,36.585403],[140.482611,36.585402],[140.482804,36.585379],[140.483011,36.585391],[140.483111,36.585407],[140.483214,36.585449],[140.483339,36.585505],[140.483393,36.585556]]}},{"type":"Feature","properties":{"id":226030798,"highway":"unclassified"},"geometry":{"type":"LineString","coordinates":[[140.480036,36.528746],[140.48016,36.528819],[140.480909,36.529348],[140.480975,36.529436],[140.481028,36.529507],[140.481071,36.529546]]}},{"type":"Feature","properties":{"id":226030810,"highway":"unclassified"},"geometry":{"type":"LineString","coordinates":[[140.467753,36.541761],[140.467859,36.541783],[140.467968,36.541773],[140.468023,36.54176]]}},{"type":"Feature","properties":{"id":226030823,"highway":"unclassified"},"geometry":{"type":"LineString","coordinates":[[140.496881,36.54956],[140.496846,36.549573],[140.496787,36.549577],[140.496667,36.549568]]}},{"type":"Feature","properties":{"id":226030841,"highway":"residential"},"geometry":{"type":"LineString","coordinates":[[140.489741,36.566571],[140.490164,36.56747],[140.490151,36.567591],[140.489951,36.567782]]}},{"type":"Feature","properties":{"id":226030844,"highway":"unclassified"},"geometry":{"type":"LineString","coordinates":[[140.484435,36.574227],[140.484453,36.573527],[140.48446,36.573345],[140.4844,36.573229],[140.484198,36.572959],[140.483989,36.572776],[140.483884,36.572723],[140.483706,36.572672],[140.483429,36.572582],[140.483251,36.572516],[140.483066,36.572425],[140.48287,36.572311],[140.482599,36.572146],[140.481994,36.571766],[140.481531,36.571467],[140.481406,36.571385],[140.481297,36.571299],[140.481225,36.571222],[140.481136,36.571125],[140.481034,36.570982],[140.480899,36.570754],[140.480723,36.57047],[140.48061,36.57025],[140.48058,36.570146],[140.480579,36.570042],[140.480617,36.569686],[140.480655,36.569476],[140.480699,36.569164],[140.480717,36.568725],[140.480745,36.568131],[140.480674,36.56769],[140.480594,36.567133],[140.48053,36.566729],[140.480469,36.566367],[140.480445,36.566226],[140.480409,36.566097],[140.480378,36.565938],[140.480228,36.565834],[140.480067,36.565698],[140.479871,36.565585],[140.479689,36.565515],[140.479353,36.565405],[140.479213,36.565328],[140.479099,36.565246],[140.478903,36.565032],[140.478813,36.564935],[140.478521,36.564735],[140.478369,36.564627],[140.478313,36.564557],[140.478144,36.564229],[140.478052,36.564119],[140.477946,36.564067],[140.477784,36.564003],[140.477704,36.563941],[140.477662,36.56388],[140.477645,36.5638],[140.477518,36.562857],[140.477263,36.560755],[140.477241,36.560645],[140.477193,36.560473],[140.477144,36.560313],[140.476918,36.559629],[140.47688,36.559516],[140.476497,36.558754],[140.476459,36.558635],[140.476449,36.558522],[140.476486,36.558134],[140.476485,36.558061],[140.476465,36.557975],[140.476408,36.55773],[140.476322,36.557378],[140.476289,36.557238],[140.476268,36.55715]]}},{"type":"Feature","properties":{"id":226030846,"highway":"residential"},"geometry":{"type":"LineString","coordinates":[[140.484849,36.508571],[140.485054,36.508661],[140.48515,36.508707],[140.485233,36.508779],[140.485316,36.508893],[140.48551,36.509225],[140.485597,36.509358]]}},{"type":"Feature","properties":{"id":226030859,"highway":"residential"},"geometry":{"type":"LineString","coordinates":[[140.481029,36.541601],[140.480868,36.541402],[140.480819,36.541342],[140.48078,36.541272]]}},{"type":"Feature","properties":{"id":226030866,"highway":"residential"},"geometry":{"type":"LineString","coordinates":[[140.468909,36.582328],[140.468937,36.582324],[140.469041,36.582256],[140.469158,36.582134]]}},{"type":"Feature","properties":{"id":226030880,"highway":"service"},"geometry":{"type":"LineString","coordinates":[[140.468023,36.54176],[140.468247,36.541826],[140.46917,36.542018],[140.470032,36.542165],[140.470517,36.542148]]}},{"type":"Feature","properties":{"id":226030881,"highway":"unclassified"},"geometry":{"type":"LineString","coordinates":[[140.455291,36.556165],[140.455174,36.556104],[140.454823,36.555981]]}},{"type":"Feature","properties":{"id":226030886,"highway":"residential"},"geometry":{"type":"LineString","coordinates":[[140.484685,36.500545],[140.484706,36.500464],[140.484774,36.500315],[140.484807,36.500215],[140.484777,36.500132],[140.484525,36.499783],[140.484321,36.499536],[140.484309,36.499436]]}},{"type":"Feature","properties":{"id":226030894,"highway":"residential"},"geometry":{"type":"LineString","coordinates":[[140.461243,36.531938],[140.461191,36.531568],[140.461316,36.531321],[140.461321,36.531067],[140.461385,36.530687],[140.461401,36.530497],[140.461478,36.530016]]}},{"type":"Feature","properties":{"id":226030900,"highway":"unclassified"},"geometry":{"type":"LineString","coordinates":[[140.490752,36.596795],[140.490594,36.596707],[140.49046,36.596626],[140.490327,36.596416]]}},{"type":"Feature","properties":{"id":226030917,"highway":"residential"},"geometry":{"type":"LineString","coordinates":[[140.477584,36.541589],[140.477605,36.540734],[140.478104,36.540884],[140.479898,36.541206],[140.479943,36.541214]]}},{"type":"Feature","properties":{"id":226030929,"highway":"unclassified"},"geometry":{"type":"LineString","coordinates":[[140.463533,36.551604],[140.463571,36.551587],[140.464068,36.551625],[140.465251,36.551491]]}},{"type":"Feature","properties":{"id":226030945,"highway":"residential"},"geometry":{"type":"LineString","coordinates":[[140.465925,36.51199],[140.466095,36.511922],[140.46658,36.511718],[140.466746,36.511677]]}},{"type":"Feature","properties":{"id":226030950,"highway":"unclassified"},"geometry":{"type":"LineString","coordinates":[[140.460505,36.547226],[140.461201,36.547309],[140.461385,36.547327],[140.461465,36.547341]]}},{"type":"Feature","properties":{"id":226030953,"highway":"residential"},"geometry":{"type":"LineString","coordinates":[[140.471441,36.513914],[140.472086,36.51402],[140.472882,36.514212],[140.473602,36.514467]]}},{"type":"Feature","properties":{"id":226030961,"highway":"unclassified"},"geometry":{"type":"LineString","coordinates":[[140.487393,36.555873],[140.48789,36.556751],[140.488688,36.558127],[140.488778,36.558194]]}},{"type":"Feature","properties":{"id":226030965,"highway":"service"},"geometry":{"type":"LineString","coordinates":[[140.455564,36.553339],[140.456007,36.553563],[140.456713,36.553748],[140.457178,36.55376]]}},{"type":"Feature","properties":{"id":226030966,"highway":"unclassified"},"geometry":{"type":"LineString","coordinates":[[140.488051,36.518094],[140.488164,36.518167],[140.488251,36.518232],[140.488481,36.518392],[140.488721,36.518617],[140.488822,36.518749]]}},{"type":"Feature","properties":{"id":226030973,"highway":"unclassified"},"geometry":{"type":"LineString","coordinates":[[140.471835,36.526488],[140.471972,36.526024],[140.472082,36.525564],[140.472312,36.524631]]}},{"type":"Feature","properties":{"id":226030983,"highway":"unclassified"},"geometry":{"type":"LineString","coordinates":[[140.487798,36.559633],[140.48776,36.559599],[140.487704,36.559507],[140.487357,36.559289]]}},{"type":"Feature","properties":{"id":226030984,"highway":"residential"},"geometry":{"type":"LineString","coordinates":[[140.476419,36.56147],[140.476431,36.56204],[140.476312,36.562717],[140.476309,36.563042],[140.476264,36.563199],[140.476082,36.563428]]}},{"type":"Feature","properties":{"id":226030990,"highway":"unclassified"},"geometry":{"type":"LineString","coordinates":[[140.468751,36.531954],[140.46964,36.531176],[140.470175,36.530707],[140.470357,36.530547]]}},{"type":"Feature","properties":{"id":226030997,"highway":"unclassified"},"geometry":{"type":"LineString","coordinates":[[140.494048,36.590485],[140.494049,36.591026],[140.494072,36.59121],[140.494072,36.591677]]}},{"type":"Feature","properties":{"id":226031002,"highway":"residential"},"geometry":{"type":"LineString","coordinates":[[140.452637,36.530813],[140.453174,36.530921],[140.453456,36.531],[140.453642,36.531095],[140.45375,36.531126],[140.453876,36.531089]]}},{"type":"Feature","properties":{"id":226031003,"highway":"residential"},"geometry":{"type":"LineString","coordinates":[[140.47053,36.542426],[140.470683,36.54205],[140.470964,36.541302],[140.471012,36.541206]]}},{"type":"Feature","properties":{"id":226031006,"highway":"unclassified"},"geometry":{"type":"LineString","coordinates":[[140.447276,36.580554],[140.447677,36.580741],[140.447879,36.580875]]}},{"type":"Feature","properties":{"id":226031018,"highway":"unclassified"},"geometry":{"type":"LineString","coordinates":[[140.482969,36.50442],[140.483027,36.504494],[140.483237,36.504723],[140.483438,36.504855],[140.485678,36.506368]]}},{"type":"Feature","properties":{"id":226031021,"highway":"residential"},"geometry":{"type":"LineString","coordinates":[[140.490671,36.569523],[140.490709,36.569819],[140.490705,36.570142],[140.490579,36.570566]]}},{"type":"Feature","properties":{"id":226031033,"highway":"unclassified"},"geometry":{"type":"LineString","coordinates":[[140.476353,36.527374],[140.476435,36.527425],[140.476577,36.527481],[140.476742,36.527555],[140.476913,36.527618],[140.477057,36.527658],[140.477165,36.527681],[140.477261,36.527695],[140.477472,36.527753],[140.47765,36.527814],[140.477834,36.527883],[140.47805,36.52798],[140.478287,36.528106],[140.478342,36.528139],[140.478355,36.528173]]}},{"type":"Feature","properties":{"id":226031042,"highway":"unclassified"},"geometry":{"type":"LineString","coordinates":[[140.452741,36.557403],[140.452756,36.557598],[140.452679,36.557686],[140.452492,36.557785]]}},{"type":"Feature","properties":{"id":226031058,"highway":"unclassified"},"geometry":{"type":"LineString","coordinates":[[140.491124,36.591474],[140.491287,36.591532],[140.491373,36.591592],[140.491558,36.591753]]}},{"type":"Feature","properties":{"id":226031065,"highway":"unclassified"},"geometry":{"type":"LineString","coordinates":[[140.467127,36.533374],[140.467902,36.532696],[140.467964,36.532642],[140.468751,36.531954]]}},{"type":"Feature","properties":{"id":226031084,"highway":"service"},"geometry":{"type":"LineString","coordinates":[[140.478127,36.543875],[140.478724,36.544112],[140.478974,36.544158],[140.479391,36.544216]]}},{"type":"Feature","properties":{"id":226031085,"highway":"unclassified"},"geometry":{"type":"LineString","coordinates":[[140.476398,36.508614],[140.476431,36.508526],[140.476529,36.508166],[140.476545,36.507976],[140.476571,36.507847],[140.476664,36.507634],[140.476686,36.507582],[140.476725,36.507521],[140.476784,36.507442],[140.476884,36.507338],[140.476986,36.50724],[140.47704,36.507145],[140.477078,36.507035],[140.477191,36.50658],[140.477236,36.506526]]}},{"type":"Feature","properties":{"id":226031089,"highway":"residential"},"geometry":{"type":"LineString","coordinates":[[140.472078,36.513185],[140.472387,36.51334],[140.473075,36.513754],[140.473927,36.514043]]}},{"type":"Feature","properties":{"id":226031098,"highway":"unclassified"},"geometry":{"type":"LineString","coordinates":[[140.445903,36.579861],[140.446204,36.580047],[140.446587,36.580254],[140.446813,36.58038],[140.447276,36.580554]]}},{"type":"Feature","properties":{"id":226031103,"highway":"residential"},"geometry":{"type":"LineString","coordinates":[[140.434095,36.592333],[140.43506,36.592821],[140.436097,36.593457],[140.436498,36.593688]]}},{"type":"Feature","properties":{"id":226031111,"highway":"unclassified"},"geometry":{"type":"LineString","coordinates":[[140.478127,36.543875],[140.478301,36.543579],[140.478401,36.543405],[140.478423,36.543084]]}},{"type":"Feature","properties":{"id":226031118,"highway":"residential"},"geometry":{"type":"LineString","coordinates":[[140.486847,36.578175],[140.487227,36.577894],[140.487435,36.577818],[140.487878,36.577733],[140.488526,36.577593]]}},{"type":"Feature","properties":{"id":226031120,"highway":"service"},"geometry":{"type":"LineString","coordinates":[[140.433955,36.588462],[140.434054,36.588411],[140.434474,36.588346]]}},{"type":"Feature","properties":{"id":226031121,"highway":"residential"},"geometry":{"type":"LineString","coordinates":[[140.490979,36.565917],[140.489602,36.566256]]}},{"type":"Feature","properties":{"id":226031128,"highway":"unclassified"},"geometry":{"type":"LineString","coordinates":[[140.468024,36.518619],[140.467848,36.518459],[140.467677,36.518271],[140.467577,36.518184],[140.467223,36.517941],[140.467117,36.517838],[140.466589,36.517494],[140.46599,36.517116],[140.465646,36.516827],[140.464054,36.515712],[140.463792,36.515534],[140.463544,36.515341],[140.463474,36.515275],[140.463449,36.515214],[140.463443,36.515169],[140.463567,36.515077],[140.463715,36.514936],[140.463785,36.514858],[140.463822,36.514696],[140.463856,36.514567],[140.463928,36.514405],[140.463938,36.514291],[140.463956,36.514229],[140.464348,36.514127],[140.465307,36.513913],[140.465367,36.513892],[140.46545,36.51381],[140.465599,36.51363],[140.465755,36.513477],[140.46585,36.513366],[140.466023,36.513052],[140.466267,36.512766],[140.466346,36.512698],[140.466654,36.512613],[140.467042,36.512476]]}},{"type":"Feature","properties":{"id":226031131,"highway":"unclassified"},"geometry":{"type":"LineString","coordinates":[[140.482995,36.592156],[140.483072,36.592185],[140.483234,36.592244],[140.483409,36.59229]]}},{"type":"Feature","properties":{"id":226031133,"highway":"unclassified"},"geometry":{"type":"LineString","coordinates":[[140.489229,36.589494],[140.489122,36.589446],[140.488673,36.589386],[140.488562,36.589363]]}},{"type":"Feature","properties":{"id":226031138,"highway":"residential"},"geometry":{"type":"LineString","coordinates":[[140.478011,36.538394],[140.477852,36.53824],[140.47772,36.538101],[140.47758,36.538014]]}},{"type":"Feature","properties":{"id":226031143,"highway":"unclassified"},"geometry":{"type":"LineString","coordinates":[[140.490449,36.528068],[140.490457,36.527827],[140.490469,36.527704],[140.490615,36.527434]]}},{"type":"Feature","properties":{"id":226031145,"highway":"residential"},"geometry":{"type":"LineString","coordinates":[[140.470703,36.530232],[140.471017,36.529918],[140.4711,36.529799],[140.471377,36.528687]]}},{"type":"Feature","properties":{"id":226031149,"highway":"unclassified"},"geometry":{"type":"LineString","coordinates":[[140.451789,36.536223],[140.451674,36.536098],[140.451407,36.535809],[140.451279,36.535678],[140.451229,36.535587],[140.451172,36.535451],[140.451167,36.535269],[140.451194,36.535108],[140.451252,36.53498],[140.451381,36.534805],[140.451514,36.534625],[140.451569,36.53452],[140.451623,36.534402],[140.451664,36.534237],[140.451796,36.533662],[140.451926,36.533154],[140.45203,36.532748],[140.452103,36.5325],[140.452284,36.532015],[140.45237,36.531798],[140.452413,36.531668],[140.452467,36.531444],[140.452604,36.530939],[140.452637,36.530813],[140.452806,36.530089],[140.452853,36.529866],[140.453009,36.529176],[140.453078,36.528869],[140.453139,36.528526],[140.453213,36.528498],[140.453292,36.52845]]}},{"type":"Feature","properties":{"id":226031151,"highway":"residential"},"geometry":{"type":"LineString","coordinates":[[140.492965,36.571143],[140.493031,36.570763],[140.492986,36.570427],[140.492904,36.570212]]}},{"type":"Feature","properties":{"id":226031152,"highway":"residential"},"geometry":{"type":"LineString","coordinates":[[140.481614,36.508758],[140.480973,36.509367],[140.480942,36.509415],[140.480775,36.509962],[140.480769,36.510016],[140.480775,36.510069],[140.480804,36.510177]]}},{"type":"Feature","properties":{"id":226031154,"highway":"unclassified"},"geometry":{"type":"LineString","coordinates":[[140.453688,36.555557],[140.45392,36.555004],[140.454117,36.554712],[140.454272,36.554493],[140.454429,36.554292]]}},{"type":"Feature","properties":{"id":226031162,"highway":"service"},"geometry":{"type":"LineString","coordinates":[[140.465925,36.51199],[140.465991,36.512186],[140.466026,36.512436],[140.466063,36.512516],[140.466111,36.512577],[140.466192,36.512627],[140.466294,36.512676],[140.466346,36.512698],[140.466449,36.512732],[140.466713,36.512883],[140.466919,36.513016],[140.466998,36.51313],[140.467105,36.513248],[140.467285,36.513367],[140.467382,36.513388]]}},{"type":"Feature","properties":{"id":226031167,"highway":"residential"},"geometry":{"type":"LineString","coordinates":[[140.450624,36.531434],[140.450423,36.531164],[140.450339,36.530972],[140.450388,36.53061],[140.450414,36.529983],[140.450386,36.529843]]}},{"type":"Feature","properties":{"id":226031172,"highway":"residential"},"geometry":{"type":"LineString","coordinates":[[140.476082,36.563428],[140.476065,36.563462],[140.476007,36.563579],[140.476007,36.563715],[140.476068,36.564047]]}},{"type":"Feature","properties":{"id":226031181,"highway":"residential"},"geometry":{"type":"LineString","coordinates":[[140.492812,36.516193],[140.493364,36.516204],[140.493432,36.516213],[140.493498,36.516242],[140.493558,36.516297],[140.493794,36.516633]]}},{"type":"Feature","properties":{"id":226031201,"highway":"residential"},"geometry":{"type":"LineString","coordinates":[[140.490541,36.56927],[140.490654,36.569471],[140.490671,36.569523]]}},{"type":"Feature","properties":{"id":226031207,"highway":"residential"},"geometry":{"type":"LineString","coordinates":[[140.491226,36.51667],[140.491408,36.516581],[140.491752,36.516518],[140.492812,36.516193]]}},{"type":"Feature","properties":{"id":226031209,"highway":"unclassified"},"geometry":{"type":"LineString","coordinates":[[140.483408,36.509953],[140.483803,36.510272],[140.48442,36.510796],[140.484535,36.510874],[140.484694,36.510958],[140.484777,36.510979]]}},{"type":"Feature","properties":{"id":226031222,"highway":"unclassified"},"geometry":{"type":"LineString","coordinates":[[140.475294,36.561593],[140.47567,36.561484],[140.475881,36.561459],[140.476093,36.561512],[140.476161,36.561514],[140.476419,36.56147],[140.477073,36.561311],[140.47713,36.561274],[140.477161,36.561222],[140.477218,36.560902],[140.477263,36.560755]]}},{"type":"Feature","properties":{"id":226031223,"highway":"unclassified"},"geometry":{"type":"LineString","coordinates":[[140.470376,36.51956],[140.469616,36.519338]]}},{"type":"Feature","properties":{"id":226031226,"highway":"unclassified"},"geometry":{"type":"LineString","coordinates":[[140.487514,36.599492],[140.487728,36.599525],[140.488027,36.59951]]}},{"type":"Feature","properties":{"id":226031227,"highway":"unclassified"},"geometry":{"type":"LineString","coordinates":[[140.49024,36.53002],[140.490099,36.529888],[140.49006,36.529805],[140.49005,36.52973]]}},{"type":"Feature","properties":{"id":226031234,"highway":"unclassified"},"geometry":{"type":"LineString","coordinates":[[140.443935,36.589784],[140.443824,36.589943],[140.44345,36.590328]]}},{"type":"Feature","properties":{"id":226031236,"highway":"residential"},"geometry":{"type":"LineString","coordinates":[[140.493915,36.573498],[140.493632,36.572881],[140.493289,36.572099],[140.493034,36.571544]]}},{"type":"Feature","properties":{"id":226031242,"highway":"unclassified"},"geometry":{"type":"LineString","coordinates":[[140.490183,36.596728],[140.490186,36.59656],[140.490255,36.596477],[140.490327,36.596416]]}},{"type":"Feature","properties":{"id":226031243,"highway":"residential"},"geometry":{"type":"LineString","coordinates":[[140.480733,36.564363],[140.480698,36.564315],[140.48065,36.56425],[140.480528,36.564168],[140.480271,36.564056]]}},{"type":"Feature","properties":{"id":226031245,"highway":"unclassified"},"geometry":{"type":"LineString","coordinates":[[140.438177,36.56361],[140.438124,36.563307],[140.438095,36.563049],[140.43807,36.562746]]}},{"type":"Feature","properties":{"id":226031247,"highway":"residential"},"geometry":{"type":"LineString","coordinates":[[140.452285,36.587179],[140.452345,36.587409],[140.452375,36.587493],[140.452421,36.587729]]}},{"type":"Feature","properties":{"id":226031252,"highway":"unclassified"},"geometry":{"type":"LineString","coordinates":[[140.484907,36.50711],[140.485359,36.507411],[140.485605,36.507576],[140.48629,36.507993],[140.486611,36.508215],[140.486821,36.508379],[140.487212,36.508752],[140.487419,36.508959],[140.487727,36.509269],[140.488119,36.509721],[140.488244,36.509878],[140.488545,36.510258],[140.488822,36.510646],[140.48884,36.510681]]}},{"type":"Feature","properties":{"id":226031258,"highway":"residential"},"geometry":{"type":"LineString","coordinates":[[140.455248,36.53622],[140.455889,36.536122],[140.456507,36.536092],[140.456924,36.536069]]}},{"type":"Feature","properties":{"id":226031297,"highway":"residential"},"geometry":{"type":"LineString","coordinates":[[140.447965,36.583408],[140.448065,36.583137],[140.448101,36.582898],[140.448203,36.582735],[140.448364,36.58259]]}},{"type":"Feature","properties":{"id":226031298,"highway":"service"},"geometry":{"type":"LineString","coordinates":[[140.469099,36.58273],[140.469125,36.582799],[140.469125,36.583068],[140.469277,36.583367]]}},{"type":"Feature","properties":{"id":226031301,"highway":"unclassified"},"geometry":{"type":"LineString","coordinates":[[140.470346,36.527909],[140.471564,36.526831],[140.471773,36.526601],[140.471835,36.526488]]}},{"type":"Feature","properties":{"id":226031307,"highway":"unclassified"},"geometry":{"type":"LineString","coordinates":[[140.489284,36.559944],[140.488262,36.559642],[140.487895,36.559624],[140.487798,36.559633]]}},{"type":"Feature","properties":{"id":226031312,"highway":"residential"},"geometry":{"type":"LineString","coordinates":[[140.480804,36.510177],[140.481008,36.510774],[140.481049,36.510897],[140.481055,36.510995],[140.48103,36.511216],[140.48104,36.511251],[140.481077,36.511275],[140.481217,36.511335],[140.481437,36.51145],[140.481702,36.511612]]}},{"type":"Feature","properties":{"id":226031318,"highway":"unclassified"},"geometry":{"type":"LineString","coordinates":[[140.46639,36.541488],[140.467292,36.541652],[140.467753,36.541761]]}},{"type":"Feature","properties":{"id":226031361,"highway":"unclassified"},"geometry":{"type":"LineString","coordinates":[[140.470851,36.559212],[140.470576,36.559416],[140.470484,36.559494],[140.470456,36.55957],[140.470439,36.559609],[140.470438,36.559707],[140.470439,36.559777],[140.470465,36.559848],[140.470506,36.559893],[140.470588,36.559934],[140.470714,36.55999],[140.471194,36.560036],[140.471585,36.560074],[140.471776,36.560107],[140.471879,36.560158],[140.471949,36.560263],[140.472002,36.560419],[140.472046,36.560495],[140.472223,36.560615],[140.472367,36.560747],[140.472456,36.560815],[140.472497,36.56084],[140.4727,36.560944],[140.472969,36.560956],[140.473048,36.561006],[140.473065,36.561267],[140.473111,36.561431],[140.473263,36.561584],[140.473353,36.561697],[140.473459,36.561917],[140.473564,36.561993],[140.473681,36.562044]]}},{"type":"Feature","properties":{"id":226031389,"highway":"tertiary"},"geometry":{"type":"LineString","coordinates":[[140.441741,36.563932],[140.441659,36.564509],[140.441564,36.565228],[140.441569,36.565318],[140.441587,36.565389],[140.441669,36.565619],[140.44173,36.565823],[140.441751,36.565987],[140.441747,36.566248],[140.441727,36.566351],[140.441699,36.566433],[140.441672,36.566499],[140.441596,36.566581],[140.441393,36.566701],[140.441064,36.566854],[140.44054,36.567026],[140.440407,36.567076],[140.440187,36.567178],[140.440001,36.567273],[140.439886,36.567369],[140.439802,36.56751],[140.439754,36.567608],[140.439736,36.567714],[140.439697,36.567871],[140.439603,36.568218],[140.439503,36.568589],[140.439491,36.568672],[140.439478,36.568762],[140.439482,36.568863],[140.439499,36.568941],[140.439544,36.569024],[140.43964,36.569135],[140.440071,36.569488],[140.440213,36.569628],[140.440274,36.56971],[140.440351,36.569866],[140.440384,36.569954],[140.440399,36.570051],[140.440422,36.5707],[140.440433,36.570763],[140.440466,36.570839],[140.440522,36.570889],[140.440626,36.570908],[140.440813,36.570915]]}},{"type":"Feature","properties":{"id":226031406,"highway":"unclassified"},"geometry":{"type":"LineString","coordinates":[[140.460638,36.597178],[140.460652,36.597178],[140.460834,36.597228],[140.461022,36.597299],[140.46108,36.597311],[140.461226,36.597311],[140.461371,36.597263],[140.462056,36.596998],[140.462203,36.596919],[140.462287,36.596835],[140.462343,36.596722],[140.462371,36.596604],[140.462406,36.59657],[140.462504,36.596531],[140.462552,36.596536],[140.462622,36.59657],[140.462691,36.59657],[140.462754,36.596559],[140.462838,36.596491],[140.462929,36.596345],[140.46295,36.596249],[140.462964,36.595956],[140.463006,36.595854],[140.463058,36.595801],[140.463084,36.595782],[140.463125,36.595765],[140.46317,36.59576],[140.463207,36.595786],[140.463236,36.595842],[140.463213,36.596083],[140.463214,36.59611],[140.463233,36.596136],[140.463277,36.596148],[140.463327,36.596148],[140.463368,36.596137],[140.463389,36.596122],[140.463438,36.595869],[140.463477,36.595762],[140.463538,36.595622],[140.463597,36.595529],[140.463643,36.595497],[140.46373,36.595429],[140.463804,36.595436],[140.464081,36.595478],[140.464363,36.59558]]}},{"type":"Feature","properties":{"id":226031426,"highway":"unclassified"},"geometry":{"type":"LineString","coordinates":[[140.456471,36.56286],[140.457357,36.562935],[140.457333,36.563127],[140.457333,36.563195],[140.457342,36.563257],[140.457355,36.563312],[140.457394,36.563376],[140.45755,36.563465],[140.457626,36.563504],[140.457776,36.563591],[140.458094,36.56376],[140.458316,36.563873],[140.45838,36.563894],[140.458481,36.563904],[140.458592,36.563891],[140.459018,36.563748],[140.459111,36.563744],[140.459211,36.563753],[140.459278,36.563786],[140.459326,36.563826],[140.459353,36.563867],[140.459362,36.563914],[140.459349,36.563993],[140.459326,36.56406],[140.459273,36.564126],[140.459215,36.564186],[140.458744,36.56444],[140.458663,36.564509],[140.458638,36.564571],[140.458644,36.564642],[140.458669,36.564697],[140.458728,36.564755],[140.458832,36.564802],[140.458966,36.564828],[140.459124,36.564808],[140.459443,36.564709],[140.459604,36.564699],[140.45975,36.564726],[140.4599,36.564791],[140.460051,36.564919],[140.460427,36.565387],[140.460615,36.565508],[140.461354,36.565786],[140.462589,36.56625],[140.462932,36.566378],[140.463261,36.566483],[140.46355,36.566561],[140.463943,36.566643],[140.464475,36.566722]]}},{"type":"Feature","properties":{"id":226031450,"highway":"residential"},"geometry":{"type":"LineString","coordinates":[[140.486136,36.55914],[140.486232,36.559332],[140.486291,36.559462],[140.486388,36.559852],[140.4868,36.560449]]}},{"type":"Feature","properties":{"id":226031456,"highway":"residential"},"geometry":{"type":"LineString","coordinates":[[140.492965,36.597007],[140.492874,36.597036],[140.492507,36.59702],[140.492152,36.597085],[140.491801,36.597209]]}},{"type":"Feature","properties":{"id":226031460,"highway":"service"},"geometry":{"type":"LineString","coordinates":[[140.450386,36.529843],[140.451217,36.529838],[140.451493,36.52975],[140.451767,36.529774],[140.451979,36.529868],[140.452094,36.529915]]}},{"type":"Feature","properties":{"id":226031472,"highway":"residential"},"geometry":{"type":"LineString","coordinates":[[140.47932,36.512461],[140.479407,36.512403],[140.479593,36.512285],[140.479733,36.512257],[140.480101,36.512144]]}},{"type":"Feature","properties":{"id":226031484,"highway":"residential"},"geometry":{"type":"LineString","coordinates":[[140.472873,36.516608],[140.472932,36.516576],[140.473062,36.516557],[140.473187,36.516478],[140.473214,36.516171]]}},{"type":"Feature","properties":{"id":226031488,"highway":"residential"},"geometry":{"type":"LineString","coordinates":[[140.493393,36.568359],[140.493851,36.568221],[140.493942,36.568148],[140.49399,36.568028],[140.493985,36.567912]]}},{"type":"Feature","properties":{"id":226031490,"highway":"unclassified"},"geometry":{"type":"LineString","coordinates":[[140.476353,36.527374],[140.476438,36.527361],[140.476584,36.527328],[140.477014,36.527231],[140.477112,36.527207],[140.477206,36.527172],[140.47726,36.527132],[140.47796,36.52653],[140.478184,36.526332],[140.478213,36.526272],[140.478189,36.526247],[140.478122,36.526153],[140.478114,36.526111],[140.478141,36.526059],[140.478353,36.52583],[140.478416,36.525763],[140.478456,36.525695],[140.478561,36.525398],[140.478645,36.525286]]}},{"type":"Feature","properties":{"id":226031492,"highway":"unclassified"},"geometry":{"type":"LineString","coordinates":[[140.481071,36.529546],[140.481163,36.529545],[140.481332,36.529539],[140.481565,36.529509],[140.481757,36.529494],[140.48191,36.529495],[140.482081,36.529478],[140.482192,36.529452],[140.482311,36.529408],[140.482471,36.529358],[140.482642,36.529319],[140.482854,36.529298],[140.482994,36.529251],[140.483319,36.52916]]}},{"type":"Feature","properties":{"id":226031506,"highway":"unclassified"},"geometry":{"type":"LineString","coordinates":[[140.470151,36.5178],[140.470209,36.517698],[140.470364,36.517423],[140.470375,36.517209]]}},{"type":"Feature","properties":{"id":226031517,"highway":"residential"},"geometry":{"type":"LineString","coordinates":[[140.45237,36.531798],[140.451807,36.531832],[140.451611,36.531836],[140.451384,36.531807],[140.45104,36.531737],[140.450777,36.531612],[140.450675,36.531553],[140.450624,36.531434]]}},{"type":"Feature","properties":{"id":226031529,"highway":"unclassified"},"geometry":{"type":"LineString","coordinates":[[140.483027,36.593263],[140.482992,36.593359],[140.482862,36.593515],[140.482795,36.593644],[140.482775,36.593742]]}},{"type":"Feature","properties":{"id":226031542,"highway":"unclassified"},"geometry":{"type":"LineString","coordinates":[[140.480005,36.546687],[140.479169,36.546716],[140.478723,36.546734],[140.478394,36.546762],[140.478251,36.546838]]}},{"type":"Feature","properties":{"id":226031544,"highway":"unclassified"},"geometry":{"type":"LineString","coordinates":[[140.478645,36.525286],[140.478803,36.525371],[140.480244,36.526393],[140.483102,36.528414],[140.483472,36.528676]]}},{"type":"Feature","properties":{"id":226031562,"highway":"residential"},"geometry":{"type":"LineString","coordinates":[[140.480856,36.540385],[140.481003,36.540448],[140.481451,36.540656],[140.481518,36.540681],[140.481759,36.54077],[140.481974,36.540808]]}},{"type":"Feature","properties":{"id":226031576,"highway":"unclassified"},"geometry":{"type":"LineString","coordinates":[[140.485364,36.600335],[140.485372,36.600128],[140.485356,36.599083],[140.485343,36.598752],[140.48532,36.598173],[140.48529,36.597985],[140.485264,36.597813],[140.485296,36.597611],[140.485368,36.597338],[140.485512,36.596978],[140.485625,36.59667],[140.485627,36.596287],[140.485573,36.59578],[140.485626,36.595511],[140.48589,36.595001],[140.486098,36.594482],[140.486241,36.594275],[140.486414,36.594079],[140.486521,36.593973],[140.486826,36.593675]]}},{"type":"Feature","properties":{"id":226031581,"highway":"unclassified"},"geometry":{"type":"LineString","coordinates":[[140.474627,36.514229],[140.474692,36.514247],[140.474745,36.514281],[140.475262,36.514853],[140.475445,36.515012]]}},{"type":"Feature","properties":{"id":226031582,"highway":"unclassified"},"geometry":{"type":"LineString","coordinates":[[140.46613,36.580204],[140.466,36.580008],[140.46587,36.579866],[140.465631,36.579578]]}},{"type":"Feature","properties":{"id":226031587,"highway":"service"},"geometry":{"type":"LineString","coordinates":[[140.464777,36.510274],[140.465316,36.510306],[140.465724,36.510341],[140.465879,36.510357],[140.466626,36.510544]]}},{"type":"Feature","properties":{"id":226031588,"highway":"unclassified"},"geometry":{"type":"LineString","coordinates":[[140.45384,36.576983],[140.453949,36.57697],[140.454107,36.576867],[140.454273,36.576722],[140.454304,36.576702]]}},{"type":"Feature","properties":{"id":226031593,"highway":"residential"},"geometry":{"type":"LineString","coordinates":[[140.491226,36.51667],[140.491388,36.516791],[140.491557,36.516922],[140.491734,36.517065],[140.491842,36.517206]]}},{"type":"Feature","properties":{"id":226031598,"highway":"residential"},"geometry":{"type":"LineString","coordinates":[[140.474257,36.567243],[140.474441,36.567338],[140.474589,36.567366],[140.474761,36.567373],[140.474859,36.567356]]}},{"type":"Feature","properties":{"id":226031602,"highway":"residential"},"geometry":{"type":"LineString","coordinates":[[140.485597,36.509358],[140.485508,36.509408],[140.485474,36.509449],[140.485421,36.509504],[140.485399,36.509554],[140.485402,36.509636],[140.485441,36.509733],[140.485556,36.510033],[140.485641,36.51027]]}},{"type":"Feature","properties":{"id":226031608,"highway":"residential"},"geometry":{"type":"LineString","coordinates":[[140.455082,36.53455],[140.45519,36.534599],[140.45536,36.534624],[140.455678,36.53463],[140.45607,36.534543]]}},{"type":"Feature","properties":{"id":226031633,"highway":"unclassified"},"geometry":{"type":"LineString","coordinates":[[140.488997,36.581011],[140.489064,36.581172],[140.489048,36.581528],[140.489112,36.581787]]}},{"type":"Feature","properties":{"id":226031646,"highway":"residential"},"geometry":{"type":"LineString","coordinates":[[140.485343,36.598752],[140.485415,36.598733],[140.485438,36.598588],[140.485584,36.598604],[140.48589,36.598581],[140.486226,36.59857]]}},{"type":"Feature","properties":{"id":226031653,"highway":"service"},"geometry":{"type":"LineString","coordinates":[[140.477518,36.562857],[140.478187,36.5628],[140.478281,36.562749],[140.478381,36.562629],[140.47882,36.562626],[140.479022,36.562739],[140.479815,36.562853]]}},{"type":"Feature","properties":{"id":226031665,"highway":"unclassified"},"geometry":{"type":"LineString","coordinates":[[140.454823,36.555981],[140.454606,36.555917],[140.454103,36.555776],[140.453921,36.555716],[140.453846,36.555687],[140.453791,36.555651],[140.453688,36.555557]]}},{"type":"Feature","properties":{"id":226031670,"highway":"residential"},"geometry":{"type":"LineString","coordinates":[[140.479549,36.543204],[140.479744,36.543267],[140.480501,36.543444],[140.480574,36.543543],[140.480517,36.543956]]}},{"type":"Feature","properties":{"id":226031672,"highway":"unclassified"},"geometry":{"type":"LineString","coordinates":[[140.497597,36.568819],[140.497542,36.568845],[140.497363,36.568906],[140.497111,36.568962],[140.496668,36.569034]]}},{"type":"Feature","properties":{"id":226031681,"highway":"unclassified"},"geometry":{"type":"LineString","coordinates":[[140.448134,36.581094],[140.448207,36.581057],[140.448277,36.581037],[140.448354,36.581046],[140.448433,36.581073]]}},{"type":"Feature","properties":{"id":226031686,"highway":"residential"},"geometry":{"type":"LineString","coordinates":[[140.434731,36.596038],[140.434818,36.59587],[140.434865,36.595628],[140.434979,36.595431],[140.435089,36.595206]]}},{"type":"Feature","properties":{"id":226031706,"highway":"unclassified"},"geometry":{"type":"LineString","coordinates":[[140.478545,36.507803],[140.479009,36.507835],[140.479117,36.507849],[140.479272,36.507894],[140.479474,36.507952],[140.479579,36.507948],[140.479677,36.507973]]}},{"type":"Feature","properties":{"id":226031707,"highway":"unclassified"},"geometry":{"type":"LineString","coordinates":[[140.454438,36.554267],[140.454634,36.554015],[140.454767,36.553861],[140.45502,36.553717],[140.455564,36.553339]]}},{"type":"Feature","properties":{"id":226031711,"highway":"unclassified"},"geometry":{"type":"LineString","coordinates":[[140.441181,36.590883],[140.441247,36.590921],[140.441343,36.590848],[140.44173,36.591043],[140.44218,36.591359],[140.442391,36.591482]]}},{"type":"Feature","properties":{"id":226031721,"highway":"residential"},"geometry":{"type":"LineString","coordinates":[[140.492136,36.572297],[140.492321,36.571999],[140.492494,36.571802],[140.492562,36.571679],[140.493034,36.571544]]}},{"type":"Feature","properties":{"id":226031726,"highway":"unclassified"},"geometry":{"type":"LineString","coordinates":[[140.48184,36.541242],[140.482656,36.541358],[140.482733,36.541379],[140.482802,36.541416],[140.483377,36.541759]]}},{"type":"Feature","properties":{"id":226031728,"highway":"unclassified"},"geometry":{"type":"LineString","coordinates":[[140.474019,36.513898],[140.474192,36.514128],[140.474375,36.514215],[140.474407,36.514226],[140.474439,36.514229]]}},{"type":"Feature","properties":{"id":226031736,"highway":"residential"},"geometry":{"type":"LineString","coordinates":[[140.464966,36.554786],[140.464985,36.554652],[140.465048,36.554589],[140.465441,36.554325],[140.466279,36.553772],[140.466376,36.553718]]}},{"type":"Feature","properties":{"id":226031754,"highway":"residential"},"geometry":{"type":"LineString","coordinates":[[140.445137,36.58598],[140.444778,36.585709],[140.444615,36.585578],[140.444504,36.585466],[140.444395,36.58528]]}},{"type":"Feature","properties":{"id":226031765,"highway":"residential"},"geometry":{"type":"LineString","coordinates":[[140.462057,36.592089],[140.462142,36.592234],[140.462263,36.592313],[140.462392,36.592342]]}},{"type":"Feature","properties":{"id":226031767,"highway":"service"},"geometry":{"type":"LineString","coordinates":[[140.428697,36.591302],[140.42848,36.591612],[140.428327,36.591756],[140.428185,36.591834],[140.427925,36.591946],[140.427793,36.592034],[140.427777,36.59212],[140.427774,36.592383],[140.427742,36.59259],[140.427627,36.592697],[140.427597,36.592736],[140.427555,36.592822],[140.427514,36.592947],[140.427544,36.593141],[140.427599,36.593357],[140.427643,36.593443],[140.427788,36.593605],[140.427906,36.593791]]}},{"type":"Feature","properties":{"id":226031770,"highway":"unclassified"},"geometry":{"type":"LineString","coordinates":[[140.468023,36.54176],[140.468147,36.541644],[140.46831,36.541539],[140.468865,36.54136],[140.469789,36.541035],[140.470518,36.540799],[140.470576,36.540776],[140.470674,36.540737],[140.470773,36.540681],[140.470853,36.540625]]}},{"type":"Feature","properties":{"id":226031782,"highway":"unclassified"},"geometry":{"type":"LineString","coordinates":[[140.480957,36.552916],[140.480756,36.552912],[140.480135,36.552462],[140.479853,36.552277],[140.479791,36.552204],[140.479766,36.552114]]}},{"type":"Feature","properties":{"id":226031787,"highway":"unclassified"},"geometry":{"type":"LineString","coordinates":[[140.454429,36.554292],[140.454654,36.554448],[140.454816,36.554506],[140.454996,36.55454]]}},{"type":"Feature","properties":{"id":226031898,"highway":"residential"},"geometry":{"type":"LineString","coordinates":[[140.492906,36.57373],[140.4928,36.57354],[140.492508,36.572809],[140.492414,36.572646],[140.492136,36.572297]]}},{"type":"Feature","properties":{"id":226031904,"highway":"service"},"geometry":{"type":"LineString","coordinates":[[140.42996,36.586389],[140.429459,36.586393],[140.429134,36.586357]]}},{"type":"Feature","properties":{"id":226031915,"highway":"unclassified"},"geometry":{"type":"LineString","coordinates":[[140.448828,36.56322],[140.449058,36.563297],[140.449217,36.563327]]}},{"type":"Feature","properties":{"id":226031917,"highway":"unclassified"},"geometry":{"type":"LineString","coordinates":[[140.492567,36.581136],[140.492519,36.580838],[140.492517,36.580764]]}},{"type":"Feature","properties":{"id":226031968,"highway":"residential"},"geometry":{"type":"LineString","coordinates":[[140.483081,36.594141],[140.483048,36.594187],[140.48295,36.5943],[140.482712,36.594722],[140.4826,36.594829],[140.482503,36.594874],[140.482384,36.594869],[140.482195,36.594824],[140.482034,36.594829],[140.481972,36.594841],[140.481902,36.594869],[140.481678,36.595026],[140.481601,36.59506],[140.481419,36.59506],[140.481224,36.595032],[140.48107,36.595038],[140.480833,36.595122],[140.480629,36.595218],[140.480539,36.595274],[140.480483,36.595381],[140.480483,36.595534],[140.48049,36.595562],[140.480588,36.595635],[140.480679,36.59568],[140.480979,36.595759],[140.481049,36.595815],[140.481042,36.595939],[140.480979,36.596013],[140.480903,36.596058],[140.480735,36.596103],[140.479952,36.596255],[140.479882,36.596328],[140.479882,36.596435],[140.479944,36.596492],[140.480085,36.596492],[140.480294,36.596464],[140.480427,36.596464],[140.480476,36.596526],[140.480476,36.596588],[140.480378,36.596661],[140.480106,36.596757],[140.479924,36.596857],[140.479819,36.596947],[140.479798,36.597032],[140.479812,36.597093],[140.479854,36.597138],[140.480511,36.597155],[140.480651,36.597178],[140.480728,36.597217],[140.480763,36.597263],[140.480756,36.597336],[140.480693,36.59742],[140.480497,36.597539],[140.480343,36.597578],[140.480036,36.597612]]}},{"type":"Feature","properties":{"id":226031996,"highway":"residential"},"geometry":{"type":"LineString","coordinates":[[140.476765,36.510479],[140.476542,36.510333],[140.476763,36.510089],[140.476782,36.510039],[140.476783,36.509989],[140.476763,36.509943],[140.476665,36.509862],[140.476281,36.509619],[140.476178,36.50955],[140.476136,36.509508],[140.476132,36.509464],[140.476135,36.509405],[140.476162,36.509333],[140.476221,36.509177],[140.476398,36.508614]]}},{"type":"Feature","properties":{"id":226032015,"highway":"unclassified"},"geometry":{"type":"LineString","coordinates":[[140.486543,36.526589],[140.486583,36.526573],[140.48661,36.526543],[140.486621,36.526501],[140.486604,36.526464],[140.486413,36.526348]]}},{"type":"Feature","properties":{"id":226032018,"highway":"unclassified"},"geometry":{"type":"LineString","coordinates":[[140.484431,36.568671],[140.484259,36.568496],[140.484171,36.56841],[140.483985,36.568309],[140.483792,36.568264],[140.483642,36.568238],[140.483441,36.568217]]}},{"type":"Feature","properties":{"id":226032024,"highway":"unclassified"},"geometry":{"type":"LineString","coordinates":[[140.471166,36.558996],[140.471701,36.558988],[140.472293,36.558944],[140.472674,36.558891],[140.472931,36.558829],[140.472999,36.55878],[140.473046,36.558538],[140.473538,36.558301],[140.473616,36.558253],[140.47381,36.55776],[140.47405,36.55739],[140.474131,36.557327],[140.474224,36.557257],[140.474332,36.55721],[140.474398,36.557133],[140.474545,36.556925]]}},{"type":"Feature","properties":{"id":226032032,"highway":"unclassified"},"geometry":{"type":"LineString","coordinates":[[140.445903,36.579861],[140.44622,36.579355],[140.44629,36.579228],[140.446319,36.579165],[140.446377,36.578987],[140.446376,36.578775],[140.446376,36.578593],[140.446374,36.578515],[140.446427,36.578381],[140.446524,36.578222]]}},{"type":"Feature","properties":{"id":226032035,"highway":"residential"},"geometry":{"type":"LineString","coordinates":[[140.452303,36.570468],[140.452437,36.570465],[140.45252,36.570396],[140.452578,36.570372],[140.453033,36.570458],[140.453237,36.570474],[140.453408,36.570474],[140.453543,36.570434],[140.453718,36.57034],[140.453961,36.570309]]}},{"type":"Feature","properties":{"id":226032050,"highway":"residential"},"geometry":{"type":"LineString","coordinates":[[140.473214,36.516171],[140.473418,36.516128],[140.474085,36.515842],[140.474862,36.515512],[140.474952,36.515446],[140.475445,36.515012]]}},{"type":"Feature","properties":{"id":226032066,"highway":"unclassified"},"geometry":{"type":"LineString","coordinates":[[140.492906,36.57373],[140.493144,36.573635],[140.493529,36.573554],[140.493915,36.573498]]}},{"type":"Feature","properties":{"id":226032069,"highway":"unclassified"},"geometry":{"type":"LineString","coordinates":[[140.48078,36.541272],[140.481241,36.541191],[140.481351,36.541176],[140.481388,36.541177],[140.481436,36.541178],[140.48184,36.541242]]}},{"type":"Feature","properties":{"id":226032073,"highway":"unclassified"},"geometry":{"type":"LineString","coordinates":[[140.482775,36.593742],[140.482766,36.593857],[140.482784,36.593905],[140.482999,36.594088],[140.483037,36.594113],[140.483081,36.594141]]}},{"type":"Feature","properties":{"id":226032078,"highway":"unclassified"},"geometry":{"type":"LineString","coordinates":[[140.447922,36.573656],[140.448108,36.573298],[140.448209,36.573066],[140.448284,36.572653],[140.448309,36.572318]]}},{"type":"Feature","properties":{"id":226032080,"highway":"unclassified"},"geometry":{"type":"LineString","coordinates":[[140.481071,36.529546],[140.481088,36.529623],[140.481124,36.52968],[140.481404,36.529921],[140.481468,36.529997],[140.481495,36.530058],[140.481496,36.530084],[140.481496,36.530109],[140.481474,36.530203],[140.481361,36.530524],[140.481152,36.530992],[140.481136,36.531089],[140.481146,36.531161],[140.481185,36.531273],[140.4812,36.531336],[140.481252,36.531388],[140.481329,36.531571],[140.481413,36.531672],[140.481522,36.531835],[140.481575,36.531909],[140.481659,36.531973],[140.481771,36.532047],[140.48184,36.532105],[140.48193,36.532214],[140.481986,36.532279],[140.482057,36.532318],[140.482189,36.532361],[140.482304,36.532401]]}},{"type":"Feature","properties":{"id":226032082,"highway":"unclassified"},"geometry":{"type":"LineString","coordinates":[[140.459633,36.528039],[140.4598,36.527966],[140.459927,36.527905],[140.460141,36.527812],[140.460254,36.527703],[140.460306,36.527625]]}},{"type":"Feature","properties":{"id":226032084,"highway":"residential"},"geometry":{"type":"LineString","coordinates":[[140.462867,36.527344],[140.462933,36.527395],[140.463125,36.527311],[140.463241,36.527349],[140.463488,36.527495],[140.464524,36.528138]]}},{"type":"Feature","properties":{"id":226032086,"highway":"unclassified"},"geometry":{"type":"LineString","coordinates":[[140.483377,36.541759],[140.483595,36.541544],[140.483734,36.541397],[140.483981,36.541226],[140.484176,36.541094],[140.484297,36.540962]]}},{"type":"Feature","properties":{"id":226032094,"highway":"unclassified"},"geometry":{"type":"LineString","coordinates":[[140.448309,36.572318],[140.448326,36.572018],[140.448366,36.57153],[140.448408,36.571096],[140.448438,36.57067],[140.448465,36.570496]]}},{"type":"Feature","properties":{"id":226032095,"highway":"unclassified"},"geometry":{"type":"LineString","coordinates":[[140.448134,36.581094],[140.448105,36.581121],[140.448081,36.581158],[140.448064,36.581204],[140.448067,36.581246],[140.448086,36.581281],[140.448152,36.58134]]}},{"type":"Feature","properties":{"id":226032097,"highway":"unclassified"},"geometry":{"type":"LineString","coordinates":[[140.436121,36.563958],[140.436462,36.564],[140.436911,36.564023],[140.43713,36.563997],[140.437414,36.563894],[140.438177,36.56361]]}},{"type":"Feature","properties":{"id":226032099,"highway":"residential"},"geometry":{"type":"LineString","coordinates":[[140.4755,36.587577],[140.475515,36.586906],[140.475585,36.586833],[140.475809,36.586771],[140.476661,36.586574],[140.476728,36.586478]]}},{"type":"Feature","properties":{"id":226032104,"highway":"residential"},"geometry":{"type":"LineString","coordinates":[[140.448414,36.577903],[140.448704,36.57788],[140.449274,36.577922],[140.449405,36.57788],[140.449443,36.577814],[140.449428,36.577669],[140.449459,36.577589]]}},{"type":"Feature","properties":{"id":226032111,"highway":"residential"},"geometry":{"type":"LineString","coordinates":[[140.460624,36.529205],[140.460974,36.529074],[140.461101,36.528776],[140.461206,36.528582],[140.461346,36.528419],[140.461595,36.528214],[140.461863,36.527958]]}},{"type":"Feature","properties":{"id":226032121,"highway":"residential"},"geometry":{"type":"LineString","coordinates":[[140.468101,36.516885],[140.468526,36.517002],[140.469029,36.517045],[140.469536,36.517241],[140.469982,36.51737]]}},{"type":"Feature","properties":{"id":226032122,"highway":"unclassified"},"geometry":{"type":"LineString","coordinates":[[140.490327,36.596416],[140.490727,36.596058],[140.490874,36.595917],[140.491009,36.595742],[140.491077,36.595697],[140.491449,36.595554]]}},{"type":"Feature","properties":{"id":226032125,"highway":"residential"},"geometry":{"type":"LineString","coordinates":[[140.490009,36.516373],[140.490213,36.516345],[140.490491,36.516395],[140.491092,36.516604],[140.491226,36.51667]]}},{"type":"Feature","properties":{"id":226032132,"highway":"residential"},"geometry":{"type":"LineString","coordinates":[[140.49016,36.571757],[140.491088,36.571973],[140.491346,36.572041],[140.491553,36.572142],[140.491757,36.572223],[140.492136,36.572297]]}},{"type":"Feature","properties":{"id":226032164,"highway":"unclassified"},"geometry":{"type":"LineString","coordinates":[[140.491439,36.576392],[140.4917,36.576049],[140.491859,36.575872],[140.491984,36.575758],[140.492063,36.575623],[140.492147,36.575369],[140.492246,36.574948]]}},{"type":"Feature","properties":{"id":226032166,"highway":"residential"},"geometry":{"type":"LineString","coordinates":[[140.480766,36.586478],[140.480873,36.586081],[140.480927,36.586022],[140.481074,36.585872],[140.481155,36.585783],[140.481215,36.58561]]}},{"type":"Feature","properties":{"id":226032173,"highway":"unclassified"},"geometry":{"type":"LineString","coordinates":[[140.442391,36.591482],[140.442094,36.591863],[140.441621,36.592251],[140.44112,36.592872],[140.441076,36.592893]]}},{"type":"Feature","properties":{"id":226032181,"highway":"unclassified"},"geometry":{"type":"LineString","coordinates":[[140.489492,36.54332],[140.489502,36.543441],[140.489499,36.543559],[140.489489,36.543925],[140.489454,36.544639],[140.48943,36.544789]]}},{"type":"Feature","properties":{"id":226032186,"highway":"residential"},"geometry":{"type":"LineString","coordinates":[[140.456175,36.535307],[140.456209,36.535042],[140.456192,36.534891],[140.456151,36.534736],[140.456117,36.534646],[140.45607,36.534543]]}},{"type":"Feature","properties":{"id":226032190,"highway":"residential"},"geometry":{"type":"LineString","coordinates":[[140.458614,36.546899],[140.458752,36.547081],[140.459332,36.547272],[140.459529,36.547247],[140.460037,36.54739],[140.46036,36.547478]]}},{"type":"Feature","properties":{"id":226032200,"highway":"unclassified"},"geometry":{"type":"LineString","coordinates":[[140.479969,36.551172],[140.480239,36.551084],[140.480349,36.551004],[140.48039,36.550929],[140.480377,36.550809],[140.480108,36.550158],[140.479974,36.549778],[140.479936,36.549631],[140.479919,36.549499],[140.479941,36.549355],[140.479988,36.549225],[140.480054,36.549104],[140.480115,36.549004],[140.48016,36.548916],[140.480187,36.548865],[140.480229,36.548763],[140.480268,36.548625],[140.480287,36.548485],[140.480285,36.548324],[140.480223,36.548124],[140.480199,36.547819],[140.480157,36.547582],[140.480112,36.547306],[140.480059,36.54697],[140.480005,36.546687],[140.479946,36.54633],[140.479879,36.545948],[140.479826,36.545643],[140.47974,36.545223],[140.47964,36.544738],[140.479571,36.544575],[140.47941,36.544267],[140.479391,36.544216],[140.479388,36.544161],[140.479419,36.543964],[140.479481,36.543625],[140.479549,36.543204],[140.479605,36.542851],[140.479777,36.541991],[140.479866,36.541593]]}},{"type":"Feature","properties":{"id":226032203,"highway":"residential"},"geometry":{"type":"LineString","coordinates":[[140.463793,36.5112],[140.463891,36.511226],[140.464494,36.511323],[140.464765,36.51137],[140.465272,36.511604],[140.465696,36.511955],[140.465757,36.511991],[140.46581,36.512],[140.465925,36.51199]]}},{"type":"Feature","properties":{"id":226032225,"highway":"service"},"geometry":{"type":"LineString","coordinates":[[140.469665,36.514409],[140.469801,36.514267],[140.469892,36.513993],[140.469935,36.513885],[140.470022,36.513752],[140.470081,36.513662],[140.470084,36.513622],[140.470066,36.513588],[140.470015,36.513554],[140.469742,36.513482],[140.469527,36.513416],[140.469485,36.513399],[140.469448,36.513372],[140.469433,36.513341],[140.469436,36.513296],[140.469482,36.513187],[140.46951,36.513102],[140.469522,36.513029],[140.46951,36.512967],[140.469468,36.512851],[140.469245,36.512445],[140.469198,36.512388]]}},{"type":"Feature","properties":{"id":226032227,"highway":"unclassified"},"geometry":{"type":"LineString","coordinates":[[140.477869,36.5287],[140.47794,36.528624],[140.478101,36.528475],[140.478201,36.528348],[140.478295,36.528219],[140.478355,36.528173],[140.478408,36.528177],[140.478557,36.528229],[140.478642,36.528245],[140.478687,36.528203],[140.47877,36.528167],[140.478809,36.528129],[140.479108,36.527669]]}},{"type":"Feature","properties":{"id":226032244,"highway":"unclassified"},"geometry":{"type":"LineString","coordinates":[[140.438177,36.56361],[140.438465,36.563575],[140.438738,36.563564],[140.439058,36.563582],[140.440225,36.563742],[140.440902,36.563817]]}},{"type":"Feature","properties":{"id":226032246,"highway":"residential"},"geometry":{"type":"LineString","coordinates":[[140.446524,36.578222],[140.44689,36.578335],[140.447075,36.578374],[140.447199,36.578386],[140.447536,36.57818],[140.447781,36.578119],[140.44799,36.578111]]}},{"type":"Feature","properties":{"id":226032250,"highway":"residential"},"geometry":{"type":"LineString","coordinates":[[140.485296,36.597611],[140.485644,36.597613],[140.486185,36.597585],[140.486975,36.597478],[140.487437,36.597513],[140.487619,36.597488]]}},{"type":"Feature","properties":{"id":226032271,"highway":"residential"},"geometry":{"type":"LineString","coordinates":[[140.484596,36.593789],[140.484519,36.593769],[140.484416,36.594075],[140.484088,36.59416]]}},{"type":"Feature","properties":{"id":226032274,"highway":"residential"},"geometry":{"type":"LineString","coordinates":[[140.491166,36.570432],[140.491553,36.570344],[140.491887,36.570282],[140.492251,36.570237],[140.492546,36.570188],[140.492904,36.570212]]}},{"type":"Feature","properties":{"id":226032275,"highway":"residential"},"geometry":{"type":"LineString","coordinates":[[140.461279,36.533574],[140.461107,36.533327],[140.461074,36.533085],[140.461126,36.532792],[140.46114,36.532649],[140.461292,36.532365],[140.461243,36.531938]]}},{"type":"Feature","properties":{"id":226032282,"highway":"residential"},"geometry":{"type":"LineString","coordinates":[[140.451896,36.53672],[140.452102,36.536689],[140.452315,36.536795],[140.452404,36.536844],[140.452582,36.536859],[140.453627,36.536764]]}},{"type":"Feature","properties":{"id":226032301,"highway":"tertiary"},"geometry":{"type":"LineString","coordinates":[[140.486608,36.590501],[140.486945,36.590494],[140.487004,36.590499],[140.487065,36.590507],[140.487122,36.590521],[140.487175,36.59054],[140.487585,36.590727],[140.487734,36.590779],[140.48789,36.590784],[140.488047,36.590764],[140.488178,36.590715],[140.488403,36.590568],[140.488696,36.590322],[140.489055,36.590005],[140.489207,36.589915],[140.489313,36.589878],[140.489532,36.589856],[140.489768,36.589894],[140.489799,36.589899],[140.490452,36.590109],[140.49074,36.590158],[140.491005,36.590145],[140.491651,36.590008],[140.491874,36.589983],[140.49199,36.589989],[140.492147,36.590024],[140.492402,36.590134],[140.492874,36.590371],[140.493198,36.590502],[140.493464,36.590554],[140.493724,36.590548],[140.494048,36.590485],[140.494912,36.590245],[140.49544,36.590077],[140.495805,36.589872],[140.496375,36.589558],[140.496681,36.589401],[140.49693,36.589346],[140.497086,36.589332],[140.497351,36.589404],[140.49759,36.589545],[140.497726,36.589713],[140.497784,36.58989],[140.497784,36.590078],[140.497711,36.590401],[140.497497,36.591292],[140.497419,36.591616],[140.497373,36.591807],[140.497373,36.591943],[140.497409,36.592077],[140.497467,36.592182],[140.497618,36.592317],[140.497832,36.592409],[140.498513,36.592633],[140.498687,36.592666],[140.498839,36.592653],[140.498961,36.592625],[140.499098,36.592565],[140.499213,36.592495],[140.499292,36.592411],[140.499344,36.592281],[140.499349,36.592151],[140.499252,36.591629],[140.499249,36.591471],[140.499275,36.591345],[140.499377,36.591225],[140.499541,36.591117],[140.499712,36.591078],[140.499902,36.591079],[140.500103,36.591122],[140.500429,36.59124],[140.500925,36.591437]]}},{"type":"Feature","properties":{"id":226032302,"highway":"residential"},"geometry":{"type":"LineString","coordinates":[[140.489834,36.567892],[140.490044,36.568216],[140.490194,36.56866],[140.490294,36.568931],[140.490394,36.569117],[140.490541,36.56927]]}},{"type":"Feature","properties":{"id":226032306,"highway":"service"},"geometry":{"type":"LineString","coordinates":[[140.480192,36.504939],[140.480237,36.504978],[140.480547,36.505243],[140.480764,36.505434],[140.480855,36.505493],[140.481007,36.505559],[140.481105,36.505613],[140.481172,36.505661],[140.481337,36.505783],[140.4814,36.505938],[140.481405,36.506093]]}},{"type":"Feature","properties":{"id":226032307,"highway":"residential"},"geometry":{"type":"LineString","coordinates":[[140.490932,36.577351],[140.491002,36.577336],[140.491029,36.577249],[140.491076,36.577216],[140.49128,36.577171],[140.491637,36.577139],[140.491918,36.577152]]}},{"type":"Feature","properties":{"id":226032311,"highway":"unclassified"},"geometry":{"type":"LineString","coordinates":[[140.478961,36.527599],[140.479108,36.527669],[140.479265,36.527732],[140.479483,36.527817],[140.479596,36.527855],[140.479714,36.527891],[140.479772,36.527926],[140.479834,36.527994],[140.479876,36.528073],[140.479914,36.528179],[140.480009,36.528668],[140.480036,36.528746]]}},{"type":"Feature","properties":{"id":226032330,"highway":"unclassified"},"geometry":{"type":"LineString","coordinates":[[140.486387,36.588856],[140.487508,36.588741],[140.487916,36.588695],[140.488375,36.588648],[140.48862,36.588598]]}},{"type":"Feature","properties":{"id":226032348,"highway":"residential"},"geometry":{"type":"LineString","coordinates":[[140.490579,36.570566],[140.490577,36.570613],[140.490527,36.571044],[140.490418,36.571387],[140.490299,36.571617],[140.49016,36.571757]]}},{"type":"Feature","properties":{"id":226032350,"highway":"unclassified"},"geometry":{"type":"LineString","coordinates":[[140.46146,36.546209],[140.461492,36.546109],[140.461554,36.545788],[140.461587,36.545699],[140.461642,36.545618],[140.461785,36.545333]]}},{"type":"Feature","properties":{"id":226032352,"highway":"unclassified"},"geometry":{"type":"LineString","coordinates":[[140.466508,36.530358],[140.46668,36.530443],[140.466831,36.530511],[140.466947,36.530604],[140.467183,36.530749]]}},{"type":"Feature","properties":{"id":226032354,"highway":"residential"},"geometry":{"type":"LineString","coordinates":[[140.4514,36.568267],[140.451868,36.567515],[140.452087,36.567302],[140.452227,36.567295],[140.452457,36.567355],[140.452949,36.567515]]}},{"type":"Feature","properties":{"id":226032357,"highway":"residential"},"geometry":{"type":"LineString","coordinates":[[140.492851,36.566948],[140.492355,36.565708],[140.492252,36.565626],[140.492159,36.56561],[140.492021,36.56563],[140.490979,36.565917]]}},{"type":"Feature","properties":{"id":226032360,"highway":"unclassified"},"geometry":{"type":"LineString","coordinates":[[140.487916,36.588695],[140.487937,36.588755],[140.488115,36.588958],[140.488392,36.589274],[140.488467,36.589326],[140.488562,36.589363]]}},{"type":"Feature","properties":{"id":226032412,"highway":"unclassified"},"geometry":{"type":"LineString","coordinates":[[140.469338,36.599265],[140.469381,36.599246],[140.469436,36.599227],[140.46951,36.599209],[140.469748,36.599162],[140.469789,36.599149],[140.469827,36.599134]]}},{"type":"Feature","properties":{"id":226032414,"highway":"unclassified"},"geometry":{"type":"LineString","coordinates":[[140.478251,36.546838],[140.477834,36.54656],[140.47737,36.546254],[140.477149,36.546087],[140.477109,36.546029],[140.477092,36.545969],[140.477104,36.545872],[140.477186,36.5456],[140.477267,36.54543],[140.477493,36.54491]]}},{"type":"Feature","properties":{"id":226032417,"highway":"service"},"geometry":{"type":"LineString","coordinates":[[140.480378,36.565938],[140.480224,36.566256],[140.480177,36.566585],[140.480207,36.566733],[140.480267,36.566876],[140.480267,36.566985],[140.480265,36.567081]]}},{"type":"Feature","properties":{"id":226032421,"highway":"residential"},"geometry":{"type":"LineString","coordinates":[[140.490979,36.565917],[140.490547,36.565098],[140.490283,36.565018],[140.490116,36.56495],[140.489939,36.564837],[140.489857,36.564817],[140.489526,36.564781]]}},{"type":"Feature","properties":{"id":226032422,"highway":"residential"},"geometry":{"type":"LineString","coordinates":[[140.484937,36.568345],[140.48504,36.568249],[140.48485,36.568045],[140.48466,36.567756],[140.484669,36.56774],[140.484712,36.56774],[140.485019,36.568083],[140.48515,36.568182]]}},{"type":"Feature","properties":{"id":226032424,"highway":"service"},"geometry":{"type":"LineString","coordinates":[[140.461465,36.547341],[140.462022,36.546972],[140.462032,36.546868],[140.461939,36.546777],[140.461822,36.546555],[140.46168,36.546396],[140.46146,36.546209]]}},{"type":"Feature","properties":{"id":226032426,"highway":"unclassified"},"geometry":{"type":"LineString","coordinates":[[140.480795,36.534141],[140.480715,36.534103],[140.48059,36.534026],[140.48047,36.533922],[140.480366,36.533861],[140.480246,36.533798],[140.480099,36.533726],[140.480051,36.533685],[140.48004,36.533648],[140.480033,36.533568],[140.480021,36.533519],[140.479993,36.533468],[140.479851,36.533298],[140.4798,36.53324],[140.479733,36.533198],[140.479665,36.533152],[140.479642,36.533104],[140.47963,36.533017],[140.479631,36.532931],[140.479632,36.532835],[140.479624,36.532765],[140.4796,36.532688],[140.479537,36.532581],[140.479478,36.532499],[140.47929,36.532297],[140.47925,36.532224],[140.479227,36.532146],[140.47921,36.531945],[140.479199,36.531877],[140.479174,36.53183],[140.479138,36.53179],[140.47901,36.531674],[140.478965,36.531641],[140.478853,36.531571],[140.478809,36.531539],[140.478777,36.531515],[140.478683,36.53137],[140.478611,36.531323],[140.478498,36.531319],[140.478437,36.5313],[140.478335,36.53125],[140.478043,36.531166],[140.477948,36.531141],[140.477843,36.5311],[140.47772,36.531033],[140.477647,36.530994],[140.47742,36.53087],[140.477271,36.530805],[140.477142,36.53076],[140.47675,36.530612],[140.476606,36.530588],[140.476524,36.530588]]}},{"type":"Feature","properties":{"id":226032427,"highway":"unclassified"},"geometry":{"type":"LineString","coordinates":[[140.469616,36.519338],[140.469776,36.518761],[140.469949,36.518236],[140.470151,36.5178]]}},{"type":"Feature","properties":{"id":226032429,"highway":"residential"},"geometry":{"type":"LineString","coordinates":[[140.446923,36.559561],[140.447213,36.559443],[140.447307,36.559466],[140.44741,36.559543],[140.447562,36.559706]]}},{"type":"Feature","properties":{"id":226032446,"highway":"residential"},"geometry":{"type":"LineString","coordinates":[[140.478408,36.536498],[140.478221,36.537445],[140.478174,36.537475],[140.478105,36.537484],[140.477842,36.537481],[140.477786,36.537508],[140.47776,36.537575],[140.477716,36.537844],[140.47758,36.538014]]}},{"type":"Feature","properties":{"id":226032451,"highway":"unclassified"},"geometry":{"type":"LineString","coordinates":[[140.477869,36.5287],[140.477806,36.528684],[140.477646,36.528631],[140.47755,36.528619],[140.477219,36.528568],[140.477085,36.528532],[140.477002,36.528486],[140.476859,36.528394],[140.476774,36.528342],[140.476701,36.528309],[140.476397,36.528184],[140.476277,36.528159],[140.476165,36.528146]]}},{"type":"Feature","properties":{"id":226032452,"highway":"unclassified"},"geometry":{"type":"LineString","coordinates":[[140.488778,36.558194],[140.489069,36.558649],[140.489109,36.558734],[140.489158,36.558868],[140.489189,36.558993],[140.489356,36.55976],[140.489284,36.559944]]}},{"type":"Feature","properties":{"id":226032458,"highway":"unclassified"},"geometry":{"type":"LineString","coordinates":[[140.465417,36.551477],[140.465515,36.551473],[140.465655,36.551485],[140.465895,36.551512],[140.466395,36.5516],[140.4669,36.551739],[140.467119,36.551832],[140.467339,36.551899],[140.467545,36.551913],[140.467729,36.55189]]}},{"type":"Feature","properties":{"id":226032460,"highway":"residential"},"geometry":{"type":"LineString","coordinates":[[140.48658,36.545847],[140.486485,36.546243],[140.486516,36.546385],[140.486592,36.546535],[140.48667,36.546617],[140.486823,36.546637],[140.487157,36.546632]]}},{"type":"Feature","properties":{"id":226032462,"highway":"residential"},"geometry":{"type":"LineString","coordinates":[[140.492812,36.516193],[140.492868,36.515695],[140.492907,36.515619],[140.492986,36.515591],[140.494547,36.515544],[140.494613,36.515552],[140.494649,36.515569],[140.494672,36.515606],[140.494877,36.516198]]}},{"type":"Feature","properties":{"id":226032464,"highway":"residential"},"geometry":{"type":"LineString","coordinates":[[140.448364,36.58259],[140.448405,36.582426],[140.448424,36.582299],[140.448365,36.582097],[140.448129,36.581961],[140.448205,36.581784],[140.44831,36.581423]]}},{"type":"Feature","properties":{"id":226032471,"highway":"tertiary"},"geometry":{"type":"LineString","coordinates":[[140.484729,36.543141],[140.484867,36.543064],[140.484926,36.543031],[140.485676,36.542609],[140.485805,36.542526],[140.48593,36.542434],[140.486021,36.542347],[140.486111,36.542242],[140.486178,36.542133],[140.486225,36.542036],[140.486267,36.541919],[140.486284,36.541816],[140.486295,36.54169],[140.486295,36.541315]]}},{"type":"Feature","properties":{"id":226032491,"highway":"unclassified"},"geometry":{"type":"LineString","coordinates":[[140.461546,36.557509],[140.461453,36.55748],[140.461444,36.557451],[140.461443,36.557423],[140.461453,36.557374],[140.461489,36.557267],[140.461497,36.557157]]}},{"type":"Feature","properties":{"id":226032500,"highway":"unclassified"},"geometry":{"type":"LineString","coordinates":[[140.469827,36.599134],[140.46988,36.599105],[140.469948,36.599061],[140.470217,36.598865],[140.470453,36.598734],[140.470488,36.59871],[140.470489,36.598703]]}},{"type":"Feature","properties":{"id":226032504,"highway":"unclassified"},"geometry":{"type":"LineString","coordinates":[[140.461465,36.547341],[140.461559,36.547374],[140.461717,36.547446],[140.462015,36.547551],[140.462174,36.547654],[140.462277,36.547748],[140.462407,36.547821]]}},{"type":"Feature","properties":{"id":226032524,"highway":"unclassified"},"geometry":{"type":"LineString","coordinates":[[140.464772,36.543628],[140.465773,36.543119]]}},{"type":"Feature","properties":{"id":226032525,"highway":"unclassified"},"geometry":{"type":"LineString","coordinates":[[140.452136,36.562018],[140.452317,36.56209],[140.452476,36.562108],[140.452689,36.56212],[140.452955,36.562184],[140.453154,36.562077],[140.453435,36.561923],[140.453524,36.561878],[140.45447,36.562009]]}},{"type":"Feature","properties":{"id":226032528,"highway":"residential"},"geometry":{"type":"LineString","coordinates":[[140.469344,36.551524],[140.469478,36.551495],[140.469589,36.551413],[140.469644,36.551331],[140.469661,36.551224],[140.469629,36.550984],[140.469601,36.550895]]}},{"type":"Feature","properties":{"id":226032530,"highway":"unclassified"},"geometry":{"type":"LineString","coordinates":[[140.490327,36.596416],[140.490163,36.596273],[140.490059,36.59617],[140.489947,36.596073],[140.489896,36.595958],[140.48988,36.595843],[140.489872,36.595596],[140.489883,36.595385]]}},{"type":"Feature","properties":{"id":226032538,"highway":"residential"},"geometry":{"type":"LineString","coordinates":[[140.474859,36.567356],[140.475009,36.567332],[140.475546,36.567],[140.47611,36.566664],[140.476321,36.566626],[140.476768,36.566469],[140.476918,36.566406]]}},{"type":"Feature","properties":{"id":226032558,"highway":"residential"},"geometry":{"type":"LineString","coordinates":[[140.494567,36.580253],[140.494549,36.580159],[140.494458,36.57997],[140.494458,36.579902],[140.494491,36.579825],[140.494543,36.579787],[140.494722,36.579748],[140.495133,36.579644],[140.49575,36.579524],[140.496075,36.579556]]}},{"type":"Feature","properties":{"id":226032560,"highway":"residential"},"geometry":{"type":"LineString","coordinates":[[140.477254,36.538978],[140.477214,36.538866],[140.477207,36.538674],[140.477252,36.538465],[140.477407,36.538258],[140.477503,36.538131],[140.47758,36.538014]]}},{"type":"Feature","properties":{"id":226032570,"highway":"service"},"geometry":{"type":"LineString","coordinates":[[140.465444,36.550865],[140.46573,36.55085],[140.466158,36.550877],[140.466356,36.550877],[140.466446,36.550848],[140.466503,36.550769],[140.466438,36.550108]]}},{"type":"Feature","properties":{"id":226032572,"highway":"unclassified"},"geometry":{"type":"LineString","coordinates":[[140.475158,36.530382],[140.47517,36.530256],[140.475115,36.529921],[140.475108,36.529813],[140.475092,36.529717]]}},{"type":"Feature","properties":{"id":226032586,"highway":"unclassified"},"geometry":{"type":"LineString","coordinates":[[140.465773,36.543119],[140.465949,36.543008],[140.465973,36.542879],[140.465981,36.542731],[140.465903,36.54245],[140.465871,36.542336],[140.465783,36.542047],[140.465823,36.541943]]}},{"type":"Feature","properties":{"id":226032592,"highway":"service"},"geometry":{"type":"LineString","coordinates":[[140.470443,36.522801],[140.470494,36.522806],[140.470447,36.523113],[140.470428,36.523583],[140.470462,36.523808],[140.470315,36.524469],[140.470255,36.524661],[140.470326,36.524734],[140.470474,36.524893],[140.470666,36.525072],[140.4707,36.525155],[140.470429,36.525466],[140.470785,36.525718],[140.470901,36.525833],[140.470838,36.526346]]}},{"type":"Feature","properties":{"id":226032606,"highway":"residential"},"geometry":{"type":"LineString","coordinates":[[140.480378,36.565938],[140.480312,36.565654],[140.48036,36.565357],[140.48047,36.565029],[140.480683,36.564599],[140.480726,36.564498],[140.480733,36.564363]]}},{"type":"Feature","properties":{"id":226032614,"highway":"residential"},"geometry":{"type":"LineString","coordinates":[[140.453627,36.536764],[140.454405,36.53671],[140.454487,36.536631],[140.454583,36.536536],[140.45481,36.536346],[140.455248,36.53622]]}},{"type":"Feature","properties":{"id":226032629,"highway":"unclassified"},"geometry":{"type":"LineString","coordinates":[[140.479677,36.507973],[140.479871,36.508046],[140.479962,36.508081],[140.480009,36.508083],[140.480064,36.508061],[140.480329,36.507897],[140.48187,36.506396],[140.481928,36.506341],[140.482589,36.505684],[140.483438,36.504855]]}},{"type":"Feature","properties":{"id":226032634,"highway":"unclassified"},"geometry":{"type":"LineString","coordinates":[[140.458986,36.541907],[140.459021,36.541983],[140.459002,36.542105],[140.45891,36.542585],[140.458936,36.542712],[140.459312,36.543448],[140.459426,36.543558]]}},{"type":"Feature","properties":{"id":226032639,"highway":"unclassified"},"geometry":{"type":"LineString","coordinates":[[140.470337,36.552856],[140.470574,36.552911],[140.470824,36.553004],[140.470954,36.553111],[140.471114,36.553293]]}},{"type":"Feature","properties":{"id":226032642,"highway":"unclassified"},"geometry":{"type":"LineString","coordinates":[[140.493143,36.547044],[140.493052,36.546899],[140.492591,36.546492]]}},{"type":"Feature","properties":{"id":226032647,"highway":"residential"},"geometry":{"type":"LineString","coordinates":[[140.450759,36.568311],[140.450897,36.568283],[140.451272,36.568256],[140.4514,36.568267],[140.451508,36.568306],[140.451697,36.568358],[140.451987,36.568399],[140.452132,36.5684],[140.452242,36.568305],[140.452303,36.568283]]}},{"type":"Feature","properties":{"id":226032657,"highway":"unclassified"},"geometry":{"type":"LineString","coordinates":[[140.460602,36.547046],[140.460698,36.54685],[140.460753,36.546767],[140.460837,36.546696],[140.460968,36.546611],[140.461212,36.546425],[140.46146,36.546209]]}},{"type":"Feature","properties":{"id":226032661,"highway":"unclassified"},"geometry":{"type":"LineString","coordinates":[[140.484849,36.508571],[140.484869,36.508514],[140.484925,36.508414],[140.485052,36.508276],[140.485235,36.508143],[140.485341,36.508017],[140.485564,36.507637],[140.485605,36.507576]]}},{"type":"Feature","properties":{"id":226032666,"highway":"service"},"geometry":{"type":"LineString","coordinates":[[140.450624,36.531434],[140.45103,36.531287],[140.451276,36.531076],[140.451714,36.53073],[140.451901,36.53043],[140.451994,36.530197],[140.452094,36.529915]]}},{"type":"Feature","properties":{"id":226032668,"highway":"unclassified"},"geometry":{"type":"LineString","coordinates":[[140.486387,36.588856],[140.486488,36.589169],[140.486534,36.589493],[140.486567,36.589658],[140.486637,36.590114],[140.486671,36.590199],[140.486758,36.590305],[140.486842,36.59039],[140.486945,36.590494]]}},{"type":"Feature","properties":{"id":226032721,"highway":"unclassified"},"geometry":{"type":"LineString","coordinates":[[140.442391,36.591482],[140.442615,36.591126],[140.442653,36.590937],[140.442718,36.590796],[140.442967,36.590725],[140.443053,36.590645],[140.443127,36.590579],[140.443358,36.590402],[140.44345,36.590328]]}},{"type":"Feature","properties":{"id":226032723,"highway":"service"},"geometry":{"type":"LineString","coordinates":[[140.477946,36.564067],[140.478545,36.56376],[140.478567,36.563611],[140.478588,36.563557],[140.478687,36.563498],[140.478871,36.563474],[140.479127,36.56337],[140.479618,36.563252],[140.479797,36.563264],[140.47989,36.563194]]}},{"type":"Feature","properties":{"id":226032727,"highway":"unclassified"},"geometry":{"type":"LineString","coordinates":[[140.465773,36.543119],[140.466022,36.543365],[140.466125,36.543462],[140.466209,36.54353],[140.466287,36.543555],[140.46637,36.543555],[140.46644,36.543527],[140.466583,36.543438]]}},{"type":"Feature","properties":{"id":226032731,"highway":"residential"},"geometry":{"type":"LineString","coordinates":[[140.450579,36.536897],[140.45073,36.536966],[140.451896,36.53672]]}},{"type":"Feature","properties":{"id":226032733,"highway":"residential"},"geometry":{"type":"LineString","coordinates":[[140.492119,36.550139],[140.492136,36.549864],[140.492141,36.549732],[140.492205,36.549613],[140.492389,36.549452],[140.492552,36.549368],[140.492701,36.54932],[140.49303,36.549307]]}},{"type":"Feature","properties":{"id":226032738,"highway":"residential"},"geometry":{"type":"LineString","coordinates":[[140.478521,36.564735],[140.47894,36.564334],[140.479047,36.564217],[140.47913,36.564161],[140.479225,36.564135],[140.479407,36.564114],[140.479855,36.564074],[140.480271,36.564056]]}},{"type":"Feature","properties":{"id":226032744,"highway":"unclassified"},"geometry":{"type":"LineString","coordinates":[[140.464475,36.566722],[140.46474,36.566444],[140.464825,36.566306],[140.464912,36.566074],[140.465018,36.565905],[140.465592,36.565394],[140.465723,36.565269],[140.46579,36.565161]]}},{"type":"Feature","properties":{"id":226032746,"highway":"residential"},"geometry":{"type":"LineString","coordinates":[[140.492904,36.570212],[140.493118,36.570271],[140.493533,36.570498],[140.494319,36.570876],[140.494521,36.570953],[140.494756,36.571001],[140.495072,36.571004],[140.495683,36.570994]]}},{"type":"Feature","properties":{"id":226032768,"highway":"unclassified"},"geometry":{"type":"LineString","coordinates":[[140.465823,36.541943],[140.466272,36.541536],[140.46639,36.541488]]}},{"type":"Feature","properties":{"id":226032777,"highway":"unclassified"},"geometry":{"type":"LineString","coordinates":[[140.487013,36.586478],[140.486993,36.586348],[140.486936,36.586175],[140.486895,36.586055],[140.486848,36.585967],[140.486749,36.585817],[140.486994,36.58578],[140.48784,36.585705]]}},{"type":"Feature","properties":{"id":226032798,"highway":"residential"},"geometry":{"type":"LineString","coordinates":[[140.492246,36.574948],[140.493366,36.574665],[140.4933,36.574531],[140.493306,36.574471],[140.493261,36.574379],[140.493136,36.574296],[140.493038,36.574205],[140.492906,36.57373]]}},{"type":"Feature","properties":{"id":226032802,"highway":"residential"},"geometry":{"type":"LineString","coordinates":[[140.448414,36.577903],[140.44846,36.577756],[140.448537,36.57749],[140.448752,36.577283],[140.448793,36.57715],[140.448753,36.57704],[140.4487,36.576971],[140.448603,36.576915],[140.448254,36.576799],[140.44748,36.576503]]}},{"type":"Feature","properties":{"id":226032809,"highway":"unclassified"},"geometry":{"type":"LineString","coordinates":[[140.452492,36.557785],[140.452428,36.557857],[140.452391,36.557921],[140.452346,36.558003],[140.452302,36.558135],[140.452137,36.558542],[140.452072,36.558748]]}},{"type":"Feature","properties":{"id":226032810,"highway":"residential"},"geometry":{"type":"LineString","coordinates":[[140.491801,36.597209],[140.491343,36.59731],[140.49122,36.5972],[140.491108,36.596976],[140.490752,36.596795]]}},{"type":"Feature","properties":{"id":226032811,"highway":"tertiary"},"geometry":{"type":"LineString","coordinates":[[140.460862,36.59102],[140.46107,36.591006],[140.461253,36.591025],[140.461374,36.591078],[140.46149,36.591144],[140.461603,36.59122],[140.461697,36.59133],[140.461838,36.591584],[140.461955,36.591774],[140.462063,36.59195],[140.462127,36.592044],[140.462219,36.592164],[140.462392,36.592342],[140.462629,36.592569],[140.462873,36.592774],[140.463344,36.593123],[140.463881,36.59353],[140.464038,36.593658],[140.464502,36.594089],[140.464932,36.594526]]}},{"type":"Feature","properties":{"id":226032813,"highway":"residential"},"geometry":{"type":"LineString","coordinates":[[140.45607,36.534543],[140.455921,36.534391],[140.455831,36.534248],[140.455806,36.533941],[140.45585,36.533673],[140.456007,36.533343],[140.456153,36.533224],[140.456235,36.533074],[140.45634,36.532944]]}},{"type":"Feature","properties":{"id":226032814,"highway":"unclassified"},"geometry":{"type":"LineString","coordinates":[[140.468872,36.524556],[140.469003,36.524401],[140.469287,36.524234],[140.469362,36.524155],[140.469441,36.523941],[140.469523,36.52368],[140.469309,36.523345]]}},{"type":"Feature","properties":{"id":226032818,"highway":"unclassified"},"geometry":{"type":"LineString","coordinates":[[140.496881,36.54956],[140.496842,36.549412],[140.496824,36.549112],[140.496842,36.548867],[140.496842,36.548792],[140.496823,36.548763],[140.496753,36.548723],[140.496667,36.548697]]}},{"type":"Feature","properties":{"id":226032822,"highway":"unclassified"},"geometry":{"type":"LineString","coordinates":[[140.478823,36.541602],[140.478952,36.541663],[140.479066,36.541723],[140.479163,36.541767],[140.479302,36.541826],[140.479438,36.54188],[140.479551,36.541929],[140.479777,36.541991]]}},{"type":"Feature","properties":{"id":226032833,"highway":"unclassified"},"geometry":{"type":"LineString","coordinates":[[140.478072,36.536488],[140.478082,36.536436],[140.478309,36.536027],[140.478796,36.535476],[140.478835,36.535451],[140.478868,36.535429],[140.479053,36.535365],[140.479153,36.535338]]}},{"type":"Feature","properties":{"id":226032835,"highway":"unclassified"},"geometry":{"type":"LineString","coordinates":[[140.454996,36.55454],[140.455226,36.554592],[140.455428,36.554637],[140.456039,36.554859],[140.456143,36.554925],[140.456201,36.555034],[140.456237,36.555156],[140.456263,36.555199]]}},{"type":"Feature","properties":{"id":226032838,"highway":"unclassified"},"geometry":{"type":"LineString","coordinates":[[140.48628,36.540369],[140.486286,36.540231],[140.486296,36.540129],[140.48631,36.540058],[140.48633,36.53999],[140.486364,36.539927],[140.486406,36.539864],[140.486468,36.539792],[140.486502,36.539755],[140.486528,36.539728],[140.486661,36.539592]]}},{"type":"Feature","properties":{"id":226032840,"highway":"unclassified"},"geometry":{"type":"LineString","coordinates":[[140.488051,36.518094],[140.48808,36.518045],[140.488105,36.518019],[140.48828,36.517934],[140.488418,36.517862],[140.488512,36.517839],[140.488607,36.517818],[140.488693,36.517772],[140.488836,36.517674],[140.488938,36.517581],[140.489001,36.517539],[140.489056,36.517528],[140.489186,36.517522],[140.489232,36.517501],[140.489268,36.517456],[140.489318,36.517353],[140.489467,36.517262],[140.489626,36.517156],[140.489792,36.51704],[140.490082,36.51687],[140.490344,36.516746]]}},{"type":"Feature","properties":{"id":226032841,"highway":"unclassified"},"geometry":{"type":"LineString","coordinates":[[140.497497,36.591292],[140.497088,36.591268],[140.496387,36.59126],[140.496361,36.591311],[140.496407,36.59134],[140.496762,36.591371],[140.496833,36.59142],[140.496686,36.592096],[140.496654,36.592368],[140.496602,36.592397],[140.496407,36.592331],[140.496239,36.592331],[140.496209,36.592252],[140.496163,36.592032],[140.496112,36.592005],[140.496069,36.592015],[140.495853,36.59207],[140.495491,36.592042],[140.495001,36.59203],[140.494892,36.591992],[140.494698,36.591907],[140.494508,36.591857],[140.494307,36.591828],[140.494235,36.591802],[140.494072,36.591677]]}},{"type":"Feature","properties":{"id":226032842,"highway":"residential"},"geometry":{"type":"LineString","coordinates":[[140.450549,36.568362],[140.450599,36.568766],[140.450574,36.568979],[140.451145,36.569183],[140.451772,36.569317],[140.451945,36.569297],[140.452205,36.569291],[140.452278,36.569344],[140.452353,36.569472],[140.452418,36.569477]]}},{"type":"Feature","properties":{"id":226032845,"highway":"service"},"geometry":{"type":"LineString","coordinates":[[140.480617,36.569686],[140.481012,36.56934],[140.481103,36.569258],[140.481041,36.569163],[140.480974,36.569014],[140.480894,36.568876],[140.480833,36.568773],[140.480717,36.568725]]}},{"type":"Feature","properties":{"id":226032847,"highway":"unclassified"},"geometry":{"type":"LineString","coordinates":[[140.466055,36.53787],[140.466064,36.537807],[140.466097,36.537374],[140.466087,36.536983],[140.466088,36.536751],[140.466079,36.536405],[140.466069,36.536253],[140.466036,36.536095],[140.465992,36.535908],[140.465934,36.535724],[140.465859,36.535548],[140.465687,36.535229],[140.465502,36.534809]]}},{"type":"Feature","properties":{"id":226032851,"highway":"unclassified"},"geometry":{"type":"LineString","coordinates":[[140.487508,36.588741],[140.487713,36.589852],[140.488183,36.589806],[140.488575,36.589758],[140.488562,36.589363]]}},{"type":"Feature","properties":{"id":226032855,"highway":"unclassified"},"geometry":{"type":"LineString","coordinates":[[140.495683,36.570994],[140.495529,36.570875],[140.495541,36.570659],[140.495563,36.570438],[140.495639,36.57002],[140.49566,36.569839],[140.495656,36.569748],[140.495646,36.569695]]}},{"type":"Feature","properties":{"id":226032859,"highway":"unclassified"},"geometry":{"type":"LineString","coordinates":[[140.449183,36.564503],[140.449278,36.564301],[140.449331,36.564214],[140.449337,36.564074],[140.449305,36.563862],[140.449274,36.563663],[140.449217,36.563327]]}},{"type":"Feature","properties":{"id":226032863,"highway":"residential"},"geometry":{"type":"LineString","coordinates":[[140.476068,36.564047],[140.476111,36.564143],[140.476234,36.5642],[140.476345,36.564217],[140.476729,36.564135],[140.476815,36.564151],[140.477117,36.564265],[140.477275,36.56429],[140.477946,36.564067]]}},{"type":"Feature","properties":{"id":226032866,"highway":"residential"},"geometry":{"type":"LineString","coordinates":[[140.48681,36.568283],[140.486803,36.568256],[140.486773,36.568123],[140.486796,36.568071],[140.486938,36.567905],[140.486961,36.567831],[140.486708,36.567265],[140.486678,36.566921]]}},{"type":"Feature","properties":{"id":226032867,"highway":"unclassified"},"geometry":{"type":"LineString","coordinates":[[140.483027,36.593263],[140.483026,36.593125],[140.482991,36.593025],[140.482858,36.592731],[140.482833,36.592518],[140.482844,36.592428],[140.482883,36.59234],[140.482995,36.592156]]}},{"type":"Feature","properties":{"id":226032874,"highway":"residential"},"geometry":{"type":"LineString","coordinates":[[140.485134,36.554732],[140.485298,36.554859],[140.485805,36.555101],[140.486461,36.555448],[140.486515,36.555503],[140.486593,36.555626],[140.486747,36.555989],[140.486771,36.556066]]}},{"type":"Feature","properties":{"id":226032879,"highway":"unclassified"},"geometry":{"type":"LineString","coordinates":[[140.485793,36.586692],[140.485871,36.586734],[140.48591,36.586786],[140.485922,36.586823],[140.485937,36.587434],[140.485948,36.587763],[140.486022,36.587858],[140.486116,36.587979],[140.486233,36.588219],[140.486315,36.588681],[140.486387,36.588856]]}},{"type":"Feature","properties":{"id":226032882,"highway":"unclassified"},"geometry":{"type":"LineString","coordinates":[[140.490183,36.596728],[140.490246,36.59731],[140.490238,36.597493],[140.490193,36.597571],[140.490097,36.597647],[140.489988,36.597694],[140.489826,36.59772],[140.487722,36.598027]]}},{"type":"Feature","properties":{"id":226032886,"highway":"unclassified"},"geometry":{"type":"LineString","coordinates":[[140.487574,36.581876],[140.487466,36.581806],[140.487384,36.581756],[140.487331,36.581732],[140.48695,36.58166],[140.486789,36.581603],[140.485435,36.581175],[140.485363,36.581143],[140.485333,36.581118],[140.485311,36.581091],[140.485289,36.581053],[140.48527,36.581017]]}},{"type":"Feature","properties":{"id":226032888,"highway":"residential"},"geometry":{"type":"LineString","coordinates":[[140.474439,36.514229],[140.474135,36.514614],[140.473684,36.515097],[140.47334,36.515426],[140.473257,36.515574],[140.473099,36.516119],[140.47313,36.516177],[140.473214,36.516171]]}},{"type":"Feature","properties":{"id":226032909,"highway":"residential"},"geometry":{"type":"LineString","coordinates":[[140.434524,36.598227],[140.434601,36.598279],[140.434738,36.598339],[140.434855,36.598377],[140.435204,36.598435],[140.435294,36.598462],[140.435405,36.598539],[140.435554,36.598566],[140.435594,36.598563]]}},{"type":"Feature","properties":{"id":226032916,"highway":"unclassified"},"geometry":{"type":"LineString","coordinates":[[140.461497,36.557157],[140.461517,36.557128],[140.461529,36.557104],[140.461535,36.557061],[140.461437,36.556352],[140.461356,36.555964],[140.461371,36.55581],[140.461542,36.555351]]}},{"type":"Feature","properties":{"id":226032923,"highway":"residential"},"geometry":{"type":"LineString","coordinates":[[140.490671,36.569523],[140.490844,36.569555],[140.491004,36.569694],[140.491057,36.570233],[140.491116,36.570373],[140.491166,36.570432]]}},{"type":"Feature","properties":{"id":226032940,"highway":"residential"},"geometry":{"type":"LineString","coordinates":[[140.43807,36.562746],[140.43903,36.562704],[140.439437,36.562627],[140.440138,36.56262],[140.44037,36.562669],[140.440415,36.562803],[140.440515,36.56311],[140.440632,36.563334],[140.440703,36.563427],[140.440902,36.563817]]}},{"type":"Feature","properties":{"id":226032941,"highway":"unclassified"},"geometry":{"type":"LineString","coordinates":[[140.492246,36.574948],[140.492398,36.574519],[140.492517,36.574209],[140.4926,36.574081],[140.492762,36.573899],[140.492906,36.57373]]}},{"type":"Feature","properties":{"id":226032988,"highway":"unclassified"},"geometry":{"type":"LineString","coordinates":[[140.465502,36.534809],[140.465361,36.53455],[140.465285,36.534327],[140.465224,36.534059],[140.465254,36.533375],[140.465321,36.532947],[140.465403,36.532803],[140.465512,36.532676],[140.465589,36.532597],[140.465766,36.532366]]}},{"type":"Feature","properties":{"id":226032989,"highway":"unclassified"},"geometry":{"type":"LineString","coordinates":[[140.466583,36.543438],[140.466658,36.543408],[140.466724,36.543405],[140.466784,36.543427],[140.46686,36.543535],[140.466904,36.543575],[140.466973,36.543617],[140.467039,36.543633],[140.467838,36.543724]]}},{"type":"Feature","properties":{"id":226032990,"highway":"residential"},"geometry":{"type":"LineString","coordinates":[[140.489062,36.588067],[140.488496,36.588185],[140.48862,36.588598],[140.48876,36.58898],[140.489009,36.58893],[140.489209,36.588889]]}},{"type":"Feature","properties":{"id":226032991,"highway":"residential"},"geometry":{"type":"LineString","coordinates":[[140.487446,36.599928],[140.487124,36.600021],[140.486741,36.600034],[140.486628,36.600059],[140.486524,36.600127],[140.486464,36.600201],[140.486361,36.600251],[140.485779,36.6003],[140.485462,36.600339]]}},{"type":"Feature","properties":{"id":226032993,"highway":"residential"},"geometry":{"type":"LineString","coordinates":[[140.491166,36.570432],[140.491319,36.570612],[140.4915,36.570741],[140.491753,36.570803],[140.491858,36.570843],[140.491921,36.570901],[140.492018,36.570973],[140.492202,36.571039],[140.492965,36.571143]]}},{"type":"Feature","properties":{"id":226033001,"highway":"residential"},"geometry":{"type":"LineString","coordinates":[[140.483027,36.593263],[140.483245,36.593168],[140.483466,36.593131],[140.48353,36.593087],[140.483544,36.593009],[140.483415,36.592865],[140.48336,36.592756],[140.483351,36.592619],[140.483409,36.59229]]}},{"type":"Feature","properties":{"id":226033013,"highway":"unclassified"},"geometry":{"type":"LineString","coordinates":[[140.457596,36.551122],[140.457431,36.551054],[140.457264,36.550974],[140.456805,36.550877],[140.456666,36.550845],[140.456433,36.550757],[140.456008,36.550705],[140.455938,36.550696],[140.455831,36.550651],[140.455607,36.550474]]}},{"type":"Feature","properties":{"id":226033024,"highway":"service"},"geometry":{"type":"LineString","coordinates":[[140.434598,36.586986],[140.434123,36.587569],[140.433995,36.5878],[140.433893,36.588319],[140.433955,36.588462],[140.434067,36.58872],[140.434383,36.588986],[140.434783,36.589146],[140.434998,36.589142]]}},{"type":"Feature","properties":{"id":226033041,"highway":"unclassified"},"geometry":{"type":"LineString","coordinates":[[140.489883,36.595385],[140.490106,36.595334],[140.490236,36.595316],[140.490297,36.595308],[140.490575,36.595236],[140.490679,36.595149],[140.490721,36.595049],[140.490732,36.595002],[140.490744,36.594951],[140.490834,36.594638],[140.490855,36.594323],[140.49081,36.594153]]}},{"type":"Feature","properties":{"id":226033048,"highway":"residential"},"geometry":{"type":"LineString","coordinates":[[140.475431,36.5375],[140.474834,36.538345],[140.474415,36.538919],[140.47407,36.539356],[140.473877,36.539534],[140.473757,36.539634],[140.473596,36.539763],[140.473368,36.539945],[140.473108,36.540206],[140.47253,36.540836],[140.472314,36.541173]]}},{"type":"Feature","properties":{"id":226033054,"highway":"residential"},"geometry":{"type":"LineString","coordinates":[[140.493143,36.547044],[140.493196,36.547047],[140.493426,36.547104],[140.493577,36.547114],[140.493662,36.54716],[140.493825,36.547366],[140.493941,36.547438],[140.494169,36.547537],[140.494395,36.547652],[140.494533,36.547734],[140.494591,36.547778]]}},{"type":"Feature","properties":{"id":226033061,"highway":"unclassified"},"geometry":{"type":"LineString","coordinates":[[140.463579,36.555837],[140.463671,36.555839],[140.463759,36.555872],[140.463904,36.556061],[140.464281,36.556108]]}},{"type":"Feature","properties":{"id":226033066,"highway":"residential"},"geometry":{"type":"LineString","coordinates":[[140.44847,36.568219],[140.448858,36.568309],[140.448969,36.568354],[140.449052,36.568397],[140.44922,36.568556],[140.449293,36.568589],[140.449449,36.56858],[140.449755,36.568544],[140.450549,36.568362]]}},{"type":"Feature","properties":{"id":226033071,"highway":"unclassified"},"geometry":{"type":"LineString","coordinates":[[140.472839,36.556588],[140.47255,36.556702],[140.471675,36.556996],[140.471523,36.556966],[140.47141,36.556851],[140.471294,36.556717],[140.471119,36.556706],[140.470758,36.556783]]}},{"type":"Feature","properties":{"id":226033072,"highway":"residential"},"geometry":{"type":"LineString","coordinates":[[140.481488,36.533112],[140.480944,36.532956],[140.480889,36.532919],[140.480889,36.532869],[140.481012,36.532579],[140.480991,36.532513],[140.480919,36.532451],[140.480921,36.532431],[140.480924,36.532401],[140.481303,36.532114],[140.481575,36.531909]]}},{"type":"Feature","properties":{"id":226033079,"highway":"residential"},"geometry":{"type":"LineString","coordinates":[[140.45636,36.532596],[140.456512,36.532505],[140.45658,36.53227],[140.45657,36.531609],[140.456634,36.53148],[140.456832,36.531364]]}},{"type":"Feature","properties":{"id":226033086,"highway":"residential"},"geometry":{"type":"LineString","coordinates":[[140.484777,36.510979],[140.484987,36.510901],[140.485715,36.510754]]}},{"type":"Feature","properties":{"id":226033097,"highway":"service"},"geometry":{"type":"LineString","coordinates":[[140.468909,36.582328],[140.468957,36.582386],[140.468975,36.582459],[140.468927,36.582534],[140.468813,36.582654],[140.468685,36.582822],[140.46874,36.582858],[140.468776,36.582834],[140.468863,36.582707],[140.468939,36.582687],[140.469,36.582686],[140.469099,36.58273]]}},{"type":"Feature","properties":{"id":226033099,"highway":"unclassified"},"geometry":{"type":"LineString","coordinates":[[140.467142,36.545305],[140.467508,36.545469],[140.46775,36.545566],[140.467877,36.545614],[140.467989,36.545651],[140.468186,36.545691],[140.468379,36.545713],[140.468773,36.545738],[140.469397,36.545771]]}},{"type":"Feature","properties":{"id":226033100,"highway":"residential"},"geometry":{"type":"LineString","coordinates":[[140.466827,36.550195],[140.467176,36.550769],[140.467376,36.551005],[140.467609,36.551156],[140.467902,36.551255],[140.468043,36.55127],[140.468177,36.551237],[140.469043,36.550916],[140.469601,36.550895]]}},{"type":"Feature","properties":{"id":226033109,"highway":"residential"},"geometry":{"type":"LineString","coordinates":[[140.465871,36.532226],[140.465722,36.532075],[140.465634,36.531943],[140.465606,36.531816],[140.465621,36.531724],[140.465709,36.531613],[140.466087,36.531388],[140.466151,36.531301],[140.466342,36.530928]]}},{"type":"Feature","properties":{"id":226033114,"highway":"residential"},"geometry":{"type":"LineString","coordinates":[[140.485601,36.568364],[140.485891,36.568458],[140.486157,36.56855],[140.486289,36.568555],[140.486474,36.568534],[140.486627,36.5685],[140.486692,36.568448],[140.486807,36.568341],[140.48681,36.568283]]}},{"type":"Feature","properties":{"id":226033118,"highway":"tertiary"},"geometry":{"type":"LineString","coordinates":[[140.453661,36.589644],[140.453591,36.589565],[140.453544,36.5895],[140.453493,36.589397],[140.453456,36.589242],[140.453448,36.588954],[140.453439,36.588746],[140.453425,36.588655],[140.453368,36.58852]]}},{"type":"Feature","properties":{"id":226033126,"highway":"residential"},"geometry":{"type":"LineString","coordinates":[[140.4588,36.591093],[140.458446,36.591087],[140.458252,36.591092],[140.458165,36.591098],[140.458133,36.591122],[140.458116,36.591249],[140.458123,36.591279],[140.458147,36.591301],[140.458184,36.591322]]}},{"type":"Feature","properties":{"id":226033128,"highway":"unclassified"},"geometry":{"type":"LineString","coordinates":[[140.452072,36.558748],[140.452001,36.558885],[140.452003,36.559108],[140.45202,36.559225],[140.451986,36.559499],[140.451932,36.559739],[140.451908,36.559871],[140.451753,36.560225],[140.451558,36.560441],[140.451443,36.560693]]}},{"type":"Feature","properties":{"id":226033136,"highway":"unclassified"},"geometry":{"type":"LineString","coordinates":[[140.498442,36.58731],[140.498848,36.587231],[140.498925,36.587223],[140.498963,36.587185],[140.498954,36.587131],[140.498872,36.587067],[140.498748,36.586875],[140.49869,36.586743],[140.498656,36.586435]]}},{"type":"Feature","properties":{"id":226033137,"highway":"unclassified"},"geometry":{"type":"LineString","coordinates":[[140.462404,36.544629],[140.46287,36.544149],[140.463197,36.54377],[140.46324,36.543735],[140.46328,36.543727],[140.463339,36.543725],[140.463582,36.543752],[140.463722,36.54376],[140.464172,36.543724]]}},{"type":"Feature","properties":{"id":226033141,"highway":"unclassified"},"geometry":{"type":"LineString","coordinates":[[140.49066,36.532854],[140.490685,36.532572],[140.490745,36.53142],[140.490743,36.531337],[140.490458,36.530665],[140.490367,36.530279],[140.490334,36.530158],[140.490291,36.530084],[140.49024,36.53002]]}},{"type":"Feature","properties":{"id":226033149,"highway":"residential"},"geometry":{"type":"LineString","coordinates":[[140.452136,36.562018],[140.452215,36.561832],[140.452246,36.561762],[140.452319,36.561678],[140.452607,36.56149],[140.45294,36.561213],[140.452965,36.561191],[140.453106,36.561024],[140.453261,36.56089],[140.453694,36.560852],[140.453834,36.560895],[140.453905,36.560955],[140.454038,36.560972],[140.454886,36.560929]]}},{"type":"Feature","properties":{"id":226033151,"highway":"unclassified"},"geometry":{"type":"LineString","coordinates":[[140.492591,36.546492],[140.492247,36.546182],[140.492203,36.546116],[140.492165,36.546035],[140.492154,36.545943],[140.492182,36.545799],[140.492333,36.545383],[140.49233,36.545273]]}},{"type":"Feature","properties":{"id":226033152,"highway":"unclassified"},"geometry":{"type":"LineString","coordinates":[[140.486866,36.593854],[140.486904,36.593849],[140.486992,36.593843],[140.487086,36.593859],[140.48723,36.593958],[140.487389,36.59402],[140.48749,36.594025],[140.487647,36.594016],[140.487824,36.593983],[140.487887,36.593969]]}},{"type":"Feature","properties":{"id":226033158,"highway":"residential"},"geometry":{"type":"LineString","coordinates":[[140.469538,36.543651],[140.469245,36.543636],[140.468969,36.5436],[140.468601,36.543471],[140.467832,36.543536]]}},{"type":"Feature","properties":{"id":226033165,"highway":"residential"},"geometry":{"type":"LineString","coordinates":[[140.461478,36.530016],[140.461486,36.529801],[140.46138,36.529465],[140.461343,36.529202],[140.461472,36.528857],[140.461709,36.528401],[140.461844,36.528263],[140.462152,36.528151]]}},{"type":"Feature","properties":{"id":226033166,"highway":"residential"},"geometry":{"type":"LineString","coordinates":[[140.458184,36.591322],[140.458449,36.591359],[140.458648,36.591403],[140.458823,36.591458],[140.458978,36.591528],[140.459137,36.591631],[140.459294,36.591784],[140.459603,36.592132],[140.459709,36.592198]]}},{"type":"Feature","properties":{"id":226033177,"highway":"residential"},"geometry":{"type":"LineString","coordinates":[[140.48681,36.568283],[140.486965,36.568313],[140.487283,36.56831],[140.487664,36.568295],[140.488218,36.568289],[140.488319,36.568416],[140.488708,36.568489],[140.489086,36.568593],[140.489593,36.568713]]}},{"type":"Feature","properties":{"id":226033178,"highway":"residential"},"geometry":{"type":"LineString","coordinates":[[140.466376,36.553718],[140.46665,36.553621],[140.467121,36.553497],[140.467547,36.553327],[140.467658,36.553269],[140.46773,36.553122],[140.46777,36.552922],[140.467785,36.552711],[140.467729,36.55189]]}},{"type":"Feature","properties":{"id":226033190,"highway":"unclassified"},"geometry":{"type":"LineString","coordinates":[[140.49222,36.568683],[140.491184,36.568991],[140.491099,36.569034],[140.490934,36.569143],[140.490747,36.56921],[140.490617,36.569251],[140.490541,36.56927]]}},{"type":"Feature","properties":{"id":226033195,"highway":"residential"},"geometry":{"type":"LineString","coordinates":[[140.484988,36.593841],[140.48506,36.593858],[140.485063,36.593962],[140.485099,36.594071],[140.485138,36.594204],[140.485133,36.594388],[140.486098,36.594482]]}},{"type":"Feature","properties":{"id":226033198,"highway":"unclassified"},"geometry":{"type":"LineString","coordinates":[[140.490244,36.534409],[140.490263,36.534242],[140.490295,36.534129],[140.490345,36.534011],[140.490402,36.533902],[140.490477,36.533806],[140.490565,36.533702],[140.490588,36.533648],[140.490605,36.533566]]}},{"type":"Feature","properties":{"id":226033208,"highway":"residential"},"geometry":{"type":"LineString","coordinates":[[140.477216,36.586478],[140.477269,36.586258],[140.477339,36.58619],[140.477462,36.586145],[140.477591,36.586128],[140.477696,36.586139],[140.477846,36.586198],[140.477986,36.586294],[140.478158,36.586478]]}},{"type":"Feature","properties":{"id":301391644,"highway":"residential"},"geometry":{"type":"LineString","coordinates":[[140.498332,36.512266],[140.498437,36.512332],[140.49855,36.512375],[140.498949,36.512466],[140.499762,36.51282],[140.500001,36.512928],[140.500162,36.513037],[140.500238,36.513106],[140.500291,36.513177],[140.500444,36.513454]]}},{"type":"Feature","properties":{"id":307331194,"highway":"trunk"},"geometry":{"type":"LineString","coordinates":[[140.411772,36.553429],[140.411704,36.55344],[140.411644,36.55346],[140.41158,36.553504],[140.411498,36.553572],[140.411485,36.553584],[140.41117,36.553869],[140.411053,36.553977],[140.410885,36.554132],[140.41072,36.554283],[140.410654,36.554353],[140.410611,36.554409],[140.410575,36.554464],[140.410555,36.554506],[140.410545,36.55453],[140.410523,36.554599],[140.410504,36.554671],[140.410484,36.55473],[140.410437,36.554797],[140.410352,36.554887],[140.409555,36.555677],[140.408836,36.556385],[140.408559,36.556658],[140.408427,36.556792],[140.408283,36.556927],[140.4081,36.557083],[140.407541,36.557523]]}},{"type":"Feature","properties":{"id":307331197,"highway":"tertiary"},"geometry":{"type":"LineString","coordinates":[[140.402291,36.561097],[140.402174,36.561009],[140.402053,36.560953],[140.401806,36.560871],[140.401546,36.560819],[140.401491,36.560797],[140.401438,36.56077],[140.401403,36.560742],[140.401349,36.560676],[140.40132,36.560624],[140.401308,36.56059],[140.401306,36.560561]]}},{"type":"Feature","properties":{"id":307394501,"highway":"secondary"},"geometry":{"type":"LineString","coordinates":[[140.412,36.540457],[140.412421,36.540616],[140.412703,36.540711],[140.413177,36.540849],[140.414006,36.541081],[140.414413,36.541197],[140.41498,36.54136]]}},{"type":"Feature","properties":{"id":307394502,"highway":"trunk"},"geometry":{"type":"LineString","coordinates":[[140.414234,36.54967],[140.41419,36.54979],[140.414176,36.549831],[140.414134,36.549939],[140.414068,36.550115],[140.413981,36.550346],[140.413961,36.550401],[140.413887,36.550587],[140.413712,36.550999],[140.413704,36.551019],[140.413573,36.55129],[140.413515,36.551406],[140.413486,36.551463],[140.413457,36.551519],[140.413421,36.551589],[140.4134,36.551631],[140.413267,36.551882],[140.413252,36.55191],[140.413064,36.552273],[140.41295,36.552481],[140.412695,36.552965],[140.41254,36.553236],[140.412441,36.553381],[140.412414,36.55342],[140.412386,36.55346],[140.412318,36.553559]]}},{"type":"Feature","properties":{"id":307394503,"highway":"tertiary"},"geometry":{"type":"LineString","coordinates":[[140.408154,36.539157],[140.408165,36.539337],[140.408168,36.539386],[140.408176,36.539513],[140.408184,36.539685],[140.408184,36.539894],[140.408173,36.540178],[140.408151,36.540521],[140.408157,36.540607],[140.408175,36.540709],[140.408221,36.540892],[140.408315,36.541146],[140.40845,36.541546],[140.408528,36.541795],[140.408585,36.542301],[140.408619,36.542466],[140.408658,36.542644],[140.408741,36.542978],[140.408746,36.542994],[140.408662,36.54384],[140.408662,36.5439],[140.408689,36.543943],[140.408713,36.543964],[140.408761,36.543994],[140.408835,36.544016]]}},{"type":"Feature","properties":{"id":307394649,"highway":"tertiary"},"geometry":{"type":"LineString","coordinates":[[140.418041,36.542222],[140.419136,36.542539],[140.419761,36.542709],[140.419873,36.542745],[140.41995,36.542788],[140.420012,36.542865],[140.420022,36.542963],[140.42001,36.543052],[140.41993,36.543305],[140.419304,36.545198],[140.419081,36.546134],[140.418853,36.546866],[140.418567,36.547676],[140.418374,36.548404],[140.418314,36.548955],[140.41822,36.549868],[140.418217,36.549914],[140.418189,36.550317]]}},{"type":"Feature","properties":{"id":307394650,"highway":"secondary"},"geometry":{"type":"LineString","coordinates":[[140.414234,36.54967],[140.414284,36.549532],[140.414303,36.549478],[140.414478,36.548992],[140.414694,36.548323],[140.414714,36.548262],[140.414733,36.548211],[140.414773,36.548092]]}},{"type":"Feature","properties":{"id":307394651,"highway":"secondary"},"geometry":{"type":"LineString","coordinates":[[140.418041,36.542222],[140.417725,36.542652],[140.417358,36.543146],[140.417266,36.543269],[140.416261,36.544607],[140.416061,36.544877],[140.415977,36.545003],[140.415912,36.545112],[140.415855,36.545225],[140.415779,36.545386],[140.415729,36.545504],[140.415591,36.545856],[140.415401,36.546363],[140.41531,36.546608],[140.414944,36.547601],[140.414814,36.547973],[140.414773,36.548092]]}},{"type":"Feature","properties":{"id":307395011,"highway":"tertiary"},"geometry":{"type":"LineString","coordinates":[[140.413961,36.538422],[140.413985,36.538507],[140.414011,36.538592],[140.414067,36.53878],[140.414127,36.538993],[140.414163,36.539153],[140.414211,36.539405],[140.414228,36.539515],[140.414243,36.53965],[140.414237,36.539705],[140.414216,36.539782],[140.41407,36.540238],[140.413974,36.540536],[140.413948,36.540635],[140.413936,36.540724],[140.413937,36.540808],[140.413945,36.540855],[140.413956,36.540927],[140.414006,36.541081],[140.414085,36.541243],[140.414124,36.541337],[140.4142,36.541519],[140.414315,36.541846],[140.414345,36.541982],[140.414321,36.542538],[140.414313,36.542689],[140.414315,36.542801],[140.414333,36.542886],[140.414419,36.543255],[140.414486,36.543603],[140.414661,36.543729],[140.414732,36.543772]]}},{"type":"Feature","properties":{"id":307395013,"highway":"secondary"},"geometry":{"type":"LineString","coordinates":[[140.422476,36.519157],[140.422267,36.519667],[140.422145,36.51991],[140.422032,36.520087],[140.421828,36.520345],[140.421612,36.520582],[140.421506,36.520731],[140.421419,36.520916],[140.421167,36.521778],[140.421047,36.522021],[140.420916,36.52223],[140.420781,36.522407],[140.420558,36.522628],[140.420449,36.522725],[140.420276,36.522859],[140.419817,36.523196],[140.419002,36.523831],[140.416996,36.525411],[140.416306,36.525999],[140.416153,36.526163],[140.416002,36.526335],[140.41593,36.526466],[140.415852,36.526647],[140.415784,36.526856],[140.41573,36.527015],[140.415636,36.527209],[140.415549,36.527336],[140.41546,36.527466],[140.414943,36.528035],[140.414574,36.52842],[140.414347,36.528722],[140.414195,36.528972],[140.413895,36.529538],[140.413812,36.529691],[140.413554,36.530178],[140.41339,36.530465],[140.413293,36.530636],[140.413099,36.530934],[140.412993,36.531078],[140.41285,36.531242],[140.412712,36.531441],[140.412657,36.531544],[140.412618,36.531655],[140.412603,36.531802],[140.412602,36.531928],[140.412623,36.532038],[140.412643,36.532138],[140.412687,36.532208]]}},{"type":"Feature","properties":{"id":309125466,"highway":"residential"},"geometry":{"type":"LineString","coordinates":[[140.465321,36.532947],[140.465427,36.531973],[140.465513,36.53145],[140.46553,36.531189],[140.465496,36.53101],[140.465296,36.530482],[140.465223,36.529917],[140.465211,36.529661],[140.465228,36.529542],[140.465249,36.529379],[140.465266,36.529327],[140.465405,36.529082]]}},{"type":"Feature","properties":{"id":309125913,"highway":"trunk"},"geometry":{"type":"LineString","coordinates":[[140.462761,36.536505],[140.462231,36.536407],[140.461981,36.536353],[140.461838,36.53631],[140.461709,36.536257],[140.461554,36.536183],[140.461421,36.5361],[140.461283,36.536003],[140.461165,36.535902],[140.460952,36.535696],[140.460708,36.535451],[140.460457,36.535213],[140.460291,36.535053],[140.46013,36.534915],[140.460022,36.534842],[140.459869,36.534749],[140.459668,36.534663],[140.459507,36.534613],[140.459361,36.534579],[140.459224,36.534558],[140.459082,36.534546],[140.458944,36.534543],[140.458811,36.534547],[140.458661,36.534556],[140.458488,36.534585],[140.45833,36.534626],[140.458083,36.534699],[140.457898,36.534768],[140.457693,36.53484],[140.456904,36.535095],[140.45674,36.535148]]}},{"type":"Feature","properties":{"id":309125927,"highway":"trunk"},"geometry":{"type":"LineString","coordinates":[[140.465918,36.537801],[140.465312,36.537499]]}},{"type":"Feature","properties":{"id":309127361,"highway":"unclassified"},"geometry":{"type":"LineString","coordinates":[[140.465251,36.551491],[140.465417,36.551477]]}},{"type":"Feature","properties":{"id":309127461,"highway":"primary"},"geometry":{"type":"LineString","coordinates":[[140.464117,36.555143],[140.464016,36.555216]]}},{"type":"Feature","properties":{"id":309127622,"highway":"unclassified"},"geometry":{"type":"LineString","coordinates":[[140.464281,36.556108],[140.464417,36.556126]]}},{"type":"Feature","properties":{"id":309127623,"highway":"unclassified"},"geometry":{"type":"LineString","coordinates":[[140.464417,36.556126],[140.464596,36.556123],[140.465365,36.556114],[140.46558,36.556118],[140.465634,36.55618],[140.465637,36.556252],[140.465516,36.556438],[140.465528,36.556542],[140.465602,36.55669],[140.465686,36.5568],[140.465887,36.556868],[140.466008,36.55696]]}},{"type":"Feature","properties":{"id":309127713,"highway":"unclassified"},"geometry":{"type":"LineString","coordinates":[[140.462746,36.549731],[140.462902,36.549511]]}},{"type":"Feature","properties":{"id":309127714,"highway":"unclassified"},"geometry":{"type":"LineString","coordinates":[[140.462902,36.549511],[140.463656,36.548391]]}},{"type":"Feature","properties":{"id":309305459,"highway":"unclassified"},"geometry":{"type":"LineString","coordinates":[[140.390917,36.605689],[140.391004,36.605534],[140.39117,36.605265],[140.391476,36.60477],[140.391509,36.604726],[140.391723,36.60449],[140.391768,36.604442],[140.392059,36.604151],[140.39219,36.603991],[140.392263,36.603945],[140.392668,36.603512],[140.393012,36.603214],[140.393586,36.602688],[140.393849,36.602394],[140.393956,36.60232],[140.39406,36.602222],[140.394235,36.602094],[140.394942,36.601704],[140.395626,36.601264],[140.396211,36.600943],[140.39681,36.600433],[140.396861,36.600395],[140.396972,36.600316],[140.397123,36.600228],[140.397492,36.60001],[140.398067,36.599647],[140.398322,36.599472],[140.398485,36.599354],[140.398609,36.59924],[140.398681,36.599136],[140.398805,36.598893],[140.399006,36.598456],[140.399115,36.59826],[140.399365,36.597954],[140.399729,36.59751],[140.39996,36.597222],[140.400183,36.596998],[140.4005,36.596712],[140.400692,36.59655],[140.400883,36.596417],[140.401049,36.596322],[140.401135,36.596246],[140.401215,36.596145],[140.401298,36.596007],[140.40135,36.595911],[140.401372,36.595805],[140.401376,36.595712],[140.401378,36.595677],[140.401377,36.595536],[140.401404,36.595327],[140.401439,36.595137],[140.401476,36.594948],[140.401524,36.59483],[140.401578,36.594737],[140.40165,36.594644],[140.401762,36.594556],[140.401962,36.594433],[140.402393,36.594179],[140.402509,36.59411],[140.402817,36.593912],[140.40302,36.593774],[140.403181,36.593649],[140.403281,36.593483],[140.403302,36.593391],[140.403322,36.593242],[140.403353,36.592863],[140.403374,36.592678],[140.403537,36.592149],[140.403948,36.590766],[140.404163,36.590052],[140.404235,36.589855],[140.404253,36.589764]]}},{"type":"Feature","properties":{"id":310938469,"highway":"primary"},"geometry":{"type":"LineString","coordinates":[[140.483106,36.557328],[140.482744,36.557261],[140.482349,36.557197],[140.481556,36.557097],[140.481081,36.556998],[140.480776,36.556928],[140.48055,36.556884],[140.480399,36.556862],[140.480264,36.556853],[140.480132,36.556854],[140.48,36.556863],[140.479872,36.556883],[140.479698,36.556927],[140.479601,36.556958]]}},{"type":"Feature","properties":{"id":310938470,"highway":"secondary"},"geometry":{"type":"LineString","coordinates":[[140.483106,36.557328],[140.483701,36.558579],[140.483787,36.558765],[140.484281,36.559825],[140.484843,36.561025],[140.485405,36.562278],[140.485811,36.563167],[140.485886,36.563303],[140.485972,36.56344],[140.486083,36.563586],[140.486197,36.563739],[140.487177,36.564859],[140.487287,36.564989],[140.488385,36.566255],[140.488797,36.566758],[140.48892,36.566921],[140.489015,36.567062],[140.489117,36.56725],[140.489265,36.567541],[140.489366,36.567769],[140.48942,36.567906],[140.489467,36.56804],[140.4895,36.56818],[140.489536,36.568353],[140.489593,36.568713],[140.489677,36.569272],[140.489764,36.569846],[140.489928,36.570968],[140.490018,36.571581],[140.490045,36.571713],[140.490075,36.571837],[140.490152,36.572027],[140.490413,36.572639],[140.490442,36.572751],[140.490453,36.572853],[140.490463,36.573259],[140.490483,36.573758],[140.4905,36.57398],[140.490546,36.574363],[140.490709,36.575226],[140.490762,36.575411],[140.490969,36.575929],[140.491029,36.576044],[140.491093,36.576135],[140.491173,36.576217],[140.491289,36.576299],[140.491439,36.576392],[140.49176,36.576557],[140.492045,36.576715],[140.492094,36.576752],[140.492178,36.576833]]}},{"type":"Feature","properties":{"id":310938471,"highway":"primary"},"geometry":{"type":"LineString","coordinates":[[140.455792,36.559235],[140.455399,36.559383]]}},{"type":"Feature","properties":{"id":310938472,"highway":"unclassified"},"geometry":{"type":"LineString","coordinates":[[140.478952,36.548566],[140.479143,36.548567],[140.479298,36.548573],[140.479473,36.548535],[140.479749,36.548405],[140.480003,36.548264],[140.480223,36.548124]]}},{"type":"Feature","properties":{"id":310938473,"highway":"primary"},"geometry":{"type":"LineString","coordinates":[[140.475771,36.541562],[140.47576,36.541775],[140.475753,36.541991],[140.475755,36.542098],[140.475761,36.542227],[140.475785,36.542423],[140.475813,36.542581],[140.475856,36.542756],[140.47591,36.542944],[140.476077,36.543447],[140.476451,36.544629],[140.476601,36.5451],[140.476756,36.545574],[140.476848,36.545816],[140.476962,36.546016],[140.477125,36.546265],[140.477313,36.546512],[140.477841,36.547119],[140.477953,36.547246],[140.478527,36.547912],[140.478702,36.548142],[140.478805,36.548291],[140.478952,36.548566],[140.479093,36.548844],[140.479247,36.549287],[140.479665,36.550399],[140.479902,36.551013],[140.479969,36.551172]]}},{"type":"Feature","properties":{"id":310938474,"highway":"residential"},"geometry":{"type":"LineString","coordinates":[[140.481124,36.553143],[140.482473,36.553528],[140.48333,36.553765],[140.484042,36.553965],[140.484503,36.554126],[140.484704,36.554284],[140.484982,36.554554]]}},{"type":"Feature","properties":{"id":310938476,"highway":"unclassified"},"geometry":{"type":"LineString","coordinates":[[140.479143,36.548567],[140.479117,36.548528],[140.479042,36.548414],[140.478968,36.54766],[140.478911,36.547496],[140.478883,36.547417],[140.478608,36.547154],[140.478251,36.546838]]}},{"type":"Feature","properties":{"id":310948303,"highway":"residential"},"geometry":{"type":"LineString","coordinates":[[140.486197,36.563739],[140.487795,36.563952],[140.488043,36.56399],[140.48833,36.564085],[140.489405,36.564626],[140.489481,36.56467],[140.489526,36.564781]]}},{"type":"Feature","properties":{"id":311252828,"highway":"tertiary"},"geometry":{"type":"LineString","coordinates":[[140.433829,36.538353],[140.434214,36.538434],[140.434617,36.538602],[140.434881,36.538778],[140.435116,36.539067],[140.435254,36.539283],[140.435382,36.539542],[140.436629,36.542473]]}},{"type":"Feature","properties":{"id":311252831,"highway":"service"},"geometry":{"type":"LineString","coordinates":[[140.445535,36.525206],[140.445898,36.525457],[140.446144,36.525599],[140.446198,36.525598],[140.446279,36.525555],[140.446345,36.525489],[140.446365,36.525477],[140.446385,36.525476],[140.446477,36.525492],[140.446558,36.525505],[140.446592,36.525504],[140.446633,36.525477],[140.446735,36.525284],[140.446934,36.524909],[140.447005,36.524773],[140.447088,36.524595],[140.447166,36.524488],[140.447204,36.524458],[140.447274,36.52442],[140.447324,36.524381],[140.447384,36.524317],[140.447427,36.524259],[140.447495,36.524131],[140.447524,36.52406],[140.447553,36.523983],[140.447582,36.52388],[140.447598,36.523786]]}},{"type":"Feature","properties":{"id":311252832,"highway":"unclassified"},"geometry":{"type":"LineString","coordinates":[[140.435691,36.523118],[140.435778,36.522627],[140.435847,36.522241]]}},{"type":"Feature","properties":{"id":311252833,"highway":"tertiary"},"geometry":{"type":"LineString","coordinates":[[140.418456,36.582593],[140.41908,36.582508],[140.419719,36.582408],[140.420159,36.582349],[140.42163,36.582034],[140.421992,36.581945],[140.422627,36.581917]]}},{"type":"Feature","properties":{"id":311252838,"highway":"unclassified"},"geometry":{"type":"LineString","coordinates":[[140.435778,36.522627],[140.435436,36.522691],[140.435164,36.522767],[140.435037,36.522908]]}},{"type":"Feature","properties":{"id":311252841,"highway":"unclassified"},"geometry":{"type":"LineString","coordinates":[[140.414243,36.53965],[140.415165,36.539467],[140.415422,36.539401],[140.415669,36.539333],[140.416078,36.539173],[140.416403,36.539014],[140.416437,36.538989],[140.416654,36.538831],[140.416701,36.538775],[140.416844,36.538728],[140.417517,36.538389]]}},{"type":"Feature","properties":{"id":311252842,"highway":"tertiary"},"geometry":{"type":"LineString","coordinates":[[140.437103,36.543484],[140.437301,36.543723],[140.43746,36.543982],[140.4379,36.544599],[140.438252,36.544983],[140.438571,36.545227],[140.438977,36.545476]]}},{"type":"Feature","properties":{"id":311252843,"highway":"unclassified"},"geometry":{"type":"LineString","coordinates":[[140.434756,36.522665],[140.434899,36.522508],[140.43506,36.522412],[140.435224,36.522373],[140.435847,36.522241],[140.436173,36.522188],[140.43635,36.522163]]}},{"type":"Feature","properties":{"id":313292499,"highway":"trunk"},"geometry":{"type":"LineString","coordinates":[[140.471369,36.540809],[140.471266,36.540775],[140.470853,36.540625],[140.470168,36.540354],[140.46988,36.54024],[140.469456,36.540073],[140.469268,36.539992],[140.46913,36.539922],[140.469008,36.539849],[140.46878,36.539691]]}},{"type":"Feature","properties":{"id":313292500,"highway":"trunk"},"geometry":{"type":"LineString","coordinates":[[140.472275,36.54116],[140.471369,36.540809]]}},{"type":"Feature","properties":{"id":313296010,"highway":"residential"},"geometry":{"type":"LineString","coordinates":[[140.437149,36.562892],[140.43807,36.562746]]}},{"type":"Feature","properties":{"id":313296011,"highway":"residential"},"geometry":{"type":"LineString","coordinates":[[140.436992,36.562392],[140.437149,36.562892]]}},{"type":"Feature","properties":{"id":317202272,"highway":"trunk"},"geometry":{"type":"LineString","coordinates":[[140.42134,36.550889],[140.421309,36.550884],[140.420765,36.55079],[140.420088,36.550675],[140.419793,36.550625],[140.418887,36.550441],[140.418189,36.550317],[140.417802,36.550255],[140.417276,36.550175],[140.416736,36.550107],[140.416215,36.550029],[140.416036,36.549999],[140.415705,36.549939],[140.41523,36.549853],[140.415009,36.54981],[140.414626,36.549734],[140.414497,36.549713],[140.414418,36.549699],[140.41437,36.549691],[140.414234,36.54967]]}},{"type":"Feature","properties":{"id":317202273,"highway":"trunk"},"geometry":{"type":"LineString","coordinates":[[140.426744,36.551692],[140.423158,36.551173]]}},{"type":"Feature","properties":{"id":322455693,"highway":"tertiary"},"geometry":{"type":"LineString","coordinates":[[140.422627,36.581917],[140.423362,36.58194],[140.423733,36.58195],[140.423926,36.581902],[140.424085,36.581832],[140.424287,36.581714],[140.424591,36.581501],[140.424884,36.58126],[140.425104,36.580967],[140.425258,36.580624],[140.425447,36.580177],[140.425551,36.580005],[140.425689,36.579833],[140.425833,36.579696],[140.426254,36.57947]]}},{"type":"Feature","properties":{"id":322455703,"highway":"residential"},"geometry":{"type":"LineString","coordinates":[[140.420338,36.589352],[140.420771,36.589342],[140.420995,36.589358],[140.421231,36.589466],[140.421579,36.589628],[140.421635,36.589797],[140.421763,36.590384],[140.422614,36.590352],[140.422748,36.590389],[140.422768,36.590521]]}},{"type":"Feature","properties":{"id":322455711,"highway":"tertiary"},"geometry":{"type":"LineString","coordinates":[[140.426254,36.57947],[140.426547,36.579362],[140.426737,36.579347],[140.426974,36.57938],[140.427435,36.579584],[140.427862,36.579753],[140.428267,36.579866],[140.428738,36.579966],[140.429246,36.580023],[140.429625,36.58002],[140.429993,36.579936],[140.430425,36.579784],[140.430796,36.579664],[140.43112,36.579605],[140.431388,36.579603],[140.431619,36.579662],[140.431926,36.579802],[140.432232,36.580016],[140.432652,36.580257],[140.433371,36.580771]]}},{"type":"Feature","properties":{"id":323650701,"highway":"residential"},"geometry":{"type":"LineString","coordinates":[[140.489246,36.526022],[140.48998,36.525943]]}},{"type":"Feature","properties":{"id":343128395,"highway":"primary"},"geometry":{"type":"LineString","coordinates":[[140.492512,36.517461],[140.492401,36.517418],[140.492338,36.517395],[140.491842,36.517206],[140.491552,36.517095],[140.491297,36.516989],[140.491018,36.516864],[140.490578,36.516644],[140.490009,36.516373],[140.489611,36.516172],[140.489528,36.516131]]}},{"type":"Feature","properties":{"id":343128398,"highway":"primary"},"geometry":{"type":"LineString","coordinates":[[140.464086,36.508977],[140.461623,36.50692]]}},{"type":"Feature","properties":{"id":343128402,"highway":"primary"},"geometry":{"type":"LineString","coordinates":[[140.483371,36.514275],[140.483228,36.514218],[140.483058,36.514133],[140.482935,36.514064],[140.481727,36.513276],[140.481075,36.51286],[140.480422,36.512455],[140.480276,36.51235],[140.480206,36.512293],[140.480156,36.51223],[140.480101,36.512144],[140.480064,36.512064],[140.480027,36.511955],[140.479943,36.511709],[140.479791,36.511211],[140.479578,36.510433],[140.479531,36.510269],[140.479488,36.510013],[140.479465,36.509712],[140.47944,36.50958],[140.479409,36.509473],[140.479381,36.509383],[140.479347,36.509318],[140.479298,36.509234],[140.479142,36.509058],[140.47895,36.50886],[140.478811,36.508731],[140.478732,36.508666],[140.478634,36.508601],[140.478564,36.508565],[140.478456,36.508526]]}},{"type":"Feature","properties":{"id":343186285,"highway":"primary"},"geometry":{"type":"LineString","coordinates":[[140.487437,36.497409],[140.487482,36.497472],[140.487557,36.497569],[140.48762,36.497673],[140.487745,36.497901],[140.487821,36.49807],[140.487876,36.498268],[140.487918,36.498464],[140.487935,36.498655],[140.48792,36.498957],[140.487891,36.49911],[140.487866,36.499216],[140.487792,36.499424],[140.487716,36.499586],[140.487613,36.499769],[140.487516,36.49993],[140.487188,36.500385],[140.487161,36.500424],[140.486762,36.500961],[140.486367,36.501507],[140.486338,36.501551],[140.486256,36.501678]]}},{"type":"Feature","properties":{"id":343186290,"highway":"primary"},"geometry":{"type":"LineString","coordinates":[[140.468024,36.518619],[140.467971,36.518664],[140.467656,36.518926],[140.467544,36.519009],[140.467416,36.519086],[140.467325,36.519139],[140.467189,36.519192],[140.467038,36.519242],[140.466896,36.519275],[140.465822,36.51949],[140.465282,36.519607],[140.464308,36.519803],[140.463787,36.519915],[140.463564,36.519982],[140.463332,36.52008],[140.463151,36.520174],[140.462955,36.520297],[140.462807,36.520413],[140.46271,36.520504],[140.462601,36.520627],[140.462432,36.520842],[140.461933,36.521479],[140.460678,36.523107],[140.459429,36.524741],[140.458206,36.526323],[140.458167,36.526374]]}},{"type":"Feature","properties":{"id":343196461,"highway":"primary"},"geometry":{"type":"LineString","coordinates":[[140.456152,36.559098],[140.455792,36.559235]]}},{"type":"Feature","properties":{"id":343196463,"highway":"primary"},"geometry":{"type":"LineString","coordinates":[[140.476268,36.55715],[140.475889,36.557199],[140.47572,36.557202],[140.475568,36.557197],[140.475423,36.55718],[140.47527,36.557158],[140.475127,36.557125],[140.474951,36.557072],[140.474545,36.556925],[140.474217,36.556818],[140.474064,36.556785],[140.473929,36.556775],[140.473843,36.556782],[140.473747,36.556796],[140.473626,36.556823],[140.473522,36.55686],[140.473384,36.556928],[140.472329,36.557522],[140.472143,36.557618],[140.472022,36.557665],[140.471898,36.5577],[140.471763,36.557717],[140.471634,36.557721],[140.471483,36.557707],[140.471346,36.55767],[140.471253,36.557643],[140.470972,36.557536],[140.470868,36.557497],[140.470355,36.557302],[140.470063,36.557164],[140.469832,36.557009],[140.469525,36.556742],[140.468979,36.556284],[140.468672,36.556042],[140.468392,36.555835],[140.467927,36.55558],[140.467466,36.555364],[140.466941,36.555123],[140.466623,36.555023],[140.465666,36.554835],[140.465338,36.554786],[140.465132,36.554775],[140.464966,36.554786],[140.46477,36.554814],[140.464628,36.55485],[140.464477,36.554905]]}},{"type":"Feature","properties":{"id":343196466,"highway":"primary"},"geometry":{"type":"LineString","coordinates":[[140.479601,36.556958],[140.478638,36.557226]]}},{"type":"Feature","properties":{"id":343196477,"highway":"primary"},"geometry":{"type":"LineString","coordinates":[[140.464016,36.555216],[140.46343,36.555629],[140.46305,36.555923],[140.462422,36.556386],[140.462238,36.556531],[140.462086,36.55667],[140.461928,36.556839],[140.461814,36.556998],[140.461702,36.557192],[140.461546,36.557509],[140.461455,36.55764],[140.461357,36.557748],[140.461231,36.557849],[140.461091,36.557932],[140.46094,36.558006],[140.460746,36.558078],[140.460557,36.558121],[140.460395,36.558143],[140.460236,36.558151],[140.460093,36.558147],[140.4597,36.5581],[140.459491,36.55808],[140.459315,36.558069],[140.459144,36.558071],[140.458975,36.558087],[140.458803,36.558118],[140.458628,36.558164],[140.458291,36.55827],[140.457711,36.558469],[140.457127,36.558709],[140.456152,36.559098]]}},{"type":"Feature","properties":{"id":343841414,"highway":"secondary_link"},"geometry":{"type":"LineString","coordinates":[[140.427957,36.551851],[140.428026,36.551866],[140.428087,36.551878],[140.428134,36.551895],[140.428181,36.551921],[140.428216,36.551951],[140.428259,36.551984],[140.428296,36.552023]]}},{"type":"Feature","properties":{"id":343841416,"highway":"trunk"},"geometry":{"type":"LineString","coordinates":[[140.440566,36.54413],[140.440332,36.544283],[140.440067,36.544457],[140.439871,36.544627],[140.439662,36.544821],[140.439546,36.544933],[140.439422,36.54505],[140.439249,36.54521],[140.439125,36.545329],[140.438977,36.545476],[140.438885,36.545589],[140.438752,36.545735],[140.438477,36.54604],[140.438343,36.54619],[140.438228,36.546317],[140.437879,36.546761],[140.437745,36.546914],[140.437566,36.547056],[140.437429,36.547126],[140.437241,36.547193],[140.437089,36.547252],[140.43694,36.547296],[140.436668,36.547359],[140.436251,36.547456],[140.436043,36.547504],[140.435858,36.547546],[140.435535,36.547617],[140.435287,36.547672],[140.435131,36.547708],[140.434913,36.547759],[140.434659,36.547824],[140.434604,36.547837],[140.434356,36.547903],[140.434133,36.547959],[140.433384,36.548114],[140.432833,36.548225],[140.432174,36.548354],[140.431718,36.548514],[140.431374,36.548672],[140.431206,36.548781],[140.431008,36.548923],[140.430693,36.549246],[140.430518,36.54953],[140.430336,36.549811],[140.430173,36.550058],[140.42989,36.550495],[140.429783,36.550651],[140.429654,36.550854],[140.429563,36.550993],[140.429464,36.551127],[140.429387,36.55123],[140.42933,36.551308],[140.429216,36.551421],[140.429106,36.551515],[140.428938,36.551618],[140.428763,36.551705],[140.42862,36.551754],[140.42845,36.551802],[140.428377,36.551819],[140.428175,36.551846],[140.428056,36.551851],[140.427957,36.551851],[140.427898,36.55185],[140.427737,36.551836],[140.427478,36.5518],[140.427158,36.551753],[140.426833,36.551707],[140.426744,36.551692]]}},{"type":"Feature","properties":{"id":343850664,"highway":"primary"},"geometry":{"type":"LineString","coordinates":[[140.486256,36.501678],[140.486187,36.5018],[140.486158,36.501851],[140.485981,36.502196],[140.485855,36.502448],[140.485722,36.502663],[140.485576,36.502866],[140.485404,36.503059],[140.48514,36.503316],[140.48503,36.503423],[140.4846,36.503838],[140.484462,36.503954],[140.484315,36.504049],[140.484159,36.504139],[140.483917,36.504242],[140.4837,36.504318],[140.483511,36.504364],[140.483294,36.504399],[140.483104,36.504419],[140.482969,36.50442],[140.482658,36.504404],[140.482434,36.50438],[140.482205,36.504352],[140.481998,36.504331],[140.481852,36.50432],[140.481684,36.504327]]}},{"type":"Feature","properties":{"id":370881220,"highway":"service"},"geometry":{"type":"LineString","coordinates":[[140.430908,36.525075],[140.431818,36.525526],[140.432817,36.526021]]}},{"type":"Feature","properties":{"id":370881223,"highway":"unclassified"},"geometry":{"type":"LineString","coordinates":[[140.430014,36.525864],[140.43117,36.5264],[140.43265,36.527086]]}},{"type":"Feature","properties":{"id":370881224,"highway":"trunk"},"geometry":{"type":"LineString","coordinates":[[140.432047,36.524138],[140.432546,36.523816],[140.43341,36.523271],[140.433716,36.523053],[140.434027,36.522812],[140.434444,36.522446],[140.434668,36.522214],[140.434909,36.521946],[140.435113,36.521667],[140.435318,36.521369],[140.435788,36.520641],[140.436836,36.518911],[140.437335,36.518087],[140.437613,36.517612],[140.437966,36.517003],[140.438322,36.516425]]}},{"type":"Feature","properties":{"id":370881228,"highway":"trunk"},"geometry":{"type":"LineString","coordinates":[[140.441565,36.507175],[140.441594,36.507317],[140.441612,36.507405],[140.441646,36.507607],[140.441698,36.507967],[140.441721,36.508203],[140.441737,36.508517],[140.441736,36.508869],[140.441715,36.509265],[140.44168,36.509576],[140.441605,36.509992],[140.44154,36.510255],[140.441471,36.510508],[140.441318,36.510942]]}},{"type":"Feature","properties":{"id":371224563,"highway":"trunk"},"geometry":{"type":"LineString","coordinates":[[140.40728,36.559782],[140.407168,36.559497],[140.406857,36.558657],[140.406771,36.558426],[140.406684,36.558195]]}},{"type":"Feature","properties":{"id":371224564,"highway":"trunk"},"geometry":{"type":"LineString","coordinates":[[140.41794,36.53649],[140.419038,36.535935],[140.419417,36.535707],[140.419604,36.535575],[140.419982,36.535282],[140.420173,36.535116],[140.420334,36.534977],[140.420914,36.534431],[140.422084,36.533324],[140.422409,36.533013],[140.423229,36.532243],[140.423875,36.531635],[140.425211,36.530352],[140.426096,36.529519],[140.42651,36.529128],[140.427246,36.528435],[140.42775,36.52796],[140.428721,36.527042],[140.428899,36.526885]]}},{"type":"Feature","properties":{"id":371224565,"highway":"trunk"},"geometry":{"type":"LineString","coordinates":[[140.408248,36.548977],[140.408253,36.54883],[140.408264,36.54869],[140.408301,36.548169],[140.408333,36.547732],[140.408336,36.547691],[140.408341,36.547635],[140.408488,36.545878],[140.40852,36.545624],[140.408551,36.545442]]}},{"type":"Feature","properties":{"id":371224566,"highway":"trunk"},"geometry":{"type":"LineString","coordinates":[[140.408113,36.550533],[140.408205,36.549532],[140.408218,36.549366]]}},{"type":"Feature","properties":{"id":371224567,"highway":"trunk"},"geometry":{"type":"LineString","coordinates":[[140.407842,36.55338],[140.407923,36.552898],[140.407959,36.552623],[140.40798,36.552396],[140.408064,36.55114],[140.408113,36.550533]]}},{"type":"Feature","properties":{"id":371224568,"highway":"trunk"},"geometry":{"type":"LineString","coordinates":[[140.417752,36.536589],[140.41794,36.53649]]}},{"type":"Feature","properties":{"id":373317531,"highway":"primary"},"geometry":{"type":"LineString","coordinates":[[140.503864,36.524831],[140.503679,36.524646],[140.503647,36.524614],[140.503133,36.5241],[140.502995,36.523977],[140.502936,36.52393],[140.502868,36.523883],[140.502787,36.523832],[140.502696,36.523782],[140.502593,36.523732],[140.502483,36.52369],[140.502346,36.523647],[140.502188,36.523609],[140.502079,36.523589],[140.501651,36.523533],[140.501455,36.523489],[140.501369,36.523456],[140.501287,36.52342],[140.501197,36.52337],[140.501127,36.523319],[140.501051,36.523263],[140.500996,36.523202],[140.500878,36.523051],[140.500759,36.522816],[140.500583,36.5225],[140.500484,36.522352],[140.500339,36.522189],[140.500183,36.522042],[140.498639,36.520759],[140.498459,36.520624],[140.498407,36.520592],[140.498337,36.520556],[140.498261,36.520524],[140.498016,36.520436],[140.497675,36.520318],[140.496988,36.52009],[140.496854,36.520033],[140.496745,36.519974],[140.496613,36.519889]]}},{"type":"Feature","properties":{"id":373978000,"highway":"tertiary"},"geometry":{"type":"LineString","coordinates":[[140.484342,36.501075],[140.484262,36.501392],[140.484249,36.501443],[140.484179,36.501719],[140.48413,36.501868],[140.48406,36.502012],[140.483975,36.502131],[140.483882,36.502244],[140.483745,36.502369],[140.483261,36.502748],[140.482963,36.503014],[140.482636,36.503346],[140.482385,36.503601],[140.482165,36.503825],[140.482003,36.50396],[140.481841,36.504071],[140.481727,36.504164],[140.4817,36.50421],[140.481684,36.504327]]}},{"type":"Feature","properties":{"id":373998647,"highway":"tertiary"},"geometry":{"type":"LineString","coordinates":[[140.496863,36.507652],[140.495713,36.507255],[140.494574,36.506897],[140.494304,36.506793],[140.49411,36.506717],[140.493952,36.506641],[140.493775,36.506547],[140.493569,36.506426],[140.493344,36.506279],[140.493217,36.506185],[140.493041,36.506047],[140.492866,36.505894],[140.492503,36.505574],[140.492433,36.505512],[140.49208,36.505199],[140.491903,36.505044],[140.491824,36.504984],[140.491728,36.504931],[140.491622,36.504888],[140.491486,36.504858],[140.491294,36.504839],[140.490911,36.50482],[140.4908,36.504807]]}},{"type":"Feature","properties":{"id":385503913,"highway":"primary"},"geometry":{"type":"LineString","coordinates":[[140.478456,36.508526],[140.478385,36.508629],[140.478332,36.508706],[140.478152,36.508961],[140.477996,36.509151],[140.477823,36.50935],[140.477387,36.509827],[140.477024,36.510206],[140.476765,36.510479],[140.476549,36.510723],[140.47599,36.511384],[140.474973,36.512577],[140.474569,36.513025],[140.474483,36.513127],[140.474446,36.513174],[140.474342,36.513326],[140.474248,36.513478],[140.474019,36.513898],[140.473927,36.514043]]}},{"type":"Feature","properties":{"id":419267461,"highway":"unclassified"},"geometry":{"type":"LineString","coordinates":[[140.466886,36.526089],[140.467465,36.526562],[140.467561,36.52679],[140.467647,36.526883]]}},{"type":"Feature","properties":{"id":436100089,"highway":"unclassified"},"geometry":{"type":"LineString","coordinates":[[140.5122,36.521548],[140.512104,36.521363],[140.511978,36.521261],[140.511589,36.52114],[140.511527,36.520928],[140.511476,36.52082],[140.51138,36.520664],[140.511181,36.520378],[140.511114,36.520276],[140.511047,36.520207],[140.510933,36.520119],[140.510851,36.520023],[140.51082,36.519975],[140.510817,36.51997],[140.510781,36.519947],[140.510257,36.51971],[140.509953,36.519598],[140.509895,36.51959],[140.509766,36.51959],[140.508615,36.519571],[140.508207,36.519565],[140.508022,36.519571],[140.507891,36.519567],[140.507786,36.519552],[140.507655,36.519518],[140.507635,36.519509],[140.507604,36.519496],[140.507342,36.519391],[140.50696,36.519236],[140.506633,36.519157],[140.506532,36.519122],[140.506167,36.518942],[140.506138,36.518928],[140.506098,36.518882],[140.506074,36.51886],[140.506032,36.51885],[140.506014,36.518848],[140.505909,36.518843],[140.505862,36.518843],[140.505828,36.518851],[140.505807,36.51886],[140.505748,36.518893],[140.505536,36.519077],[140.505291,36.519363],[140.505044,36.519594],[140.504968,36.519687],[140.50488,36.519773],[140.504825,36.51982],[140.504742,36.519876],[140.504687,36.519905],[140.50457,36.519962],[140.504522,36.51999],[140.50443,36.520061],[140.50412,36.520341],[140.503987,36.520469],[140.5039,36.520543],[140.50386,36.52057],[140.503795,36.520608],[140.503705,36.520628],[140.503613,36.520643],[140.503364,36.520701],[140.503234,36.520717],[140.503112,36.520726],[140.502994,36.520726],[140.502922,36.520722],[140.502881,36.520716],[140.50282,36.5207],[140.502785,36.520685],[140.502734,36.520663],[140.502613,36.520593],[140.502565,36.520568],[140.502513,36.520554],[140.502459,36.520541],[140.502394,36.520536],[140.502323,36.520535],[140.502096,36.520562],[140.500716,36.520789],[140.500664,36.52079],[140.50064,36.520779],[140.500622,36.520765],[140.500611,36.520761],[140.500592,36.520761],[140.500464,36.520791],[140.500358,36.520823],[140.50032,36.52084],[140.500101,36.520995],[140.500062,36.521015],[140.500021,36.52103],[140.49999,36.521035],[140.499946,36.52104],[140.499894,36.521038],[140.49986,36.52103],[140.499829,36.521017],[140.49979,36.520997],[140.499022,36.520502],[140.498974,36.52048],[140.49893,36.520468],[140.498869,36.520453],[140.498392,36.520351]]}},{"type":"Feature","properties":{"id":436215297,"highway":"residential"},"geometry":{"type":"LineString","coordinates":[[140.486882,36.530381],[140.486804,36.530375],[140.486455,36.530409],[140.486165,36.530371],[140.486115,36.530384],[140.485935,36.530401],[140.485667,36.530414],[140.485125,36.530485],[140.485175,36.530679],[140.485202,36.530784],[140.485249,36.530964]]}},{"type":"Feature","properties":{"id":436215298,"highway":"residential"},"geometry":{"type":"LineString","coordinates":[[140.486179,36.531911],[140.485715,36.531819],[140.485676,36.531812],[140.485487,36.53178],[140.485085,36.531728],[140.485028,36.531735],[140.484984,36.53189],[140.484953,36.531998],[140.484977,36.532024],[140.485554,36.532106],[140.485589,36.532084],[140.485676,36.531812]]}},{"type":"Feature","properties":{"id":436215302,"highway":"residential"},"geometry":{"type":"LineString","coordinates":[[140.494423,36.507127],[140.494555,36.507259],[140.494636,36.507326],[140.494698,36.50736],[140.495001,36.507472],[140.495186,36.507561],[140.495553,36.507703],[140.495816,36.507813],[140.496047,36.50794],[140.496377,36.50808],[140.496758,36.508229],[140.497214,36.508307],[140.497255,36.508307],[140.497313,36.508264],[140.497375,36.50799],[140.497438,36.507893]]}},{"type":"Feature","properties":{"id":436215304,"highway":"residential"},"geometry":{"type":"LineString","coordinates":[[140.487858,36.528559],[140.488154,36.528586],[140.488276,36.528584],[140.488358,36.528561],[140.488503,36.52848],[140.488749,36.528309],[140.488785,36.528296],[140.48885,36.528283],[140.488964,36.528275],[140.489181,36.528237],[140.489222,36.528218],[140.489321,36.528143],[140.489505,36.528041],[140.4896,36.527997],[140.489668,36.52798],[140.489855,36.52799],[140.490071,36.528036],[140.490276,36.528064],[140.490437,36.528119]]}},{"type":"Feature","properties":{"id":436215305,"highway":"residential"},"geometry":{"type":"LineString","coordinates":[[140.4908,36.504807],[140.490802,36.50497],[140.490942,36.505255],[140.491006,36.505333],[140.491755,36.506012],[140.491824,36.506063],[140.491936,36.50613],[140.492097,36.506212],[140.492663,36.506504],[140.493063,36.506778],[140.493153,36.506851],[140.493267,36.506942],[140.493338,36.506993],[140.493407,36.507034],[140.493517,36.507077],[140.493636,36.507111],[140.493916,36.507164],[140.493939,36.507096],[140.493953,36.506965],[140.49399,36.506904],[140.49411,36.506717]]}},{"type":"Feature","properties":{"id":436215306,"highway":"residential"},"geometry":{"type":"LineString","coordinates":[[140.487493,36.529671],[140.487499,36.529759],[140.487526,36.529978],[140.487549,36.530094],[140.487573,36.530151],[140.487582,36.530174],[140.487705,36.53034],[140.487703,36.530426],[140.487683,36.530674],[140.487659,36.530897],[140.487663,36.531102],[140.487656,36.531243],[140.487632,36.531322],[140.487569,36.531437],[140.487444,36.531697],[140.487426,36.531744],[140.487413,36.531785],[140.487381,36.532046],[140.487372,36.532062],[140.48735,36.532068],[140.487321,36.532072],[140.486893,36.53201],[140.486437,36.531945],[140.486193,36.531881]]}},{"type":"Feature","properties":{"id":436215307,"highway":"residential"},"geometry":{"type":"LineString","coordinates":[[140.481024,36.533779],[140.4811,36.533838],[140.481123,36.533856],[140.481156,36.533893],[140.481179,36.53392],[140.481234,36.533958],[140.481472,36.534086],[140.481571,36.534153],[140.481658,36.534242],[140.481732,36.534294],[140.481786,36.534318],[140.481826,36.53433],[140.48209,36.534397],[140.482275,36.53444],[140.482425,36.534481],[140.482677,36.534572],[140.48274,36.534598],[140.482974,36.534709],[140.483039,36.534733],[140.483078,36.53474],[140.483112,36.53474],[140.483145,36.534732],[140.483283,36.534618],[140.483329,36.534587],[140.483367,36.534568],[140.483424,36.534555]]}},{"type":"Feature","properties":{"id":436215308,"highway":"residential"},"geometry":{"type":"LineString","coordinates":[[140.498379,36.521623],[140.498207,36.521679],[140.498016,36.521734],[140.497828,36.521784],[140.497739,36.521838],[140.497711,36.521861],[140.49769,36.52189],[140.497672,36.521955],[140.497659,36.521982],[140.497581,36.522037],[140.497466,36.522104],[140.49748,36.522254],[140.497491,36.522292],[140.497558,36.522301],[140.49769,36.522317],[140.497738,36.522318],[140.497774,36.522318],[140.497892,36.522283],[140.497947,36.522282],[140.497994,36.522295],[140.498018,36.522303],[140.498028,36.522312],[140.498024,36.522337],[140.497991,36.522502],[140.497987,36.522563]]}},{"type":"Feature","properties":{"id":436215309,"highway":"residential"},"geometry":{"type":"LineString","coordinates":[[140.485783,36.534031],[140.485641,36.533932],[140.485598,36.533911],[140.484862,36.533647],[140.484847,36.533642],[140.484741,36.533593],[140.484594,36.533542],[140.484515,36.533512],[140.484441,36.533477],[140.484397,36.533439],[140.484343,36.533369],[140.484297,36.5333],[140.484082,36.532928],[140.484049,36.532885],[140.484013,36.532851],[140.483966,36.532816],[140.483885,36.532776],[140.483846,36.532762],[140.483666,36.532721],[140.483449,36.53269],[140.483335,36.532666],[140.483239,36.532639],[140.483173,36.532614],[140.483073,36.532552],[140.48293,36.532468],[140.482745,36.532364],[140.482685,36.532336],[140.482459,36.532239]]}},{"type":"Feature","properties":{"id":436215310,"highway":"residential"},"geometry":{"type":"LineString","coordinates":[[140.488393,36.5257],[140.488439,36.525771],[140.488598,36.526276],[140.488629,36.526455],[140.488653,36.526624],[140.488677,36.526944],[140.488666,36.527074],[140.48864,36.527152],[140.488593,36.527245],[140.488538,36.527349],[140.488477,36.527435],[140.488303,36.527672],[140.488232,36.527829],[140.488147,36.528088],[140.488078,36.528236],[140.488037,36.528295],[140.487858,36.528559],[140.487694,36.528821],[140.487659,36.528891],[140.48761,36.529106],[140.487588,36.529238],[140.487575,36.529323],[140.48751,36.529638],[140.487493,36.529671],[140.487457,36.529708],[140.487423,36.52973],[140.487215,36.529833],[140.487036,36.529903],[140.486867,36.529998]]}},{"type":"Feature","properties":{"id":436215311,"highway":"residential"},"geometry":{"type":"LineString","coordinates":[[140.497696,36.511703],[140.498158,36.512108]]}},{"type":"Feature","properties":{"id":436215312,"highway":"residential"},"geometry":{"type":"LineString","coordinates":[[140.488532,36.525831],[140.489207,36.52581]]}},{"type":"Feature","properties":{"id":436215314,"highway":"residential"},"geometry":{"type":"LineString","coordinates":[[140.485583,36.531359],[140.485487,36.53178]]}},{"type":"Feature","properties":{"id":436215315,"highway":"residential"},"geometry":{"type":"LineString","coordinates":[[140.48447,36.531813],[140.484984,36.53189]]}},{"type":"Feature","properties":{"id":436215316,"highway":"residential"},"geometry":{"type":"LineString","coordinates":[[140.488641,36.52619],[140.489259,36.526126]]}},{"type":"Feature","properties":{"id":436215318,"highway":"residential"},"geometry":{"type":"LineString","coordinates":[[140.484897,36.530825],[140.485202,36.530784]]}},{"type":"Feature","properties":{"id":436215319,"highway":"residential"},"geometry":{"type":"LineString","coordinates":[[140.485173,36.531309],[140.485085,36.531728]]}},{"type":"Feature","properties":{"id":436215320,"highway":"residential"},"geometry":{"type":"LineString","coordinates":[[140.485175,36.530679],[140.485911,36.530565]]}},{"type":"Feature","properties":{"id":436215321,"highway":"residential"},"geometry":{"type":"LineString","coordinates":[[140.482178,36.532519],[140.482248,36.532618],[140.482267,36.532662],[140.482282,36.532721],[140.482282,36.532754],[140.482283,36.53287],[140.482291,36.532928],[140.482317,36.532973],[140.482625,36.533412],[140.482726,36.533519],[140.482888,36.533678],[140.483233,36.53401],[140.483292,36.534076],[140.48333,36.534127],[140.483361,36.534195],[140.483384,36.534255],[140.483402,36.534302],[140.483418,36.534379],[140.483423,36.534478],[140.483424,36.534555],[140.483436,36.534583],[140.483473,36.53462],[140.483668,36.53475],[140.483813,36.534857],[140.483883,36.534911],[140.483935,36.534967],[140.483984,36.535024],[140.484029,36.535096],[140.484064,36.535156],[140.484131,36.535209]]}},{"type":"Feature","properties":{"id":436215322,"highway":"residential"},"geometry":{"type":"LineString","coordinates":[[140.479839,36.53472],[140.479772,36.534448],[140.480013,36.534426],[140.48012,36.534416],[140.480516,36.534596],[140.48075,36.534683],[140.480851,36.534699],[140.480906,36.534697],[140.480961,36.534696],[140.481034,36.534683],[140.481126,36.534648],[140.481211,36.53458],[140.48124,36.534535],[140.481297,36.534484],[140.48137,36.534451],[140.481417,36.534446],[140.481486,36.53445],[140.481556,36.534468],[140.481584,36.534483],[140.481621,36.534519],[140.481947,36.534956],[140.482073,36.535089],[140.482325,36.535289],[140.482384,36.535324],[140.482615,36.53543],[140.482803,36.535544],[140.482859,36.535578],[140.482914,36.535594],[140.483225,36.535655],[140.483326,36.535673],[140.483402,36.535677],[140.483459,36.53567],[140.483682,36.535627],[140.483737,36.535632],[140.483912,36.535682]]}},{"type":"Feature","properties":{"id":436215323,"highway":"residential"},"geometry":{"type":"LineString","coordinates":[[140.486753,36.530859],[140.486935,36.530897],[140.487184,36.530934],[140.487299,36.530944],[140.487442,36.530944],[140.487659,36.530897],[140.487884,36.530858],[140.487957,36.530837],[140.488026,36.530811],[140.488195,36.530703],[140.488308,36.530647],[140.488391,36.530604],[140.48863,36.530524],[140.488689,36.530513],[140.488753,36.530513],[140.488832,36.530517],[140.488856,36.530519],[140.488983,36.530547],[140.489091,36.530566],[140.489131,36.530567],[140.48917,36.530561],[140.489229,36.530535],[140.489417,36.530417],[140.489476,36.530362],[140.4895,36.53032],[140.489504,36.530295],[140.489501,36.530151],[140.489426,36.529976],[140.489429,36.529922],[140.489444,36.52989],[140.489475,36.529861],[140.489506,36.529843],[140.489831,36.529764],[140.49005,36.52973]]}},{"type":"Feature","properties":{"id":436215324,"highway":"residential"},"geometry":{"type":"LineString","coordinates":[[140.486755,36.529895],[140.486651,36.529888],[140.486573,36.529888],[140.486479,36.529901],[140.486439,36.529907],[140.486367,36.529948],[140.486294,36.530011],[140.486243,36.53003],[140.48619,36.530021],[140.486133,36.529998],[140.486005,36.529933],[140.485924,36.52992],[140.485562,36.529927],[140.485396,36.529909],[140.485022,36.529922],[140.484995,36.529914],[140.484985,36.529894],[140.484878,36.529612],[140.484791,36.529506],[140.484733,36.529365],[140.484716,36.529312],[140.484704,36.529303],[140.484626,36.529286],[140.484438,36.529282],[140.484355,36.529275],[140.484222,36.529283],[140.484149,36.529306],[140.4841,36.529317],[140.484017,36.529356],[140.483828,36.529415],[140.483784,36.529419],[140.483625,36.529444],[140.483546,36.529459],[140.483486,36.529461],[140.483361,36.529495]]}},{"type":"Feature","properties":{"id":436215325,"highway":"residential"},"geometry":{"type":"LineString","coordinates":[[140.492102,36.506205],[140.492097,36.506212],[140.491988,36.506363],[140.491828,36.506529],[140.491484,36.506839],[140.491201,36.507106],[140.491118,36.50725],[140.491095,36.507289],[140.491069,36.507349],[140.491065,36.507395],[140.491089,36.507478],[140.491125,36.507543],[140.491349,36.507868],[140.491447,36.508034],[140.491502,36.508088],[140.491541,36.508119],[140.491685,36.508171],[140.491741,36.508182],[140.491835,36.508185],[140.492924,36.508183],[140.493193,36.50818],[140.493476,36.508235],[140.493788,36.508375],[140.494065,36.508503],[140.494303,36.50861],[140.494552,36.508697],[140.495075,36.508837],[140.495633,36.508977],[140.495879,36.509039],[140.496128,36.509089],[140.496181,36.509095],[140.496303,36.50909],[140.496618,36.509149],[140.496676,36.50916],[140.496973,36.509217],[140.497092,36.509265],[140.497155,36.509292],[140.49748,36.50958],[140.497881,36.509853]]}},{"type":"Feature","properties":{"id":436215326,"highway":"unclassified"},"geometry":{"type":"LineString","coordinates":[[140.498337,36.520556],[140.49807,36.520621],[140.498,36.520662],[140.497833,36.520773],[140.497799,36.520796],[140.497702,36.520892],[140.497548,36.521101],[140.497474,36.521181],[140.497264,36.521355],[140.49706,36.521507],[140.496963,36.521562],[140.496816,36.521662],[140.496741,36.521716],[140.496666,36.521781],[140.496605,36.521844],[140.496557,36.521908],[140.496535,36.521967],[140.496526,36.521998],[140.496499,36.52216],[140.49647,36.52226],[140.496405,36.522413],[140.496368,36.522474],[140.496161,36.522746],[140.496038,36.523006],[140.496002,36.523065],[140.495473,36.523635],[140.495166,36.523984],[140.495111,36.524051],[140.495083,36.524085],[140.495052,36.524114],[140.495036,36.52412],[140.495018,36.524127],[140.49495,36.524139],[140.494837,36.524145],[140.49468,36.524139],[140.494312,36.524101],[140.493795,36.524093],[140.493428,36.52411]]}},{"type":"Feature","properties":{"id":436215327,"highway":"residential"},"geometry":{"type":"LineString","coordinates":[[140.485362,36.530945],[140.485404,36.531181],[140.48538,36.531332]]}},{"type":"Feature","properties":{"id":436215329,"highway":"residential"},"geometry":{"type":"LineString","coordinates":[[140.484781,36.526425],[140.484884,36.526408],[140.485391,36.52601],[140.485406,36.525988],[140.485574,36.525725],[140.485984,36.525227],[140.486042,36.525116],[140.486132,36.524943],[140.486153,36.524908],[140.486193,36.524874],[140.486266,36.524859],[140.486344,36.52485],[140.486491,36.524848],[140.486609,36.524867],[140.486767,36.524912],[140.486869,36.524953],[140.486952,36.525012],[140.487054,36.525119],[140.487272,36.525311],[140.487532,36.525492],[140.487577,36.525544],[140.48761,36.525609],[140.487674,36.525801],[140.487722,36.525872],[140.487781,36.525915],[140.487832,36.525929],[140.487895,36.525934],[140.487937,36.525935],[140.488176,36.525915],[140.488225,36.525903],[140.488284,36.525879],[140.488306,36.525862],[140.488323,36.525845],[140.48835,36.525784],[140.488393,36.5257],[140.488416,36.525656],[140.488442,36.52563],[140.488459,36.525613],[140.488484,36.525597],[140.488546,36.525558],[140.488609,36.525539],[140.48866,36.525534],[140.48925,36.525568],[140.489659,36.525565],[140.489974,36.525502],[140.490375,36.525433]]}},{"type":"Feature","properties":{"id":436215331,"highway":"residential"},"geometry":{"type":"LineString","coordinates":[[140.485404,36.531181],[140.485699,36.531211],[140.485994,36.531267],[140.486187,36.531334]]}},{"type":"Feature","properties":{"id":436215336,"highway":"residential"},"geometry":{"type":"LineString","coordinates":[[140.485822,36.53139],[140.485583,36.531359],[140.48538,36.531332],[140.485173,36.531309],[140.484993,36.531289]]}},{"type":"Feature","properties":{"id":436215337,"highway":"residential"},"geometry":{"type":"LineString","coordinates":[[140.484916,36.531022],[140.485249,36.530964],[140.485362,36.530945],[140.485868,36.530858],[140.485911,36.530565],[140.485935,36.530401]]}},{"type":"Feature","properties":{"id":436215339,"highway":"residential"},"geometry":{"type":"LineString","coordinates":[[140.496988,36.52009],[140.497008,36.520154],[140.497587,36.520591],[140.497761,36.520749],[140.497833,36.520773],[140.49801,36.520864],[140.498066,36.520896],[140.498103,36.52093],[140.498132,36.520978],[140.498186,36.521127],[140.498379,36.521623],[140.498399,36.521636],[140.498465,36.521655],[140.498757,36.521677],[140.498821,36.521698],[140.498899,36.521753],[140.498973,36.521814],[140.499008,36.521865],[140.499075,36.521979],[140.499152,36.522063],[140.499252,36.52212],[140.499362,36.522163],[140.499484,36.522258],[140.499732,36.522435],[140.500081,36.52273],[140.500193,36.522825],[140.50022,36.522863],[140.500228,36.522904],[140.500215,36.522943],[140.500193,36.52298],[140.500153,36.523012],[140.500035,36.523077],[140.499925,36.523172],[140.499925,36.5232],[140.499957,36.523232],[140.500105,36.52332],[140.500135,36.523364],[140.50028,36.523489],[140.500367,36.523539],[140.500419,36.523572],[140.500464,36.52362],[140.50051,36.523674],[140.500561,36.523784],[140.500585,36.523821],[140.500707,36.523916],[140.500743,36.523946],[140.500763,36.523979],[140.500784,36.524038],[140.500839,36.52429],[140.500855,36.524328],[140.500936,36.5244],[140.50099,36.524433],[140.501092,36.524503],[140.50115,36.524531],[140.501197,36.524569],[140.501258,36.524626],[140.501356,36.524679],[140.501472,36.524722],[140.501634,36.524779],[140.501903,36.524902],[140.50198,36.524954],[140.502251,36.525097],[140.50237,36.525163],[140.502489,36.525241],[140.502632,36.525371],[140.502752,36.525502],[140.502937,36.52571],[140.503114,36.525857],[140.503546,36.526063],[140.503873,36.526248],[140.504167,36.526409],[140.504394,36.526502],[140.504493,36.526515],[140.504745,36.526556],[140.505067,36.526619],[140.505099,36.526619],[140.505123,36.526603],[140.505262,36.526459],[140.505335,36.52638]]}},{"type":"Feature","properties":{"id":436215342,"highway":"residential"},"geometry":{"type":"LineString","coordinates":[[140.488442,36.52563],[140.488532,36.525831],[140.488641,36.52619],[140.488661,36.526258],[140.488674,36.526346],[140.488674,36.526408],[140.488629,36.526455]]}},{"type":"Feature","properties":{"id":436215344,"highway":"residential"},"geometry":{"type":"LineString","coordinates":[[140.497881,36.509853],[140.498254,36.510177],[140.498293,36.510292],[140.498268,36.510412],[140.497366,36.511384],[140.49747,36.511492],[140.497666,36.511683],[140.497696,36.511703]]}},{"type":"Feature","properties":{"id":436215346,"highway":"residential"},"geometry":{"type":"LineString","coordinates":[[140.48938,36.526294],[140.489321,36.526281],[140.489286,36.526251],[140.489271,36.526227],[140.489259,36.526126],[140.489246,36.526022],[140.489207,36.52581],[140.489177,36.525646],[140.488484,36.525597]]}},{"type":"Feature","properties":{"id":465794122,"highway":"unclassified"},"geometry":{"type":"LineString","coordinates":[[140.439468,36.504047],[140.438744,36.503742],[140.438745,36.503594],[140.438744,36.503552],[140.439078,36.503485],[140.439679,36.503745]]}},{"type":"Feature","properties":{"id":465794123,"highway":"unclassified"},"geometry":{"type":"LineString","coordinates":[[140.439679,36.503745],[140.439468,36.504047],[140.439212,36.504434]]}},{"type":"Feature","properties":{"id":465794124,"highway":"unclassified"},"geometry":{"type":"LineString","coordinates":[[140.439877,36.503492],[140.439679,36.503745]]}},{"type":"Feature","properties":{"id":465794126,"highway":"unclassified"},"geometry":{"type":"LineString","coordinates":[[140.438745,36.503594],[140.438679,36.503555],[140.438671,36.503256]]}},{"type":"Feature","properties":{"id":465794127,"highway":"unclassified"},"geometry":{"type":"LineString","coordinates":[[140.438197,36.503311],[140.437929,36.503561]]}},{"type":"Feature","properties":{"id":467148402,"highway":"service"},"geometry":{"type":"LineString","coordinates":[[140.421839,36.535448],[140.421823,36.535442],[140.421973,36.535202],[140.421909,36.535175],[140.42177,36.53542],[140.421672,36.535378],[140.421813,36.535136],[140.421762,36.535112],[140.421614,36.535361],[140.421278,36.535235],[140.4211,36.535159],[140.421033,36.535134],[140.421006,36.535137],[140.420899,36.535158],[140.420713,36.5351],[140.420673,36.5352]]}},{"type":"Feature","properties":{"id":467148403,"highway":"service"},"geometry":{"type":"LineString","coordinates":[[140.420673,36.5352],[140.420761,36.535219],[140.420813,36.535227],[140.420866,36.535229],[140.420909,36.535222],[140.420952,36.535208],[140.420983,36.535202],[140.421003,36.535196],[140.421206,36.535275],[140.421467,36.535374],[140.421877,36.535529],[140.421963,36.535563],[140.421983,36.535574],[140.421994,36.535587],[140.422002,36.535602],[140.421998,36.535615],[140.421992,36.535633],[140.421988,36.535647],[140.421984,36.53566],[140.421903,36.535803],[140.421897,36.535827],[140.421899,36.535845],[140.421906,36.535867],[140.421912,36.535883],[140.421925,36.535898],[140.421935,36.535911],[140.42196,36.535927],[140.422008,36.535959],[140.42205,36.535982],[140.422261,36.536095],[140.42233,36.536136],[140.422477,36.53621],[140.422546,36.536209]]}},{"type":"Feature","properties":{"id":482903427,"highway":"service"},"geometry":{"type":"LineString","coordinates":[[140.496745,36.519974],[140.496783,36.519934],[140.496829,36.519909],[140.496873,36.519907],[140.496924,36.5199],[140.496965,36.519903],[140.497016,36.519953],[140.497107,36.519977],[140.497219,36.519937]]}},{"type":"Feature","properties":{"id":483578633,"highway":"service"},"geometry":{"type":"LineString","coordinates":[[140.421221,36.592912],[140.42107,36.592922],[140.420966,36.592918],[140.420697,36.59268],[140.420662,36.592664],[140.420592,36.592643],[140.420497,36.592662],[140.420461,36.59269],[140.420422,36.592746],[140.420412,36.592793],[140.420443,36.592853],[140.420511,36.592924],[140.420578,36.592954]]}},{"type":"Feature","properties":{"id":491755888,"highway":"service"},"geometry":{"type":"LineString","coordinates":[[140.420578,36.592954],[140.420634,36.592983],[140.421133,36.593663],[140.421245,36.593698],[140.42116,36.593224],[140.420702,36.592877],[140.420634,36.592983]]}},{"type":"Feature","properties":{"id":492901930,"highway":"unclassified"},"geometry":{"type":"LineString","coordinates":[[140.418028,36.59403],[140.417892,36.59389],[140.417617,36.593633],[140.417144,36.59323],[140.416593,36.592791],[140.416069,36.592269],[140.415792,36.591917],[140.4157,36.591796],[140.415384,36.591381],[140.414872,36.590702],[140.414719,36.590513],[140.41459,36.590351],[140.414509,36.59025],[140.413995,36.589634],[140.413409,36.588737],[140.413128,36.588265],[140.413032,36.588038],[140.413007,36.587839],[140.413089,36.587404],[140.413163,36.586918],[140.413209,36.586605],[140.41323,36.58633],[140.41317,36.585679],[140.413124,36.585219],[140.413071,36.584792],[140.413039,36.584156],[140.412986,36.583741],[140.412816,36.583272],[140.412734,36.583075],[140.412689,36.583008],[140.412637,36.582973],[140.412588,36.582958],[140.412494,36.582954]]}},{"type":"Feature","properties":{"id":492901933,"highway":"unclassified"},"geometry":{"type":"LineString","coordinates":[[140.409381,36.584281],[140.410093,36.584164],[140.410195,36.58427],[140.410451,36.584233],[140.410726,36.584224],[140.411162,36.584246],[140.411664,36.584281]]}},{"type":"Feature","properties":{"id":496460760,"highway":"trunk"},"geometry":{"type":"LineString","coordinates":[[140.475771,36.541562],[140.475025,36.541553],[140.474895,36.541553],[140.474501,36.541555],[140.473969,36.541558],[140.473732,36.541549],[140.473537,36.541529],[140.473313,36.541497],[140.473101,36.541454],[140.472872,36.541395],[140.47266,36.541323],[140.472314,36.541173],[140.472275,36.54116]]}},{"type":"Feature","properties":{"id":501315122,"highway":"unclassified"},"geometry":{"type":"LineString","coordinates":[[140.413051,36.542629],[140.41354,36.54298],[140.413548,36.542986],[140.414138,36.54341],[140.414372,36.543546],[140.414486,36.543603]]}},{"type":"Feature","properties":{"id":501315124,"highway":"unclassified"},"geometry":{"type":"LineString","coordinates":[[140.410149,36.547803],[140.410484,36.547073],[140.410529,36.547009],[140.410588,36.546938],[140.410696,36.546815],[140.411,36.54661],[140.411398,36.546342]]}},{"type":"Feature","properties":{"id":501315126,"highway":"unclassified"},"geometry":{"type":"LineString","coordinates":[[140.407357,36.547445],[140.406866,36.54861],[140.406835,36.548933]]}},{"type":"Feature","properties":{"id":501315128,"highway":"residential"},"geometry":{"type":"LineString","coordinates":[[140.40661,36.547227],[140.406477,36.547397],[140.406379,36.547356],[140.406013,36.547227],[140.40564,36.547753],[140.405984,36.547886],[140.406379,36.547356]]}},{"type":"Feature","properties":{"id":501315131,"highway":"residential"},"geometry":{"type":"LineString","coordinates":[[140.406963,36.547372],[140.406761,36.5478]]}},{"type":"Feature","properties":{"id":501315133,"highway":"residential"},"geometry":{"type":"LineString","coordinates":[[140.404688,36.545304],[140.405184,36.5454],[140.4053,36.545065]]}},{"type":"Feature","properties":{"id":501315139,"highway":"unclassified"},"geometry":{"type":"LineString","coordinates":[[140.417095,36.536913],[140.416967,36.537761],[140.417077,36.537796],[140.417124,36.537801],[140.417246,36.537837],[140.417415,36.538088],[140.41744,36.538191],[140.417517,36.538389]]}},{"type":"Feature","properties":{"id":508048781,"highway":"residential"},"geometry":{"type":"LineString","coordinates":[[140.407837,36.569911],[140.407669,36.569948],[140.407511,36.569961],[140.407396,36.569953],[140.407272,36.56994],[140.407223,36.569921],[140.407164,36.569881],[140.407171,36.569822],[140.407331,36.56904],[140.407332,36.568987],[140.407288,36.568926],[140.407267,36.568854],[140.407276,36.568659],[140.407251,36.568598],[140.407202,36.568561],[140.406855,36.568527],[140.406759,36.568591],[140.406464,36.568686],[140.406295,36.56868],[140.405926,36.568418]]}},{"type":"Feature","properties":{"id":508048782,"highway":"residential"},"geometry":{"type":"LineString","coordinates":[[140.406264,36.570202],[140.406176,36.570513],[140.406113,36.57089]]}},{"type":"Feature","properties":{"id":508048785,"highway":"residential"},"geometry":{"type":"LineString","coordinates":[[140.407053,36.571558],[140.407369,36.570644],[140.407355,36.570515],[140.407304,36.570467],[140.40723,36.570416]]}},{"type":"Feature","properties":{"id":508048786,"highway":"residential"},"geometry":{"type":"LineString","coordinates":[[140.407053,36.571558],[140.406998,36.57185],[140.40697,36.571967],[140.406887,36.572029],[140.406799,36.572063],[140.406464,36.572123],[140.40619,36.572139],[140.405964,36.572089],[140.405271,36.571849]]}},{"type":"Feature","properties":{"id":547926762,"highway":"unclassified"},"geometry":{"type":"LineString","coordinates":[[140.485678,36.506368],[140.487212,36.504881],[140.488641,36.503504]]}},{"type":"Feature","properties":{"id":547929710,"highway":"unclassified"},"geometry":{"type":"LineString","coordinates":[[140.487134,36.500169],[140.487081,36.500151],[140.486912,36.500138],[140.486676,36.500123],[140.486558,36.500094],[140.486426,36.500043],[140.486318,36.499989],[140.486099,36.499863],[140.485801,36.499684],[140.485659,36.499604],[140.485575,36.499525],[140.485501,36.499408],[140.484728,36.499175],[140.484662,36.499165],[140.484654,36.499111],[140.48473,36.499027],[140.484867,36.498938]]}},{"type":"Feature","properties":{"id":547939009,"highway":"service"},"geometry":{"type":"LineString","coordinates":[[140.484807,36.500215],[140.484867,36.500195],[140.484956,36.500151],[140.485011,36.500156],[140.485058,36.500189],[140.485182,36.50027],[140.485205,36.500277],[140.48523,36.500265],[140.48534,36.500158],[140.485448,36.500052],[140.485537,36.499946],[140.485632,36.499861],[140.485801,36.499684]]}},{"type":"Feature","properties":{"id":548467961,"highway":"residential"},"geometry":{"type":"LineString","coordinates":[[140.479984,36.504227],[140.480161,36.503949],[140.480294,36.503774],[140.480398,36.503658],[140.480659,36.50338],[140.481271,36.502899],[140.481995,36.503328],[140.482199,36.503479],[140.482385,36.503601]]}},{"type":"Feature","properties":{"id":548467962,"highway":"residential"},"geometry":{"type":"LineString","coordinates":[[140.482589,36.505684],[140.482536,36.505649],[140.482198,36.505405],[140.48205,36.505277],[140.481747,36.504973],[140.481707,36.504921],[140.481629,36.504778],[140.481516,36.504699],[140.48137,36.504599],[140.481333,36.504557],[140.481208,36.50443]]}},{"type":"Feature","properties":{"id":548467963,"highway":"residential"},"geometry":{"type":"LineString","coordinates":[[140.481684,36.504327],[140.481631,36.504143],[140.481375,36.503934],[140.481024,36.503696],[140.480796,36.503507],[140.480659,36.50338]]}},{"type":"Feature","properties":{"id":548467964,"highway":"residential"},"geometry":{"type":"LineString","coordinates":[[140.480659,36.50338],[140.480569,36.503269],[140.480156,36.502987],[140.480094,36.50291],[140.480087,36.502827],[140.480087,36.5026],[140.48005,36.5025],[140.479981,36.502479],[140.479637,36.502485]]}},{"type":"Feature","properties":{"id":548467971,"highway":"service"},"geometry":{"type":"LineString","coordinates":[[140.494564,36.510329],[140.494725,36.510206],[140.495144,36.50967],[140.495572,36.509838]]}},{"type":"Feature","properties":{"id":548467973,"highway":"service"},"geometry":{"type":"LineString","coordinates":[[140.484353,36.517721],[140.484617,36.517942],[140.484794,36.518093],[140.484976,36.51823],[140.485005,36.518244],[140.485034,36.518247],[140.485059,36.518238],[140.485082,36.518225],[140.48516,36.518182],[140.485194,36.518166],[140.485224,36.518159],[140.485261,36.518162],[140.485304,36.518175],[140.485339,36.518177],[140.485365,36.518167],[140.485406,36.518136],[140.48554,36.517993],[140.485663,36.517847],[140.485786,36.517631],[140.485852,36.517498],[140.485916,36.517372],[140.485939,36.517338],[140.48598,36.517294],[140.486033,36.517258],[140.486103,36.517239],[140.486164,36.517229],[140.486212,36.517214],[140.486261,36.517188],[140.486351,36.517115],[140.486393,36.517066],[140.486411,36.517037],[140.486427,36.517003],[140.486443,36.516959]]}},{"type":"Feature","properties":{"id":548467974,"highway":"unclassified"},"geometry":{"type":"LineString","coordinates":[[140.491547,36.51502],[140.491634,36.514964],[140.491516,36.514882],[140.491314,36.514746],[140.491194,36.514603],[140.491386,36.514478],[140.491543,36.514356],[140.491901,36.51426],[140.492809,36.513414]]}},{"type":"Feature","properties":{"id":548542003,"highway":"service"},"geometry":{"type":"LineString","coordinates":[[140.485605,36.507576],[140.485715,36.507374]]}},{"type":"Feature","properties":{"id":587539403,"highway":"unclassified"},"geometry":{"type":"LineString","coordinates":[[140.450179,36.502178],[140.449543,36.502556],[140.449124,36.502812],[140.449057,36.502863],[140.448977,36.502947],[140.448584,36.503407],[140.448314,36.503707],[140.448182,36.503812],[140.448116,36.503853],[140.448054,36.503879],[140.44797,36.503889],[140.44772,36.503875],[140.447623,36.503858],[140.447511,36.503814],[140.447408,36.503748],[140.447125,36.503516],[140.44706,36.503463],[140.447027,36.503436],[140.446963,36.503383],[140.4469,36.503329],[140.44625,36.502783],[140.446128,36.502694],[140.446,36.502614],[140.445849,36.502536],[140.445713,36.502483],[140.445612,36.502446],[140.445477,36.502403],[140.444343,36.502085],[140.444058,36.502001],[140.443968,36.501976],[140.443811,36.501938],[140.443661,36.501909],[140.44352,36.501897],[140.44339,36.501892],[140.443207,36.501899],[140.443031,36.501924],[140.44259,36.50202]]}},{"type":"Feature","properties":{"id":587539404,"highway":"trunk"},"geometry":{"type":"LineString","coordinates":[[140.440782,36.504105],[140.440761,36.503993],[140.44074,36.503852],[140.440722,36.503581],[140.440721,36.503299],[140.440724,36.503158],[140.440737,36.502995]]}},{"type":"Feature","properties":{"id":589143091,"highway":"unclassified"},"geometry":{"type":"LineString","coordinates":[[140.416253,36.549235],[140.415884,36.549153],[140.415103,36.548981],[140.415331,36.548339],[140.415437,36.548],[140.41604,36.548101],[140.416569,36.548209],[140.416366,36.548865],[140.416359,36.54889],[140.416253,36.549235]]}},{"type":"Feature","properties":{"id":589143092,"highway":"residential"},"geometry":{"type":"LineString","coordinates":[[140.416061,36.548019],[140.417057,36.548128]]}},{"type":"Feature","properties":{"id":589143093,"highway":"residential"},"geometry":{"type":"LineString","coordinates":[[140.414654,36.551268],[140.413704,36.551019]]}},{"type":"Feature","properties":{"id":589143094,"highway":"residential"},"geometry":{"type":"LineString","coordinates":[[140.414654,36.551268],[140.414744,36.551041],[140.414905,36.550648],[140.41523,36.549853]]}},{"type":"Feature","properties":{"id":589143095,"highway":"residential"},"geometry":{"type":"LineString","coordinates":[[140.414744,36.551041],[140.415101,36.551068],[140.415572,36.551098],[140.416012,36.551062],[140.416214,36.551038],[140.416732,36.550951],[140.416824,36.550881]]}},{"type":"Feature","properties":{"id":589143096,"highway":"residential"},"geometry":{"type":"LineString","coordinates":[[140.416012,36.551062],[140.416042,36.550729]]}},{"type":"Feature","properties":{"id":589143097,"highway":"residential"},"geometry":{"type":"LineString","coordinates":[[140.416414,36.550725],[140.416042,36.550729]]}},{"type":"Feature","properties":{"id":589143098,"highway":"residential"},"geometry":{"type":"LineString","coordinates":[[140.416042,36.550729],[140.41618,36.550173],[140.416215,36.550029]]}},{"type":"Feature","properties":{"id":589143099,"highway":"residential"},"geometry":{"type":"LineString","coordinates":[[140.415932,36.550365],[140.416036,36.549999]]}},{"type":"Feature","properties":{"id":589143100,"highway":"residential"},"geometry":{"type":"LineString","coordinates":[[140.414833,36.550289],[140.415009,36.54981]]}},{"type":"Feature","properties":{"id":589143103,"highway":"unclassified"},"geometry":{"type":"LineString","coordinates":[[140.440246,36.527755],[140.440407,36.527777],[140.440568,36.527832],[140.440674,36.527832],[140.440961,36.527741],[140.441055,36.527745]]}},{"type":"Feature","properties":{"id":589143104,"highway":"unclassified"},"geometry":{"type":"LineString","coordinates":[[140.440219,36.528122],[140.440407,36.527777],[140.440453,36.52766]]}},{"type":"Feature","properties":{"id":589143106,"highway":"unclassified"},"geometry":{"type":"LineString","coordinates":[[140.427547,36.524517],[140.427902,36.52415],[140.42811,36.523711],[140.42793,36.523605],[140.427896,36.523585],[140.427777,36.523528]]}},{"type":"Feature","properties":{"id":589143107,"highway":"residential"},"geometry":{"type":"LineString","coordinates":[[140.428133,36.525235],[140.427964,36.52513],[140.427387,36.52477]]}},{"type":"Feature","properties":{"id":589143108,"highway":"residential"},"geometry":{"type":"LineString","coordinates":[[140.427184,36.524971],[140.427387,36.52477],[140.427547,36.524517]]}},{"type":"Feature","properties":{"id":589143110,"highway":"service"},"geometry":{"type":"LineString","coordinates":[[140.427787,36.525335],[140.427964,36.52513]]}},{"type":"Feature","properties":{"id":589143111,"highway":"service"},"geometry":{"type":"LineString","coordinates":[[140.426705,36.528184],[140.426198,36.528934],[140.426161,36.528989],[140.425636,36.529767],[140.425664,36.529811]]}},{"type":"Feature","properties":{"id":589143112,"highway":"residential"},"geometry":{"type":"LineString","coordinates":[[140.425492,36.532275],[140.424251,36.531801],[140.423875,36.531635]]}},{"type":"Feature","properties":{"id":589143113,"highway":"residential"},"geometry":{"type":"LineString","coordinates":[[140.423762,36.532474],[140.424251,36.531801]]}},{"type":"Feature","properties":{"id":589143114,"highway":"residential"},"geometry":{"type":"LineString","coordinates":[[140.42294,36.533683],[140.423166,36.533344],[140.423762,36.532474]]}},{"type":"Feature","properties":{"id":589143115,"highway":"residential"},"geometry":{"type":"LineString","coordinates":[[140.424301,36.53387],[140.423166,36.533344],[140.422409,36.533013]]}},{"type":"Feature","properties":{"id":589143117,"highway":"residential"},"geometry":{"type":"LineString","coordinates":[[140.408698,36.547736],[140.408741,36.547412],[140.408884,36.546858],[140.408908,36.546538],[140.408909,36.546441],[140.409017,36.545969],[140.409675,36.546121],[140.409743,36.546121],[140.409809,36.546091],[140.409829,36.546054],[140.409849,36.546017],[140.409903,36.545994],[140.410674,36.545866],[140.410866,36.54585],[140.411178,36.545793]]}},{"type":"Feature","properties":{"id":589143118,"highway":"residential"},"geometry":{"type":"LineString","coordinates":[[140.408884,36.546858],[140.409325,36.546965]]}},{"type":"Feature","properties":{"id":589143119,"highway":"residential"},"geometry":{"type":"LineString","coordinates":[[140.409395,36.546804],[140.409325,36.546965],[140.409138,36.547732]]}},{"type":"Feature","properties":{"id":589143121,"highway":"residential"},"geometry":{"type":"LineString","coordinates":[[140.411555,36.54925],[140.411475,36.549602],[140.411309,36.549877],[140.411041,36.550184],[140.410803,36.550338]]}},{"type":"Feature","properties":{"id":601521418,"highway":"service"},"geometry":{"type":"LineString","coordinates":[[140.437696,36.529547],[140.437667,36.529444],[140.437918,36.529216]]}},{"type":"Feature","properties":{"id":601521430,"highway":"residential"},"geometry":{"type":"LineString","coordinates":[[140.413769,36.539808],[140.413449,36.539436],[140.41327,36.53927],[140.413061,36.539127],[140.412937,36.539047]]}},{"type":"Feature","properties":{"id":601521432,"highway":"residential"},"geometry":{"type":"LineString","coordinates":[[140.409652,36.542511],[140.409734,36.542675],[140.409805,36.542865],[140.409799,36.542951]]}},{"type":"Feature","properties":{"id":601521433,"highway":"residential"},"geometry":{"type":"LineString","coordinates":[[140.409734,36.542675],[140.410186,36.542359],[140.410208,36.542318],[140.409941,36.542041]]}},{"type":"Feature","properties":{"id":601521435,"highway":"residential"},"geometry":{"type":"LineString","coordinates":[[140.412375,36.548189],[140.412226,36.548158],[140.412158,36.548161],[140.412122,36.548192],[140.412054,36.548305],[140.412016,36.548382],[140.411939,36.548513],[140.411886,36.548575],[140.411812,36.548644],[140.411677,36.548741],[140.411645,36.548775],[140.411628,36.548822],[140.411603,36.548915],[140.411573,36.549036],[140.411554,36.549191],[140.411555,36.54925]]}},{"type":"Feature","properties":{"id":601521437,"highway":"unclassified"},"geometry":{"type":"LineString","coordinates":[[140.414292,36.547114],[140.414165,36.54704],[140.413824,36.547081]]}},{"type":"Feature","properties":{"id":601521439,"highway":"residential"},"geometry":{"type":"LineString","coordinates":[[140.409383,36.549068],[140.409386,36.54892],[140.409064,36.548598],[140.408968,36.548411],[140.408919,36.548308],[140.408866,36.548138],[140.408742,36.547959],[140.408571,36.547721]]}},{"type":"Feature","properties":{"id":601521440,"highway":"residential"},"geometry":{"type":"LineString","coordinates":[[140.408301,36.548169],[140.408607,36.547987],[140.408742,36.547959]]}},{"type":"Feature","properties":{"id":601521441,"highway":"residential"},"geometry":{"type":"LineString","coordinates":[[140.408919,36.548308],[140.409687,36.548448]]}},{"type":"Feature","properties":{"id":601521442,"highway":"residential"},"geometry":{"type":"LineString","coordinates":[[140.405488,36.548898],[140.405634,36.548131]]}},{"type":"Feature","properties":{"id":601521443,"highway":"residential"},"geometry":{"type":"LineString","coordinates":[[140.405756,36.548162],[140.405634,36.548131],[140.405547,36.548108]]}},{"type":"Feature","properties":{"id":601521446,"highway":"unclassified"},"geometry":{"type":"LineString","coordinates":[[140.418364,36.535494],[140.418233,36.535888],[140.418153,36.536202]]}},{"type":"Feature","properties":{"id":601521447,"highway":"unclassified"},"geometry":{"type":"LineString","coordinates":[[140.418364,36.536447],[140.418328,36.536417]]}},{"type":"Feature","properties":{"id":601521448,"highway":"unclassified"},"geometry":{"type":"LineString","coordinates":[[140.418328,36.536417],[140.418153,36.536202]]}},{"type":"Feature","properties":{"id":601521450,"highway":"residential"},"geometry":{"type":"LineString","coordinates":[[140.420603,36.535269],[140.420173,36.535116]]}},{"type":"Feature","properties":{"id":601521451,"highway":"residential"},"geometry":{"type":"LineString","coordinates":[[140.409614,36.549088],[140.409592,36.549216],[140.409516,36.549508],[140.409475,36.549598],[140.409217,36.550066],[140.409004,36.550523],[140.408808,36.550942]]}},{"type":"Feature","properties":{"id":601521452,"highway":"residential"},"geometry":{"type":"LineString","coordinates":[[140.409004,36.550523],[140.409567,36.55072]]}},{"type":"Feature","properties":{"id":601521453,"highway":"residential"},"geometry":{"type":"LineString","coordinates":[[140.409516,36.549508],[140.409754,36.549572],[140.410031,36.549727],[140.410382,36.550011]]}},{"type":"Feature","properties":{"id":601521454,"highway":"residential"},"geometry":{"type":"LineString","coordinates":[[140.410997,36.550527],[140.410784,36.550723],[140.410564,36.551059],[140.410249,36.551399],[140.40991,36.551786],[140.409841,36.551882],[140.409753,36.552025]]}},{"type":"Feature","properties":{"id":601521458,"highway":"residential"},"geometry":{"type":"LineString","coordinates":[[140.402422,36.56559],[140.402412,36.565524],[140.402493,36.565381],[140.402502,36.565204],[140.402733,36.564933]]}},{"type":"Feature","properties":{"id":601521459,"highway":"residential"},"geometry":{"type":"LineString","coordinates":[[140.402733,36.564933],[140.402697,36.564747],[140.40274,36.564457]]}},{"type":"Feature","properties":{"id":601521460,"highway":"residential"},"geometry":{"type":"LineString","coordinates":[[140.402733,36.564933],[140.402904,36.564933],[140.403018,36.564933],[140.403266,36.565054],[140.403368,36.565074],[140.403569,36.565214]]}},{"type":"Feature","properties":{"id":601521461,"highway":"residential"},"geometry":{"type":"LineString","coordinates":[[140.402959,36.564434],[140.403042,36.56413],[140.402669,36.563989]]}},{"type":"Feature","properties":{"id":601521462,"highway":"residential"},"geometry":{"type":"LineString","coordinates":[[140.403042,36.56413],[140.403294,36.564068],[140.403388,36.564153],[140.403678,36.564224]]}},{"type":"Feature","properties":{"id":601521463,"highway":"residential"},"geometry":{"type":"LineString","coordinates":[[140.403294,36.564068],[140.403335,36.563756]]}},{"type":"Feature","properties":{"id":614629563,"highway":"unclassified"},"geometry":{"type":"LineString","coordinates":[[140.436067,36.52319],[140.436042,36.523354],[140.436058,36.523378],[140.436295,36.523478],[140.436576,36.523486],[140.43681,36.52353],[140.437798,36.524294]]}},{"type":"Feature","properties":{"id":614629571,"highway":"unclassified"},"geometry":{"type":"LineString","coordinates":[[140.408122,36.54918],[140.40804,36.549246],[140.408006,36.54931],[140.407958,36.549952],[140.407915,36.550547],[140.407856,36.551445]]}},{"type":"Feature","properties":{"id":614629573,"highway":"unclassified"},"geometry":{"type":"LineString","coordinates":[[140.407121,36.55088],[140.407693,36.551443],[140.407856,36.551445]]}},{"type":"Feature","properties":{"id":614629579,"highway":"unclassified"},"geometry":{"type":"LineString","coordinates":[[140.407856,36.551445],[140.40814,36.551447],[140.408314,36.54954],[140.408205,36.549532]]}},{"type":"Feature","properties":{"id":614629581,"highway":"unclassified"},"geometry":{"type":"LineString","coordinates":[[140.407721,36.552883],[140.407639,36.55337],[140.407591,36.553593],[140.407583,36.553624],[140.407538,36.553805],[140.40744,36.554126],[140.407442,36.554181],[140.407463,36.554241],[140.407504,36.554261]]}},{"type":"Feature","properties":{"id":614629584,"highway":"unclassified"},"geometry":{"type":"LineString","coordinates":[[140.407463,36.55464],[140.407536,36.554616],[140.407581,36.554591],[140.407696,36.554302],[140.407786,36.55403],[140.407868,36.553734],[140.4079,36.553599],[140.407956,36.553303],[140.408035,36.552741]]}},{"type":"Feature","properties":{"id":614629589,"highway":"unclassified"},"geometry":{"type":"LineString","coordinates":[[140.408035,36.552741],[140.408105,36.551791]]}},{"type":"Feature","properties":{"id":614629591,"highway":"unclassified"},"geometry":{"type":"LineString","coordinates":[[140.408105,36.551791],[140.408109,36.551746],[140.407968,36.551735],[140.407833,36.551727],[140.407744,36.552777]]}},{"type":"Feature","properties":{"id":614629593,"highway":"residential"},"geometry":{"type":"LineString","coordinates":[[140.404901,36.549571],[140.405152,36.549568],[140.405446,36.549469],[140.405808,36.549302],[140.405841,36.548907]]}},{"type":"Feature","properties":{"id":614629594,"highway":"residential"},"geometry":{"type":"LineString","coordinates":[[140.403078,36.550149],[140.402896,36.549981],[140.402791,36.549825],[140.402781,36.549794],[140.402775,36.549773],[140.402749,36.549587],[140.402758,36.549416],[140.402875,36.549217],[140.403104,36.548959],[140.403276,36.548638]]}},{"type":"Feature","properties":{"id":614629596,"highway":"residential"},"geometry":{"type":"LineString","coordinates":[[140.404573,36.550241],[140.404183,36.550118],[140.404117,36.550114],[140.40405,36.550148],[140.403954,36.550448],[140.404433,36.550552]]}},{"type":"Feature","properties":{"id":614629598,"highway":"residential"},"geometry":{"type":"LineString","coordinates":[[140.406815,36.551471],[140.405725,36.551308]]}},{"type":"Feature","properties":{"id":614629599,"highway":"residential"},"geometry":{"type":"LineString","coordinates":[[140.405201,36.550984],[140.405747,36.551086],[140.405725,36.551308],[140.405724,36.551316],[140.405687,36.551575],[140.405687,36.551701],[140.405535,36.551915],[140.405399,36.55234]]}},{"type":"Feature","properties":{"id":614629601,"highway":"residential"},"geometry":{"type":"LineString","coordinates":[[140.407016,36.551083],[140.405999,36.550872]]}},{"type":"Feature","properties":{"id":614629602,"highway":"residential"},"geometry":{"type":"LineString","coordinates":[[140.402881,36.55317],[140.403049,36.552554]]}},{"type":"Feature","properties":{"id":614629604,"highway":"residential"},"geometry":{"type":"LineString","coordinates":[[140.403049,36.552554],[140.40366,36.552642]]}},{"type":"Feature","properties":{"id":614629606,"highway":"residential"},"geometry":{"type":"LineString","coordinates":[[140.403049,36.552554],[140.403055,36.552493],[140.402736,36.552475],[140.401722,36.552419]]}},{"type":"Feature","properties":{"id":614629607,"highway":"residential"},"geometry":{"type":"LineString","coordinates":[[140.401702,36.550458],[140.402477,36.550587],[140.403024,36.550414],[140.403078,36.550149]]}},{"type":"Feature","properties":{"id":614629608,"highway":"residential"},"geometry":{"type":"LineString","coordinates":[[140.401702,36.550458],[140.401112,36.550325],[140.401085,36.550312],[140.40122,36.549835],[140.401288,36.549453],[140.401417,36.549117],[140.401994,36.549307]]}},{"type":"Feature","properties":{"id":614629609,"highway":"residential"},"geometry":{"type":"LineString","coordinates":[[140.400571,36.548837],[140.400749,36.548672],[140.401033,36.548449],[140.401207,36.548308],[140.401414,36.548185],[140.401593,36.54783]]}},{"type":"Feature","properties":{"id":614629610,"highway":"service"},"geometry":{"type":"LineString","coordinates":[[140.402012,36.547975],[140.402076,36.547838],[140.402159,36.547625],[140.402187,36.547483],[140.402183,36.547393],[140.402094,36.547314],[140.401963,36.547269]]}},{"type":"Feature","properties":{"id":614629614,"highway":"residential"},"geometry":{"type":"LineString","coordinates":[[140.404868,36.548861],[140.404882,36.548397],[140.404956,36.54815]]}},{"type":"Feature","properties":{"id":614629615,"highway":"residential"},"geometry":{"type":"LineString","coordinates":[[140.405145,36.548171],[140.404956,36.54815],[140.404734,36.548115]]}},{"type":"Feature","properties":{"id":614629616,"highway":"residential"},"geometry":{"type":"LineString","coordinates":[[140.404734,36.548115],[140.404831,36.547765]]}},{"type":"Feature","properties":{"id":614629617,"highway":"residential"},"geometry":{"type":"LineString","coordinates":[[140.405145,36.548171],[140.405225,36.547821],[140.405335,36.547356],[140.404952,36.54729],[140.404831,36.547765]]}},{"type":"Feature","properties":{"id":614629618,"highway":"residential"},"geometry":{"type":"LineString","coordinates":[[140.404831,36.547765],[140.405225,36.547821]]}},{"type":"Feature","properties":{"id":614629620,"highway":"residential"},"geometry":{"type":"LineString","coordinates":[[140.407127,36.54894],[140.407132,36.549409],[140.406985,36.54995],[140.406647,36.550511]]}},{"type":"Feature","properties":{"id":614629623,"highway":"residential"},"geometry":{"type":"LineString","coordinates":[[140.405913,36.546753],[140.406368,36.545672],[140.406445,36.545533],[140.406524,36.545391]]}},{"type":"Feature","properties":{"id":614629624,"highway":"residential"},"geometry":{"type":"LineString","coordinates":[[140.405518,36.546108],[140.4058,36.545223],[140.406524,36.545391],[140.407091,36.544516]]}},{"type":"Feature","properties":{"id":614629626,"highway":"residential"},"geometry":{"type":"LineString","coordinates":[[140.406348,36.555744],[140.40673,36.556004]]}},{"type":"Feature","properties":{"id":614629627,"highway":"residential"},"geometry":{"type":"LineString","coordinates":[[140.406851,36.556015],[140.40673,36.556004],[140.406497,36.556192],[140.406485,36.556205],[140.406326,36.556387],[140.406126,36.556798]]}},{"type":"Feature","properties":{"id":614629628,"highway":"residential"},"geometry":{"type":"LineString","coordinates":[[140.407395,36.555639],[140.407392,36.555701],[140.407493,36.555806],[140.407654,36.555905],[140.407673,36.555954],[140.407655,36.556003],[140.407575,36.556114],[140.408036,36.556376],[140.408559,36.556658]]}},{"type":"Feature","properties":{"id":614629629,"highway":"residential"},"geometry":{"type":"LineString","coordinates":[[140.405423,36.558176],[140.405981,36.557439],[140.406339,36.557631],[140.405946,36.558106],[140.406436,36.558396]]}},{"type":"Feature","properties":{"id":614629630,"highway":"residential"},"geometry":{"type":"LineString","coordinates":[[140.401899,36.569368],[140.401861,36.569247],[140.401878,36.569051],[140.401883,36.5689],[140.402062,36.568795],[140.402589,36.568638],[140.402701,36.5687],[140.402826,36.568797]]}},{"type":"Feature","properties":{"id":628947156,"highway":"trunk"},"geometry":{"type":"LineString","coordinates":[[140.440436,36.512855],[140.440882,36.512113],[140.441016,36.511878],[140.441143,36.511635],[140.441267,36.511365],[140.44138,36.511084]]}},{"type":"Feature","properties":{"id":630408671,"highway":"tertiary"},"geometry":{"type":"LineString","coordinates":[[140.40455,36.585529],[140.407689,36.586013],[140.408818,36.586114]]}},{"type":"Feature","properties":{"id":630408672,"highway":"service"},"geometry":{"type":"LineString","coordinates":[[140.403555,36.586154],[140.403708,36.586128]]}},{"type":"Feature","properties":{"id":630408673,"highway":"service"},"geometry":{"type":"LineString","coordinates":[[140.403555,36.586154],[140.403471,36.586074],[140.403374,36.586002],[140.403353,36.585947],[140.403353,36.585825],[140.403417,36.585688]]}},{"type":"Feature","properties":{"id":630408675,"highway":"service"},"geometry":{"type":"LineString","coordinates":[[140.403708,36.586128],[140.403821,36.585935]]}},{"type":"Feature","properties":{"id":630408676,"highway":"unclassified"},"geometry":{"type":"LineString","coordinates":[[140.402664,36.585731],[140.402461,36.585703],[140.402218,36.585632],[140.402014,36.5856],[140.401886,36.585594],[140.401766,36.58561],[140.401661,36.585639],[140.40157,36.585672]]}},{"type":"Feature","properties":{"id":630408681,"highway":"unclassified"},"geometry":{"type":"LineString","coordinates":[[140.399964,36.570494],[140.400297,36.570501],[140.400496,36.570527],[140.400707,36.570615],[140.400939,36.570775],[140.401183,36.570847],[140.401317,36.57087],[140.401524,36.571017],[140.40176,36.571069],[140.402016,36.571066],[140.402171,36.570909],[140.402277,36.570844],[140.402435,36.570834],[140.40259,36.570811],[140.402935,36.570749],[140.403045,36.570715],[140.40324,36.57073],[140.403555,36.570723],[140.403842,36.570676],[140.404127,36.570529],[140.404471,36.57035],[140.404653,36.570247],[140.404782,36.570186]]}},{"type":"Feature","properties":{"id":630408682,"highway":"unclassified"},"geometry":{"type":"LineString","coordinates":[[140.403649,36.573668],[140.403686,36.573533],[140.403705,36.573496],[140.403746,36.573423],[140.403834,36.573399],[140.404034,36.573389],[140.404273,36.573391],[140.404329,36.573405],[140.404437,36.572963],[140.404493,36.572827],[140.404601,36.572602],[140.404765,36.572418],[140.405112,36.572192]]}},{"type":"Feature","properties":{"id":631278140,"highway":"service"},"geometry":{"type":"LineString","coordinates":[[140.487355,36.542809],[140.487506,36.542689],[140.487711,36.542661],[140.487865,36.542542],[140.48771,36.542468]]}},{"type":"Feature","properties":{"id":631278141,"highway":"residential"},"geometry":{"type":"LineString","coordinates":[[140.484195,36.538885],[140.484079,36.539097]]}},{"type":"Feature","properties":{"id":631278142,"highway":"residential"},"geometry":{"type":"LineString","coordinates":[[140.485008,36.538107],[140.484739,36.538209],[140.484498,36.538685],[140.484329,36.538631],[140.484195,36.538885],[140.484554,36.53901],[140.484675,36.538769],[140.484498,36.538685]]}},{"type":"Feature","properties":{"id":633150056,"highway":"service"},"geometry":{"type":"LineString","coordinates":[[140.420739,36.59161],[140.420809,36.591557],[140.420951,36.591539]]}},{"type":"Feature","properties":{"id":633150057,"highway":"residential"},"geometry":{"type":"LineString","coordinates":[[140.421056,36.59151],[140.421154,36.591486]]}},{"type":"Feature","properties":{"id":633150058,"highway":"residential"},"geometry":{"type":"LineString","coordinates":[[140.421154,36.591486],[140.421368,36.591438],[140.421572,36.591456],[140.421742,36.591534],[140.421861,36.591608],[140.421963,36.591651],[140.422088,36.591727],[140.422301,36.591834],[140.422425,36.591923],[140.422539,36.59202],[140.422706,36.592264],[140.422775,36.592383],[140.422799,36.592511],[140.422767,36.592947],[140.422843,36.593067],[140.422934,36.593166],[140.423092,36.593239],[140.423185,36.593278],[140.423241,36.593336],[140.423232,36.593413],[140.42318,36.593439],[140.423078,36.593452],[140.42295,36.59339],[140.422769,36.5933],[140.422614,36.593199],[140.422463,36.593057],[140.422367,36.592977],[140.422309,36.592968],[140.422242,36.592986],[140.422228,36.593066],[140.422324,36.593203],[140.422401,36.593339],[140.422552,36.593387],[140.42269,36.5935],[140.42284,36.593674],[140.423028,36.593794],[140.423226,36.593818],[140.423313,36.593867],[140.423311,36.59398]]}},{"type":"Feature","properties":{"id":633150062,"highway":"service"},"geometry":{"type":"LineString","coordinates":[[140.421368,36.591438],[140.421445,36.591315],[140.421471,36.591207]]}},{"type":"Feature","properties":{"id":633150064,"highway":"service"},"geometry":{"type":"LineString","coordinates":[[140.422301,36.591834],[140.422366,36.591813],[140.422706,36.592022],[140.422902,36.592168],[140.423056,36.592391],[140.423236,36.592694],[140.423285,36.592742],[140.423347,36.592758],[140.423457,36.592783],[140.423558,36.592802],[140.423628,36.592839],[140.42369,36.592894],[140.423742,36.593016],[140.423768,36.593066],[140.423871,36.593225],[140.424002,36.593337]]}},{"type":"Feature","properties":{"id":634049032,"highway":"tertiary"},"geometry":{"type":"LineString","coordinates":[[140.411019,36.582768],[140.411287,36.582762],[140.412045,36.582752],[140.413765,36.582724],[140.416257,36.582692],[140.417078,36.582673],[140.417691,36.582635]]}},{"type":"Feature","properties":{"id":634049041,"highway":"residential"},"geometry":{"type":"LineString","coordinates":[[140.402052,36.582193],[140.400442,36.58166],[140.400223,36.581611],[140.400198,36.581629],[140.400163,36.581649],[140.400147,36.581682],[140.400123,36.581843],[140.400068,36.582139],[140.399985,36.582357],[140.399922,36.582501],[140.39984,36.582625],[140.3997,36.582876],[140.399664,36.582994],[140.399873,36.583082],[140.400109,36.583185],[140.39995,36.583502],[140.399905,36.583603],[140.399762,36.583848]]}},{"type":"Feature","properties":{"id":634049044,"highway":"unclassified"},"geometry":{"type":"LineString","coordinates":[[140.426574,36.570724],[140.42668,36.570585],[140.426911,36.57038],[140.427296,36.569764],[140.427523,36.5694],[140.427555,36.569373],[140.428091,36.568934]]}},{"type":"Feature","properties":{"id":634049045,"highway":"service"},"geometry":{"type":"LineString","coordinates":[[140.425754,36.570422],[140.426004,36.570451],[140.426004,36.570724],[140.426375,36.570724],[140.426574,36.570724]]}},{"type":"Feature","properties":{"id":634049059,"highway":"service"},"geometry":{"type":"LineString","coordinates":[[140.425538,36.570389],[140.425601,36.570206]]}},{"type":"Feature","properties":{"id":634049060,"highway":"service"},"geometry":{"type":"LineString","coordinates":[[140.425473,36.570172],[140.425601,36.570206],[140.425994,36.570268]]}},{"type":"Feature","properties":{"id":634049061,"highway":"service"},"geometry":{"type":"LineString","coordinates":[[140.425519,36.570386],[140.425424,36.570317],[140.425223,36.570319],[140.424621,36.570329]]}},{"type":"Feature","properties":{"id":634049062,"highway":"service"},"geometry":{"type":"LineString","coordinates":[[140.424551,36.570485],[140.425211,36.570465],[140.425223,36.570319]]}},{"type":"Feature","properties":{"id":634049063,"highway":"service"},"geometry":{"type":"LineString","coordinates":[[140.425473,36.570172],[140.424742,36.570176],[140.424621,36.570329],[140.424565,36.570401],[140.424551,36.570485],[140.424539,36.570585]]}},{"type":"Feature","properties":{"id":634049068,"highway":"residential"},"geometry":{"type":"LineString","coordinates":[[140.423445,36.570622],[140.423446,36.570875],[140.42345,36.571144],[140.423476,36.57116],[140.423901,36.571147],[140.423929,36.571121],[140.423925,36.570891],[140.423925,36.570867],[140.424124,36.570852],[140.424151,36.570831],[140.424159,36.570591]]}},{"type":"Feature","properties":{"id":635488680,"highway":"residential"},"geometry":{"type":"LineString","coordinates":[[140.400411,36.562177],[140.399944,36.561524],[140.399611,36.561531],[140.399453,36.561595],[140.399408,36.561624],[140.399281,36.561707],[140.398946,36.56186],[140.398694,36.561942],[140.398526,36.562097],[140.398458,36.56216],[140.398448,36.562236],[140.398435,36.562344],[140.398417,36.562487],[140.398227,36.56275]]}},{"type":"Feature","properties":{"id":635488691,"highway":"service"},"geometry":{"type":"LineString","coordinates":[[140.400167,36.573334],[140.400041,36.573301],[140.400003,36.573204],[140.399992,36.573119],[140.399947,36.573014],[140.399903,36.57293],[140.399863,36.572874],[140.39981,36.572797],[140.399737,36.57274],[140.399616,36.572665],[140.399499,36.572613],[140.399399,36.572589],[140.399196,36.572566],[140.398978,36.57256],[140.398815,36.572589],[140.398656,36.572645],[140.398542,36.572701],[140.398437,36.572785],[140.398346,36.572868],[140.398306,36.57296],[140.398311,36.573132],[140.398327,36.573335],[140.398353,36.573487]]}},{"type":"Feature","properties":{"id":639334807,"highway":"unclassified"},"geometry":{"type":"LineString","coordinates":[[140.40748,36.559481],[140.407428,36.559514],[140.407382,36.559532],[140.407338,36.559538],[140.407287,36.559533],[140.407238,36.559523],[140.407168,36.559497]]}},{"type":"Feature","properties":{"id":639334810,"highway":"residential"},"geometry":{"type":"LineString","coordinates":[[140.406162,36.561986],[140.405029,36.561412]]}},{"type":"Feature","properties":{"id":639334813,"highway":"residential"},"geometry":{"type":"LineString","coordinates":[[140.404517,36.560148],[140.40422,36.560609],[140.404131,36.560693],[140.403788,36.561166],[140.403469,36.561604],[140.403389,36.561713]]}},{"type":"Feature","properties":{"id":639334814,"highway":"residential"},"geometry":{"type":"LineString","coordinates":[[140.403788,36.561166],[140.404115,36.561319],[140.404519,36.56076],[140.40422,36.560609]]}},{"type":"Feature","properties":{"id":639334815,"highway":"residential"},"geometry":{"type":"LineString","coordinates":[[140.404131,36.560693],[140.403499,36.560417]]}},{"type":"Feature","properties":{"id":639334816,"highway":"residential"},"geometry":{"type":"LineString","coordinates":[[140.403326,36.56052],[140.402847,36.560191],[140.402958,36.559896],[140.402243,36.559711],[140.40232,36.559372]]}},{"type":"Feature","properties":{"id":639871273,"highway":"residential"},"geometry":{"type":"LineString","coordinates":[[140.400712,36.559373],[140.400451,36.55884],[140.40045,36.558791],[140.400489,36.558718],[140.400698,36.558526],[140.400732,36.55846],[140.400783,36.55838],[140.400783,36.558111]]}},{"type":"Feature","properties":{"id":639871275,"highway":"residential"},"geometry":{"type":"LineString","coordinates":[[140.399672,36.559555],[140.40027,36.559713]]}},{"type":"Feature","properties":{"id":639871283,"highway":"residential"},"geometry":{"type":"LineString","coordinates":[[140.400283,36.558715],[140.398734,36.558134]]}},{"type":"Feature","properties":{"id":639871287,"highway":"residential"},"geometry":{"type":"LineString","coordinates":[[140.404097,36.559409],[140.404261,36.559331],[140.403906,36.558732],[140.404184,36.558432]]}},{"type":"Feature","properties":{"id":639871289,"highway":"residential"},"geometry":{"type":"LineString","coordinates":[[140.399872,36.557129],[140.40056,36.55738],[140.400983,36.557475],[140.401223,36.557368],[140.401452,36.557481],[140.401875,36.557312],[140.401847,36.557186],[140.402193,36.557063],[140.402367,36.556803]]}},{"type":"Feature","properties":{"id":639871296,"highway":"service"},"geometry":{"type":"LineString","coordinates":[[140.412029,36.550123],[140.412373,36.550125],[140.412588,36.550128]]}},{"type":"Feature","properties":{"id":639871297,"highway":"residential"},"geometry":{"type":"LineString","coordinates":[[140.412373,36.550125],[140.412332,36.550484],[140.411973,36.550485]]}},{"type":"Feature","properties":{"id":639871309,"highway":"residential"},"geometry":{"type":"LineString","coordinates":[[140.417802,36.550255],[140.417789,36.550391],[140.418,36.55072],[140.418486,36.55124],[140.418663,36.551184],[140.418934,36.551191],[140.419231,36.551234],[140.41935,36.550756],[140.419331,36.550677],[140.418999,36.550557],[140.418929,36.550511],[140.418887,36.550441]]}},{"type":"Feature","properties":{"id":639871310,"highway":"residential"},"geometry":{"type":"LineString","coordinates":[[140.419231,36.551234],[140.419518,36.551285],[140.419784,36.551276],[140.420015,36.5513]]}},{"type":"Feature","properties":{"id":639871311,"highway":"service"},"geometry":{"type":"LineString","coordinates":[[140.419518,36.551285],[140.419592,36.550951]]}},{"type":"Feature","properties":{"id":639871312,"highway":"residential"},"geometry":{"type":"LineString","coordinates":[[140.418486,36.55124],[140.418553,36.551555],[140.418605,36.551791],[140.418532,36.55218]]}},{"type":"Feature","properties":{"id":639871313,"highway":"residential"},"geometry":{"type":"LineString","coordinates":[[140.418605,36.551791],[140.419081,36.551926],[140.419686,36.552152],[140.420253,36.552234],[140.420592,36.552097]]}},{"type":"Feature","properties":{"id":639871318,"highway":"residential"},"geometry":{"type":"LineString","coordinates":[[140.41289,36.546156],[140.412268,36.545387]]}},{"type":"Feature","properties":{"id":646074938,"highway":"service"},"geometry":{"type":"LineString","coordinates":[[140.472424,36.500494],[140.471995,36.500798],[140.472326,36.501198]]}},{"type":"Feature","properties":{"id":646326650,"highway":"service"},"geometry":{"type":"LineString","coordinates":[[140.435365,36.510515],[140.435207,36.510864],[140.435148,36.51097],[140.435153,36.51106]]}},{"type":"Feature","properties":{"id":646326651,"highway":"service"},"geometry":{"type":"LineString","coordinates":[[140.435886,36.510653],[140.435777,36.510942],[140.435743,36.511112],[140.435731,36.511204],[140.435746,36.511519],[140.435734,36.511606]]}},{"type":"Feature","properties":{"id":646326652,"highway":"service"},"geometry":{"type":"LineString","coordinates":[[140.437031,36.5101],[140.436901,36.510489]]}},{"type":"Feature","properties":{"id":646326653,"highway":"residential"},"geometry":{"type":"LineString","coordinates":[[140.43753,36.510893],[140.437617,36.510613],[140.437707,36.51048]]}},{"type":"Feature","properties":{"id":646326654,"highway":"service"},"geometry":{"type":"LineString","coordinates":[[140.434389,36.510096],[140.434189,36.510448]]}},{"type":"Feature","properties":{"id":646326655,"highway":"residential"},"geometry":{"type":"LineString","coordinates":[[140.434662,36.510187],[140.434389,36.510096],[140.433839,36.509936],[140.433607,36.50989]]}},{"type":"Feature","properties":{"id":646326656,"highway":"residential"},"geometry":{"type":"LineString","coordinates":[[140.43719,36.509359],[140.436999,36.509349],[140.436315,36.509367],[140.436301,36.509615],[140.4363,36.509789],[140.436241,36.509959]]}},{"type":"Feature","properties":{"id":646326657,"highway":"service"},"geometry":{"type":"LineString","coordinates":[[140.438612,36.508971],[140.43821,36.508978],[140.438104,36.508998],[140.438078,36.509049],[140.43805,36.50921]]}},{"type":"Feature","properties":{"id":646326658,"highway":"residential"},"geometry":{"type":"LineString","coordinates":[[140.436466,36.506604],[140.436387,36.506562],[140.436303,36.50649],[140.436257,36.506422],[140.436239,36.506332],[140.436265,36.506235],[140.436307,36.506126],[140.436504,36.50571],[140.43654,36.505587],[140.436528,36.505541]]}},{"type":"Feature","properties":{"id":646326659,"highway":"residential"},"geometry":{"type":"LineString","coordinates":[[140.430566,36.507666],[140.43049,36.507984],[140.430362,36.508173],[140.430176,36.508688]]}},{"type":"Feature","properties":{"id":646326662,"highway":"service"},"geometry":{"type":"LineString","coordinates":[[140.431507,36.507829],[140.431361,36.508253]]}},{"type":"Feature","properties":{"id":646447391,"highway":"residential"},"geometry":{"type":"LineString","coordinates":[[140.445187,36.507346],[140.445232,36.507363],[140.445406,36.507359],[140.445454,36.507366],[140.445486,36.507392],[140.445498,36.507415],[140.445501,36.507452],[140.445479,36.507478],[140.445437,36.507501],[140.445112,36.507563],[140.444798,36.507621],[140.444707,36.50766],[140.44464,36.507701],[140.444595,36.507745],[140.444477,36.507895],[140.444404,36.507977],[140.444175,36.508155],[140.443865,36.508435],[140.443779,36.508475],[140.443675,36.508483],[140.443582,36.508471],[140.443299,36.508395],[140.442994,36.508245]]}},{"type":"Feature","properties":{"id":646447392,"highway":"residential"},"geometry":{"type":"LineString","coordinates":[[140.448126,36.503952],[140.448103,36.504061],[140.447894,36.504109],[140.448008,36.504511]]}},{"type":"Feature","properties":{"id":646447393,"highway":"residential"},"geometry":{"type":"LineString","coordinates":[[140.448054,36.503879],[140.448126,36.503952],[140.448505,36.503966],[140.448552,36.50398],[140.448619,36.504032],[140.448684,36.504203],[140.448953,36.504541],[140.449105,36.504545],[140.449243,36.50453]]}},{"type":"Feature","properties":{"id":646447394,"highway":"residential"},"geometry":{"type":"LineString","coordinates":[[140.446279,36.504564],[140.446683,36.504857],[140.446849,36.504955],[140.447018,36.505027],[140.44716,36.50506]]}},{"type":"Feature","properties":{"id":646447395,"highway":"residential"},"geometry":{"type":"LineString","coordinates":[[140.446125,36.504122],[140.446429,36.504354],[140.446435,36.50439],[140.446402,36.50443],[140.446279,36.504564],[140.446052,36.504772],[140.445724,36.505042],[140.445476,36.50524],[140.444934,36.505682],[140.444798,36.505653]]}},{"type":"Feature","properties":{"id":646447396,"highway":"residential"},"geometry":{"type":"LineString","coordinates":[[140.445476,36.50524],[140.445945,36.505589],[140.446228,36.505848],[140.446396,36.505959],[140.446534,36.506035],[140.446582,36.506092]]}},{"type":"Feature","properties":{"id":646447397,"highway":"unclassified"},"geometry":{"type":"LineString","coordinates":[[140.442424,36.505107],[140.443677,36.506066],[140.444057,36.506401]]}},{"type":"Feature","properties":{"id":646447398,"highway":"residential"},"geometry":{"type":"LineString","coordinates":[[140.442587,36.50311],[140.442446,36.503275],[140.442222,36.50345],[140.441852,36.503632]]}},{"type":"Feature","properties":{"id":646447399,"highway":"residential"},"geometry":{"type":"LineString","coordinates":[[140.443976,36.504229],[140.442814,36.503224],[140.442587,36.50311],[140.44263,36.503045],[140.443766,36.502288],[140.443956,36.502204],[140.444297,36.50212],[140.444343,36.502085]]}},{"type":"Feature","properties":{"id":646447400,"highway":"residential"},"geometry":{"type":"LineString","coordinates":[[140.445624,36.502885],[140.445686,36.502953],[140.445834,36.503252],[140.445987,36.50341],[140.446456,36.503862]]}},{"type":"Feature","properties":{"id":646481822,"highway":"residential"},"geometry":{"type":"LineString","coordinates":[[140.453609,36.501195],[140.453595,36.50088],[140.453611,36.500572],[140.453685,36.500247],[140.45373,36.500206],[140.453776,36.499847],[140.453812,36.499792]]}},{"type":"Feature","properties":{"id":646481823,"highway":"residential"},"geometry":{"type":"LineString","coordinates":[[140.453834,36.501184],[140.454061,36.501604],[140.454143,36.501602],[140.454373,36.501506]]}},{"type":"Feature","properties":{"id":646481824,"highway":"residential"},"geometry":{"type":"LineString","coordinates":[[140.452656,36.500302],[140.452652,36.500395],[140.452616,36.500469],[140.452338,36.500704],[140.452286,36.500839]]}},{"type":"Feature","properties":{"id":646481827,"highway":"residential"},"geometry":{"type":"LineString","coordinates":[[140.470283,36.500058],[140.470685,36.500456],[140.470667,36.500509],[140.470576,36.500595]]}},{"type":"Feature","properties":{"id":646481833,"highway":"residential"},"geometry":{"type":"LineString","coordinates":[[140.454732,36.50977],[140.454398,36.509963],[140.454351,36.51002],[140.454236,36.51019],[140.454032,36.510419],[140.454265,36.510632],[140.454316,36.510768],[140.454504,36.510912],[140.454554,36.510978],[140.454601,36.51109],[140.454536,36.511124],[140.454087,36.511209],[140.45369,36.511258],[140.453062,36.511302],[140.452997,36.511286],[140.45299,36.51117],[140.452943,36.511151]]}},{"type":"Feature","properties":{"id":646481834,"highway":"residential"},"geometry":{"type":"LineString","coordinates":[[140.454656,36.509582],[140.454732,36.50977],[140.45483,36.510008],[140.454857,36.510068],[140.454723,36.510232],[140.454647,36.510386]]}},{"type":"Feature","properties":{"id":646481835,"highway":"service"},"geometry":{"type":"LineString","coordinates":[[140.455289,36.509324],[140.455624,36.509768],[140.455592,36.509864]]}},{"type":"Feature","properties":{"id":646481836,"highway":"service"},"geometry":{"type":"LineString","coordinates":[[140.457518,36.508695],[140.457141,36.50889],[140.457101,36.508901]]}},{"type":"Feature","properties":{"id":646481837,"highway":"service"},"geometry":{"type":"LineString","coordinates":[[140.457101,36.508901],[140.457053,36.508913],[140.456874,36.509038],[140.456783,36.509171]]}},{"type":"Feature","properties":{"id":646481838,"highway":"residential"},"geometry":{"type":"LineString","coordinates":[[140.457631,36.509562],[140.457281,36.509757],[140.457179,36.509755],[140.456883,36.509466]]}},{"type":"Feature","properties":{"id":646481839,"highway":"unclassified"},"geometry":{"type":"LineString","coordinates":[[140.458831,36.509144],[140.458796,36.509141],[140.458564,36.509296],[140.458443,36.509332],[140.458109,36.509511],[140.457867,36.509692]]}},{"type":"Feature","properties":{"id":646481840,"highway":"service"},"geometry":{"type":"LineString","coordinates":[[140.456118,36.508948],[140.456553,36.509549]]}},{"type":"Feature","properties":{"id":646522245,"highway":"residential"},"geometry":{"type":"LineString","coordinates":[[140.448588,36.500048],[140.448493,36.499748],[140.448586,36.499641],[140.44852,36.499513],[140.448477,36.499376],[140.448262,36.499276]]}},{"type":"Feature","properties":{"id":646522246,"highway":"service"},"geometry":{"type":"LineString","coordinates":[[140.44969,36.49977],[140.449964,36.500024]]}},{"type":"Feature","properties":{"id":646562601,"highway":"residential"},"geometry":{"type":"LineString","coordinates":[[140.445405,36.501169],[140.4455,36.501106],[140.446386,36.500487],[140.447125,36.499961],[140.447251,36.499893],[140.447392,36.499886],[140.447642,36.49991],[140.447864,36.499943],[140.448099,36.500014]]}},{"type":"Feature","properties":{"id":646574269,"highway":"residential"},"geometry":{"type":"LineString","coordinates":[[140.438471,36.50622],[140.438022,36.506507],[140.437646,36.50663],[140.437158,36.506943],[140.436917,36.507151]]}},{"type":"Feature","properties":{"id":646574270,"highway":"service"},"geometry":{"type":"LineString","coordinates":[[140.43856,36.504977],[140.438906,36.505171]]}},{"type":"Feature","properties":{"id":646574271,"highway":"service"},"geometry":{"type":"LineString","coordinates":[[140.43831,36.504229],[140.437889,36.503996]]}},{"type":"Feature","properties":{"id":646574272,"highway":"residential"},"geometry":{"type":"LineString","coordinates":[[140.438852,36.504249],[140.438153,36.505059]]}},{"type":"Feature","properties":{"id":646574273,"highway":"residential"},"geometry":{"type":"LineString","coordinates":[[140.437679,36.504923],[140.437923,36.50489],[140.437985,36.504906]]}},{"type":"Feature","properties":{"id":646952813,"highway":"residential"},"geometry":{"type":"LineString","coordinates":[[140.433196,36.500561],[140.433227,36.500539],[140.433418,36.500544],[140.433714,36.500496],[140.43387,36.500496],[140.434125,36.500562],[140.434457,36.500599],[140.4347,36.500645],[140.434956,36.500708],[140.435165,36.50073],[140.435552,36.500762],[140.435906,36.500701]]}},{"type":"Feature","properties":{"id":646952819,"highway":"residential"},"geometry":{"type":"LineString","coordinates":[[140.436116,36.500113],[140.43545,36.500022],[140.435097,36.49996],[140.434414,36.499924],[140.434172,36.499915],[140.433647,36.499957],[140.433411,36.499971],[140.433127,36.499949],[140.432951,36.499916]]}},{"type":"Feature","properties":{"id":646965955,"highway":"residential"},"geometry":{"type":"LineString","coordinates":[[140.421689,36.504492],[140.421875,36.504286],[140.42196,36.504237],[140.422086,36.504034],[140.422153,36.504036],[140.422716,36.504254],[140.423219,36.504387]]}},{"type":"Feature","properties":{"id":646965956,"highway":"residential"},"geometry":{"type":"LineString","coordinates":[[140.423421,36.503993],[140.423162,36.503911],[140.423059,36.503889],[140.422941,36.503925],[140.422846,36.504087]]}},{"type":"Feature","properties":{"id":646965958,"highway":"service"},"geometry":{"type":"LineString","coordinates":[[140.418503,36.502923],[140.418218,36.502858],[140.417896,36.502787],[140.417786,36.502744],[140.417683,36.502692],[140.417578,36.502621],[140.417444,36.502503],[140.417357,36.50237],[140.417298,36.502219],[140.417262,36.501734],[140.417204,36.50166]]}},{"type":"Feature","properties":{"id":646965960,"highway":"residential"},"geometry":{"type":"LineString","coordinates":[[140.423219,36.504387],[140.42382,36.504587]]}},{"type":"Feature","properties":{"id":647834770,"highway":"service"},"geometry":{"type":"LineString","coordinates":[[140.453241,36.505127],[140.453159,36.505176],[140.45302,36.505269],[140.452578,36.505554],[140.452207,36.505184],[140.452628,36.504906],[140.45302,36.505269]]}},{"type":"Feature","properties":{"id":647834771,"highway":"service"},"geometry":{"type":"LineString","coordinates":[[140.45055,36.503828],[140.450498,36.50385],[140.450408,36.504299],[140.450431,36.504409],[140.450508,36.504485]]}},{"type":"Feature","properties":{"id":647834773,"highway":"service"},"geometry":{"type":"LineString","coordinates":[[140.449888,36.504066],[140.450471,36.503722]]}},{"type":"Feature","properties":{"id":647834774,"highway":"service"},"geometry":{"type":"LineString","coordinates":[[140.450471,36.503722],[140.450791,36.503501]]}},{"type":"Feature","properties":{"id":647834775,"highway":"residential"},"geometry":{"type":"LineString","coordinates":[[140.450194,36.503352],[140.450874,36.503037],[140.450945,36.50298],[140.450957,36.502911],[140.450943,36.502854],[140.450888,36.502779]]}},{"type":"Feature","properties":{"id":647846160,"highway":"residential"},"geometry":{"type":"LineString","coordinates":[[140.432628,36.511355],[140.43345,36.511363]]}},{"type":"Feature","properties":{"id":647846161,"highway":"residential"},"geometry":{"type":"LineString","coordinates":[[140.434054,36.51192],[140.433937,36.511906],[140.433461,36.511891]]}},{"type":"Feature","properties":{"id":647846163,"highway":"residential"},"geometry":{"type":"LineString","coordinates":[[140.433673,36.512653],[140.43369,36.5126],[140.433568,36.51249],[140.433475,36.512355],[140.433461,36.511891]]}},{"type":"Feature","properties":{"id":647846166,"highway":"residential"},"geometry":{"type":"LineString","coordinates":[[140.438525,36.510579],[140.438489,36.511208],[140.438653,36.511237],[140.43869,36.511305],[140.438714,36.511546]]}},{"type":"Feature","properties":{"id":647846168,"highway":"residential"},"geometry":{"type":"LineString","coordinates":[[140.442644,36.507607],[140.442383,36.508145],[140.442155,36.508444],[140.44213,36.508469],[140.442088,36.50851]]}},{"type":"Feature","properties":{"id":647849404,"highway":"service"},"geometry":{"type":"LineString","coordinates":[[140.452421,36.512351],[140.452417,36.512758]]}},{"type":"Feature","properties":{"id":647872054,"highway":"residential"},"geometry":{"type":"LineString","coordinates":[[140.419632,36.51118],[140.42002,36.511539],[140.420195,36.511648],[140.420329,36.511696],[140.420344,36.511725]]}},{"type":"Feature","properties":{"id":647872055,"highway":"residential"},"geometry":{"type":"LineString","coordinates":[[140.417844,36.511223],[140.418681,36.51125],[140.418834,36.511236],[140.419025,36.51119],[140.419164,36.511137],[140.419293,36.511053],[140.419839,36.510574],[140.419889,36.510582]]}},{"type":"Feature","properties":{"id":647872057,"highway":"residential"},"geometry":{"type":"LineString","coordinates":[[140.419469,36.511853],[140.418603,36.511925],[140.418525,36.512188],[140.418588,36.512277],[140.418591,36.512322],[140.418499,36.512346],[140.418017,36.51226],[140.417928,36.512256],[140.417842,36.512122],[140.417744,36.511912],[140.417673,36.511603],[140.417658,36.511444],[140.417844,36.511223]]}},{"type":"Feature","properties":{"id":647872058,"highway":"residential"},"geometry":{"type":"LineString","coordinates":[[140.42002,36.510441],[140.420168,36.510502],[140.420469,36.51059],[140.420703,36.510639],[140.421141,36.510683],[140.421182,36.510664],[140.421303,36.510209]]}},{"type":"Feature","properties":{"id":647872059,"highway":"residential"},"geometry":{"type":"LineString","coordinates":[[140.421835,36.51039],[140.421841,36.510423],[140.421954,36.510479],[140.421972,36.510511],[140.421972,36.510565],[140.42195,36.510615],[140.42187,36.510699],[140.421772,36.510824],[140.421705,36.510938],[140.421611,36.511116],[140.421164,36.511094],[140.420676,36.511783],[140.420365,36.511719],[140.420344,36.511725],[140.420304,36.511736],[140.419936,36.511994],[140.419559,36.512168]]}},{"type":"Feature","properties":{"id":647872061,"highway":"residential"},"geometry":{"type":"LineString","coordinates":[[140.42072,36.506501],[140.420755,36.506784],[140.420828,36.506917],[140.420946,36.507024],[140.421054,36.507093],[140.421163,36.507125],[140.421548,36.507131],[140.421722,36.507163],[140.421861,36.507203]]}},{"type":"Feature","properties":{"id":647879991,"highway":"service"},"geometry":{"type":"LineString","coordinates":[[140.423936,36.503263],[140.423495,36.503138]]}},{"type":"Feature","properties":{"id":647879993,"highway":"residential"},"geometry":{"type":"LineString","coordinates":[[140.424817,36.502054],[140.424394,36.501911],[140.424148,36.50184],[140.423829,36.501746]]}},{"type":"Feature","properties":{"id":647879996,"highway":"service"},"geometry":{"type":"LineString","coordinates":[[140.420615,36.499851],[140.420664,36.499908],[140.420969,36.500774]]}},{"type":"Feature","properties":{"id":647879997,"highway":"service"},"geometry":{"type":"LineString","coordinates":[[140.420648,36.501468],[140.42031,36.501395],[140.420231,36.501398],[140.420089,36.50141],[140.419967,36.501466],[140.419846,36.501546],[140.419635,36.501728],[140.419457,36.501854],[140.419343,36.501908],[140.41921,36.501951],[140.419104,36.501933],[140.419017,36.501911],[140.418902,36.501848],[140.418872,36.501767],[140.418548,36.501946],[140.418143,36.502171],[140.417555,36.502306],[140.417437,36.50227],[140.417298,36.502219]]}},{"type":"Feature","properties":{"id":648369162,"highway":"trunk"},"geometry":{"type":"LineString","coordinates":[[140.402291,36.561097],[140.401913,36.561339],[140.400411,36.562177],[140.400167,36.56232],[140.399922,36.562462],[140.39975,36.562552],[140.399458,36.562684],[140.399232,36.562781],[140.398726,36.562984],[140.398568,36.563055],[140.398404,36.563134],[140.398234,36.563228],[140.397558,36.56363],[140.397392,36.563733],[140.397172,36.56384],[140.396965,36.563926],[140.396705,36.564009],[140.396404,36.564082],[140.395984,36.564151],[140.395801,36.564182],[140.395593,36.564242],[140.395344,36.564327],[140.39512,36.564397],[140.394816,36.564501]]}},{"type":"Feature","properties":{"id":648369163,"highway":"trunk"},"geometry":{"type":"LineString","coordinates":[[140.406684,36.558195],[140.40663,36.558023],[140.406586,36.557845],[140.406556,36.55766],[140.406549,36.557455],[140.406549,36.557268],[140.406564,36.557127],[140.406578,36.557036],[140.406599,36.556936],[140.406643,36.556798],[140.406729,36.556568],[140.4071,36.555647],[140.407463,36.55464],[140.407593,36.554272],[140.407682,36.554005],[140.407762,36.553717],[140.407784,36.553637],[140.407842,36.55338]]}},{"type":"Feature","properties":{"id":648518864,"highway":"residential"},"geometry":{"type":"LineString","coordinates":[[140.400574,36.504649],[140.400707,36.504629],[140.400747,36.504581],[140.400653,36.504272],[140.400612,36.504162]]}},{"type":"Feature","properties":{"id":648518865,"highway":"residential"},"geometry":{"type":"LineString","coordinates":[[140.399665,36.504584],[140.399752,36.504597],[140.4001,36.504595],[140.400574,36.504649],[140.400621,36.504742],[140.400769,36.505049],[140.400689,36.505128],[140.400219,36.505206],[140.400107,36.505225],[140.399536,36.505235],[140.399416,36.505222]]}},{"type":"Feature","properties":{"id":648518866,"highway":"residential"},"geometry":{"type":"LineString","coordinates":[[140.399743,36.504181],[140.399865,36.504182],[140.40005,36.504159],[140.400356,36.504153],[140.400612,36.504162]]}},{"type":"Feature","properties":{"id":648672646,"highway":"trunk"},"geometry":{"type":"LineString","coordinates":[[140.438788,36.515649],[140.439152,36.515029]]}},{"type":"Feature","properties":{"id":648672649,"highway":"trunk"},"geometry":{"type":"LineString","coordinates":[[140.439152,36.515029],[140.439354,36.514694],[140.44022,36.513228],[140.440436,36.512855]]}},{"type":"Feature","properties":{"id":648672657,"highway":"trunk"},"geometry":{"type":"LineString","coordinates":[[140.44138,36.511084],[140.441451,36.510903],[140.441572,36.510556],[140.441644,36.510289],[140.441709,36.510002]]}},{"type":"Feature","properties":{"id":648672664,"highway":"trunk"},"geometry":{"type":"LineString","coordinates":[[140.438322,36.516425],[140.438435,36.516228],[140.438788,36.515649]]}},{"type":"Feature","properties":{"id":648672666,"highway":"tertiary"},"geometry":{"type":"LineString","coordinates":[[140.441318,36.510942],[140.441194,36.510926],[140.441044,36.511029],[140.440348,36.511474],[140.440032,36.511669],[140.439816,36.511829],[140.439649,36.511971],[140.43949,36.51213],[140.439351,36.512296],[140.439167,36.512545],[140.439101,36.51265],[140.439037,36.512782],[140.438956,36.513015],[140.438882,36.513267],[140.438839,36.513424],[140.438792,36.513628],[140.438702,36.514011],[140.43869,36.514104],[140.43869,36.514188],[140.438711,36.514273],[140.438737,36.514339],[140.438784,36.514411],[140.438856,36.514481],[140.438944,36.514547],[140.439046,36.514591],[140.439226,36.514654]]}},{"type":"Feature","properties":{"id":648672671,"highway":"trunk"},"geometry":{"type":"LineString","coordinates":[[140.409493,36.59627],[140.409881,36.596066],[140.410209,36.595887],[140.410429,36.595741],[140.410619,36.595611],[140.410794,36.595474],[140.410974,36.595308],[140.411161,36.595106],[140.411354,36.59486],[140.411505,36.594596],[140.411623,36.594393],[140.411682,36.59421],[140.41173,36.593958],[140.411746,36.593859],[140.411792,36.593585],[140.411778,36.593149],[140.411699,36.592714],[140.411684,36.592658],[140.411575,36.592104],[140.411535,36.59197],[140.411429,36.591533],[140.411323,36.591092],[140.410998,36.589835],[140.410861,36.589295],[140.410681,36.588826],[140.410459,36.588337],[140.410209,36.587949],[140.409809,36.587463],[140.409569,36.58718],[140.409374,36.586924],[140.409088,36.586526],[140.408818,36.586114],[140.408678,36.585817],[140.40843,36.585376],[140.408358,36.585208],[140.408228,36.584869],[140.408138,36.584523],[140.408015,36.584079],[140.407886,36.583564],[140.407704,36.582801],[140.407195,36.580748],[140.406821,36.579198],[140.406586,36.578273],[140.40649,36.577883],[140.406489,36.577823],[140.406435,36.577614],[140.406425,36.577572],[140.406323,36.577139],[140.406199,36.576625],[140.406062,36.576027],[140.406,36.575794],[140.405881,36.575263],[140.405867,36.575205],[140.405516,36.573782],[140.405219,36.572507],[140.405112,36.572192],[140.405043,36.571773],[140.404959,36.571359],[140.40491,36.571108],[140.404861,36.570789],[140.404812,36.570477],[140.404782,36.570186],[140.404753,36.569893],[140.404744,36.569652],[140.404733,36.56931],[140.40473,36.569133],[140.404725,36.569079],[140.404743,36.568398],[140.404757,36.567888],[140.404773,36.567609],[140.404786,36.567347],[140.40481,36.567],[140.404858,36.566552],[140.404914,36.566166],[140.404984,36.565705],[140.405062,36.565272],[140.405146,36.564906],[140.405258,36.564459],[140.405362,36.564079],[140.405424,36.563875],[140.405733,36.562986],[140.405829,36.562761],[140.406162,36.561986],[140.406481,36.561302]]}},{"type":"Feature","properties":{"id":653073811,"highway":"service"},"geometry":{"type":"LineString","coordinates":[[140.409996,36.596395],[140.410081,36.596495],[140.41009,36.596506],[140.410118,36.596542],[140.410119,36.596652],[140.410113,36.596721],[140.410265,36.596745],[140.411229,36.596988],[140.411321,36.596972],[140.411414,36.5969],[140.411464,36.596835],[140.411511,36.59675]]}},{"type":"Feature","properties":{"id":653073812,"highway":"service"},"geometry":{"type":"LineString","coordinates":[[140.409806,36.596806],[140.409735,36.59673],[140.409642,36.596632],[140.409605,36.596592],[140.409559,36.596567],[140.409506,36.596575],[140.40946,36.596593]]}},{"type":"Feature","properties":{"id":653073817,"highway":"service"},"geometry":{"type":"LineString","coordinates":[[140.410084,36.596384],[140.410223,36.596497],[140.410301,36.596556],[140.411186,36.596794],[140.411321,36.596972]]}},{"type":"Feature","properties":{"id":653073819,"highway":"service"},"geometry":{"type":"LineString","coordinates":[[140.40946,36.596593],[140.409438,36.596606],[140.409244,36.596721],[140.409059,36.596831],[140.408864,36.596947],[140.408681,36.597056],[140.408499,36.597164],[140.408339,36.597259],[140.408229,36.597325]]}},{"type":"Feature","properties":{"id":653073821,"highway":"service"},"geometry":{"type":"LineString","coordinates":[[140.408229,36.597325],[140.408167,36.597354],[140.408106,36.597383],[140.407944,36.597437],[140.407812,36.597474],[140.40773,36.59752],[140.40765,36.597565],[140.407608,36.597608],[140.407618,36.597698],[140.407622,36.597738],[140.408439,36.597713],[140.408497,36.59773],[140.408526,36.597796]]}},{"type":"Feature","properties":{"id":653073824,"highway":"service"},"geometry":{"type":"LineString","coordinates":[[140.408681,36.597056],[140.408679,36.596963]]}},{"type":"Feature","properties":{"id":653073825,"highway":"service"},"geometry":{"type":"LineString","coordinates":[[140.408339,36.597259],[140.408441,36.59737]]}},{"type":"Feature","properties":{"id":653073826,"highway":"service"},"geometry":{"type":"LineString","coordinates":[[140.408499,36.597164],[140.408647,36.597323]]}},{"type":"Feature","properties":{"id":653073827,"highway":"service"},"geometry":{"type":"LineString","coordinates":[[140.408007,36.597135],[140.408174,36.597102],[140.408562,36.596903],[140.408679,36.596963]]}},{"type":"Feature","properties":{"id":653073829,"highway":"service"},"geometry":{"type":"LineString","coordinates":[[140.408679,36.596963],[140.408574,36.596816]]}},{"type":"Feature","properties":{"id":653073830,"highway":"service"},"geometry":{"type":"LineString","coordinates":[[140.408681,36.597056],[140.408902,36.597294],[140.408949,36.597298],[140.408977,36.597294],[140.409119,36.597211],[140.409311,36.597097],[140.40949,36.596992],[140.409677,36.596882],[140.409806,36.596806]]}},{"type":"Feature","properties":{"id":653073832,"highway":"service"},"geometry":{"type":"LineString","coordinates":[[140.408864,36.596947],[140.409119,36.597211]]}},{"type":"Feature","properties":{"id":653073834,"highway":"service"},"geometry":{"type":"LineString","coordinates":[[140.409059,36.596831],[140.409311,36.597097]]}},{"type":"Feature","properties":{"id":653073835,"highway":"service"},"geometry":{"type":"LineString","coordinates":[[140.40949,36.596992],[140.409244,36.596721]]}},{"type":"Feature","properties":{"id":653073837,"highway":"service"},"geometry":{"type":"LineString","coordinates":[[140.409677,36.596882],[140.409438,36.596606]]}},{"type":"Feature","properties":{"id":653073840,"highway":"service"},"geometry":{"type":"LineString","coordinates":[[140.409119,36.597211],[140.40919,36.597281],[140.409289,36.597293],[140.409614,36.597282]]}},{"type":"Feature","properties":{"id":653073856,"highway":"service"},"geometry":{"type":"LineString","coordinates":[[140.407622,36.597738],[140.407383,36.597851],[140.407474,36.598072],[140.407621,36.598232],[140.407829,36.598494]]}},{"type":"Feature","properties":{"id":653073898,"highway":"service"},"geometry":{"type":"LineString","coordinates":[[140.410365,36.596364],[140.410192,36.59637],[140.410177,36.596371],[140.410004,36.596377]]}},{"type":"Feature","properties":{"id":653073901,"highway":"service"},"geometry":{"type":"LineString","coordinates":[[140.410177,36.596371],[140.410177,36.596092]]}},{"type":"Feature","properties":{"id":659678120,"highway":"residential"},"geometry":{"type":"LineString","coordinates":[[140.415729,36.545504],[140.415962,36.545551],[140.416429,36.545577],[140.41668,36.54561]]}},{"type":"Feature","properties":{"id":659678121,"highway":"residential"},"geometry":{"type":"LineString","coordinates":[[140.414822,36.545585],[140.415152,36.545736],[140.415214,36.54576],[140.415591,36.545856]]}},{"type":"Feature","properties":{"id":659678122,"highway":"residential"},"geometry":{"type":"LineString","coordinates":[[140.415579,36.544766],[140.415713,36.544525]]}},{"type":"Feature","properties":{"id":659678123,"highway":"residential"},"geometry":{"type":"LineString","coordinates":[[140.415216,36.544622],[140.415579,36.544766],[140.415667,36.544801],[140.415467,36.545268]]}},{"type":"Feature","properties":{"id":659678130,"highway":"secondary"},"geometry":{"type":"LineString","coordinates":[[140.408692,36.539266],[140.408846,36.539297],[140.409077,36.539361],[140.409259,36.539416],[140.409314,36.539436],[140.409897,36.539652],[140.410399,36.539844],[140.410784,36.539991]]}},{"type":"Feature","properties":{"id":659678131,"highway":"residential"},"geometry":{"type":"LineString","coordinates":[[140.413535,36.547771],[140.413519,36.547714],[140.413527,36.547634],[140.413533,36.547602],[140.413543,36.547565],[140.413579,36.54753],[140.413619,36.547499],[140.41385,36.547345]]}},{"type":"Feature","properties":{"id":659678133,"highway":"residential"},"geometry":{"type":"LineString","coordinates":[[140.409507,36.541345],[140.409839,36.541575]]}},{"type":"Feature","properties":{"id":659678134,"highway":"residential"},"geometry":{"type":"LineString","coordinates":[[140.409257,36.541619],[140.409507,36.541345],[140.409589,36.541256]]}},{"type":"Feature","properties":{"id":659678135,"highway":"residential"},"geometry":{"type":"LineString","coordinates":[[140.408911,36.542572],[140.409097,36.542656],[140.409396,36.542224],[140.409484,36.54213]]}},{"type":"Feature","properties":{"id":659678136,"highway":"residential"},"geometry":{"type":"LineString","coordinates":[[140.408658,36.542644],[140.408831,36.542667],[140.408911,36.542572],[140.409232,36.542147],[140.409396,36.542224]]}},{"type":"Feature","properties":{"id":659678137,"highway":"tertiary"},"geometry":{"type":"LineString","coordinates":[[140.413457,36.551519],[140.413519,36.551541],[140.413581,36.551562],[140.41414,36.551777]]}},{"type":"Feature","properties":{"id":659689358,"highway":"secondary"},"geometry":{"type":"LineString","coordinates":[[140.432876,36.50857],[140.43269,36.508739],[140.432173,36.509266],[140.431123,36.510355],[140.430695,36.510816],[140.430497,36.51111],[140.430304,36.511428],[140.429723,36.513161],[140.429587,36.513438],[140.429435,36.513678],[140.429241,36.513901],[140.428881,36.514158],[140.428359,36.514388],[140.428134,36.514443],[140.426661,36.514789],[140.426269,36.514926],[140.425964,36.515056],[140.425705,36.515194],[140.425481,36.515383],[140.425323,36.515572],[140.425213,36.515741],[140.424994,36.516122],[140.424851,36.5164],[140.424735,36.516569],[140.424633,36.516687],[140.424413,36.516905],[140.424174,36.517063],[140.423748,36.51738],[140.423496,36.517584],[140.423282,36.517793],[140.423049,36.518064],[140.422946,36.518231],[140.422751,36.518533],[140.422476,36.519157]]}},{"type":"Feature","properties":{"id":659691330,"highway":"secondary"},"geometry":{"type":"LineString","coordinates":[[140.41394,36.538349],[140.413961,36.538422]]}},{"type":"Feature","properties":{"id":659691331,"highway":"trunk"},"geometry":{"type":"LineString","coordinates":[[140.417725,36.536505],[140.417034,36.536825],[140.416009,36.537318],[140.41394,36.538349]]}},{"type":"Feature","properties":{"id":659691332,"highway":"trunk"},"geometry":{"type":"LineString","coordinates":[[140.413961,36.538422],[140.414701,36.538069],[140.416119,36.537382]]}},{"type":"Feature","properties":{"id":659691333,"highway":"trunk"},"geometry":{"type":"LineString","coordinates":[[140.41394,36.538349],[140.413854,36.5384],[140.412813,36.539024],[140.412497,36.539266],[140.41207,36.539591],[140.411865,36.539765],[140.411806,36.539813]]}},{"type":"Feature","properties":{"id":659691334,"highway":"trunk"},"geometry":{"type":"LineString","coordinates":[[140.411455,36.540249],[140.41161,36.540109],[140.411689,36.540038],[140.41215,36.539637],[140.412568,36.539318],[140.412937,36.539047],[140.413961,36.538422]]}},{"type":"Feature","properties":{"id":659691335,"highway":"secondary"},"geometry":{"type":"LineString","coordinates":[[140.411358,36.540213],[140.411455,36.540249]]}},{"type":"Feature","properties":{"id":659708311,"highway":"tertiary"},"geometry":{"type":"LineString","coordinates":[[140.408173,36.540178],[140.408447,36.540243],[140.408624,36.540299],[140.40889,36.540403],[140.409394,36.540609],[140.410018,36.540862],[140.410203,36.540946],[140.410327,36.541019],[140.410406,36.541065],[140.41046,36.541099],[140.410509,36.541131]]}},{"type":"Feature","properties":{"id":659708312,"highway":"service"},"geometry":{"type":"LineString","coordinates":[[140.411283,36.542176],[140.411225,36.542219],[140.411217,36.542251],[140.411233,36.54229],[140.411346,36.542392],[140.411392,36.542407],[140.411432,36.542396],[140.411487,36.542354]]}},{"type":"Feature","properties":{"id":659708313,"highway":"service"},"geometry":{"type":"LineString","coordinates":[[140.401445,36.560097],[140.401367,36.560078],[140.401317,36.560079],[140.401294,36.560089],[140.401277,36.560105],[140.401137,36.560525]]}},{"type":"Feature","properties":{"id":659708314,"highway":"service"},"geometry":{"type":"LineString","coordinates":[[140.400291,36.560347],[140.401137,36.560525]]}},{"type":"Feature","properties":{"id":659708317,"highway":"service"},"geometry":{"type":"LineString","coordinates":[[140.400075,36.560876],[140.400183,36.560583],[140.400258,36.56045],[140.400291,36.560347],[140.400486,36.559739],[140.400512,36.559681],[140.400547,36.559638],[140.40059,36.559612],[140.400671,36.55957],[140.400703,36.55956]]}},{"type":"Feature","properties":{"id":659708319,"highway":"service"},"geometry":{"type":"LineString","coordinates":[[140.400966,36.558729],[140.400703,36.55956],[140.401551,36.559745],[140.401445,36.560097]]}},{"type":"Feature","properties":{"id":659708321,"highway":"tertiary"},"geometry":{"type":"LineString","coordinates":[[140.40889,36.557568],[140.408484,36.558073],[140.408194,36.558459],[140.407982,36.558751],[140.407671,36.559197],[140.40748,36.559481],[140.40728,36.559782]]}},{"type":"Feature","properties":{"id":660064996,"highway":"trunk"},"geometry":{"type":"LineString","coordinates":[[140.407541,36.557523],[140.407459,36.557587],[140.406913,36.558017],[140.406851,36.558065],[140.406684,36.558195]]}},{"type":"Feature","properties":{"id":660064997,"highway":"residential"},"geometry":{"type":"LineString","coordinates":[[140.406549,36.557268],[140.406735,36.55722],[140.407459,36.557587]]}},{"type":"Feature","properties":{"id":660064999,"highway":"service"},"geometry":{"type":"LineString","coordinates":[[140.401137,36.560525],[140.401306,36.560561]]}},{"type":"Feature","properties":{"id":660065000,"highway":"service"},"geometry":{"type":"LineString","coordinates":[[140.401445,36.560097],[140.401306,36.560561]]}},{"type":"Feature","properties":{"id":660065001,"highway":"trunk"},"geometry":{"type":"LineString","coordinates":[[140.406614,36.558258],[140.406464,36.558374],[140.406436,36.558396],[140.406158,36.558619],[140.405415,36.559208],[140.405096,36.559451],[140.404938,36.559576],[140.404815,36.559661],[140.404662,36.559758],[140.404341,36.559946],[140.403499,36.560417],[140.403326,36.56052],[140.402291,36.561097]]}},{"type":"Feature","properties":{"id":660065003,"highway":"trunk"},"geometry":{"type":"LineString","coordinates":[[140.412318,36.553559],[140.412192,36.55352],[140.412141,36.553504],[140.41212,36.553497],[140.412006,36.553464],[140.411874,36.553437],[140.411772,36.553429]]}},{"type":"Feature","properties":{"id":660067282,"highway":"service"},"geometry":{"type":"LineString","coordinates":[[140.422546,36.536209],[140.422507,36.536169],[140.422317,36.536077],[140.422209,36.536023],[140.422108,36.535973],[140.422055,36.535931],[140.422029,36.535891],[140.422007,36.535855],[140.422004,36.535827],[140.422004,36.535791],[140.422041,36.535711],[140.422084,36.535626],[140.4221,36.535587],[140.422099,36.535563],[140.422088,36.535545],[140.422074,36.535536],[140.421986,36.535503],[140.421839,36.535448]]}},{"type":"Feature","properties":{"id":660068347,"highway":"unclassified"},"geometry":{"type":"LineString","coordinates":[[140.430599,36.523261],[140.430861,36.523417]]}},{"type":"Feature","properties":{"id":660068348,"highway":"unclassified"},"geometry":{"type":"LineString","coordinates":[[140.431513,36.523801],[140.431966,36.524067]]}},{"type":"Feature","properties":{"id":660068349,"highway":"service"},"geometry":{"type":"LineString","coordinates":[[140.431215,36.523066],[140.431726,36.523369],[140.43179,36.523407],[140.431859,36.523448]]}},{"type":"Feature","properties":{"id":660068350,"highway":"service"},"geometry":{"type":"LineString","coordinates":[[140.432407,36.52342],[140.432085,36.523217]]}},{"type":"Feature","properties":{"id":660068351,"highway":"service"},"geometry":{"type":"LineString","coordinates":[[140.431602,36.523506],[140.431726,36.523369]]}},{"type":"Feature","properties":{"id":660068352,"highway":"service"},"geometry":{"type":"LineString","coordinates":[[140.431899,36.523295],[140.431211,36.522871]]}},{"type":"Feature","properties":{"id":660068353,"highway":"service"},"geometry":{"type":"LineString","coordinates":[[140.43179,36.523407],[140.431899,36.523295],[140.432024,36.523162]]}},{"type":"Feature","properties":{"id":660068354,"highway":"service"},"geometry":{"type":"LineString","coordinates":[[140.431997,36.523483],[140.431763,36.523728],[140.431862,36.523786],[140.432146,36.523575],[140.432289,36.523491],[140.431998,36.523306]]}},{"type":"Feature","properties":{"id":660068355,"highway":"service"},"geometry":{"type":"LineString","coordinates":[[140.43189,36.523416],[140.431997,36.523483],[140.432146,36.523575]]}},{"type":"Feature","properties":{"id":660068356,"highway":"service"},"geometry":{"type":"LineString","coordinates":[[140.431086,36.523193],[140.431196,36.523256],[140.431602,36.523506],[140.431511,36.523603],[140.4311,36.523359],[140.431196,36.523256]]}},{"type":"Feature","properties":{"id":660068357,"highway":"service"},"geometry":{"type":"LineString","coordinates":[[140.430867,36.523243],[140.431095,36.522995]]}},{"type":"Feature","properties":{"id":660068358,"highway":"service"},"geometry":{"type":"LineString","coordinates":[[140.431513,36.523801],[140.431859,36.523448],[140.43189,36.523416],[140.431967,36.523337],[140.431998,36.523306],[140.432085,36.523217],[140.432096,36.523206],[140.432024,36.523162],[140.431334,36.52274],[140.431211,36.522871],[140.431095,36.522995],[140.431215,36.523066],[140.431086,36.523193],[140.430861,36.523417]]}},{"type":"Feature","properties":{"id":660068987,"highway":"service"},"geometry":{"type":"LineString","coordinates":[[140.425953,36.527181],[140.426566,36.526281]]}},{"type":"Feature","properties":{"id":660068988,"highway":"service"},"geometry":{"type":"LineString","coordinates":[[140.428286,36.528206],[140.42775,36.52796]]}},{"type":"Feature","properties":{"id":660071914,"highway":"tertiary"},"geometry":{"type":"LineString","coordinates":[[140.411283,36.542176],[140.411331,36.542223],[140.411487,36.542354]]}},{"type":"Feature","properties":{"id":660071915,"highway":"tertiary"},"geometry":{"type":"LineString","coordinates":[[140.410579,36.541187],[140.410648,36.541263],[140.410678,36.5413],[140.411105,36.541976],[140.411206,36.542099],[140.411283,36.542176]]}},{"type":"Feature","properties":{"id":660071916,"highway":"tertiary"},"geometry":{"type":"LineString","coordinates":[[140.410509,36.541131],[140.410579,36.541187]]}},{"type":"Feature","properties":{"id":660071917,"highway":"trunk"},"geometry":{"type":"LineString","coordinates":[[140.410579,36.541187],[140.410671,36.541077],[140.410945,36.540764],[140.411152,36.540548]]}},{"type":"Feature","properties":{"id":660071918,"highway":"trunk"},"geometry":{"type":"LineString","coordinates":[[140.411358,36.540213],[140.411244,36.540321],[140.411104,36.540462],[140.410848,36.540738],[140.410746,36.540855]]}},{"type":"Feature","properties":{"id":660071919,"highway":"tertiary"},"geometry":{"type":"LineString","coordinates":[[140.413416,36.597324],[140.413107,36.597246],[140.412515,36.597165],[140.412323,36.597134],[140.412192,36.597103],[140.412033,36.597036],[140.411919,36.596965],[140.411734,36.596874],[140.411576,36.596784],[140.411511,36.59675]]}},{"type":"Feature","properties":{"id":660071920,"highway":"trunk"},"geometry":{"type":"LineString","coordinates":[[140.409493,36.59627],[140.409216,36.596437],[140.40901,36.596558],[140.408574,36.596816],[140.408309,36.596957],[140.408007,36.597135],[140.407856,36.597221],[140.407096,36.597637],[140.406851,36.597819],[140.406379,36.598202],[140.405952,36.59851],[140.405558,36.598809],[140.404995,36.59927],[140.404485,36.599684],[140.403825,36.600196],[140.403048,36.600799],[140.40235,36.601312],[140.40191,36.601691],[140.401385,36.602194],[140.400993,36.602636],[140.400585,36.603114],[140.400226,36.603576],[140.399944,36.603994],[140.399695,36.604402],[140.399362,36.605007],[140.399139,36.605473],[140.398914,36.605984],[140.398729,36.606473],[140.398587,36.606925],[140.398456,36.607362],[140.398365,36.60772],[140.398273,36.608172],[140.398198,36.608843],[140.398189,36.609073],[140.398169,36.609657],[140.398167,36.610038],[140.398172,36.610395],[140.398193,36.61069],[140.398214,36.610888],[140.398248,36.611141],[140.398287,36.611401],[140.398338,36.611703],[140.398415,36.611996],[140.398436,36.612055]]}},{"type":"Feature","properties":{"id":660071921,"highway":"trunk"},"geometry":{"type":"LineString","coordinates":[[140.406684,36.558195],[140.406614,36.558258]]}},{"type":"Feature","properties":{"id":660071922,"highway":"trunk"},"geometry":{"type":"LineString","coordinates":[[140.406614,36.558258],[140.406769,36.558675],[140.407126,36.559549],[140.407174,36.559666],[140.407197,36.559711],[140.407232,36.559751],[140.40728,36.559782]]}},{"type":"Feature","properties":{"id":660071923,"highway":"tertiary"},"geometry":{"type":"LineString","coordinates":[[140.428823,36.526833],[140.428899,36.526885]]}},{"type":"Feature","properties":{"id":660071924,"highway":"unclassified"},"geometry":{"type":"LineString","coordinates":[[140.431966,36.524067],[140.432047,36.524138]]}},{"type":"Feature","properties":{"id":660071925,"highway":"trunk"},"geometry":{"type":"LineString","coordinates":[[140.428899,36.526885],[140.429198,36.526611],[140.429477,36.526359],[140.430014,36.525864],[140.43027,36.52563],[140.430908,36.525075],[140.431497,36.524559],[140.431779,36.524335],[140.432047,36.524138]]}},{"type":"Feature","properties":{"id":660071926,"highway":"trunk"},"geometry":{"type":"LineString","coordinates":[[140.431966,36.524067],[140.431691,36.524269],[140.431406,36.524497],[140.430898,36.524936],[140.430175,36.525567],[140.429401,36.526283],[140.428915,36.526748],[140.428823,36.526833]]}},{"type":"Feature","properties":{"id":668181197,"highway":"residential"},"geometry":{"type":"LineString","coordinates":[[140.407982,36.593454],[140.408184,36.593615],[140.408376,36.593789],[140.408657,36.594088]]}},{"type":"Feature","properties":{"id":671489583,"highway":"residential"},"geometry":{"type":"LineString","coordinates":[[140.407058,36.561433],[140.406614,36.562233],[140.406014,36.563083]]}},{"type":"Feature","properties":{"id":675918523,"highway":"service"},"geometry":{"type":"LineString","coordinates":[[140.409004,36.527495],[140.408975,36.527582],[140.408966,36.527615],[140.408979,36.527659],[140.409014,36.527689],[140.40905,36.527694],[140.409094,36.527689],[140.409144,36.527671],[140.40917,36.527642],[140.409201,36.527557]]}},{"type":"Feature","properties":{"id":675918528,"highway":"residential"},"geometry":{"type":"LineString","coordinates":[[140.411237,36.536939],[140.412132,36.537119],[140.412009,36.537477],[140.411097,36.537317]]}},{"type":"Feature","properties":{"id":675918529,"highway":"residential"},"geometry":{"type":"LineString","coordinates":[[140.412009,36.537477],[140.412178,36.537513],[140.412443,36.537492],[140.412569,36.53797],[140.412765,36.537909],[140.412897,36.537867],[140.413114,36.537813],[140.413747,36.537517]]}},{"type":"Feature","properties":{"id":675918531,"highway":"residential"},"geometry":{"type":"LineString","coordinates":[[140.407592,36.558251],[140.407358,36.558899]]}},{"type":"Feature","properties":{"id":675918534,"highway":"service"},"geometry":{"type":"LineString","coordinates":[[140.405829,36.562761],[140.404499,36.562121]]}},{"type":"Feature","properties":{"id":675918535,"highway":"residential"},"geometry":{"type":"LineString","coordinates":[[140.403469,36.561604],[140.403797,36.561778],[140.403593,36.56208]]}},{"type":"Feature","properties":{"id":675918536,"highway":"residential"},"geometry":{"type":"LineString","coordinates":[[140.408836,36.556385],[140.409323,36.556568],[140.40966,36.556668]]}},{"type":"Feature","properties":{"id":675918538,"highway":"residential"},"geometry":{"type":"LineString","coordinates":[[140.410555,36.554506],[140.410244,36.554412],[140.410126,36.554464],[140.408616,36.554116]]}},{"type":"Feature","properties":{"id":675918539,"highway":"residential"},"geometry":{"type":"LineString","coordinates":[[140.408983,36.553602],[140.409461,36.553825],[140.409729,36.553878],[140.409846,36.553957],[140.409926,36.5539]]}},{"type":"Feature","properties":{"id":675918542,"highway":"residential"},"geometry":{"type":"LineString","coordinates":[[140.416369,36.55195],[140.416214,36.551038]]}},{"type":"Feature","properties":{"id":675918546,"highway":"residential"},"geometry":{"type":"LineString","coordinates":[[140.42006,36.547969],[140.420831,36.548086]]}},{"type":"Feature","properties":{"id":675918549,"highway":"unclassified"},"geometry":{"type":"LineString","coordinates":[[140.405976,36.5802],[140.405945,36.580155],[140.405866,36.580072],[140.405798,36.579994],[140.405763,36.579924],[140.405747,36.579839],[140.405749,36.579786],[140.405811,36.579589]]}},{"type":"Feature","properties":{"id":675918554,"highway":"tertiary"},"geometry":{"type":"LineString","coordinates":[[140.404096,36.585973],[140.404219,36.585926]]}},{"type":"Feature","properties":{"id":675918555,"highway":"tertiary"},"geometry":{"type":"LineString","coordinates":[[140.404219,36.585926],[140.404319,36.585901],[140.40438,36.585755],[140.404424,36.585675],[140.40455,36.585529]]}},{"type":"Feature","properties":{"id":682083491,"highway":"secondary"},"geometry":{"type":"LineString","coordinates":[[140.483106,36.557328],[140.483441,36.557403],[140.483742,36.557475],[140.484026,36.557553],[140.484584,36.557718],[140.485607,36.557975],[140.485684,36.557983],[140.485756,36.557975],[140.485828,36.55795],[140.485924,36.557892],[140.486626,36.55744],[140.486712,36.557367],[140.486794,36.557276],[140.48684,36.557206],[140.486885,36.557085],[140.48692,36.556952],[140.486945,36.556784],[140.486952,36.556657],[140.486944,36.556593],[140.486895,36.556431],[140.486897,36.556376],[140.486909,36.556322],[140.486959,36.556239],[140.487021,36.55616],[140.487114,36.556057],[140.487207,36.55597],[140.487297,36.555914],[140.487393,36.555873],[140.488264,36.555635],[140.488458,36.555569],[140.488607,36.555506],[140.488698,36.555445],[140.488784,36.555367],[140.488839,36.5553],[140.488893,36.555218],[140.488936,36.555131],[140.488968,36.555031],[140.48898,36.554931],[140.488992,36.554767],[140.48903,36.554628],[140.4891,36.554498],[140.489226,36.554373],[140.489392,36.554257],[140.489543,36.554189],[140.489755,36.554137],[140.489954,36.554135],[140.490503,36.554139],[140.490733,36.554104],[140.490902,36.554056],[140.491116,36.55399],[140.491289,36.553898],[140.491479,36.553776],[140.491642,36.553632],[140.491818,36.553384],[140.492048,36.552875],[140.492199,36.552596],[140.492335,36.552383],[140.492495,36.552207],[140.492645,36.552065],[140.492793,36.551938],[140.492949,36.551825],[140.493136,36.551719],[140.49344,36.551571],[140.493773,36.551424]]}},{"type":"Feature","properties":{"id":688083293,"highway":"service"},"geometry":{"type":"LineString","coordinates":[[140.435812,36.516807],[140.435977,36.516685],[140.436312,36.516489],[140.436867,36.51619],[140.437229,36.516011],[140.437393,36.515972],[140.437457,36.515978],[140.437801,36.516763],[140.437473,36.517388],[140.437358,36.517552],[140.43716,36.517931],[140.436999,36.518087],[140.43694,36.518192]]}},{"type":"Feature","properties":{"id":688083295,"highway":"unclassified"},"geometry":{"type":"LineString","coordinates":[[140.440048,36.513158],[140.440246,36.513346]]}},{"type":"Feature","properties":{"id":688083300,"highway":"residential"},"geometry":{"type":"LineString","coordinates":[[140.443259,36.501308],[140.443239,36.499951]]}},{"type":"Feature","properties":{"id":695896234,"highway":"residential"},"geometry":{"type":"LineString","coordinates":[[140.400623,36.547507],[140.400676,36.547421],[140.400931,36.547473],[140.401119,36.546977],[140.401151,36.546822],[140.401261,36.545882]]}},{"type":"Feature","properties":{"id":697612812,"highway":"trunk"},"geometry":{"type":"LineString","coordinates":[[140.447342,36.493767],[140.446671,36.494605],[140.446495,36.494815],[140.445175,36.496437],[140.445116,36.496509],[140.444765,36.496924],[140.444156,36.497663],[140.443618,36.498322],[140.44239,36.499824],[140.441719,36.500651],[140.441359,36.5011],[140.44122,36.501297],[140.441102,36.501492],[140.440978,36.501703]]}},{"type":"Feature","properties":{"id":702277530,"highway":"residential"},"geometry":{"type":"LineString","coordinates":[[140.48344,36.582674],[140.483682,36.582678],[140.483841,36.582663],[140.484126,36.582656]]}},{"type":"Feature","properties":{"id":702277531,"highway":"residential"},"geometry":{"type":"LineString","coordinates":[[140.484037,36.583092],[140.484108,36.582719],[140.484126,36.582656],[140.484216,36.582507],[140.484363,36.582368],[140.484684,36.581883],[140.484758,36.581849],[140.486852,36.581688],[140.48695,36.58166]]}},{"type":"Feature","properties":{"id":702277532,"highway":"unclassified"},"geometry":{"type":"LineString","coordinates":[[140.488183,36.589806],[140.48805,36.588967],[140.488115,36.588958]]}},{"type":"Feature","properties":{"id":702277533,"highway":"residential"},"geometry":{"type":"LineString","coordinates":[[140.488496,36.588185],[140.488362,36.588185],[140.488244,36.587796],[140.488728,36.587698],[140.488859,36.587739]]}},{"type":"Feature","properties":{"id":702277534,"highway":"unclassified"},"geometry":{"type":"LineString","coordinates":[[140.486945,36.590494],[140.487035,36.590583],[140.487116,36.590744],[140.487129,36.590877],[140.487132,36.591225],[140.487208,36.59147],[140.487264,36.591659]]}},{"type":"Feature","properties":{"id":758704707,"highway":"trunk"},"geometry":{"type":"LineString","coordinates":[[140.480893,36.5416],[140.480996,36.5416]]}},{"type":"Feature","properties":{"id":758704708,"highway":"trunk"},"geometry":{"type":"LineString","coordinates":[[140.483415,36.542462],[140.483337,36.542386],[140.48324,36.542299],[140.483134,36.542213],[140.483033,36.542141],[140.48284,36.542023],[140.482663,36.541926],[140.482433,36.541828],[140.482128,36.541732],[140.481916,36.541676],[140.48175,36.541643],[140.481588,36.541623],[140.481412,36.541612],[140.481029,36.541601],[140.480996,36.5416]]}},{"type":"Feature","properties":{"id":758704709,"highway":"trunk"},"geometry":{"type":"LineString","coordinates":[[140.485156,36.544798],[140.484986,36.544644]]}},{"type":"Feature","properties":{"id":758704710,"highway":"trunk"},"geometry":{"type":"LineString","coordinates":[[140.485266,36.544899],[140.485156,36.544798]]}},{"type":"Feature","properties":{"id":758704723,"highway":"unclassified"},"geometry":{"type":"LineString","coordinates":[[140.479946,36.541202],[140.479943,36.541214],[140.479866,36.541593]]}},{"type":"Feature","properties":{"id":758704724,"highway":"unclassified"},"geometry":{"type":"LineString","coordinates":[[140.47996,36.541133],[140.479946,36.541202]]}},{"type":"Feature","properties":{"id":758704725,"highway":"trunk"},"geometry":{"type":"LineString","coordinates":[[140.483491,36.542551],[140.483415,36.542462]]}},{"type":"Feature","properties":{"id":758704726,"highway":"trunk"},"geometry":{"type":"LineString","coordinates":[[140.484986,36.544644],[140.484889,36.544521],[140.484811,36.544399],[140.484732,36.544259],[140.484608,36.54402],[140.484486,36.54383],[140.484337,36.543614],[140.484207,36.543442]]}},{"type":"Feature","properties":{"id":772058700,"highway":"service"},"geometry":{"type":"LineString","coordinates":[[140.410004,36.596377],[140.409995,36.596209],[140.410177,36.596092],[140.410255,36.596043],[140.410349,36.596016],[140.410365,36.596364],[140.410354,36.596392]]}},{"type":"Feature","properties":{"id":790904152,"highway":"unclassified"},"geometry":{"type":"LineString","coordinates":[[140.413232,36.548635],[140.41351,36.548219]]}},{"type":"Feature","properties":{"id":802823849,"highway":"residential"},"geometry":{"type":"LineString","coordinates":[[140.482398,36.541055],[140.482617,36.541134],[140.482781,36.54116],[140.482875,36.541123],[140.483441,36.54077]]}},{"type":"Feature","properties":{"id":802823850,"highway":"residential"},"geometry":{"type":"LineString","coordinates":[[140.482447,36.540618],[140.483053,36.540303],[140.483239,36.54053],[140.483441,36.54077],[140.483792,36.541035],[140.483981,36.541226]]}},{"type":"Feature","properties":{"id":802832002,"highway":"unclassified"},"geometry":{"type":"LineString","coordinates":[[140.479783,36.551899],[140.479775,36.551573],[140.479777,36.551077],[140.479754,36.550987]]}},{"type":"Feature","properties":{"id":802832004,"highway":"residential"},"geometry":{"type":"LineString","coordinates":[[140.4868,36.560449],[140.486873,36.560632],[140.487096,36.561598],[140.487102,36.561735],[140.486414,36.562502],[140.486103,36.562992],[140.485886,36.563303]]}},{"type":"Feature","properties":{"id":802851307,"highway":"residential"},"geometry":{"type":"LineString","coordinates":[[140.478694,36.557878],[140.47871,36.557751],[140.478707,36.557587],[140.478683,36.557445],[140.478553,36.557252],[140.47851,36.557164],[140.478477,36.557021],[140.478391,36.556898],[140.478037,36.556581],[140.477347,36.555935],[140.476811,36.555555]]}},{"type":"Feature","properties":{"id":802851308,"highway":"residential"},"geometry":{"type":"LineString","coordinates":[[140.47527,36.557158],[140.475451,36.55657],[140.475494,36.556519],[140.475558,36.556491],[140.475816,36.556557],[140.475888,36.556534],[140.475929,36.556463],[140.47595,36.556016],[140.475979,36.555439],[140.47599,36.555372]]}},{"type":"Feature","properties":{"id":802851311,"highway":"residential"},"geometry":{"type":"LineString","coordinates":[[140.477088,36.557102],[140.477189,36.557186],[140.477278,36.557212],[140.477642,36.557301],[140.477897,36.557387],[140.478096,36.557421],[140.478141,36.557421],[140.478444,36.557337],[140.478471,36.557273]]}},{"type":"Feature","properties":{"id":802855144,"highway":"residential"},"geometry":{"type":"LineString","coordinates":[[140.476309,36.563042],[140.476934,36.562884],[140.477518,36.562857]]}},{"type":"Feature","properties":{"id":802855145,"highway":"residential"},"geometry":{"type":"LineString","coordinates":[[140.474917,36.561718],[140.47511,36.562068],[140.47511,36.562114],[140.47511,36.562473],[140.47514,36.562568],[140.475347,36.563258],[140.475347,36.563322]]}},{"type":"Feature","properties":{"id":802855146,"highway":"residential"},"geometry":{"type":"LineString","coordinates":[[140.473595,36.562697],[140.473726,36.563031],[140.473823,36.563102],[140.474078,36.563167],[140.474156,36.563262],[140.47422,36.563292],[140.474252,36.563296],[140.474386,36.563243],[140.474451,36.563223],[140.47474,36.563299],[140.475279,36.563316],[140.475347,36.563322],[140.475459,36.56346],[140.475494,36.563475],[140.475593,36.563477],[140.475971,36.563436],[140.476065,36.563462]]}},{"type":"Feature","properties":{"id":802866167,"highway":"residential"},"geometry":{"type":"LineString","coordinates":[[140.483906,36.578909],[140.484371,36.578996],[140.484763,36.578923],[140.484998,36.578894]]}},{"type":"Feature","properties":{"id":802866169,"highway":"residential"},"geometry":{"type":"LineString","coordinates":[[140.493626,36.577214],[140.493271,36.576839],[140.493239,36.576738],[140.493298,36.576615],[140.493059,36.576328]]}},{"type":"Feature","properties":{"id":802866170,"highway":"residential"},"geometry":{"type":"LineString","coordinates":[[140.494254,36.582816],[140.494334,36.582854],[140.494411,36.582847],[140.494848,36.582712],[140.494929,36.582701],[140.49507,36.582703],[140.495138,36.582668],[140.495374,36.582507]]}},{"type":"Feature","properties":{"id":802872627,"highway":"residential"},"geometry":{"type":"LineString","coordinates":[[140.485623,36.570778],[140.485659,36.570629],[140.485546,36.570198],[140.485533,36.570146],[140.48543,36.569964],[140.48541,36.569929],[140.485047,36.569356],[140.484971,36.569253]]}},{"type":"Feature","properties":{"id":802872631,"highway":"residential"},"geometry":{"type":"LineString","coordinates":[[140.484649,36.574716],[140.484936,36.574629],[140.484965,36.574601],[140.484969,36.574567],[140.484914,36.574399],[140.484954,36.574291],[140.484997,36.574274],[140.485316,36.574321],[140.485437,36.574317],[140.485458,36.57431],[140.48548,36.574291],[140.485627,36.574166]]}},{"type":"Feature","properties":{"id":802872632,"highway":"residential"},"geometry":{"type":"LineString","coordinates":[[140.48548,36.574291],[140.485584,36.574356],[140.485732,36.57458],[140.485796,36.574621],[140.485898,36.574685]]}},{"type":"Feature","properties":{"id":802872634,"highway":"residential"},"geometry":{"type":"LineString","coordinates":[[140.487435,36.577818],[140.487199,36.577528],[140.487049,36.577395],[140.486995,36.577287],[140.486993,36.57724],[140.486968,36.577074]]}},{"type":"Feature","properties":{"id":802872636,"highway":"service"},"geometry":{"type":"LineString","coordinates":[[140.484265,36.570541],[140.484372,36.570487],[140.48543,36.569964]]}},{"type":"Feature","properties":{"id":802872638,"highway":"service"},"geometry":{"type":"LineString","coordinates":[[140.484265,36.570541],[140.484461,36.570694],[140.484659,36.570842],[140.484856,36.570956],[140.484954,36.571015],[140.485174,36.571144],[140.485249,36.571148],[140.485466,36.571071],[140.485651,36.570996]]}},{"type":"Feature","properties":{"id":802872639,"highway":"service"},"geometry":{"type":"LineString","coordinates":[[140.485236,36.573059],[140.485214,36.572714],[140.485177,36.572553],[140.485099,36.572417]]}},{"type":"Feature","properties":{"id":802872640,"highway":"service"},"geometry":{"type":"LineString","coordinates":[[140.481994,36.571766],[140.482428,36.571779],[140.48271,36.571804]]}},{"type":"Feature","properties":{"id":802872641,"highway":"residential"},"geometry":{"type":"LineString","coordinates":[[140.481064,36.572877],[140.481257,36.572825],[140.481713,36.572737],[140.482428,36.572458],[140.482488,36.572385],[140.482599,36.572146]]}},{"type":"Feature","properties":{"id":804620660,"highway":"trunk"},"geometry":{"type":"LineString","coordinates":[[140.504022,36.544935],[140.502794,36.544685],[140.50264,36.544666],[140.502468,36.544674],[140.499693,36.545027],[140.499424,36.545072],[140.499212,36.54512],[140.498548,36.545335],[140.498486,36.545355],[140.498072,36.54545],[140.497806,36.545482],[140.497603,36.545485],[140.497397,36.545471],[140.497186,36.545427],[140.495956,36.545102],[140.49567,36.545048],[140.495416,36.545023],[140.495168,36.545023],[140.494921,36.545037],[140.494383,36.545119],[140.493996,36.545176],[140.493689,36.545202],[140.49233,36.545273],[140.491825,36.545278],[140.491628,36.545269],[140.491466,36.545249],[140.491307,36.545224],[140.490906,36.545132],[140.490327,36.544985],[140.489785,36.544841],[140.489606,36.544808],[140.48943,36.544789],[140.48927,36.544786],[140.489134,36.544805],[140.489015,36.544829],[140.488693,36.544945],[140.48698,36.545649],[140.486835,36.545693],[140.486699,36.545724],[140.486554,36.545735],[140.486379,36.545721],[140.486236,36.545679],[140.486069,36.545595],[140.485906,36.545479],[140.485683,36.545286],[140.485266,36.544899]]}},{"type":"Feature","properties":{"id":804620661,"highway":"secondary"},"geometry":{"type":"LineString","coordinates":[[140.493773,36.551424],[140.493926,36.551358],[140.496085,36.550429],[140.497162,36.55],[140.499229,36.549223],[140.499472,36.549123],[140.499658,36.549018],[140.499805,36.548906],[140.499919,36.548794],[140.5,36.548707],[140.50013,36.548563],[140.500243,36.548459],[140.500381,36.548363],[140.500677,36.548192],[140.500917,36.548076],[140.501634,36.54771],[140.503039,36.547156],[140.503693,36.546895],[140.503792,36.54684],[140.503855,36.546788],[140.503909,36.546724],[140.503933,36.546665],[140.503948,36.546603],[140.504064,36.545214],[140.504063,36.545127],[140.504046,36.545034],[140.504022,36.544935]]}},{"type":"Feature","properties":{"id":804620662,"highway":"primary"},"geometry":{"type":"LineString","coordinates":[[140.487574,36.581876],[140.487509,36.581968],[140.48746,36.582049],[140.487421,36.582128],[140.487389,36.582204],[140.487358,36.582299],[140.487335,36.582399],[140.487326,36.582456],[140.487284,36.58287],[140.487251,36.583295],[140.487227,36.583444],[140.487188,36.583577],[140.487144,36.583695],[140.487039,36.583888],[140.486994,36.583967],[140.486824,36.58424],[140.486635,36.584548],[140.486606,36.584595],[140.48636,36.584966],[140.48627,36.585109],[140.4862,36.585227],[140.486158,36.585332],[140.486121,36.585458],[140.486108,36.585604],[140.486106,36.585817],[140.486094,36.586033],[140.486085,36.5861],[140.486071,36.586182],[140.486053,36.586239],[140.486029,36.586312],[140.485989,36.586406],[140.485949,36.586482],[140.48588,36.586584],[140.485793,36.586692],[140.485677,36.586828],[140.485492,36.587029],[140.485419,36.587105]]}},{"type":"Feature","properties":{"id":804620663,"highway":"residential"},"geometry":{"type":"LineString","coordinates":[[140.487674,36.581761],[140.487764,36.581744],[140.48822,36.581658],[140.4884,36.58167],[140.489112,36.581787]]}},{"type":"Feature","properties":{"id":804620664,"highway":"unclassified"},"geometry":{"type":"LineString","coordinates":[[140.485492,36.587029],[140.485516,36.587084],[140.485527,36.587107],[140.485646,36.587371],[140.4857,36.587492],[140.485753,36.587563],[140.485922,36.587736],[140.485948,36.587763]]}},{"type":"Feature","properties":{"id":804620665,"highway":"primary"},"geometry":{"type":"LineString","coordinates":[[140.485038,36.587466],[140.485104,36.587537],[140.485139,36.587579],[140.485185,36.587639],[140.485206,36.587682],[140.485273,36.587841],[140.485381,36.588201],[140.485779,36.589561],[140.485965,36.590138]]}},{"type":"Feature","properties":{"id":810800986,"highway":"unclassified"},"geometry":{"type":"LineString","coordinates":[[140.442087,36.515509],[140.443142,36.516332]]}},{"type":"Feature","properties":{"id":815774480,"highway":"residential"},"geometry":{"type":"LineString","coordinates":[[140.470674,36.540737],[140.469917,36.540327],[140.469896,36.540293],[140.46988,36.54024]]}},{"type":"Feature","properties":{"id":815774489,"highway":"secondary"},"geometry":{"type":"LineString","coordinates":[[140.480026,36.535363],[140.479336,36.536517],[140.478951,36.537152]]}},{"type":"Feature","properties":{"id":815774491,"highway":"residential"},"geometry":{"type":"LineString","coordinates":[[140.47885,36.537318],[140.480171,36.537491],[140.480445,36.537545],[140.480622,36.53756],[140.480778,36.537546]]}},{"type":"Feature","properties":{"id":815774492,"highway":"secondary"},"geometry":{"type":"LineString","coordinates":[[140.478951,36.537152],[140.47885,36.537318],[140.478748,36.537486],[140.478651,36.537634],[140.478554,36.537767],[140.478425,36.537924],[140.478379,36.537981],[140.478229,36.538162],[140.478011,36.538394],[140.476723,36.539656],[140.476584,36.539809]]}},{"type":"Feature","properties":{"id":815774493,"highway":"residential"},"geometry":{"type":"LineString","coordinates":[[140.483733,36.528169],[140.483851,36.5282],[140.483956,36.528209],[140.484071,36.528204],[140.484227,36.528176],[140.48431,36.528172],[140.484712,36.528265],[140.484838,36.528269],[140.48499,36.528268]]}},{"type":"Feature","properties":{"id":815774495,"highway":"secondary"},"geometry":{"type":"LineString","coordinates":[[140.507272,36.511672],[140.506609,36.511932],[140.505937,36.512195],[140.505446,36.512389],[140.50512,36.512496],[140.504895,36.512557],[140.50456,36.512639],[140.502784,36.513035],[140.502561,36.513075],[140.502388,36.513099],[140.502225,36.513114],[140.501487,36.51313],[140.501305,36.513138],[140.501161,36.513156],[140.501043,36.51318],[140.500925,36.513213],[140.500818,36.513253],[140.500606,36.513359],[140.500444,36.513454],[140.500365,36.513509],[140.499667,36.514036],[140.499468,36.514173],[140.499255,36.514311],[140.498836,36.514552],[140.498503,36.514745],[140.4981,36.514965],[140.49778,36.515141],[140.497642,36.515204],[140.497524,36.51525],[140.497417,36.515276],[140.497009,36.515368],[140.496748,36.515435],[140.496541,36.515491],[140.49635,36.515576],[140.495551,36.515913],[140.494877,36.516198],[140.493794,36.516633],[140.493749,36.516652],[140.493494,36.516746],[140.493346,36.516814],[140.493195,36.516896],[140.493059,36.516981],[140.492848,36.51713],[140.492743,36.517219],[140.492646,36.517308],[140.492613,36.517346],[140.492577,36.517387],[140.492512,36.517461]]}},{"type":"Feature","properties":{"id":815790194,"highway":"residential"},"geometry":{"type":"LineString","coordinates":[[140.451674,36.536098],[140.451906,36.536032],[140.452062,36.536011],[140.45247,36.535957],[140.452539,36.535959],[140.45267,36.535992]]}},{"type":"Feature","properties":{"id":815790195,"highway":"service"},"geometry":{"type":"LineString","coordinates":[[140.454049,36.535725],[140.45389,36.534839]]}},{"type":"Feature","properties":{"id":815790196,"highway":"trunk"},"geometry":{"type":"LineString","coordinates":[[140.45674,36.535148],[140.456564,36.535202],[140.456175,36.535307],[140.455793,36.535398],[140.455412,36.53548],[140.455165,36.535529],[140.454822,36.535594],[140.454586,36.535632],[140.454049,36.535725],[140.453242,36.535876],[140.45267,36.535992],[140.452197,36.536106],[140.451789,36.536223]]}},{"type":"Feature","properties":{"id":815790198,"highway":"unclassified"},"geometry":{"type":"LineString","coordinates":[[140.455699,36.525132],[140.458167,36.526374]]}},{"type":"Feature","properties":{"id":815790199,"highway":"primary"},"geometry":{"type":"LineString","coordinates":[[140.458167,36.526374],[140.456891,36.527994],[140.45606,36.529093],[140.455983,36.529218],[140.455906,36.529383],[140.455867,36.529491],[140.455846,36.529573],[140.455836,36.529627],[140.455828,36.529714]]}},{"type":"Feature","properties":{"id":815790200,"highway":"primary"},"geometry":{"type":"LineString","coordinates":[[140.455828,36.529714],[140.455818,36.529876],[140.455823,36.530031],[140.455844,36.530169],[140.455894,36.530349],[140.455939,36.530458],[140.456076,36.53075],[140.456188,36.530994],[140.456288,36.531233],[140.456327,36.531335],[140.456348,36.53143],[140.456373,36.531575],[140.456382,36.531738],[140.456391,36.531936],[140.456366,36.532313],[140.45636,36.532596],[140.456357,36.532663],[140.45634,36.532944],[140.456369,36.533251],[140.456406,36.533497],[140.456711,36.535003],[140.45674,36.535148]]}},{"type":"Feature","properties":{"id":815790202,"highway":"residential"},"geometry":{"type":"LineString","coordinates":[[140.455828,36.529714],[140.457121,36.530378]]}},{"type":"Feature","properties":{"id":815790204,"highway":"trunk"},"geometry":{"type":"LineString","coordinates":[[140.465312,36.537499],[140.464535,36.537135],[140.464218,36.536983],[140.463922,36.536846],[140.463628,36.536732],[140.463392,36.536653],[140.463193,36.536597],[140.462975,36.536546],[140.462761,36.536505]]}},{"type":"Feature","properties":{"id":815790208,"highway":"trunk"},"geometry":{"type":"LineString","coordinates":[[140.484207,36.543442],[140.483678,36.54277],[140.48356,36.542629],[140.483491,36.542551]]}},{"type":"Feature","properties":{"id":815790209,"highway":"tertiary"},"geometry":{"type":"LineString","coordinates":[[140.486295,36.541315],[140.48628,36.540369]]}},{"type":"Feature","properties":{"id":815790834,"highway":"primary"},"geometry":{"type":"LineString","coordinates":[[140.464477,36.554905],[140.464352,36.554975],[140.464117,36.555143]]}},{"type":"Feature","properties":{"id":815790836,"highway":"residential"},"geometry":{"type":"LineString","coordinates":[[140.46227,36.556701],[140.462539,36.556447],[140.462764,36.556264],[140.463038,36.55605],[140.463072,36.55601],[140.46307,36.555979],[140.46305,36.555923]]}},{"type":"Feature","properties":{"id":816181622,"highway":"primary"},"geometry":{"type":"LineString","coordinates":[[140.449685,36.57819],[140.449695,36.578263],[140.449698,36.578368],[140.449687,36.57855],[140.449671,36.578652],[140.449643,36.578742],[140.449598,36.578845],[140.44954,36.578975],[140.449438,36.579151],[140.449216,36.579544],[140.449138,36.579723],[140.449066,36.579934],[140.448999,36.580167],[140.448943,36.5804],[140.448878,36.58055],[140.448788,36.580697],[140.448694,36.580818],[140.448433,36.581073],[140.448152,36.58134],[140.44798,36.581505],[140.447786,36.581671],[140.447577,36.581829],[140.447223,36.58206],[140.446963,36.582234],[140.446836,36.582336],[140.44672,36.582448],[140.446613,36.582577],[140.446492,36.582747],[140.446355,36.58294],[140.4463,36.583039],[140.446255,36.583134],[140.446204,36.583297],[140.446168,36.583449],[140.446147,36.583598],[140.446139,36.583738],[140.446139,36.583795],[140.44614,36.583965]]}},{"type":"Feature","properties":{"id":816181623,"highway":"residential"},"geometry":{"type":"LineString","coordinates":[[140.453261,36.56089],[140.453025,36.560464]]}},{"type":"Feature","properties":{"id":817758574,"highway":"trunk"},"geometry":{"type":"LineString","coordinates":[[140.46878,36.539691],[140.468378,36.539392],[140.468214,36.53927],[140.467503,36.53874],[140.467194,36.538522],[140.466908,36.538329]]}},{"type":"Feature","properties":{"id":817758575,"highway":"trunk"},"geometry":{"type":"LineString","coordinates":[[140.480893,36.5416],[140.479866,36.541593]]}},{"type":"Feature","properties":{"id":817766318,"highway":"trunk"},"geometry":{"type":"LineString","coordinates":[[140.479866,36.541593],[140.478823,36.541602],[140.478439,36.541599],[140.478103,36.541595],[140.477956,36.541593],[140.477711,36.54159],[140.477584,36.541589],[140.477507,36.541588],[140.477444,36.541587],[140.477048,36.541581],[140.476884,36.541579],[140.476412,36.541572],[140.475771,36.541562]]}},{"type":"Feature","properties":{"id":817778472,"highway":"service"},"geometry":{"type":"LineString","coordinates":[[140.476322,36.557378],[140.476457,36.557358],[140.476497,36.557337],[140.476524,36.557302],[140.47654,36.557263],[140.476551,36.557111]]}},{"type":"Feature","properties":{"id":817778473,"highway":"primary"},"geometry":{"type":"LineString","coordinates":[[140.478638,36.557226],[140.478553,36.557252],[140.478471,36.557273],[140.478377,36.557292],[140.478231,36.557317],[140.478149,36.55732],[140.478082,36.557317],[140.477949,36.557294],[140.477757,36.557247],[140.47728,36.557136],[140.477088,36.557102],[140.476954,36.557094],[140.476825,36.557093],[140.47673,36.557098],[140.476551,36.557111]]}},{"type":"Feature","properties":{"id":817778474,"highway":"residential"},"geometry":{"type":"LineString","coordinates":[[140.478272,36.545182],[140.478817,36.545189],[140.478932,36.545208],[140.47974,36.545223]]}},{"type":"Feature","properties":{"id":817778476,"highway":"unclassified"},"geometry":{"type":"LineString","coordinates":[[140.477104,36.545872],[140.476848,36.545816]]}},{"type":"Feature","properties":{"id":817778773,"highway":"primary"},"geometry":{"type":"LineString","coordinates":[[140.476551,36.557111],[140.476441,36.557128],[140.476268,36.55715]]}},{"type":"Feature","properties":{"id":817778774,"highway":"primary"},"geometry":{"type":"LineString","coordinates":[[140.492178,36.576833],[140.49211,36.57689],[140.492059,36.576941],[140.492023,36.576982],[140.491966,36.577059],[140.491945,36.577097],[140.491918,36.577152]]}},{"type":"Feature","properties":{"id":817835729,"highway":"residential"},"geometry":{"type":"LineString","coordinates":[[140.497587,36.520591],[140.497799,36.520611],[140.49807,36.520621]]}},{"type":"Feature","properties":{"id":817840408,"highway":"primary"},"geometry":{"type":"LineString","coordinates":[[140.473927,36.514043],[140.473816,36.514201],[140.473602,36.514467],[140.472912,36.515301],[140.472825,36.515396],[140.472749,36.51547],[140.472681,36.515527],[140.472414,36.515723],[140.472335,36.515777]]}},{"type":"Feature","properties":{"id":817840409,"highway":"primary"},"geometry":{"type":"LineString","coordinates":[[140.471526,36.516365],[140.471206,36.516599]]}},{"type":"Feature","properties":{"id":817840410,"highway":"primary"},"geometry":{"type":"LineString","coordinates":[[140.464157,36.509012],[140.464123,36.508997],[140.464086,36.508977]]}},{"type":"Feature","properties":{"id":817840411,"highway":"service"},"geometry":{"type":"LineString","coordinates":[[140.469561,36.506564],[140.468879,36.507144]]}},{"type":"Feature","properties":{"id":817840412,"highway":"service"},"geometry":{"type":"LineString","coordinates":[[140.469271,36.505561],[140.469561,36.506564],[140.469735,36.506952],[140.469821,36.507069],[140.469874,36.507198],[140.469858,36.507258],[140.469789,36.507426]]}},{"type":"Feature","properties":{"id":817840413,"highway":"service"},"geometry":{"type":"LineString","coordinates":[[140.469647,36.507382],[140.469601,36.507416],[140.469491,36.507422],[140.469429,36.507422],[140.469322,36.507448],[140.469257,36.507491],[140.468822,36.507888]]}},{"type":"Feature","properties":{"id":817840415,"highway":"primary"},"geometry":{"type":"LineString","coordinates":[[140.478456,36.508526],[140.478391,36.508507],[140.478324,36.508491],[140.478257,36.50848],[140.478185,36.508472],[140.478116,36.508467],[140.478044,36.508467],[140.477861,36.508478],[140.47709,36.508554],[140.476398,36.508614],[140.476275,36.508619],[140.474989,36.508643],[140.474842,36.508647],[140.474781,36.508647]]}},{"type":"Feature","properties":{"id":817840416,"highway":"primary"},"geometry":{"type":"LineString","coordinates":[[140.483491,36.514317],[140.483428,36.514298],[140.483371,36.514275]]}},{"type":"Feature","properties":{"id":817840417,"highway":"primary"},"geometry":{"type":"LineString","coordinates":[[140.487898,36.515385],[140.487747,36.51534],[140.487539,36.515284],[140.485777,36.514867],[140.483552,36.514335],[140.483491,36.514317]]}},{"type":"Feature","properties":{"id":818002529,"highway":"tertiary"},"geometry":{"type":"LineString","coordinates":[[140.502549,36.508792],[140.50252,36.508774],[140.502345,36.50868],[140.502206,36.508626],[140.502074,36.508594],[140.501987,36.508587],[140.501871,36.508593],[140.501777,36.508618],[140.501471,36.508738],[140.501285,36.508795],[140.501158,36.508824],[140.50096,36.508838],[140.500854,36.508837],[140.500732,36.50883],[140.499961,36.508677],[140.499359,36.508563],[140.499069,36.508506],[140.498802,36.508443],[140.498539,36.508364],[140.498357,36.508298],[140.49809,36.508188],[140.497438,36.507893],[140.497131,36.507763],[140.496863,36.507652]]}},{"type":"Feature","properties":{"id":818002530,"highway":"residential"},"geometry":{"type":"LineString","coordinates":[[140.494522,36.506961],[140.49399,36.506904],[140.493931,36.506841],[140.493774,36.506638],[140.493775,36.506547]]}},{"type":"Feature","properties":{"id":818002531,"highway":"residential"},"geometry":{"type":"LineString","coordinates":[[140.480294,36.503774],[140.481095,36.50434],[140.481208,36.50443]]}},{"type":"Feature","properties":{"id":818009646,"highway":"primary"},"geometry":{"type":"LineString","coordinates":[[140.481684,36.504327],[140.481527,36.504351],[140.481365,36.504385],[140.481208,36.50443],[140.481118,36.504461],[140.480953,36.504536],[140.480573,36.504748],[140.480192,36.504939],[140.479881,36.505099],[140.479737,36.50519],[140.479589,36.505294],[140.479406,36.505447],[140.479242,36.505613],[140.479129,36.505758],[140.47901,36.505946],[140.47892,36.506126],[140.478841,36.506356],[140.478692,36.506928],[140.478631,36.507199],[140.478589,36.507458],[140.478558,36.507684]]}},{"type":"Feature","properties":{"id":823014417,"highway":"tertiary"},"geometry":{"type":"LineString","coordinates":[[140.409996,36.596395],[140.409892,36.596418],[140.409778,36.596421],[140.409682,36.596404],[140.409582,36.596353],[140.409493,36.59627]]}},{"type":"Feature","properties":{"id":823014418,"highway":"service"},"geometry":{"type":"LineString","coordinates":[[140.410113,36.596721],[140.410035,36.596724],[140.409901,36.596772],[140.409806,36.596806]]}},{"type":"Feature","properties":{"id":825091067,"highway":"primary"},"geometry":{"type":"LineString","coordinates":[[140.482536,36.588896],[140.481389,36.589528],[140.481226,36.589625],[140.481167,36.589675],[140.481117,36.589719],[140.481048,36.589796],[140.481011,36.58985],[140.480974,36.58991],[140.480953,36.589958],[140.480934,36.590015],[140.480923,36.590085],[140.480919,36.590158],[140.48092,36.590221],[140.480931,36.590296],[140.480971,36.590496],[140.480976,36.590556],[140.480969,36.590616],[140.48096,36.590664],[140.480934,36.590712],[140.480898,36.590759],[140.480831,36.590829],[140.480764,36.590882],[140.480706,36.590922],[140.480558,36.591003],[140.47939,36.591552],[140.479015,36.59172],[140.478784,36.591834],[140.478604,36.591905],[140.478405,36.591942],[140.478218,36.591947],[140.478015,36.591924],[140.477728,36.591878],[140.477481,36.591861],[140.477242,36.591861],[140.47702,36.591892],[140.476709,36.591956],[140.472983,36.592848],[140.47273,36.592919],[140.472571,36.592971],[140.472412,36.593031],[140.472186,36.593121],[140.471639,36.59339],[140.471481,36.593455],[140.471367,36.593493],[140.47125,36.593517],[140.471148,36.593523],[140.471044,36.593518],[140.470936,36.593503],[140.470777,36.593468],[140.470651,36.593455],[140.470503,36.593461],[140.470359,36.593491],[140.470229,36.593528],[140.469416,36.593774],[140.468366,36.594081],[140.467964,36.594205],[140.467743,36.594272],[140.46749,36.594328],[140.467228,36.594369],[140.466912,36.594398],[140.466417,36.59444],[140.466162,36.594462],[140.465811,36.594501],[140.465679,36.59452],[140.465557,36.594551],[140.465489,36.594578],[140.465367,36.594641],[140.465313,36.594677],[140.465183,36.594779]]}},{"type":"Feature","properties":{"id":825091068,"highway":"primary"},"geometry":{"type":"LineString","coordinates":[[140.491838,36.577356],[140.491769,36.577531],[140.491683,36.577721],[140.491613,36.57788],[140.491515,36.578063],[140.49135,36.578357],[140.491171,36.578648],[140.491057,36.578836],[140.490864,36.579133],[140.490764,36.57927],[140.49067,36.579386],[140.490533,36.579547],[140.490392,36.579701],[140.490217,36.579881],[140.490058,36.580025],[140.489908,36.580146],[140.489329,36.580577],[140.488917,36.580865],[140.488035,36.581479],[140.487909,36.58157],[140.48781,36.581646],[140.487674,36.581761]]}},{"type":"Feature","properties":{"id":825091072,"highway":"residential"},"geometry":{"type":"LineString","coordinates":[[140.477814,36.560545],[140.477556,36.560592],[140.477241,36.560645]]}},{"type":"Feature","properties":{"id":825102519,"highway":"primary"},"geometry":{"type":"LineString","coordinates":[[140.479969,36.551172],[140.480016,36.551314],[140.480193,36.551748],[140.480316,36.552028],[140.480405,36.552183],[140.480634,36.552519],[140.480957,36.552916],[140.481124,36.553143],[140.481484,36.553713],[140.481574,36.553954],[140.482009,36.554915],[140.482145,36.555183],[140.482579,36.556167],[140.483106,36.557328]]}},{"type":"Feature","properties":{"id":827397557,"highway":"service"},"geometry":{"type":"LineString","coordinates":[[140.496618,36.509149],[140.49677,36.508971],[140.496987,36.508764],[140.497195,36.508358],[140.497214,36.508307]]}},{"type":"Feature","properties":{"id":922127615,"highway":"trunk"},"geometry":{"type":"LineString","coordinates":[[140.438075,36.516606],[140.437499,36.517582],[140.437174,36.518129],[140.436722,36.518872],[140.436029,36.520066],[140.435817,36.520417],[140.435673,36.520655],[140.435228,36.521339],[140.435027,36.521626],[140.434811,36.521897],[140.434561,36.522161],[140.43434,36.522382],[140.433933,36.522747],[140.433622,36.522993],[140.433339,36.523209],[140.432759,36.523567],[140.432483,36.523736],[140.431966,36.524067]]}},{"type":"Feature","properties":{"id":922127616,"highway":"trunk"},"geometry":{"type":"LineString","coordinates":[[140.438648,36.515636],[140.438328,36.516182],[140.438075,36.516606]]}},{"type":"Feature","properties":{"id":922127617,"highway":"trunk"},"geometry":{"type":"LineString","coordinates":[[140.439015,36.515018],[140.438648,36.515636]]}},{"type":"Feature","properties":{"id":922127618,"highway":"trunk"},"geometry":{"type":"LineString","coordinates":[[140.44035,36.512812],[140.439542,36.514132],[140.439226,36.514654]]}},{"type":"Feature","properties":{"id":922127619,"highway":"trunk"},"geometry":{"type":"LineString","coordinates":[[140.441268,36.51108],[140.441178,36.511308],[140.44106,36.511566],[140.440917,36.511839],[140.440789,36.512073],[140.44035,36.512812]]}},{"type":"Feature","properties":{"id":922127620,"highway":"tertiary"},"geometry":{"type":"LineString","coordinates":[[140.442122,36.509356],[140.442135,36.509196],[140.442139,36.509041],[140.442138,36.508884],[140.442127,36.508751],[140.442116,36.508668],[140.442088,36.50851]]}},{"type":"Feature","properties":{"id":922127621,"highway":"secondary"},"geometry":{"type":"LineString","coordinates":[[140.441709,36.510002],[140.44179,36.510011],[140.44183,36.510016],[140.441876,36.510016],[140.441918,36.509991],[140.441943,36.509946],[140.442018,36.509756],[140.442069,36.509571],[140.442122,36.509356]]}},{"type":"Feature","properties":{"id":922127622,"highway":"residential"},"geometry":{"type":"LineString","coordinates":[[140.441891,36.507516],[140.442351,36.50729],[140.442551,36.507148],[140.442541,36.507073]]}},{"type":"Feature","properties":{"id":922127623,"highway":"trunk"},"geometry":{"type":"LineString","coordinates":[[140.440701,36.502461],[140.44066,36.502635],[140.440648,36.502698],[140.440611,36.502981],[140.440598,36.503145],[140.440595,36.503308],[140.440605,36.503573],[140.44064,36.50388],[140.440664,36.504032],[140.440692,36.504166]]}},{"type":"Feature","properties":{"id":922127624,"highway":"trunk"},"geometry":{"type":"LineString","coordinates":[[140.440692,36.504166],[140.440712,36.504264],[140.440735,36.504341]]}},{"type":"Feature","properties":{"id":996528021,"highway":"unclassified"},"geometry":{"type":"LineString","coordinates":[[140.493926,36.551358],[140.493897,36.551301],[140.493891,36.551243]]}},{"type":"Feature","properties":{"id":996528022,"highway":"unclassified"},"geometry":{"type":"LineString","coordinates":[[140.493891,36.551243],[140.493887,36.551154]]}},{"type":"Feature","properties":{"id":1061697583,"highway":"service"},"geometry":{"type":"LineString","coordinates":[[140.485651,36.541689],[140.486295,36.54169]]}},{"type":"Feature","properties":{"id":1062234031,"highway":"primary"},"geometry":{"type":"LineString","coordinates":[[140.478558,36.507684],[140.478545,36.507803],[140.478538,36.507881],[140.478509,36.508287],[140.4785,36.508402],[140.478489,36.508457],[140.478473,36.508495],[140.478456,36.508526]]}},{"type":"Feature","properties":{"id":1062238891,"highway":"tertiary"},"geometry":{"type":"LineString","coordinates":[[140.486256,36.501678],[140.486085,36.501588],[140.486033,36.50156],[140.485901,36.501484],[140.485577,36.501276],[140.485278,36.501047],[140.48512,36.500924],[140.484965,36.500765],[140.48487,36.500637],[140.484832,36.500589],[140.484763,36.500551],[140.484685,36.500545],[140.484617,36.500561],[140.484565,36.500614],[140.484499,36.500705],[140.48442,36.500846],[140.484383,36.500937],[140.484342,36.501075]]}},{"type":"Feature","properties":{"id":1062238892,"highway":"residential"},"geometry":{"type":"LineString","coordinates":[[140.478661,36.539298],[140.478731,36.539234],[140.478795,36.539206],[140.478994,36.539166],[140.479064,36.539135],[140.479117,36.539092],[140.479144,36.539047],[140.479203,36.538922],[140.479238,36.538898],[140.479297,36.538883],[140.479844,36.53878],[140.479927,36.538769],[140.480463,36.538739]]}},{"type":"Feature","properties":{"id":1062238893,"highway":"primary"},"geometry":{"type":"LineString","coordinates":[[140.471206,36.516599],[140.470721,36.516957],[140.470403,36.51719],[140.470375,36.517209],[140.470231,36.517287],[140.4701,36.517345],[140.469982,36.51737],[140.469637,36.517485],[140.469266,36.517638],[140.469076,36.51774],[140.468922,36.517851],[140.468564,36.518138],[140.468024,36.518619]]}},{"type":"Feature","properties":{"id":1062238894,"highway":"unclassified"},"geometry":{"type":"LineString","coordinates":[[140.465356,36.509622],[140.465685,36.509834],[140.46641,36.510356],[140.466547,36.510445],[140.466587,36.510486],[140.466626,36.510544],[140.466652,36.510602],[140.466652,36.510722],[140.466621,36.510964],[140.466613,36.511139],[140.466625,36.511319],[140.466638,36.511402],[140.466657,36.511472],[140.466677,36.51153],[140.466719,36.511604],[140.466746,36.511677],[140.466846,36.511934],[140.467042,36.512476]]}},{"type":"Feature","properties":{"id":1062239989,"highway":"primary"},"geometry":{"type":"LineString","coordinates":[[140.488754,36.515748],[140.488698,36.515718],[140.488256,36.515511],[140.488073,36.515443],[140.487898,36.515385]]}},{"type":"Feature","properties":{"id":1062483810,"highway":"primary"},"geometry":{"type":"LineString","coordinates":[[140.495775,36.519304],[140.49535,36.519006],[140.494098,36.51814],[140.493925,36.518029],[140.493695,36.517914],[140.493209,36.517723],[140.492714,36.517537],[140.492663,36.517518],[140.492512,36.517461]]}},{"type":"Feature","properties":{"id":1062483812,"highway":"tertiary"},"geometry":{"type":"LineString","coordinates":[[140.4908,36.504807],[140.490707,36.504789],[140.490604,36.504759],[140.490475,36.50471],[140.490343,36.504635],[140.489887,36.504352],[140.489244,36.503945],[140.488941,36.503726],[140.488641,36.503504],[140.488285,36.50321],[140.488028,36.502983],[140.487361,36.502401],[140.486987,36.502124],[140.486746,36.501958],[140.486483,36.501796],[140.486412,36.501756],[140.486256,36.501678]]}},{"type":"Feature","properties":{"id":1089784462,"highway":"residential"},"geometry":{"type":"LineString","coordinates":[[140.442088,36.50851],[140.441935,36.508515],[140.441853,36.508518]]}},{"type":"Feature","properties":{"id":1089784463,"highway":"trunk"},"geometry":{"type":"LineString","coordinates":[[140.440735,36.504341],[140.440772,36.504465],[140.441197,36.505892],[140.441418,36.50664]]}},{"type":"Feature","properties":{"id":1089784464,"highway":"secondary"},"geometry":{"type":"LineString","coordinates":[[140.444057,36.506401],[140.444113,36.506485],[140.444121,36.506526],[140.444125,36.506589],[140.444105,36.506655],[140.444031,36.506773],[140.443822,36.507078],[140.443591,36.507381],[140.442994,36.508245],[140.442596,36.508849],[140.442372,36.50921],[140.442296,36.509302],[140.442253,36.509334],[140.442207,36.509353],[140.442122,36.509356]]}},{"type":"Feature","properties":{"id":1089784465,"highway":"trunk"},"geometry":{"type":"LineString","coordinates":[[140.441318,36.510942],[140.441268,36.51108]]}},{"type":"Feature","properties":{"id":1089784466,"highway":"tertiary"},"geometry":{"type":"LineString","coordinates":[[140.439226,36.514654],[140.439354,36.514694]]}},{"type":"Feature","properties":{"id":1089784467,"highway":"trunk"},"geometry":{"type":"LineString","coordinates":[[140.439226,36.514654],[140.439015,36.515018]]}},{"type":"Feature","properties":{"id":1112402274,"highway":"trunk"},"geometry":{"type":"LineString","coordinates":[[140.440833,36.502426],[140.440888,36.502246],[140.440924,36.502144],[140.440981,36.501999],[140.441084,36.501769],[140.441208,36.501538],[140.441354,36.50129],[140.441469,36.50112],[140.441703,36.500825],[140.44206,36.500409],[140.442533,36.499863],[140.442732,36.49961],[140.443581,36.498556],[140.443754,36.49835],[140.444258,36.497735],[140.444914,36.496923],[140.445213,36.496564],[140.445693,36.495985],[140.44662,36.494865],[140.447157,36.494209]]}},{"type":"Feature","properties":{"id":1121112038,"highway":"unclassified"},"geometry":{"type":"LineString","coordinates":[[140.474842,36.508647],[140.474857,36.508722],[140.474854,36.509102],[140.474856,36.509259],[140.474854,36.509351],[140.474843,36.509489],[140.474833,36.509595],[140.474798,36.509803],[140.474758,36.509977],[140.474723,36.510101],[140.474658,36.510331],[140.474576,36.510542],[140.474516,36.510649],[140.474415,36.510805],[140.474338,36.510919],[140.474273,36.511012],[140.474119,36.511186],[140.473969,36.511329],[140.473838,36.511435],[140.473686,36.511563],[140.473521,36.511663],[140.473312,36.511776],[140.473077,36.51188],[140.472825,36.511992],[140.472592,36.512106],[140.47235,36.512228],[140.472249,36.512293],[140.47217,36.512355],[140.472093,36.512411],[140.471985,36.512525],[140.471836,36.512686],[140.471669,36.512858],[140.471542,36.51303],[140.471466,36.513138],[140.471426,36.513208],[140.471397,36.513292],[140.471238,36.513891],[140.471135,36.514314],[140.471119,36.514441],[140.471118,36.514536],[140.471116,36.514637],[140.471119,36.514777],[140.47118,36.514898],[140.471258,36.515],[140.47135,36.515095],[140.471494,36.515197],[140.47182,36.515394],[140.472024,36.515536],[140.472162,36.515605],[140.472345,36.51569],[140.472414,36.515723]]}},{"type":"Feature","properties":{"id":1121112040,"highway":"unclassified"},"geometry":{"type":"LineString","coordinates":[[140.472681,36.515527],[140.472634,36.515656],[140.472497,36.515864],[140.472478,36.515917],[140.472476,36.516032],[140.472526,36.516075],[140.472622,36.516181],[140.472703,36.516263],[140.472767,36.516339],[140.472797,36.516413],[140.472833,36.516501],[140.472869,36.516586],[140.472873,36.516608],[140.472877,36.516631],[140.472912,36.516899],[140.472916,36.517013],[140.472919,36.517143],[140.472911,36.517286],[140.472908,36.517372],[140.472899,36.517422],[140.472869,36.517514],[140.472832,36.517615],[140.472772,36.51774],[140.472684,36.517901],[140.472628,36.518015],[140.472536,36.518195],[140.472497,36.518242],[140.472431,36.518327],[140.472376,36.518401],[140.472279,36.518515],[140.472051,36.518766],[140.471935,36.518885],[140.471833,36.519013],[140.471713,36.519233],[140.471553,36.519485],[140.471367,36.519799],[140.471266,36.519932]]}},{"type":"Feature","properties":{"id":1131909797,"highway":"primary"},"geometry":{"type":"LineString","coordinates":[[140.466579,36.507169],[140.466443,36.507244],[140.466329,36.507319],[140.466164,36.507444],[140.465716,36.507807],[140.465359,36.50811],[140.464387,36.508978]]}},{"type":"Feature","properties":{"id":1131909798,"highway":"primary"},"geometry":{"type":"LineString","coordinates":[[140.464387,36.508978],[140.464313,36.509014],[140.464243,36.509025],[140.464193,36.509024],[140.464157,36.509012]]}},{"type":"Feature","properties":{"id":1134426045,"highway":"tertiary"},"geometry":{"type":"LineString","coordinates":[[140.417691,36.582635],[140.418456,36.582593]]}},{"type":"Feature","properties":{"id":1134429012,"highway":"unclassified"},"geometry":{"type":"LineString","coordinates":[[140.41771,36.558967],[140.417974,36.559096],[140.418164,36.559213],[140.418389,36.559444],[140.418779,36.559795],[140.418826,36.559802],[140.41888,36.55979],[140.418945,36.559745]]}},{"type":"Feature","properties":{"id":1144318801,"highway":"unclassified"},"geometry":{"type":"LineString","coordinates":[[140.485867,36.512068],[140.485933,36.512114]]}},{"type":"Feature","properties":{"id":1144318802,"highway":"unclassified"},"geometry":{"type":"LineString","coordinates":[[140.485933,36.512114],[140.485978,36.512142],[140.48753,36.513222],[140.489321,36.514488]]}},{"type":"Feature","properties":{"id":1144318803,"highway":"unclassified"},"geometry":{"type":"LineString","coordinates":[[140.48884,36.510681],[140.48885,36.510744]]}},{"type":"Feature","properties":{"id":1144318804,"highway":"unclassified"},"geometry":{"type":"LineString","coordinates":[[140.48885,36.510744],[140.488855,36.510778]]}},{"type":"Feature","properties":{"id":1144318824,"highway":"primary"},"geometry":{"type":"LineString","coordinates":[[140.489528,36.516131],[140.488754,36.515748]]}},{"type":"Feature","properties":{"id":1144318832,"highway":"residential"},"geometry":{"type":"LineString","coordinates":[[140.475668,36.534748],[140.475664,36.534928],[140.475656,36.535257]]}},{"type":"Feature","properties":{"id":1144318833,"highway":"residential"},"geometry":{"type":"LineString","coordinates":[[140.475374,36.535503],[140.475824,36.535498],[140.476937,36.535602]]}},{"type":"Feature","properties":{"id":1144318834,"highway":"residential"},"geometry":{"type":"LineString","coordinates":[[140.476958,36.53541],[140.476603,36.53536],[140.47653,36.535293],[140.476367,36.535276],[140.475656,36.535257],[140.475409,36.535264],[140.475356,36.535282],[140.475356,36.535322],[140.475374,36.535503],[140.475385,36.535814]]}},{"type":"Feature","properties":{"id":1144318835,"highway":"residential"},"geometry":{"type":"LineString","coordinates":[[140.475547,36.534624],[140.475545,36.53475],[140.475668,36.534748],[140.475985,36.534736],[140.476241,36.534737],[140.476445,36.534741],[140.476658,36.534754],[140.477098,36.534811]]}},{"type":"Feature","properties":{"id":1144318836,"highway":"residential"},"geometry":{"type":"LineString","coordinates":[[140.476485,36.534419],[140.476445,36.534741],[140.476414,36.534951],[140.476367,36.535276]]}},{"type":"Feature","properties":{"id":1144318837,"highway":"residential"},"geometry":{"type":"LineString","coordinates":[[140.475547,36.534624],[140.475604,36.5346],[140.475889,36.534505],[140.476177,36.534445],[140.476246,36.534431],[140.476485,36.534419],[140.476694,36.534432],[140.477144,36.534488]]}},{"type":"Feature","properties":{"id":1144358890,"highway":"residential"},"geometry":{"type":"LineString","coordinates":[[140.475475,36.537432],[140.475431,36.5375]]}},{"type":"Feature","properties":{"id":1144358895,"highway":"unclassified"},"geometry":{"type":"LineString","coordinates":[[140.483438,36.504855],[140.483948,36.504367],[140.483965,36.504334],[140.483917,36.504242]]}},{"type":"Feature","properties":{"id":1144773293,"highway":"service"},"geometry":{"type":"LineString","coordinates":[[140.465724,36.510341],[140.465701,36.510482]]}},{"type":"Feature","properties":{"id":1144773294,"highway":"service"},"geometry":{"type":"LineString","coordinates":[[140.464777,36.510274],[140.464494,36.511323],[140.464349,36.51191],[140.46436,36.51201],[140.464379,36.51208],[140.464381,36.512165],[140.464324,36.512411]]}},{"type":"Feature","properties":{"id":1144773296,"highway":"service"},"geometry":{"type":"LineString","coordinates":[[140.468034,36.512609],[140.468174,36.512358]]}},{"type":"Feature","properties":{"id":1144773298,"highway":"tertiary"},"geometry":{"type":"LineString","coordinates":[[140.464387,36.508978],[140.464506,36.509057],[140.465214,36.509529],[140.465356,36.509622]]}},{"type":"Feature","properties":{"id":1145163602,"highway":"service"},"geometry":{"type":"LineString","coordinates":[[140.479589,36.505294],[140.479512,36.505224],[140.479376,36.50514],[140.47897,36.504917]]}},{"type":"Feature","properties":{"id":1147280947,"highway":"unclassified"},"geometry":{"type":"LineString","coordinates":[[140.483836,36.57083],[140.484038,36.570726],[140.484206,36.570601],[140.484265,36.570541]]}},{"type":"Feature","properties":{"id":1150622259,"highway":"primary"},"geometry":{"type":"LineString","coordinates":[[140.414234,36.54967],[140.414083,36.549646],[140.414028,36.549637],[140.413546,36.549554]]}},{"type":"Feature","properties":{"id":1150622261,"highway":"primary"},"geometry":{"type":"LineString","coordinates":[[140.413546,36.549554],[140.413112,36.54948],[140.412551,36.549387]]}},{"type":"Feature","properties":{"id":1150622262,"highway":"unclassified"},"geometry":{"type":"LineString","coordinates":[[140.41203,36.549546],[140.412039,36.549642],[140.412033,36.550046],[140.412029,36.550123],[140.411973,36.550485],[140.411889,36.550869],[140.41186,36.55097],[140.411833,36.551042],[140.411787,36.551133],[140.411735,36.551232]]}},{"type":"Feature","properties":{"id":1150622263,"highway":"primary"},"geometry":{"type":"LineString","coordinates":[[140.412551,36.549387],[140.412214,36.549333],[140.41215,36.549324],[140.412009,36.549306]]}},{"type":"Feature","properties":{"id":1150622264,"highway":"tertiary"},"geometry":{"type":"LineString","coordinates":[[140.412009,36.549306],[140.412017,36.549396],[140.412021,36.54945],[140.41203,36.549546]]}},{"type":"Feature","properties":{"id":1150622265,"highway":"primary"},"geometry":{"type":"LineString","coordinates":[[140.412009,36.549306],[140.411905,36.549291],[140.41184,36.549283],[140.411555,36.54925]]}},{"type":"Feature","properties":{"id":1150622266,"highway":"primary"},"geometry":{"type":"LineString","coordinates":[[140.407346,36.548944],[140.407127,36.54894],[140.406835,36.548933],[140.405841,36.548907],[140.405488,36.548898],[140.405246,36.548891],[140.405104,36.548883],[140.404982,36.548875],[140.404868,36.548861],[140.404683,36.548832],[140.404466,36.548786],[140.404239,36.548718],[140.403893,36.548603],[140.40381,36.548576],[140.4037,36.54854],[140.403605,36.548507],[140.403571,36.548496],[140.402355,36.548091],[140.402288,36.548067],[140.402163,36.548024],[140.402012,36.547975],[140.401896,36.547935],[140.401593,36.54783],[140.400623,36.547507],[140.399066,36.546968],[140.398985,36.546938],[140.398912,36.546911],[140.398652,36.546818]]}},{"type":"Feature","properties":{"id":1150622269,"highway":"primary"},"geometry":{"type":"LineString","coordinates":[[140.40883,36.549019],[140.408495,36.54899],[140.408433,36.548987],[140.408248,36.548977]]}},{"type":"Feature","properties":{"id":1150622270,"highway":"primary"},"geometry":{"type":"LineString","coordinates":[[140.408248,36.548977],[140.408136,36.54897]]}},{"type":"Feature","properties":{"id":1150622271,"highway":"primary"},"geometry":{"type":"LineString","coordinates":[[140.408136,36.54897],[140.407977,36.548962],[140.407833,36.548955],[140.407346,36.548944]]}},{"type":"Feature","properties":{"id":1150622272,"highway":"trunk"},"geometry":{"type":"LineString","coordinates":[[140.408218,36.549366],[140.408239,36.549142],[140.408241,36.549097],[140.408248,36.548977]]}},{"type":"Feature","properties":{"id":1150622273,"highway":"trunk"},"geometry":{"type":"LineString","coordinates":[[140.408174,36.54853],[140.408151,36.548784],[140.408146,36.548829],[140.408136,36.54897]]}},{"type":"Feature","properties":{"id":1160632765,"highway":"primary"},"geometry":{"type":"LineString","coordinates":[[140.440833,36.502426],[140.440701,36.502461]]}},{"type":"Feature","properties":{"id":1160632772,"highway":"primary"},"geometry":{"type":"LineString","coordinates":[[140.461623,36.50692],[140.4612,36.506574],[140.460648,36.506087],[140.46053,36.505992],[140.460445,36.505924],[140.46025,36.505784],[140.459227,36.504918],[140.458912,36.504669],[140.458315,36.504115],[140.4575,36.503161],[140.45737,36.502999],[140.457115,36.502773],[140.456748,36.502506],[140.456582,36.502395]]}},{"type":"Feature","properties":{"id":1186873838,"highway":"primary"},"geometry":{"type":"LineString","coordinates":[[140.465183,36.594779],[140.465103,36.594854],[140.464986,36.594969],[140.464777,36.595176],[140.464633,36.595316],[140.464363,36.59558]]}},{"type":"Feature","properties":{"id":1186874630,"highway":"unclassified"},"geometry":{"type":"LineString","coordinates":[[140.485073,36.580556],[140.485051,36.580507],[140.48501,36.580417],[140.484982,36.580337],[140.484972,36.580253],[140.484972,36.580191],[140.484985,36.580134],[140.485053,36.579963],[140.485116,36.579832],[140.485132,36.579758],[140.48512,36.579633],[140.484998,36.578894],[140.484946,36.578635],[140.484937,36.578508],[140.484944,36.578398],[140.484965,36.578266],[140.485011,36.578093],[140.485058,36.577941],[140.485094,36.577719],[140.485122,36.577522],[140.485131,36.577329],[140.485134,36.577211],[140.485197,36.57625],[140.485175,36.575935],[140.485138,36.5757],[140.485077,36.575523],[140.48501,36.575353],[140.484913,36.575153],[140.484805,36.574951],[140.484722,36.574828],[140.484649,36.574716],[140.484566,36.574608],[140.484506,36.574517],[140.484467,36.574422],[140.484444,36.574325],[140.484435,36.574227]]}},{"type":"Feature","properties":{"id":1186900237,"highway":"primary"},"geometry":{"type":"LineString","coordinates":[[140.503747,36.574876],[140.503298,36.575163],[140.503154,36.575257],[140.502942,36.575392],[140.502803,36.575467],[140.502686,36.575516],[140.502614,36.575537],[140.50253,36.575555],[140.50239,36.575563],[140.502272,36.575559],[140.502153,36.575548],[140.501996,36.575522],[140.501494,36.575442],[140.500863,36.575354],[140.500057,36.575233],[140.499962,36.57522],[140.499869,36.575209],[140.499686,36.575208],[140.499512,36.57522],[140.499346,36.575251],[140.498948,36.575355],[140.49819,36.575583],[140.497813,36.575674],[140.497732,36.575687],[140.497652,36.575699],[140.497579,36.575707],[140.4975,36.575713],[140.496944,36.575714],[140.495642,36.575683],[140.495105,36.575675],[140.494931,36.575679],[140.494771,36.575688],[140.494573,36.575715],[140.494413,36.575744],[140.49425,36.575783],[140.494063,36.575834],[140.493859,36.575907],[140.493681,36.575986],[140.493059,36.576328],[140.492324,36.576741],[140.49227,36.576772],[140.492178,36.576833]]}},{"type":"Feature","properties":{"id":1205126861,"highway":"residential"},"geometry":{"type":"LineString","coordinates":[[140.411746,36.593859],[140.412809,36.593902]]}},{"type":"Feature","properties":{"id":1205126862,"highway":"residential"},"geometry":{"type":"LineString","coordinates":[[140.412809,36.593902],[140.412913,36.593689],[140.413167,36.593258]]}},{"type":"Feature","properties":{"id":1205126863,"highway":"unclassified"},"geometry":{"type":"LineString","coordinates":[[140.419096,36.584696],[140.420901,36.584636]]}},{"type":"Feature","properties":{"id":1205126865,"highway":"unclassified"},"geometry":{"type":"LineString","coordinates":[[140.426303,36.578331],[140.425833,36.578324],[140.425839,36.577825],[140.425887,36.577545],[140.425898,36.577405],[140.425874,36.577187],[140.425718,36.57709],[140.425686,36.576995],[140.425677,36.576522]]}},{"type":"Feature","properties":{"id":1205126866,"highway":"unclassified"},"geometry":{"type":"LineString","coordinates":[[140.419312,36.574768],[140.419766,36.574823],[140.42023,36.574707],[140.420417,36.574685],[140.42171,36.574689],[140.422803,36.57463]]}},{"type":"Feature","properties":{"id":1205126868,"highway":"unclassified"},"geometry":{"type":"LineString","coordinates":[[140.419232,36.571758],[140.420345,36.571728]]}},{"type":"Feature","properties":{"id":1205126871,"highway":"unclassified"},"geometry":{"type":"LineString","coordinates":[[140.40473,36.569133],[140.40517,36.569109]]}},{"type":"Feature","properties":{"id":1205153547,"highway":"trunk"},"geometry":{"type":"LineString","coordinates":[[140.416119,36.537382],[140.417095,36.536913],[140.417752,36.536589]]}},{"type":"Feature","properties":{"id":1205153548,"highway":"residential"},"geometry":{"type":"LineString","coordinates":[[140.415033,36.561019],[140.415338,36.561168],[140.416043,36.56073],[140.416218,36.560324],[140.416341,36.560286],[140.416963,36.560325],[140.417019,36.560134],[140.417058,36.559951],[140.416946,36.559851]]}},{"type":"Feature","properties":{"id":1205153549,"highway":"service"},"geometry":{"type":"LineString","coordinates":[[140.414743,36.563802],[140.415701,36.563217],[140.415888,36.563101],[140.416063,36.562932],[140.416321,36.562597],[140.416557,36.562207],[140.416716,36.561878],[140.416823,36.561604],[140.416956,36.561186]]}},{"type":"Feature","properties":{"id":1205153550,"highway":"unclassified"},"geometry":{"type":"LineString","coordinates":[[140.412851,36.555459],[140.413349,36.554584]]}},{"type":"Feature","properties":{"id":1205153552,"highway":"unclassified"},"geometry":{"type":"LineString","coordinates":[[140.412444,36.555314],[140.412851,36.555459]]}},{"type":"Feature","properties":{"id":1205153553,"highway":"unclassified"},"geometry":{"type":"LineString","coordinates":[[140.416253,36.549235],[140.416415,36.549283],[140.416656,36.549301]]}},{"type":"Feature","properties":{"id":1205153554,"highway":"residential"},"geometry":{"type":"LineString","coordinates":[[140.419081,36.546134],[140.420319,36.546377]]}},{"type":"Feature","properties":{"id":1205153556,"highway":"residential"},"geometry":{"type":"LineString","coordinates":[[140.415485,36.542481],[140.415954,36.541718]]}},{"type":"Feature","properties":{"id":1205153557,"highway":"unclassified"},"geometry":{"type":"LineString","coordinates":[[140.403897,36.543795],[140.404221,36.543878],[140.404795,36.543804],[140.405547,36.544094]]}},{"type":"Feature","properties":{"id":1205153558,"highway":"residential"},"geometry":{"type":"LineString","coordinates":[[140.404236,36.558416],[140.404572,36.557955],[140.40488,36.55809]]}},{"type":"Feature","properties":{"id":1205153560,"highway":"service"},"geometry":{"type":"LineString","coordinates":[[140.421949,36.536999],[140.422423,36.537208]]}},{"type":"Feature","properties":{"id":1205153561,"highway":"unclassified"},"geometry":{"type":"LineString","coordinates":[[140.424583,36.538586],[140.425141,36.538729],[140.425578,36.53785],[140.425803,36.53755]]}},{"type":"Feature","properties":{"id":1205153562,"highway":"unclassified"},"geometry":{"type":"LineString","coordinates":[[140.424694,36.539484],[140.425141,36.538729]]}},{"type":"Feature","properties":{"id":1205153563,"highway":"service"},"geometry":{"type":"LineString","coordinates":[[140.423797,36.537244],[140.423888,36.536719]]}},{"type":"Feature","properties":{"id":1205153564,"highway":"unclassified"},"geometry":{"type":"LineString","coordinates":[[140.427153,36.530002],[140.426096,36.529519]]}},{"type":"Feature","properties":{"id":1205153565,"highway":"unclassified"},"geometry":{"type":"LineString","coordinates":[[140.427444,36.529563],[140.42651,36.529128]]}},{"type":"Feature","properties":{"id":1205153566,"highway":"unclassified"},"geometry":{"type":"LineString","coordinates":[[140.428275,36.530186],[140.428874,36.529391]]}},{"type":"Feature","properties":{"id":1205153568,"highway":"service"},"geometry":{"type":"LineString","coordinates":[[140.428243,36.523091],[140.428986,36.52231]]}},{"type":"Feature","properties":{"id":1205153569,"highway":"service"},"geometry":{"type":"LineString","coordinates":[[140.428243,36.523091],[140.428551,36.523274]]}},{"type":"Feature","properties":{"id":1205153570,"highway":"unclassified"},"geometry":{"type":"LineString","coordinates":[[140.444531,36.524672],[140.445436,36.523713],[140.445475,36.523651],[140.445327,36.522875],[140.445367,36.522702]]}},{"type":"Feature","properties":{"id":1205153571,"highway":"unclassified"},"geometry":{"type":"LineString","coordinates":[[140.44771,36.519361],[140.448492,36.519471]]}},{"type":"Feature","properties":{"id":1205153573,"highway":"service"},"geometry":{"type":"LineString","coordinates":[[140.451769,36.520481],[140.451689,36.520627],[140.452034,36.520746]]}},{"type":"Feature","properties":{"id":1205153575,"highway":"service"},"geometry":{"type":"LineString","coordinates":[[140.452034,36.520746],[140.452117,36.520552],[140.45217,36.520442]]}},{"type":"Feature","properties":{"id":1205153576,"highway":"unclassified"},"geometry":{"type":"LineString","coordinates":[[140.423637,36.516284],[140.424263,36.516239],[140.424749,36.516116],[140.424994,36.516122]]}},{"type":"Feature","properties":{"id":1213240459,"highway":"unclassified"},"geometry":{"type":"LineString","coordinates":[[140.40433,36.573919],[140.404329,36.573405]]}},{"type":"Feature","properties":{"id":1213240460,"highway":"residential"},"geometry":{"type":"LineString","coordinates":[[140.420912,36.591282],[140.420749,36.591313],[140.420459,36.591416]]}},{"type":"Feature","properties":{"id":1213249992,"highway":"service"},"geometry":{"type":"LineString","coordinates":[[140.421929,36.586224],[140.422402,36.586447],[140.422793,36.58669],[140.423195,36.586894],[140.423394,36.586946],[140.42366,36.587143]]}},{"type":"Feature","properties":{"id":1213249993,"highway":"residential"},"geometry":{"type":"LineString","coordinates":[[140.426588,36.579789],[140.426253,36.580078],[140.426053,36.580306],[140.42627,36.580528]]}},{"type":"Feature","properties":{"id":1213249994,"highway":"unclassified"},"geometry":{"type":"LineString","coordinates":[[140.418057,36.574739],[140.418165,36.574734],[140.419312,36.574768]]}},{"type":"Feature","properties":{"id":1213249995,"highway":"unclassified"},"geometry":{"type":"LineString","coordinates":[[140.427555,36.569373],[140.42787,36.569566],[140.42793,36.569614],[140.427984,36.56966],[140.428097,36.569865],[140.428255,36.570081],[140.428477,36.570257],[140.428505,36.570269],[140.428533,36.570269],[140.428588,36.570246]]}},{"type":"Feature","properties":{"id":1213249996,"highway":"unclassified"},"geometry":{"type":"LineString","coordinates":[[140.428091,36.568934],[140.428458,36.569105],[140.428405,36.569255],[140.428383,36.569381],[140.428399,36.569501],[140.42851,36.569586]]}},{"type":"Feature","properties":{"id":1213249997,"highway":"residential"},"geometry":{"type":"LineString","coordinates":[[140.427243,36.567202],[140.427046,36.56764],[140.427049,36.567669],[140.427073,36.567698],[140.427142,36.567755]]}},{"type":"Feature","properties":{"id":1213249999,"highway":"unclassified"},"geometry":{"type":"LineString","coordinates":[[140.418173,36.594187],[140.41811,36.594114],[140.418028,36.59403]]}},{"type":"Feature","properties":{"id":1213250003,"highway":"residential"},"geometry":{"type":"LineString","coordinates":[[140.401884,36.561576],[140.401889,36.561641],[140.401883,36.561698],[140.401702,36.562017],[140.401696,36.562036],[140.401705,36.562081],[140.401717,36.562108],[140.401776,36.562156],[140.401344,36.562553],[140.401362,36.562618]]}},{"type":"Feature","properties":{"id":1213250004,"highway":"unclassified"},"geometry":{"type":"LineString","coordinates":[[140.404198,36.556477],[140.404179,36.556409],[140.404191,36.556306],[140.404206,36.556272]]}},{"type":"Feature","properties":{"id":1213250005,"highway":"residential"},"geometry":{"type":"LineString","coordinates":[[140.410711,36.556418],[140.410596,36.556475],[140.410541,36.556519],[140.410486,36.556585],[140.410431,36.556655],[140.410395,36.556721],[140.410305,36.557031],[140.410262,36.557211],[140.410234,36.557337],[140.410195,36.557467],[140.410179,36.557606],[140.410136,36.5577],[140.410132,36.557871],[140.410116,36.557899],[140.410077,36.557937],[140.410057,36.558105],[140.41003,36.55832],[140.410014,36.55867],[140.40999,36.558853],[140.410002,36.558891],[140.410038,36.55891],[140.41014,36.558917],[140.410183,36.558917],[140.410207,36.558891],[140.410211,36.558853],[140.410313,36.557972],[140.410325,36.557947],[140.410352,36.557921],[140.41038,36.557902],[140.410399,36.557871],[140.410423,36.557634],[140.410447,36.557486],[140.410447,36.557394],[140.410462,36.55728],[140.410502,36.557173],[140.410541,36.557015],[140.410737,36.556644]]}},{"type":"Feature","properties":{"id":1213250006,"highway":"unclassified"},"geometry":{"type":"LineString","coordinates":[[140.408551,36.560196],[140.408075,36.560099]]}},{"type":"Feature","properties":{"id":1213250007,"highway":"unclassified"},"geometry":{"type":"LineString","coordinates":[[140.421549,36.563438],[140.421768,36.56313]]}},{"type":"Feature","properties":{"id":1213250009,"highway":"unclassified"},"geometry":{"type":"LineString","coordinates":[[140.431082,36.560469],[140.431297,36.560342],[140.431432,36.560258],[140.431533,36.560201],[140.431595,36.560134],[140.431615,36.560101],[140.431649,36.56012]]}},{"type":"Feature","properties":{"id":1213250010,"highway":"residential"},"geometry":{"type":"LineString","coordinates":[[140.431288,36.555507],[140.43149,36.55522],[140.431731,36.554922]]}},{"type":"Feature","properties":{"id":1213250011,"highway":"unclassified"},"geometry":{"type":"LineString","coordinates":[[140.436668,36.547359],[140.436622,36.547241],[140.436614,36.547187],[140.436614,36.547146],[140.436614,36.547067],[140.436646,36.546976],[140.436677,36.546878],[140.436709,36.546811],[140.436744,36.546754],[140.436803,36.54672],[140.436858,36.546698],[140.436917,36.546653],[140.436929,36.546609]]}},{"type":"Feature","properties":{"id":1213250012,"highway":"unclassified"},"geometry":{"type":"LineString","coordinates":[[140.436929,36.546609],[140.436972,36.546003],[140.436984,36.545965],[140.436996,36.545936],[140.437271,36.545522],[140.437539,36.545093],[140.437637,36.544916],[140.4379,36.544599]]}},{"type":"Feature","properties":{"id":1213250013,"highway":"unclassified"},"geometry":{"type":"LineString","coordinates":[[140.408649,36.552749],[140.408667,36.552505]]}},{"type":"Feature","properties":{"id":1213250014,"highway":"residential"},"geometry":{"type":"LineString","coordinates":[[140.409439,36.552414],[140.410187,36.552791],[140.410673,36.553028],[140.411063,36.553229],[140.411299,36.553416],[140.411485,36.553584]]}},{"type":"Feature","properties":{"id":1213250015,"highway":"residential"},"geometry":{"type":"LineString","coordinates":[[140.413252,36.55191],[140.412504,36.551679],[140.412485,36.551654],[140.412614,36.551404],[140.412613,36.551322]]}},{"type":"Feature","properties":{"id":1213250018,"highway":"unclassified"},"geometry":{"type":"LineString","coordinates":[[140.416558,36.549004],[140.416446,36.548984],[140.416366,36.548865]]}},{"type":"Feature","properties":{"id":1213250019,"highway":"unclassified"},"geometry":{"type":"LineString","coordinates":[[140.411,36.54661],[140.411594,36.546805]]}},{"type":"Feature","properties":{"id":1213250020,"highway":"residential"},"geometry":{"type":"LineString","coordinates":[[140.412727,36.54754],[140.412693,36.547515],[140.412628,36.547515],[140.412579,36.547548],[140.412559,36.547604],[140.412566,36.54763]]}},{"type":"Feature","properties":{"id":1213250021,"highway":"residential"},"geometry":{"type":"LineString","coordinates":[[140.412655,36.547656],[140.412691,36.547638],[140.41271,36.547621],[140.412726,36.547591]]}},{"type":"Feature","properties":{"id":1213250022,"highway":"tertiary"},"geometry":{"type":"LineString","coordinates":[[140.412655,36.547656],[140.412438,36.548068],[140.412375,36.548189],[140.412285,36.548391],[140.412198,36.548584],[140.412105,36.548763],[140.412059,36.548876],[140.412035,36.548952],[140.412008,36.549065],[140.411998,36.549171],[140.411997,36.549223],[140.412009,36.549306]]}},{"type":"Feature","properties":{"id":1213250023,"highway":"residential"},"geometry":{"type":"LineString","coordinates":[[140.412566,36.54763],[140.41261,36.54765],[140.412655,36.547656]]}},{"type":"Feature","properties":{"id":1213250024,"highway":"residential"},"geometry":{"type":"LineString","coordinates":[[140.412726,36.547591],[140.412729,36.547561],[140.412727,36.54754]]}},{"type":"Feature","properties":{"id":1213853122,"highway":"service"},"geometry":{"type":"LineString","coordinates":[[140.451084,36.502294],[140.450681,36.50191]]}},{"type":"Feature","properties":{"id":1214437917,"highway":"unclassified"},"geometry":{"type":"LineString","coordinates":[[140.407227,36.553506],[140.407583,36.553624]]}},{"type":"Feature","properties":{"id":1214437920,"highway":"residential"},"geometry":{"type":"LineString","coordinates":[[140.408528,36.541795],[140.40885,36.541884]]}},{"type":"Feature","properties":{"id":1214437921,"highway":"residential"},"geometry":{"type":"LineString","coordinates":[[140.411807,36.540525],[140.412097,36.541108]]}},{"type":"Feature","properties":{"id":1214437922,"highway":"unclassified"},"geometry":{"type":"LineString","coordinates":[[140.408203,36.542716],[140.408741,36.542978]]}},{"type":"Feature","properties":{"id":1214437923,"highway":"residential"},"geometry":{"type":"LineString","coordinates":[[140.410399,36.539844],[140.410498,36.539667],[140.410512,36.539656],[140.410532,36.539649],[140.410599,36.539671]]}},{"type":"Feature","properties":{"id":1214437924,"highway":"residential"},"geometry":{"type":"LineString","coordinates":[[140.413985,36.538507],[140.414904,36.53864],[140.415045,36.538285],[140.415053,36.538264],[140.415053,36.538251],[140.415047,36.538232],[140.415038,36.538218],[140.415018,36.53821],[140.414934,36.538189],[140.414888,36.538174],[140.41486,36.538167],[140.414826,36.538151],[140.414755,36.538107],[140.414701,36.538069]]}},{"type":"Feature","properties":{"id":1214437925,"highway":"unclassified"},"geometry":{"type":"LineString","coordinates":[[140.41354,36.54298],[140.413358,36.543141],[140.413345,36.543155],[140.413227,36.54328],[140.413206,36.543303],[140.413168,36.543334]]}},{"type":"Feature","properties":{"id":1214437926,"highway":"residential"},"geometry":{"type":"LineString","coordinates":[[140.412717,36.541984],[140.412638,36.541967],[140.412289,36.541887],[140.412279,36.541883],[140.412272,36.541879],[140.412264,36.541872]]}},{"type":"Feature","properties":{"id":1214437927,"highway":"residential"},"geometry":{"type":"LineString","coordinates":[[140.412638,36.541967],[140.412687,36.54185],[140.412703,36.541813],[140.412915,36.54139]]}},{"type":"Feature","properties":{"id":1214440603,"highway":"residential"},"geometry":{"type":"LineString","coordinates":[[140.417358,36.543146],[140.417595,36.543223],[140.417612,36.543229],[140.417627,36.543236],[140.417641,36.543244],[140.417653,36.543253],[140.417744,36.543356],[140.417753,36.543366],[140.417762,36.543373],[140.417774,36.54338],[140.417902,36.54343]]}},{"type":"Feature","properties":{"id":1214440604,"highway":"unclassified"},"geometry":{"type":"LineString","coordinates":[[140.415721,36.534718],[140.415693,36.534631],[140.415675,36.53458],[140.415651,36.534531],[140.415614,36.534466],[140.41559,36.534416],[140.415584,36.534395],[140.415576,36.534369],[140.415571,36.534314],[140.415569,36.534204],[140.415568,36.53418],[140.415556,36.534159],[140.415533,36.534144],[140.415152,36.533862]]}},{"type":"Feature","properties":{"id":1214440605,"highway":"residential"},"geometry":{"type":"LineString","coordinates":[[140.413798,36.534067],[140.41383,36.534055],[140.413852,36.534049],[140.413866,36.534037],[140.413875,36.53401],[140.413888,36.533987],[140.413914,36.533964],[140.413936,36.533954],[140.41396,36.533949]]}},{"type":"Feature","properties":{"id":1214440606,"highway":"residential"},"geometry":{"type":"LineString","coordinates":[[140.41396,36.533949],[140.413972,36.533948],[140.414101,36.533974],[140.414118,36.533974],[140.414137,36.533966],[140.41415,36.533952],[140.414215,36.533811],[140.414244,36.53375],[140.414277,36.533691],[140.414296,36.533659],[140.414316,36.533637],[140.414341,36.533616]]}},{"type":"Feature","properties":{"id":1214440607,"highway":"service"},"geometry":{"type":"LineString","coordinates":[[140.423119,36.538259],[140.423185,36.538018],[140.423253,36.537703],[140.423319,36.537221]]}},{"type":"Feature","properties":{"id":1214440608,"highway":"service"},"geometry":{"type":"LineString","coordinates":[[140.425384,36.53742],[140.425399,36.537347],[140.425413,36.53729],[140.425423,36.537244],[140.425442,36.537187],[140.425495,36.537119],[140.42555,36.537069],[140.425661,36.536993],[140.425962,36.536803],[140.426311,36.536611],[140.425883,36.536099]]}},{"type":"Feature","properties":{"id":1214440609,"highway":"residential"},"geometry":{"type":"LineString","coordinates":[[140.419173,36.54025],[140.419135,36.540238],[140.418875,36.540164],[140.418721,36.540124],[140.41868,36.540118],[140.418651,36.540117]]}},{"type":"Feature","properties":{"id":1214440610,"highway":"unclassified"},"geometry":{"type":"LineString","coordinates":[[140.418133,36.534359],[140.418071,36.534312],[140.418036,36.534299],[140.417984,36.534284],[140.417941,36.534275],[140.4179,36.534278],[140.417885,36.534297],[140.417893,36.534347],[140.417904,36.534382],[140.417909,36.534414],[140.417911,36.534455],[140.417917,36.53449],[140.417953,36.534524],[140.418003,36.534545],[140.418147,36.53463],[140.418261,36.534715],[140.418357,36.534772],[140.418446,36.534835],[140.418518,36.534915],[140.4186,36.535011],[140.418631,36.535124],[140.41867,36.535304],[140.418722,36.53555]]}},{"type":"Feature","properties":{"id":1214440611,"highway":"residential"},"geometry":{"type":"LineString","coordinates":[[140.418179,36.534417],[140.418249,36.533903],[140.418253,36.533883],[140.418265,36.533867],[140.418281,36.533855],[140.418371,36.533799],[140.418379,36.533791],[140.418388,36.533775],[140.418396,36.533756],[140.418404,36.533735],[140.418418,36.533709],[140.418453,36.533659],[140.418495,36.533598],[140.418532,36.53354],[140.418566,36.533502],[140.418615,36.533465],[140.418661,36.53345],[140.418722,36.53345],[140.418777,36.533456]]}},{"type":"Feature","properties":{"id":1214440614,"highway":"unclassified"},"geometry":{"type":"LineString","coordinates":[[140.428874,36.529391],[140.429994,36.527878]]}},{"type":"Feature","properties":{"id":1214440615,"highway":"unclassified"},"geometry":{"type":"LineString","coordinates":[[140.42843,36.527972],[140.429486,36.528494],[140.429523,36.528512]]}},{"type":"Feature","properties":{"id":1214442791,"highway":"service"},"geometry":{"type":"LineString","coordinates":[[140.444701,36.526203],[140.444743,36.526165],[140.444719,36.526014],[140.444665,36.525798]]}},{"type":"Feature","properties":{"id":1214442796,"highway":"service"},"geometry":{"type":"LineString","coordinates":[[140.447463,36.525442],[140.44769,36.524943],[140.447864,36.524629],[140.448094,36.524237]]}},{"type":"Feature","properties":{"id":1214442797,"highway":"unclassified"},"geometry":{"type":"LineString","coordinates":[[140.436279,36.523556],[140.436295,36.523478]]}},{"type":"Feature","properties":{"id":1214442798,"highway":"unclassified"},"geometry":{"type":"LineString","coordinates":[[140.436577,36.52098],[140.436534,36.520973],[140.436508,36.520971],[140.436461,36.520968],[140.43643,36.520966],[140.436408,36.520969],[140.436389,36.520976],[140.436362,36.520992],[140.436152,36.521339],[140.436543,36.521514],[140.436902,36.521675]]}},{"type":"Feature","properties":{"id":1214442799,"highway":"unclassified"},"geometry":{"type":"LineString","coordinates":[[140.436543,36.521514],[140.43684,36.521025]]}},{"type":"Feature","properties":{"id":1214444553,"highway":"unclassified"},"geometry":{"type":"LineString","coordinates":[[140.451207,36.521672],[140.451428,36.522151]]}},{"type":"Feature","properties":{"id":1214444556,"highway":"unclassified"},"geometry":{"type":"LineString","coordinates":[[140.45137,36.522177],[140.451428,36.522151],[140.451487,36.522124]]}},{"type":"Feature","properties":{"id":1214444557,"highway":"residential"},"geometry":{"type":"LineString","coordinates":[[140.452024,36.518714],[140.452089,36.518752],[140.452152,36.518783],[140.452286,36.518812],[140.452735,36.518879]]}},{"type":"Feature","properties":{"id":1214444559,"highway":"residential"},"geometry":{"type":"LineString","coordinates":[[140.422787,36.528579],[140.423198,36.528754],[140.423514,36.528889],[140.423691,36.528599],[140.423694,36.528593],[140.423693,36.528588],[140.423688,36.528583],[140.423679,36.528578],[140.423408,36.528455],[140.423395,36.528451],[140.423384,36.528451],[140.423376,36.528457],[140.423368,36.528468],[140.423198,36.528754]]}},{"type":"Feature","properties":{"id":1214444560,"highway":"unclassified"},"geometry":{"type":"LineString","coordinates":[[140.435817,36.520417],[140.435754,36.520389],[140.435715,36.520389],[140.435689,36.520398],[140.43543,36.520669],[140.435417,36.520674],[140.435404,36.520674]]}},{"type":"Feature","properties":{"id":1214444561,"highway":"unclassified"},"geometry":{"type":"LineString","coordinates":[[140.435404,36.520674],[140.435389,36.520671],[140.43538,36.520664],[140.43538,36.520652],[140.43538,36.520641],[140.435883,36.519901],[140.436162,36.51949],[140.43658,36.518823],[140.436644,36.518722],[140.436646,36.518714],[140.436648,36.518704],[140.436647,36.518695],[140.436643,36.518681],[140.436491,36.518313]]}},{"type":"Feature","properties":{"id":1214444562,"highway":"residential"},"geometry":{"type":"LineString","coordinates":[[140.424517,36.52744],[140.424192,36.527774]]}},{"type":"Feature","properties":{"id":1214444563,"highway":"residential"},"geometry":{"type":"LineString","coordinates":[[140.427184,36.524971],[140.427787,36.525335],[140.428343,36.525683]]}},{"type":"Feature","properties":{"id":1214444564,"highway":"service"},"geometry":{"type":"LineString","coordinates":[[140.426198,36.528934],[140.425307,36.52852]]}},{"type":"Feature","properties":{"id":1214444565,"highway":"unclassified"},"geometry":{"type":"LineString","coordinates":[[140.429583,36.522658],[140.429671,36.522557],[140.429769,36.522444]]}},{"type":"Feature","properties":{"id":1214444566,"highway":"unclassified"},"geometry":{"type":"LineString","coordinates":[[140.430252,36.523055],[140.430326,36.522982],[140.430342,36.522953]]}},{"type":"Feature","properties":{"id":1214446712,"highway":"unclassified"},"geometry":{"type":"LineString","coordinates":[[140.415904,36.523159],[140.41596,36.522267],[140.416012,36.521635]]}},{"type":"Feature","properties":{"id":1214446713,"highway":"unclassified"},"geometry":{"type":"LineString","coordinates":[[140.416687,36.5232],[140.416748,36.522303],[140.416797,36.521661]]}},{"type":"Feature","properties":{"id":1214446714,"highway":"unclassified"},"geometry":{"type":"LineString","coordinates":[[140.417474,36.523102],[140.417522,36.522323],[140.41756,36.52171]]}},{"type":"Feature","properties":{"id":1214446715,"highway":"unclassified"},"geometry":{"type":"LineString","coordinates":[[140.417856,36.523111],[140.417911,36.522342],[140.417956,36.521723]]}},{"type":"Feature","properties":{"id":1214446716,"highway":"unclassified"},"geometry":{"type":"LineString","coordinates":[[140.421625,36.520054],[140.421413,36.520067],[140.421253,36.520052],[140.421194,36.520034],[140.421072,36.519974],[140.420986,36.519928],[140.420825,36.519832],[140.420667,36.519729],[140.420598,36.51971],[140.420556,36.51971],[140.420456,36.51972]]}},{"type":"Feature","properties":{"id":1214446717,"highway":"unclassified"},"geometry":{"type":"LineString","coordinates":[[140.421625,36.520054],[140.421702,36.52018],[140.421828,36.520345]]}},{"type":"Feature","properties":{"id":1214446722,"highway":"unclassified"},"geometry":{"type":"LineString","coordinates":[[140.438591,36.515017],[140.438711,36.514273]]}},{"type":"Feature","properties":{"id":1216672674,"highway":"service"},"geometry":{"type":"LineString","coordinates":[[140.420432,36.550847],[140.420607,36.551261]]}},{"type":"Feature","properties":{"id":1216672676,"highway":"residential"},"geometry":{"type":"LineString","coordinates":[[140.420748,36.551001],[140.420746,36.550877],[140.420765,36.55079]]}},{"type":"Feature","properties":{"id":1217000202,"highway":"residential"},"geometry":{"type":"LineString","coordinates":[[140.421556,36.532664],[140.42234,36.532969],[140.422409,36.533013]]}},{"type":"Feature","properties":{"id":1220081947,"highway":"unclassified"},"geometry":{"type":"LineString","coordinates":[[140.448886,36.524034],[140.448678,36.524139],[140.448193,36.524555],[140.448052,36.524721],[140.447961,36.524748],[140.447942,36.524709],[140.448138,36.524331],[140.44814,36.524296],[140.448122,36.524265],[140.448094,36.524237]]}},{"type":"Feature","properties":{"id":1220334338,"highway":"unclassified"},"geometry":{"type":"LineString","coordinates":[[140.415079,36.59873],[140.415269,36.598749],[140.415461,36.598765],[140.41578,36.598754],[140.416138,36.598723],[140.416386,36.598686],[140.416545,36.598642]]}},{"type":"Feature","properties":{"id":1220510815,"highway":"unclassified"},"geometry":{"type":"LineString","coordinates":[[140.452944,36.512353],[140.453061,36.512349],[140.453377,36.512267],[140.454132,36.5122],[140.454842,36.512088],[140.455039,36.512054],[140.455132,36.511992],[140.455347,36.511997],[140.455605,36.512101]]}},{"type":"Feature","properties":{"id":1220510828,"highway":"residential"},"geometry":{"type":"LineString","coordinates":[[140.434798,36.53762],[140.435061,36.537833],[140.43521,36.537934],[140.43542,36.538036],[140.435608,36.538063],[140.435676,36.538008],[140.435781,36.53785],[140.43588,36.537735],[140.43593,36.537706],[140.435979,36.537701],[140.43608,36.537727],[140.436269,36.537789],[140.436373,36.53784],[140.436403,36.537874],[140.436444,36.537918],[140.436479,36.537963]]}},{"type":"Feature","properties":{"id":1220510829,"highway":"residential"},"geometry":{"type":"LineString","coordinates":[[140.435463,36.53833],[140.435537,36.538315],[140.435566,36.538301],[140.43559,36.53826],[140.435607,36.538192],[140.435608,36.538063]]}},{"type":"Feature","properties":{"id":1220510830,"highway":"trunk"},"geometry":{"type":"LineString","coordinates":[[140.423158,36.551173],[140.423111,36.551166],[140.422702,36.55111],[140.422296,36.551043],[140.421691,36.550948],[140.421451,36.550908],[140.42134,36.550889]]}},{"type":"Feature","properties":{"id":1224473557,"highway":"service"},"geometry":{"type":"LineString","coordinates":[[140.426452,36.520223],[140.426833,36.520434]]}},{"type":"Feature","properties":{"id":1224756757,"highway":"service"},"geometry":{"type":"LineString","coordinates":[[140.477786,36.537508],[140.477031,36.537341]]}},{"type":"Feature","properties":{"id":1224756760,"highway":"residential"},"geometry":{"type":"LineString","coordinates":[[140.477353,36.539147],[140.477254,36.538978]]}},{"type":"Feature","properties":{"id":1225638666,"highway":"residential"},"geometry":{"type":"LineString","coordinates":[[140.435255,36.601302],[140.435264,36.601257],[140.435348,36.600944],[140.435356,36.600793],[140.435338,36.60071],[140.43527,36.600567],[140.435096,36.600381],[140.434923,36.600229],[140.434807,36.600113],[140.43473,36.60001],[140.434681,36.599897],[140.434672,36.599756],[140.434676,36.599544],[140.434907,36.599482],[140.434996,36.599441],[140.435145,36.599307],[140.43521,36.599288],[140.435295,36.599285],[140.435494,36.599305],[140.435604,36.599288],[140.435654,36.599266],[140.43582,36.59904],[140.435857,36.598959],[140.435868,36.598904],[140.435852,36.598827],[140.43586,36.598558]]}},{"type":"Feature","properties":{"id":1225641224,"highway":"secondary"},"geometry":{"type":"LineString","coordinates":[[140.427072,36.555944],[140.427214,36.555598],[140.427238,36.555459],[140.427363,36.554741],[140.427368,36.554615],[140.42734,36.554151],[140.427343,36.554013],[140.42738,36.553885],[140.427448,36.553651],[140.427461,36.553606],[140.427576,36.553206],[140.427663,36.552923],[140.427776,36.552848],[140.427918,36.55272],[140.428133,36.552329],[140.428234,36.552149],[140.428296,36.552023],[140.428353,36.551885],[140.428377,36.551819]]}},{"type":"Feature","properties":{"id":1225641225,"highway":"service"},"geometry":{"type":"LineString","coordinates":[[140.430941,36.556072],[140.431288,36.555507]]}},{"type":"Feature","properties":{"id":1225641233,"highway":"secondary"},"geometry":{"type":"LineString","coordinates":[[140.427776,36.552848],[140.427894,36.552871],[140.428055,36.552905],[140.428229,36.552926],[140.4285,36.552938],[140.429397,36.552943],[140.429517,36.552944],[140.430167,36.552976],[140.430881,36.553023],[140.431181,36.553064],[140.431279,36.553084],[140.431401,36.553113],[140.431829,36.553275],[140.432688,36.553668]]}},{"type":"Feature","properties":{"id":1231908177,"highway":"residential"},"geometry":{"type":"LineString","coordinates":[[140.442445,36.503022],[140.442284,36.502935],[140.442064,36.502821],[140.441914,36.502766],[140.441726,36.502725],[140.441599,36.502717],[140.441308,36.502716],[140.440861,36.502718],[140.440779,36.502719]]}},{"type":"Feature","properties":{"id":1232058006,"highway":"unclassified"},"geometry":{"type":"LineString","coordinates":[[140.415833,36.541682],[140.415157,36.541477],[140.414665,36.541341],[140.414413,36.541197]]}},{"type":"Feature","properties":{"id":1232058007,"highway":"unclassified"},"geometry":{"type":"LineString","coordinates":[[140.414413,36.541197],[140.414669,36.541209],[140.415883,36.541548],[140.415833,36.541682]]}},{"type":"Feature","properties":{"id":1243418350,"highway":"primary"},"geometry":{"type":"LineString","coordinates":[[140.491918,36.577152],[140.491838,36.577356]]}},{"type":"Feature","properties":{"id":1243478918,"highway":"primary"},"geometry":{"type":"LineString","coordinates":[[140.487674,36.581761],[140.487645,36.581791],[140.487616,36.58182],[140.487574,36.581876]]}},{"type":"Feature","properties":{"id":1243478924,"highway":"primary"},"geometry":{"type":"LineString","coordinates":[[140.485419,36.587105],[140.485345,36.587182],[140.485187,36.587335],[140.485175,36.587347],[140.485145,36.587373],[140.485038,36.587466]]}},{"type":"Feature","properties":{"id":1243600055,"highway":"tertiary"},"geometry":{"type":"LineString","coordinates":[[140.486085,36.590509],[140.486219,36.590507],[140.486272,36.590507],[140.486608,36.590501]]}},{"type":"Feature","properties":{"id":1243600058,"highway":"primary"},"geometry":{"type":"LineString","coordinates":[[140.485965,36.590138],[140.486085,36.590509]]}},{"type":"Feature","properties":{"id":1243600059,"highway":"primary"},"geometry":{"type":"LineString","coordinates":[[140.485038,36.587466],[140.484889,36.587577],[140.484859,36.587597],[140.484848,36.587604],[140.484692,36.587707]]}},{"type":"Feature","properties":{"id":1243600062,"highway":"unclassified"},"geometry":{"type":"LineString","coordinates":[[140.488997,36.581011],[140.488944,36.580894],[140.488917,36.580865]]}},{"type":"Feature","properties":{"id":1243600063,"highway":"unclassified"},"geometry":{"type":"LineString","coordinates":[[140.489329,36.580577],[140.489272,36.580708],[140.488997,36.581011]]}},{"type":"Feature","properties":{"id":1243600069,"highway":"unclassified"},"geometry":{"type":"LineString","coordinates":[[140.481326,36.589743],[140.481255,36.589661],[140.481226,36.589625]]}},{"type":"Feature","properties":{"id":1243600070,"highway":"unclassified"},"geometry":{"type":"LineString","coordinates":[[140.481396,36.589825],[140.481326,36.589743]]}},{"type":"Feature","properties":{"id":1243600074,"highway":"tertiary"},"geometry":{"type":"LineString","coordinates":[[140.464932,36.594526],[140.465147,36.594744],[140.465183,36.594779]]}},{"type":"Feature","properties":{"id":1243600075,"highway":"primary"},"geometry":{"type":"LineString","coordinates":[[140.464363,36.59558],[140.464218,36.595719],[140.464104,36.595852],[140.463993,36.596048],[140.463786,36.596447],[140.463694,36.596606],[140.463581,36.596757],[140.463436,36.596916],[140.463222,36.597111],[140.463009,36.597302],[140.46284,36.597471],[140.462557,36.597834],[140.462096,36.598557],[140.461941,36.598802],[140.461808,36.598905],[140.461703,36.599001],[140.461643,36.599035],[140.461529,36.599064],[140.461335,36.599116],[140.461218,36.599156],[140.461152,36.599184],[140.461076,36.599232],[140.46101,36.599293],[140.460961,36.599359],[140.460819,36.599586],[140.460757,36.599702],[140.4607,36.59982],[140.460671,36.599939],[140.460646,36.600079],[140.460629,36.600213],[140.460622,36.600273],[140.460626,36.600338],[140.460643,36.600388],[140.460672,36.600444],[140.460717,36.600509],[140.460796,36.600609],[140.460887,36.600708],[140.461295,36.601176],[140.461556,36.601335],[140.461689,36.601424],[140.461818,36.601511],[140.461904,36.601616],[140.461966,36.601722],[140.461987,36.601821],[140.461968,36.601886],[140.461931,36.601962],[140.461889,36.602008],[140.461842,36.602039],[140.461765,36.602071],[140.461676,36.602078],[140.461571,36.602066],[140.461381,36.602023]]}},{"type":"Feature","properties":{"id":1243600079,"highway":"tertiary"},"geometry":{"type":"LineString","coordinates":[[140.44614,36.583965],[140.446062,36.583973]]}},{"type":"Feature","properties":{"id":1268084047,"highway":"unclassified"},"geometry":{"type":"LineString","coordinates":[[140.410784,36.539991],[140.410899,36.539776],[140.410599,36.539671]]}},{"type":"Feature","properties":{"id":1270786261,"highway":"unclassified"},"geometry":{"type":"LineString","coordinates":[[140.415224,36.528488],[140.415348,36.528465],[140.415501,36.528481],[140.415597,36.528511]]}},{"type":"Feature","properties":{"id":1306593174,"highway":"secondary"},"geometry":{"type":"LineString","coordinates":[[140.434669,36.502643],[140.434298,36.504501],[140.434109,36.505447],[140.43403,36.505858],[140.433972,36.506317],[140.433885,36.50719],[140.43387,36.507266],[140.43382,36.507496],[140.433745,36.507682],[140.433654,36.507863],[140.433536,36.508018],[140.433381,36.50816],[140.432876,36.50857]]}},{"type":"Feature","properties":{"id":1306593175,"highway":"secondary"},"geometry":{"type":"LineString","coordinates":[[140.438048,36.505941],[140.437745,36.506184],[140.43762,36.506275],[140.436939,36.50653],[140.436578,36.506786],[140.436436,36.506882],[140.435067,36.507906],[140.434799,36.508121],[140.434314,36.508621],[140.434183,36.508696],[140.434032,36.50872],[140.433003,36.508601],[140.432876,36.50857]]}},{"type":"Feature","properties":{"id":1314610121,"highway":"trunk"},"geometry":{"type":"LineString","coordinates":[[140.406481,36.561302],[140.406864,36.560504],[140.40702,36.560221],[140.407119,36.56005],[140.407148,36.560001],[140.40728,36.559782]]}},{"type":"Feature","properties":{"id":1314840799,"highway":"tertiary"},"geometry":{"type":"LineString","coordinates":[[140.42201,36.533282],[140.422084,36.533324],[140.422738,36.5336],[140.42294,36.533683],[140.423169,36.533766],[140.42333,36.533814],[140.423477,36.533835],[140.42374,36.533865],[140.423853,36.53389],[140.423947,36.533918],[140.424065,36.533961],[140.424188,36.534021],[140.424459,36.534151],[140.425472,36.534593],[140.426439,36.535032],[140.427215,36.535416],[140.427426,36.53552]]}},{"type":"Feature","properties":{"id":1314840800,"highway":"trunk"},"geometry":{"type":"LineString","coordinates":[[140.451789,36.536223],[140.451311,36.536372],[140.450705,36.536557],[140.45028,36.536684],[140.449806,36.536803],[140.449433,36.536889],[140.448956,36.537003],[140.448251,36.537162],[140.448159,36.537186],[140.447867,36.537262],[140.447346,36.537385],[140.446828,36.537501],[140.446533,36.537575],[140.446215,36.537693],[140.446145,36.537729],[140.44609,36.537757],[140.445948,36.537841],[140.445812,36.537944],[140.445713,36.538039],[140.445659,36.538099],[140.445605,36.53817],[140.445527,36.538297],[140.445466,36.538415],[140.445415,36.538523],[140.445345,36.538744],[140.445272,36.539001],[140.445181,36.539258],[140.445106,36.539491],[140.445015,36.539735],[140.444903,36.540097],[140.444816,36.540347],[140.444714,36.540596],[140.444582,36.540844],[140.444422,36.541122],[140.444305,36.541315],[140.44408,36.541588],[140.444063,36.541613],[140.443916,36.541792],[140.443658,36.542065],[140.443525,36.542206],[140.44335,36.542361],[140.443023,36.542576],[140.442754,36.542763],[140.44236,36.54305],[140.442105,36.543216],[140.441719,36.543447],[140.441319,36.543684],[140.440997,36.543873],[140.440566,36.54413]]}},{"type":"Feature","properties":{"id":1314840801,"highway":"primary"},"geometry":{"type":"LineString","coordinates":[[140.439929,36.502646],[140.439412,36.502783],[140.43884,36.502934],[140.438115,36.503096],[140.437951,36.503128],[140.437759,36.50316],[140.437574,36.503174],[140.437429,36.503177],[140.43728,36.503177],[140.437061,36.503159],[140.436876,36.503139],[140.436684,36.503106],[140.436455,36.503053],[140.435544,36.502841],[140.434669,36.502643],[140.433941,36.502477],[140.432731,36.502187],[140.432072,36.502057],[140.431743,36.502025],[140.431394,36.502028],[140.431097,36.502073],[140.430149,36.502285],[140.429859,36.502332],[140.429449,36.502337],[140.429051,36.502279],[140.428147,36.502127],[140.427821,36.502089],[140.427361,36.502077],[140.426833,36.502038],[140.426485,36.501998],[140.425882,36.50185],[140.425656,36.501774],[140.425376,36.501676],[140.425125,36.501568],[140.424945,36.501425],[140.42393,36.500253],[140.42382,36.500153]]}},{"type":"Feature","properties":{"id":1314840802,"highway":"primary"},"geometry":{"type":"LineString","coordinates":[[140.42382,36.500153],[140.423659,36.500042],[140.422833,36.499588],[140.422561,36.49948],[140.422288,36.499417],[140.422017,36.499395],[140.421737,36.499418],[140.421234,36.499527],[140.420628,36.499657],[140.419877,36.499795],[140.419425,36.499796],[140.417895,36.49956],[140.416448,36.499298],[140.415626,36.498964]]}},{"type":"Feature","properties":{"id":1314967565,"highway":"residential"},"geometry":{"type":"LineString","coordinates":[[140.481271,36.502899],[140.481586,36.502696],[140.482113,36.502492],[140.482399,36.502325],[140.48264,36.502045],[140.483017,36.502176],[140.483534,36.50216],[140.483746,36.502181],[140.483882,36.502244],[140.484671,36.502562],[140.484698,36.502602],[140.484553,36.502839],[140.484625,36.502919],[140.48514,36.503316]]}},{"type":"Feature","properties":{"id":1314967566,"highway":"residential"},"geometry":{"type":"LineString","coordinates":[[140.414904,36.53864],[140.415372,36.538737],[140.415661,36.538797],[140.416437,36.538989]]}},{"type":"Feature","properties":{"id":1314967575,"highway":"residential"},"geometry":{"type":"LineString","coordinates":[[140.467018,36.520903],[140.466766,36.521112],[140.465915,36.520445],[140.466153,36.520244]]}},{"type":"Feature","properties":{"id":1315307662,"highway":"residential"},"geometry":{"type":"LineString","coordinates":[[140.420247,36.589349],[140.420338,36.589352]]}},{"type":"Feature","properties":{"id":1315307663,"highway":"residential"},"geometry":{"type":"LineString","coordinates":[[140.420185,36.589321],[140.420247,36.589349]]}},{"type":"Feature","properties":{"id":1315307664,"highway":"unclassified"},"geometry":{"type":"LineString","coordinates":[[140.421296,36.585991],[140.421365,36.586019]]}},{"type":"Feature","properties":{"id":1315307665,"highway":"unclassified"},"geometry":{"type":"LineString","coordinates":[[140.421237,36.585962],[140.421296,36.585991]]}},{"type":"Feature","properties":{"id":1315307666,"highway":"unclassified"},"geometry":{"type":"LineString","coordinates":[[140.424409,36.570577],[140.424539,36.570585],[140.424805,36.570602],[140.425063,36.570603],[140.425197,36.570573],[140.425277,36.57054],[140.425308,36.570527],[140.425519,36.570386],[140.425538,36.570389],[140.425754,36.570422]]}},{"type":"Feature","properties":{"id":1315307668,"highway":"unclassified"},"geometry":{"type":"LineString","coordinates":[[140.423278,36.570634],[140.423445,36.570622],[140.424159,36.570591],[140.424409,36.570577]]}},{"type":"Feature","properties":{"id":1315307669,"highway":"unclassified"},"geometry":{"type":"LineString","coordinates":[[140.423175,36.570636],[140.423278,36.570634]]}},{"type":"Feature","properties":{"id":1315307670,"highway":"residential"},"geometry":{"type":"LineString","coordinates":[[140.424727,36.56752],[140.424795,36.567569]]}},{"type":"Feature","properties":{"id":1315307671,"highway":"residential"},"geometry":{"type":"LineString","coordinates":[[140.424684,36.567495],[140.424727,36.56752]]}},{"type":"Feature","properties":{"id":1315307672,"highway":"residential"},"geometry":{"type":"LineString","coordinates":[[140.425437,36.576281],[140.425522,36.576334]]}},{"type":"Feature","properties":{"id":1315307673,"highway":"residential"},"geometry":{"type":"LineString","coordinates":[[140.425344,36.579233],[140.425439,36.579216]]}},{"type":"Feature","properties":{"id":1315307674,"highway":"residential"},"geometry":{"type":"LineString","coordinates":[[140.425322,36.579236],[140.425344,36.579233]]}},{"type":"Feature","properties":{"id":1315307675,"highway":"unclassified"},"geometry":{"type":"LineString","coordinates":[[140.425527,36.57317],[140.425627,36.573113]]}},{"type":"Feature","properties":{"id":1315307676,"highway":"unclassified"},"geometry":{"type":"LineString","coordinates":[[140.425496,36.573197],[140.425527,36.57317]]}},{"type":"Feature","properties":{"id":1315307677,"highway":"residential"},"geometry":{"type":"LineString","coordinates":[[140.425566,36.574955],[140.425649,36.574962]]}},{"type":"Feature","properties":{"id":1315307678,"highway":"residential"},"geometry":{"type":"LineString","coordinates":[[140.425532,36.574955],[140.425566,36.574955]]}},{"type":"Feature","properties":{"id":1315307679,"highway":"residential"},"geometry":{"type":"LineString","coordinates":[[140.425852,36.575817],[140.425781,36.575837]]}},{"type":"Feature","properties":{"id":1315307680,"highway":"residential"},"geometry":{"type":"LineString","coordinates":[[140.425931,36.57579],[140.425852,36.575817]]}},{"type":"Feature","properties":{"id":1315307681,"highway":"residential"},"geometry":{"type":"LineString","coordinates":[[140.426775,36.566999],[140.426828,36.567045]]}},{"type":"Feature","properties":{"id":1315307682,"highway":"residential"},"geometry":{"type":"LineString","coordinates":[[140.426765,36.56699],[140.426775,36.566999]]}},{"type":"Feature","properties":{"id":1315307683,"highway":"residential"},"geometry":{"type":"LineString","coordinates":[[140.427765,36.566737],[140.42778,36.566716]]}},{"type":"Feature","properties":{"id":1315307684,"highway":"residential"},"geometry":{"type":"LineString","coordinates":[[140.427743,36.566812],[140.427765,36.566737]]}},{"type":"Feature","properties":{"id":1315307685,"highway":"unclassified"},"geometry":{"type":"LineString","coordinates":[[140.429396,36.566909],[140.429653,36.566956],[140.429719,36.566965]]}},{"type":"Feature","properties":{"id":1315307686,"highway":"unclassified"},"geometry":{"type":"LineString","coordinates":[[140.429234,36.566865],[140.429396,36.566909]]}},{"type":"Feature","properties":{"id":1315307691,"highway":"unclassified"},"geometry":{"type":"LineString","coordinates":[[140.462294,36.536835],[140.462231,36.536407]]}},{"type":"Feature","properties":{"id":1315307692,"highway":"unclassified"},"geometry":{"type":"LineString","coordinates":[[140.462297,36.53694],[140.462294,36.536835]]}},{"type":"Feature","properties":{"id":1315307697,"highway":"trunk"},"geometry":{"type":"LineString","coordinates":[[140.466803,36.538263],[140.466783,36.538251],[140.466592,36.538149],[140.466055,36.53787],[140.465918,36.537801]]}},{"type":"Feature","properties":{"id":1315307698,"highway":"trunk"},"geometry":{"type":"LineString","coordinates":[[140.466908,36.538329],[140.466803,36.538263]]}},{"type":"Feature","properties":{"id":1315678758,"highway":"residential"},"geometry":{"type":"LineString","coordinates":[[140.470576,36.540776],[140.470862,36.541085],[140.47098,36.541177]]}},{"type":"Feature","properties":{"id":1315678759,"highway":"residential"},"geometry":{"type":"LineString","coordinates":[[140.470517,36.542148],[140.47053,36.542426]]}},{"type":"Feature","properties":{"id":1315678760,"highway":"residential"},"geometry":{"type":"LineString","coordinates":[[140.470517,36.542148],[140.470969,36.541203],[140.47098,36.541177]]}},{"type":"Feature","properties":{"id":1315678761,"highway":"residential"},"geometry":{"type":"LineString","coordinates":[[140.471012,36.541206],[140.471173,36.540932],[140.471266,36.540775]]}},{"type":"Feature","properties":{"id":1315678762,"highway":"residential"},"geometry":{"type":"LineString","coordinates":[[140.47098,36.541177],[140.471173,36.540932]]}},{"type":"Feature","properties":{"id":1315678763,"highway":"residential"},"geometry":{"type":"LineString","coordinates":[[140.484876,36.537767],[140.48405,36.537911],[140.484003,36.537975]]}},{"type":"Feature","properties":{"id":1315678764,"highway":"residential"},"geometry":{"type":"LineString","coordinates":[[140.484003,36.537975],[140.483477,36.53805],[140.483424,36.538133],[140.483434,36.538375],[140.483522,36.538414],[140.484065,36.538328],[140.4841,36.538282],[140.484063,36.538047],[140.484003,36.537975]]}},{"type":"Feature","properties":{"id":1316038685,"highway":"service"},"geometry":{"type":"LineString","coordinates":[[140.432759,36.523567],[140.432673,36.523491],[140.432562,36.523457],[140.432407,36.52342]]}},{"type":"Feature","properties":{"id":1316038686,"highway":"service"},"geometry":{"type":"LineString","coordinates":[[140.429671,36.522557],[140.430342,36.522953],[140.43051,36.523052],[140.430631,36.522945],[140.430437,36.522832],[140.429769,36.522444]]}},{"type":"Feature","properties":{"id":1316038687,"highway":"service"},"geometry":{"type":"LineString","coordinates":[[140.430342,36.522953],[140.430437,36.522832]]}},{"type":"Feature","properties":{"id":1316038688,"highway":"service"},"geometry":{"type":"LineString","coordinates":[[140.429769,36.522444],[140.429515,36.522299],[140.429426,36.522406],[140.429671,36.522557]]}},{"type":"Feature","properties":{"id":1316038689,"highway":"service"},"geometry":{"type":"LineString","coordinates":[[140.426682,36.524201],[140.426983,36.524359]]}},{"type":"Feature","properties":{"id":1316038690,"highway":"service"},"geometry":{"type":"LineString","coordinates":[[140.42627,36.524001],[140.426407,36.523878],[140.426496,36.52379],[140.426774,36.523518],[140.426859,36.523435],[140.427178,36.523122],[140.427232,36.52307]]}},{"type":"Feature","properties":{"id":1316038691,"highway":"service"},"geometry":{"type":"LineString","coordinates":[[140.426774,36.523518],[140.426879,36.523569],[140.426896,36.523599],[140.4269,36.523635],[140.426881,36.523671],[140.426827,36.523692],[140.426793,36.523707],[140.426748,36.523736],[140.426754,36.523778],[140.426763,36.523807],[140.426829,36.523847]]}},{"type":"Feature","properties":{"id":1316038692,"highway":"service"},"geometry":{"type":"LineString","coordinates":[[140.426717,36.523922],[140.4266,36.524052],[140.426783,36.52409]]}},{"type":"Feature","properties":{"id":1316038693,"highway":"service"},"geometry":{"type":"LineString","coordinates":[[140.426407,36.523878],[140.42658,36.523983],[140.426482,36.524088],[140.426665,36.524219]]}},{"type":"Feature","properties":{"id":1316038694,"highway":"service"},"geometry":{"type":"LineString","coordinates":[[140.427053,36.524287],[140.427357,36.524242],[140.427933,36.523662],[140.42793,36.523605]]}},{"type":"Feature","properties":{"id":1316038695,"highway":"service"},"geometry":{"type":"LineString","coordinates":[[140.427364,36.523493],[140.427542,36.523595],[140.427632,36.523517],[140.427727,36.523576]]}},{"type":"Feature","properties":{"id":1316038696,"highway":"service"},"geometry":{"type":"LineString","coordinates":[[140.42742,36.523432],[140.427535,36.523507],[140.427615,36.523421],[140.427777,36.523528]]}},{"type":"Feature","properties":{"id":1316038697,"highway":"service"},"geometry":{"type":"LineString","coordinates":[[140.427539,36.523302],[140.427831,36.523477]]}},{"type":"Feature","properties":{"id":1316038698,"highway":"service"},"geometry":{"type":"LineString","coordinates":[[140.427611,36.523224],[140.427904,36.523408]]}},{"type":"Feature","properties":{"id":1316038699,"highway":"service"},"geometry":{"type":"LineString","coordinates":[[140.427668,36.523162],[140.427964,36.52335]]}},{"type":"Feature","properties":{"id":1316038700,"highway":"service"},"geometry":{"type":"LineString","coordinates":[[140.427178,36.523122],[140.427273,36.523162],[140.427314,36.523209],[140.427299,36.523252],[140.427254,36.523288],[140.427157,36.523321],[140.427153,36.523381],[140.42716,36.523438],[140.427228,36.5235]]}},{"type":"Feature","properties":{"id":1316038701,"highway":"service"},"geometry":{"type":"LineString","coordinates":[[140.427131,36.523605],[140.427228,36.5235],[140.427726,36.522995]]}},{"type":"Feature","properties":{"id":1316038702,"highway":"service"},"geometry":{"type":"LineString","coordinates":[[140.42802,36.523296],[140.428143,36.523124],[140.428185,36.523023],[140.428166,36.522976],[140.427977,36.522862],[140.427855,36.522828],[140.427743,36.522892],[140.42764,36.52296]]}},{"type":"Feature","properties":{"id":1316038703,"highway":"service"},"geometry":{"type":"LineString","coordinates":[[140.426754,36.523945],[140.426829,36.523847],[140.427096,36.523583]]}},{"type":"Feature","properties":{"id":1316038704,"highway":"service"},"geometry":{"type":"LineString","coordinates":[[140.426763,36.524112],[140.427072,36.524268]]}},{"type":"Feature","properties":{"id":1316038705,"highway":"service"},"geometry":{"type":"LineString","coordinates":[[140.427067,36.523801],[140.427125,36.523836],[140.427161,36.52387],[140.427143,36.523912],[140.427073,36.523939],[140.427039,36.523984],[140.427074,36.52402],[140.42722,36.524114]]}},{"type":"Feature","properties":{"id":1316038706,"highway":"service"},"geometry":{"type":"LineString","coordinates":[[140.427146,36.523723],[140.427317,36.52384],[140.427313,36.523861],[140.427305,36.523892],[140.427253,36.523916],[140.427209,36.523943],[140.427209,36.523992],[140.427253,36.524017],[140.427288,36.524043]]}},{"type":"Feature","properties":{"id":1316038707,"highway":"service"},"geometry":{"type":"LineString","coordinates":[[140.428143,36.523124],[140.428428,36.522823],[140.428495,36.522752],[140.428601,36.522639],[140.428562,36.522613],[140.42847,36.522553],[140.428419,36.522604],[140.428288,36.522737],[140.428428,36.522823]]}},{"type":"Feature","properties":{"id":1316038708,"highway":"service"},"geometry":{"type":"LineString","coordinates":[[140.428419,36.522604],[140.428481,36.522638],[140.428424,36.522711],[140.428495,36.522752]]}},{"type":"Feature","properties":{"id":1316038709,"highway":"service"},"geometry":{"type":"LineString","coordinates":[[140.428562,36.522613],[140.42859,36.522574],[140.428626,36.522582],[140.428655,36.522571],[140.428663,36.522546],[140.428656,36.522528],[140.428643,36.522519],[140.428633,36.522513],[140.428608,36.522506],[140.428577,36.522531],[140.42858,36.522558],[140.42859,36.522574]]}},{"type":"Feature","properties":{"id":1316038710,"highway":"service"},"geometry":{"type":"LineString","coordinates":[[140.428637,36.52247],[140.428638,36.522484],[140.428645,36.522498],[140.428657,36.522508],[140.428673,36.522515],[140.42869,36.522517],[140.428708,36.522514],[140.428723,36.522506],[140.428734,36.522495],[140.428739,36.522481],[140.428739,36.522468],[140.428734,36.522456],[140.428725,36.522446],[140.428712,36.522438],[140.428696,36.522434],[140.42868,36.522434],[140.428665,36.522438],[140.428652,36.522446],[140.428642,36.522456],[140.428637,36.52247]]}},{"type":"Feature","properties":{"id":1316038711,"highway":"service"},"geometry":{"type":"LineString","coordinates":[[140.42847,36.522553],[140.428587,36.522418],[140.428642,36.522456]]}},{"type":"Feature","properties":{"id":1316038714,"highway":"service"},"geometry":{"type":"LineString","coordinates":[[140.426407,36.524233],[140.426068,36.524222],[140.42627,36.524001]]}},{"type":"Feature","properties":{"id":1316328054,"highway":"unclassified"},"geometry":{"type":"LineString","coordinates":[[140.408351,36.552729],[140.408364,36.552669],[140.408378,36.552622],[140.408428,36.552586],[140.408551,36.552546],[140.408667,36.552505],[140.408798,36.552441],[140.408913,36.552375],[140.409065,36.552264],[140.409293,36.55207],[140.409359,36.552028],[140.409418,36.551997],[140.409499,36.551976],[140.409581,36.551974],[140.409659,36.551987],[140.409753,36.552025],[140.410193,36.552279],[140.410748,36.552647],[140.411467,36.553163],[140.411699,36.553311],[140.411742,36.553355],[140.411772,36.553429]]}},{"type":"Feature","properties":{"id":1316328055,"highway":"tertiary"},"geometry":{"type":"LineString","coordinates":[[140.411735,36.551232],[140.411785,36.551248],[140.411834,36.551263],[140.411914,36.551269],[140.412156,36.551287],[140.412396,36.551307],[140.412613,36.551322],[140.412714,36.551328],[140.412826,36.551346],[140.412969,36.551369],[140.413107,36.551402],[140.413254,36.55145],[140.413331,36.551478],[140.413381,36.551494],[140.413457,36.551519]]}},{"type":"Feature","properties":{"id":1316338089,"highway":"primary"},"geometry":{"type":"LineString","coordinates":[[140.496202,36.519603],[140.496074,36.519513],[140.495775,36.519304]]}},{"type":"Feature","properties":{"id":1316338090,"highway":"primary"},"geometry":{"type":"LineString","coordinates":[[140.496613,36.519889],[140.496393,36.519735],[140.496202,36.519603]]}},{"type":"Feature","properties":{"id":1316338091,"highway":"tertiary"},"geometry":{"type":"LineString","coordinates":[[140.496202,36.519603],[140.496311,36.51952],[140.496356,36.519492],[140.496659,36.519357]]}},{"type":"Feature","properties":{"id":1316339338,"highway":"primary"},"geometry":{"type":"LineString","coordinates":[[140.440701,36.502461],[140.440564,36.502494],[140.440476,36.502515],[140.439929,36.502646]]}},{"type":"Feature","properties":{"id":1316339339,"highway":"tertiary"},"geometry":{"type":"LineString","coordinates":[[140.441474,36.502272],[140.441077,36.502367],[140.440992,36.502388],[140.440833,36.502426]]}},{"type":"Feature","properties":{"id":1316339340,"highway":"trunk"},"geometry":{"type":"LineString","coordinates":[[140.440737,36.502995],[140.440761,36.502831],[140.440779,36.502719],[140.440787,36.50267],[140.440801,36.502595],[140.440833,36.502426]]}},{"type":"Feature","properties":{"id":1316339341,"highway":"trunk"},"geometry":{"type":"LineString","coordinates":[[140.440978,36.501703],[140.440921,36.501821],[140.440865,36.501956],[140.440774,36.502207],[140.440749,36.502282],[140.440701,36.502461]]}},{"type":"Feature","properties":{"id":1316836076,"highway":"trunk"},"geometry":{"type":"LineString","coordinates":[[140.44169,36.507163],[140.441662,36.507034],[140.441587,36.506758],[140.441212,36.505575],[140.440922,36.50461],[140.440822,36.50428]]}},{"type":"Feature","properties":{"id":1316836077,"highway":"secondary"},"geometry":{"type":"LineString","coordinates":[[140.44169,36.507163],[140.441565,36.507175]]}},{"type":"Feature","properties":{"id":1316836078,"highway":"tertiary"},"geometry":{"type":"LineString","coordinates":[[140.441028,36.507262],[140.441148,36.507234],[140.441283,36.507207],[140.44136,36.507198],[140.441423,36.507191],[140.441565,36.507175]]}},{"type":"Feature","properties":{"id":1316836079,"highway":"residential"},"geometry":{"type":"LineString","coordinates":[[140.440549,36.508058],[140.440224,36.507462],[140.439826,36.506734]]}},{"type":"Feature","properties":{"id":1316836080,"highway":"tertiary"},"geometry":{"type":"LineString","coordinates":[[140.440776,36.507325],[140.441028,36.507262]]}},{"type":"Feature","properties":{"id":1316836081,"highway":"secondary"},"geometry":{"type":"LineString","coordinates":[[140.442238,36.507112],[140.441821,36.507151],[140.44169,36.507163]]}},{"type":"Feature","properties":{"id":1316836092,"highway":"trunk"},"geometry":{"type":"LineString","coordinates":[[140.441778,36.507626],[140.441737,36.507397],[140.441727,36.507349],[140.441717,36.507297],[140.44169,36.507163]]}},{"type":"Feature","properties":{"id":1316836093,"highway":"trunk"},"geometry":{"type":"LineString","coordinates":[[140.441418,36.50664],[140.44146,36.50678],[140.441521,36.507009],[140.441532,36.507052],[140.441565,36.507175]]}},{"type":"Feature","properties":{"id":1316836111,"highway":"tertiary"},"geometry":{"type":"LineString","coordinates":[[140.456582,36.502395],[140.456414,36.502284],[140.45622,36.502169],[140.456045,36.502086],[140.455881,36.502031],[140.455683,36.501992],[140.455548,36.501977],[140.45538,36.501975],[140.455221,36.501986],[140.454804,36.502041],[140.454645,36.502069],[140.453587,36.502339],[140.453471,36.502357],[140.453373,36.502359],[140.453305,36.502353],[140.453224,36.502326],[140.453155,36.502283],[140.453101,36.502223],[140.453052,36.502151],[140.452692,36.501531],[140.45253,36.50127],[140.452488,36.501231],[140.45244,36.501218],[140.452403,36.501216],[140.452125,36.501308],[140.451764,36.501435],[140.451499,36.50154],[140.450997,36.501763],[140.450859,36.501827],[140.450694,36.501904],[140.450681,36.50191],[140.450347,36.502083],[140.450179,36.502178]]}},{"type":"Feature","properties":{"id":1316836112,"highway":"tertiary"},"geometry":{"type":"LineString","coordinates":[[140.44259,36.50202],[140.44187,36.502177],[140.441474,36.502272]]}},{"type":"Feature","properties":{"id":1316836113,"highway":"residential"},"geometry":{"type":"LineString","coordinates":[[140.442088,36.50851],[140.441905,36.508039]]}},{"type":"Feature","properties":{"id":1317047990,"highway":"secondary"},"geometry":{"type":"LineString","coordinates":[[140.408154,36.539157],[140.408288,36.539184],[140.408345,36.539196],[140.408692,36.539266]]}},{"type":"Feature","properties":{"id":1317047991,"highway":"secondary"},"geometry":{"type":"LineString","coordinates":[[140.411455,36.540249],[140.41157,36.540293],[140.411641,36.54032],[140.412,36.540457]]}},{"type":"Feature","properties":{"id":1317047992,"highway":"secondary"},"geometry":{"type":"LineString","coordinates":[[140.410784,36.539991],[140.411134,36.540125],[140.4112,36.540151],[140.411358,36.540213]]}},{"type":"Feature","properties":{"id":1317047993,"highway":"trunk"},"geometry":{"type":"LineString","coordinates":[[140.411152,36.540548],[140.411291,36.540412],[140.411346,36.540358],[140.411455,36.540249]]}},{"type":"Feature","properties":{"id":1317047994,"highway":"trunk"},"geometry":{"type":"LineString","coordinates":[[140.411806,36.539813],[140.411696,36.539907],[140.411573,36.540017],[140.41152,36.540065],[140.411358,36.540213]]}},{"type":"Feature","properties":{"id":1317047995,"highway":"trunk"},"geometry":{"type":"LineString","coordinates":[[140.410746,36.540855],[140.410619,36.540999],[140.410591,36.541032],[140.410509,36.541131]]}},{"type":"Feature","properties":{"id":1317047996,"highway":"trunk"},"geometry":{"type":"LineString","coordinates":[[140.410271,36.541585],[140.410447,36.541353],[140.410479,36.541311],[140.410579,36.541187]]}},{"type":"Feature","properties":{"id":1317047997,"highway":"trunk"},"geometry":{"type":"LineString","coordinates":[[140.40949,36.542807],[140.409652,36.542511],[140.409941,36.542041],[140.41004,36.541898],[140.410271,36.541585]]}},{"type":"Feature","properties":{"id":1317047998,"highway":"tertiary"},"geometry":{"type":"LineString","coordinates":[[140.409392,36.542777],[140.40949,36.542807]]}},{"type":"Feature","properties":{"id":1317047999,"highway":"trunk"},"geometry":{"type":"LineString","coordinates":[[140.409305,36.543165],[140.409419,36.542941],[140.40949,36.542807]]}},{"type":"Feature","properties":{"id":1317048000,"highway":"trunk"},"geometry":{"type":"LineString","coordinates":[[140.410509,36.541131],[140.410397,36.541266],[140.410188,36.541531],[140.410067,36.541692],[140.409896,36.541941],[140.409796,36.542096]]}},{"type":"Feature","properties":{"id":1317048001,"highway":"trunk"},"geometry":{"type":"LineString","coordinates":[[140.409796,36.542096],[140.409619,36.54238],[140.409504,36.542569],[140.409392,36.542777]]}},{"type":"Feature","properties":{"id":1317048002,"highway":"trunk"},"geometry":{"type":"LineString","coordinates":[[140.409392,36.542777],[140.409211,36.543137],[140.409015,36.543557]]}},{"type":"Feature","properties":{"id":1317048003,"highway":"tertiary"},"geometry":{"type":"LineString","coordinates":[[140.408835,36.544016],[140.408923,36.54404]]}},{"type":"Feature","properties":{"id":1317048004,"highway":"trunk"},"geometry":{"type":"LineString","coordinates":[[140.408637,36.545004],[140.408778,36.544467]]}},{"type":"Feature","properties":{"id":1317048005,"highway":"residential"},"geometry":{"type":"LineString","coordinates":[[140.40855,36.544944],[140.408637,36.545004]]}},{"type":"Feature","properties":{"id":1317048006,"highway":"trunk"},"geometry":{"type":"LineString","coordinates":[[140.408551,36.545442],[140.408565,36.545365],[140.408637,36.545004]]}},{"type":"Feature","properties":{"id":1317048007,"highway":"trunk"},"geometry":{"type":"LineString","coordinates":[[140.408835,36.544016],[140.408779,36.544188],[140.408696,36.544449],[140.408633,36.544649]]}},{"type":"Feature","properties":{"id":1317048008,"highway":"trunk"},"geometry":{"type":"LineString","coordinates":[[140.408923,36.54404],[140.40897,36.543917],[140.409107,36.543579],[140.409305,36.543165]]}},{"type":"Feature","properties":{"id":1317048009,"highway":"trunk"},"geometry":{"type":"LineString","coordinates":[[140.408778,36.544467],[140.408849,36.544256],[140.408864,36.544208],[140.408923,36.54404]]}},{"type":"Feature","properties":{"id":1317048010,"highway":"trunk"},"geometry":{"type":"LineString","coordinates":[[140.409015,36.543557],[140.408895,36.543849],[140.408879,36.543894],[140.408835,36.544016]]}},{"type":"Feature","properties":{"id":1317048011,"highway":"trunk"},"geometry":{"type":"LineString","coordinates":[[140.408633,36.544649],[140.408619,36.544693],[140.408577,36.544846],[140.40855,36.544944]]}},{"type":"Feature","properties":{"id":1317105567,"highway":"residential"},"geometry":{"type":"LineString","coordinates":[[140.476237,36.539507],[140.476273,36.539543],[140.47632,36.539851],[140.476367,36.539941],[140.476418,36.540016]]}},{"type":"Feature","properties":{"id":1317105568,"highway":"residential"},"geometry":{"type":"LineString","coordinates":[[140.476418,36.540016],[140.476511,36.540093],[140.476794,36.540293],[140.477176,36.540535],[140.477457,36.540676],[140.477605,36.540734]]}},{"type":"Feature","properties":{"id":1317105569,"highway":"residential"},"geometry":{"type":"LineString","coordinates":[[140.484862,36.533647],[140.484683,36.533848],[140.48461,36.53436]]}},{"type":"Feature","properties":{"id":1317105595,"highway":"service"},"geometry":{"type":"LineString","coordinates":[[140.476884,36.541579],[140.476879,36.541465],[140.476806,36.541368],[140.476805,36.541134],[140.476624,36.541132],[140.476434,36.54113],[140.476433,36.540855],[140.476141,36.540854],[140.475979,36.540802]]}},{"type":"Feature","properties":{"id":1317105596,"highway":"service"},"geometry":{"type":"LineString","coordinates":[[140.476412,36.541572],[140.476422,36.54137],[140.476434,36.54113]]}},{"type":"Feature","properties":{"id":1317105597,"highway":"service"},"geometry":{"type":"LineString","coordinates":[[140.476422,36.54137],[140.476608,36.541369],[140.476806,36.541368]]}},{"type":"Feature","properties":{"id":1317105598,"highway":"service"},"geometry":{"type":"LineString","coordinates":[[140.476607,36.541487],[140.476608,36.541369],[140.476624,36.541132]]}},{"type":"Feature","properties":{"id":1317105600,"highway":"service"},"geometry":{"type":"LineString","coordinates":[[140.477048,36.541581],[140.477051,36.54144],[140.477056,36.541279],[140.477063,36.540972]]}},{"type":"Feature","properties":{"id":1317105601,"highway":"service"},"geometry":{"type":"LineString","coordinates":[[140.477444,36.541587],[140.477447,36.541442],[140.47745,36.541284],[140.477056,36.541279]]}},{"type":"Feature","properties":{"id":1317105602,"highway":"service"},"geometry":{"type":"LineString","coordinates":[[140.477051,36.54144],[140.477447,36.541442]]}},{"type":"Feature","properties":{"id":1317105604,"highway":"service"},"geometry":{"type":"LineString","coordinates":[[140.477507,36.541588],[140.477496,36.541766],[140.477712,36.541831],[140.477885,36.541883],[140.477955,36.541744],[140.477956,36.541593]]}},{"type":"Feature","properties":{"id":1317105605,"highway":"service"},"geometry":{"type":"LineString","coordinates":[[140.477712,36.541831],[140.477749,36.541725]]}},{"type":"Feature","properties":{"id":1317105606,"highway":"service"},"geometry":{"type":"LineString","coordinates":[[140.477711,36.54159],[140.47771,36.541535],[140.478109,36.541531],[140.478103,36.541595]]}},{"type":"Feature","properties":{"id":1317105607,"highway":"service"},"geometry":{"type":"LineString","coordinates":[[140.478109,36.541531],[140.478115,36.541372]]}},{"type":"Feature","properties":{"id":1317105610,"highway":"service"},"geometry":{"type":"LineString","coordinates":[[140.474895,36.541553],[140.474908,36.541331],[140.474705,36.541327],[140.474514,36.541323],[140.474501,36.541555]]}},{"type":"Feature","properties":{"id":1317105611,"highway":"service"},"geometry":{"type":"LineString","coordinates":[[140.474704,36.541457],[140.474705,36.541327]]}},{"type":"Feature","properties":{"id":1319431431,"highway":"service"},"geometry":{"type":"LineString","coordinates":[[140.468103,36.566452],[140.46799,36.566443],[140.467835,36.566393],[140.46778,36.566347]]}},{"type":"Feature","properties":{"id":1319431432,"highway":"service"},"geometry":{"type":"LineString","coordinates":[[140.467324,36.566436],[140.466974,36.566716],[140.46694,36.56676],[140.466952,36.566819],[140.467007,36.566882],[140.46702,36.566897],[140.467117,36.566936],[140.467225,36.56693],[140.467334,36.566863],[140.467584,36.566656],[140.467778,36.566495]]}},{"type":"Feature","properties":{"id":1319431433,"highway":"service"},"geometry":{"type":"LineString","coordinates":[[140.467778,36.566495],[140.467787,36.566426],[140.46778,36.566347]]}},{"type":"Feature","properties":{"id":1319431434,"highway":"service"},"geometry":{"type":"LineString","coordinates":[[140.467007,36.566882],[140.467045,36.566886],[140.46715,36.566823],[140.467549,36.566497],[140.467667,36.566403]]}},{"type":"Feature","properties":{"id":1319431435,"highway":"service"},"geometry":{"type":"LineString","coordinates":[[140.467667,36.566403],[140.467737,36.566449],[140.467778,36.566495]]}},{"type":"Feature","properties":{"id":1319431436,"highway":"service"},"geometry":{"type":"LineString","coordinates":[[140.467778,36.566495],[140.467897,36.566498],[140.46802,36.566494],[140.468103,36.566452]]}},{"type":"Feature","properties":{"id":1319431437,"highway":"service"},"geometry":{"type":"LineString","coordinates":[[140.467667,36.566403],[140.467682,36.566392],[140.467753,36.566325]]}},{"type":"Feature","properties":{"id":1319431438,"highway":"service"},"geometry":{"type":"LineString","coordinates":[[140.467753,36.566325],[140.467692,36.566275],[140.467625,36.56624],[140.46754,36.566246],[140.467324,36.566436]]}},{"type":"Feature","properties":{"id":1319431439,"highway":"service"},"geometry":{"type":"LineString","coordinates":[[140.46778,36.566347],[140.467753,36.566325]]}},{"type":"Feature","properties":{"id":1319431446,"highway":"tertiary"},"geometry":{"type":"LineString","coordinates":[[140.484511,36.543252],[140.484729,36.543141]]}},{"type":"Feature","properties":{"id":1319431447,"highway":"tertiary"},"geometry":{"type":"LineString","coordinates":[[140.484207,36.543442],[140.484511,36.543252]]}},{"type":"Feature","properties":{"id":1326167209,"highway":"service"},"geometry":{"type":"LineString","coordinates":[[140.498548,36.545335],[140.498933,36.545609],[140.499242,36.545695]]}},{"type":"Feature","properties":{"id":1326167255,"highway":"residential"},"geometry":{"type":"LineString","coordinates":[[140.484867,36.543064],[140.484796,36.54296],[140.484788,36.542857],[140.484892,36.542788],[140.485016,36.542752],[140.485112,36.542676]]}},{"type":"Feature","properties":{"id":1326167256,"highway":"residential"},"geometry":{"type":"LineString","coordinates":[[140.484926,36.543031],[140.485241,36.543424],[140.485434,36.544006]]}},{"type":"Feature","properties":{"id":1326167257,"highway":"residential"},"geometry":{"type":"LineString","coordinates":[[140.486805,36.542352],[140.486268,36.543085],[140.486083,36.543249],[140.485989,36.543243],[140.485898,36.543178],[140.485893,36.543083],[140.485812,36.542971],[140.485759,36.54281],[140.486252,36.542435],[140.486434,36.542392],[140.486491,36.542346],[140.486618,36.542197]]}},{"type":"Feature","properties":{"id":1326245517,"highway":"unclassified"},"geometry":{"type":"LineString","coordinates":[[140.469734,36.522757],[140.469837,36.522763]]}},{"type":"Feature","properties":{"id":1326245525,"highway":"residential"},"geometry":{"type":"LineString","coordinates":[[140.453979,36.528794],[140.453867,36.529058],[140.453783,36.529365],[140.453741,36.529519],[140.453495,36.530234],[140.453458,36.530341]]}},{"type":"Feature","properties":{"id":1346989474,"highway":"tertiary"},"geometry":{"type":"LineString","coordinates":[[140.436691,36.542628],[140.436869,36.543093],[140.437103,36.543484]]}},{"type":"Feature","properties":{"id":1346989475,"highway":"tertiary"},"geometry":{"type":"LineString","coordinates":[[140.436629,36.542473],[140.436659,36.542545],[140.436691,36.542628]]}},{"type":"Feature","properties":{"id":1393890936,"highway":"unclassified"},"geometry":{"type":"LineString","coordinates":[[140.403973,36.536432],[140.403452,36.536562],[140.402948,36.536605],[140.40283,36.536545],[140.402678,36.536358],[140.402424,36.536158],[140.402332,36.536119],[140.402254,36.536104],[140.402133,36.536133],[140.402079,36.53634],[140.402028,36.536377],[140.401937,36.53637],[140.401856,36.536327]]}},{"type":"Feature","properties":{"id":1393890947,"highway":"secondary"},"geometry":{"type":"LineString","coordinates":[[140.412874,36.532382],[140.412919,36.532424],[140.413301,36.532752],[140.4134,36.532862],[140.413489,36.532984],[140.413579,36.533151],[140.413636,36.533286],[140.413661,36.533371],[140.413677,36.533458],[140.41373,36.533736],[140.413792,36.534035],[140.413798,36.534067],[140.413853,36.534391],[140.413856,36.53449],[140.413855,36.53456],[140.41385,36.534699],[140.413847,36.534844],[140.413828,36.535034],[140.413797,36.535247],[140.413763,36.535402],[140.413725,36.535511],[140.413581,36.535896],[140.413432,36.536255],[140.413398,36.536352],[140.41338,36.536413],[140.413373,36.536471],[140.413369,36.536526],[140.413371,36.536591],[140.413394,36.536693],[140.413437,36.536791],[140.41348,36.536883],[140.413575,36.537073],[140.413649,36.537224],[140.413698,36.537351],[140.413747,36.537517],[140.413805,36.537793],[140.41394,36.538349]]}},{"type":"Feature","properties":{"id":1393890948,"highway":"secondary"},"geometry":{"type":"LineString","coordinates":[[140.412687,36.532208],[140.412752,36.532269],[140.412874,36.532382]]}},{"type":"Feature","properties":{"id":1393890950,"highway":"secondary"},"geometry":{"type":"LineString","coordinates":[[140.407422,36.5336],[140.407708,36.533695]]}},{"type":"Feature","properties":{"id":1393890951,"highway":"secondary"},"geometry":{"type":"LineString","coordinates":[[140.406052,36.533136],[140.406439,36.533272],[140.407422,36.5336]]}},{"type":"Feature","properties":{"id":1394193132,"highway":"unclassified"},"geometry":{"type":"LineString","coordinates":[[140.409645,36.513295],[140.410088,36.513425],[140.410433,36.513543],[140.410535,36.513569]]}},{"type":"Feature","properties":{"id":1395463460,"highway":"unclassified"},"geometry":{"type":"LineString","coordinates":[[140.409704,36.525135],[140.409867,36.524995],[140.410139,36.525141],[140.410447,36.525243]]}},{"type":"Feature","properties":{"id":1395463461,"highway":"unclassified"},"geometry":{"type":"LineString","coordinates":[[140.408775,36.526324],[140.408993,36.525882],[140.40908,36.52567]]}},{"type":"Feature","properties":{"id":1396208566,"highway":"unclassified"},"geometry":{"type":"LineString","coordinates":[[140.431688,36.560141],[140.431724,36.560155]]}},{"type":"Feature","properties":{"id":1396208567,"highway":"unclassified"},"geometry":{"type":"LineString","coordinates":[[140.431649,36.56012],[140.431688,36.560141]]}},{"type":"Feature","properties":{"id":1396208568,"highway":"unclassified"},"geometry":{"type":"LineString","coordinates":[[140.453153,36.564229],[140.453097,36.563772],[140.453146,36.563501],[140.453224,36.562946]]}},{"type":"Feature","properties":{"id":1396208578,"highway":"residential"},"geometry":{"type":"LineString","coordinates":[[140.445573,36.582844],[140.445599,36.582842]]}},{"type":"Feature","properties":{"id":1396208579,"highway":"residential"},"geometry":{"type":"LineString","coordinates":[[140.446319,36.579165],[140.445812,36.578974],[140.44578,36.578816],[140.445437,36.578697],[140.445187,36.578603],[140.445009,36.578496]]}},{"type":"Feature","properties":{"id":1396208586,"highway":"service"},"geometry":{"type":"LineString","coordinates":[[140.446877,36.560243],[140.447094,36.560144],[140.447247,36.560161],[140.447588,36.559937]]}},{"type":"Feature","properties":{"id":1397713629,"highway":"residential"},"geometry":{"type":"LineString","coordinates":[[140.438188,36.59567],[140.438174,36.595589]]}},{"type":"Feature","properties":{"id":1397713630,"highway":"residential"},"geometry":{"type":"LineString","coordinates":[[140.438085,36.596014],[140.438153,36.595828],[140.438191,36.595685],[140.438188,36.59567]]}},{"type":"Feature","properties":{"id":1397713660,"highway":"unclassified"},"geometry":{"type":"LineString","coordinates":[[140.446587,36.580254],[140.447014,36.579596],[140.44776,36.57962]]}},{"type":"Feature","properties":{"id":1397713661,"highway":"unclassified"},"geometry":{"type":"LineString","coordinates":[[140.446487,36.589263],[140.446359,36.589333],[140.446139,36.589391],[140.445858,36.589282],[140.445595,36.589121],[140.445296,36.588882]]}},{"type":"Feature","properties":{"id":1397713663,"highway":"unclassified"},"geometry":{"type":"LineString","coordinates":[[140.437678,36.597552],[140.437913,36.597573],[140.438072,36.597738],[140.438243,36.597997],[140.43846,36.598156],[140.438575,36.598209],[140.438672,36.598253],[140.438859,36.598472]]}},{"type":"Feature","properties":{"id":1400607855,"highway":"unclassified"},"geometry":{"type":"LineString","coordinates":[[140.48981,36.599778],[140.489915,36.599443],[140.490072,36.599065],[140.490157,36.59874],[140.490268,36.598515],[140.490457,36.598386],[140.490573,36.598227]]}},{"type":"Feature","properties":{"id":1400607856,"highway":"unclassified"},"geometry":{"type":"LineString","coordinates":[[140.490573,36.598227],[140.490777,36.598113],[140.49104,36.598057],[140.491136,36.597988],[140.491211,36.597807],[140.491324,36.597691],[140.49138,36.597603],[140.491343,36.59731]]}},{"type":"Feature","properties":{"id":1400607858,"highway":"unclassified"},"geometry":{"type":"LineString","coordinates":[[140.489883,36.595385],[140.489733,36.595049],[140.489566,36.594723]]}},{"type":"Feature","properties":{"id":1400607859,"highway":"unclassified"},"geometry":{"type":"LineString","coordinates":[[140.490236,36.595316],[140.489949,36.594557]]}},{"type":"Feature","properties":{"id":1400607860,"highway":"unclassified"},"geometry":{"type":"LineString","coordinates":[[140.48713,36.595095],[140.487171,36.595084],[140.487352,36.595034],[140.487497,36.594945],[140.487859,36.594948],[140.488189,36.595025],[140.488623,36.595025],[140.488811,36.594978],[140.489181,36.594889],[140.489566,36.594723],[140.489949,36.594557],[140.490195,36.59445]]}},{"type":"Feature","properties":{"id":1400607861,"highway":"unclassified"},"geometry":{"type":"LineString","coordinates":[[140.488226,36.594211],[140.488661,36.594592],[140.488811,36.594978]]}},{"type":"Feature","properties":{"id":1400607862,"highway":"unclassified"},"geometry":{"type":"LineString","coordinates":[[140.4891,36.591085],[140.489071,36.591144],[140.48876,36.591213],[140.488535,36.59159],[140.48862,36.591965],[140.488647,36.592146],[140.488529,36.592671]]}},{"type":"Feature","properties":{"id":1400607863,"highway":"unclassified"},"geometry":{"type":"LineString","coordinates":[[140.489712,36.590572],[140.490034,36.5905],[140.490707,36.590361],[140.491107,36.59032]]}},{"type":"Feature","properties":{"id":1400607864,"highway":"unclassified"},"geometry":{"type":"LineString","coordinates":[[140.489768,36.589894],[140.489878,36.59004],[140.490034,36.5905]]}},{"type":"Feature","properties":{"id":1409484517,"highway":"residential"},"geometry":{"type":"LineString","coordinates":[[140.486824,36.58424],[140.486575,36.584131],[140.486536,36.583766],[140.486453,36.583554],[140.48645,36.583452]]}},{"type":"Feature","properties":{"id":1409766159,"highway":"residential"},"geometry":{"type":"LineString","coordinates":[[140.464445,36.558617],[140.46481,36.558606]]}},{"type":"Feature","properties":{"id":1409766160,"highway":"residential"},"geometry":{"type":"LineString","coordinates":[[140.464359,36.558626],[140.464445,36.558617]]}},{"type":"Feature","properties":{"id":1410040649,"highway":"unclassified"},"geometry":{"type":"LineString","coordinates":[[140.484525,36.568628],[140.484595,36.568572]]}},{"type":"Feature","properties":{"id":1410040650,"highway":"unclassified"},"geometry":{"type":"LineString","coordinates":[[140.484525,36.568628],[140.484431,36.568671]]}},{"type":"Feature","properties":{"id":1410040651,"highway":"unclassified"},"geometry":{"type":"LineString","coordinates":[[140.484971,36.569253],[140.484886,36.569106],[140.484723,36.568853],[140.484594,36.568708],[140.484525,36.568628]]}},{"type":"Feature","properties":{"id":1418334533,"highway":"service"},"geometry":{"type":"LineString","coordinates":[[140.452832,36.554582],[140.45218,36.554514],[140.451141,36.554309],[140.450814,36.554156],[140.450618,36.553932],[140.450528,36.553755],[140.450606,36.553584]]}},{"type":"Feature","properties":{"id":1418334534,"highway":"unclassified"},"geometry":{"type":"LineString","coordinates":[[140.452201,36.556703],[140.451935,36.556575],[140.45166,36.556376],[140.451448,36.556121],[140.451358,36.556016],[140.451166,36.555951],[140.450848,36.555849],[140.450659,36.55569],[140.450509,36.555555],[140.450407,36.555336],[140.450356,36.555043],[140.450367,36.555007],[140.450519,36.555014],[140.450776,36.555087],[140.450929,36.555102],[140.451197,36.555072],[140.451382,36.55508],[140.451615,36.555148],[140.451755,36.555247],[140.451965,36.555269],[140.452136,36.555295],[140.452261,36.555354]]}},{"type":"Feature","properties":{"id":1422427389,"highway":"unclassified"},"geometry":{"type":"LineString","coordinates":[[140.475423,36.55718],[140.475407,36.557265],[140.475369,36.55735],[140.475313,36.5574],[140.475186,36.55749],[140.474991,36.557744],[140.474947,36.557815],[140.474947,36.557895],[140.474962,36.55801],[140.474936,36.558094],[140.474866,36.558184],[140.474788,36.558247],[140.474754,36.558299],[140.474729,36.55845]]}},{"type":"Feature","properties":{"id":1423877190,"highway":"residential"},"geometry":{"type":"LineString","coordinates":[[140.42009,36.570209],[140.420322,36.570153],[140.420734,36.569972],[140.421238,36.569713],[140.421726,36.569558],[140.421839,36.569571],[140.422381,36.569613]]}},{"type":"Feature","properties":{"id":1423877203,"highway":"residential"},"geometry":{"type":"LineString","coordinates":[[140.43511,36.550476],[140.435102,36.550526],[140.434736,36.550567],[140.434475,36.550596],[140.434304,36.550647]]}},{"type":"Feature","properties":{"id":1423877204,"highway":"residential"},"geometry":{"type":"LineString","coordinates":[[140.435119,36.55042],[140.43511,36.550476]]}},{"type":"Feature","properties":{"id":1423877205,"highway":"residential"},"geometry":{"type":"LineString","coordinates":[[140.434225,36.550671],[140.434182,36.550683],[140.434085,36.550836]]}},{"type":"Feature","properties":{"id":1423877206,"highway":"residential"},"geometry":{"type":"LineString","coordinates":[[140.434304,36.550647],[140.434225,36.550671]]}},{"type":"Feature","properties":{"id":1424050682,"highway":"unclassified"},"geometry":{"type":"LineString","coordinates":[[140.446267,36.521767],[140.446263,36.521918],[140.446247,36.522348],[140.44635,36.522843],[140.4464,36.52309]]}},{"type":"Feature","properties":{"id":1424050683,"highway":"unclassified"},"geometry":{"type":"LineString","coordinates":[[140.435102,36.550526],[140.435113,36.55078],[140.435073,36.551304],[140.435051,36.551771]]}},{"type":"Feature","properties":{"id":1424050684,"highway":"unclassified"},"geometry":{"type":"LineString","coordinates":[[140.435073,36.551304],[140.434805,36.551304]]}},{"type":"Feature","properties":{"id":1424050685,"highway":"unclassified"},"geometry":{"type":"LineString","coordinates":[[140.435073,36.551304],[140.435351,36.551317]]}},{"type":"Feature","properties":{"id":1424050686,"highway":"unclassified"},"geometry":{"type":"LineString","coordinates":[[140.434282,36.551757],[140.434685,36.551808],[140.434679,36.551699],[140.434791,36.551526],[140.434805,36.551304],[140.434813,36.551215],[140.434736,36.550567]]}},{"type":"Feature","properties":{"id":1424050689,"highway":"unclassified"},"geometry":{"type":"LineString","coordinates":[[140.412083,36.546337],[140.411819,36.545886]]}},{"type":"Feature","properties":{"id":1424050690,"highway":"unclassified"},"geometry":{"type":"LineString","coordinates":[[140.434067,36.55033],[140.434364,36.54932],[140.435299,36.549468],[140.435523,36.549418]]}},{"type":"Feature","properties":{"id":1424050691,"highway":"unclassified"},"geometry":{"type":"LineString","coordinates":[[140.410307,36.543922],[140.410013,36.543908],[140.409598,36.543818],[140.409654,36.543329],[140.40981,36.543352],[140.410001,36.543317]]}},{"type":"Feature","properties":{"id":1424050693,"highway":"unclassified"},"geometry":{"type":"LineString","coordinates":[[140.405244,36.572195],[140.406228,36.572503]]}},{"type":"Feature","properties":{"id":1424050694,"highway":"unclassified"},"geometry":{"type":"LineString","coordinates":[[140.42113,36.539789],[140.421316,36.539324]]}},{"type":"Feature","properties":{"id":1424050695,"highway":"unclassified"},"geometry":{"type":"LineString","coordinates":[[140.420064,36.518264],[140.420269,36.518239],[140.420356,36.517736],[140.420392,36.517443],[140.419997,36.517413]]}},{"type":"Feature","properties":{"id":1424050696,"highway":"unclassified"},"geometry":{"type":"LineString","coordinates":[[140.420081,36.51809],[140.419326,36.518014],[140.419393,36.517716],[140.420121,36.517798]]}},{"type":"Feature","properties":{"id":1424050700,"highway":"unclassified"},"geometry":{"type":"LineString","coordinates":[[140.411801,36.52671],[140.411991,36.526378],[140.412163,36.526341],[140.412217,36.526386]]}},{"type":"Feature","properties":{"id":1424050706,"highway":"tertiary"},"geometry":{"type":"LineString","coordinates":[[140.40949,36.542807],[140.409629,36.542855],[140.409706,36.54289]]}},{"type":"Feature","properties":{"id":1424050707,"highway":"tertiary"},"geometry":{"type":"LineString","coordinates":[[140.409706,36.54289],[140.409744,36.542915]]}},{"type":"Feature","properties":{"id":1424806664,"highway":"residential"},"geometry":{"type":"LineString","coordinates":[[140.426405,36.529113],[140.426161,36.528989]]}},{"type":"Feature","properties":{"id":1424806871,"highway":"service"},"geometry":{"type":"LineString","coordinates":[[140.428657,36.522508],[140.428643,36.522519]]}},{"type":"Feature","properties":{"id":1442806760,"highway":"unclassified"},"geometry":{"type":"LineString","coordinates":[[140.406029,36.552986],[140.40604,36.552435]]}},{"type":"Feature","properties":{"id":1442806761,"highway":"unclassified"},"geometry":{"type":"LineString","coordinates":[[140.405653,36.553035],[140.405662,36.552596]]}},{"type":"Feature","properties":{"id":1442806762,"highway":"unclassified"},"geometry":{"type":"LineString","coordinates":[[140.406355,36.552943],[140.406427,36.552228]]}},{"type":"Feature","properties":{"id":1447391956,"highway":"residential"},"geometry":{"type":"LineString","coordinates":[[140.452024,36.518714],[140.451983,36.518647],[140.451976,36.518572],[140.451948,36.518512],[140.451886,36.518469],[140.451243,36.518268],[140.451221,36.518232],[140.451235,36.518059]]}},{"type":"Feature","properties":{"id":1447391958,"highway":"unclassified"},"geometry":{"type":"LineString","coordinates":[[140.456072,36.517106],[140.456242,36.516424],[140.456365,36.515986]]}},{"type":"Feature","properties":{"id":1447391959,"highway":"residential"},"geometry":{"type":"LineString","coordinates":[[140.441963,36.523139],[140.442397,36.52339]]}},{"type":"Feature","properties":{"id":1447391961,"highway":"service"},"geometry":{"type":"LineString","coordinates":[[140.44701,36.525689],[140.447205,36.525604],[140.447385,36.525491],[140.447463,36.525442]]}},{"type":"Feature","properties":{"id":1447391962,"highway":"service"},"geometry":{"type":"LineString","coordinates":[[140.446735,36.525284],[140.447009,36.525373],[140.447069,36.525418],[140.447385,36.525491]]}},{"type":"Feature","properties":{"id":1447391963,"highway":"residential"},"geometry":{"type":"LineString","coordinates":[[140.439819,36.527147],[140.44013,36.526891]]}},{"type":"Feature","properties":{"id":1447391964,"highway":"service"},"geometry":{"type":"LineString","coordinates":[[140.437918,36.529216],[140.438465,36.529334]]}},{"type":"Feature","properties":{"id":1447391965,"highway":"service"},"geometry":{"type":"LineString","coordinates":[[140.436381,36.530759],[140.435528,36.530521]]}},{"type":"Feature","properties":{"id":1447391968,"highway":"service"},"geometry":{"type":"LineString","coordinates":[[140.433124,36.536844],[140.433388,36.537111]]}},{"type":"Feature","properties":{"id":1447391972,"highway":"service"},"geometry":{"type":"LineString","coordinates":[[140.431818,36.525526],[140.43117,36.5264],[140.430526,36.527272],[140.430307,36.527534],[140.430038,36.527898]]}},{"type":"Feature","properties":{"id":1447450904,"highway":"service"},"geometry":{"type":"LineString","coordinates":[[140.469125,36.544224],[140.469245,36.543636]]}},{"type":"Feature","properties":{"id":1447450905,"highway":"service"},"geometry":{"type":"LineString","coordinates":[[140.453458,36.530341],[140.453352,36.530577],[140.453309,36.530776],[140.453174,36.530921]]}},{"type":"Feature","properties":{"id":1447450906,"highway":"service"},"geometry":{"type":"LineString","coordinates":[[140.453495,36.530234],[140.454123,36.530379]]}},{"type":"Feature","properties":{"id":1447450907,"highway":"residential"},"geometry":{"type":"LineString","coordinates":[[140.450705,36.536557],[140.450772,36.536633],[140.450677,36.536773],[140.450579,36.536897],[140.450483,36.536984],[140.450295,36.537057],[140.450174,36.537099],[140.450072,36.537161]]}},{"type":"Feature","properties":{"id":1447450908,"highway":"service"},"geometry":{"type":"LineString","coordinates":[[140.453009,36.529176],[140.453783,36.529365]]}},{"type":"Feature","properties":{"id":1447450909,"highway":"residential"},"geometry":{"type":"LineString","coordinates":[[140.452034,36.528766],[140.452177,36.528767],[140.45242,36.528745],[140.453139,36.528526]]}},{"type":"Feature","properties":{"id":1447450912,"highway":"residential"},"geometry":{"type":"LineString","coordinates":[[140.457738,36.533757],[140.458122,36.533537],[140.459208,36.533142]]}},{"type":"Feature","properties":{"id":1447450913,"highway":"residential"},"geometry":{"type":"LineString","coordinates":[[140.456309,36.551953],[140.455937,36.551779],[140.45584,36.551708],[140.455794,36.551588],[140.455771,36.551528],[140.455479,36.551311],[140.455362,36.551238],[140.455254,36.551217],[140.455173,36.551217],[140.454789,36.551272],[140.454435,36.551285],[140.454246,36.551241]]}},{"type":"Feature","properties":{"id":1447450914,"highway":"residential"},"geometry":{"type":"LineString","coordinates":[[140.455794,36.551588],[140.456129,36.551304],[140.456155,36.551236],[140.456057,36.550993],[140.456015,36.550815],[140.456008,36.550705]]}},{"type":"Feature","properties":{"id":1447450915,"highway":"residential"},"geometry":{"type":"LineString","coordinates":[[140.464966,36.545826],[140.464561,36.545749],[140.464706,36.545486],[140.464941,36.545221]]}},{"type":"Feature","properties":{"id":1447450916,"highway":"service"},"geometry":{"type":"LineString","coordinates":[[140.465759,36.546149],[140.465928,36.5456],[140.466001,36.545246],[140.465613,36.545097],[140.46534,36.545172],[140.465064,36.545224],[140.464941,36.545221],[140.465048,36.544949],[140.464672,36.544755]]}},{"type":"Feature","properties":{"id":1447452992,"highway":"residential"},"geometry":{"type":"LineString","coordinates":[[140.468648,36.516117],[140.469063,36.515481]]}},{"type":"Feature","properties":{"id":1447452993,"highway":"service"},"geometry":{"type":"LineString","coordinates":[[140.467698,36.513637],[140.467589,36.5139],[140.46742,36.514006]]}},{"type":"Feature","properties":{"id":1447452995,"highway":"service"},"geometry":{"type":"LineString","coordinates":[[140.484262,36.501392],[140.484888,36.501617],[140.484938,36.501672],[140.485043,36.501836],[140.485133,36.501836],[140.485251,36.501771],[140.485424,36.501749],[140.486158,36.501851]]}},{"type":"Feature","properties":{"id":1447452996,"highway":"service"},"geometry":{"type":"LineString","coordinates":[[140.482636,36.503346],[140.48365,36.503769],[140.483596,36.503853],[140.483405,36.504046],[140.483133,36.504221],[140.482969,36.50442]]}},{"type":"Feature","properties":{"id":1447704344,"highway":"residential"},"geometry":{"type":"LineString","coordinates":[[140.465312,36.548537],[140.465848,36.548732],[140.466154,36.548825],[140.466633,36.548878]]}},{"type":"Feature","properties":{"id":1447704345,"highway":"residential"},"geometry":{"type":"LineString","coordinates":[[140.466383,36.547217],[140.466597,36.547338],[140.466824,36.547575],[140.466941,36.547755],[140.466944,36.547828],[140.466919,36.548411],[140.466801,36.548533],[140.466721,36.548648],[140.466667,36.548736],[140.466633,36.548878],[140.466681,36.549095],[140.466705,36.549171],[140.467143,36.549135]]}},{"type":"Feature","properties":{"id":1447704347,"highway":"service"},"geometry":{"type":"LineString","coordinates":[[140.478413,36.568878],[140.478503,36.568847],[140.478558,36.568855],[140.478749,36.568915],[140.479204,36.5691],[140.479425,36.569232],[140.479506,36.569316],[140.479594,36.569424],[140.479813,36.569824],[140.479932,36.569934]]}},{"type":"Feature","properties":{"id":1447704348,"highway":"residential"},"geometry":{"type":"LineString","coordinates":[[140.479932,36.569934],[140.480441,36.570344],[140.480723,36.57047]]}},{"type":"Feature","properties":{"id":1447704349,"highway":"residential"},"geometry":{"type":"LineString","coordinates":[[140.462853,36.578254],[140.462835,36.57819],[140.462823,36.578132],[140.462822,36.578046],[140.462822,36.577934],[140.462825,36.577854],[140.462849,36.577768],[140.462955,36.577499],[140.462979,36.577415],[140.463075,36.577373]]}},{"type":"Feature","properties":{"id":1447704350,"highway":"residential"},"geometry":{"type":"LineString","coordinates":[[140.468189,36.582085],[140.468216,36.582023],[140.468338,36.582001],[140.468541,36.58206],[140.468796,36.582303],[140.468909,36.582328]]}},{"type":"Feature","properties":{"id":1447704352,"highway":"residential"},"geometry":{"type":"LineString","coordinates":[[140.463602,36.5786],[140.463466,36.578591],[140.463367,36.578569],[140.463247,36.578548],[140.463151,36.578526],[140.463064,36.578499],[140.46297,36.578439],[140.462899,36.578346],[140.462853,36.578254]]}},{"type":"Feature","properties":{"id":1447704353,"highway":"unclassified"},"geometry":{"type":"LineString","coordinates":[[140.463075,36.577373],[140.463038,36.577285],[140.463005,36.577163],[140.462758,36.576263],[140.462674,36.575902],[140.462588,36.575455],[140.462496,36.575105],[140.462448,36.574685]]}},{"type":"Feature","properties":{"id":1447715165,"highway":"residential"},"geometry":{"type":"LineString","coordinates":[[140.447562,36.559706],[140.447611,36.559825],[140.447588,36.559937]]}},{"type":"Feature","properties":{"id":1447715166,"highway":"service"},"geometry":{"type":"LineString","coordinates":[[140.447588,36.559937],[140.447644,36.559977],[140.447763,36.56003],[140.448086,36.560026],[140.448505,36.560173]]}},{"type":"Feature","properties":{"id":1447715169,"highway":"unclassified"},"geometry":{"type":"LineString","coordinates":[[140.416003,36.558449],[140.41771,36.558967]]}},{"type":"Feature","properties":{"id":1447715172,"highway":"unclassified"},"geometry":{"type":"LineString","coordinates":[[140.408229,36.56526],[140.408187,36.565197],[140.407841,36.564971],[140.407622,36.564772],[140.40754,36.564728],[140.407394,36.564754],[140.406647,36.564589]]}},{"type":"Feature","properties":{"id":1447715174,"highway":"residential"},"geometry":{"type":"LineString","coordinates":[[140.41902,36.585907],[140.419269,36.585914],[140.419448,36.585878],[140.420204,36.585972],[140.420712,36.585985],[140.421237,36.585962]]}},{"type":"Feature","properties":{"id":1447715175,"highway":"residential"},"geometry":{"type":"LineString","coordinates":[[140.413176,36.593134],[140.413167,36.593258]]}},{"type":"Feature","properties":{"id":1447715180,"highway":"unclassified"},"geometry":{"type":"LineString","coordinates":[[140.406044,36.594335],[140.406243,36.594599],[140.406342,36.594796],[140.406379,36.594975],[140.406447,36.595127],[140.406578,36.595445],[140.406685,36.595991]]}},{"type":"Feature","properties":{"id":1447715183,"highway":"service"},"geometry":{"type":"LineString","coordinates":[[140.413274,36.594966],[140.413973,36.594513],[140.414058,36.594451]]}},{"type":"Feature","properties":{"id":1507377709,"highway":"unclassified"},"geometry":{"type":"LineString","coordinates":[[140.404652,36.547118],[140.404879,36.546641]]}},{"type":"Feature","properties":{"id":1507377711,"highway":"unclassified"},"geometry":{"type":"LineString","coordinates":[[140.41843,36.528633],[140.418311,36.529167],[140.418338,36.529306],[140.418349,36.529371],[140.418523,36.529391]]}},{"type":"Feature","properties":{"id":1507377713,"highway":"residential"},"geometry":{"type":"LineString","coordinates":[[140.402736,36.552475],[140.402837,36.552297],[140.402799,36.55223],[140.402684,36.552029],[140.402485,36.552047],[140.402516,36.552262],[140.402799,36.55223]]}},{"type":"Feature","properties":{"id":1507377714,"highway":"service"},"geometry":{"type":"LineString","coordinates":[[140.427668,36.527921],[140.427065,36.527657]]}},{"type":"Feature","properties":{"id":1507377715,"highway":"service"},"geometry":{"type":"LineString","coordinates":[[140.426705,36.528184],[140.427065,36.527657]]}},{"type":"Feature","properties":{"id":1507377716,"highway":"unclassified"},"geometry":{"type":"LineString","coordinates":[[140.427065,36.527657],[140.426653,36.527484],[140.425953,36.527181]]}},{"type":"Feature","properties":{"id":1507377717,"highway":"residential"},"geometry":{"type":"LineString","coordinates":[[140.405415,36.559208],[140.406131,36.559623],[140.406803,36.559753]]}},{"type":"Feature","properties":{"id":1507377720,"highway":"residential"},"geometry":{"type":"LineString","coordinates":[[140.412264,36.541872],[140.412515,36.541111]]}},{"type":"Feature","properties":{"id":1530728278,"highway":"residential"},"geometry":{"type":"LineString","coordinates":[[140.480162,36.531404],[140.480054,36.530988],[140.479948,36.530575],[140.479938,36.53056],[140.47978,36.530322],[140.479684,36.530363],[140.47963,36.530541]]}},{"type":"Feature","properties":{"id":1530728279,"highway":"residential"},"geometry":{"type":"LineString","coordinates":[[140.479938,36.53056],[140.480368,36.530389],[140.480139,36.530136],[140.47978,36.530322]]}},{"type":"Feature","properties":{"id":1530728280,"highway":"residential"},"geometry":{"type":"LineString","coordinates":[[140.479684,36.530363],[140.479381,36.530078]]}},{"type":"Feature","properties":{"id":1530728281,"highway":"residential"},"geometry":{"type":"LineString","coordinates":[[140.480366,36.529964],[140.480637,36.529777],[140.481028,36.529507]]}},{"type":"Feature","properties":{"id":1530728282,"highway":"residential"},"geometry":{"type":"LineString","coordinates":[[140.479938,36.529589],[140.47957,36.529455]]}},{"type":"Feature","properties":{"id":1530728283,"highway":"residential"},"geometry":{"type":"LineString","coordinates":[[140.480637,36.529777],[140.480885,36.530017],[140.481078,36.530204],[140.481496,36.530084]]}},{"type":"Feature","properties":{"id":1530728284,"highway":"residential"},"geometry":{"type":"LineString","coordinates":[[140.48094,36.530399],[140.481141,36.530346],[140.481078,36.530204]]}},{"type":"Feature","properties":{"id":1530728285,"highway":"residential"},"geometry":{"type":"LineString","coordinates":[[140.480611,36.530196],[140.480885,36.530017]]}},{"type":"Feature","properties":{"id":1530728286,"highway":"residential"},"geometry":{"type":"LineString","coordinates":[[140.480436,36.531986],[140.480249,36.531984],[140.480151,36.531982],[140.480074,36.531937],[140.479808,36.531954],[140.479623,36.531405],[140.47967,36.531249]]}},{"type":"Feature","properties":{"id":1530728287,"highway":"residential"},"geometry":{"type":"LineString","coordinates":[[140.480263,36.532365],[140.480249,36.531984]]}},{"type":"Feature","properties":{"id":1530728288,"highway":"residential"},"geometry":{"type":"LineString","coordinates":[[140.479631,36.532931],[140.480251,36.532949],[140.480391,36.532952]]}},{"type":"Feature","properties":{"id":1530728289,"highway":"residential"},"geometry":{"type":"LineString","coordinates":[[140.480251,36.532949],[140.480237,36.532605]]}},{"type":"Feature","properties":{"id":1530728290,"highway":"residential"},"geometry":{"type":"LineString","coordinates":[[140.480921,36.532431],[140.480662,36.532253],[140.481069,36.531936],[140.481303,36.532114]]}},{"type":"Feature","properties":{"id":1530728291,"highway":"residential"},"geometry":{"type":"LineString","coordinates":[[140.480889,36.532919],[140.480707,36.532891],[140.480807,36.532502]]}},{"type":"Feature","properties":{"id":1530728292,"highway":"residential"},"geometry":{"type":"LineString","coordinates":[[140.480013,36.534426],[140.479925,36.534266],[140.479766,36.534016],[140.479714,36.534026],[140.479637,36.533994],[140.479595,36.533911],[140.478855,36.534052],[140.478925,36.534408],[140.478867,36.53443]]}},{"type":"Feature","properties":{"id":1530728293,"highway":"residential"},"geometry":{"type":"LineString","coordinates":[[140.48044,36.534714],[140.480256,36.534671],[140.479839,36.53472],[140.478976,36.534841]]}},{"type":"Feature","properties":{"id":1530728294,"highway":"residential"},"geometry":{"type":"LineString","coordinates":[[140.478932,36.534631],[140.477952,36.53465],[140.477566,36.534658]]}},{"type":"Feature","properties":{"id":1530728295,"highway":"residential"},"geometry":{"type":"LineString","coordinates":[[140.475664,36.534928],[140.476414,36.534951]]}},{"type":"Feature","properties":{"id":1530728296,"highway":"residential"},"geometry":{"type":"LineString","coordinates":[[140.478835,36.535451],[140.478573,36.535463],[140.478566,36.535226],[140.47839,36.535228],[140.478362,36.535298],[140.477898,36.535318],[140.477892,36.535091],[140.477888,36.53493],[140.477709,36.534928]]}},{"type":"Feature","properties":{"id":1530728297,"highway":"residential"},"geometry":{"type":"LineString","coordinates":[[140.477676,36.536354],[140.477751,36.536189],[140.477762,36.536054],[140.477692,36.535996],[140.476976,36.535847]]}},{"type":"Feature","properties":{"id":1530728298,"highway":"residential"},"geometry":{"type":"LineString","coordinates":[[140.475741,36.535854],[140.475782,36.535735],[140.476469,36.535795]]}},{"type":"Feature","properties":{"id":1530728299,"highway":"residential"},"geometry":{"type":"LineString","coordinates":[[140.475093,36.536146],[140.475761,36.536138],[140.475825,36.535897]]}},{"type":"Feature","properties":{"id":1530728300,"highway":"residential"},"geometry":{"type":"LineString","coordinates":[[140.478855,36.534052],[140.478767,36.533681],[140.478745,36.533374],[140.47888,36.533277],[140.47899,36.53322],[140.479028,36.533081],[140.479032,36.532831],[140.479209,36.532845],[140.479421,36.532794],[140.4796,36.532688]]}},{"type":"Feature","properties":{"id":1530728301,"highway":"residential"},"geometry":{"type":"LineString","coordinates":[[140.48307,36.531258],[140.482563,36.531158],[140.482441,36.531134],[140.48236,36.531118],[140.482285,36.531284],[140.482122,36.531645],[140.481552,36.5315]]}},{"type":"Feature","properties":{"id":1530728302,"highway":"residential"},"geometry":{"type":"LineString","coordinates":[[140.482285,36.531284],[140.481408,36.531132],[140.481524,36.530823]]}},{"type":"Feature","properties":{"id":1530728303,"highway":"residential"},"geometry":{"type":"LineString","coordinates":[[140.482441,36.531134],[140.48249,36.530892],[140.482505,36.530819],[140.482545,36.530615],[140.482468,36.530562],[140.482325,36.530523],[140.482155,36.530511],[140.482003,36.530553],[140.481942,36.530834]]}},{"type":"Feature","properties":{"id":1530728304,"highway":"residential"},"geometry":{"type":"LineString","coordinates":[[140.48249,36.530892],[140.481942,36.530834],[140.481732,36.530814]]}},{"type":"Feature","properties":{"id":1530728305,"highway":"residential"},"geometry":{"type":"LineString","coordinates":[[140.483485,36.530273],[140.482951,36.530292],[140.482741,36.530239],[140.482902,36.530026],[140.482888,36.529917],[140.482923,36.529857],[140.482612,36.529707],[140.482846,36.529481],[140.482874,36.529461]]}},{"type":"Feature","properties":{"id":1530728306,"highway":"residential"},"geometry":{"type":"LineString","coordinates":[[140.482545,36.530615],[140.483377,36.530707]]}},{"type":"Feature","properties":{"id":1530728307,"highway":"residential"},"geometry":{"type":"LineString","coordinates":[[140.484452,36.530754],[140.484284,36.530693],[140.484184,36.530585],[140.484058,36.530468],[140.483948,36.53036],[140.483838,36.53029],[140.483726,36.53023],[140.483637,36.530215],[140.483486,36.530232]]}},{"type":"Feature","properties":{"id":1530728308,"highway":"residential"},"geometry":{"type":"LineString","coordinates":[[140.482292,36.531808],[140.482408,36.531529],[140.482563,36.531158]]}},{"type":"Feature","properties":{"id":1530728309,"highway":"residential"},"geometry":{"type":"LineString","coordinates":[[140.482408,36.531529],[140.482727,36.531598]]}},{"type":"Feature","properties":{"id":1530728310,"highway":"residential"},"geometry":{"type":"LineString","coordinates":[[140.480268,36.530954],[140.480054,36.530988],[140.479925,36.531005],[140.479773,36.531071]]}},{"type":"Feature","properties":{"id":1530728311,"highway":"residential"},"geometry":{"type":"LineString","coordinates":[[140.486908,36.530093],[140.48725,36.530136],[140.487573,36.530151]]}},{"type":"Feature","properties":{"id":1530728312,"highway":"residential"},"geometry":{"type":"LineString","coordinates":[[140.483102,36.528414],[140.483301,36.528132]]}},{"type":"Feature","properties":{"id":1530728313,"highway":"residential"},"geometry":{"type":"LineString","coordinates":[[140.47837,36.528709],[140.478642,36.528245]]}},{"type":"Feature","properties":{"id":1530728314,"highway":"residential"},"geometry":{"type":"LineString","coordinates":[[140.479871,36.523048],[140.479202,36.522628],[140.479444,36.522107]]}},{"type":"Feature","properties":{"id":1530728316,"highway":"residential"},"geometry":{"type":"LineString","coordinates":[[140.484741,36.533593],[140.484974,36.533373],[140.484897,36.533231],[140.484817,36.532916],[140.484815,36.53284]]}},{"type":"Feature","properties":{"id":1530728317,"highway":"residential"},"geometry":{"type":"LineString","coordinates":[[140.484439,36.532848],[140.484815,36.53284],[140.485067,36.532835]]}},{"type":"Feature","properties":{"id":1530728318,"highway":"residential"},"geometry":{"type":"LineString","coordinates":[[140.486176,36.53356],[140.486692,36.533537],[140.486816,36.533553],[140.486802,36.533818]]}},{"type":"Feature","properties":{"id":1530728319,"highway":"residential"},"geometry":{"type":"LineString","coordinates":[[140.485015,36.535363],[140.485184,36.53515],[140.484791,36.534663]]}},{"type":"Feature","properties":{"id":1530728320,"highway":"residential"},"geometry":{"type":"LineString","coordinates":[[140.482803,36.535544],[140.483043,36.535244],[140.483314,36.535355]]}},{"type":"Feature","properties":{"id":1530728321,"highway":"residential"},"geometry":{"type":"LineString","coordinates":[[140.483653,36.536288],[140.482662,36.536058]]}},{"type":"Feature","properties":{"id":1530728323,"highway":"residential"},"geometry":{"type":"LineString","coordinates":[[140.481829,36.535754],[140.481583,36.535696],[140.481763,36.535394],[140.481691,36.535321],[140.481766,36.535218],[140.481626,36.535096],[140.481249,36.534936],[140.481329,36.534691],[140.481126,36.534648]]}},{"type":"Feature","properties":{"id":1530728328,"highway":"residential"},"geometry":{"type":"LineString","coordinates":[[140.477348,36.535179],[140.477009,36.535159]]}},{"type":"Feature","properties":{"id":1530728329,"highway":"residential"},"geometry":{"type":"LineString","coordinates":[[140.477381,36.535342],[140.476974,36.535326]]}},{"type":"Feature","properties":{"id":1530728330,"highway":"residential"},"geometry":{"type":"LineString","coordinates":[[140.477263,36.53556],[140.476947,36.535521]]}},{"type":"Feature","properties":{"id":1530728331,"highway":"residential"},"geometry":{"type":"LineString","coordinates":[[140.478143,36.535091],[140.477892,36.535091]]}},{"type":"Feature","properties":{"id":1530728332,"highway":"residential"},"geometry":{"type":"LineString","coordinates":[[140.477053,36.534993],[140.477314,36.534999]]}},{"type":"Feature","properties":{"id":1530728333,"highway":"residential"},"geometry":{"type":"LineString","coordinates":[[140.477888,36.53493],[140.477944,36.534932],[140.477952,36.53465]]}},{"type":"Feature","properties":{"id":1530728334,"highway":"residential"},"geometry":{"type":"LineString","coordinates":[[140.479852,36.533831],[140.479825,36.53376],[140.48004,36.533648]]}},{"type":"Feature","properties":{"id":1530728335,"highway":"residential"},"geometry":{"type":"LineString","coordinates":[[140.477407,36.538258],[140.476962,36.53805],[140.476924,36.538033],[140.476457,36.537802],[140.476702,36.537521],[140.476858,36.537601],[140.477034,36.537676],[140.477178,36.53781],[140.476962,36.53805]]}},{"type":"Feature","properties":{"id":1530728336,"highway":"residential"},"geometry":{"type":"LineString","coordinates":[[140.478379,36.537981],[140.478479,36.538018],[140.478869,36.537967]]}},{"type":"Feature","properties":{"id":1530728337,"highway":"residential"},"geometry":{"type":"LineString","coordinates":[[140.478554,36.537767],[140.478974,36.537742]]}},{"type":"Feature","properties":{"id":1530729579,"highway":"residential"},"geometry":{"type":"LineString","coordinates":[[140.476177,36.534445],[140.476371,36.534189],[140.476489,36.534034],[140.476581,36.533914]]}},{"type":"Feature","properties":{"id":1530729580,"highway":"residential"},"geometry":{"type":"LineString","coordinates":[[140.476371,36.534189],[140.475884,36.533937],[140.476078,36.533817],[140.476489,36.534034]]}},{"type":"Feature","properties":{"id":1530729581,"highway":"residential"},"geometry":{"type":"LineString","coordinates":[[140.481388,36.541177],[140.481518,36.540681]]}},{"type":"Feature","properties":{"id":1543232156,"highway":"service"},"geometry":{"type":"LineString","coordinates":[[140.464596,36.556123],[140.464584,36.555969],[140.46457,36.555806],[140.46451,36.555714],[140.464391,36.555644],[140.464316,36.555605],[140.464208,36.555252],[140.464117,36.555143]]}},{"type":"Feature","properties":{"id":1543232157,"highway":"service"},"geometry":{"type":"LineString","coordinates":[[140.464584,36.555969],[140.46534,36.555946]]}},{"type":"Feature","properties":{"id":1558930987,"highway":"unclassified"},"geometry":{"type":"LineString","coordinates":[[140.41524,36.521635],[140.415195,36.522255],[140.415187,36.52242]]}},{"type":"Feature","properties":{"id":1558930988,"highway":"unclassified"},"geometry":{"type":"LineString","coordinates":[[140.414783,36.521323],[140.415053,36.521431],[140.41587,36.521385],[140.4169,36.521467],[140.417035,36.521328],[140.417098,36.521263],[140.417203,36.521268]]}},{"type":"Feature","properties":{"id":1558930989,"highway":"unclassified"},"geometry":{"type":"LineString","coordinates":[[140.41756,36.52171],[140.417589,36.521155]]}},{"type":"Feature","properties":{"id":1558930990,"highway":"service"},"geometry":{"type":"LineString","coordinates":[[140.410856,36.523588],[140.411045,36.523627],[140.411285,36.523731]]}},{"type":"Feature","properties":{"id":1558930991,"highway":"service"},"geometry":{"type":"LineString","coordinates":[[140.411285,36.523731],[140.411515,36.5238],[140.411617,36.523864],[140.41174,36.523935],[140.41196,36.523976],[140.412118,36.523985],[140.412228,36.523972]]}},{"type":"Feature","properties":{"id":1558930992,"highway":"service"},"geometry":{"type":"LineString","coordinates":[[140.410635,36.524792],[140.410837,36.524924],[140.411033,36.525056],[140.411108,36.525153],[140.411181,36.525183],[140.411309,36.525181],[140.411556,36.525116],[140.411712,36.525051],[140.411795,36.525036],[140.412047,36.525028]]}},{"type":"Feature","properties":{"id":1558930993,"highway":"residential"},"geometry":{"type":"LineString","coordinates":[[140.412062,36.538707],[140.412205,36.538335],[140.412516,36.5383],[140.412419,36.538007],[140.412569,36.53797]]}},{"type":"Feature","properties":{"id":1558930994,"highway":"residential"},"geometry":{"type":"LineString","coordinates":[[140.412419,36.538007],[140.412264,36.538054],[140.412052,36.538069]]}},{"type":"Feature","properties":{"id":1558930995,"highway":"residential"},"geometry":{"type":"LineString","coordinates":[[140.412765,36.537909],[140.412915,36.538223],[140.412939,36.538425],[140.412956,36.538494],[140.413066,36.53859]]}},{"type":"Feature","properties":{"id":1558930996,"highway":"residential"},"geometry":{"type":"LineString","coordinates":[[140.412443,36.537492],[140.412775,36.537457]]}},{"type":"Feature","properties":{"id":1558930997,"highway":"service"},"geometry":{"type":"LineString","coordinates":[[140.414975,36.536882],[140.414842,36.537088],[140.414701,36.53729]]}},{"type":"Feature","properties":{"id":1558930998,"highway":"service"},"geometry":{"type":"LineString","coordinates":[[140.416466,36.537566],[140.416138,36.538135]]}},{"type":"Feature","properties":{"id":1558930999,"highway":"service"},"geometry":{"type":"LineString","coordinates":[[140.414306,36.536626],[140.414228,36.536954]]}},{"type":"Feature","properties":{"id":1558931000,"highway":"residential"},"geometry":{"type":"LineString","coordinates":[[140.408667,36.538308],[140.409172,36.538335],[140.409309,36.538365],[140.409918,36.538499],[140.409956,36.538381],[140.410028,36.538157],[140.409418,36.538041],[140.409309,36.538365]]}},{"type":"Feature","properties":{"id":1558931001,"highway":"residential"},"geometry":{"type":"LineString","coordinates":[[140.409956,36.538381],[140.410548,36.538487]]}},{"type":"Feature","properties":{"id":1558931002,"highway":"residential"},"geometry":{"type":"LineString","coordinates":[[140.409314,36.539436],[140.409461,36.538741]]}},{"type":"Feature","properties":{"id":1558931003,"highway":"service"},"geometry":{"type":"LineString","coordinates":[[140.410336,36.538824],[140.409939,36.538734]]}},{"type":"Feature","properties":{"id":1558931004,"highway":"service"},"geometry":{"type":"LineString","coordinates":[[140.410336,36.538824],[140.410725,36.538959]]}},{"type":"Feature","properties":{"id":1558931005,"highway":"service"},"geometry":{"type":"LineString","coordinates":[[140.41049,36.538581],[140.410839,36.538692]]}},{"type":"Feature","properties":{"id":1558931006,"highway":"service"},"geometry":{"type":"LineString","coordinates":[[140.404997,36.53996],[140.405765,36.540292],[140.405823,36.540259],[140.405897,36.540054]]}},{"type":"Feature","properties":{"id":1558931007,"highway":"service"},"geometry":{"type":"LineString","coordinates":[[140.408528,36.541795],[140.408029,36.541628],[140.407589,36.541509],[140.407379,36.541457],[140.406858,36.541299],[140.406631,36.541217]]}},{"type":"Feature","properties":{"id":1558931008,"highway":"service"},"geometry":{"type":"LineString","coordinates":[[140.41407,36.540238],[140.414525,36.540277],[140.414909,36.540333],[140.415459,36.540428],[140.415813,36.540501]]}},{"type":"Feature","properties":{"id":1558931009,"highway":"service"},"geometry":{"type":"LineString","coordinates":[[140.413945,36.540855],[140.414643,36.540856],[140.414987,36.540878]]}},{"type":"Feature","properties":{"id":1558931010,"highway":"service"},"geometry":{"type":"LineString","coordinates":[[140.415165,36.539467],[140.415228,36.540001]]}},{"type":"Feature","properties":{"id":1558931011,"highway":"service"},"geometry":{"type":"LineString","coordinates":[[140.415372,36.538737],[140.415467,36.53846]]}},{"type":"Feature","properties":{"id":1558931012,"highway":"service"},"geometry":{"type":"LineString","coordinates":[[140.417634,36.540734],[140.417111,36.54074]]}},{"type":"Feature","properties":{"id":1558931013,"highway":"service"},"geometry":{"type":"LineString","coordinates":[[140.417103,36.540425],[140.417111,36.54074],[140.417098,36.541046]]}},{"type":"Feature","properties":{"id":1558931014,"highway":"service"},"geometry":{"type":"LineString","coordinates":[[140.414124,36.541337],[140.413871,36.541364],[140.413755,36.541289],[140.413348,36.541315]]}},{"type":"Feature","properties":{"id":1558931015,"highway":"secondary"},"geometry":{"type":"LineString","coordinates":[[140.415999,36.541653],[140.416803,36.54187]]}},{"type":"Feature","properties":{"id":1558931016,"highway":"residential"},"geometry":{"type":"LineString","coordinates":[[140.415954,36.541718],[140.417189,36.54207],[140.417324,36.542092]]}},{"type":"Feature","properties":{"id":1558931017,"highway":"residential"},"geometry":{"type":"LineString","coordinates":[[140.415954,36.541718],[140.416023,36.541582],[140.417395,36.541963]]}},{"type":"Feature","properties":{"id":1558931018,"highway":"service"},"geometry":{"type":"LineString","coordinates":[[140.416931,36.545205],[140.417464,36.545301]]}},{"type":"Feature","properties":{"id":1558931019,"highway":"residential"},"geometry":{"type":"LineString","coordinates":[[140.406445,36.545533],[140.406799,36.545608],[140.407248,36.545766],[140.407696,36.545923],[140.407488,36.546347],[140.407437,36.546504],[140.40732,36.546861]]}},{"type":"Feature","properties":{"id":1558931020,"highway":"residential"},"geometry":{"type":"LineString","coordinates":[[140.407437,36.546504],[140.406521,36.546263],[140.40666,36.545936],[140.406799,36.545608]]}},{"type":"Feature","properties":{"id":1558931021,"highway":"residential"},"geometry":{"type":"LineString","coordinates":[[140.40666,36.545936],[140.407084,36.546072],[140.407248,36.545766]]}},{"type":"Feature","properties":{"id":1558931022,"highway":"service"},"geometry":{"type":"LineString","coordinates":[[140.405249,36.546745],[140.405253,36.546854],[140.405169,36.547029]]}},{"type":"Feature","properties":{"id":1558931023,"highway":"residential"},"geometry":{"type":"LineString","coordinates":[[140.404664,36.545366],[140.40414,36.545204],[140.403776,36.545],[140.404114,36.544776],[140.404411,36.544917],[140.40478,36.54503]]}},{"type":"Feature","properties":{"id":1558931024,"highway":"residential"},"geometry":{"type":"LineString","coordinates":[[140.404411,36.544917],[140.404603,36.54448]]}},{"type":"Feature","properties":{"id":1558931025,"highway":"service"},"geometry":{"type":"LineString","coordinates":[[140.402781,36.549794],[140.403271,36.549857]]}},{"type":"Feature","properties":{"id":1558931026,"highway":"service"},"geometry":{"type":"LineString","coordinates":[[140.401288,36.549453],[140.401891,36.549632]]}},{"type":"Feature","properties":{"id":1558931027,"highway":"service"},"geometry":{"type":"LineString","coordinates":[[140.403804,36.552288],[140.403144,36.552194]]}},{"type":"Feature","properties":{"id":1558931028,"highway":"service"},"geometry":{"type":"LineString","coordinates":[[140.403055,36.552493],[140.403144,36.552194]]}},{"type":"Feature","properties":{"id":1558931029,"highway":"residential"},"geometry":{"type":"LineString","coordinates":[[140.402485,36.552047],[140.402329,36.552054],[140.402178,36.552093]]}},{"type":"Feature","properties":{"id":1558931030,"highway":"service"},"geometry":{"type":"LineString","coordinates":[[140.405183,36.55343],[140.405904,36.553446]]}},{"type":"Feature","properties":{"id":1558931031,"highway":"residential"},"geometry":{"type":"LineString","coordinates":[[140.410587,36.553652],[140.410413,36.553849],[140.410885,36.554132]]}}]}