{"type":"FeatureCollection","features":[{"type":"Feature","properties":{"id":28657133,"highway":"secondary"},"geometry":{"type":"LineString","coordinates":[[139.053754,35.72448],[139.053947,35.724446],[139.054254,35.724462],[139.054364,35.724449],[139.054451,35.724418],[139.054534,35.724364],[139.054618,35.724288],[139.05482,35.724042],[139.054941,35.723917],[139.055059,35.723857],[139.055194,35.723814],[139.055333,35.723809],[139.055425,35.723818],[139.055707,35.723949],[139.055793,35.723977],[139.055912,35.723987],[139.056145,35.72397],[139.056307,35.723956],[139.056474,35.723943],[139.056605,35.723941],[139.056777,35.723983],[139.057386,35.724143],[139.057981,35.72431],[139.058158,35.724367],[139.058615,35.724606],[139.058766,35.724683],[139.058827,35.724716],[139.058945,35.724746],[139.059077,35.724741],[139.059265,35.724691],[139.059697,35.724574],[139.060305,35.724386],[139.060697,35.724292],[139.060889,35.724255],[139.060998,35.724213],[139.061093,35.72413],[139.061447,35.723694],[139.061493,35.723665],[139.061538,35.723654],[139.061595,35.723649],[139.061736,35.723646],[139.062295,35.723644],[139.062478,35.723635],[139.062972,35.723584],[139.06318,35.723551],[139.063413,35.723534],[139.063552,35.723513],[139.06379,35.723434],[139.063917,35.723384],[139.064022,35.723384],[139.064132,35.723365],[139.064184,35.723336],[139.06423,35.723246],[139.064231,35.722976],[139.064232,35.722837],[139.064187,35.72265],[139.064156,35.722507],[139.064143,35.722355],[139.064131,35.722285],[139.064093,35.722222],[139.063996,35.722118],[139.063929,35.722043],[139.063873,35.721981],[139.063843,35.721901],[139.06381,35.721554],[139.06383,35.721493],[139.063866,35.721444],[139.063929,35.721402],[139.064021,35.721348],[139.064115,35.721268],[139.064169,35.721199],[139.064354,35.721008],[139.064495,35.720895],[139.064652,35.720807],[139.064924,35.720647],[139.065184,35.720478],[139.065398,35.72031],[139.065513,35.720191],[139.065645,35.720014],[139.065755,35.719864],[139.066053,35.719443],[139.06614,35.719321],[139.066244,35.719195],[139.066332,35.71912],[139.066439,35.719059],[139.066617,35.718988],[139.06707,35.718855],[139.067312,35.718762],[139.067431,35.71874],[139.067531,35.718736],[139.0676,35.71877],[139.067669,35.71884],[139.067835,35.719048],[139.06793,35.719133],[139.068055,35.719173],[139.068194,35.719169],[139.068357,35.719142],[139.068563,35.719069],[139.068922,35.718908],[139.06912,35.718836],[139.069305,35.718795],[139.069499,35.718781],[139.069669,35.718796],[139.06984,35.718854],[139.070072,35.718979],[139.070144,35.719031],[139.070211,35.719058],[139.070298,35.719071],[139.070372,35.71906],[139.070425,35.719024],[139.070465,35.718978],[139.070528,35.718872],[139.070662,35.718438],[139.070703,35.718365],[139.070776,35.718278],[139.070859,35.718206],[139.070901,35.718168],[139.070918,35.718123],[139.070919,35.718052],[139.070896,35.717932],[139.070902,35.717829],[139.070933,35.717727],[139.071133,35.717229],[139.071162,35.71714],[139.071196,35.717078],[139.071243,35.717047],[139.071324,35.717028],[139.071458,35.717015],[139.071573,35.716997],[139.071704,35.716949],[139.071954,35.7168],[139.072075,35.716736],[139.072154,35.716713],[139.072285,35.716713],[139.072447,35.716756],[139.072744,35.716921],[139.072827,35.716958],[139.07291,35.71698],[139.073351,35.717001],[139.073431,35.717014],[139.073485,35.717026],[139.073569,35.717064],[139.073629,35.717089],[139.073698,35.717104],[139.073981,35.717116],[139.074049,35.717115],[139.074147,35.717091],[139.074207,35.717059],[139.074356,35.716938],[139.074481,35.716819],[139.074587,35.716722],[139.074636,35.716665],[139.074671,35.716594],[139.074686,35.716509],[139.07467,35.716406],[139.074547,35.716121],[139.074487,35.716015],[139.074378,35.715887],[139.074253,35.715778],[139.073978,35.715552],[139.07392,35.715499],[139.073877,35.715442],[139.07386,35.715371],[139.073861,35.715307],[139.073874,35.715254],[139.073904,35.715204],[139.073942,35.715164],[139.074131,35.715028],[139.074398,35.714831],[139.074668,35.714689],[139.0751,35.714511],[139.075188,35.714444],[139.075416,35.714218],[139.075648,35.713961],[139.075713,35.713854],[139.075815,35.713662],[139.075866,35.713613],[139.076113,35.713436],[139.076226,35.713371],[139.076309,35.713341],[139.076423,35.713317],[139.076651,35.713305],[139.076766,35.713297],[139.076904,35.71328],[139.077345,35.713188]]}},{"type":"Feature","properties":{"id":28686816,"highway":"trunk"},"geometry":{"type":"LineString","coordinates":[[139.016187,35.780071],[139.016154,35.780035],[139.016128,35.779987],[139.016093,35.779895],[139.016085,35.77981]]}},{"type":"Feature","properties":{"id":28686843,"highway":"trunk"},"geometry":{"type":"LineString","coordinates":[[139.007751,35.779137],[139.006952,35.779018],[139.006819,35.778976],[139.006498,35.778832],[139.00638,35.778789],[139.006288,35.778771],[139.005953,35.778729],[139.005854,35.77872],[139.005777,35.778702],[139.005691,35.778664],[139.005608,35.778615],[139.005323,35.778474],[139.005253,35.778458],[139.005164,35.778466],[139.005074,35.778503],[139.004958,35.778572],[139.004895,35.778621],[139.004832,35.778652],[139.004761,35.778674],[139.004678,35.778678],[139.004599,35.778668],[139.004511,35.778641],[139.004383,35.778547],[139.004205,35.778401],[139.004107,35.778329],[139.004022,35.778266]]}},{"type":"Feature","properties":{"id":28688508,"highway":"secondary"},"geometry":{"type":"LineString","coordinates":[[139.027989,35.754799],[139.027854,35.755288],[139.027792,35.75563],[139.027767,35.755769],[139.027737,35.755901],[139.027649,35.756138],[139.027539,35.756374],[139.027429,35.756661],[139.027337,35.756947],[139.027288,35.757068],[139.027237,35.757153],[139.027159,35.75726],[139.027056,35.757351],[139.026927,35.757473],[139.02685,35.75756],[139.026785,35.757645],[139.026745,35.75772],[139.026728,35.757798],[139.026737,35.757847],[139.026746,35.757888],[139.026781,35.757956],[139.026824,35.758019],[139.026874,35.758083],[139.026929,35.758146],[139.026994,35.758208],[139.027065,35.758262],[139.027135,35.758307],[139.02716,35.75832],[139.02717,35.758325],[139.02721,35.758337],[139.027296,35.758352],[139.027396,35.758361],[139.027432,35.758356],[139.027465,35.758344],[139.027521,35.758317],[139.027579,35.758281],[139.02763,35.758246],[139.027683,35.758192],[139.02774,35.758129],[139.027866,35.757965],[139.027995,35.757793],[139.028124,35.757626],[139.028209,35.757507],[139.028297,35.757364],[139.02837,35.757205],[139.028438,35.757036],[139.028483,35.756926],[139.028532,35.756817],[139.028585,35.756725],[139.028653,35.756645],[139.028736,35.756569],[139.02882,35.756519],[139.028914,35.756472],[139.029054,35.756413],[139.029163,35.756365],[139.029314,35.75629],[139.029353,35.756265],[139.029426,35.756205],[139.029533,35.756093],[139.029644,35.755955],[139.029797,35.755761],[139.02989,35.755667],[139.029942,35.755631],[139.029992,35.755595],[139.03005,35.75557],[139.0301,35.755553],[139.030197,35.755542],[139.03029,35.755541],[139.030531,35.755578],[139.030707,35.755595],[139.030868,35.7556],[139.030994,35.755597],[139.031133,35.755576],[139.031301,35.755538],[139.031465,35.755489],[139.031649,35.755438],[139.031837,35.755388],[139.032068,35.755301],[139.032284,35.755209],[139.032401,35.755155],[139.032466,35.755136],[139.032525,35.75513],[139.032615,35.755137],[139.032696,35.755155],[139.03278,35.7552],[139.032843,35.755245],[139.032914,35.755309],[139.032972,35.755381],[139.03302,35.755431],[139.033072,35.755469],[139.033148,35.755518],[139.033233,35.755561],[139.033326,35.755585],[139.03341,35.755592],[139.033515,35.755595],[139.033625,35.755592],[139.033729,35.755582],[139.033901,35.755543],[139.034034,35.755496],[139.034189,35.755431],[139.034374,35.755368],[139.034625,35.755269],[139.034784,35.755192],[139.034937,35.755116],[139.035064,35.755065],[139.035183,35.755033],[139.035316,35.754996],[139.03541,35.754961],[139.035477,35.754928],[139.035534,35.754888],[139.035588,35.754849],[139.035639,35.754802],[139.03573,35.754711],[139.035813,35.754628],[139.035887,35.754541],[139.035956,35.754478],[139.036013,35.754428],[139.03607,35.754405],[139.036126,35.75439],[139.036185,35.754382],[139.036245,35.754375],[139.036293,35.75438],[139.036342,35.754386],[139.036389,35.754397],[139.036433,35.754417],[139.03648,35.754437],[139.03652,35.754463],[139.036563,35.754494],[139.036599,35.754554],[139.03663,35.754641],[139.036648,35.754695],[139.036721,35.754948],[139.036774,35.755063],[139.036842,35.755164],[139.036886,35.755227],[139.036939,35.755282],[139.036993,35.755333],[139.037051,35.755377],[139.03713,35.755427],[139.037225,35.75548],[139.037314,35.755519],[139.037423,35.755574],[139.037502,35.755628],[139.037563,35.755683],[139.037603,35.755722],[139.037632,35.755783],[139.037646,35.755833],[139.037654,35.755877],[139.037654,35.75592],[139.037646,35.755965],[139.037634,35.756005],[139.037619,35.756037],[139.037596,35.756075],[139.037552,35.756126],[139.037485,35.756171],[139.037398,35.756208],[139.037284,35.756248],[139.037152,35.756277],[139.036952,35.756297],[139.036713,35.75631],[139.036346,35.75631],[139.036223,35.756312],[139.036117,35.756317],[139.036002,35.756334],[139.035897,35.756362],[139.035819,35.756396],[139.035759,35.756433],[139.035709,35.756477],[139.035667,35.756531],[139.035638,35.756578],[139.035619,35.756638],[139.035611,35.756696],[139.035608,35.756746],[139.035618,35.756809],[139.035637,35.756871],[139.035679,35.756945],[139.035747,35.757048],[139.035887,35.757195],[139.035984,35.757298],[139.036057,35.75738],[139.036079,35.757429],[139.036107,35.757482],[139.036112,35.757526],[139.036119,35.757576],[139.036119,35.757615],[139.036121,35.757666],[139.036109,35.757732],[139.036065,35.757803],[139.036027,35.757844],[139.035964,35.757879],[139.035886,35.757903],[139.035787,35.75792],[139.035573,35.757944],[139.035303,35.75797],[139.035122,35.757989],[139.035005,35.758015],[139.03488,35.75806],[139.03479,35.758106],[139.034735,35.758133],[139.03467,35.758179],[139.034599,35.758224],[139.034476,35.75834],[139.034412,35.758419],[139.034361,35.758478],[139.034314,35.758536],[139.034274,35.758587],[139.034238,35.75864],[139.03422,35.758685],[139.034203,35.758748],[139.034207,35.758798],[139.034218,35.75884],[139.034238,35.758872],[139.034266,35.758913],[139.034322,35.758969],[139.034417,35.759028],[139.034512,35.759067],[139.03463,35.759111],[139.034746,35.759147],[139.034855,35.759163],[139.035063,35.759174],[139.035363,35.759161],[139.035473,35.759171],[139.035593,35.759192],[139.035842,35.759258],[139.035954,35.759279],[139.036094,35.759296],[139.036231,35.759318],[139.036318,35.759342],[139.036417,35.75938],[139.036472,35.759429],[139.036511,35.759467],[139.036541,35.759551],[139.036574,35.759609],[139.036609,35.759727],[139.036632,35.759847],[139.036652,35.759946],[139.036672,35.760074],[139.036683,35.760165],[139.036668,35.760288],[139.036653,35.760431],[139.036633,35.760517],[139.036603,35.760615],[139.036562,35.760714],[139.036505,35.760808],[139.036386,35.760911],[139.036262,35.761017],[139.036108,35.761145],[139.035954,35.76129],[139.035821,35.761442],[139.035674,35.761616],[139.035527,35.761769],[139.034994,35.762373],[139.034788,35.762626],[139.034705,35.76278],[139.034649,35.762906],[139.034623,35.762969],[139.034594,35.76306],[139.034585,35.763136],[139.034579,35.763212],[139.034603,35.76329],[139.034673,35.763481],[139.034747,35.763649],[139.034785,35.763723],[139.034846,35.763834],[139.034878,35.763899],[139.034889,35.763951],[139.03489,35.764033],[139.034877,35.76412],[139.034848,35.764202],[139.034773,35.764329],[139.034629,35.764564],[139.034542,35.764719],[139.03446,35.764813],[139.034378,35.764893],[139.034325,35.764944],[139.034246,35.765023],[139.034152,35.765126],[139.034095,35.765207],[139.033998,35.765372],[139.033952,35.76546],[139.033871,35.765662],[139.033732,35.765983],[139.033599,35.766253],[139.033567,35.766337],[139.03356,35.766389],[139.033564,35.76643],[139.033588,35.766474],[139.033615,35.766509],[139.033659,35.766534],[139.033718,35.766557],[139.033802,35.766563],[139.03385,35.76656],[139.033903,35.766553],[139.034174,35.766457],[139.034319,35.766402],[139.034414,35.766358],[139.034482,35.766309],[139.034535,35.766257],[139.034578,35.766204],[139.034649,35.766099],[139.034745,35.765978],[139.03481,35.765907],[139.034856,35.765871],[139.034912,35.765834],[139.034987,35.765798],[139.035058,35.765775],[139.035146,35.765755],[139.035266,35.765738],[139.03536,35.765731],[139.035506,35.765723],[139.035598,35.765713],[139.035701,35.765694],[139.035831,35.765651],[139.035935,35.765603],[139.035994,35.765574],[139.036057,35.765556],[139.036117,35.765554],[139.036187,35.765562],[139.036296,35.765585],[139.036463,35.765612],[139.03669,35.765647],[139.036873,35.765657],[139.037064,35.765664],[139.037156,35.765661],[139.037249,35.765657],[139.037346,35.765636],[139.037393,35.765621],[139.037439,35.7656],[139.037489,35.765571],[139.03753,35.765543],[139.037593,35.765497],[139.037695,35.765379],[139.03777,35.765272],[139.03789,35.765137],[139.038005,35.765021],[139.038135,35.764858],[139.038223,35.764707],[139.038295,35.764575],[139.038355,35.76448],[139.038415,35.764378],[139.038473,35.764276],[139.038502,35.764188],[139.038515,35.7641],[139.038514,35.764018],[139.038502,35.763934],[139.03841,35.763674],[139.038318,35.763448],[139.038277,35.763336],[139.038251,35.763214],[139.038255,35.763118],[139.038269,35.76303],[139.038322,35.762906],[139.038369,35.76278],[139.038402,35.762708],[139.038422,35.762611],[139.038433,35.762508],[139.038404,35.762413],[139.038372,35.762345],[139.038324,35.76226],[139.038309,35.762167],[139.038312,35.762097],[139.038327,35.762024],[139.038353,35.761952],[139.038395,35.761876],[139.038486,35.76174],[139.038544,35.761649],[139.038597,35.761563],[139.038648,35.761466],[139.038678,35.76138],[139.038716,35.761223],[139.038741,35.761069],[139.038779,35.760938],[139.038836,35.760808],[139.038917,35.760664],[139.039005,35.760515],[139.039079,35.76041],[139.039161,35.760305],[139.039254,35.760215],[139.039308,35.760172],[139.039372,35.760128],[139.039485,35.760066],[139.039615,35.760007],[139.039735,35.759966],[139.039859,35.759938],[139.04,35.759934],[139.040181,35.759934],[139.040497,35.759933],[139.040733,35.759932],[139.040865,35.759924],[139.040951,35.759917],[139.041057,35.759896],[139.041131,35.759872],[139.041262,35.759823],[139.0415,35.75973],[139.041592,35.759699],[139.041742,35.75968],[139.041915,35.759693],[139.042114,35.75971],[139.042246,35.759709],[139.042399,35.759696],[139.042592,35.759642],[139.042766,35.759612],[139.042893,35.759602],[139.04301,35.759599],[139.043114,35.75962],[139.043328,35.759656],[139.043487,35.759691],[139.043593,35.759692],[139.04369,35.759669],[139.043766,35.759628],[139.043832,35.759578],[139.043879,35.75951],[139.043915,35.75943],[139.043999,35.759226],[139.044072,35.759073],[139.044111,35.758918],[139.044152,35.758691],[139.044178,35.758463],[139.044208,35.758377],[139.044286,35.75831],[139.044388,35.758255],[139.04451,35.758224],[139.044622,35.75822],[139.04477,35.758248],[139.044979,35.758298],[139.04515,35.75832],[139.04532,35.758326],[139.045847,35.758327],[139.046004,35.758324],[139.046119,35.758303],[139.046198,35.758271],[139.046232,35.758231],[139.046269,35.758188],[139.046273,35.758115],[139.04626,35.758038],[139.04618,35.757945],[139.046088,35.757895],[139.04596,35.757849],[139.045625,35.757739],[139.045479,35.757703],[139.045365,35.757694],[139.045181,35.7577],[139.044986,35.757712],[139.044869,35.757708],[139.044742,35.75768],[139.044644,35.757647],[139.044572,35.757596],[139.04446,35.75748],[139.044363,35.757413],[139.044272,35.757375],[139.044141,35.757342],[139.044009,35.757338],[139.043838,35.757339],[139.043715,35.757336],[139.043556,35.757315],[139.043421,35.757274],[139.043305,35.757208],[139.043245,35.757154],[139.043196,35.757062],[139.043181,35.756968],[139.043207,35.756188],[139.04319,35.755782],[139.043168,35.755601],[139.04314,35.755464],[139.04309,35.755339],[139.043045,35.755225],[139.042972,35.755133],[139.042714,35.75485],[139.042618,35.754739],[139.042535,35.754606],[139.042354,35.754133],[139.0422,35.753597],[139.042165,35.75345],[139.042118,35.753326],[139.042027,35.753228],[139.041879,35.753158],[139.041745,35.75311],[139.041281,35.752978],[139.041017,35.752889],[139.040854,35.752822],[139.040728,35.752752],[139.040636,35.752664],[139.040596,35.752562],[139.040581,35.752425],[139.040557,35.752293],[139.040527,35.752207],[139.040449,35.752083],[139.040411,35.751959],[139.040401,35.751863],[139.040415,35.751678],[139.040405,35.751585],[139.04031,35.751135],[139.040294,35.75105],[139.040278,35.750819],[139.04026,35.750749],[139.040216,35.750654],[139.04002,35.750385],[139.039968,35.750288],[139.03996,35.7502],[139.039975,35.750094],[139.040041,35.749993],[139.040124,35.749912],[139.040477,35.749647],[139.040633,35.749565],[139.04076,35.749513],[139.040954,35.749439],[139.041101,35.74937],[139.041242,35.749289],[139.041341,35.749192],[139.041383,35.7491],[139.041389,35.748886],[139.041386,35.748701],[139.041404,35.748624],[139.041583,35.748141],[139.041611,35.748039],[139.041622,35.747934],[139.041619,35.747805],[139.041607,35.74739],[139.041616,35.747298],[139.041651,35.747211],[139.041707,35.747124],[139.041787,35.747055],[139.041879,35.746994],[139.042012,35.746927],[139.042218,35.746839]]}},{"type":"Feature","properties":{"id":28688640,"highway":"secondary"},"geometry":{"type":"LineString","coordinates":[[138.999096,35.772582],[138.999195,35.77254],[138.999771,35.772288],[138.999897,35.772236],[139.000032,35.772194],[139.000123,35.772173],[139.000214,35.772159],[139.000527,35.772126],[139.000819,35.7721],[139.000969,35.772081],[139.001088,35.772064],[139.001228,35.772041],[139.001332,35.772015],[139.001432,35.771985],[139.001528,35.771951],[139.001778,35.771868],[139.00191,35.771832],[139.002029,35.771809],[139.002192,35.771791],[139.002308,35.771782],[139.002384,35.771782],[139.002458,35.771788],[139.002564,35.771811],[139.002651,35.77184],[139.002767,35.771884],[139.002889,35.771942],[139.003006,35.772002],[139.00316,35.772093],[139.00355,35.772326],[139.003738,35.77244],[139.00391,35.77256],[139.004056,35.772666],[139.004139,35.772724],[139.004206,35.772786],[139.004312,35.772891],[139.00441,35.77299],[139.004498,35.773065],[139.004601,35.773128],[139.004672,35.773166]]}},{"type":"Feature","properties":{"id":28688648,"highway":"trunk"},"geometry":{"type":"LineString","coordinates":[[138.998798,35.774246],[139.000294,35.775488]]}},{"type":"Feature","properties":{"id":34282240,"highway":"tertiary"},"geometry":{"type":"LineString","coordinates":[[139.014262,35.790571],[139.014326,35.790517],[139.014404,35.790393],[139.014448,35.790293],[139.014455,35.790108],[139.01442,35.790004],[139.014342,35.789889],[139.014036,35.789633],[139.013895,35.789442],[139.013614,35.788922],[139.013603,35.788798],[139.013611,35.788682],[139.01373,35.788415],[139.01381,35.788276],[139.014011,35.787917],[139.014061,35.787777],[139.014056,35.78757],[139.014001,35.787406],[139.013941,35.787257],[139.013757,35.786936],[139.013739,35.786852],[139.013763,35.786766],[139.013887,35.786461],[139.01402,35.786282],[139.014143,35.786172],[139.014252,35.786109],[139.014449,35.786101],[139.014585,35.786125],[139.014963,35.786231],[139.015068,35.78626],[139.015185,35.78629],[139.015323,35.786291],[139.015438,35.786242],[139.015446,35.786228]]}},{"type":"Feature","properties":{"id":34282255,"highway":"unclassified"},"geometry":{"type":"LineString","coordinates":[[138.99866,35.801677],[138.998762,35.801554],[138.998842,35.801446],[138.998885,35.8013],[138.998963,35.801196],[138.99897,35.801015],[138.998903,35.800864],[138.998789,35.800609],[138.998772,35.800462],[138.998818,35.800317],[138.998868,35.800249],[138.998914,35.800162],[138.998928,35.800012],[138.998912,35.799883],[138.998913,35.799727],[138.999019,35.799566],[138.999083,35.799483],[138.999057,35.799372],[138.998997,35.799309],[138.998903,35.799191],[138.998692,35.798911],[138.998525,35.798771],[138.998491,35.798725],[138.998473,35.798599],[138.998482,35.798502],[138.998482,35.798349],[138.998439,35.798203],[138.998388,35.798035],[138.998327,35.797868],[138.998285,35.797757],[138.998276,35.797639],[138.99831,35.797458],[138.998369,35.797321],[138.998632,35.797135],[138.9989,35.796979],[138.999151,35.796921],[138.999315,35.796845],[138.999437,35.796835],[138.999543,35.79685],[138.999657,35.796851],[138.99976,35.796791],[138.99984,35.796697],[138.999974,35.796569],[139.00002,35.796501],[139.000027,35.796476],[139.000038,35.796315],[139.000054,35.79618],[139.000078,35.796037],[139.000077,35.795916],[139.000026,35.7958],[139.000023,35.795716],[139.00006,35.795652],[139.000122,35.795609],[139.000219,35.79554],[139.000302,35.795434],[139.000389,35.79531],[139.000481,35.795199],[139.000651,35.795065],[139.000784,35.794961],[139.000964,35.794894],[139.001168,35.794847],[139.001421,35.794804],[139.001647,35.794746],[139.001934,35.794687]]}},{"type":"Feature","properties":{"id":34282355,"highway":"unclassified"},"geometry":{"type":"LineString","coordinates":[[138.991844,35.798586],[138.991847,35.798478],[138.99181,35.798413],[138.991766,35.798352],[138.991625,35.798218],[138.991481,35.798085],[138.991399,35.797993],[138.991377,35.797949],[138.991359,35.797905],[138.991325,35.797813],[138.991295,35.79771],[138.991275,35.797589],[138.991256,35.79747],[138.991237,35.797328],[138.991232,35.797281],[138.991219,35.797242],[138.991203,35.797214],[138.991179,35.797182],[138.991115,35.797131],[138.991021,35.797073],[138.99097,35.797043],[138.990951,35.797021],[138.990939,35.797001],[138.99093,35.796978],[138.990928,35.796954],[138.990931,35.79693],[138.990949,35.796901],[138.990977,35.796872],[138.991091,35.796798],[138.991199,35.79673],[138.991231,35.796701],[138.991256,35.796672],[138.991265,35.796653],[138.991272,35.796635],[138.991276,35.796613],[138.991274,35.796595],[138.991263,35.796562],[138.991246,35.796528],[138.991176,35.796419],[138.991134,35.796353],[138.991107,35.796311],[138.991085,35.796266],[138.991075,35.796228],[138.991064,35.796183],[138.991058,35.79614],[138.991055,35.796085],[138.991054,35.796021],[138.991054,35.795972],[138.991065,35.795944],[138.991078,35.795925],[138.991096,35.795909],[138.991111,35.795903],[138.991132,35.795902],[138.991155,35.79591],[138.991178,35.79592],[138.991204,35.795949],[138.991216,35.795973],[138.991222,35.796001],[138.991231,35.796086],[138.991238,35.796129],[138.991245,35.796155],[138.99126,35.796185],[138.991284,35.79622],[138.991314,35.796252],[138.991399,35.796361],[138.991448,35.796428],[138.991499,35.796528],[138.991545,35.796625],[138.991588,35.796721],[138.991602,35.796754],[138.991621,35.796777],[138.991653,35.796793],[138.991688,35.796793],[138.991718,35.796782],[138.991738,35.796765],[138.991743,35.796743],[138.991732,35.796682],[138.991711,35.796563],[138.991703,35.796498],[138.991703,35.796421],[138.99171,35.796303],[138.991719,35.796206],[138.991725,35.796139],[138.991731,35.796085],[138.991745,35.796026],[138.991757,35.795995],[138.991772,35.795965],[138.991805,35.795909],[138.991851,35.795852],[138.991901,35.795801],[138.991961,35.795747],[138.992004,35.795723],[138.992056,35.7957],[138.992233,35.795621],[138.992366,35.795567],[138.992514,35.79552],[138.99268,35.795475],[138.992824,35.795436],[138.992977,35.795401],[138.993093,35.795376],[138.993176,35.79536],[138.993204,35.79536],[138.993222,35.795367],[138.99324,35.79539],[138.993242,35.795407],[138.993233,35.795428],[138.993208,35.795465],[138.993156,35.795502],[138.992985,35.795612],[138.992926,35.795666],[138.992876,35.795718],[138.992766,35.795829],[138.99269,35.795906],[138.992631,35.79594],[138.99259,35.795968],[138.99256,35.795994],[138.992532,35.796045],[138.992524,35.796086],[138.99254,35.796133],[138.992548,35.796168],[138.992551,35.796207],[138.992549,35.796338],[138.992557,35.796371],[138.992591,35.796398],[138.992624,35.796415],[138.992665,35.796421],[138.992695,35.796419],[138.992729,35.796407],[138.992756,35.796386],[138.992778,35.796337],[138.992789,35.796295],[138.992817,35.796172],[138.992838,35.796132],[138.992874,35.796092],[138.992967,35.796029],[138.99308,35.795962],[138.993185,35.795901],[138.99332,35.795822],[138.993469,35.795741],[138.993638,35.795665],[138.993767,35.795614],[138.993858,35.795585],[138.99401,35.795556],[138.994163,35.795528],[138.994242,35.795506],[138.994354,35.79547],[138.994447,35.795439],[138.994505,35.795412],[138.994582,35.795368],[138.994691,35.795308],[138.994748,35.795272],[138.994837,35.795203],[138.994862,35.795184],[138.994896,35.795175],[138.994928,35.795173],[138.99496,35.795184],[138.994981,35.795198],[138.994996,35.795214],[138.995006,35.795233],[138.995006,35.795259],[138.995002,35.795276],[138.994991,35.795296],[138.994911,35.795392],[138.994787,35.795562],[138.994747,35.795609],[138.994722,35.795638],[138.99469,35.795665],[138.994616,35.795705],[138.994545,35.79575],[138.994521,35.795772],[138.994513,35.795787],[138.99451,35.795801],[138.994513,35.795817],[138.994523,35.795834],[138.994535,35.795843],[138.994552,35.795853],[138.99458,35.79586],[138.994612,35.79586],[138.994719,35.795837],[138.994832,35.795814],[138.99488,35.795809],[138.99495,35.795804],[138.995008,35.795795],[138.995045,35.795784],[138.99507,35.795772],[138.995091,35.795759],[138.995117,35.795736],[138.995138,35.795712],[138.995202,35.795617],[138.995242,35.795551],[138.995268,35.795509],[138.995298,35.795465],[138.995339,35.795411],[138.995363,35.795384],[138.995389,35.795356],[138.995438,35.795314],[138.995496,35.795267],[138.995536,35.795241],[138.995568,35.795219],[138.995643,35.795181],[138.995685,35.795164],[138.995739,35.795152],[138.995829,35.795137],[138.995988,35.795106],[138.996065,35.795091],[138.996145,35.795081],[138.996236,35.795058],[138.996351,35.795037],[138.996524,35.795012],[138.9966,35.794999],[138.996686,35.794975],[138.996721,35.794956],[138.996743,35.794934],[138.996764,35.794904],[138.996785,35.794859],[138.996809,35.794821],[138.996831,35.794793],[138.996872,35.794776],[138.996915,35.794767],[138.996954,35.794752],[138.996984,35.794736],[138.997012,35.794705],[138.997026,35.794676],[138.997026,35.794629],[138.997013,35.79458],[138.996991,35.794517],[138.996976,35.79446],[138.996973,35.794407],[138.996982,35.794292],[138.996987,35.794232],[138.997009,35.794118],[138.997035,35.793998],[138.997046,35.793952],[138.997058,35.793907],[138.997073,35.793866],[138.997099,35.793818],[138.997134,35.793774],[138.997157,35.793751],[138.997186,35.793725],[138.997222,35.793698],[138.997273,35.793663],[138.99742,35.793572],[138.997484,35.793518],[138.997526,35.793481],[138.997583,35.793456],[138.997622,35.793446],[138.997689,35.793429],[138.997757,35.793415],[138.997816,35.793409],[138.99791,35.793395],[138.997963,35.79338],[138.998005,35.793365],[138.998047,35.793342],[138.998093,35.793321],[138.998163,35.793288],[138.998252,35.793256],[138.998297,35.793248],[138.998338,35.793246],[138.998375,35.793261],[138.998396,35.793276],[138.998417,35.793307],[138.998425,35.793339],[138.998413,35.793371],[138.99839,35.793392],[138.998351,35.793412],[138.998301,35.793428],[138.998231,35.793444],[138.998164,35.793457],[138.998076,35.793474],[138.997968,35.793499],[138.997863,35.793528],[138.997789,35.793551],[138.997733,35.793573],[138.997691,35.793597],[138.997647,35.793634],[138.997608,35.793669],[138.99756,35.793723],[138.99752,35.793777],[138.997462,35.793863],[138.997427,35.793917],[138.997398,35.793971],[138.997374,35.794029],[138.99736,35.794077],[138.997353,35.794129],[138.997361,35.794209],[138.997377,35.794272],[138.997393,35.794328],[138.997411,35.794401],[138.997423,35.794482],[138.997443,35.794614],[138.997454,35.794675],[138.997474,35.794729],[138.997497,35.794761],[138.997528,35.794806],[138.997551,35.794848],[138.997567,35.794891],[138.997576,35.79492],[138.997581,35.794952],[138.997584,35.794999],[138.99758,35.795047],[138.997568,35.795088],[138.997554,35.795131],[138.997535,35.79517],[138.997522,35.795195],[138.997498,35.795221],[138.997474,35.79524],[138.997445,35.795258],[138.99741,35.795275],[138.997358,35.795293],[138.997321,35.795308],[138.997296,35.79533],[138.997288,35.795352],[138.997294,35.795376],[138.997311,35.795402],[138.997355,35.795453],[138.997385,35.795485],[138.997447,35.795531],[138.997515,35.795576],[138.997561,35.795597],[138.997618,35.795618],[138.997719,35.795653],[138.997799,35.795677],[138.997895,35.7957],[138.997971,35.795708],[138.998051,35.795714],[138.998149,35.795727],[138.998187,35.795744],[138.998238,35.795768],[138.998275,35.795788],[138.998356,35.79583],[138.998391,35.795842],[138.99843,35.795845],[138.998461,35.795841],[138.998493,35.795818],[138.998507,35.795795],[138.99851,35.795766],[138.99851,35.795741],[138.9985,35.795716],[138.998483,35.795694],[138.998458,35.795682],[138.998371,35.79566],[138.998273,35.795636],[138.998211,35.795618],[138.998151,35.795595],[138.998086,35.795568],[138.998025,35.795541],[138.997986,35.79552],[138.997967,35.795505],[138.997947,35.795479],[138.997936,35.795456],[138.997928,35.795429],[138.997921,35.795384],[138.997928,35.795347],[138.997954,35.795262],[138.997982,35.795181],[138.997998,35.795126],[138.998014,35.795081],[138.998035,35.795038],[138.998065,35.794988],[138.998096,35.794948],[138.998123,35.794923],[138.998144,35.794908],[138.998181,35.794883],[138.998281,35.794842],[138.998355,35.794812],[138.998454,35.794771],[138.998487,35.794751],[138.998513,35.794727],[138.998532,35.794697],[138.998555,35.794653],[138.998578,35.794609],[138.998614,35.794555],[138.998653,35.794519],[138.998686,35.794494],[138.998729,35.794469],[138.998792,35.794451],[138.998837,35.794449],[138.998894,35.794449],[138.998969,35.794453],[138.999043,35.794465],[138.999159,35.794488],[138.999223,35.794495],[138.999291,35.794499],[138.999365,35.794496],[138.999544,35.794485],[138.999674,35.794468],[138.999747,35.794454],[138.999837,35.79444],[138.999897,35.794414],[138.999967,35.794372],[139.000059,35.794309],[139.000148,35.794228],[139.000245,35.794141],[139.000368,35.794019],[139.000406,35.793975],[139.000425,35.793944],[139.00044,35.793917],[139.00045,35.793873],[139.000451,35.793834],[139.000445,35.793798],[139.000425,35.793719],[139.000414,35.793676],[139.000416,35.793634],[139.00043,35.793596],[139.000484,35.793486],[139.000547,35.793385],[139.00059,35.793313],[139.000617,35.793278],[139.000637,35.793256],[139.000661,35.793243],[139.000694,35.793241],[139.000726,35.793247],[139.000754,35.793263],[139.000782,35.793289],[139.000822,35.793346],[139.000893,35.793468],[139.000913,35.793496],[139.000933,35.793516],[139.000983,35.793559],[139.001004,35.793573],[139.001024,35.793583],[139.001049,35.793592],[139.001078,35.793598],[139.001118,35.793603],[139.001167,35.793607],[139.001277,35.793614],[139.001415,35.793626],[139.001481,35.793644],[139.001561,35.79367],[139.001627,35.793694],[139.001685,35.793717],[139.001741,35.793744],[139.001802,35.793777],[139.001916,35.793843],[139.002032,35.793904],[139.002076,35.793928],[139.002156,35.793959],[139.002221,35.793981],[139.002286,35.793996],[139.002428,35.794019],[139.002563,35.794034],[139.002659,35.794036],[139.002712,35.794034],[139.002774,35.794027],[139.002813,35.794019],[139.00286,35.794006],[139.00299,35.793968],[139.003052,35.793956],[139.003095,35.793956],[139.003131,35.793965],[139.003144,35.793973],[139.003155,35.793984],[139.003164,35.794005],[139.003164,35.794017],[139.003157,35.794033],[139.003147,35.794044],[139.003132,35.794055],[139.003106,35.794064],[139.003031,35.794081],[139.002891,35.794104],[139.002791,35.794123],[139.002704,35.794142],[139.002608,35.794158],[139.002506,35.794169],[139.002372,35.794177],[139.002192,35.794186],[139.002104,35.794176],[139.002038,35.794173],[139.002001,35.79417],[139.001974,35.794175],[139.001965,35.794193],[139.001966,35.794211],[139.001992,35.794234],[139.002037,35.794248],[139.002082,35.794254],[139.002154,35.794272],[139.002234,35.794293],[139.002419,35.794337],[139.002552,35.79436],[139.002682,35.794362],[139.003106,35.794366],[139.003328,35.794385],[139.003386,35.794382],[139.0035,35.794395],[139.003532,35.794421]]}},{"type":"Feature","properties":{"id":126365859,"highway":"unclassified"},"geometry":{"type":"LineString","coordinates":[[139.074328,35.740583],[139.074296,35.740569],[139.074264,35.740552],[139.074209,35.740505],[139.074173,35.740479],[139.074142,35.74047],[139.074108,35.740467],[139.07405,35.740471],[139.073959,35.740498],[139.073819,35.740556],[139.073694,35.740595],[139.07354,35.740624],[139.073421,35.740626],[139.073182,35.740614],[139.072977,35.740609],[139.072844,35.740583],[139.072739,35.740549],[139.072641,35.740498],[139.07256,35.740438],[139.072481,35.740341],[139.072393,35.74023],[139.072338,35.740184],[139.072275,35.740146],[139.072148,35.74009],[139.072027,35.740012],[139.071917,35.739955],[139.071718,35.739873],[139.071651,35.739839],[139.071572,35.739773],[139.071456,35.739652],[139.07124,35.739464],[139.071172,35.739414],[139.071116,35.739348],[139.071086,35.739272],[139.071058,35.739129],[139.071053,35.739035],[139.07106,35.738931],[139.071065,35.738851],[139.071059,35.738819],[139.071023,35.73879],[139.070968,35.738778],[139.070906,35.738782],[139.070764,35.73882],[139.070655,35.738813],[139.070563,35.738771],[139.07051,35.738725],[139.07048,35.738657],[139.070389,35.738408],[139.070326,35.738332],[139.070241,35.738279],[139.070133,35.73824],[139.070042,35.738213],[139.069955,35.738201],[139.069829,35.738195],[139.069395,35.738187],[139.069198,35.738201],[139.069115,35.738217],[139.068931,35.738278],[139.068848,35.738289],[139.06876,35.738298],[139.068679,35.738287],[139.068624,35.73827],[139.068571,35.738243],[139.068522,35.7382],[139.068468,35.73815],[139.068345,35.73807],[139.068162,35.738015],[139.067969,35.737929],[139.06787,35.737924],[139.067773,35.737935],[139.067689,35.737973],[139.067621,35.738001],[139.06729,35.738176],[139.067184,35.738229],[139.067049,35.738257],[139.066912,35.738284],[139.066754,35.738323],[139.066632,35.738327],[139.066483,35.73832],[139.066337,35.738279],[139.06614,35.73821],[139.066026,35.738152],[139.065609,35.737882],[139.065534,35.737839],[139.065428,35.737803],[139.065323,35.737802],[139.065213,35.737816],[139.065033,35.737868],[139.064953,35.737887],[139.064812,35.737894],[139.064673,35.737884],[139.064546,35.737853],[139.064412,35.73782],[139.064287,35.737798],[139.064165,35.737802],[139.064052,35.737837],[139.06381,35.737928],[139.063739,35.737959],[139.063656,35.737974],[139.063532,35.73796],[139.063232,35.737922],[139.063141,35.737937],[139.063019,35.737993],[139.062951,35.738029],[139.062889,35.738084],[139.062806,35.738132],[139.062706,35.738166],[139.062598,35.738204],[139.06245,35.738246],[139.062356,35.738295],[139.062321,35.738335],[139.062267,35.738395],[139.062206,35.738464],[139.062156,35.73851],[139.061919,35.738667],[139.061725,35.738841],[139.061625,35.738917],[139.061558,35.739001],[139.061488,35.739088],[139.061405,35.73919],[139.061265,35.739426],[139.061214,35.739489],[139.061164,35.739529],[139.061088,35.739561],[139.060906,35.739604],[139.060616,35.739673],[139.060327,35.739779],[139.06013,35.739854]]}},{"type":"Feature","properties":{"id":126365867,"highway":"residential"},"geometry":{"type":"LineString","coordinates":[[139.091046,35.71515],[139.091058,35.715253],[139.091063,35.71537],[139.091061,35.715507],[139.090991,35.715615],[139.091011,35.715699],[139.091049,35.715929],[139.091031,35.715982],[139.090884,35.7161]]}},{"type":"Feature","properties":{"id":126365876,"highway":"unclassified"},"geometry":{"type":"LineString","coordinates":[[139.074255,35.710425],[139.07456,35.710657],[139.074658,35.710668],[139.074715,35.710619],[139.074647,35.71047],[139.074564,35.710301],[139.074572,35.71021],[139.074675,35.710133],[139.074767,35.710015],[139.074819,35.709909],[139.074867,35.709904],[139.074881,35.709953],[139.07485,35.710115],[139.074874,35.710177],[139.074909,35.710198]]}},{"type":"Feature","properties":{"id":126365882,"highway":"unclassified"},"geometry":{"type":"LineString","coordinates":[[139.074479,35.740571],[139.074545,35.740559],[139.074611,35.740556],[139.074678,35.740559],[139.074734,35.740553],[139.07479,35.740537],[139.074837,35.740513],[139.074865,35.740479],[139.074883,35.740429],[139.074914,35.740303],[139.074938,35.740246],[139.074979,35.740187],[139.075046,35.740132],[139.07513,35.740099],[139.07521,35.740076],[139.075361,35.740029],[139.075504,35.739988],[139.075642,35.739962],[139.075966,35.739941],[139.076325,35.739919],[139.076462,35.739926],[139.076564,35.739954],[139.076655,35.739995],[139.076742,35.74006],[139.076777,35.740105],[139.076793,35.740178],[139.076781,35.740234],[139.076727,35.740346],[139.076702,35.740407],[139.076706,35.740464],[139.076738,35.740524],[139.076789,35.740584],[139.07687,35.74064],[139.076987,35.740712],[139.077091,35.740764],[139.07718,35.740791],[139.07727,35.740807],[139.077353,35.740808],[139.077475,35.740792],[139.077576,35.740763],[139.077666,35.740727],[139.077799,35.740659],[139.07804,35.740502],[139.078132,35.740472],[139.078258,35.740442],[139.078367,35.74043],[139.078486,35.740429],[139.07874,35.740449],[139.078832,35.740449],[139.078904,35.740426],[139.078978,35.740403],[139.07905,35.740358],[139.079128,35.740307]]}},{"type":"Feature","properties":{"id":126365890,"highway":"unclassified"},"geometry":{"type":"LineString","coordinates":[[139.064035,35.723886],[139.063953,35.724015],[139.063881,35.724083],[139.063846,35.724122],[139.063828,35.72419],[139.063856,35.724322],[139.064016,35.724539],[139.064092,35.724686],[139.064118,35.724769],[139.064097,35.724886],[139.064066,35.724972],[139.063986,35.725052],[139.063904,35.725153],[139.063921,35.725232],[139.063955,35.725256],[139.064013,35.725255],[139.064057,35.725239],[139.064104,35.72517],[139.064117,35.725068],[139.064225,35.724935],[139.064296,35.724834],[139.064319,35.724756],[139.064302,35.72465],[139.06424,35.724525],[139.064219,35.724444],[139.064257,35.724384],[139.06432,35.724361],[139.064417,35.724359],[139.064766,35.724427],[139.064884,35.724459],[139.065056,35.724482],[139.065119,35.724481],[139.065167,35.724469],[139.065208,35.724436],[139.065262,35.724349],[139.065348,35.724239],[139.065393,35.724196],[139.065495,35.724128],[139.065632,35.724073],[139.065688,35.724028],[139.065708,35.723973],[139.065708,35.723895],[139.065698,35.723822],[139.06569,35.723718],[139.06573,35.723619],[139.065775,35.723504],[139.065849,35.723361],[139.065911,35.723248],[139.065936,35.723103],[139.065936,35.722963],[139.065946,35.72281],[139.065924,35.722654],[139.065929,35.722577],[139.065944,35.722516],[139.06597,35.722476],[139.066033,35.722456],[139.066098,35.722456],[139.066177,35.722482],[139.066349,35.722562],[139.066552,35.722647],[139.066754,35.722689],[139.066995,35.722758],[139.067077,35.722794],[139.067134,35.722808],[139.067179,35.722799],[139.067227,35.722771],[139.067255,35.722737],[139.067254,35.722707],[139.067232,35.722672],[139.067018,35.722412],[139.066971,35.72235],[139.06693,35.72229],[139.06691,35.722216],[139.066912,35.722129],[139.066936,35.722046],[139.066961,35.721993],[139.066976,35.721935],[139.066962,35.721894],[139.066925,35.72181],[139.066918,35.721764],[139.066924,35.721716],[139.066943,35.721669],[139.066966,35.721639],[139.067011,35.721623],[139.067072,35.721625],[139.067201,35.721656],[139.067279,35.72167],[139.067348,35.721654],[139.067404,35.72163],[139.067479,35.721589],[139.067538,35.721547],[139.067595,35.721488],[139.067629,35.721431],[139.067633,35.721371],[139.067632,35.721319],[139.06761,35.721244],[139.067596,35.721183],[139.067596,35.721134],[139.067611,35.721103],[139.067646,35.721058],[139.067702,35.721024],[139.067767,35.721001],[139.067829,35.72098],[139.067977,35.720882],[139.068057,35.720861],[139.068167,35.720844],[139.068254,35.720822],[139.068361,35.72077],[139.068431,35.720728],[139.068485,35.720714],[139.068569,35.720721],[139.06865,35.720758],[139.068743,35.720816],[139.068833,35.720888],[139.068975,35.72094],[139.069063,35.720977],[139.069136,35.721022],[139.069191,35.721096],[139.069225,35.721177],[139.069233,35.721263],[139.069229,35.72134],[139.069248,35.721495],[139.069252,35.721574],[139.069275,35.721652],[139.069299,35.721726],[139.069368,35.721829],[139.069452,35.721932],[139.069505,35.722026],[139.069535,35.722126],[139.069572,35.722252],[139.069579,35.722475],[139.06959,35.722558],[139.069632,35.722642],[139.069734,35.722746],[139.069849,35.722862],[139.06999,35.722977],[139.070195,35.723109],[139.070392,35.72325],[139.070446,35.723293],[139.070474,35.723346],[139.070475,35.72339],[139.070448,35.723438],[139.070401,35.723467],[139.070351,35.723469],[139.070303,35.723452],[139.070276,35.723415],[139.070248,35.723336],[139.070213,35.723278],[139.070118,35.723205],[139.069971,35.723114],[139.069658,35.722979],[139.069342,35.722808],[139.069118,35.722666]]}},{"type":"Feature","properties":{"id":126365897,"highway":"unclassified"},"geometry":{"type":"LineString","coordinates":[[139.083891,35.716676],[139.083953,35.716395],[139.083904,35.71612],[139.083884,35.715912],[139.083876,35.715817],[139.083979,35.715621],[139.08425,35.715439],[139.084478,35.715345],[139.08465,35.715159],[139.084821,35.71496],[139.085054,35.714585],[139.085154,35.714458],[139.085249,35.7144],[139.085373,35.714363],[139.085506,35.714342],[139.085623,35.714295],[139.085706,35.714195],[139.08579,35.714044],[139.085869,35.713953],[139.086019,35.713847],[139.086168,35.71371],[139.086434,35.713568],[139.086519,35.713515],[139.086624,35.71345]]}},{"type":"Feature","properties":{"id":126365899,"highway":"residential"},"geometry":{"type":"LineString","coordinates":[[139.04865,35.722663],[139.048613,35.722727],[139.048608,35.72279],[139.048634,35.722861],[139.048744,35.723012],[139.048818,35.723104],[139.048832,35.723138],[139.048821,35.723175],[139.048801,35.723208],[139.04876,35.723241],[139.048701,35.723249],[139.048624,35.723254],[139.04859,35.723271],[139.04857,35.723291],[139.048583,35.723341],[139.048622,35.723403],[139.048623,35.723458],[139.048623,35.723523],[139.04865,35.723567],[139.048703,35.723594],[139.048907,35.723642],[139.048941,35.723671],[139.048949,35.723699],[139.048932,35.723734],[139.048892,35.723754],[139.048838,35.723737],[139.048777,35.72369],[139.048698,35.723664],[139.048605,35.723677],[139.04856,35.723711],[139.048535,35.723729],[139.048495,35.723748],[139.048455,35.723749],[139.048327,35.723683],[139.048278,35.723672],[139.048255,35.723693],[139.048252,35.723727],[139.048273,35.72376],[139.04832,35.7238],[139.04846,35.723856],[139.048504,35.723886],[139.04852,35.72394],[139.048511,35.723986],[139.048491,35.724025],[139.048452,35.724057],[139.048422,35.724068],[139.048382,35.724067],[139.048342,35.724059],[139.048267,35.724023],[139.048185,35.723942],[139.048184,35.723905],[139.048191,35.723857]]}},{"type":"Feature","properties":{"id":126365901,"highway":"unclassified"},"geometry":{"type":"LineString","coordinates":[[139.069619,35.746049],[139.069582,35.746097],[139.069548,35.74614],[139.069477,35.746178],[139.069356,35.746224],[139.069237,35.746241],[139.069086,35.74626],[139.068932,35.746274],[139.068769,35.746316],[139.068578,35.746387],[139.068528,35.746419],[139.068486,35.74646],[139.068474,35.746508],[139.068506,35.746784],[139.068498,35.746915],[139.068474,35.746959],[139.06841,35.747023],[139.068356,35.747066],[139.068282,35.747115],[139.068179,35.747147],[139.068125,35.747178],[139.06808,35.747215],[139.068065,35.747265],[139.068084,35.747557],[139.068054,35.747677],[139.068033,35.747712],[139.067985,35.747741],[139.067926,35.747754],[139.067867,35.747785]]}},{"type":"Feature","properties":{"id":126365914,"highway":"residential"},"geometry":{"type":"LineString","coordinates":[[139.063401,35.724833],[139.06349,35.725021],[139.063525,35.72511],[139.063592,35.725142],[139.063637,35.725071],[139.063677,35.724812],[139.063677,35.724722],[139.063708,35.724663],[139.063762,35.724748],[139.063817,35.72484],[139.06389,35.724949],[139.063931,35.724999],[139.063986,35.725052]]}},{"type":"Feature","properties":{"id":126365915,"highway":"residential"},"geometry":{"type":"LineString","coordinates":[[139.092382,35.710902],[139.092132,35.710963],[139.092054,35.711],[139.091861,35.711073],[139.091795,35.711191],[139.091673,35.711414],[139.091556,35.711567],[139.091392,35.71174],[139.091103,35.711838],[139.090928,35.71187],[139.090759,35.711914],[139.090512,35.712002],[139.090257,35.712145],[139.089932,35.712386],[139.089846,35.712473],[139.089652,35.712614],[139.089653,35.712696]]}},{"type":"Feature","properties":{"id":126365916,"highway":"unclassified"},"geometry":{"type":"LineString","coordinates":[[139.079322,35.740236],[139.079571,35.740167],[139.079643,35.740158],[139.079739,35.740166],[139.079876,35.740195],[139.080013,35.740197],[139.080176,35.740178],[139.080338,35.740136],[139.080445,35.740094],[139.080518,35.740027],[139.080554,35.73994],[139.080573,35.739863],[139.080613,35.739738],[139.080683,35.739638],[139.080743,35.739582],[139.080792,35.739548],[139.080822,35.739535],[139.08086,35.739518],[139.0809,35.739513],[139.080959,35.73952],[139.080995,35.739536],[139.08109,35.739596]]}},{"type":"Feature","properties":{"id":126365920,"highway":"unclassified"},"geometry":{"type":"LineString","coordinates":[[139.064961,35.753411],[139.06523,35.753279],[139.065344,35.753157],[139.065547,35.75286],[139.065563,35.752748],[139.065543,35.752405],[139.065669,35.752164],[139.065856,35.752072],[139.066197,35.752049],[139.066262,35.752032],[139.066722,35.751633],[139.06701,35.751547],[139.067067,35.751488],[139.067031,35.751392],[139.067043,35.751326],[139.067175,35.751161],[139.067209,35.751065],[139.067272,35.750975],[139.067406,35.750909],[139.067636,35.750801],[139.067686,35.750723],[139.067689,35.750614],[139.067663,35.750547],[139.067537,35.75046],[139.067465,35.750345],[139.067485,35.750091],[139.067417,35.750007],[139.067298,35.749899],[139.067157,35.749767],[139.067121,35.749693]]}},{"type":"Feature","properties":{"id":126365927,"highway":"unclassified"},"geometry":{"type":"LineString","coordinates":[[139.064038,35.742343],[139.064236,35.7422],[139.064346,35.742121],[139.064473,35.742032],[139.064579,35.741977],[139.064689,35.741947],[139.064865,35.741923],[139.064942,35.741913],[139.065022,35.7419],[139.065083,35.741879],[139.065158,35.74184],[139.065217,35.741793],[139.06534,35.741655],[139.065449,35.741559],[139.065545,35.741486],[139.065591,35.741461],[139.065675,35.741438],[139.065758,35.741435],[139.065834,35.741449],[139.065918,35.741473],[139.06605,35.741522],[139.066103,35.741527],[139.066161,35.741521],[139.066213,35.741504],[139.066265,35.741476],[139.06631,35.741434],[139.066412,35.741336],[139.066542,35.741234],[139.06667,35.741122],[139.066758,35.741066],[139.066961,35.74094],[139.066984,35.740927],[139.067059,35.740883],[139.067108,35.740866],[139.067161,35.740865],[139.067214,35.740876],[139.067264,35.740882],[139.067321,35.740873],[139.067352,35.740854],[139.067376,35.74083],[139.067396,35.740803],[139.067397,35.740775],[139.067398,35.740735],[139.067379,35.740701],[139.06734,35.740672],[139.067291,35.740655],[139.06691,35.740532],[139.066834,35.740514],[139.066763,35.740514],[139.066695,35.74053],[139.066638,35.740561],[139.066324,35.740792],[139.066261,35.740826],[139.066194,35.740846],[139.066125,35.740853],[139.06605,35.74085],[139.065993,35.740836],[139.065934,35.740798],[139.065894,35.740748],[139.065856,35.740708],[139.065738,35.740633],[139.065648,35.740582],[139.065558,35.74056],[139.06547,35.740561],[139.065342,35.740589],[139.06525,35.74061],[139.065175,35.740616],[139.065102,35.740609],[139.064996,35.740593],[139.064886,35.740592],[139.064751,35.740606],[139.064648,35.740622],[139.06441,35.740694],[139.064278,35.740714],[139.064036,35.740729],[139.063914,35.740763],[139.063656,35.740865],[139.063613,35.740889],[139.063428,35.741036],[139.063384,35.741073],[139.063326,35.741106],[139.063273,35.741124],[139.063221,35.741126],[139.063177,35.7411],[139.063147,35.741073],[139.063139,35.740999],[139.063169,35.740782],[139.063207,35.740597],[139.063229,35.74049],[139.063293,35.740305],[139.063334,35.740161],[139.063344,35.740102],[139.063362,35.739978],[139.06342,35.739927],[139.063497,35.739878],[139.063543,35.73983],[139.063582,35.739764],[139.063607,35.739658],[139.06364,35.739612],[139.063685,35.739577],[139.063836,35.739524],[139.063917,35.739481],[139.063982,35.739428],[139.06401,35.739365],[139.064038,35.739263],[139.064066,35.73921],[139.064115,35.739158],[139.064167,35.739115],[139.064716,35.738768],[139.064762,35.738734],[139.064794,35.738679],[139.0648,35.738645],[139.064801,35.738596],[139.06477,35.738562],[139.064694,35.738526],[139.064467,35.738468],[139.06435,35.738454],[139.064227,35.738464],[139.0641,35.738498],[139.063968,35.73854],[139.06383,35.738569],[139.063522,35.738601],[139.063342,35.738602],[139.063202,35.738594],[139.063099,35.738613],[139.062998,35.738641],[139.06292,35.738639],[139.062826,35.738621],[139.06262,35.738602],[139.062489,35.73861],[139.062376,35.738619],[139.06227,35.738654],[139.062177,35.738691],[139.061929,35.738786],[139.061753,35.738893],[139.061673,35.73899],[139.06159,35.739054],[139.061536,35.739077],[139.061488,35.739088]]}},{"type":"Feature","properties":{"id":126365965,"highway":"unclassified"},"geometry":{"type":"LineString","coordinates":[[139.082728,35.719906],[139.082575,35.719815],[139.082515,35.719755],[139.08252,35.719627],[139.082602,35.719424],[139.082659,35.719257],[139.082546,35.719104],[139.082551,35.718972],[139.082654,35.718836],[139.082683,35.718715],[139.082966,35.71835],[139.083309,35.718161],[139.083496,35.717861],[139.083779,35.717518],[139.083828,35.717442],[139.083855,35.7174]]}},{"type":"Feature","properties":{"id":126365987,"highway":"service"},"geometry":{"type":"LineString","coordinates":[[139.063514,35.739175],[139.063443,35.73927],[139.063404,35.739396],[139.063399,35.739452],[139.063404,35.739498],[139.063467,35.739571],[139.06348,35.739639],[139.06347,35.739683],[139.063342,35.739938],[139.063362,35.739978]]}},{"type":"Feature","properties":{"id":126365993,"highway":"unclassified"},"geometry":{"type":"LineString","coordinates":[[139.04865,35.722663],[139.048692,35.722667],[139.049009,35.722737],[139.049047,35.722769],[139.049165,35.723183],[139.049253,35.723396],[139.049379,35.723665],[139.049463,35.723799],[139.049656,35.723998],[139.049913,35.724192],[139.05001,35.72428],[139.050145,35.724472],[139.050345,35.72466],[139.050518,35.724787],[139.050556,35.724842],[139.050564,35.724879],[139.050555,35.724925],[139.050447,35.725146],[139.050439,35.725179],[139.050481,35.725469],[139.050615,35.725552]]}},{"type":"Feature","properties":{"id":126366023,"highway":"service"},"geometry":{"type":"LineString","coordinates":[[139.085836,35.713744],[139.085689,35.713531]]}},{"type":"Feature","properties":{"id":126366025,"highway":"residential"},"geometry":{"type":"LineString","coordinates":[[139.044031,35.726801],[139.044063,35.726903]]}},{"type":"Feature","properties":{"id":126366032,"highway":"service"},"geometry":{"type":"LineString","coordinates":[[139.085689,35.713531],[139.085672,35.713495],[139.085544,35.713205],[139.08546,35.713019],[139.085455,35.712935]]}},{"type":"Feature","properties":{"id":126366037,"highway":"unclassified"},"geometry":{"type":"LineString","coordinates":[[139.058158,35.724367],[139.058119,35.724268]]}},{"type":"Feature","properties":{"id":126366038,"highway":"unclassified"},"geometry":{"type":"LineString","coordinates":[[139.067121,35.749693],[139.067169,35.749567]]}},{"type":"Feature","properties":{"id":126366048,"highway":"unclassified"},"geometry":{"type":"LineString","coordinates":[[139.079128,35.740307],[139.079322,35.740236]]}},{"type":"Feature","properties":{"id":126366051,"highway":"service"},"geometry":{"type":"LineString","coordinates":[[139.085962,35.713753],[139.085888,35.713771],[139.085836,35.713744]]}},{"type":"Feature","properties":{"id":126366068,"highway":"residential"},"geometry":{"type":"LineString","coordinates":[[139.043922,35.726356],[139.044031,35.726801]]}},{"type":"Feature","properties":{"id":126366072,"highway":"unclassified"},"geometry":{"type":"LineString","coordinates":[[139.067772,35.747912],[139.067867,35.747785]]}},{"type":"Feature","properties":{"id":126366079,"highway":"unclassified"},"geometry":{"type":"LineString","coordinates":[[139.076651,35.713305],[139.076647,35.713233],[139.076655,35.713178],[139.076683,35.713146],[139.076746,35.713126],[139.076821,35.713128],[139.076898,35.71312],[139.076962,35.713085],[139.07701,35.71303],[139.077256,35.712774],[139.077427,35.712583],[139.077454,35.712496],[139.077424,35.712405],[139.077336,35.712331],[139.077134,35.712286],[139.076957,35.712234],[139.076795,35.712192],[139.076622,35.712088],[139.076376,35.711863],[139.076068,35.711544],[139.075718,35.711165],[139.075521,35.710956],[139.075285,35.710709],[139.07523,35.710483],[139.075183,35.710384],[139.074936,35.710241],[139.074909,35.710198]]}},{"type":"Feature","properties":{"id":126366092,"highway":"unclassified"},"geometry":{"type":"LineString","coordinates":[[139.042811,35.727781],[139.043149,35.727584]]}},{"type":"Feature","properties":{"id":126366117,"highway":"service"},"geometry":{"type":"LineString","coordinates":[[139.065157,35.720957],[139.065316,35.721228]]}},{"type":"Feature","properties":{"id":126366134,"highway":"residential"},"geometry":{"type":"LineString","coordinates":[[139.08947,35.712705],[139.089403,35.712846],[139.089383,35.712953],[139.089404,35.713082],[139.089392,35.71319],[139.089369,35.713234],[139.089266,35.713308],[139.089232,35.713361],[139.089233,35.713392],[139.089259,35.713427],[139.089438,35.713586],[139.089587,35.713697],[139.089635,35.713741],[139.089705,35.713869],[139.089759,35.713931],[139.089946,35.714102],[139.090158,35.7142],[139.090244,35.714247],[139.090379,35.714365],[139.090509,35.714493],[139.090566,35.71459],[139.090592,35.714633],[139.090633,35.714678],[139.090799,35.714793],[139.090897,35.71492],[139.091046,35.71515]]}},{"type":"Feature","properties":{"id":126366139,"highway":"unclassified"},"geometry":{"type":"LineString","coordinates":[[139.040134,35.731862],[139.040256,35.731821],[139.040298,35.731657],[139.040313,35.731518],[139.040292,35.731236],[139.040321,35.731093],[139.040399,35.730792],[139.040558,35.730305],[139.040628,35.730196],[139.040811,35.730033],[139.040846,35.72999],[139.040806,35.729737],[139.040879,35.729636],[139.04103,35.729518],[139.041207,35.729386],[139.04137,35.729262],[139.041637,35.729206],[139.041685,35.729177],[139.041888,35.728756],[139.042026,35.728617],[139.04236,35.728252],[139.042514,35.728107],[139.042712,35.727836],[139.042811,35.727781]]}},{"type":"Feature","properties":{"id":126366148,"highway":"unclassified"},"geometry":{"type":"LineString","coordinates":[[139.073292,35.709851],[139.073428,35.709838],[139.073523,35.709658],[139.073704,35.709197],[139.073693,35.708945],[139.073664,35.708645],[139.073709,35.708413],[139.073817,35.708344],[139.073859,35.708368],[139.073898,35.708413],[139.073893,35.708509],[139.073895,35.708691],[139.073874,35.708913],[139.073948,35.709278],[139.074073,35.709494]]}},{"type":"Feature","properties":{"id":126366182,"highway":"unclassified"},"geometry":{"type":"LineString","coordinates":[[139.080464,35.742599],[139.080441,35.742434],[139.08045,35.742265],[139.080374,35.742131],[139.080234,35.74206],[139.080007,35.741968],[139.079942,35.741929],[139.079892,35.741883],[139.079886,35.74183],[139.079936,35.741791],[139.080015,35.741774],[139.080305,35.7418],[139.080464,35.741772],[139.080562,35.74172],[139.080643,35.741637],[139.080731,35.741475],[139.080737,35.741346],[139.080712,35.741211],[139.080765,35.741121],[139.080837,35.741066],[139.080902,35.741045],[139.081093,35.740959],[139.081279,35.740869],[139.081494,35.74073],[139.081515,35.740716],[139.081614,35.740693]]}},{"type":"Feature","properties":{"id":126366186,"highway":"unclassified"},"geometry":{"type":"LineString","coordinates":[[139.074328,35.740583],[139.074329,35.740611]]}},{"type":"Feature","properties":{"id":126366197,"highway":"unclassified"},"geometry":{"type":"LineString","coordinates":[[139.064199,35.723568],[139.064035,35.723886]]}},{"type":"Feature","properties":{"id":126366199,"highway":"unclassified"},"geometry":{"type":"LineString","coordinates":[[139.069827,35.745951],[139.06971,35.745982],[139.069619,35.746049]]}},{"type":"Feature","properties":{"id":126366211,"highway":"unclassified"},"geometry":{"type":"LineString","coordinates":[[139.064184,35.723336],[139.064236,35.723411],[139.064233,35.723493],[139.064199,35.723568]]}},{"type":"Feature","properties":{"id":126366224,"highway":"unclassified"},"geometry":{"type":"LineString","coordinates":[[139.043149,35.727584],[139.043261,35.727435],[139.043276,35.727364]]}},{"type":"Feature","properties":{"id":126366290,"highway":"residential"},"geometry":{"type":"LineString","coordinates":[[139.05765,35.723962],[139.057903,35.724095],[139.058052,35.724194],[139.058119,35.724268]]}},{"type":"Feature","properties":{"id":126366305,"highway":"unclassified"},"geometry":{"type":"LineString","coordinates":[[139.074329,35.740611],[139.074332,35.740669],[139.074406,35.740711],[139.074555,35.740779],[139.074641,35.740844],[139.074651,35.740945],[139.074579,35.741266],[139.074534,35.741428],[139.074471,35.741479],[139.074385,35.741493],[139.074127,35.741557],[139.074026,35.741592],[139.073907,35.74165],[139.073691,35.741734],[139.073621,35.74175],[139.073548,35.741747],[139.073438,35.741724],[139.073369,35.74173],[139.07299,35.741959],[139.072948,35.742002],[139.072898,35.74203],[139.072849,35.742033],[139.072805,35.742001],[139.072792,35.741955],[139.072809,35.741923],[139.072883,35.741859],[139.073054,35.741782],[139.073161,35.741729],[139.073212,35.741682],[139.073321,35.741572],[139.073385,35.741527],[139.073434,35.741448],[139.073434,35.741397],[139.073403,35.741361],[139.073365,35.741341],[139.073296,35.741341],[139.073192,35.741384],[139.073119,35.741438],[139.073086,35.741488],[139.073034,35.741571],[139.072981,35.741625],[139.072901,35.741672],[139.072778,35.741702],[139.072686,35.741751],[139.072482,35.741882],[139.072218,35.741993],[139.071998,35.742081],[139.071604,35.742283],[139.071455,35.74234],[139.071341,35.742392],[139.071297,35.742441],[139.071281,35.742484],[139.071322,35.742506],[139.071445,35.742516],[139.071613,35.742608],[139.071691,35.74269],[139.071681,35.742834],[139.071684,35.742925],[139.071678,35.743024],[139.071652,35.743131],[139.07159,35.743233],[139.071543,35.74331],[139.071411,35.743395],[139.071255,35.743448],[139.070921,35.743474],[139.070811,35.743515],[139.070717,35.743587],[139.070663,35.743637],[139.070632,35.743687],[139.070589,35.743793],[139.070498,35.743957],[139.070366,35.744318],[139.070335,35.744363],[139.070313,35.744388],[139.070329,35.744439],[139.070364,35.744473],[139.070373,35.744511],[139.070375,35.744575],[139.07033,35.744751],[139.070325,35.744853],[139.070358,35.744989],[139.070393,35.745039],[139.070448,35.745085],[139.070471,35.74514],[139.070474,35.745206],[139.070447,35.745264],[139.070363,35.745339],[139.070211,35.745499],[139.070129,35.745634],[139.0701,35.745712],[139.07007,35.745779],[139.069965,35.745881],[139.069885,35.745925],[139.069827,35.745951]]}},{"type":"Feature","properties":{"id":126366309,"highway":"unclassified"},"geometry":{"type":"LineString","coordinates":[[139.083855,35.7174],[139.083908,35.717182],[139.083886,35.716894],[139.083891,35.716676]]}},{"type":"Feature","properties":{"id":126366359,"highway":"service"},"geometry":{"type":"LineString","coordinates":[[139.074909,35.710198],[139.075014,35.710137],[139.075751,35.710206],[139.075889,35.710284],[139.076117,35.710296],[139.076223,35.710301],[139.076294,35.710319],[139.076301,35.710437],[139.076272,35.710471],[139.076099,35.71048],[139.076053,35.710503],[139.076053,35.710554],[139.076124,35.710606],[139.076545,35.710555]]}},{"type":"Feature","properties":{"id":126366692,"highway":"residential"},"geometry":{"type":"LineString","coordinates":[[139.085962,35.713753],[139.086041,35.713715],[139.086139,35.713623],[139.086197,35.713437],[139.086243,35.713361],[139.086435,35.713235],[139.086738,35.713149],[139.086985,35.713093]]}},{"type":"Feature","properties":{"id":126366812,"highway":"unclassified"},"geometry":{"type":"LineString","coordinates":[[139.082263,35.748686],[139.082265,35.748674],[139.082257,35.748604],[139.082214,35.748441],[139.082143,35.748333],[139.08206,35.748254],[139.081843,35.748111],[139.08175,35.748028],[139.081688,35.747959],[139.081644,35.747887],[139.08162,35.747792],[139.081598,35.74742],[139.081615,35.747313],[139.081637,35.747258],[139.081808,35.747047],[139.081858,35.746971],[139.081883,35.746911],[139.081904,35.746832],[139.081894,35.746744],[139.0818,35.746473],[139.081726,35.746208],[139.081623,35.745939],[139.081565,35.745869],[139.08148,35.745833],[139.081368,35.745815],[139.081036,35.745753],[139.080875,35.745713],[139.08078,35.745685],[139.080709,35.74564],[139.080672,35.745592],[139.080665,35.745545],[139.080684,35.745487],[139.080731,35.745435],[139.080908,35.745355],[139.080963,35.745311],[139.080979,35.745231],[139.080973,35.74518],[139.080943,35.745109],[139.080867,35.744954],[139.080814,35.744886],[139.080702,35.744795],[139.080577,35.744736],[139.080486,35.74469],[139.080425,35.74464],[139.080376,35.744549],[139.080312,35.744373],[139.080289,35.744283],[139.080304,35.744235],[139.080335,35.744195],[139.080401,35.744167],[139.080493,35.744153],[139.080663,35.744145],[139.080742,35.744139],[139.080798,35.744112],[139.080831,35.744069],[139.080883,35.74391],[139.080897,35.743778],[139.080879,35.743704],[139.080821,35.743651],[139.080731,35.743578],[139.080623,35.743485],[139.080473,35.743383],[139.0803,35.743281],[139.080218,35.743242],[139.080166,35.743208],[139.080141,35.743168],[139.080136,35.743109],[139.080165,35.743054],[139.080394,35.742894],[139.080434,35.742841],[139.080454,35.742762],[139.080464,35.742599]]}},{"type":"Feature","properties":{"id":126366914,"highway":"residential"},"geometry":{"type":"LineString","coordinates":[[139.056777,35.723983],[139.057124,35.723932],[139.057564,35.723937],[139.05765,35.723962]]}},{"type":"Feature","properties":{"id":126366952,"highway":"residential"},"geometry":{"type":"LineString","coordinates":[[139.098633,35.734824],[139.098627,35.734782],[139.098549,35.734761],[139.098354,35.734741],[139.098289,35.734727],[139.098222,35.734693],[139.098175,35.734653],[139.09799,35.734445],[139.097929,35.734391],[139.09767,35.734229],[139.097592,35.734152],[139.097541,35.734125],[139.097459,35.734124]]}},{"type":"Feature","properties":{"id":126366966,"highway":"residential"},"geometry":{"type":"LineString","coordinates":[[139.086985,35.713093],[139.087186,35.713124],[139.087379,35.71313],[139.087762,35.713051],[139.087943,35.71308],[139.088276,35.713198],[139.088376,35.713277]]}},{"type":"Feature","properties":{"id":126367011,"highway":"residential"},"geometry":{"type":"LineString","coordinates":[[139.073107,35.713175],[139.073304,35.713258],[139.07351,35.713389],[139.07389,35.713706],[139.074012,35.713888],[139.074232,35.714265],[139.074473,35.714568],[139.074668,35.714689]]}},{"type":"Feature","properties":{"id":126367030,"highway":"unclassified"},"geometry":{"type":"LineString","coordinates":[[139.067169,35.749567],[139.067205,35.749545],[139.067405,35.749539],[139.067462,35.749521],[139.067788,35.74925],[139.067893,35.749133],[139.06796,35.749048],[139.067981,35.748953],[139.067949,35.748851],[139.067872,35.748739],[139.067781,35.748572],[139.067744,35.748392],[139.067748,35.748148],[139.067772,35.747912]]}},{"type":"Feature","properties":{"id":126367036,"highway":"service"},"geometry":{"type":"LineString","coordinates":[[139.065398,35.72031],[139.06547,35.72042],[139.06546,35.720467],[139.065055,35.720776],[139.064813,35.720924],[139.064813,35.720955],[139.06484,35.72097],[139.064882,35.720968],[139.065056,35.720936],[139.065157,35.720957]]}},{"type":"Feature","properties":{"id":146029643,"highway":"trunk"},"geometry":{"type":"LineString","coordinates":[[139.023278,35.781581],[139.023197,35.781617],[139.023023,35.78168],[139.022975,35.781697],[139.022916,35.781706],[139.022873,35.781706],[139.022822,35.781703],[139.022693,35.781661],[139.02226,35.781464],[139.021979,35.781372],[139.021915,35.781354],[139.021835,35.781336],[139.021748,35.781334],[139.02168,35.781348],[139.02162,35.781371],[139.021557,35.781399],[139.02132,35.78153],[139.021163,35.781613],[139.021085,35.781641],[139.021006,35.781657],[139.020914,35.781669],[139.020805,35.78167],[139.020704,35.781661]]}},{"type":"Feature","properties":{"id":146029644,"highway":"trunk"},"geometry":{"type":"LineString","coordinates":[[139.064861,35.79482],[139.064334,35.794655],[139.064057,35.794568],[139.063944,35.794522],[139.063785,35.794431],[139.06361,35.794335],[139.063483,35.794274],[139.063374,35.794226],[139.063272,35.79421],[139.063089,35.794209],[139.062829,35.794214]]}},{"type":"Feature","properties":{"id":146029645,"highway":"trunk"},"geometry":{"type":"LineString","coordinates":[[139.074498,35.795852],[139.074383,35.795778],[139.074287,35.795703],[139.074225,35.795637],[139.07417,35.795564],[139.074115,35.795487],[139.074047,35.795386],[139.073929,35.795142],[139.073821,35.794951],[139.073704,35.794684],[139.073605,35.79442],[139.073564,35.794331],[139.073485,35.794213],[139.073255,35.793917],[139.073188,35.79385],[139.073115,35.793787],[139.073051,35.793751],[139.072976,35.793718],[139.072885,35.793687]]}},{"type":"Feature","properties":{"id":146029646,"highway":"trunk"},"geometry":{"type":"LineString","coordinates":[[139.072473,35.793599],[139.072391,35.793592],[139.072309,35.793606],[139.072218,35.793627],[139.072102,35.793673],[139.071972,35.793724],[139.071551,35.79388],[139.071384,35.79395],[139.071187,35.794032],[139.07107,35.794071],[139.070919,35.794116],[139.070817,35.794138],[139.070747,35.794164],[139.070664,35.794205],[139.070338,35.794373],[139.070244,35.794404],[139.070167,35.794411],[139.069952,35.794412],[139.069855,35.794418],[139.069778,35.794434],[139.069699,35.794455],[139.06964,35.794474],[139.069581,35.794508],[139.069473,35.794579],[139.069424,35.794622],[139.069359,35.794672],[139.069298,35.794705],[139.069233,35.794723],[139.069156,35.794729],[139.068987,35.794729]]}},{"type":"Feature","properties":{"id":146029648,"highway":"trunk"},"geometry":{"type":"LineString","coordinates":[[139.059595,35.794179],[139.059511,35.794132],[139.059419,35.794072],[139.059355,35.794028],[139.059123,35.793792],[139.058939,35.793589],[139.058595,35.793232],[139.058482,35.793106],[139.058417,35.793076],[139.058326,35.793065],[139.058253,35.793067],[139.058168,35.793088],[139.058107,35.793116],[139.058041,35.793168],[139.05794,35.793275],[139.057813,35.793433],[139.057708,35.793568],[139.057645,35.793701],[139.057597,35.793846],[139.057575,35.79402],[139.057567,35.7941],[139.057525,35.794182],[139.057484,35.794238],[139.05743,35.794272],[139.057374,35.794298],[139.05729,35.794311],[139.057223,35.794309]]}},{"type":"Feature","properties":{"id":146029651,"highway":"trunk"},"geometry":{"type":"LineString","coordinates":[[139.046838,35.794209],[139.046765,35.79416],[139.046629,35.794046],[139.046598,35.794017],[139.046486,35.793914]]}},{"type":"Feature","properties":{"id":146029652,"highway":"trunk"},"geometry":{"type":"LineString","coordinates":[[139.028497,35.782596],[139.027692,35.782091],[139.027642,35.782067],[139.027582,35.782053],[139.027522,35.782047],[139.027227,35.782065],[139.027101,35.782066],[139.027014,35.78206],[139.026909,35.782042]]}},{"type":"Feature","properties":{"id":146029653,"highway":"trunk"},"geometry":{"type":"LineString","coordinates":[[139.031119,35.783646],[139.03105,35.783611],[139.030984,35.783591],[139.030917,35.783584],[139.030831,35.783596],[139.030218,35.783705],[139.030136,35.783707],[139.030071,35.783694],[139.030019,35.783664],[139.029925,35.783595],[139.029808,35.783507]]}},{"type":"Feature","properties":{"id":146029654,"highway":"trunk"},"geometry":{"type":"LineString","coordinates":[[139.081908,35.799426],[139.081836,35.799432],[139.081735,35.799425],[139.081626,35.799405],[139.081549,35.799379],[139.081456,35.799341],[139.081293,35.799263]]}},{"type":"Feature","properties":{"id":146029655,"highway":"trunk"},"geometry":{"type":"LineString","coordinates":[[139.084581,35.800867],[139.084576,35.800854],[139.084561,35.80078],[139.084555,35.800703],[139.084557,35.800627],[139.084575,35.800545],[139.084634,35.800368],[139.084665,35.800228],[139.084681,35.800129],[139.084681,35.800039],[139.084678,35.799929],[139.084605,35.79935],[139.084579,35.799226],[139.084545,35.799138],[139.084494,35.799062],[139.08444,35.799],[139.084368,35.798938],[139.084286,35.798883],[139.084204,35.798843],[139.084099,35.798811],[139.083992,35.79879],[139.083892,35.798785],[139.0838,35.798792],[139.083696,35.798806],[139.083576,35.798839],[139.083462,35.798885],[139.083331,35.798953],[139.083213,35.799025],[139.083039,35.799138],[139.082931,35.799195]]}},{"type":"Feature","properties":{"id":146029666,"highway":"trunk"},"geometry":{"type":"LineString","coordinates":[[139.025576,35.781799],[139.025519,35.781785],[139.025473,35.781773],[139.025431,35.781752],[139.025387,35.781725],[139.025357,35.781689],[139.025336,35.781637],[139.025287,35.781462],[139.02525,35.781309],[139.025225,35.781256],[139.025171,35.781207],[139.025103,35.781158],[139.025042,35.781127],[139.024958,35.781103],[139.024846,35.781096],[139.024654,35.781108],[139.024448,35.781125],[139.024353,35.781139],[139.024265,35.781162],[139.024198,35.781187],[139.024095,35.781227]]}},{"type":"Feature","properties":{"id":146029897,"highway":"trunk"},"geometry":{"type":"LineString","coordinates":[[139.067068,35.794697],[139.065725,35.794843]]}},{"type":"Feature","properties":{"id":146029929,"highway":"trunk"},"geometry":{"type":"LineString","coordinates":[[139.072885,35.793687],[139.072473,35.793599]]}},{"type":"Feature","properties":{"id":146030054,"highway":"service"},"geometry":{"type":"LineString","coordinates":[[139.048812,35.792653],[139.048936,35.792545]]}},{"type":"Feature","properties":{"id":146030056,"highway":"service"},"geometry":{"type":"LineString","coordinates":[[139.050376,35.78806],[139.050484,35.788135],[139.050536,35.788193],[139.050567,35.788258],[139.051033,35.791309]]}},{"type":"Feature","properties":{"id":146030059,"highway":"secondary"},"geometry":{"type":"LineString","coordinates":[[139.047857,35.793141],[139.047756,35.793185],[139.047687,35.793244],[139.047368,35.793677],[139.047169,35.793941],[139.047137,35.793996],[139.04713,35.794031],[139.047139,35.794082],[139.047212,35.794255]]}},{"type":"Feature","properties":{"id":146030066,"highway":"service"},"geometry":{"type":"LineString","coordinates":[[139.051715,35.785462],[139.051709,35.78567],[139.0517,35.785828],[139.051594,35.785954],[139.051487,35.786026],[139.051447,35.786138],[139.051448,35.786337],[139.051446,35.786376],[139.051434,35.786417],[139.051375,35.786498],[139.050991,35.786903],[139.050923,35.786953],[139.050852,35.786984],[139.050769,35.787002],[139.050681,35.787006],[139.050598,35.786995],[139.050464,35.786944],[139.050397,35.786925],[139.050321,35.786925],[139.049949,35.787052],[139.049913,35.787077],[139.049885,35.787111],[139.049864,35.787145],[139.049862,35.787187],[139.049885,35.787233],[139.050063,35.787399],[139.050105,35.787458],[139.050119,35.787511],[139.050091,35.787669],[139.050107,35.787846],[139.050227,35.787965],[139.050376,35.78806]]}},{"type":"Feature","properties":{"id":146030071,"highway":"service"},"geometry":{"type":"LineString","coordinates":[[139.053729,35.775785],[139.053623,35.775925],[139.053597,35.776011],[139.053627,35.776194],[139.053669,35.776385],[139.053661,35.776475],[139.05353,35.776638],[139.053522,35.776766],[139.053456,35.776909],[139.053162,35.777179],[139.052982,35.777403],[139.052888,35.777562],[139.052787,35.77766],[139.052713,35.777811],[139.052604,35.777948],[139.052601,35.778083],[139.052652,35.778352],[139.052511,35.778594],[139.052474,35.778675],[139.052521,35.778749],[139.052752,35.778848],[139.052823,35.778913],[139.052876,35.779147],[139.0529,35.779231],[139.053053,35.77937],[139.053104,35.77953],[139.053381,35.77976],[139.053527,35.779927],[139.053508,35.780013],[139.053444,35.780089],[139.053216,35.780194],[139.053029,35.780407],[139.052853,35.780619],[139.052665,35.780854],[139.052561,35.780938],[139.052366,35.781189],[139.052136,35.781411],[139.052109,35.781499],[139.052141,35.781586],[139.052217,35.781668],[139.052321,35.781745],[139.052553,35.781903],[139.052848,35.782073],[139.053282,35.7821],[139.053635,35.782078],[139.053788,35.782135],[139.053854,35.78221],[139.053858,35.782295],[139.053831,35.782358],[139.053762,35.782395],[139.053674,35.782426],[139.053598,35.782472],[139.05354,35.782529],[139.053461,35.78265],[139.053236,35.782729],[139.052847,35.782815],[139.052317,35.782853],[139.052177,35.782918],[139.051836,35.783159],[139.051659,35.783386],[139.051582,35.783518],[139.05162,35.783705],[139.051669,35.783843],[139.051655,35.783966],[139.051443,35.78417],[139.051343,35.784333],[139.051325,35.78446],[139.051454,35.784706],[139.051474,35.785055],[139.051493,35.785173],[139.051715,35.785462]]}},{"type":"Feature","properties":{"id":146030077,"highway":"service"},"geometry":{"type":"LineString","coordinates":[[139.051033,35.791309],[139.050963,35.791335],[139.050899,35.791385],[139.05079,35.791533],[139.050754,35.791571],[139.050702,35.791601],[139.050489,35.791682],[139.050341,35.79174],[139.050145,35.791875],[139.050013,35.791936],[139.049947,35.791955],[139.049807,35.791961],[139.049714,35.791962],[139.049628,35.791977],[139.049552,35.792024]]}},{"type":"Feature","properties":{"id":146030085,"highway":"service"},"geometry":{"type":"LineString","coordinates":[[139.049552,35.792024],[139.048936,35.792545]]}},{"type":"Feature","properties":{"id":146030109,"highway":"secondary"},"geometry":{"type":"LineString","coordinates":[[139.047857,35.793141],[139.047939,35.793133],[139.048019,35.793136],[139.04839,35.793171],[139.048472,35.793171],[139.048555,35.793155],[139.048617,35.793131],[139.04867,35.793099],[139.048716,35.793049],[139.048816,35.7928],[139.048828,35.79276],[139.048829,35.79272],[139.048824,35.792684],[139.048812,35.792653]]}},{"type":"Feature","properties":{"id":146030122,"highway":"residential"},"geometry":{"type":"LineString","coordinates":[[139.081626,35.799405],[139.081469,35.799624],[139.081411,35.799987],[139.081307,35.800222],[139.081216,35.800355],[139.081011,35.800527],[139.080725,35.800707],[139.080299,35.800885],[139.080059,35.801002],[139.079919,35.80105],[139.079866,35.80103],[139.079694,35.800987],[139.079469,35.800974],[139.079321,35.801006],[139.079249,35.801036],[139.079176,35.801019],[139.079163,35.800954],[139.079153,35.800899],[139.079196,35.800865],[139.079344,35.800847],[139.079539,35.800809],[139.079661,35.800751],[139.079775,35.800693]]}},{"type":"Feature","properties":{"id":146030160,"highway":"unclassified"},"geometry":{"type":"LineString","coordinates":[[139.056664,35.791809],[139.056536,35.791733],[139.0562,35.791601],[139.056048,35.791544],[139.055975,35.791511],[139.0559,35.791448],[139.055858,35.791397],[139.055821,35.79135],[139.055772,35.791257],[139.055737,35.791189],[139.055692,35.791048],[139.055657,35.790927],[139.055634,35.790823],[139.055622,35.790726],[139.05561,35.790641],[139.055606,35.790534],[139.055608,35.79045]]}},{"type":"Feature","properties":{"id":146030163,"highway":"residential"},"geometry":{"type":"LineString","coordinates":[[139.043318,35.796282],[139.043428,35.796305],[139.043489,35.796332],[139.043701,35.796483],[139.043769,35.796518],[139.043865,35.796529],[139.043973,35.796534],[139.044067,35.796519],[139.044178,35.796485],[139.044252,35.796452],[139.044339,35.796389],[139.044385,35.79633],[139.044412,35.796261],[139.044394,35.796186],[139.044396,35.796065],[139.044419,35.796004],[139.044429,35.795918]]}},{"type":"Feature","properties":{"id":146030173,"highway":"residential"},"geometry":{"type":"LineString","coordinates":[[139.088233,35.800438],[139.088046,35.80027],[139.087759,35.799974],[139.08777,35.799887],[139.087799,35.799841],[139.088006,35.799674],[139.088052,35.799615],[139.088172,35.799484],[139.088314,35.799464],[139.088463,35.79947],[139.088529,35.799441],[139.088625,35.799298],[139.088633,35.799132],[139.088678,35.799062],[139.088781,35.799056],[139.088863,35.799101],[139.088863,35.799159],[139.088835,35.799253],[139.088813,35.799357],[139.088854,35.799486],[139.088887,35.799635],[139.088914,35.799783],[139.089013,35.799864],[139.088813,35.799998],[139.088671,35.800089],[139.088532,35.800181],[139.088233,35.800438],[139.088085,35.800652],[139.087687,35.801007],[139.087531,35.801321],[139.087351,35.801531],[139.08707,35.801653],[139.087052,35.801794]]}},{"type":"Feature","properties":{"id":146030220,"highway":"unclassified"},"geometry":{"type":"LineString","coordinates":[[139.084222,35.799191],[139.0842,35.799204],[139.084181,35.799225],[139.084141,35.799278],[139.084122,35.799295],[139.084086,35.799312],[139.083983,35.799318],[139.083939,35.799332],[139.083851,35.799395],[139.083788,35.799453],[139.083764,35.799491],[139.083715,35.799592],[139.08362,35.799779],[139.083614,35.799857],[139.08362,35.799914],[139.083629,35.799959],[139.083658,35.800015],[139.083701,35.800073],[139.083746,35.800127],[139.083758,35.800153],[139.083755,35.800181],[139.083736,35.800207],[139.083705,35.800219],[139.08367,35.800221],[139.083638,35.800206],[139.083616,35.800188],[139.0836,35.800169],[139.083591,35.800148],[139.083578,35.800102],[139.083533,35.799969],[139.083358,35.799704],[139.083307,35.799647],[139.083227,35.799629],[139.083177,35.799652],[139.083148,35.799695],[139.083136,35.799781],[139.083325,35.800083]]}},{"type":"Feature","properties":{"id":146030232,"highway":"unclassified"},"geometry":{"type":"LineString","coordinates":[[139.078927,35.798061],[139.078948,35.798019],[139.078939,35.797969],[139.078916,35.797894],[139.078903,35.797837],[139.078886,35.797749],[139.078881,35.79768],[139.078892,35.797595],[139.078904,35.79752],[139.07892,35.797418],[139.078943,35.797293],[139.078956,35.797221],[139.078968,35.797189],[139.078988,35.79715],[139.079015,35.79712],[139.079053,35.797086],[139.079205,35.796962],[139.079229,35.796936],[139.079244,35.79691],[139.079247,35.796871],[139.079228,35.796831],[139.079138,35.796732],[139.07905,35.796646],[139.079039,35.796614],[139.079048,35.796576],[139.079098,35.796534],[139.079152,35.796506],[139.079199,35.796476],[139.079236,35.796434],[139.07924,35.796392],[139.079232,35.796369],[139.079224,35.796345],[139.079199,35.796323],[139.079168,35.796299],[139.079089,35.796255],[139.079005,35.79621],[139.078912,35.796164],[139.078869,35.79614],[139.078835,35.796117],[139.078805,35.796091],[139.078782,35.796057],[139.078734,35.79599],[139.078692,35.795922],[139.078643,35.795846],[139.078621,35.795814],[139.078594,35.795781],[139.078515,35.795719],[139.078353,35.795591],[139.078133,35.795425]]}},{"type":"Feature","properties":{"id":146030376,"highway":"service"},"geometry":{"type":"LineString","coordinates":[[139.055643,35.789892],[139.055647,35.789825],[139.055668,35.789254],[139.055667,35.789168],[139.055652,35.789089],[139.055592,35.789025],[139.055537,35.788986],[139.055477,35.788946],[139.055339,35.788896],[139.055255,35.788876],[139.055055,35.788887],[139.054835,35.788946],[139.0547,35.788986],[139.054467,35.78919],[139.054339,35.789361],[139.054146,35.789507],[139.053972,35.789783]]}},{"type":"Feature","properties":{"id":146030455,"highway":"tertiary"},"geometry":{"type":"LineString","coordinates":[[139.04244,35.789819],[139.042528,35.789862],[139.042584,35.789897],[139.042632,35.78994],[139.042713,35.790049],[139.042751,35.790087],[139.042795,35.790116],[139.042856,35.790141],[139.04323,35.790256],[139.043277,35.790279],[139.043322,35.79031],[139.043377,35.790351],[139.043404,35.790377],[139.043725,35.790696],[139.043791,35.790751],[139.043864,35.790792],[139.043937,35.790819],[139.044004,35.790837],[139.044445,35.790898],[139.044503,35.79091],[139.044553,35.790928],[139.044597,35.790952],[139.044636,35.790981],[139.044683,35.791027],[139.044879,35.791225],[139.044927,35.791264],[139.044995,35.791308],[139.045052,35.791343],[139.045107,35.791373],[139.045258,35.791435],[139.045452,35.791471],[139.045608,35.791491],[139.045727,35.791492],[139.045837,35.791497],[139.046099,35.791542],[139.046347,35.791593],[139.046419,35.791608],[139.046563,35.79163],[139.046661,35.791645],[139.046721,35.791655],[139.04679,35.7917],[139.047135,35.79201],[139.047552,35.792324],[139.047627,35.792364],[139.047713,35.792405],[139.047758,35.792411],[139.047972,35.79243],[139.048161,35.792446]]}},{"type":"Feature","properties":{"id":146030486,"highway":"service"},"geometry":{"type":"LineString","coordinates":[[139.00002,35.796501],[139.000442,35.79663]]}},{"type":"Feature","properties":{"id":146030487,"highway":"residential"},"geometry":{"type":"LineString","coordinates":[[139.074207,35.795378],[139.074247,35.795398],[139.074276,35.795418],[139.074301,35.795444],[139.07432,35.795473],[139.074358,35.795604],[139.074371,35.795654],[139.074388,35.795685],[139.074413,35.795708],[139.074431,35.795723],[139.074459,35.795732],[139.074514,35.795743],[139.074548,35.795745],[139.074776,35.795714],[139.074837,35.795719],[139.074895,35.795733],[139.074945,35.795762],[139.074989,35.795798],[139.075041,35.795867],[139.075078,35.7959],[139.075115,35.795926],[139.07515,35.795947],[139.0752,35.795965],[139.075249,35.795965],[139.07534,35.795953],[139.075438,35.795935],[139.075506,35.795928],[139.075559,35.795931],[139.075594,35.795941],[139.075624,35.795951],[139.075679,35.795976],[139.075788,35.796031],[139.075914,35.79609],[139.075953,35.796118],[139.075989,35.796151],[139.07606,35.796218],[139.076079,35.796234],[139.076106,35.796247],[139.076131,35.796254],[139.076162,35.796259],[139.076283,35.796259],[139.076391,35.796266],[139.07647,35.796281],[139.07656,35.796308],[139.076645,35.796341],[139.07672,35.79638],[139.076772,35.796411],[139.076828,35.796458],[139.077068,35.796645],[139.077112,35.796672],[139.077174,35.796699],[139.077299,35.796732],[139.077358,35.796747],[139.07741,35.796768],[139.077435,35.796779],[139.077455,35.796794],[139.07749,35.796828],[139.07751,35.796853],[139.077524,35.796882],[139.077528,35.796983],[139.077536,35.797079],[139.077562,35.797134],[139.077585,35.797172],[139.077663,35.797276],[139.07771,35.797326],[139.077726,35.797349],[139.077734,35.797379],[139.077732,35.797401],[139.077719,35.797424],[139.077693,35.797454],[139.077665,35.79749],[139.077622,35.797574],[139.077586,35.797654],[139.077569,35.797729],[139.077561,35.797798],[139.077555,35.797893],[139.077553,35.797995],[139.077541,35.798197],[139.077528,35.798446],[139.07753,35.79852],[139.077543,35.798574],[139.077557,35.798622],[139.077607,35.79875],[139.077646,35.79883],[139.077667,35.798876],[139.077682,35.798917],[139.077688,35.798973],[139.077681,35.79902],[139.077663,35.799071],[139.077615,35.799179],[139.077607,35.79923]]}},{"type":"Feature","properties":{"id":146030488,"highway":"service"},"geometry":{"type":"LineString","coordinates":[[139.052594,35.789748],[139.053113,35.789541]]}},{"type":"Feature","properties":{"id":146030496,"highway":"unclassified"},"geometry":{"type":"LineString","coordinates":[[139.093056,35.79719],[139.092974,35.797089]]}},{"type":"Feature","properties":{"id":146030499,"highway":"unclassified"},"geometry":{"type":"LineString","coordinates":[[139.057504,35.792291],[139.05832,35.792753]]}},{"type":"Feature","properties":{"id":146030502,"highway":"unclassified"},"geometry":{"type":"LineString","coordinates":[[139.056664,35.791809],[139.057504,35.792291]]}},{"type":"Feature","properties":{"id":146030567,"highway":"tertiary"},"geometry":{"type":"LineString","coordinates":[[139.02197,35.765764],[139.022255,35.765503]]}},{"type":"Feature","properties":{"id":146030596,"highway":"residential"},"geometry":{"type":"LineString","coordinates":[[139.061056,35.792629],[139.061117,35.792666]]}},{"type":"Feature","properties":{"id":146030609,"highway":"residential"},"geometry":{"type":"LineString","coordinates":[[139.044429,35.795918],[139.04439,35.795814],[139.044415,35.795684],[139.044516,35.795355],[139.044666,35.795156],[139.044792,35.795056],[139.044894,35.79506],[139.044998,35.795149],[139.045154,35.795179],[139.045339,35.795205],[139.045453,35.795125],[139.045557,35.795002],[139.045684,35.794896],[139.045904,35.794865],[139.046035,35.794823],[139.046138,35.794755],[139.046249,35.794561],[139.046469,35.794377],[139.046838,35.794209]]}},{"type":"Feature","properties":{"id":146030651,"highway":"service"},"geometry":{"type":"LineString","coordinates":[[139.050341,35.79174],[139.050551,35.792199],[139.050628,35.792368],[139.050727,35.792454],[139.050858,35.792533],[139.051086,35.792577],[139.051474,35.792585],[139.051842,35.792522],[139.051974,35.792469],[139.052093,35.79242],[139.052199,35.792367],[139.052254,35.792298],[139.052316,35.792225],[139.052323,35.792083],[139.052274,35.791808],[139.052198,35.791595],[139.052129,35.791453],[139.05209,35.791405],[139.052012,35.791357],[139.051909,35.791334],[139.051817,35.791318]]}},{"type":"Feature","properties":{"id":146030686,"highway":"residential"},"geometry":{"type":"LineString","coordinates":[[139.056917,35.794299],[139.056833,35.793976],[139.05679,35.793893],[139.056694,35.793787],[139.056583,35.793641],[139.056514,35.793509],[139.056469,35.793425],[139.056417,35.793316],[139.056363,35.79319],[139.056418,35.793087],[139.056532,35.792957],[139.05658,35.792878],[139.056579,35.792762],[139.05657,35.792656],[139.056591,35.792545],[139.056626,35.792438],[139.056629,35.79232],[139.056611,35.792257],[139.056562,35.792243],[139.056518,35.792241],[139.05647,35.792254],[139.056442,35.792283],[139.056432,35.792332],[139.056445,35.792512],[139.056444,35.792593],[139.056418,35.792766],[139.056383,35.792838],[139.056324,35.792905],[139.056175,35.792972],[139.056067,35.793026],[139.056029,35.793082],[139.056014,35.793142],[139.05606,35.793308],[139.056107,35.793464],[139.05612,35.793537],[139.056116,35.793707]]}},{"type":"Feature","properties":{"id":146030710,"highway":"unclassified"},"geometry":{"type":"LineString","coordinates":[[139.024715,35.763055],[139.024546,35.763032],[139.024438,35.763023],[139.02434,35.763024],[139.024227,35.763035],[139.023875,35.763152],[139.023732,35.763184],[139.023595,35.763212],[139.023442,35.763232],[139.023099,35.763266],[139.023007,35.763264],[139.022894,35.7633],[139.022752,35.763392],[139.022494,35.763594],[139.022406,35.763674],[139.022372,35.763761],[139.022354,35.763925],[139.022354,35.764204],[139.022388,35.764488],[139.022416,35.764663],[139.022437,35.76475],[139.022495,35.764851],[139.022545,35.764933]]}},{"type":"Feature","properties":{"id":146030804,"highway":"residential"},"geometry":{"type":"LineString","coordinates":[[139.049147,35.794853],[139.04909,35.794829],[139.049033,35.794826],[139.048888,35.794839],[139.048758,35.794814],[139.048392,35.794626],[139.048295,35.794609],[139.048205,35.794638],[139.048177,35.794699],[139.04812,35.794732],[139.04799,35.794773],[139.047847,35.794812],[139.047661,35.794845],[139.047096,35.794926],[139.046787,35.794902],[139.046617,35.794917],[139.04651,35.795008],[139.046378,35.795162],[139.04629,35.795213],[139.046111,35.795219],[139.045709,35.79531],[139.045433,35.795386],[139.04531,35.795383],[139.045067,35.795333],[139.044991,35.795325],[139.044871,35.79536],[139.044565,35.795639],[139.044562,35.795833],[139.044511,35.795913],[139.044429,35.795918]]}},{"type":"Feature","properties":{"id":146030858,"highway":"unclassified"},"geometry":{"type":"LineString","coordinates":[[139.045343,35.783622],[139.045081,35.783719],[139.044839,35.783842],[139.044601,35.784061]]}},{"type":"Feature","properties":{"id":146030884,"highway":"unclassified"},"geometry":{"type":"LineString","coordinates":[[139.079538,35.789245],[139.079534,35.789257],[139.079525,35.789328],[139.079527,35.789398],[139.079534,35.789464],[139.079548,35.789595],[139.079557,35.789736],[139.079566,35.790009],[139.079559,35.790195],[139.079537,35.790327],[139.079512,35.79045],[139.079475,35.790503],[139.079432,35.790557],[139.079382,35.790611],[139.079337,35.790662],[139.079304,35.790717],[139.079287,35.79077],[139.079284,35.79081],[139.079283,35.790925],[139.079286,35.791046],[139.079282,35.791124],[139.079272,35.791165],[139.079241,35.791217],[139.079196,35.791269],[139.079137,35.79133],[139.079049,35.791428],[139.078995,35.791513],[139.078945,35.79163],[139.078875,35.791792],[139.078758,35.792066],[139.078728,35.792133],[139.078706,35.792169],[139.078668,35.792199],[139.078618,35.792228],[139.078574,35.792256],[139.078499,35.792322],[139.078445,35.79237],[139.0784,35.792415],[139.078337,35.792482],[139.078295,35.792517],[139.078244,35.792552],[139.078178,35.792584],[139.07814,35.792618],[139.078121,35.792663],[139.078116,35.792709],[139.078092,35.79303],[139.07808,35.793081],[139.078051,35.793128],[139.077949,35.793233],[139.077837,35.793374],[139.077774,35.793458],[139.077722,35.793537],[139.077704,35.793624],[139.077695,35.793689],[139.077679,35.793804],[139.077669,35.793835],[139.077653,35.793861],[139.077607,35.79391],[139.077562,35.793963],[139.077524,35.794009],[139.077393,35.794225],[139.077341,35.794308],[139.077282,35.794403],[139.077229,35.794511],[139.077215,35.794557],[139.077217,35.794598],[139.077226,35.794633],[139.07724,35.794661],[139.077267,35.794704],[139.077303,35.794745],[139.077349,35.794786],[139.077473,35.794902],[139.0776,35.795013],[139.077724,35.795121],[139.077791,35.795181],[139.077857,35.795228],[139.077999,35.795327],[139.078133,35.795425]]}},{"type":"Feature","properties":{"id":146030939,"highway":"unclassified"},"geometry":{"type":"LineString","coordinates":[[139.077714,35.786626],[139.077684,35.786652],[139.077684,35.786702],[139.077693,35.786738],[139.077768,35.786859],[139.077835,35.78698],[139.077849,35.787022],[139.077854,35.787064],[139.077844,35.787106],[139.077828,35.787124],[139.077802,35.787143],[139.077732,35.787167],[139.077529,35.78722],[139.077433,35.787245],[139.077365,35.78727],[139.077299,35.7873],[139.077232,35.787337],[139.077161,35.787388],[139.077089,35.787467],[139.077056,35.78751],[139.076949,35.787603],[139.07692,35.787622],[139.076874,35.787637],[139.076835,35.787641],[139.076766,35.787625],[139.076703,35.787601],[139.076633,35.787574],[139.076583,35.787549],[139.076554,35.787529],[139.076529,35.787504],[139.076513,35.787471],[139.076509,35.787429],[139.076521,35.787382],[139.076538,35.787339],[139.076613,35.787234],[139.076701,35.787112],[139.07675,35.787011],[139.076813,35.786892],[139.076878,35.786774],[139.076952,35.786647],[139.077013,35.78655],[139.077055,35.786492],[139.077109,35.786431],[139.077149,35.786395],[139.077229,35.78633],[139.077312,35.786269],[139.077442,35.786201],[139.077527,35.786153],[139.077609,35.786097],[139.077649,35.786069],[139.077676,35.786043],[139.077684,35.786011],[139.077679,35.785982],[139.077643,35.785846],[139.077603,35.785705],[139.077599,35.785643],[139.077605,35.785593],[139.077619,35.785535],[139.077699,35.785332],[139.077746,35.785245],[139.077769,35.785218],[139.077811,35.785193],[139.077934,35.785171],[139.078084,35.785149]]}},{"type":"Feature","properties":{"id":146031060,"highway":"unclassified"},"geometry":{"type":"LineString","coordinates":[[139.042777,35.785268],[139.042615,35.785481],[139.042588,35.785574],[139.042625,35.785626],[139.042754,35.785632],[139.043163,35.785304],[139.043599,35.784983],[139.043733,35.784852],[139.043766,35.784715],[139.043816,35.784591],[139.043934,35.784447],[139.043964,35.784331],[139.044063,35.784066],[139.044227,35.783792],[139.044464,35.783558],[139.044758,35.783333],[139.045002,35.783134],[139.045294,35.782949],[139.045431,35.782906],[139.045513,35.782896],[139.04556,35.782939],[139.045633,35.78306],[139.045692,35.783215],[139.045708,35.783308],[139.045716,35.783358],[139.045692,35.783452],[139.045603,35.78351],[139.045343,35.783622]]}},{"type":"Feature","properties":{"id":146031551,"highway":"tertiary"},"geometry":{"type":"LineString","coordinates":[[139.023124,35.764551],[139.023204,35.764588],[139.023329,35.764675],[139.023365,35.764763]]}},{"type":"Feature","properties":{"id":146031704,"highway":"residential"},"geometry":{"type":"LineString","coordinates":[[139.078133,35.795425],[139.078324,35.795767],[139.078464,35.795902],[139.078511,35.795947]]}},{"type":"Feature","properties":{"id":146032208,"highway":"residential"},"geometry":{"type":"LineString","coordinates":[[139.055643,35.789892],[139.055747,35.789913],[139.055766,35.789951],[139.055761,35.790001],[139.055729,35.790109],[139.055711,35.790184],[139.055708,35.790279],[139.055719,35.790364],[139.05573,35.790445],[139.055756,35.790561],[139.055813,35.790787],[139.05584,35.790926],[139.055897,35.791152],[139.055915,35.791193],[139.055933,35.791234],[139.055971,35.791294],[139.056022,35.791359],[139.056061,35.791395],[139.056128,35.791437],[139.056301,35.791532],[139.056497,35.791606],[139.056607,35.791625],[139.056693,35.791632],[139.056927,35.791631],[139.056975,35.791626],[139.057037,35.791608],[139.057089,35.791583],[139.057169,35.791541],[139.057383,35.791383],[139.057436,35.791329],[139.057495,35.791273],[139.057537,35.791242],[139.057594,35.791212],[139.05769,35.791172],[139.057736,35.791158],[139.057782,35.791156],[139.05782,35.791164],[139.057861,35.791182],[139.057894,35.791214],[139.057928,35.791254],[139.057994,35.79136],[139.058193,35.79158],[139.058338,35.791756],[139.058354,35.791797],[139.05836,35.791837],[139.058362,35.791868],[139.058351,35.791908],[139.058337,35.791932],[139.058314,35.791956],[139.058261,35.791989],[139.058197,35.792026],[139.058066,35.792118],[139.058032,35.792152],[139.058016,35.792183],[139.058013,35.792229],[139.058023,35.79226],[139.058039,35.792289],[139.058062,35.792307],[139.058131,35.792338],[139.05818,35.792342],[139.058258,35.792345],[139.058498,35.792343],[139.058534,35.792347],[139.058569,35.792355],[139.05861,35.792373],[139.058646,35.7924],[139.058691,35.792475],[139.058718,35.792518],[139.058746,35.792552],[139.058865,35.792657],[139.058981,35.792761],[139.058999,35.792789],[139.059017,35.792827],[139.059053,35.792907],[139.059104,35.79297],[139.059162,35.793026],[139.059239,35.793062],[139.059313,35.793078],[139.059359,35.793075],[139.059415,35.793067],[139.059491,35.793054],[139.059548,35.793042],[139.0596,35.793041],[139.059644,35.793047],[139.059682,35.793055],[139.059796,35.793082],[139.059865,35.793097],[139.059961,35.793113],[139.060025,35.793121],[139.060107,35.793119],[139.060197,35.793107],[139.0603,35.793088],[139.060442,35.793056],[139.060589,35.793014],[139.060726,35.792957],[139.0608,35.792926],[139.060895,35.792869],[139.060969,35.792815],[139.061039,35.79276],[139.061117,35.792666],[139.061213,35.792547],[139.061353,35.792373],[139.061408,35.792301],[139.061472,35.792214],[139.061587,35.792015],[139.06165,35.791912],[139.061698,35.791837],[139.061763,35.791763],[139.061831,35.791687],[139.061912,35.791624],[139.062006,35.791553],[139.062096,35.791498],[139.062218,35.791464],[139.062341,35.79143],[139.062413,35.791412],[139.062487,35.791403],[139.062612,35.791404],[139.062687,35.791419],[139.062747,35.79145],[139.062792,35.791485],[139.062811,35.791531],[139.062818,35.791583],[139.062814,35.791627],[139.06281,35.791686],[139.062795,35.791742],[139.062758,35.791797],[139.062702,35.791859],[139.062665,35.791902],[139.062641,35.791944],[139.062624,35.792027],[139.06258,35.792236],[139.062553,35.792354],[139.062548,35.792409],[139.062553,35.792464],[139.062561,35.792506],[139.062584,35.792571],[139.062613,35.792614],[139.062645,35.792652],[139.062738,35.792721],[139.062907,35.792847],[139.062933,35.792878],[139.062956,35.792935],[139.062966,35.792979],[139.062983,35.793023],[139.063075,35.793127],[139.063132,35.793187],[139.063193,35.793288],[139.063219,35.793395],[139.063244,35.793481],[139.063271,35.793529],[139.063304,35.793571],[139.063351,35.79361],[139.063419,35.793643],[139.0637,35.793741],[139.063759,35.793766],[139.063821,35.793801],[139.063984,35.793905],[139.064249,35.79404],[139.064414,35.794122],[139.064528,35.794162],[139.064617,35.794188],[139.064803,35.794233],[139.06495,35.794256],[139.065059,35.794266],[139.065169,35.794269],[139.065262,35.794264],[139.065328,35.79425],[139.065382,35.794226],[139.065547,35.79411],[139.065677,35.794012],[139.065787,35.793912],[139.06583,35.793851],[139.06584,35.793774],[139.065855,35.793696],[139.065883,35.793598],[139.065945,35.79346],[139.066001,35.793325],[139.066097,35.79305],[139.066134,35.792943],[139.066178,35.792831],[139.066256,35.792631],[139.066275,35.792587],[139.066301,35.79254],[139.066318,35.792523],[139.066344,35.792516],[139.066387,35.792515],[139.06642,35.792528],[139.066475,35.792563],[139.066533,35.792609],[139.066586,35.792654],[139.066622,35.792694],[139.066654,35.792736]]}},{"type":"Feature","properties":{"id":146032711,"highway":"residential"},"geometry":{"type":"LineString","coordinates":[[139.083022,35.799422],[139.083012,35.799505],[139.082996,35.799562],[139.082972,35.799622],[139.082932,35.799712],[139.08291,35.799759],[139.08288,35.799808],[139.082809,35.799939],[139.082738,35.800067],[139.082683,35.80025],[139.082654,35.800356],[139.082626,35.800462],[139.082592,35.800571],[139.082555,35.800683],[139.082514,35.800724],[139.08245,35.800766],[139.082348,35.800836],[139.082322,35.800863],[139.082307,35.800884],[139.082274,35.800935],[139.082223,35.801021],[139.082143,35.801147],[139.082069,35.801258],[139.082034,35.801301],[139.081994,35.801344],[139.081934,35.801385],[139.081854,35.801428],[139.081726,35.801479],[139.081331,35.801648],[139.08123,35.801688],[139.081085,35.801749],[139.080795,35.801871],[139.080651,35.801924],[139.080495,35.80198],[139.08042,35.802005],[139.080342,35.802028],[139.080073,35.80208],[139.079928,35.802103],[139.079756,35.802123],[139.079605,35.802139],[139.079491,35.802183],[139.079352,35.802267],[139.079257,35.802303],[139.078853,35.802422],[139.078762,35.802493],[139.078682,35.802559],[139.078626,35.802596],[139.078561,35.802634],[139.078522,35.802663],[139.078493,35.802691],[139.078451,35.802751],[139.078412,35.802809],[139.078395,35.802825],[139.078371,35.802842]]}},{"type":"Feature","properties":{"id":146032774,"highway":"residential"},"geometry":{"type":"LineString","coordinates":[[139.066654,35.792736],[139.066691,35.792835],[139.066712,35.792861],[139.066733,35.792886],[139.066794,35.792941],[139.066815,35.792953],[139.06685,35.79297],[139.066901,35.792983],[139.066974,35.792997],[139.067039,35.793012],[139.067061,35.793023],[139.067081,35.793035],[139.067121,35.793068],[139.067153,35.793086],[139.067188,35.7931],[139.067222,35.793107],[139.067254,35.793109],[139.067326,35.793107],[139.067371,35.793113],[139.067413,35.793121],[139.067472,35.793143],[139.067528,35.793167],[139.067642,35.793223],[139.067776,35.793308],[139.067881,35.793413],[139.067934,35.793461],[139.067969,35.793482],[139.06801,35.793495],[139.068055,35.7935],[139.06814,35.793501],[139.068191,35.793509],[139.068233,35.793526],[139.068485,35.793644],[139.068646,35.793717],[139.068795,35.79379],[139.068851,35.793816],[139.068989,35.7939],[139.069019,35.793914],[139.069066,35.793921],[139.069113,35.793919],[139.069143,35.793916],[139.069169,35.793909],[139.069248,35.793857],[139.069321,35.793816],[139.069354,35.793806],[139.069391,35.793806],[139.069432,35.793818],[139.069477,35.793842],[139.069534,35.793878],[139.069586,35.793908],[139.069626,35.793921],[139.069677,35.793928],[139.069737,35.793933],[139.069797,35.793935],[139.070007,35.793935],[139.070091,35.793943],[139.070183,35.793964],[139.070283,35.793976],[139.070338,35.793971],[139.070405,35.793957],[139.070506,35.793918],[139.070575,35.79389],[139.070632,35.793864],[139.070709,35.793797],[139.070742,35.79377],[139.070772,35.79376],[139.070803,35.793754],[139.070835,35.793759],[139.070862,35.793765],[139.070962,35.793796],[139.071007,35.793797],[139.071053,35.793786],[139.07111,35.793768],[139.071281,35.793701],[139.07145,35.793654],[139.071623,35.793603],[139.071677,35.793584],[139.071738,35.793559],[139.071856,35.793497],[139.071931,35.793454],[139.072001,35.793405],[139.072125,35.793331],[139.072239,35.793286],[139.072464,35.793196],[139.072569,35.793152],[139.072651,35.793131],[139.072702,35.793127],[139.072763,35.793134],[139.072817,35.793159],[139.072892,35.793192],[139.073033,35.793261],[139.073083,35.793282],[139.073247,35.793332],[139.073299,35.793351],[139.07336,35.793401],[139.073386,35.793441],[139.073399,35.7935],[139.07339,35.79354],[139.073364,35.793645],[139.073365,35.793685],[139.073376,35.793724],[139.0734,35.793773],[139.073528,35.793988],[139.073592,35.7941],[139.073639,35.794218],[139.073667,35.794281],[139.073713,35.794427],[139.073757,35.794558],[139.073803,35.794682],[139.07384,35.794757],[139.073888,35.794832],[139.073946,35.794905],[139.073981,35.794946],[139.074011,35.794987],[139.074018,35.795033],[139.074015,35.795083],[139.074014,35.795123],[139.074032,35.795182],[139.07406,35.79525],[139.074072,35.795282],[139.074096,35.795314],[139.074126,35.79534],[139.074163,35.795358],[139.074207,35.795378]]}},{"type":"Feature","properties":{"id":146032811,"highway":"unclassified"},"geometry":{"type":"LineString","coordinates":[[139.084532,35.799709],[139.084493,35.79973],[139.084454,35.799776],[139.084434,35.7998],[139.084413,35.799864],[139.084351,35.800026],[139.084316,35.800115],[139.084302,35.800145],[139.08428,35.800175],[139.084254,35.800195],[139.084223,35.800214],[139.084171,35.800246],[139.084151,35.800267],[139.084135,35.800289],[139.084112,35.800324],[139.084109,35.800993],[139.084104,35.801107],[139.084071,35.801312],[139.08398,35.80156],[139.083976,35.801618],[139.083995,35.801712],[139.084009,35.80175],[139.084024,35.801792],[139.084013,35.80193],[139.084002,35.802009],[139.083992,35.802089],[139.083988,35.802135],[139.083993,35.802163],[139.084006,35.802184],[139.084025,35.802213],[139.084055,35.802233],[139.084145,35.802271],[139.084326,35.802357],[139.084483,35.802439],[139.084656,35.802548],[139.084792,35.802645],[139.084976,35.80279],[139.085078,35.802876],[139.085131,35.802927],[139.085152,35.802955],[139.085165,35.802979],[139.085206,35.803093],[139.085245,35.803213],[139.085277,35.803299],[139.085311,35.80334],[139.085338,35.803352],[139.085372,35.803359],[139.085494,35.803361],[139.085551,35.803372],[139.085633,35.8034],[139.08566,35.803413],[139.085687,35.803433],[139.085734,35.803479],[139.085781,35.803526],[139.085816,35.803575],[139.085871,35.803709],[139.085892,35.803734],[139.085929,35.803757],[139.085969,35.803763],[139.086014,35.803755],[139.086071,35.803739],[139.086156,35.803723],[139.086227,35.803721],[139.086262,35.803734],[139.086298,35.803747],[139.086366,35.803778],[139.086566,35.803888],[139.086641,35.803892],[139.086787,35.80382],[139.086935,35.803753],[139.08712,35.803749],[139.087214,35.803784],[139.087291,35.803819],[139.08743,35.803784],[139.087701,35.803681],[139.087913,35.80357],[139.088102,35.803389],[139.088308,35.803289],[139.088553,35.803189],[139.088852,35.803],[139.089107,35.80287],[139.08926,35.802788],[139.089465,35.80268],[139.089604,35.802603],[139.089629,35.802582],[139.089677,35.802582],[139.089713,35.802571]]}},{"type":"Feature","properties":{"id":146032891,"highway":"residential"},"geometry":{"type":"LineString","coordinates":[[139.049315,35.79514],[139.049497,35.795164],[139.04956,35.79518],[139.049612,35.795212],[139.049688,35.795285],[139.049787,35.795472]]}},{"type":"Feature","properties":{"id":146034344,"highway":"service"},"geometry":{"type":"LineString","coordinates":[[139.047857,35.793141],[139.047752,35.793019],[139.046937,35.792308],[139.046877,35.792257],[139.046303,35.791781],[139.046119,35.791629],[139.04609,35.791585],[139.046099,35.791542]]}},{"type":"Feature","properties":{"id":146034384,"highway":"service"},"geometry":{"type":"LineString","coordinates":[[139.051817,35.791318],[139.051336,35.791285],[139.051033,35.791309]]}},{"type":"Feature","properties":{"id":146034393,"highway":"tertiary"},"geometry":{"type":"LineString","coordinates":[[139.046598,35.794017],[139.047169,35.793941]]}},{"type":"Feature","properties":{"id":146034402,"highway":"service"},"geometry":{"type":"LineString","coordinates":[[139.049199,35.794844],[139.049267,35.794832],[139.049352,35.794811],[139.049548,35.79474],[139.049622,35.794721],[139.049704,35.794704],[139.049939,35.794681]]}},{"type":"Feature","properties":{"id":146034411,"highway":"residential"},"geometry":{"type":"LineString","coordinates":[[139.048272,35.794827],[139.048537,35.794916],[139.048682,35.794971],[139.048843,35.795083],[139.049121,35.79513],[139.049315,35.79514]]}},{"type":"Feature","properties":{"id":146034429,"highway":"tertiary"},"geometry":{"type":"LineString","coordinates":[[139.022545,35.764933],[139.022617,35.764789],[139.02266,35.764715],[139.022711,35.764657],[139.022801,35.764577]]}},{"type":"Feature","properties":{"id":146034446,"highway":"unclassified"},"geometry":{"type":"LineString","coordinates":[[139.084665,35.800228],[139.084617,35.800181],[139.084595,35.800133],[139.084579,35.800055],[139.084552,35.799884],[139.084544,35.799811],[139.084532,35.799709]]}},{"type":"Feature","properties":{"id":146035422,"highway":"residential"},"geometry":{"type":"LineString","coordinates":[[139.077607,35.79923],[139.077668,35.799148],[139.077699,35.799115],[139.077725,35.799081],[139.077743,35.799044],[139.077756,35.799005],[139.077759,35.798951],[139.077753,35.798883],[139.077706,35.798785],[139.077676,35.798713],[139.077653,35.798632],[139.077644,35.798548],[139.077647,35.798466],[139.077667,35.798293],[139.077683,35.798194],[139.077811,35.797824]]}},{"type":"Feature","properties":{"id":146035548,"highway":"unclassified"},"geometry":{"type":"LineString","coordinates":[[139.079506,35.789045],[139.079462,35.789053],[139.079418,35.789078],[139.079323,35.789148],[139.079259,35.789199],[139.079164,35.789263],[139.079105,35.789297],[139.079025,35.789331],[139.078903,35.789387],[139.078859,35.78942],[139.078831,35.789454],[139.078816,35.789486],[139.078817,35.789516],[139.07886,35.789599],[139.078896,35.789676],[139.078908,35.789719],[139.078912,35.78977],[139.078899,35.789821],[139.078865,35.789857],[139.078834,35.789873],[139.078792,35.789878],[139.078757,35.789876],[139.078723,35.789859],[139.078706,35.789837],[139.078694,35.789811],[139.078688,35.789766],[139.078686,35.789597],[139.078681,35.78944],[139.078685,35.789394],[139.078699,35.789357],[139.078723,35.789311],[139.078767,35.789271],[139.078795,35.78925],[139.078833,35.78923],[139.078886,35.789188],[139.078928,35.789143],[139.078967,35.789074],[139.079001,35.788994],[139.079024,35.788915],[139.079099,35.788753],[139.079202,35.788544],[139.079315,35.788319],[139.079367,35.788222],[139.079432,35.788121],[139.079492,35.788048],[139.079568,35.78796],[139.079704,35.78784],[139.07977,35.787805],[139.07986,35.787766],[139.07992,35.787732],[139.079998,35.787675],[139.080172,35.787533],[139.080186,35.787497],[139.080188,35.787475],[139.080185,35.787458],[139.080178,35.787442],[139.080159,35.787425],[139.080138,35.787409],[139.080109,35.787398],[139.080071,35.787389],[139.080037,35.787387],[139.08001,35.787388],[139.079978,35.787396],[139.07994,35.787414],[139.07991,35.787432],[139.079761,35.787533],[139.07972,35.78756],[139.079673,35.787589],[139.079643,35.787601],[139.07959,35.787609],[139.079536,35.787603],[139.079508,35.78759],[139.079495,35.787581],[139.079484,35.787568],[139.079476,35.787555],[139.079473,35.787538],[139.079476,35.78752],[139.079484,35.787502],[139.079507,35.78748],[139.079607,35.787425],[139.079749,35.787356],[139.079802,35.787324],[139.079879,35.787274],[139.080015,35.78717],[139.080048,35.787149],[139.080072,35.787137],[139.080103,35.787129],[139.080158,35.787125],[139.080253,35.787128],[139.080307,35.78713],[139.080343,35.787127],[139.080378,35.78712],[139.080401,35.787104],[139.080413,35.787087],[139.080423,35.787071],[139.080424,35.787054],[139.080422,35.78704],[139.080414,35.787027],[139.080401,35.787014],[139.080387,35.787002],[139.080362,35.786994],[139.080329,35.786985],[139.08029,35.786982],[139.080247,35.786978],[139.080158,35.786982],[139.08006,35.786989],[139.07996,35.787008],[139.079867,35.787038],[139.079778,35.787073],[139.079719,35.787102],[139.079668,35.787129],[139.079588,35.787179],[139.079525,35.787212],[139.079495,35.787226],[139.079458,35.787232],[139.079433,35.787228],[139.079409,35.787215],[139.079386,35.787194],[139.079294,35.787099],[139.079243,35.787034],[139.079192,35.78698],[139.079163,35.786956],[139.079126,35.786925],[139.079114,35.786916],[139.079093,35.786909],[139.079006,35.786886],[139.078904,35.786861],[139.078755,35.786819],[139.078624,35.786781],[139.078579,35.786764],[139.078521,35.786748],[139.078458,35.786735],[139.078407,35.786735],[139.078366,35.786745],[139.078348,35.786758],[139.078339,35.786771],[139.078332,35.78679],[139.078332,35.786808],[139.078334,35.786839],[139.07834,35.786867],[139.078391,35.786959],[139.078432,35.787047],[139.078462,35.787132],[139.078474,35.787177],[139.07848,35.787223],[139.078474,35.787256],[139.078461,35.787285],[139.07844,35.787316],[139.078408,35.787343],[139.078364,35.78737],[139.07812,35.787471],[139.077927,35.787563],[139.077834,35.787609],[139.077782,35.787632],[139.077752,35.787641],[139.077717,35.787633],[139.077688,35.787615],[139.077671,35.787592],[139.077665,35.787573],[139.077673,35.787536],[139.077706,35.787501],[139.077764,35.787467],[139.077881,35.787398],[139.078017,35.787297]]}},{"type":"Feature","properties":{"id":146035646,"highway":"unclassified"},"geometry":{"type":"LineString","coordinates":[[139.05832,35.792753],[139.05851,35.792901],[139.058617,35.793021],[139.05886,35.793299],[139.059221,35.793716],[139.059306,35.793842],[139.059394,35.793974],[139.059419,35.794072]]}},{"type":"Feature","properties":{"id":146035670,"highway":"residential"},"geometry":{"type":"LineString","coordinates":[[139.048735,35.79491],[139.049025,35.794971],[139.049046,35.794971],[139.049081,35.794962],[139.049129,35.794945],[139.04916,35.794928],[139.049165,35.794885],[139.049147,35.794853]]}},{"type":"Feature","properties":{"id":146035675,"highway":"unclassified"},"geometry":{"type":"LineString","coordinates":[[139.078017,35.787297],[139.078053,35.78726],[139.078084,35.78722],[139.078087,35.787189],[139.078081,35.78716],[139.07806,35.787126],[139.077933,35.786988],[139.077882,35.786936],[139.077847,35.786883],[139.077816,35.78681],[139.077789,35.78672],[139.077762,35.786676],[139.077743,35.786644],[139.077714,35.786626]]}},{"type":"Feature","properties":{"id":146035686,"highway":"residential"},"geometry":{"type":"LineString","coordinates":[[139.078255,35.802888],[139.078222,35.802889],[139.078196,35.802885],[139.078173,35.802875],[139.078156,35.80286],[139.07814,35.802826],[139.078118,35.802731],[139.078113,35.802646],[139.078132,35.802556],[139.078173,35.802444],[139.078241,35.802317],[139.078284,35.802254],[139.07833,35.802192],[139.078411,35.802096],[139.078478,35.802012],[139.078525,35.801953],[139.078547,35.801911],[139.078554,35.801867],[139.078547,35.801835],[139.078531,35.801818],[139.07851,35.801802],[139.078469,35.801777],[139.078326,35.801713],[139.078236,35.801672],[139.078129,35.801618],[139.07807,35.801588],[139.078018,35.801554],[139.077945,35.801494],[139.077868,35.801412],[139.077797,35.801318],[139.077764,35.801271],[139.077741,35.801234],[139.077734,35.8012],[139.077732,35.801159],[139.077741,35.80109],[139.07775,35.800992],[139.077746,35.800958],[139.077708,35.800893],[139.077666,35.800828],[139.077614,35.800754],[139.077566,35.80068],[139.077543,35.800637],[139.077517,35.800584],[139.077504,35.800536],[139.077485,35.800475],[139.077473,35.800432],[139.07747,35.800383],[139.077469,35.800343],[139.077472,35.800299],[139.077493,35.800226],[139.077523,35.80013],[139.077522,35.800077],[139.077518,35.800025],[139.07751,35.799979],[139.077489,35.799934],[139.077466,35.799911],[139.077438,35.799889],[139.07739,35.799866],[139.077333,35.799837],[139.077285,35.799803],[139.077222,35.799715],[139.077164,35.799636],[139.077155,35.799616],[139.07715,35.799582],[139.077156,35.799548],[139.07717,35.799517],[139.07719,35.799482],[139.077224,35.799448],[139.077273,35.79943],[139.077392,35.799406],[139.077446,35.79939],[139.077497,35.799366],[139.077545,35.799324],[139.077584,35.799278],[139.077607,35.79923]]}},{"type":"Feature","properties":{"id":146039028,"highway":"trunk"},"geometry":{"type":"LineString","coordinates":[[139.033224,35.784658],[139.031119,35.783646]]}},{"type":"Feature","properties":{"id":146042008,"highway":"trunk"},"geometry":{"type":"LineString","coordinates":[[139.026909,35.782042],[139.025576,35.781799]]}},{"type":"Feature","properties":{"id":146042055,"highway":"trunk"},"geometry":{"type":"LineString","coordinates":[[139.062829,35.794214],[139.059763,35.794221]]}},{"type":"Feature","properties":{"id":146042078,"highway":"trunk"},"geometry":{"type":"LineString","coordinates":[[139.044049,35.783528],[139.044113,35.783564],[139.044187,35.783627],[139.044385,35.783835],[139.044514,35.783957]]}},{"type":"Feature","properties":{"id":146042109,"highway":"trunk"},"geometry":{"type":"LineString","coordinates":[[139.016108,35.778495],[139.016109,35.778414],[139.016087,35.77833],[139.016053,35.778277]]}},{"type":"Feature","properties":{"id":146042148,"highway":"trunk"},"geometry":{"type":"LineString","coordinates":[[139.077637,35.797754],[139.074498,35.795852]]}},{"type":"Feature","properties":{"id":146042172,"highway":"trunk"},"geometry":{"type":"LineString","coordinates":[[139.079024,35.798098],[139.078983,35.798078],[139.078927,35.798061],[139.07885,35.798043]]}},{"type":"Feature","properties":{"id":146042199,"highway":"trunk"},"geometry":{"type":"LineString","coordinates":[[139.077905,35.797848],[139.077811,35.797824],[139.077718,35.797798],[139.077637,35.797754]]}},{"type":"Feature","properties":{"id":146042299,"highway":"trunk"},"geometry":{"type":"LineString","coordinates":[[139.068987,35.794729],[139.067509,35.794677]]}},{"type":"Feature","properties":{"id":146042312,"highway":"trunk"},"geometry":{"type":"LineString","coordinates":[[139.008673,35.779272],[139.007751,35.779137]]}},{"type":"Feature","properties":{"id":146042389,"highway":"trunk"},"geometry":{"type":"LineString","coordinates":[[139.024095,35.781227],[139.023278,35.781581]]}},{"type":"Feature","properties":{"id":146042411,"highway":"trunk"},"geometry":{"type":"LineString","coordinates":[[139.082931,35.799195],[139.082836,35.799227],[139.081982,35.799416],[139.081908,35.799426]]}},{"type":"Feature","properties":{"id":146042422,"highway":"trunk"},"geometry":{"type":"LineString","coordinates":[[139.07885,35.798043],[139.077905,35.797848]]}},{"type":"Feature","properties":{"id":146042466,"highway":"trunk"},"geometry":{"type":"LineString","coordinates":[[139.016085,35.77981],[139.016097,35.779197],[139.016108,35.778495]]}},{"type":"Feature","properties":{"id":146042493,"highway":"trunk"},"geometry":{"type":"LineString","coordinates":[[139.029808,35.783507],[139.028497,35.782596]]}},{"type":"Feature","properties":{"id":146042512,"highway":"trunk"},"geometry":{"type":"LineString","coordinates":[[139.067509,35.794677],[139.067068,35.794697]]}},{"type":"Feature","properties":{"id":146042521,"highway":"trunk"},"geometry":{"type":"LineString","coordinates":[[139.081293,35.799263],[139.079024,35.798098]]}},{"type":"Feature","properties":{"id":146042582,"highway":"trunk"},"geometry":{"type":"LineString","coordinates":[[139.056848,35.794297],[139.052498,35.793925]]}},{"type":"Feature","properties":{"id":146042644,"highway":"trunk"},"geometry":{"type":"LineString","coordinates":[[139.020704,35.781661],[139.019324,35.78136],[139.017886,35.78097]]}},{"type":"Feature","properties":{"id":146042687,"highway":"trunk"},"geometry":{"type":"LineString","coordinates":[[139.046486,35.793914],[139.042582,35.790196]]}},{"type":"Feature","properties":{"id":146042697,"highway":"trunk"},"geometry":{"type":"LineString","coordinates":[[139.034498,35.785574],[139.034447,35.785629],[139.034375,35.785666],[139.034307,35.785691],[139.034229,35.785696],[139.034153,35.785682],[139.034076,35.785624]]}},{"type":"Feature","properties":{"id":146042856,"highway":"residential"},"geometry":{"type":"LineString","coordinates":[[139.016109,35.778414],[139.015996,35.778359],[139.015905,35.778313],[139.015801,35.778267],[139.015692,35.778235],[139.015492,35.778189],[139.015378,35.778163],[139.015302,35.778159],[139.015163,35.77816],[139.015051,35.778162],[139.014927,35.778165],[139.014856,35.778171],[139.014694,35.778195],[139.014481,35.778245],[139.014299,35.778293],[139.014257,35.778299],[139.01419,35.778297],[139.014121,35.778288],[139.014088,35.778291],[139.01399,35.778326],[139.013835,35.778354],[139.013741,35.778379],[139.013588,35.778414],[139.013433,35.778454],[139.013382,35.778475],[139.01335,35.778495],[139.01328,35.778552],[139.013204,35.778599],[139.013045,35.778668],[139.01286,35.778764],[139.012789,35.778825],[139.012759,35.778875],[139.012751,35.778914],[139.012739,35.778973],[139.012727,35.779033],[139.012717,35.779102]]}},{"type":"Feature","properties":{"id":146043245,"highway":"secondary"},"geometry":{"type":"LineString","coordinates":[[139.005589,35.773525],[139.004672,35.773166]]}},{"type":"Feature","properties":{"id":146043450,"highway":"tertiary"},"geometry":{"type":"LineString","coordinates":[[139.020208,35.767761],[139.020305,35.767843],[139.020416,35.767851],[139.020515,35.767779],[139.020572,35.767655],[139.020605,35.767553],[139.020607,35.767456],[139.02058,35.767348],[139.020459,35.767088],[139.020469,35.766915],[139.020534,35.766773],[139.020686,35.766684],[139.021244,35.766537],[139.021331,35.7665],[139.021422,35.766433],[139.021522,35.766336],[139.021723,35.766008],[139.02197,35.765764]]}},{"type":"Feature","properties":{"id":146043542,"highway":"unclassified"},"geometry":{"type":"LineString","coordinates":[[139.02527,35.763171],[139.025301,35.76318]]}},{"type":"Feature","properties":{"id":146043662,"highway":"residential"},"geometry":{"type":"LineString","coordinates":[[139.002794,35.777331],[139.002852,35.777281],[139.002927,35.777189],[139.002979,35.777118],[139.003072,35.776987],[139.003185,35.776736],[139.003224,35.776651],[139.003255,35.776598],[139.00329,35.776548],[139.003319,35.776518],[139.003355,35.776481],[139.003426,35.776424],[139.003488,35.776389],[139.003559,35.776357],[139.003595,35.776346],[139.003637,35.776345],[139.003674,35.776347],[139.003703,35.776354],[139.003734,35.776365],[139.003781,35.776386],[139.003814,35.776409],[139.003848,35.776432],[139.003989,35.776548],[139.004016,35.776586],[139.00403,35.776624],[139.004048,35.776677],[139.004052,35.776718],[139.004066,35.776759],[139.004082,35.776796],[139.004101,35.776824],[139.004125,35.776853],[139.004165,35.776883],[139.00421,35.776916],[139.0043,35.776975],[139.004386,35.777033],[139.004472,35.777092],[139.004549,35.777142],[139.004612,35.777189],[139.004638,35.777208],[139.004658,35.777229],[139.004688,35.777274],[139.004697,35.777314],[139.004696,35.777358],[139.004693,35.777448],[139.004683,35.777493],[139.004667,35.777534],[139.004632,35.777626],[139.004611,35.777658],[139.004584,35.777681],[139.004563,35.777717],[139.004556,35.77775],[139.004538,35.777844],[139.004532,35.777884],[139.004522,35.777903],[139.004504,35.777924],[139.004468,35.777948],[139.004419,35.777974],[139.004355,35.778008],[139.004323,35.778032],[139.0043,35.778054],[139.004287,35.778085],[139.004276,35.778153],[139.004286,35.778194],[139.004281,35.77824],[139.004251,35.77832],[139.004205,35.778401]]}},{"type":"Feature","properties":{"id":146044912,"highway":"residential"},"geometry":{"type":"LineString","coordinates":[[139.025301,35.76318],[139.025292,35.763223],[139.025121,35.763455],[139.024975,35.763567],[139.024586,35.76375],[139.024271,35.763802],[139.024115,35.763829],[139.023764,35.763903],[139.02364,35.763975],[139.023466,35.764043],[139.023345,35.764102],[139.023317,35.764156],[139.023366,35.764373],[139.023465,35.764565],[139.023533,35.76469],[139.023546,35.764794],[139.023468,35.765297],[139.023447,35.765625],[139.023444,35.76617],[139.023431,35.766213],[139.02342,35.76623],[139.023364,35.766233]]}},{"type":"Feature","properties":{"id":146045174,"highway":"unclassified"},"geometry":{"type":"LineString","coordinates":[[139.091318,35.801468],[139.091357,35.801377],[139.091418,35.801315],[139.091485,35.801257],[139.091528,35.801217],[139.091574,35.801142],[139.091599,35.801063],[139.091646,35.800964],[139.091743,35.800657],[139.091771,35.800618],[139.091822,35.800582],[139.091851,35.800549],[139.091871,35.8005],[139.091874,35.800446],[139.091865,35.800362],[139.091876,35.800198],[139.091899,35.800027],[139.091935,35.799833],[139.091991,35.799694],[139.092043,35.799601],[139.092095,35.799506],[139.092162,35.799415],[139.092238,35.799341],[139.092304,35.799291],[139.092383,35.799256],[139.092443,35.799214],[139.09255,35.79912],[139.092631,35.799042],[139.092667,35.798971],[139.092733,35.798894],[139.092795,35.798806],[139.092816,35.798709],[139.092849,35.798583],[139.092859,35.79844],[139.092879,35.798343],[139.092881,35.798248],[139.092906,35.798138],[139.092918,35.798071],[139.092919,35.798024],[139.092929,35.797975],[139.092967,35.797861],[139.092962,35.797718],[139.09296,35.797579],[139.092959,35.7975],[139.092982,35.797441],[139.092998,35.797392],[139.093032,35.797357],[139.093066,35.797321],[139.093087,35.797296],[139.093101,35.797253],[139.093056,35.79719]]}},{"type":"Feature","properties":{"id":146045386,"highway":"unclassified"},"geometry":{"type":"LineString","coordinates":[[139.024715,35.763055],[139.02527,35.763171]]}},{"type":"Feature","properties":{"id":146047636,"highway":"residential"},"geometry":{"type":"LineString","coordinates":[[139.021873,35.760478],[139.021794,35.760585],[139.021698,35.760638],[139.021692,35.760668],[139.021776,35.7607],[139.021892,35.76075],[139.022651,35.760886],[139.022804,35.760971],[139.022853,35.76101],[139.022876,35.761066],[139.022837,35.761136],[139.022825,35.761189],[139.022859,35.761224],[139.022962,35.761247],[139.023066,35.761236],[139.023274,35.761131],[139.023562,35.761201],[139.02371,35.761235],[139.024354,35.761255],[139.024515,35.761168],[139.02459,35.761168],[139.024637,35.761187],[139.02465,35.761223],[139.024661,35.76142],[139.024678,35.761449],[139.024714,35.761454],[139.024766,35.761443],[139.024897,35.761364],[139.024969,35.761231]]}},{"type":"Feature","properties":{"id":146048584,"highway":"residential"},"geometry":{"type":"LineString","coordinates":[[139.015259,35.77763],[139.015398,35.777561],[139.015487,35.777534],[139.015545,35.777522],[139.01563,35.77749],[139.01575,35.777468],[139.016053,35.777417],[139.016671,35.777409],[139.017124,35.777327],[139.017523,35.777306],[139.017776,35.777236],[139.018068,35.777117],[139.018275,35.777005],[139.018623,35.776837],[139.018831,35.776775],[139.01901,35.776707],[139.019287,35.776581],[139.019499,35.776514],[139.019767,35.776517],[139.020006,35.776589],[139.020144,35.776629],[139.02033,35.776724],[139.020406,35.776781],[139.020807,35.777169],[139.02098,35.77735],[139.021222,35.777576],[139.02125,35.777585],[139.021269,35.777582],[139.021292,35.777575],[139.0213,35.77755],[139.021289,35.777447]]}},{"type":"Feature","properties":{"id":146050853,"highway":"tertiary"},"geometry":{"type":"LineString","coordinates":[[139.022801,35.764577],[139.022916,35.764544],[139.023027,35.764536],[139.023124,35.764551]]}},{"type":"Feature","properties":{"id":146051329,"highway":"tertiary"},"geometry":{"type":"LineString","coordinates":[[139.023365,35.764763],[139.023373,35.764874],[139.02336,35.765119],[139.023361,35.765524],[139.023343,35.765882],[139.023334,35.766212],[139.023364,35.766233]]}},{"type":"Feature","properties":{"id":146051398,"highway":"residential"},"geometry":{"type":"LineString","coordinates":[[139.025383,35.759513],[139.025469,35.759783],[139.025466,35.75986],[139.02542,35.75998],[139.025435,35.760168],[139.025491,35.760303],[139.025691,35.760528],[139.025805,35.760761],[139.025848,35.760855],[139.025913,35.761271],[139.025996,35.761525],[139.026165,35.761691],[139.026209,35.761781],[139.026178,35.761916],[139.026098,35.762036],[139.026104,35.762111],[139.026156,35.762316],[139.026196,35.762418],[139.026181,35.762466],[139.026112,35.762556],[139.025986,35.762653],[139.025903,35.762743],[139.02586,35.762935],[139.025851,35.76303],[139.025781,35.763125],[139.025689,35.76318],[139.025567,35.763216],[139.025301,35.76318]]}},{"type":"Feature","properties":{"id":146051402,"highway":"tertiary"},"geometry":{"type":"LineString","coordinates":[[139.022255,35.765503],[139.02242,35.765358],[139.022465,35.765293],[139.022476,35.765255],[139.022493,35.765109],[139.022545,35.764933]]}},{"type":"Feature","properties":{"id":146069972,"highway":"trunk"},"geometry":{"type":"LineString","coordinates":[[139.044049,35.783528],[139.043999,35.783505],[139.043948,35.783493],[139.043889,35.783491],[139.043795,35.783499],[139.043528,35.783574],[139.043403,35.783615],[139.043286,35.783669],[139.043183,35.783725],[139.042802,35.783971],[139.04269,35.784019],[139.042548,35.784063],[139.042213,35.784163],[139.042041,35.784225],[139.041968,35.784243],[139.041885,35.784249],[139.041693,35.784244],[139.041548,35.78424],[139.04129,35.784236],[139.04112,35.784247],[139.040997,35.784261],[139.040674,35.784327],[139.040594,35.784333],[139.040519,35.784331],[139.040409,35.784308],[139.040216,35.784255],[139.040117,35.784241],[139.040005,35.784247],[139.03969,35.784294],[139.039532,35.7843],[139.039277,35.784269],[139.038916,35.784205],[139.038563,35.78411],[139.038176,35.784045],[139.037824,35.784013],[139.037714,35.783997],[139.037585,35.783957],[139.037302,35.783858],[139.03698,35.783776],[139.036811,35.783705],[139.036609,35.783534],[139.03645,35.783396],[139.036135,35.783147],[139.036023,35.783036],[139.035947,35.782913],[139.035844,35.782705],[139.035725,35.782565],[139.035651,35.782515],[139.035562,35.78249],[139.035398,35.782468],[139.03513,35.78243],[139.035043,35.782429],[139.034961,35.782451],[139.034905,35.782482],[139.034828,35.782569],[139.034631,35.78284],[139.034602,35.782899],[139.034585,35.782955],[139.034579,35.783031],[139.03458,35.783091],[139.034592,35.783266],[139.034583,35.783351],[139.034562,35.783444],[139.03454,35.783509],[139.034391,35.783824],[139.034338,35.783979],[139.034304,35.784131],[139.034295,35.784243],[139.034298,35.784318],[139.03432,35.784394],[139.034455,35.784595],[139.034534,35.78473],[139.034595,35.784852],[139.034614,35.784935],[139.034621,35.785049],[139.034603,35.7852],[139.034566,35.7854],[139.034529,35.785516],[139.034498,35.785574]]}},{"type":"Feature","properties":{"id":146069975,"highway":"trunk"},"geometry":{"type":"LineString","coordinates":[[139.004022,35.778266],[139.002949,35.777463]]}},{"type":"Feature","properties":{"id":146069978,"highway":"trunk"},"geometry":{"type":"LineString","coordinates":[[139.000473,35.775612],[138.999903,35.776051],[138.999629,35.776263],[138.999454,35.776409],[138.999375,35.776526],[138.999291,35.776761],[138.999225,35.776924]]}},{"type":"Feature","properties":{"id":146071514,"highway":"trunk"},"geometry":{"type":"LineString","coordinates":[[139.034076,35.785624],[139.034047,35.785581],[139.034015,35.785519],[139.033949,35.785316],[139.033891,35.785108],[139.033873,35.785052],[139.033839,35.785004],[139.033792,35.784948],[139.033678,35.784879],[139.033668,35.784873],[139.033224,35.784658]]}},{"type":"Feature","properties":{"id":146158237,"highway":"secondary"},"geometry":{"type":"LineString","coordinates":[[139.005589,35.773525],[139.005789,35.773598],[139.005917,35.773641],[139.006131,35.773701],[139.006326,35.773747],[139.007105,35.773913],[139.007253,35.773945],[139.00739,35.774001],[139.007472,35.774055],[139.007539,35.774118],[139.007574,35.774164],[139.007599,35.774214],[139.007621,35.774267],[139.007637,35.77432],[139.007914,35.775746],[139.007946,35.775841],[139.00799,35.77593],[139.008022,35.775974],[139.008054,35.776014],[139.008094,35.776051],[139.00814,35.776083],[139.00823,35.776134],[139.00832,35.77617],[139.008451,35.776217],[139.009048,35.776374],[139.009215,35.776408],[139.00935,35.77641],[139.009452,35.776395],[139.009525,35.776364],[139.009586,35.776337],[139.009652,35.776299],[139.009713,35.776256],[139.00992,35.776125],[139.010122,35.775996],[139.010235,35.775911],[139.010342,35.775825],[139.010845,35.775384],[139.010977,35.775282],[139.011037,35.775244],[139.011096,35.775222],[139.011192,35.775202],[139.011285,35.775191],[139.011359,35.775197],[139.011426,35.775208],[139.011558,35.775232],[139.011682,35.775246],[139.011795,35.775252],[139.011875,35.775246],[139.011947,35.775232],[139.012004,35.775213],[139.01206,35.775177],[139.012097,35.775142],[139.012135,35.775093],[139.012165,35.775038],[139.012177,35.774985],[139.01219,35.774896],[139.012221,35.774748],[139.012237,35.774648],[139.012252,35.774611],[139.012285,35.774554],[139.012332,35.774505],[139.012385,35.774466],[139.012465,35.774428],[139.012548,35.774407],[139.012616,35.774398],[139.0127,35.774399],[139.012765,35.774408],[139.012823,35.774426],[139.012868,35.774451],[139.012924,35.774492],[139.013186,35.774739],[139.013287,35.774822],[139.013394,35.774901],[139.013501,35.77496],[139.013606,35.775007],[139.0137,35.77503],[139.013834,35.775033],[139.013943,35.775024],[139.014043,35.774998],[139.014152,35.774955],[139.014296,35.774914],[139.014417,35.774891],[139.014483,35.774894],[139.014536,35.774904],[139.014617,35.77493],[139.014694,35.774978],[139.014757,35.775036],[139.014853,35.775113],[139.0149,35.775147],[139.014957,35.775179],[139.015002,35.775201],[139.015056,35.775215],[139.015106,35.775225],[139.015164,35.775227],[139.015208,35.775224],[139.015259,35.775213],[139.015315,35.775196],[139.015371,35.775174],[139.01549,35.775102],[139.015634,35.774995],[139.015719,35.774931],[139.015765,35.774887],[139.015812,35.774837],[139.015839,35.774785],[139.015864,35.774712],[139.015873,35.774646],[139.015871,35.774568],[139.015873,35.774468],[139.015871,35.774384],[139.015876,35.774319],[139.015897,35.774244],[139.01593,35.774189],[139.015987,35.774136],[139.016066,35.774095],[139.016134,35.774072],[139.016242,35.774057],[139.016354,35.774055],[139.016617,35.774047],[139.016803,35.774035],[139.016942,35.774018],[139.017085,35.773982],[139.017188,35.773942],[139.017321,35.773877],[139.017429,35.773817],[139.017552,35.773738],[139.017672,35.773657],[139.017775,35.773577],[139.017822,35.773517],[139.017848,35.773463],[139.017861,35.773411],[139.017861,35.773368],[139.017856,35.773317],[139.017841,35.77327],[139.017806,35.773183],[139.017549,35.772746],[139.017406,35.772534],[139.01734,35.772425],[139.017311,35.772372],[139.017285,35.772316],[139.017262,35.772242],[139.017267,35.772163],[139.017288,35.772102],[139.017326,35.772048],[139.017357,35.772014],[139.017416,35.771981],[139.017502,35.771953],[139.017584,35.771942],[139.017636,35.77194],[139.01768,35.771945],[139.017772,35.771964],[139.018096,35.772086],[139.018264,35.772142],[139.01842,35.772172],[139.018538,35.772174],[139.018641,35.77216],[139.018815,35.772105],[139.019001,35.772027],[139.019168,35.771949],[139.019352,35.771881],[139.019545,35.771838],[139.019927,35.771775],[139.020058,35.771745],[139.020178,35.771701],[139.020269,35.771649],[139.020347,35.771601],[139.020395,35.771561],[139.020421,35.771519],[139.020439,35.771455],[139.020442,35.771416],[139.020427,35.771367],[139.020403,35.771325],[139.020377,35.771286],[139.020321,35.771225],[139.020248,35.77116],[139.020164,35.771082],[139.020097,35.771008],[139.020069,35.770949],[139.020039,35.770857],[139.020021,35.770712],[139.019993,35.770536],[139.019974,35.770344],[139.019969,35.770239],[139.019972,35.770174],[139.019982,35.770107],[139.02001,35.769987],[139.020059,35.769839],[139.020113,35.769705],[139.020155,35.769566],[139.020166,35.769468],[139.020161,35.769419],[139.020153,35.769369],[139.020122,35.769275],[139.020082,35.769215],[139.02003,35.769153],[139.019915,35.769039],[139.019792,35.768928],[139.019543,35.768709],[139.019185,35.768406],[139.019072,35.768301],[139.019014,35.768241],[139.018972,35.768172],[139.018942,35.768094],[139.018941,35.768025],[139.018957,35.767958],[139.018983,35.767901],[139.019034,35.767835],[139.019113,35.767776],[139.019161,35.76775],[139.019214,35.76773],[139.019318,35.767711],[139.019414,35.767708],[139.019561,35.767722],[139.019694,35.767742],[139.019954,35.767771],[139.020082,35.767775],[139.020158,35.76777],[139.020208,35.767761],[139.020266,35.767736],[139.02031,35.767701],[139.020349,35.767655],[139.020379,35.76761],[139.020395,35.767568],[139.020399,35.767534],[139.020399,35.767499],[139.020396,35.767465],[139.020371,35.767392],[139.020332,35.767325],[139.02025,35.767241],[139.020185,35.76717],[139.020121,35.767098],[139.02008,35.767026],[139.020057,35.766961],[139.020055,35.766883],[139.020078,35.766799],[139.020114,35.76672],[139.020141,35.766679],[139.020177,35.766637],[139.020218,35.766593],[139.020277,35.766545],[139.020438,35.766437],[139.020621,35.766312],[139.020788,35.766184],[139.020923,35.766076],[139.020989,35.765996],[139.021025,35.765936],[139.021044,35.765896],[139.021055,35.76585],[139.021057,35.765804],[139.021053,35.765738],[139.021025,35.765675],[139.020986,35.765613],[139.020929,35.765558],[139.020859,35.765506],[139.020748,35.765445],[139.020591,35.765368],[139.020364,35.765254],[139.020138,35.765129],[139.020067,35.765086],[139.019997,35.765036],[139.019938,35.764981],[139.019882,35.764924],[139.019817,35.764842],[139.019752,35.764749],[139.019654,35.764583],[139.019417,35.764257],[139.019322,35.764147],[139.01926,35.764073],[139.019213,35.764002],[139.019179,35.763931],[139.019144,35.763857],[139.019122,35.763779],[139.019108,35.763726],[139.0191,35.76367],[139.019107,35.763612],[139.019132,35.763532],[139.019176,35.763458],[139.019207,35.763421],[139.019293,35.763348],[139.019347,35.763315],[139.019404,35.763295],[139.019453,35.763278],[139.019569,35.763253],[139.019651,35.763263],[139.019704,35.76328],[139.019767,35.763302],[139.019822,35.763333],[139.019915,35.763394],[139.020004,35.763459],[139.020153,35.763574],[139.020206,35.76362],[139.020278,35.763656],[139.020366,35.763689],[139.020714,35.763806],[139.020853,35.763845],[139.020942,35.763859],[139.021023,35.763864],[139.021115,35.763856],[139.021166,35.76384],[139.021211,35.763822],[139.021247,35.763801],[139.021278,35.763777],[139.021309,35.763746],[139.021335,35.763708],[139.021353,35.763669],[139.02137,35.763607],[139.0214,35.763517],[139.021545,35.762966],[139.021623,35.76264],[139.021646,35.762517],[139.02172,35.761832],[139.021727,35.761744],[139.021722,35.761682],[139.021698,35.761618],[139.021663,35.761541],[139.02162,35.761485],[139.021568,35.761425],[139.021476,35.761327],[139.021402,35.761258],[139.02132,35.761182],[139.021262,35.761111],[139.021211,35.761031],[139.021177,35.760948],[139.021161,35.760906],[139.021154,35.760859],[139.021161,35.760807],[139.021173,35.760758]]}},{"type":"Feature","properties":{"id":234017658,"highway":"secondary"},"geometry":{"type":"LineString","coordinates":[[139.081764,35.740077],[139.081898,35.739991]]}},{"type":"Feature","properties":{"id":234017659,"highway":"secondary"},"geometry":{"type":"LineString","coordinates":[[139.096332,35.735775],[139.096392,35.73577],[139.096467,35.73575],[139.096956,35.73552],[139.097056,35.735463],[139.097125,35.73542],[139.097187,35.735357],[139.097239,35.73528],[139.097253,35.735235],[139.097268,35.735185],[139.097275,35.735131],[139.097273,35.735056],[139.097264,35.734813],[139.097273,35.734766],[139.097296,35.73473],[139.09734,35.734701],[139.097391,35.734687],[139.097471,35.734679],[139.098633,35.734824],[139.09879,35.734838],[139.098931,35.734853],[139.099027,35.734841],[139.099126,35.734805],[139.099204,35.734733],[139.099265,35.734647],[139.099497,35.734251],[139.099576,35.734155],[139.099661,35.734081],[139.09969,35.734063],[139.099732,35.734037],[139.099806,35.734013],[139.09993,35.733994],[139.100127,35.733975],[139.10023,35.733977],[139.100301,35.733986],[139.100694,35.734076],[139.101067,35.734161],[139.101211,35.734185],[139.101346,35.734197],[139.10147,35.734188],[139.101602,35.734153],[139.101717,35.734097],[139.102062,35.73388],[139.10214,35.733805],[139.102186,35.733741],[139.102213,35.733689],[139.102224,35.733635],[139.102223,35.733593],[139.102182,35.733412],[139.102175,35.733325],[139.10219,35.733243],[139.102353,35.732878],[139.102391,35.732806],[139.102484,35.732629],[139.102529,35.732565],[139.102634,35.732483],[139.102899,35.732359],[139.102992,35.732306],[139.103064,35.732245],[139.103146,35.732171]]}},{"type":"Feature","properties":{"id":234017660,"highway":"residential"},"geometry":{"type":"LineString","coordinates":[[139.082528,35.738825],[139.082727,35.738758],[139.08295,35.738663],[139.083092,35.73859],[139.08317,35.738533],[139.083207,35.738492]]}},{"type":"Feature","properties":{"id":234017661,"highway":"secondary"},"geometry":{"type":"LineString","coordinates":[[139.08109,35.739596],[139.081051,35.739616],[139.081037,35.739648],[139.081034,35.739708],[139.081041,35.739906],[139.081056,35.739958],[139.081096,35.740034],[139.08113,35.740083],[139.08117,35.740115],[139.081246,35.740161],[139.081311,35.740181],[139.081406,35.740187],[139.081484,35.740189],[139.081529,35.740209],[139.081566,35.740245],[139.081581,35.740284],[139.081581,35.740332],[139.081561,35.740379],[139.081536,35.740402],[139.081481,35.74043],[139.081389,35.740456],[139.08126,35.740509],[139.081137,35.740538],[139.080988,35.740552],[139.080867,35.740579],[139.080601,35.740673],[139.080411,35.740767],[139.080259,35.740857],[139.080166,35.740932],[139.080068,35.741042],[139.080013,35.741119],[139.079941,35.74115],[139.079836,35.741164],[139.079671,35.741148],[139.079597,35.741145],[139.079407,35.741143],[139.079318,35.741141]]}},{"type":"Feature","properties":{"id":234017662,"highway":"secondary"},"geometry":{"type":"LineString","coordinates":[[139.08109,35.739596],[139.081123,35.739614],[139.081142,35.739645],[139.081151,35.739692],[139.081142,35.739745],[139.081131,35.739865],[139.08114,35.739934],[139.08117,35.739996],[139.081224,35.740046],[139.081275,35.740075],[139.08134,35.740097],[139.081403,35.740105],[139.08147,35.740105],[139.081569,35.740095],[139.081655,35.740084],[139.081702,35.74009],[139.081738,35.740085],[139.081764,35.740077]]}},{"type":"Feature","properties":{"id":234017664,"highway":"unclassified"},"geometry":{"type":"LineString","coordinates":[[139.080296,35.750491],[139.080282,35.750546],[139.0803,35.750576],[139.080344,35.750583],[139.080395,35.75056],[139.080485,35.750481],[139.0807,35.750303],[139.080834,35.750176],[139.080918,35.750122],[139.080999,35.750091],[139.081075,35.750084],[139.081419,35.750081],[139.081517,35.750065],[139.081584,35.750041],[139.081654,35.750006]]}},{"type":"Feature","properties":{"id":234017665,"highway":"residential"},"geometry":{"type":"LineString","coordinates":[[139.081702,35.74009],[139.081692,35.740053]]}},{"type":"Feature","properties":{"id":234017666,"highway":"residential"},"geometry":{"type":"LineString","coordinates":[[139.081692,35.740053],[139.08169,35.739898]]}},{"type":"Feature","properties":{"id":234017667,"highway":"residential"},"geometry":{"type":"LineString","coordinates":[[139.08169,35.739898],[139.081694,35.739823],[139.08171,35.739771],[139.081747,35.739721],[139.081789,35.739692],[139.081912,35.739614],[139.081979,35.739546],[139.081999,35.739496],[139.081997,35.739438],[139.081977,35.739297],[139.081986,35.739218],[139.08201,35.739151],[139.08205,35.739091],[139.082111,35.73903],[139.082284,35.738923],[139.082325,35.738891],[139.082381,35.738828],[139.08242,35.738797],[139.082456,35.738793],[139.082528,35.738825],[139.082485,35.738892],[139.082374,35.739053]]}},{"type":"Feature","properties":{"id":244119585,"highway":"trunk"},"geometry":{"type":"LineString","coordinates":[[139.042582,35.790196],[139.042544,35.790141],[139.042507,35.790078],[139.042476,35.790006],[139.042452,35.789919],[139.04244,35.789819],[139.04245,35.789709],[139.042481,35.789604],[139.04256,35.789467],[139.042668,35.789365],[139.042799,35.789273],[139.042937,35.789202],[139.043045,35.789158],[139.043201,35.789121],[139.04337,35.789095],[139.043485,35.789089],[139.043634,35.789097],[139.043762,35.789114],[139.043857,35.789126],[139.043942,35.78913],[139.044018,35.789123],[139.044085,35.789107],[139.044193,35.789064],[139.044242,35.789036],[139.044312,35.78899],[139.044391,35.788923],[139.04453,35.788827],[139.044612,35.788753],[139.044687,35.788649],[139.04478,35.788521],[139.044891,35.788408],[139.044949,35.788369],[139.045035,35.788332],[139.045146,35.788295],[139.04524,35.788246],[139.045309,35.78819],[139.045389,35.788105],[139.045434,35.788011],[139.04546,35.787908],[139.045451,35.787799],[139.045429,35.787729],[139.04538,35.787667],[139.045342,35.78762],[139.045269,35.787581],[139.045195,35.787554],[139.045059,35.787525],[139.044954,35.787498],[139.044859,35.787456],[139.044588,35.787285],[139.044532,35.787247],[139.044488,35.787196],[139.044458,35.787153],[139.044375,35.787001],[139.044347,35.786964],[139.044277,35.786907],[139.044014,35.786762],[139.043915,35.786729],[139.043828,35.78671],[139.043744,35.786706],[139.04313,35.786695],[139.043018,35.786716],[139.042792,35.786774],[139.042733,35.786777],[139.042679,35.786774],[139.042612,35.786742],[139.042572,35.786715],[139.042543,35.78668],[139.042522,35.786616],[139.042508,35.786567],[139.042514,35.786446],[139.042534,35.786361],[139.042565,35.786303],[139.042629,35.786238],[139.042739,35.786159],[139.043289,35.78589],[139.043446,35.785795],[139.043597,35.785719],[139.043774,35.785647],[139.04387,35.785621],[139.043957,35.785588],[139.044071,35.785518],[139.044147,35.785448],[139.044195,35.785396],[139.04423,35.785331],[139.044253,35.785273],[139.044277,35.785161],[139.044304,35.784827],[139.044319,35.784708],[139.044335,35.784645],[139.044359,35.784591],[139.044387,35.784538],[139.04456,35.784235],[139.044588,35.784183],[139.044608,35.784131],[139.044611,35.784087],[139.044601,35.784061],[139.044575,35.784025],[139.044514,35.783957]]}},{"type":"Feature","properties":{"id":251125958,"highway":"trunk"},"geometry":{"type":"LineString","coordinates":[[139.051279,35.794198],[139.051243,35.794187],[139.051207,35.79417],[139.050653,35.793746],[139.050585,35.793701],[139.050512,35.793668],[139.050428,35.793647],[139.05034,35.793643],[139.050244,35.793659],[139.049912,35.793751],[139.049788,35.793773],[139.049696,35.793784],[139.049487,35.79381],[139.049015,35.793852],[139.048701,35.793884],[139.048615,35.793881],[139.048423,35.793856],[139.048274,35.793861],[139.048217,35.793873],[139.048112,35.793897],[139.047989,35.793943],[139.047903,35.794003],[139.047783,35.794093],[139.047562,35.794192],[139.047462,35.79422],[139.047212,35.794255]]}},{"type":"Feature","properties":{"id":263612556,"highway":"residential"},"geometry":{"type":"LineString","coordinates":[[139.055297,35.793406],[139.055384,35.793762],[139.055425,35.793911],[139.055475,35.794036],[139.05567,35.794347],[139.055739,35.794458],[139.055832,35.794584],[139.055916,35.794635],[139.056029,35.794729],[139.056115,35.794826],[139.056177,35.794946],[139.056221,35.795089],[139.056245,35.79521],[139.05629,35.795262],[139.056339,35.795262]]}},{"type":"Feature","properties":{"id":267360621,"highway":"residential"},"geometry":{"type":"LineString","coordinates":[[139.077753,35.798883],[139.077803,35.798944],[139.077809,35.798985],[139.077812,35.799034],[139.077806,35.799076],[139.077797,35.799124],[139.077779,35.799179],[139.077762,35.799233],[139.077719,35.799354],[139.077704,35.799388],[139.07768,35.799424],[139.077638,35.799457],[139.077587,35.799496],[139.07753,35.799534],[139.07751,35.799553],[139.077495,35.799571],[139.077483,35.799596],[139.077474,35.799617],[139.077468,35.799656],[139.077472,35.799685],[139.077479,35.799709],[139.077497,35.799743],[139.077517,35.799769],[139.077551,35.799803],[139.077599,35.799838],[139.07765,35.799875],[139.077688,35.799898],[139.077714,35.799921],[139.077727,35.799946],[139.077735,35.799996],[139.077738,35.800048],[139.077748,35.800171],[139.077763,35.800197],[139.077776,35.800206],[139.077791,35.800212],[139.077816,35.800216],[139.077847,35.800216],[139.077873,35.800208],[139.077892,35.8002],[139.077916,35.80018],[139.077929,35.800159],[139.077936,35.800139],[139.077939,35.800118],[139.077948,35.8],[139.077952,35.799934],[139.077957,35.799893],[139.077955,35.799866],[139.077946,35.799842],[139.077928,35.799806],[139.077899,35.799774],[139.07786,35.799739],[139.077813,35.799708],[139.077779,35.799678],[139.077761,35.799649],[139.077756,35.799635],[139.077758,35.799619],[139.07777,35.799599],[139.077792,35.799576],[139.077827,35.799544],[139.07787,35.799495],[139.077909,35.799447],[139.077952,35.799366],[139.077978,35.799295],[139.077987,35.799247]]}},{"type":"Feature","properties":{"id":267360623,"highway":"service"},"geometry":{"type":"LineString","coordinates":[[139.084222,35.799191],[139.084056,35.799175],[139.083859,35.799153],[139.083773,35.799093],[139.08364,35.799099],[139.083578,35.799122],[139.083516,35.799199],[139.083501,35.799234],[139.083423,35.799248]]}},{"type":"Feature","properties":{"id":304745978,"highway":"secondary"},"geometry":{"type":"LineString","coordinates":[[139.042218,35.746839],[139.042251,35.746825],[139.042383,35.746769],[139.042461,35.746734],[139.042522,35.746695],[139.04258,35.746656],[139.042627,35.746593],[139.04265,35.746538],[139.042657,35.746484],[139.042655,35.746435],[139.042623,35.74637],[139.04258,35.746292],[139.042488,35.746194],[139.042357,35.746019],[139.042287,35.745884],[139.042247,35.74575],[139.04222,35.745604],[139.042219,35.745445],[139.042237,35.745279],[139.042257,35.745142],[139.04227,35.744943],[139.042271,35.744844],[139.042254,35.744754],[139.04222,35.744686],[139.04215,35.744593],[139.042013,35.74447],[139.041914,35.744403],[139.04184,35.744318],[139.041816,35.744242],[139.041813,35.744177],[139.041828,35.744102],[139.041863,35.744043],[139.041919,35.743975],[139.041985,35.743925],[139.042082,35.743884],[139.042226,35.743868],[139.042558,35.743828],[139.043038,35.743746],[139.043157,35.743721],[139.043232,35.743693],[139.04331,35.743642],[139.043385,35.743566],[139.043432,35.743495],[139.043554,35.743158],[139.043599,35.743072],[139.043666,35.742968],[139.043705,35.742887],[139.043722,35.742799],[139.0437,35.742725],[139.043663,35.742671],[139.043597,35.742615],[139.043533,35.742584],[139.043424,35.74257],[139.043202,35.742572],[139.043118,35.742567],[139.043039,35.742552],[139.042768,35.742464],[139.042674,35.742438],[139.042606,35.742426],[139.0425,35.742421],[139.04223,35.742411],[139.042156,35.742395],[139.042076,35.74236],[139.042014,35.742315],[139.041971,35.742254],[139.041945,35.742196],[139.041933,35.742136],[139.041932,35.742046],[139.04199,35.741322],[139.042003,35.74122],[139.04202,35.741139],[139.042033,35.741095],[139.042061,35.74103],[139.042101,35.740974],[139.042163,35.740913],[139.042423,35.74073],[139.042488,35.74067],[139.042547,35.740606],[139.042594,35.740506],[139.042626,35.740421],[139.042724,35.74001],[139.042749,35.739952],[139.042795,35.739887],[139.042868,35.73982],[139.042955,35.739747],[139.043171,35.739608],[139.043272,35.73954],[139.043343,35.739463],[139.043391,35.739387],[139.043546,35.739087],[139.043609,35.739018],[139.043666,35.738969],[139.043733,35.738924],[139.043854,35.738863],[139.044194,35.738709],[139.044291,35.738657],[139.044361,35.738594],[139.04441,35.738522],[139.044426,35.738463],[139.044442,35.738405],[139.044439,35.738346],[139.044416,35.738259],[139.044216,35.737695],[139.044147,35.737558],[139.044092,35.73749],[139.044029,35.737438],[139.043953,35.737396],[139.043867,35.737375],[139.043787,35.737375],[139.043708,35.737392],[139.043648,35.737421],[139.043583,35.737458],[139.04348,35.737537],[139.043394,35.737617],[139.043244,35.73778],[139.04318,35.737831],[139.043111,35.737866],[139.043026,35.737893],[139.042945,35.7379],[139.042854,35.737888],[139.042786,35.737867],[139.042718,35.737831],[139.04262,35.73776],[139.042066,35.737309],[139.041783,35.737071],[139.041714,35.737014],[139.041601,35.736952],[139.041525,35.736927],[139.041456,35.73692],[139.041374,35.736927],[139.041315,35.73694],[139.041263,35.736968],[139.041211,35.737006],[139.04116,35.73706],[139.041136,35.737109],[139.041128,35.737159],[139.041131,35.737205],[139.041149,35.737307],[139.041225,35.737556],[139.04123,35.73762],[139.041223,35.737678],[139.041208,35.73773],[139.041164,35.737783],[139.041117,35.737824],[139.041066,35.737854],[139.041009,35.737875],[139.040924,35.737893],[139.040851,35.737898],[139.040767,35.737888],[139.040532,35.73784],[139.040443,35.737826],[139.040341,35.737823],[139.04027,35.737834],[139.040209,35.737854],[139.040152,35.737885],[139.040099,35.737937],[139.040062,35.737999],[139.040049,35.73805],[139.040047,35.738104],[139.040048,35.738157],[139.040078,35.738247],[139.040112,35.738322],[139.040197,35.738479],[139.040215,35.738542],[139.040217,35.738603],[139.040199,35.738667],[139.040177,35.738704],[139.040125,35.738763],[139.040056,35.738808],[139.039979,35.73884],[139.039898,35.738858],[139.039627,35.738906],[139.039541,35.738931],[139.039467,35.738969],[139.0394,35.739026],[139.039309,35.73913],[139.038934,35.739747],[139.038875,35.739819],[139.038812,35.739869],[139.038741,35.739908],[139.038682,35.739929],[139.03858,35.739938],[139.038511,35.739928],[139.038447,35.739903],[139.038392,35.739863],[139.038357,35.739824],[139.038328,35.739775],[139.038299,35.739704],[139.038282,35.739635],[139.038282,35.739572],[139.038287,35.73948],[139.038326,35.739281],[139.038333,35.73916],[139.038282,35.738628],[139.038267,35.738517],[139.038238,35.738432],[139.038187,35.738365],[139.038112,35.738296],[139.038023,35.738251],[139.03792,35.738219],[139.037814,35.738196],[139.037457,35.738158],[139.037321,35.738144],[139.037213,35.738128],[139.037117,35.738096],[139.037052,35.738062],[139.036959,35.737984],[139.036919,35.737919],[139.0369,35.737859],[139.036894,35.737781],[139.036912,35.737701],[139.036954,35.737608],[139.036999,35.737531],[139.037223,35.737197],[139.037263,35.737133],[139.03728,35.737064],[139.037279,35.736995],[139.037245,35.736918],[139.037213,35.736872],[139.037141,35.736812],[139.037074,35.736779],[139.036985,35.736749],[139.036862,35.73673],[139.036773,35.736721],[139.036397,35.736698],[139.036306,35.736695],[139.03622,35.736705],[139.036128,35.736739],[139.036044,35.736795],[139.035982,35.736871],[139.03595,35.736927],[139.035838,35.737104],[139.035792,35.737157],[139.035721,35.737207],[139.035674,35.737232],[139.035605,35.737262],[139.035488,35.737302],[139.034865,35.737505],[139.034742,35.737542],[139.034645,35.737561],[139.034554,35.737574],[139.034479,35.737572],[139.0344,35.737561],[139.034322,35.737538],[139.034263,35.737514],[139.034165,35.73746],[139.033874,35.737277],[139.03375,35.737226],[139.033646,35.737192],[139.033553,35.737184],[139.033447,35.737185],[139.033319,35.73721],[139.03317,35.73726],[139.032613,35.737488],[139.032424,35.737555],[139.032267,35.737605],[139.03213,35.737644],[139.032042,35.737668],[139.031922,35.737679],[139.031802,35.737664],[139.03171,35.73763],[139.031599,35.737556],[139.031509,35.737479],[139.031444,35.737423]]}},{"type":"Feature","properties":{"id":306807526,"highway":"service"},"geometry":{"type":"LineString","coordinates":[[139.048161,35.792446],[139.048266,35.792497],[139.048423,35.792522],[139.048512,35.792507],[139.048338,35.79247],[139.048161,35.792446]]}},{"type":"Feature","properties":{"id":306807528,"highway":"tertiary"},"geometry":{"type":"LineString","coordinates":[[139.048161,35.792446],[139.048338,35.79247],[139.048512,35.792507],[139.048576,35.792525],[139.048718,35.792567],[139.048759,35.792589],[139.04879,35.792619],[139.048812,35.792653]]}},{"type":"Feature","properties":{"id":306807529,"highway":"trunk"},"geometry":{"type":"LineString","coordinates":[[139.017886,35.78097],[139.017758,35.780925],[139.017605,35.780855],[139.017504,35.780796],[139.017081,35.780518],[139.016721,35.780337],[139.016527,35.780253],[139.016266,35.780126],[139.016187,35.780071]]}},{"type":"Feature","properties":{"id":306807530,"highway":"trunk"},"geometry":{"type":"LineString","coordinates":[[139.002949,35.777463],[139.002831,35.777372],[139.002794,35.777331],[139.002717,35.777207],[139.002711,35.777135],[139.002705,35.77684],[139.002659,35.776658],[139.002646,35.77662],[139.002639,35.77656],[139.002638,35.776521],[139.002653,35.776468],[139.002742,35.776286],[139.002772,35.776203],[139.002785,35.776164],[139.002786,35.776102],[139.002767,35.776027],[139.002775,35.775912],[139.002787,35.775871],[139.00286,35.775741],[139.002867,35.775689],[139.00286,35.775619],[139.002827,35.775531],[139.002621,35.775186],[139.002343,35.774815],[139.002242,35.774739],[139.002146,35.77469],[139.002032,35.77466],[139.001958,35.774656],[139.001836,35.774675],[139.001736,35.7747],[139.001624,35.774753],[139.001463,35.774848],[139.000955,35.775227],[139.000473,35.775612]]}},{"type":"Feature","properties":{"id":311106215,"highway":"service"},"geometry":{"type":"LineString","coordinates":[[139.069051,35.723868],[139.068954,35.723744],[139.068934,35.723705],[139.068936,35.723653],[139.068962,35.723601],[139.068998,35.723528],[139.069009,35.723473],[139.069019,35.72338],[139.069022,35.723288],[139.06899,35.723192],[139.068963,35.723105],[139.068924,35.723032],[139.068876,35.722958],[139.068828,35.722901],[139.068775,35.722848],[139.068689,35.722819]]}},{"type":"Feature","properties":{"id":369228487,"highway":"residential"},"geometry":{"type":"LineString","coordinates":[[139.044227,35.783792],[139.04363,35.784019],[139.04315,35.78418],[139.043046,35.784215],[139.042803,35.784267],[139.042607,35.784286],[139.042496,35.784302],[139.042226,35.784365],[139.042095,35.784421],[139.041933,35.78447],[139.04181,35.784538],[139.041563,35.784595]]}},{"type":"Feature","properties":{"id":374106637,"highway":"service"},"geometry":{"type":"LineString","coordinates":[[139.043377,35.790351],[139.043477,35.790209],[139.043492,35.789991],[139.043533,35.789278],[139.043403,35.78926],[139.043338,35.78926],[139.043213,35.789289],[139.043026,35.789327],[139.042882,35.789414],[139.042779,35.789481],[139.042743,35.789567],[139.042744,35.789681],[139.042819,35.789734],[139.042947,35.789777],[139.043157,35.789852],[139.04334,35.789917],[139.043492,35.789991]]}},{"type":"Feature","properties":{"id":374106638,"highway":"service"},"geometry":{"type":"LineString","coordinates":[[139.04334,35.789917],[139.043403,35.78926]]}},{"type":"Feature","properties":{"id":374106639,"highway":"service"},"geometry":{"type":"LineString","coordinates":[[139.043213,35.789289],[139.043157,35.789852]]}},{"type":"Feature","properties":{"id":374106640,"highway":"service"},"geometry":{"type":"LineString","coordinates":[[139.043338,35.78926],[139.04337,35.789095]]}},{"type":"Feature","properties":{"id":384534480,"highway":"residential"},"geometry":{"type":"LineString","coordinates":[[139.041077,35.796525],[139.041266,35.796467],[139.041503,35.796441],[139.041946,35.796397],[139.0421,35.796374],[139.042203,35.796349],[139.042259,35.796324]]}},{"type":"Feature","properties":{"id":400140135,"highway":"service"},"geometry":{"type":"LineString","coordinates":[[139.05832,35.792753],[139.05798,35.793006],[139.057861,35.793129],[139.057662,35.793401],[139.057614,35.793469],[139.057559,35.793599],[139.057541,35.793639],[139.057538,35.793723],[139.057556,35.793759],[139.057502,35.79396],[139.057475,35.794082],[139.057453,35.794155],[139.057401,35.794209],[139.057317,35.794254],[139.057202,35.794273]]}},{"type":"Feature","properties":{"id":404959372,"highway":"service"},"geometry":{"type":"LineString","coordinates":[[139.090566,35.71459],[139.090773,35.714598],[139.090853,35.714572]]}},{"type":"Feature","properties":{"id":404959373,"highway":"service"},"geometry":{"type":"LineString","coordinates":[[139.08869,35.714435],[139.089052,35.714365],[139.089459,35.714426],[139.089826,35.714495],[139.090241,35.714729],[139.090542,35.714829],[139.090799,35.714793]]}},{"type":"Feature","properties":{"id":430399189,"highway":"trunk"},"geometry":{"type":"LineString","coordinates":[[139.01536,35.777689],[139.015308,35.777656],[139.015259,35.77763],[139.015209,35.777617],[139.01515,35.777608],[139.015096,35.777606],[139.015027,35.777607],[139.014975,35.777615],[139.014921,35.777632],[139.014761,35.777708],[139.014439,35.777846],[139.014295,35.777895],[139.014164,35.777921],[139.01384,35.777979],[139.013257,35.778078],[139.013017,35.778139],[139.012154,35.778463],[139.012036,35.778515],[139.011939,35.778578],[139.011748,35.778707],[139.011657,35.778747],[139.011561,35.778774],[139.011078,35.778846],[139.010886,35.778899],[139.010564,35.779007],[139.010487,35.77902],[139.0103,35.778999],[139.010202,35.778994],[139.010099,35.779],[139.010039,35.779012],[139.009978,35.779038],[139.00991,35.779077],[139.009747,35.779174],[139.009661,35.779207],[139.009566,35.779216],[139.009273,35.779234],[139.009015,35.779255],[139.008852,35.77927],[139.008774,35.779281],[139.008673,35.779272]]}},{"type":"Feature","properties":{"id":430399190,"highway":"trunk"},"geometry":{"type":"LineString","coordinates":[[139.016053,35.778277],[139.01536,35.777689]]}},{"type":"Feature","properties":{"id":519292642,"highway":"residential"},"geometry":{"type":"LineString","coordinates":[[139.089013,35.799864],[139.089091,35.799795],[139.089064,35.799732],[139.089065,35.799658]]}},{"type":"Feature","properties":{"id":519345346,"highway":"service"},"geometry":{"type":"LineString","coordinates":[[139.015282,35.778048],[139.014736,35.778145],[139.014694,35.778195]]}},{"type":"Feature","properties":{"id":519345353,"highway":"residential"},"geometry":{"type":"LineString","coordinates":[[139.041563,35.784595],[139.041446,35.784625],[139.041397,35.784648],[139.041403,35.78468],[139.041489,35.784705],[139.041779,35.784745],[139.04188,35.78474],[139.042411,35.784666],[139.042948,35.784559],[139.043044,35.78451],[139.043267,35.784465],[139.043453,35.784477],[139.043569,35.784523],[139.04359,35.784588],[139.043587,35.784747],[139.043546,35.784865],[139.043388,35.785015],[139.043173,35.78521],[139.043163,35.785304]]}},{"type":"Feature","properties":{"id":519572603,"highway":"residential"},"geometry":{"type":"LineString","coordinates":[[139.002831,35.777372],[139.002722,35.777476],[139.002666,35.777586],[139.002654,35.77775],[139.002657,35.777842],[139.00273,35.777847],[139.002756,35.777834],[139.002926,35.777665],[139.003111,35.777504],[139.003202,35.777464],[139.003306,35.777445],[139.003425,35.777425],[139.003501,35.777286],[139.003496,35.777202],[139.003477,35.777092],[139.003481,35.776995],[139.003582,35.776795],[139.003617,35.776793],[139.003772,35.776843]]}},{"type":"Feature","properties":{"id":519572606,"highway":"service"},"geometry":{"type":"LineString","coordinates":[[139.055255,35.788876],[139.054961,35.788829],[139.054846,35.788831],[139.054626,35.788888],[139.054486,35.788948],[139.053341,35.789349],[139.053228,35.789447],[139.053113,35.789541]]}},{"type":"Feature","properties":{"id":521190245,"highway":"service"},"geometry":{"type":"LineString","coordinates":[[139.047582,35.792415],[139.047571,35.792524]]}},{"type":"Feature","properties":{"id":521190246,"highway":"service"},"geometry":{"type":"LineString","coordinates":[[139.04673,35.79177],[139.046692,35.791768],[139.046657,35.791777],[139.046629,35.791796],[139.046613,35.791813]]}},{"type":"Feature","properties":{"id":521190247,"highway":"service"},"geometry":{"type":"LineString","coordinates":[[139.047627,35.792364],[139.047601,35.792403],[139.047582,35.792415],[139.047563,35.792414],[139.047546,35.792407],[139.046744,35.791776],[139.04673,35.79177],[139.046658,35.791739],[139.046637,35.791722],[139.046637,35.791703],[139.046645,35.791678],[139.046661,35.791645]]}},{"type":"Feature","properties":{"id":521190248,"highway":"service"},"geometry":{"type":"LineString","coordinates":[[139.046563,35.79163],[139.046582,35.79174],[139.046613,35.791813],[139.047418,35.792472],[139.047483,35.79251],[139.047553,35.792524],[139.047571,35.792524],[139.047609,35.792522],[139.047657,35.792499],[139.047681,35.792466],[139.047703,35.792424],[139.047713,35.792405]]}},{"type":"Feature","properties":{"id":521190254,"highway":"service"},"geometry":{"type":"LineString","coordinates":[[139.046303,35.791781],[139.046315,35.791678],[139.046329,35.791628],[139.046347,35.791593]]}},{"type":"Feature","properties":{"id":538285879,"highway":"service"},"geometry":{"type":"LineString","coordinates":[[139.040811,35.729023],[139.040847,35.72916],[139.040692,35.729437],[139.04063,35.729546],[139.040619,35.729633],[139.040635,35.729666],[139.040681,35.729683],[139.040732,35.729663],[139.040834,35.729576]]}},{"type":"Feature","properties":{"id":564536028,"highway":"secondary"},"geometry":{"type":"LineString","coordinates":[[139.039232,35.734902],[139.039558,35.734881],[139.039705,35.734859],[139.039825,35.734824],[139.03989,35.734791],[139.03995,35.734741],[139.039989,35.734675],[139.040007,35.73461],[139.040002,35.734527],[139.039959,35.734426],[139.039855,35.734264],[139.039808,35.734177],[139.039782,35.73409],[139.039791,35.734019],[139.039823,35.733953],[139.039902,35.733879],[139.04,35.733836],[139.040147,35.73383],[139.040282,35.733848],[139.04045,35.73386],[139.040654,35.733859],[139.040802,35.733844],[139.040957,35.733779],[139.041103,35.733676],[139.041386,35.733424],[139.041592,35.733234],[139.041778,35.733033],[139.041887,35.732837],[139.041955,35.732695],[139.042018,35.732539],[139.042057,35.732405],[139.042092,35.732228],[139.042112,35.732061],[139.042133,35.731951],[139.042198,35.731807],[139.042318,35.731647],[139.042403,35.731525],[139.042462,35.731387],[139.042537,35.73117],[139.042583,35.731083],[139.042651,35.730999],[139.042725,35.730934],[139.042855,35.730883],[139.043008,35.730849],[139.043137,35.730814],[139.043259,35.73075],[139.043355,35.730642],[139.043412,35.730518],[139.043455,35.730373],[139.043508,35.730282],[139.043612,35.730188],[139.043731,35.730088],[139.04381,35.730008],[139.04385,35.72994],[139.043865,35.729867],[139.043861,35.729791],[139.043823,35.729722],[139.043756,35.729664],[139.043665,35.729625],[139.043563,35.729601],[139.043441,35.729605],[139.043342,35.72966],[139.043276,35.72975],[139.043233,35.729861],[139.043209,35.729986],[139.043173,35.730206],[139.043138,35.730341],[139.04309,35.730427],[139.043025,35.730483],[139.042935,35.730525],[139.0427,35.730599],[139.042512,35.730649],[139.042431,35.730684],[139.042363,35.73074],[139.042269,35.730852],[139.042169,35.731],[139.041948,35.731305],[139.041765,35.731514],[139.041581,35.731702],[139.041435,35.731885],[139.041339,35.732041],[139.041216,35.732264],[139.041111,35.732467],[139.041025,35.732595],[139.040945,35.732682],[139.040846,35.732757],[139.040729,35.732814],[139.040561,35.732848],[139.040408,35.732841],[139.040263,35.732808],[139.040127,35.732732]]}},{"type":"Feature","properties":{"id":595364964,"highway":"residential"},"geometry":{"type":"LineString","coordinates":[[139.074287,35.795703],[139.074284,35.795635],[139.074279,35.79558],[139.074261,35.795505],[139.074231,35.795438],[139.074207,35.795378]]}},{"type":"Feature","properties":{"id":600612347,"highway":"service"},"geometry":{"type":"LineString","coordinates":[[139.081494,35.74073],[139.081839,35.740902],[139.081952,35.740919],[139.082154,35.7409],[139.08225,35.740844],[139.082295,35.740772],[139.082346,35.740415],[139.08234,35.740334],[139.082415,35.740259],[139.082961,35.739844],[139.083109,35.739685],[139.083201,35.739641],[139.083201,35.739763],[139.083139,35.739961],[139.083012,35.740181],[139.082944,35.740504],[139.082944,35.740738],[139.082951,35.740866],[139.082989,35.741269],[139.083061,35.741481],[139.083357,35.74167],[139.083433,35.741682],[139.083659,35.741718],[139.083838,35.741917],[139.084017,35.742014],[139.084056,35.74205],[139.084128,35.742269],[139.084188,35.742383],[139.084274,35.742436],[139.08434,35.742446],[139.084448,35.742358],[139.084687,35.742274],[139.084734,35.742227],[139.084887,35.742143],[139.08497,35.742138],[139.085293,35.742288],[139.085628,35.742494],[139.085792,35.742625],[139.085867,35.742664],[139.085885,35.74262],[139.085838,35.741716]]}},{"type":"Feature","properties":{"id":611772530,"highway":"service"},"geometry":{"type":"LineString","coordinates":[[139.014963,35.786231],[139.014893,35.786271],[139.014689,35.786252],[139.014405,35.786207],[139.01428,35.786201],[139.01412,35.786348],[139.014044,35.786464],[139.014011,35.786527],[139.014006,35.786838]]}},{"type":"Feature","properties":{"id":628161876,"highway":"service"},"geometry":{"type":"LineString","coordinates":[[139.031444,35.737423],[139.031248,35.737549],[139.031212,35.73766]]}},{"type":"Feature","properties":{"id":628161877,"highway":"service"},"geometry":{"type":"LineString","coordinates":[[139.031526,35.73798],[139.031269,35.737719]]}},{"type":"Feature","properties":{"id":628161878,"highway":"service"},"geometry":{"type":"LineString","coordinates":[[139.031212,35.73766],[139.031185,35.737863],[139.031386,35.738064],[139.031526,35.73798],[139.03167,35.737894],[139.031442,35.737646],[139.03139,35.737641],[139.031269,35.737719],[139.031212,35.73766]]}},{"type":"Feature","properties":{"id":628161879,"highway":"service"},"geometry":{"type":"LineString","coordinates":[[139.029013,35.739934],[139.028942,35.740065],[139.028924,35.740098],[139.028884,35.740125],[139.028814,35.740144],[139.028759,35.740131],[139.028714,35.740104],[139.02878,35.73995],[139.028874,35.739878]]}},{"type":"Feature","properties":{"id":628161881,"highway":"service"},"geometry":{"type":"LineString","coordinates":[[139.028874,35.739878],[139.029561,35.739494]]}},{"type":"Feature","properties":{"id":628161882,"highway":"service"},"geometry":{"type":"LineString","coordinates":[[139.029561,35.739494],[139.029876,35.739301],[139.030051,35.739057],[139.03018,35.738879],[139.030296,35.738718],[139.030501,35.738635],[139.030632,35.738514],[139.030846,35.738297],[139.030948,35.73822],[139.031245,35.738043]]}},{"type":"Feature","properties":{"id":628161883,"highway":"service"},"geometry":{"type":"LineString","coordinates":[[139.028714,35.740104],[139.028637,35.74029],[139.028628,35.740372],[139.028647,35.740411],[139.028659,35.740431]]}},{"type":"Feature","properties":{"id":675582647,"highway":"unclassified"},"geometry":{"type":"LineString","coordinates":[[139.043546,35.784865],[139.043438,35.784829],[139.043129,35.784858],[139.042947,35.78487],[139.04277,35.784904],[139.042461,35.785031],[139.04224,35.785191],[139.042076,35.785241],[139.041942,35.785297],[139.041807,35.785346]]}},{"type":"Feature","properties":{"id":691163210,"highway":"secondary"},"geometry":{"type":"LineString","coordinates":[[139.085871,35.713122],[139.086461,35.713387]]}},{"type":"Feature","properties":{"id":691163214,"highway":"secondary"},"geometry":{"type":"LineString","coordinates":[[139.086461,35.713387],[139.086624,35.71345],[139.087027,35.713593],[139.087227,35.713634],[139.087367,35.713639],[139.087515,35.713636],[139.087656,35.713618],[139.087787,35.713585],[139.08792,35.713544],[139.088036,35.713502],[139.088246,35.713375],[139.088376,35.713277],[139.088671,35.71305],[139.088938,35.712875],[139.089126,35.712787],[139.089222,35.712754],[139.089372,35.71272],[139.08947,35.712705],[139.089653,35.712696],[139.089862,35.71269],[139.089987,35.71268],[139.090085,35.712663],[139.090201,35.712632],[139.090312,35.712591],[139.090561,35.712466],[139.091448,35.711853],[139.091833,35.711541],[139.092034,35.711345],[139.092205,35.711145],[139.092382,35.710902],[139.092603,35.710627],[139.092942,35.710254],[139.093181,35.709959],[139.09325,35.709894],[139.093361,35.709839],[139.093462,35.709807],[139.093667,35.709789],[139.093817,35.709784],[139.093959,35.709767],[139.094096,35.709711],[139.094205,35.709626],[139.094371,35.709439],[139.094482,35.709334],[139.094589,35.709265],[139.094729,35.709198],[139.095069,35.709077],[139.095179,35.709041],[139.095315,35.708983],[139.095448,35.708898],[139.095561,35.708798],[139.095744,35.7086],[139.095994,35.708291],[139.096322,35.707827],[139.09645,35.707674],[139.096623,35.70755],[139.096771,35.707467],[139.096939,35.707409],[139.09708,35.707368],[139.097204,35.707344],[139.097367,35.707319],[139.097533,35.707298],[139.097749,35.707274],[139.097934,35.707246],[139.098122,35.707205],[139.098276,35.707155],[139.0984,35.707112],[139.098527,35.707046],[139.09864,35.706957],[139.098728,35.706856],[139.098808,35.706693],[139.098903,35.706526],[139.099048,35.706345],[139.099443,35.706045],[139.099941,35.705675],[139.100307,35.705379],[139.10041,35.705315],[139.100504,35.705267],[139.100812,35.705127],[139.100944,35.705056],[139.10105,35.70499],[139.101134,35.704915],[139.101225,35.70478],[139.101355,35.70439],[139.101423,35.704244],[139.10153,35.704085],[139.102006,35.703505],[139.102105,35.703404],[139.102222,35.703329],[139.102349,35.70328],[139.102502,35.703243],[139.102683,35.703223],[139.102851,35.703215],[139.103014,35.703194],[139.10316,35.703159],[139.103278,35.703122],[139.103403,35.70306],[139.10385,35.702673],[139.104208,35.702333],[139.104295,35.702261],[139.104385,35.702215],[139.104507,35.702185],[139.104655,35.702182],[139.104795,35.702205],[139.10499,35.70224],[139.10514,35.702238],[139.105297,35.702214],[139.105537,35.702135],[139.105812,35.702045],[139.10602,35.701988],[139.10614,35.701974],[139.106248,35.701981],[139.106328,35.702036],[139.106381,35.702113],[139.106389,35.702205],[139.106356,35.702299],[139.106166,35.702734],[139.106146,35.702821],[139.106148,35.702882],[139.106151,35.702946],[139.106182,35.703026],[139.106244,35.70309],[139.106323,35.703122],[139.106407,35.703139],[139.10663,35.703153],[139.106919,35.703173],[139.107167,35.703178],[139.10731,35.70317],[139.107447,35.703149],[139.10759,35.703105],[139.107686,35.70306],[139.108165,35.702847],[139.108372,35.702728],[139.108507,35.70264],[139.108812,35.702344],[139.109224,35.701982],[139.109429,35.701847],[139.109521,35.701803],[139.109679,35.701761],[139.109915,35.701728],[139.110115,35.701746],[139.110271,35.701798],[139.110455,35.701884],[139.110688,35.702024],[139.110885,35.70214],[139.111124,35.702303],[139.111272,35.702373],[139.111397,35.702408],[139.111562,35.702447],[139.11168,35.702488],[139.11179,35.702564]]}},{"type":"Feature","properties":{"id":691163223,"highway":"service"},"geometry":{"type":"LineString","coordinates":[[139.088181,35.713943],[139.088124,35.713876],[139.088022,35.71375],[139.088001,35.71365],[139.088033,35.713562],[139.088036,35.713502]]}},{"type":"Feature","properties":{"id":691163225,"highway":"service"},"geometry":{"type":"LineString","coordinates":[[139.085283,35.713784],[139.085284,35.71371],[139.085318,35.71366],[139.085371,35.713621],[139.085622,35.713554],[139.085672,35.713495]]}},{"type":"Feature","properties":{"id":691163227,"highway":"service"},"geometry":{"type":"LineString","coordinates":[[139.084249,35.717792],[139.084078,35.71791],[139.084029,35.7179],[139.084078,35.717718],[139.084126,35.717653],[139.084159,35.717613],[139.084643,35.717563],[139.084758,35.717503],[139.084769,35.717398],[139.084639,35.717269],[139.084562,35.717154],[139.084509,35.717051],[139.08455,35.716876],[139.084399,35.716807],[139.084269,35.716791],[139.084117,35.716829],[139.08407,35.717051],[139.08396,35.717398],[139.08392,35.717441],[139.083828,35.717442]]}},{"type":"Feature","properties":{"id":691170593,"highway":"service"},"geometry":{"type":"LineString","coordinates":[[139.092887,35.796954],[139.09334,35.79671]]}},{"type":"Feature","properties":{"id":696087163,"highway":"residential"},"geometry":{"type":"LineString","coordinates":[[139.056339,35.795262],[139.056336,35.795226],[139.056233,35.794857],[139.056165,35.794516],[139.056158,35.79439],[139.056171,35.794111],[139.056145,35.793953],[139.056119,35.793881],[139.056116,35.793707]]}},{"type":"Feature","properties":{"id":696277154,"highway":"service"},"geometry":{"type":"LineString","coordinates":[[139.000442,35.79663],[139.000491,35.796649],[139.00051,35.796731],[139.000427,35.796861],[139.000312,35.797],[139.000167,35.797083],[138.999937,35.797288],[138.999813,35.797372],[138.99935,35.797645],[138.999226,35.79776]]}},{"type":"Feature","properties":{"id":696277156,"highway":"service"},"geometry":{"type":"LineString","coordinates":[[139.000491,35.796649],[139.000532,35.796562],[139.000661,35.796118]]}},{"type":"Feature","properties":{"id":711566336,"highway":"service"},"geometry":{"type":"LineString","coordinates":[[139.053947,35.724446],[139.053979,35.724385],[139.054225,35.724373],[139.054412,35.724275],[139.054658,35.724054]]}},{"type":"Feature","properties":{"id":715289591,"highway":"service"},"geometry":{"type":"LineString","coordinates":[[139.079775,35.800693],[139.080269,35.800397],[139.080993,35.799963],[139.081188,35.79982],[139.081265,35.799783],[139.081318,35.799775],[139.081469,35.799624]]}},{"type":"Feature","properties":{"id":719504859,"highway":"service"},"geometry":{"type":"LineString","coordinates":[[139.065262,35.724349],[139.065324,35.724344],[139.065354,35.724359],[139.065376,35.724425],[139.065368,35.724482],[139.065326,35.72453],[139.065274,35.724578],[139.065129,35.724622],[139.064936,35.72465],[139.064805,35.724681],[139.064751,35.724742],[139.064735,35.724848],[139.064748,35.724922],[139.064799,35.724953],[139.064853,35.724944],[139.064957,35.724861],[139.065041,35.724844],[139.065127,35.724846],[139.065161,35.724885],[139.065156,35.72494],[139.065,35.725164],[139.065014,35.725231],[139.065059,35.725275],[139.065086,35.725282],[139.065156,35.725268],[139.065405,35.725124]]}},{"type":"Feature","properties":{"id":719514426,"highway":"service"},"geometry":{"type":"LineString","coordinates":[[139.065316,35.721228],[139.06522,35.721331],[139.065078,35.72139],[139.065041,35.721397],[139.065041,35.721445],[139.065156,35.721484]]}},{"type":"Feature","properties":{"id":744216648,"highway":"residential"},"geometry":{"type":"LineString","coordinates":[[139.024969,35.761231],[139.025549,35.760978],[139.025645,35.760983],[139.025697,35.761015],[139.025796,35.761181],[139.025824,35.761235],[139.025848,35.761245],[139.025913,35.761271]]}},{"type":"Feature","properties":{"id":801643945,"highway":"residential"},"geometry":{"type":"LineString","coordinates":[[139.042259,35.796324],[139.042298,35.796261],[139.042347,35.796163],[139.042385,35.796145],[139.042616,35.796141],[139.042841,35.796187]]}},{"type":"Feature","properties":{"id":801643946,"highway":"residential"},"geometry":{"type":"LineString","coordinates":[[139.042841,35.796187],[139.043226,35.796265],[139.043318,35.796282]]}},{"type":"Feature","properties":{"id":801643947,"highway":"residential"},"geometry":{"type":"LineString","coordinates":[[139.042628,35.796002],[139.042714,35.796036],[139.042786,35.796082],[139.042843,35.796144],[139.042841,35.796187]]}},{"type":"Feature","properties":{"id":801643948,"highway":"residential"},"geometry":{"type":"LineString","coordinates":[[139.042259,35.796324],[139.042548,35.796284],[139.042816,35.796286],[139.04301,35.796286],[139.043174,35.796297],[139.043318,35.796282]]}},{"type":"Feature","properties":{"id":801643949,"highway":"residential"},"geometry":{"type":"LineString","coordinates":[[139.041946,35.796397],[139.041919,35.796435],[139.041809,35.796474],[139.04168,35.79652],[139.041424,35.796586],[139.041366,35.796599],[139.041314,35.796609],[139.041302,35.796632]]}},{"type":"Feature","properties":{"id":887065180,"highway":"trunk"},"geometry":{"type":"LineString","coordinates":[[139.000294,35.775488],[139.000473,35.775612]]}},{"type":"Feature","properties":{"id":977536235,"highway":"trunk"},"geometry":{"type":"LineString","coordinates":[[139.057122,35.794307],[139.057106,35.794306],[139.056917,35.794299],[139.056848,35.794297]]}},{"type":"Feature","properties":{"id":977536236,"highway":"trunk"},"geometry":{"type":"LineString","coordinates":[[139.057223,35.794309],[139.057122,35.794307]]}},{"type":"Feature","properties":{"id":977536237,"highway":"service"},"geometry":{"type":"LineString","coordinates":[[139.057122,35.794301],[139.057106,35.794306]]}},{"type":"Feature","properties":{"id":977536238,"highway":"service"},"geometry":{"type":"LineString","coordinates":[[139.057202,35.794273],[139.057122,35.794301]]}},{"type":"Feature","properties":{"id":1013521098,"highway":"secondary"},"geometry":{"type":"LineString","coordinates":[[139.081898,35.739991],[139.082156,35.739785],[139.082361,35.739638],[139.082576,35.739473],[139.08271,35.739363],[139.082819,35.73925],[139.082867,35.73921],[139.082927,35.739169],[139.082991,35.73916],[139.083064,35.739158],[139.083132,35.739167],[139.083207,35.739194],[139.083306,35.739253],[139.08339,35.739331],[139.083449,35.739406],[139.083517,35.739457],[139.08355,35.739479],[139.083584,35.73949],[139.083698,35.739516],[139.083751,35.739532],[139.083796,35.739564],[139.083833,35.739624],[139.083856,35.739683],[139.083859,35.739738],[139.083854,35.739788],[139.083824,35.739886],[139.083813,35.739946],[139.083819,35.739991],[139.083834,35.740031],[139.083885,35.740093],[139.083945,35.74015],[139.08418,35.740331],[139.084249,35.740355],[139.084296,35.740367],[139.084368,35.740369],[139.084437,35.740358],[139.084497,35.740336],[139.084552,35.740307]]}},{"type":"Feature","properties":{"id":1013521099,"highway":"secondary"},"geometry":{"type":"LineString","coordinates":[[139.084552,35.740307],[139.084609,35.740256]]}},{"type":"Feature","properties":{"id":1013521100,"highway":"secondary"},"geometry":{"type":"LineString","coordinates":[[139.084609,35.740256],[139.084644,35.740216],[139.084745,35.740037],[139.0849,35.739784],[139.084997,35.739667],[139.085226,35.739449],[139.08533,35.739305],[139.085513,35.738973]]}},{"type":"Feature","properties":{"id":1013521101,"highway":"secondary"},"geometry":{"type":"LineString","coordinates":[[139.085513,35.738973],[139.085606,35.738794]]}},{"type":"Feature","properties":{"id":1013521102,"highway":"secondary"},"geometry":{"type":"LineString","coordinates":[[139.085606,35.738794],[139.085706,35.738645],[139.085788,35.738571],[139.08592,35.738498],[139.086247,35.738414],[139.086376,35.738402],[139.086493,35.738403],[139.086598,35.738435],[139.086645,35.738472],[139.086688,35.738542],[139.086702,35.738598],[139.086713,35.738639],[139.086735,35.738865],[139.086768,35.738981],[139.086836,35.739078],[139.086954,35.739199],[139.087079,35.739267],[139.087538,35.739453],[139.087683,35.739503],[139.087809,35.739516],[139.088031,35.739508],[139.088207,35.739468],[139.088336,35.739423],[139.088487,35.739348],[139.088649,35.739226],[139.08879,35.739097],[139.089187,35.738673],[139.089305,35.738544],[139.089398,35.738379],[139.089511,35.738117],[139.089595,35.737926],[139.089684,35.737701],[139.089736,35.737496],[139.089763,35.737324],[139.089813,35.737252],[139.089887,35.737207],[139.089986,35.737194],[139.090094,35.73722],[139.090381,35.737324],[139.090668,35.737441]]}},{"type":"Feature","properties":{"id":1013521103,"highway":"secondary"},"geometry":{"type":"LineString","coordinates":[[139.090668,35.737441],[139.090723,35.737465]]}},{"type":"Feature","properties":{"id":1013521112,"highway":"secondary"},"geometry":{"type":"LineString","coordinates":[[139.090723,35.737465],[139.090962,35.737552],[139.091101,35.737569],[139.091212,35.737562],[139.091364,35.737534],[139.091519,35.737474],[139.09162,35.737412],[139.091916,35.737158],[139.091967,35.737085],[139.092009,35.736987],[139.092005,35.736887],[139.091882,35.736653],[139.091873,35.736573],[139.091915,35.736328],[139.091935,35.736279],[139.091968,35.736232],[139.09203,35.736179],[139.092107,35.736145],[139.092377,35.736058],[139.092446,35.73603],[139.092505,35.736003],[139.092553,35.73597],[139.092623,35.735902],[139.092875,35.735627],[139.09293,35.735579],[139.092993,35.735535],[139.093053,35.735518],[139.093116,35.735512],[139.093184,35.735519],[139.093245,35.735544],[139.093291,35.735586],[139.093504,35.73584],[139.093583,35.73592],[139.093683,35.735992],[139.093764,35.736034],[139.093871,35.736069],[139.093977,35.736086],[139.094088,35.736087],[139.094306,35.736068],[139.094405,35.736047],[139.094487,35.736019],[139.094546,35.73599],[139.094624,35.735942],[139.094954,35.735726],[139.095086,35.735637],[139.095177,35.735571],[139.095244,35.735501],[139.095287,35.735444],[139.095321,35.735381],[139.095356,35.735301],[139.09539,35.735264],[139.095435,35.735235],[139.095489,35.735225],[139.095548,35.73523],[139.095605,35.735247],[139.09565,35.735281],[139.09569,35.735315],[139.095873,35.735493],[139.096113,35.735702],[139.096167,35.73574],[139.096214,35.73576],[139.096266,35.735771]]}},{"type":"Feature","properties":{"id":1013521113,"highway":"secondary"},"geometry":{"type":"LineString","coordinates":[[139.096266,35.735771],[139.096332,35.735775]]}},{"type":"Feature","properties":{"id":1013521859,"highway":"secondary"},"geometry":{"type":"LineString","coordinates":[[139.040073,35.73267],[139.040026,35.732613],[139.039989,35.732497],[139.039996,35.732361],[139.040034,35.732212],[139.040134,35.731862],[139.040184,35.731662],[139.040201,35.73153],[139.040189,35.73139],[139.040145,35.731001],[139.040079,35.730753],[139.040036,35.730541],[139.040033,35.730382],[139.040055,35.730263],[139.040102,35.73017],[139.040243,35.729912],[139.040434,35.729589],[139.04058,35.729361],[139.040756,35.729107],[139.040811,35.729023],[139.040984,35.72876],[139.041097,35.728581],[139.041261,35.728339],[139.041341,35.728219],[139.041381,35.728127],[139.041402,35.728032],[139.041407,35.727953],[139.041387,35.727867],[139.041359,35.727784],[139.041304,35.727717],[139.041221,35.727659],[139.041079,35.727595],[139.040748,35.727511],[139.040511,35.727449],[139.040429,35.727415],[139.040361,35.727362],[139.040325,35.72731]]}},{"type":"Feature","properties":{"id":1013521860,"highway":"secondary"},"geometry":{"type":"LineString","coordinates":[[139.040127,35.732732],[139.040073,35.73267]]}},{"type":"Feature","properties":{"id":1013521861,"highway":"secondary"},"geometry":{"type":"LineString","coordinates":[[139.021376,35.760529],[139.021498,35.760477],[139.021612,35.760462],[139.021873,35.760478],[139.022269,35.760538],[139.022449,35.760552],[139.022637,35.760559],[139.023053,35.760547],[139.023182,35.760551],[139.023324,35.760571],[139.02358,35.760627],[139.023687,35.760633],[139.023781,35.760617],[139.023865,35.76059],[139.023923,35.760546],[139.02396,35.760511],[139.023994,35.760451],[139.024004,35.76038],[139.024001,35.760301],[139.023986,35.760232],[139.023944,35.760156],[139.023896,35.760082],[139.023868,35.760007],[139.023858,35.759929],[139.023854,35.759843],[139.023862,35.759746],[139.023873,35.759639],[139.023869,35.759557],[139.023855,35.759478],[139.023825,35.759397],[139.023784,35.759316],[139.023652,35.759088],[139.023575,35.758965],[139.023522,35.75887],[139.023476,35.758791],[139.02344,35.758725],[139.023392,35.758625],[139.023366,35.758508],[139.023367,35.758421],[139.023403,35.758325],[139.023467,35.758179],[139.023696,35.757646],[139.023836,35.757158],[139.023949,35.756722],[139.02397,35.756665],[139.024002,35.756608],[139.024053,35.756545],[139.024119,35.75649],[139.024223,35.756432],[139.024603,35.756311],[139.025054,35.756141],[139.025264,35.756073],[139.02541,35.756031],[139.025512,35.75599],[139.025578,35.755954],[139.02567,35.755887],[139.02575,35.755817],[139.026087,35.755505],[139.026437,35.755192],[139.026877,35.754795],[139.027116,35.754585],[139.027209,35.754506],[139.027273,35.754453],[139.027331,35.754399],[139.027397,35.754364],[139.027487,35.75434],[139.027615,35.754333],[139.027721,35.754357],[139.027819,35.754403],[139.027882,35.754448],[139.027926,35.754496],[139.027966,35.754556]]}},{"type":"Feature","properties":{"id":1013521863,"highway":"secondary"},"geometry":{"type":"LineString","coordinates":[[139.040301,35.727217],[139.040315,35.727155],[139.040353,35.727106],[139.040407,35.727075],[139.040479,35.727065],[139.04062,35.727077],[139.040709,35.727078],[139.040815,35.727071],[139.04097,35.727043],[139.04109,35.72702],[139.041212,35.727025],[139.041369,35.727056],[139.041551,35.727093],[139.041733,35.72716],[139.04187,35.727221],[139.042055,35.72728],[139.042226,35.727321],[139.042414,35.727348],[139.04259,35.727361],[139.042806,35.727366]]}},{"type":"Feature","properties":{"id":1013521864,"highway":"secondary"},"geometry":{"type":"LineString","coordinates":[[139.040325,35.72731],[139.040301,35.727217]]}},{"type":"Feature","properties":{"id":1013521866,"highway":"secondary"},"geometry":{"type":"LineString","coordinates":[[139.027966,35.754556],[139.02799,35.75462],[139.027997,35.754709],[139.027989,35.754799]]}},{"type":"Feature","properties":{"id":1013521867,"highway":"secondary"},"geometry":{"type":"LineString","coordinates":[[139.042942,35.727372],[139.043066,35.727374],[139.043196,35.727374],[139.043276,35.727364]]}},{"type":"Feature","properties":{"id":1013521868,"highway":"secondary"},"geometry":{"type":"LineString","coordinates":[[139.042806,35.727366],[139.042942,35.727372]]}},{"type":"Feature","properties":{"id":1047432323,"highway":"residential"},"geometry":{"type":"LineString","coordinates":[[139.064038,35.742343],[139.063876,35.742425],[139.063703,35.742508],[139.063592,35.742553]]}},{"type":"Feature","properties":{"id":1047432327,"highway":"unclassified"},"geometry":{"type":"LineString","coordinates":[[139.081694,35.740674],[139.081774,35.740668],[139.081853,35.740652],[139.081894,35.740634],[139.081919,35.740603],[139.081922,35.740569],[139.081917,35.740519],[139.0819,35.740477],[139.081786,35.740361],[139.081753,35.740312],[139.081735,35.740255],[139.081727,35.740196],[139.081702,35.74009]]}},{"type":"Feature","properties":{"id":1047432328,"highway":"unclassified"},"geometry":{"type":"LineString","coordinates":[[139.081614,35.740693],[139.081694,35.740674]]}},{"type":"Feature","properties":{"id":1047432329,"highway":"unclassified"},"geometry":{"type":"LineString","coordinates":[[139.080296,35.750491],[139.080577,35.750053],[139.080859,35.749707],[139.080946,35.749635],[139.081036,35.749594],[139.081137,35.749567],[139.081277,35.74955],[139.081368,35.749531],[139.081423,35.749509],[139.081559,35.749451],[139.081679,35.749382],[139.081763,35.749314],[139.081857,35.749225],[139.081941,35.749122],[139.082012,35.748998],[139.082105,35.748902],[139.082226,35.748802],[139.082253,35.748739]]}},{"type":"Feature","properties":{"id":1047432330,"highway":"unclassified"},"geometry":{"type":"LineString","coordinates":[[139.082253,35.748739],[139.082263,35.748686]]}},{"type":"Feature","properties":{"id":1047432333,"highway":"unclassified"},"geometry":{"type":"LineString","coordinates":[[139.074415,35.740585],[139.074479,35.740571]]}},{"type":"Feature","properties":{"id":1047432334,"highway":"unclassified"},"geometry":{"type":"LineString","coordinates":[[139.074328,35.740583],[139.074358,35.740588],[139.074384,35.74059],[139.074415,35.740585]]}},{"type":"Feature","properties":{"id":1060056686,"highway":"service"},"geometry":{"type":"LineString","coordinates":[[139.066984,35.740927],[139.067006,35.741262],[139.067015,35.741351],[139.067021,35.741411],[139.067081,35.741568],[139.067172,35.741723]]}},{"type":"Feature","properties":{"id":1060056687,"highway":"service"},"geometry":{"type":"LineString","coordinates":[[139.065449,35.741559],[139.065638,35.74171],[139.065733,35.741814],[139.065831,35.741946],[139.065889,35.741988],[139.065947,35.741992],[139.066174,35.741978],[139.066329,35.741933]]}},{"type":"Feature","properties":{"id":1060293371,"highway":"service"},"geometry":{"type":"LineString","coordinates":[[139.064579,35.741977],[139.064603,35.742097],[139.064606,35.742187],[139.064582,35.74231],[139.064607,35.742398]]}},{"type":"Feature","properties":{"id":1060584968,"highway":"service"},"geometry":{"type":"LineString","coordinates":[[139.064913,35.742137],[139.064865,35.741923]]}},{"type":"Feature","properties":{"id":1060584969,"highway":"service"},"geometry":{"type":"LineString","coordinates":[[139.064236,35.7422],[139.064295,35.742258],[139.06431,35.742287],[139.064306,35.742331],[139.064238,35.742519],[139.064226,35.742555],[139.064206,35.742644]]}},{"type":"Feature","properties":{"id":1078113852,"highway":"unclassified"},"geometry":{"type":"LineString","coordinates":[[139.074073,35.709494],[139.074149,35.709626],[139.074251,35.709786],[139.07425,35.709871],[139.074229,35.709965],[139.074155,35.71018],[139.074111,35.710292],[139.074255,35.710425]]}},{"type":"Feature","properties":{"id":1078871267,"highway":"trunk"},"geometry":{"type":"LineString","coordinates":[[139.059763,35.794221],[139.059723,35.794217],[139.059669,35.794205]]}},{"type":"Feature","properties":{"id":1078871268,"highway":"trunk"},"geometry":{"type":"LineString","coordinates":[[139.059669,35.794205],[139.059595,35.794179]]}},{"type":"Feature","properties":{"id":1078871271,"highway":"trunk"},"geometry":{"type":"LineString","coordinates":[[139.065725,35.794843],[139.065454,35.794879],[139.06532,35.794882],[139.065149,35.794875]]}},{"type":"Feature","properties":{"id":1078871272,"highway":"trunk"},"geometry":{"type":"LineString","coordinates":[[139.065149,35.794875],[139.065036,35.794859],[139.064861,35.79482]]}},{"type":"Feature","properties":{"id":1087006554,"highway":"secondary"},"geometry":{"type":"LineString","coordinates":[[139.043276,35.727364],[139.043357,35.727326],[139.043472,35.727239],[139.04358,35.72712],[139.043687,35.727044],[139.043795,35.726985],[139.04391,35.726945],[139.044063,35.726903],[139.044186,35.726877],[139.0443,35.726888],[139.044455,35.726951],[139.044633,35.72704],[139.044769,35.72711],[139.044896,35.727151],[139.045031,35.72715],[139.045197,35.727124],[139.045393,35.727057],[139.045501,35.726996],[139.045639,35.726865],[139.045695,35.726803],[139.045752,35.72674],[139.045852,35.726644],[139.04595,35.726581],[139.046045,35.726536],[139.046367,35.7264],[139.046492,35.726365],[139.046568,35.726345],[139.04666,35.72636],[139.046739,35.726389],[139.046812,35.726437],[139.046868,35.726506],[139.046994,35.72664],[139.047058,35.726693],[139.047129,35.726717],[139.047192,35.726725],[139.047281,35.726718],[139.04737,35.726706],[139.047644,35.72666],[139.04792,35.726605],[139.0483,35.726518],[139.048673,35.726433],[139.048957,35.726372],[139.049257,35.726315],[139.049384,35.726303],[139.049513,35.726304],[139.049659,35.726325],[139.04983,35.726353],[139.049993,35.726341],[139.050139,35.726311],[139.050347,35.726224],[139.050581,35.726111],[139.050908,35.725955],[139.051092,35.725857],[139.051243,35.725756],[139.051416,35.725614],[139.051626,35.72542],[139.05182,35.725254],[139.052006,35.725091],[139.052129,35.725003],[139.052202,35.724953],[139.052268,35.724928],[139.052358,35.724917],[139.052437,35.724918],[139.052519,35.724915],[139.052607,35.724898],[139.052675,35.724874],[139.05274,35.724851],[139.053428,35.724586]]}},{"type":"Feature","properties":{"id":1087006555,"highway":"secondary"},"geometry":{"type":"LineString","coordinates":[[139.053428,35.724586],[139.053754,35.72448]]}},{"type":"Feature","properties":{"id":1087006564,"highway":"secondary"},"geometry":{"type":"LineString","coordinates":[[139.077614,35.713126],[139.078161,35.712999],[139.078247,35.712988],[139.078315,35.712986],[139.078385,35.712995],[139.078615,35.713082],[139.078714,35.71311],[139.078828,35.713123],[139.078929,35.713126],[139.079047,35.713121],[139.079224,35.713129],[139.079312,35.713143],[139.079386,35.713192],[139.07944,35.713261],[139.079713,35.713675],[139.079961,35.713986],[139.080157,35.714202],[139.080285,35.714276],[139.080403,35.714303],[139.080523,35.714298],[139.08097,35.714155],[139.081063,35.714113],[139.081135,35.714069],[139.081304,35.713927],[139.081471,35.713777],[139.081533,35.713712],[139.081579,35.71364],[139.081612,35.713574],[139.081694,35.713339],[139.081809,35.713085],[139.081925,35.712966],[139.082039,35.712895],[139.082157,35.712842],[139.082492,35.712756],[139.082917,35.712683],[139.083064,35.712655],[139.083177,35.712618],[139.083357,35.712536],[139.083515,35.712421],[139.083637,35.712348],[139.083747,35.712294],[139.083878,35.712275],[139.084014,35.712297],[139.084143,35.712345],[139.084543,35.712548],[139.084951,35.712727],[139.085455,35.712935],[139.085871,35.713122]]}},{"type":"Feature","properties":{"id":1087006565,"highway":"secondary"},"geometry":{"type":"LineString","coordinates":[[139.077345,35.713188],[139.077614,35.713126]]}},{"type":"Feature","properties":{"id":1087266663,"highway":"residential"},"geometry":{"type":"LineString","coordinates":[[139.091668,35.735992],[139.091732,35.736056],[139.091775,35.736096],[139.091809,35.736108],[139.091859,35.736116],[139.091903,35.736107],[139.092361,35.735969],[139.092431,35.735938],[139.092479,35.735913],[139.092553,35.73597]]}},{"type":"Feature","properties":{"id":1087266664,"highway":"residential"},"geometry":{"type":"LineString","coordinates":[[139.09969,35.734063],[139.099667,35.734035],[139.099667,35.734001],[139.099769,35.733795],[139.099799,35.733728],[139.099916,35.733501],[139.099953,35.733444],[139.099996,35.733413],[139.100048,35.733405],[139.10009,35.733401],[139.100145,35.733426],[139.100189,35.733455],[139.100262,35.733537],[139.100353,35.733624],[139.10041,35.733674],[139.100448,35.733723],[139.100552,35.733857],[139.100674,35.733941],[139.100719,35.734014],[139.100694,35.734076]]}},{"type":"Feature","properties":{"id":1087266665,"highway":"residential"},"geometry":{"type":"LineString","coordinates":[[139.099799,35.733728],[139.099991,35.733744],[139.100157,35.733721],[139.100278,35.733733],[139.100358,35.733732],[139.100448,35.733723]]}},{"type":"Feature","properties":{"id":1087922721,"highway":"trunk"},"geometry":{"type":"LineString","coordinates":[[139.052498,35.793925],[139.052439,35.793928],[139.052368,35.793936],[139.052306,35.793945],[139.051759,35.794112],[139.051521,35.794184],[139.051436,35.794204],[139.051397,35.794208],[139.051359,35.794208],[139.05131,35.794206]]}},{"type":"Feature","properties":{"id":1087922722,"highway":"trunk"},"geometry":{"type":"LineString","coordinates":[[139.05131,35.794206],[139.051279,35.794198]]}},{"type":"Feature","properties":{"id":1087922723,"highway":"unclassified"},"geometry":{"type":"LineString","coordinates":[[139.002329,35.794626],[139.003067,35.794511],[139.003532,35.794421],[139.003892,35.794297],[139.004371,35.794214],[139.004493,35.794199],[139.004868,35.794186],[139.005528,35.794047],[139.005661,35.794],[139.005765,35.793906],[139.005893,35.793707],[139.006151,35.793444],[139.006254,35.793395],[139.006487,35.793376],[139.006699,35.793396],[139.006833,35.793423],[139.007249,35.793561],[139.007475,35.793606],[139.007757,35.793599],[139.008059,35.793542],[139.008207,35.793517],[139.00866,35.793513],[139.00872,35.793549],[139.008757,35.793593],[139.008778,35.793681],[139.008848,35.793939],[139.008913,35.794026],[139.008988,35.794055],[139.009067,35.794027],[139.009216,35.793898],[139.009301,35.793818],[139.00942,35.793538],[139.009418,35.793434],[139.009377,35.793057],[139.00938,35.792959],[139.009419,35.792902]]}},{"type":"Feature","properties":{"id":1087922724,"highway":"unclassified"},"geometry":{"type":"LineString","coordinates":[[139.009419,35.792902],[139.009718,35.79266]]}},{"type":"Feature","properties":{"id":1087922729,"highway":"unclassified"},"geometry":{"type":"LineString","coordinates":[[139.001934,35.794687],[139.002223,35.794642]]}},{"type":"Feature","properties":{"id":1087922730,"highway":"unclassified"},"geometry":{"type":"LineString","coordinates":[[139.002223,35.794642],[139.002329,35.794626]]}},{"type":"Feature","properties":{"id":1087922731,"highway":"tertiary"},"geometry":{"type":"LineString","coordinates":[[139.015477,35.786173],[139.015473,35.78606],[139.015451,35.785983],[139.015377,35.785854],[139.015347,35.785758],[139.015357,35.785602],[139.015373,35.78557],[139.015426,35.785528],[139.015543,35.785468],[139.015618,35.785398],[139.015688,35.785306],[139.015724,35.78518],[139.015789,35.785055],[139.015863,35.784919],[139.015888,35.784846],[139.015886,35.784646],[139.015886,35.784582],[139.015867,35.784498],[139.015874,35.784273],[139.015911,35.78411],[139.015899,35.784011],[139.015751,35.783701],[139.015725,35.783538],[139.015735,35.783306],[139.015755,35.783077],[139.01577,35.782759],[139.015749,35.782623],[139.015671,35.782366],[139.015544,35.782106],[139.01541,35.781843],[139.015181,35.781649],[139.014995,35.781512],[139.014957,35.781451],[139.014961,35.781356],[139.015181,35.781005],[139.015301,35.780913],[139.015537,35.780837],[139.015662,35.780748],[139.015929,35.780375],[139.015966,35.780325],[139.016019,35.780252],[139.016092,35.780155],[139.016187,35.780071]]}},{"type":"Feature","properties":{"id":1087922732,"highway":"tertiary"},"geometry":{"type":"LineString","coordinates":[[139.015446,35.786228],[139.015477,35.786173]]}},{"type":"Feature","properties":{"id":1087922733,"highway":"unclassified"},"geometry":{"type":"LineString","coordinates":[[139.009718,35.79266],[139.009811,35.792584],[139.009927,35.792552],[139.010382,35.792554],[139.010673,35.792599],[139.010722,35.792589],[139.010779,35.792552],[139.011095,35.792414],[139.011232,35.792377],[139.011449,35.792377],[139.012074,35.792487],[139.012282,35.792508],[139.012328,35.792486],[139.012548,35.792298],[139.012826,35.792069],[139.012962,35.791927],[139.013067,35.791798],[139.013223,35.791635],[139.013305,35.791396],[139.013294,35.791208],[139.01322,35.791074],[139.013134,35.790872],[139.013017,35.790752],[139.012909,35.790636]]}},{"type":"Feature","properties":{"id":1087922734,"highway":"tertiary"},"geometry":{"type":"LineString","coordinates":[[139.014217,35.79061],[139.014262,35.790571]]}},{"type":"Feature","properties":{"id":1098243673,"highway":"tertiary"},"geometry":{"type":"LineString","coordinates":[[139.012909,35.790636],[139.012871,35.790524],[139.012881,35.790383],[139.012959,35.790323],[139.013119,35.790318],[139.013306,35.790382],[139.013761,35.790558],[139.014017,35.790638],[139.014132,35.790642],[139.014217,35.79061]]}},{"type":"Feature","properties":{"id":1167560074,"highway":"unclassified"},"geometry":{"type":"LineString","coordinates":[[139.050923,35.725641],[139.051096,35.725671],[139.051195,35.725662],[139.051375,35.725603],[139.051416,35.725614]]}},{"type":"Feature","properties":{"id":1167560075,"highway":"unclassified"},"geometry":{"type":"LineString","coordinates":[[139.050615,35.725552],[139.050923,35.725641]]}},{"type":"Feature","properties":{"id":1169604693,"highway":"secondary"},"geometry":{"type":"LineString","coordinates":[[139.021173,35.760758],[139.021195,35.760707],[139.021217,35.760675],[139.021263,35.760624],[139.021321,35.760573],[139.021376,35.760529]]}},{"type":"Feature","properties":{"id":1183048424,"highway":"unclassified"},"geometry":{"type":"LineString","coordinates":[[139.079506,35.789045],[139.079552,35.789057],[139.079574,35.789076],[139.079571,35.789137],[139.079557,35.78918]]}},{"type":"Feature","properties":{"id":1183048425,"highway":"unclassified"},"geometry":{"type":"LineString","coordinates":[[139.079557,35.78918],[139.079538,35.789245]]}},{"type":"Feature","properties":{"id":1264230854,"highway":"residential"},"geometry":{"type":"LineString","coordinates":[[139.083039,35.799138],[139.083037,35.799258],[139.083022,35.799422]]}},{"type":"Feature","properties":{"id":1264230856,"highway":"unclassified"},"geometry":{"type":"LineString","coordinates":[[139.084532,35.799709],[139.084518,35.799616],[139.0845,35.799524],[139.084478,35.799357],[139.084452,35.799308],[139.084419,35.799265],[139.084379,35.799227],[139.084343,35.799208],[139.0843,35.799195],[139.084222,35.799191]]}},{"type":"Feature","properties":{"id":1264230857,"highway":"unclassified"},"geometry":{"type":"LineString","coordinates":[[139.055608,35.79045],[139.055611,35.790385],[139.055624,35.790156],[139.055641,35.789943],[139.055643,35.789892]]}},{"type":"Feature","properties":{"id":1264230861,"highway":"residential"},"geometry":{"type":"LineString","coordinates":[[139.048272,35.794827],[139.048419,35.794844],[139.048735,35.79491]]}},{"type":"Feature","properties":{"id":1264230862,"highway":"service"},"geometry":{"type":"LineString","coordinates":[[139.049147,35.794853],[139.049199,35.794844]]}},{"type":"Feature","properties":{"id":1264230863,"highway":"trunk"},"geometry":{"type":"LineString","coordinates":[[139.047212,35.794255],[139.047102,35.794261],[139.046961,35.79425],[139.046838,35.794209]]}},{"type":"Feature","properties":{"id":1281966971,"highway":"secondary"},"geometry":{"type":"LineString","coordinates":[[139.07905,35.741224],[139.079004,35.741262],[139.078808,35.741416],[139.07855,35.741651],[139.07836,35.741779],[139.078326,35.741809],[139.078265,35.741855],[139.078194,35.741897],[139.078106,35.741942],[139.078017,35.741976]]}},{"type":"Feature","properties":{"id":1281966972,"highway":"secondary"},"geometry":{"type":"LineString","coordinates":[[139.079318,35.741141],[139.079231,35.741139],[139.079166,35.741157],[139.079108,35.741182],[139.07905,35.741224]]}},{"type":"Feature","properties":{"id":1492984994,"highway":"secondary"},"geometry":{"type":"LineString","coordinates":[[139.031444,35.737423],[139.031348,35.737313],[139.031296,35.73724],[139.03124,35.737157],[139.031207,35.73706],[139.031206,35.736982],[139.031219,35.736891],[139.031269,35.736537],[139.03129,35.736419],[139.031306,35.736289],[139.031274,35.736165],[139.031225,35.73608],[139.031133,35.735979],[139.030951,35.735853],[139.030763,35.735744],[139.030613,35.735661],[139.030502,35.735582],[139.030433,35.73551],[139.030398,35.735433],[139.030386,35.735351],[139.030395,35.73527],[139.030406,35.735247],[139.030441,35.735209],[139.030474,35.735183],[139.030517,35.735148],[139.03061,35.735118],[139.03069,35.735109],[139.030816,35.73512],[139.030924,35.735183],[139.031001,35.73527],[139.031071,35.735384],[139.031135,35.735534],[139.031194,35.735626],[139.031248,35.735681],[139.031348,35.735752],[139.031447,35.735816],[139.031557,35.735882],[139.031644,35.735958],[139.031683,35.736014],[139.031703,35.736056],[139.031721,35.736092],[139.03174,35.736161],[139.031738,35.736227],[139.031713,35.736317],[139.031701,35.736416],[139.031712,35.736513],[139.031742,35.736584],[139.031805,35.73665],[139.031869,35.736714],[139.031975,35.736757],[139.032101,35.736774],[139.032208,35.736762],[139.032306,35.736726],[139.0324,35.736673],[139.032515,35.73657],[139.032668,35.736444],[139.032808,35.736352],[139.032932,35.7363],[139.033071,35.736261],[139.033199,35.736237],[139.033476,35.736204],[139.033708,35.736174],[139.03396,35.73613],[139.034154,35.736092],[139.034318,35.736047],[139.034492,35.735984],[139.034654,35.735915],[139.034866,35.735807],[139.035178,35.735644],[139.035433,35.73552],[139.035598,35.735432],[139.03572,35.735385],[139.035838,35.735356],[139.036004,35.73535],[139.03617,35.735371],[139.036301,35.735368],[139.036387,35.735343],[139.036476,35.735298],[139.036575,35.735216],[139.036709,35.735095],[139.036825,35.735012],[139.036954,35.734952],[139.037091,35.734926],[139.03721,35.734922],[139.037406,35.734943],[139.037894,35.735004],[139.038016,35.735009],[139.038352,35.735012],[139.038728,35.734922]]}},{"type":"Feature","properties":{"id":1492984995,"highway":"secondary"},"geometry":{"type":"LineString","coordinates":[[139.038728,35.734922],[139.039232,35.734902]]}}]}