{"type":"FeatureCollection","features":[{"type":"Feature","properties":{"id":27263645,"highway":"secondary"},"geometry":{"type":"LineString","coordinates":[[139.149932,35.590786],[139.149863,35.590723],[139.149842,35.590686],[139.149821,35.590649],[139.149816,35.590556],[139.149844,35.590468],[139.149884,35.590385],[139.150024,35.590164],[139.150087,35.590046],[139.150137,35.589931],[139.150181,35.589805],[139.1502,35.589702],[139.150198,35.589627],[139.150177,35.589509],[139.150158,35.589409],[139.150153,35.589331],[139.150163,35.589255],[139.150194,35.589138],[139.150213,35.589054],[139.150219,35.58899],[139.150209,35.588924],[139.150101,35.588582],[139.149882,35.587958],[139.149838,35.587826],[139.149778,35.5877],[139.149722,35.587603],[139.149651,35.587538]]}},{"type":"Feature","properties":{"id":32636461,"highway":"primary"},"geometry":{"type":"LineString","coordinates":[[139.108422,35.581814],[139.108645,35.581831],[139.108823,35.58183],[139.109001,35.581815],[139.109174,35.581786],[139.109445,35.581727],[139.109625,35.581674],[139.10975,35.581633],[139.109871,35.581574],[139.109912,35.581549],[139.109933,35.581536],[139.110003,35.581489],[139.110088,35.581412],[139.110179,35.581321],[139.110278,35.581258],[139.110369,35.581229],[139.110388,35.581222],[139.110583,35.581228],[139.110691,35.581241],[139.110956,35.581271],[139.111377,35.581313],[139.111641,35.581345],[139.111869,35.581364],[139.111882,35.581371],[139.111967,35.581389],[139.112089,35.581432],[139.112201,35.581481],[139.112266,35.581504],[139.112332,35.581527],[139.112387,35.581541],[139.112448,35.581557],[139.112548,35.581559],[139.113016,35.581537],[139.113409,35.581518],[139.113619,35.581516],[139.113814,35.581527],[139.113998,35.581563],[139.114178,35.581602],[139.114846,35.581784],[139.115009,35.581835],[139.115146,35.581897],[139.115283,35.581982],[139.115405,35.582072],[139.115499,35.582174],[139.115691,35.582377],[139.115832,35.582535],[139.115959,35.582631],[139.116108,35.582714],[139.11626,35.582774],[139.116501,35.58287],[139.116959,35.583049],[139.117073,35.583087],[139.117191,35.583109],[139.117302,35.583119],[139.117404,35.583116],[139.117526,35.583094],[139.117632,35.583059],[139.117717,35.583027],[139.117994,35.582885],[139.118206,35.582778],[139.118289,35.582735],[139.118375,35.582697],[139.118471,35.582662],[139.118575,35.582627],[139.118723,35.582586],[139.118938,35.582554],[139.119132,35.582534],[139.11933,35.582513],[139.119846,35.582476],[139.120078,35.582456],[139.120361,35.58243],[139.120628,35.582409],[139.120892,35.582386],[139.121159,35.582377],[139.121199,35.582377],[139.121348,35.582376],[139.121453,35.582377],[139.121607,35.58239],[139.121845,35.582403],[139.122021,35.582397],[139.122272,35.582373],[139.122466,35.582338],[139.122584,35.582311],[139.122715,35.582294],[139.12284,35.582285],[139.122966,35.582293],[139.123077,35.582318],[139.123187,35.582364],[139.12326,35.582403],[139.123292,35.58242],[139.123393,35.582485],[139.123492,35.582566],[139.12366,35.582702],[139.123809,35.582825],[139.12389,35.582922],[139.123952,35.58301],[139.124059,35.583163],[139.124104,35.583216],[139.12416,35.583273],[139.124232,35.583312],[139.124326,35.583341],[139.124575,35.58338],[139.124753,35.583422],[139.12492,35.583471],[139.125043,35.583528],[139.125182,35.583594],[139.125285,35.583657],[139.125353,35.583693],[139.125456,35.58373],[139.125545,35.583746],[139.125669,35.583777],[139.125756,35.583815],[139.12581,35.583868],[139.125839,35.583931],[139.125843,35.584004],[139.12585,35.584219],[139.125843,35.58428],[139.125814,35.584346],[139.125774,35.584408],[139.125683,35.584524],[139.125613,35.584615]]}},{"type":"Feature","properties":{"id":32728630,"highway":"tertiary"},"geometry":{"type":"LineString","coordinates":[[139.123487,35.542105],[139.123492,35.542223],[139.123493,35.542339],[139.123511,35.542534],[139.123532,35.542581],[139.123573,35.54264],[139.123625,35.542676],[139.123731,35.542751],[139.123887,35.542846],[139.124092,35.542967],[139.124239,35.54307],[139.124314,35.543122],[139.124362,35.543166],[139.124402,35.543217],[139.124495,35.5434],[139.124592,35.543623],[139.124657,35.543798],[139.124686,35.543853],[139.124715,35.543898],[139.124767,35.543952],[139.124836,35.543988],[139.124903,35.54401],[139.124971,35.544022],[139.125063,35.544033],[139.125333,35.544043],[139.125613,35.544077],[139.125689,35.544086],[139.125955,35.544149],[139.126312,35.544241],[139.126437,35.544278],[139.126517,35.544303],[139.126605,35.544328],[139.126751,35.544375],[139.126962,35.54444],[139.127024,35.544458],[139.12708,35.54446],[139.127147,35.544451],[139.127202,35.544427],[139.127253,35.54439],[139.127304,35.544336],[139.12735,35.544269],[139.127391,35.544192],[139.127408,35.544131],[139.127439,35.54401],[139.127463,35.54394],[139.127502,35.543882],[139.127628,35.543756],[139.12769,35.54368],[139.127734,35.543612],[139.127807,35.54348],[139.127856,35.543434],[139.127922,35.543383],[139.127962,35.543375],[139.128001,35.543376],[139.128029,35.543376]]}},{"type":"Feature","properties":{"id":33042503,"highway":"secondary"},"geometry":{"type":"LineString","coordinates":[[139.150269,35.581156],[139.150433,35.581254],[139.150581,35.581353],[139.150767,35.581473],[139.15082,35.581502],[139.150917,35.581541],[139.15103,35.581568],[139.151109,35.581582],[139.151196,35.581579],[139.151513,35.581538],[139.151863,35.581508],[139.152248,35.581495],[139.152388,35.58149],[139.152565,35.581499],[139.152641,35.581509],[139.152733,35.58152],[139.152897,35.581547],[139.153061,35.581575],[139.15321,35.58161],[139.153407,35.581675],[139.15351,35.581695],[139.153613,35.581704],[139.153813,35.581699],[139.153895,35.581697],[139.153962,35.581714],[139.154014,35.581748],[139.154036,35.581776],[139.154042,35.581806],[139.154032,35.581851],[139.153977,35.581929],[139.153923,35.582001],[139.153911,35.582059],[139.153932,35.582122],[139.153965,35.582164],[139.154003,35.582192],[139.154059,35.582213],[139.154145,35.582222],[139.154376,35.582206],[139.154474,35.582215],[139.154536,35.582231],[139.154622,35.582291],[139.154696,35.582364],[139.154747,35.582437],[139.154766,35.58249],[139.154779,35.582555],[139.154773,35.582597],[139.154753,35.582652],[139.154498,35.583086],[139.154417,35.583238],[139.154357,35.583318],[139.15429,35.583399],[139.154277,35.583458],[139.154297,35.583495],[139.154344,35.5835],[139.154393,35.583487],[139.154429,35.583461],[139.154462,35.583428],[139.154544,35.583329],[139.154618,35.583231],[139.154671,35.583166],[139.154763,35.583087],[139.154867,35.583019],[139.155068,35.582881],[139.155161,35.58281],[139.155209,35.582764],[139.155273,35.582679],[139.155317,35.582605],[139.155426,35.582378],[139.155499,35.582211],[139.15551,35.582156],[139.155514,35.582108],[139.155507,35.58206],[139.155491,35.582019],[139.155454,35.581962],[139.155368,35.581859],[139.155359,35.581823],[139.155352,35.581787],[139.155364,35.581742],[139.155386,35.581703],[139.155453,35.581654],[139.155553,35.581611],[139.155648,35.581586],[139.155717,35.581575],[139.155807,35.581592],[139.155876,35.581614],[139.155928,35.581647],[139.155967,35.581687],[139.155981,35.581734],[139.155984,35.581786],[139.155968,35.58187],[139.155948,35.581956],[139.155888,35.58214],[139.155851,35.58226],[139.155824,35.582361],[139.155823,35.582446],[139.155842,35.582502],[139.155916,35.582617],[139.156009,35.582738],[139.156071,35.582826],[139.156112,35.5829],[139.156136,35.582999],[139.156136,35.583105],[139.156127,35.583276],[139.156107,35.583462],[139.156069,35.583707],[139.156067,35.583818],[139.156095,35.583872],[139.156117,35.583899],[139.156164,35.583923],[139.156225,35.583935],[139.156319,35.583929],[139.156474,35.583913],[139.156545,35.583938],[139.156586,35.583986],[139.156595,35.584051],[139.156564,35.58412],[139.156508,35.584191],[139.156467,35.584297],[139.156444,35.584432],[139.156434,35.584541],[139.1564,35.584658],[139.156305,35.584793],[139.156222,35.584895],[139.156193,35.584981],[139.15618,35.585047],[139.156198,35.585122],[139.156259,35.585183],[139.156353,35.5852],[139.156481,35.585186],[139.15662,35.585176],[139.156799,35.585193],[139.156936,35.585175],[139.157095,35.585132],[139.157282,35.58509],[139.157622,35.58502],[139.157797,35.585004],[139.15793,35.585026],[139.15807,35.585079],[139.158152,35.5851],[139.158267,35.585106],[139.158524,35.585078],[139.158667,35.585062],[139.158808,35.585029],[139.158907,35.585022],[139.158982,35.585029],[139.159033,35.585051],[139.159102,35.585091],[139.159157,35.585139],[139.159225,35.58522],[139.159297,35.585288],[139.159422,35.585392],[139.159566,35.58548],[139.159763,35.585602],[139.160073,35.585758],[139.16028,35.585863],[139.160483,35.585976],[139.160573,35.586036],[139.160654,35.586088],[139.160763,35.586123],[139.1609,35.586149],[139.161086,35.586163],[139.161186,35.586154],[139.161297,35.586111],[139.161453,35.586001],[139.1616,35.585899],[139.161673,35.58587],[139.161748,35.585875],[139.161823,35.585892],[139.161879,35.585915],[139.161927,35.585973],[139.161952,35.586029],[139.161932,35.586112],[139.16184,35.586247],[139.161707,35.586403],[139.161598,35.586509],[139.161494,35.586585],[139.161399,35.586639],[139.161213,35.586738],[139.161105,35.586813],[139.161006,35.586893],[139.160931,35.586967],[139.16087,35.587053],[139.16085,35.587109],[139.160837,35.587168],[139.160844,35.587238],[139.160859,35.587296],[139.160901,35.587426],[139.160927,35.587483],[139.160957,35.587536],[139.161005,35.587595],[139.161046,35.58764],[139.16119,35.587774],[139.161367,35.587901],[139.161498,35.587979],[139.161571,35.588013],[139.161662,35.588033],[139.161786,35.588042],[139.161885,35.588026],[139.161983,35.588003],[139.16206,35.587975],[139.162118,35.587944],[139.162178,35.587903],[139.16222,35.587848],[139.162275,35.587742],[139.16231,35.58765],[139.162346,35.587533],[139.162399,35.587427],[139.162435,35.587385],[139.162478,35.587347],[139.162554,35.5873],[139.162656,35.587252],[139.162766,35.587224],[139.162882,35.58721],[139.163011,35.587207],[139.163128,35.587211],[139.163215,35.587229],[139.163338,35.587292],[139.163382,35.587346],[139.163421,35.587409],[139.163469,35.587469],[139.163517,35.587526],[139.163567,35.58757],[139.163618,35.587595],[139.163715,35.587654],[139.163764,35.587687],[139.163808,35.587724],[139.163851,35.587777],[139.163884,35.587818],[139.163945,35.587885],[139.163977,35.58791],[139.164022,35.587926],[139.16408,35.587935],[139.164143,35.587938],[139.164202,35.587936],[139.164265,35.587927],[139.164525,35.587858],[139.1648,35.58778],[139.164926,35.587758],[139.165092,35.587781],[139.165252,35.587808],[139.165416,35.587829],[139.165532,35.587835],[139.165639,35.587848],[139.165743,35.587879],[139.16583,35.587927],[139.165912,35.587992],[139.16602,35.588066],[139.166273,35.588244],[139.166515,35.588425],[139.166675,35.588556],[139.166747,35.588624],[139.166819,35.588698],[139.167057,35.589002],[139.167291,35.589316],[139.167394,35.589462],[139.167416,35.589518],[139.167426,35.589596],[139.167417,35.589648],[139.167398,35.589693],[139.167369,35.589735],[139.167306,35.589827],[139.167254,35.589909],[139.167241,35.589968],[139.167242,35.590034]]}},{"type":"Feature","properties":{"id":41567072,"highway":"unclassified"},"geometry":{"type":"LineString","coordinates":[[139.194081,35.521505],[139.194116,35.52149],[139.19418,35.52146],[139.194334,35.521392],[139.194417,35.521354],[139.1945,35.521325],[139.19455,35.521315],[139.194597,35.521305],[139.194662,35.521301],[139.194831,35.521294],[139.195015,35.521268],[139.19512,35.521251],[139.195215,35.521239],[139.195301,35.521233],[139.195375,35.521228],[139.195459,35.521211],[139.195526,35.521182],[139.195627,35.521139],[139.195718,35.521101],[139.195802,35.52107],[139.195873,35.521051],[139.195939,35.52104],[139.196071,35.521016],[139.196207,35.520994],[139.19634,35.520972],[139.196442,35.520954],[139.19653,35.520944],[139.196567,35.520937],[139.196591,35.520926],[139.196625,35.520902],[139.196655,35.520871],[139.196697,35.520818],[139.196749,35.520765],[139.196783,35.52074],[139.196841,35.520709],[139.196946,35.520648],[139.196983,35.520623],[139.197023,35.520586],[139.197056,35.520542],[139.197082,35.520495],[139.197102,35.520444],[139.197137,35.520324],[139.197167,35.520221],[139.197189,35.520127],[139.197179,35.519976],[139.197181,35.519917],[139.197191,35.519842],[139.197206,35.519762],[139.197215,35.51973],[139.197237,35.519677],[139.197256,35.519643],[139.197295,35.519588],[139.197325,35.519552],[139.197377,35.519501],[139.197575,35.519317],[139.197647,35.519265],[139.197695,35.519237],[139.197742,35.519216],[139.197795,35.519196],[139.19791,35.51917],[139.197969,35.519166],[139.198125,35.519181],[139.198225,35.519195],[139.198293,35.519196],[139.198412,35.51919],[139.198533,35.519182],[139.1987,35.519167],[139.198868,35.519149],[139.199016,35.519134],[139.199156,35.519111],[139.199342,35.519098],[139.199395,35.519093],[139.199438,35.519078],[139.199507,35.519035],[139.1996,35.518969],[139.199655,35.518945],[139.199787,35.518891],[139.199992,35.518812],[139.200029,35.518806],[139.200066,35.518812],[139.200113,35.518816],[139.200181,35.518819],[139.200235,35.518814],[139.200266,35.518805],[139.200293,35.518792],[139.200366,35.518748],[139.200467,35.5187],[139.2005,35.518693],[139.200529,35.51869],[139.200577,35.518696],[139.20062,35.518706],[139.200655,35.518716],[139.200694,35.518717],[139.200783,35.518711],[139.200907,35.518693],[139.20096,35.518692],[139.201008,35.518694],[139.201064,35.518705],[139.201112,35.518724],[139.201155,35.51875],[139.20119,35.518775],[139.201262,35.51884],[139.201333,35.51892],[139.20139,35.519017],[139.201404,35.519057],[139.201416,35.519099],[139.201424,35.519175],[139.201433,35.519239],[139.201444,35.519288],[139.201471,35.519325],[139.201524,35.519371],[139.2016,35.519417],[139.201729,35.519501],[139.201794,35.519546],[139.201851,35.519589],[139.201903,35.519633],[139.201951,35.519681],[139.202044,35.519781],[139.202086,35.519832],[139.202139,35.519877],[139.202212,35.519924],[139.202278,35.51997],[139.20236,35.520051],[139.202432,35.520128],[139.20248,35.520184],[139.202528,35.520243],[139.202578,35.520291],[139.202627,35.520311],[139.202655,35.52032],[139.202687,35.520322],[139.20287,35.520317],[139.203038,35.520307],[139.203213,35.520288],[139.20356,35.520244],[139.203711,35.520224]]}},{"type":"Feature","properties":{"id":146606074,"highway":"primary"},"geometry":{"type":"LineString","coordinates":[[139.127212,35.593068],[139.12717,35.593091]]}},{"type":"Feature","properties":{"id":146606189,"highway":"primary"},"geometry":{"type":"LineString","coordinates":[[139.12717,35.593091],[139.127144,35.593101],[139.127109,35.593112],[139.127078,35.593115],[139.127048,35.59311],[139.126947,35.593077],[139.12679,35.59303],[139.126646,35.592981],[139.126561,35.592976],[139.126468,35.592987],[139.126372,35.593025],[139.126269,35.59306],[139.126047,35.593125],[139.125837,35.593184],[139.125769,35.593216],[139.125719,35.59325],[139.125682,35.593287],[139.125656,35.593326],[139.125636,35.593386],[139.125629,35.593424],[139.125627,35.593458],[139.125639,35.59352],[139.125653,35.593564],[139.125657,35.593608],[139.12565,35.593654],[139.125586,35.593815],[139.125541,35.593916],[139.125507,35.594005],[139.125479,35.594058],[139.125445,35.594112],[139.125417,35.594138],[139.125376,35.594171],[139.125302,35.594223],[139.12526,35.594249],[139.125208,35.594272],[139.125143,35.594298],[139.125098,35.594306],[139.125054,35.594312],[139.124999,35.594316],[139.124956,35.594313],[139.124909,35.594304],[139.12485,35.594288],[139.1248,35.59427],[139.124739,35.594247],[139.12468,35.594218],[139.124558,35.594149],[139.124433,35.594079],[139.124324,35.594019],[139.124228,35.593965],[139.124136,35.593914],[139.124055,35.593877],[139.123982,35.593862],[139.123931,35.593858],[139.123881,35.593863],[139.123815,35.593875],[139.123752,35.5939],[139.123714,35.593925],[139.123678,35.593954],[139.123649,35.593983],[139.12363,35.594013],[139.123611,35.594043],[139.123595,35.59408],[139.123585,35.594119],[139.123565,35.59419],[139.123549,35.594264],[139.123516,35.594397],[139.123493,35.594487],[139.123444,35.59457],[139.123384,35.594642],[139.123323,35.594692],[139.123241,35.594748],[139.123134,35.594774],[139.123026,35.594795],[139.122839,35.594808],[139.122578,35.594825],[139.122451,35.594823],[139.122342,35.5948],[139.122193,35.594736],[139.122124,35.594687],[139.121991,35.594599],[139.121867,35.594512],[139.121723,35.594393],[139.121591,35.594264],[139.121501,35.594195],[139.121407,35.594144],[139.121313,35.594111],[139.121213,35.594088],[139.121107,35.594079],[139.120999,35.594088],[139.120897,35.594113],[139.120723,35.594165],[139.120599,35.594215],[139.120519,35.594267],[139.120448,35.594327],[139.120377,35.594388],[139.120241,35.594495],[139.120131,35.594567],[139.120004,35.59464]]}},{"type":"Feature","properties":{"id":146606488,"highway":"unclassified"},"geometry":{"type":"LineString","coordinates":[[139.120213,35.580365],[139.120091,35.580247],[139.119898,35.580228],[139.119774,35.580244],[139.119671,35.580339],[139.119574,35.580372],[139.119326,35.580386],[139.118958,35.580455],[139.118864,35.580479],[139.118807,35.580479],[139.118739,35.580457],[139.118706,35.580438],[139.118659,35.580419],[139.118614,35.580418],[139.118494,35.580459],[139.11846,35.580487],[139.118437,35.580555],[139.11841,35.580605],[139.118357,35.580661],[139.118225,35.58077],[139.118131,35.580907],[139.118083,35.580944],[139.118001,35.580982]]}},{"type":"Feature","properties":{"id":146606588,"highway":"unclassified"},"geometry":{"type":"LineString","coordinates":[[139.120213,35.580365],[139.120206,35.580148],[139.120084,35.580092],[139.119974,35.57992],[139.119626,35.579707],[139.119478,35.579622],[139.1192,35.579463],[139.119051,35.579366],[139.118985,35.579341],[139.118805,35.57934],[139.11863,35.579326],[139.118509,35.579314]]}},{"type":"Feature","properties":{"id":146606629,"highway":"residential"},"geometry":{"type":"LineString","coordinates":[[139.121364,35.572408],[139.121308,35.572384],[139.121235,35.572314],[139.12118,35.572201],[139.121138,35.572043],[139.121145,35.571931],[139.121269,35.571857],[139.121434,35.571818],[139.1216,35.571823],[139.121696,35.571856]]}},{"type":"Feature","properties":{"id":146606790,"highway":"residential"},"geometry":{"type":"LineString","coordinates":[[139.123461,35.581569],[139.123136,35.581547],[139.122801,35.581548],[139.122655,35.581555],[139.122549,35.581568],[139.122371,35.58172],[139.122123,35.581822],[139.121973,35.581835],[139.121788,35.581832],[139.121719,35.581849]]}},{"type":"Feature","properties":{"id":146606969,"highway":"unclassified"},"geometry":{"type":"LineString","coordinates":[[139.115217,35.562976],[139.115224,35.563037],[139.115269,35.563098],[139.115566,35.563271],[139.115761,35.563377],[139.116033,35.563491],[139.116212,35.563549],[139.116403,35.563597],[139.1168,35.563647],[139.11725,35.563711],[139.117679,35.563771],[139.117825,35.563779],[139.118026,35.563761],[139.11819,35.563716],[139.118334,35.563698],[139.118539,35.563682],[139.118827,35.563697],[139.11899,35.563735],[139.119232,35.563813],[139.119625,35.563958],[139.120122,35.564156],[139.120469,35.564299],[139.12049,35.564313],[139.120582,35.564373],[139.120672,35.564453],[139.120746,35.564551],[139.120844,35.56473],[139.12091,35.56492],[139.120971,35.565165],[139.121013,35.565284],[139.121083,35.565363],[139.121179,35.565435],[139.121392,35.565546],[139.121531,35.565647],[139.121703,35.565825],[139.121813,35.565972],[139.121878,35.566063],[139.121915,35.566167],[139.121923,35.566273],[139.121872,35.566408],[139.12183,35.566525],[139.121805,35.56662],[139.121803,35.566742],[139.121824,35.566837],[139.121863,35.566903],[139.121929,35.566949],[139.122027,35.567034],[139.122073,35.567111],[139.122188,35.567366],[139.122226,35.567467],[139.122295,35.56757],[139.12236,35.567636],[139.12245,35.567708],[139.122595,35.567786],[139.123022,35.567951],[139.123384,35.568123],[139.123624,35.568253],[139.123753,35.568328],[139.123821,35.568393],[139.123865,35.56848],[139.12389,35.568596],[139.123878,35.568661],[139.123836,35.568771],[139.12377,35.569029],[139.123723,35.569129],[139.123674,35.569283],[139.123655,35.569431],[139.123636,35.569607],[139.123654,35.569841],[139.123639,35.569978],[139.12361,35.570077],[139.123569,35.570178],[139.123431,35.570433],[139.123326,35.570536],[139.123224,35.570597],[139.12306,35.570686],[139.122917,35.570784],[139.122638,35.571004],[139.122541,35.571097],[139.122452,35.571215],[139.122364,35.571306],[139.122256,35.571401],[139.122118,35.571503],[139.121874,35.571672],[139.121763,35.571785],[139.121696,35.571856]]}},{"type":"Feature","properties":{"id":146606995,"highway":"unclassified"},"geometry":{"type":"LineString","coordinates":[[139.121364,35.572408],[139.121385,35.572536],[139.121412,35.572678],[139.121429,35.572797],[139.121398,35.572893],[139.121337,35.572926],[139.121213,35.572968],[139.121173,35.573021],[139.12118,35.57308],[139.121222,35.573126],[139.121326,35.573181],[139.121508,35.573241],[139.121731,35.57329],[139.12185,35.57334],[139.121913,35.573422],[139.121894,35.573549],[139.121824,35.573654],[139.12172,35.57378],[139.121604,35.573947],[139.121445,35.57421],[139.1213,35.574482],[139.121192,35.574699],[139.12112,35.574796],[139.121058,35.574895],[139.121038,35.57499],[139.121038,35.575061],[139.121076,35.575152],[139.12117,35.575286],[139.12133,35.575448],[139.121609,35.57571],[139.121736,35.575899],[139.121837,35.576008],[139.121907,35.576077],[139.122036,35.576164],[139.122182,35.57625],[139.122231,35.576295],[139.122251,35.576341],[139.122264,35.576422],[139.122254,35.57647],[139.122158,35.57669],[139.122103,35.576883],[139.122095,35.576982],[139.122117,35.577031],[139.122172,35.577103],[139.122468,35.577335],[139.12266,35.577509],[139.122722,35.577552],[139.122788,35.577576],[139.123041,35.577603],[139.123127,35.577626],[139.123233,35.577683],[139.12333,35.577762],[139.123345,35.577812],[139.123344,35.577879],[139.123294,35.577934],[139.123203,35.577978],[139.12309,35.578003],[139.122977,35.578016],[139.122904,35.578028],[139.122805,35.578061],[139.122686,35.578173],[139.122647,35.578235],[139.122635,35.578318],[139.122653,35.578411],[139.122754,35.578603],[139.122791,35.578718],[139.122793,35.578854],[139.122803,35.578976],[139.122882,35.57938],[139.122882,35.579462],[139.12286,35.579522],[139.122805,35.579582],[139.122732,35.579636],[139.122651,35.57967],[139.122568,35.579684],[139.122442,35.579685],[139.122333,35.579691],[139.122209,35.579732],[139.122125,35.579801],[139.12209,35.57986],[139.122066,35.57994],[139.122088,35.580328],[139.122067,35.580399],[139.12206,35.580427],[139.12203,35.580473],[139.121993,35.580505],[139.12193,35.580553],[139.121853,35.580582],[139.121713,35.580601],[139.121441,35.580639],[139.121174,35.580715],[139.12077,35.580885],[139.1206,35.580961],[139.120332,35.581078],[139.119981,35.581229],[139.119766,35.581348],[139.119637,35.581435],[139.119398,35.581648],[139.119307,35.581694],[139.119201,35.581726],[139.11889,35.581796],[139.118797,35.581803],[139.11868,35.581792],[139.118455,35.581751],[139.118231,35.581705],[139.11809,35.581674],[139.117974,35.58164],[139.117953,35.581614],[139.117943,35.581577],[139.117912,35.581351],[139.117876,35.581218],[139.117889,35.581169],[139.11792,35.581106],[139.118001,35.580982]]}},{"type":"Feature","properties":{"id":146607261,"highway":"unclassified"},"geometry":{"type":"LineString","coordinates":[[139.118445,35.581831],[139.118449,35.581805],[139.118455,35.581751]]}},{"type":"Feature","properties":{"id":146607346,"highway":"unclassified"},"geometry":{"type":"LineString","coordinates":[[139.118324,35.582543],[139.118445,35.581831]]}},{"type":"Feature","properties":{"id":146607382,"highway":"unclassified"},"geometry":{"type":"LineString","coordinates":[[139.118375,35.582697],[139.118324,35.582543]]}},{"type":"Feature","properties":{"id":146607456,"highway":"unclassified"},"geometry":{"type":"LineString","coordinates":[[139.121364,35.572408],[139.121395,35.572268],[139.121472,35.572128],[139.121696,35.571856]]}},{"type":"Feature","properties":{"id":146608314,"highway":"residential"},"geometry":{"type":"LineString","coordinates":[[139.121038,35.575061],[139.121008,35.575107],[139.120984,35.575181],[139.120988,35.575316],[139.120999,35.575407],[139.121147,35.575763],[139.121217,35.575887],[139.121342,35.576047],[139.121504,35.576247],[139.121628,35.576452],[139.121655,35.576532],[139.121659,35.576596],[139.121649,35.576652],[139.121606,35.576718],[139.121557,35.576769],[139.121542,35.576785],[139.121477,35.576909],[139.12144,35.577022],[139.121433,35.577145],[139.121487,35.577243],[139.121571,35.577424],[139.121609,35.577551],[139.121619,35.577621],[139.12161,35.577681],[139.121567,35.577743],[139.121445,35.577874],[139.121384,35.578078],[139.121363,35.578206],[139.12129,35.578286],[139.121143,35.578428],[139.121119,35.578452],[139.121056,35.578463],[139.121015,35.578453],[139.120931,35.578415],[139.120692,35.578285],[139.1204,35.578121],[139.120282,35.578014],[139.120234,35.577971],[139.120071,35.577849],[139.119923,35.577766],[139.119694,35.577661],[139.119528,35.577693],[139.119468,35.577756],[139.119391,35.577921],[139.119369,35.578082],[139.119325,35.578472],[139.119282,35.578516],[139.119092,35.578622],[139.119056,35.578649],[139.119032,35.578666],[139.119004,35.578708],[139.118985,35.578803],[139.118901,35.578957],[139.118843,35.579017],[139.118645,35.579097],[139.118567,35.579142],[139.118532,35.579181],[139.118508,35.579246],[139.118509,35.579314]]}},{"type":"Feature","properties":{"id":146609185,"highway":"unclassified"},"geometry":{"type":"LineString","coordinates":[[139.12077,35.580885],[139.120525,35.580774],[139.120449,35.580723],[139.120372,35.580646],[139.120293,35.580552],[139.120248,35.580473],[139.120213,35.580365]]}},{"type":"Feature","properties":{"id":146621450,"highway":"trunk"},"geometry":{"type":"LineString","coordinates":[[139.112844,35.539113],[139.112954,35.539158],[139.113065,35.53922],[139.113275,35.539363],[139.11351,35.539521]]}},{"type":"Feature","properties":{"id":146621452,"highway":"trunk"},"geometry":{"type":"LineString","coordinates":[[139.107595,35.536358],[139.10766,35.536399],[139.107793,35.536461],[139.107873,35.536489],[139.107945,35.536504],[139.108042,35.536504],[139.108163,35.53648],[139.10827,35.53644],[139.108408,35.536399],[139.108525,35.536389],[139.108615,35.536396],[139.108714,35.536418],[139.108853,35.536462],[139.108976,35.536515],[139.109058,35.536579],[139.109156,35.536668],[139.109257,35.536733],[139.109374,35.536777],[139.109491,35.536815],[139.109609,35.536828],[139.109708,35.536826],[139.109814,35.536812],[139.109919,35.536778],[139.11001,35.536731],[139.110133,35.53664],[139.110263,35.536516],[139.110354,35.536467],[139.110458,35.536442],[139.110719,35.536391],[139.110843,35.536383],[139.110962,35.536407],[139.111055,35.536439],[139.111128,35.536486],[139.111222,35.536569],[139.111337,35.536697],[139.111961,35.537319],[139.112677,35.538071],[139.112721,35.538126],[139.112772,35.538215],[139.112801,35.538296],[139.112799,35.538368],[139.112771,35.53845],[139.112734,35.538513],[139.112662,35.538589],[139.112577,35.538655],[139.11245,35.53873],[139.112302,35.538793],[139.112134,35.538847],[139.112007,35.538873],[139.111868,35.538896],[139.111748,35.538906],[139.111613,35.538902],[139.111415,35.538885],[139.111316,35.538876],[139.111209,35.538874],[139.111122,35.538882],[139.111058,35.538911],[139.111032,35.538942],[139.111018,35.538988],[139.111018,35.539044],[139.111046,35.539081],[139.111095,35.539115],[139.111162,35.539132],[139.11125,35.539132],[139.111454,35.539123],[139.112345,35.539073]]}},{"type":"Feature","properties":{"id":146621457,"highway":"trunk"},"geometry":{"type":"LineString","coordinates":[[139.093096,35.534142],[139.093184,35.534051],[139.09332,35.533891],[139.093484,35.533746],[139.094197,35.533216],[139.094298,35.533159],[139.094357,35.533136],[139.094446,35.533126],[139.094526,35.533113],[139.094584,35.533071],[139.094617,35.53301],[139.094609,35.532941],[139.094575,35.532844],[139.094362,35.532247],[139.094287,35.532092],[139.09422,35.531995],[139.09421,35.531924],[139.094239,35.531868],[139.094283,35.531836],[139.094382,35.531823],[139.094474,35.531829],[139.094737,35.531886],[139.094912,35.531909],[139.095019,35.531905],[139.095145,35.531889],[139.095432,35.531838],[139.09553,35.531828],[139.095597,35.531835],[139.095674,35.531866],[139.095801,35.531966],[139.095865,35.532002],[139.095964,35.532018],[139.096059,35.532004],[139.096136,35.531959],[139.096521,35.531757],[139.096624,35.531708],[139.09676,35.531687],[139.096907,35.531694],[139.097061,35.531696],[139.097145,35.531678],[139.097198,35.53163],[139.097223,35.53156],[139.097205,35.531491],[139.097154,35.531443],[139.097063,35.531429],[139.096832,35.531436],[139.096718,35.531427],[139.09659,35.531397],[139.096097,35.531231],[139.095993,35.531193],[139.095922,35.531115],[139.095916,35.531024],[139.09595,35.530934],[139.096013,35.530837],[139.096259,35.530509],[139.096344,35.53036],[139.096397,35.530224],[139.096481,35.52989],[139.096618,35.529366],[139.09667,35.529156],[139.096745,35.529036],[139.096822,35.528952],[139.096921,35.528878],[139.09707,35.528808],[139.097208,35.528769],[139.097343,35.528745],[139.097483,35.528766],[139.097644,35.528815],[139.098623,35.529167],[139.098779,35.529215],[139.09888,35.529225],[139.099017,35.529221],[139.099264,35.529218],[139.099367,35.529229],[139.09946,35.529275],[139.099548,35.52937],[139.099647,35.529537],[139.099706,35.529603],[139.099794,35.529662],[139.099881,35.529691],[139.099964,35.529702],[139.100218,35.529708],[139.100303,35.529717],[139.100382,35.529743],[139.100444,35.529779],[139.100498,35.529823],[139.100571,35.529939],[139.100625,35.529998],[139.100682,35.530046],[139.100765,35.530071],[139.100844,35.530081],[139.100913,35.530078],[139.101091,35.530033],[139.101174,35.529991],[139.101248,35.529927],[139.101299,35.529863],[139.101352,35.529767],[139.101398,35.52971],[139.101455,35.529675],[139.101525,35.529657],[139.101642,35.52966],[139.101719,35.529674],[139.101798,35.529698],[139.101857,35.529737],[139.101908,35.529799],[139.101927,35.529865],[139.10196,35.530116],[139.101968,35.53018],[139.102008,35.530236],[139.102084,35.530275],[139.102164,35.530291],[139.102233,35.530274],[139.10234,35.530223],[139.102576,35.53015],[139.10265,35.530136],[139.102749,35.530146],[139.102867,35.530205],[139.102993,35.530312],[139.103059,35.530409],[139.103099,35.530532],[139.103142,35.530751],[139.103218,35.530924],[139.10343,35.531229],[139.103535,35.53135],[139.103691,35.531454],[139.103851,35.531528],[139.104031,35.531579],[139.104138,35.531597],[139.10428,35.531589],[139.104406,35.531592],[139.104506,35.531587],[139.104616,35.531601],[139.104715,35.531635],[139.104776,35.531687],[139.104806,35.531759],[139.104795,35.531897],[139.104756,35.532525],[139.104752,35.53264],[139.104777,35.532758],[139.104829,35.532859],[139.104955,35.533077],[139.10504,35.533163],[139.105162,35.53324],[139.105642,35.533447],[139.105811,35.533508],[139.105979,35.533551],[139.106193,35.533576],[139.106417,35.533588],[139.106666,35.533595],[139.107035,35.53362],[139.107242,35.533645],[139.107465,35.533688],[139.107644,35.533707],[139.107784,35.533712],[139.107943,35.5337],[139.108167,35.533671],[139.108321,35.533647],[139.108406,35.533645],[139.108475,35.533657],[139.108522,35.533685],[139.108566,35.533723],[139.108613,35.533793],[139.108638,35.533871],[139.10871,35.534126],[139.108774,35.534272],[139.108825,35.534363],[139.108914,35.534484],[139.109017,35.534596],[139.109145,35.534706],[139.109441,35.534929],[139.109516,35.535002],[139.109603,35.535125],[139.109627,35.53521],[139.10964,35.535311],[139.109623,35.535402],[139.10959,35.535479],[139.10953,35.535551],[139.109452,35.535603],[139.109365,35.535631],[139.109264,35.535652],[139.109152,35.535648],[139.109028,35.53562],[139.108892,35.535553],[139.10879,35.535471],[139.108724,35.535433],[139.108643,35.535408],[139.108546,35.535395],[139.108403,35.535402],[139.108156,35.535418],[139.10801,35.535447],[139.10792,35.535479],[139.107843,35.535528],[139.107773,35.535594],[139.107527,35.535873],[139.10748,35.535957],[139.107439,35.536023],[139.107434,35.536112]]}},{"type":"Feature","properties":{"id":146621519,"highway":"unclassified"},"geometry":{"type":"LineString","coordinates":[[139.107588,35.536508],[139.107433,35.536759],[139.107393,35.5368],[139.107352,35.536808],[139.107318,35.53681],[139.107272,35.536812],[139.107222,35.536778],[139.107201,35.536738],[139.107169,35.536601],[139.107162,35.536471]]}},{"type":"Feature","properties":{"id":146621535,"highway":"service"},"geometry":{"type":"LineString","coordinates":[[139.110414,35.537084],[139.110158,35.537102],[139.109945,35.53717],[139.109704,35.537221],[139.109511,35.537277],[139.109245,35.537356],[139.10896,35.537412],[139.108774,35.537452],[139.108582,35.53752],[139.108468,35.537521],[139.108277,35.537568],[139.108224,35.537631],[139.108198,35.537731],[139.108235,35.537802],[139.108486,35.537933]]}},{"type":"Feature","properties":{"id":146621537,"highway":"residential"},"geometry":{"type":"LineString","coordinates":[[139.108486,35.537933],[139.10891,35.538174],[139.109063,35.538218],[139.109228,35.538279],[139.109318,35.538274],[139.109352,35.538257],[139.109366,35.538234],[139.109371,35.538201],[139.109349,35.538165],[139.109237,35.537991],[139.109181,35.537883],[139.10917,35.537814],[139.10923,35.537762],[139.10935,35.53773],[139.109786,35.537694],[139.109899,35.537713]]}},{"type":"Feature","properties":{"id":146621599,"highway":"unclassified"},"geometry":{"type":"LineString","coordinates":[[139.10766,35.536399],[139.107588,35.536508]]}},{"type":"Feature","properties":{"id":146621643,"highway":"residential"},"geometry":{"type":"LineString","coordinates":[[139.112721,35.538126],[139.112373,35.538039],[139.112198,35.538036],[139.111908,35.538116],[139.111749,35.538133],[139.111405,35.538212],[139.111068,35.538246],[139.110966,35.538269],[139.110834,35.538253],[139.110701,35.538226],[139.110562,35.53823],[139.110317,35.538313],[139.110124,35.538313],[139.110041,35.538291],[139.109972,35.538251],[139.109897,35.538173],[139.109841,35.538071],[139.109841,35.537981],[139.109876,35.53788],[139.109899,35.537713]]}},{"type":"Feature","properties":{"id":146621651,"highway":"residential"},"geometry":{"type":"LineString","coordinates":[[139.10087,35.52813],[139.100897,35.528103],[139.100953,35.528096],[139.100997,35.528123],[139.101045,35.528219],[139.101076,35.528236],[139.101105,35.528229],[139.101119,35.528186],[139.10112,35.528049],[139.101086,35.527813],[139.101062,35.527659],[139.101041,35.527548],[139.101058,35.52751],[139.101107,35.527509],[139.101167,35.527525],[139.101226,35.527579],[139.101254,35.527646],[139.101265,35.527701],[139.101313,35.52819],[139.101348,35.528298],[139.101396,35.528371],[139.101451,35.528416]]}},{"type":"Feature","properties":{"id":146621771,"highway":"service"},"geometry":{"type":"LineString","coordinates":[[139.108399,35.538177],[139.108492,35.538048],[139.108493,35.538005],[139.108486,35.537933]]}},{"type":"Feature","properties":{"id":146621924,"highway":"residential"},"geometry":{"type":"LineString","coordinates":[[139.101525,35.529657],[139.101529,35.52963],[139.101539,35.529595],[139.101591,35.529565],[139.101644,35.529553],[139.10192,35.529562],[139.101961,35.529555],[139.101972,35.529528],[139.101961,35.5295],[139.101906,35.529472],[139.101837,35.529447],[139.101781,35.529428],[139.101699,35.529395],[139.101654,35.529367],[139.101657,35.529338],[139.101701,35.529322],[139.101773,35.529335],[139.101938,35.529385],[139.102025,35.529391],[139.102081,35.529384],[139.102103,35.529366],[139.102099,35.529337],[139.102037,35.52928],[139.101837,35.529186],[139.101676,35.529136],[139.101527,35.529125],[139.101136,35.529142],[139.10108,35.529125],[139.101036,35.529089],[139.100969,35.528927],[139.100879,35.528561],[139.10087,35.52813]]}},{"type":"Feature","properties":{"id":146622188,"highway":"service"},"geometry":{"type":"LineString","coordinates":[[139.109899,35.537713],[139.110275,35.537723],[139.110437,35.537667],[139.110527,35.537585],[139.110637,35.53747],[139.110656,35.537434],[139.110665,35.537387],[139.110647,35.537344],[139.110561,35.537249],[139.110414,35.537084],[139.110314,35.53695],[139.110303,35.536885],[139.110432,35.536763],[139.110588,35.536732],[139.110802,35.53671],[139.111028,35.536749],[139.111248,35.536886]]}},{"type":"Feature","properties":{"id":151970794,"highway":"primary"},"geometry":{"type":"LineString","coordinates":[[139.121578,35.596608],[139.121892,35.596837],[139.12206,35.596991],[139.122202,35.597168],[139.122317,35.597368],[139.12239,35.597569],[139.122421,35.597798],[139.122421,35.598023],[139.122364,35.598441],[139.122115,35.600147],[139.121886,35.601795]]}},{"type":"Feature","properties":{"id":151970798,"highway":"unclassified"},"geometry":{"type":"LineString","coordinates":[[139.121306,35.596418],[139.121224,35.596513],[139.121181,35.596586],[139.121138,35.596673],[139.121095,35.596821],[139.121042,35.597006],[139.121026,35.597055],[139.120984,35.597116],[139.120877,35.597178],[139.12078,35.597246],[139.120738,35.597301],[139.120713,35.59737],[139.120647,35.597528],[139.120555,35.597713],[139.120501,35.597836],[139.120477,35.597873],[139.120428,35.597909],[139.120275,35.59798],[139.120148,35.598045],[139.1201,35.59806],[139.120024,35.598072],[139.119904,35.598089],[139.119778,35.598111],[139.119723,35.598135],[139.119678,35.598177],[139.119581,35.598305],[139.119506,35.598439],[139.119457,35.598559],[139.119457,35.598616],[139.119471,35.59867],[139.119503,35.598766],[139.11956,35.598902],[139.119598,35.598989],[139.119632,35.599051],[139.119669,35.599091],[139.119706,35.599131],[139.119787,35.599198],[139.119917,35.599304],[139.119957,35.599343],[139.119988,35.599398]]}},{"type":"Feature","properties":{"id":152646861,"highway":"trunk"},"geometry":{"type":"LineString","coordinates":[[139.128376,35.544735],[139.128574,35.544766],[139.128724,35.544795],[139.128846,35.544818],[139.129032,35.544887],[139.129191,35.544973],[139.1294,35.5451],[139.129859,35.545424],[139.130025,35.545533],[139.130167,35.545613],[139.130314,35.545669],[139.130494,35.545719],[139.130645,35.545748],[139.130729,35.545744],[139.13079,35.545735],[139.130831,35.545707],[139.130858,35.545676],[139.13088,35.545623],[139.130881,35.545563],[139.130851,35.54551],[139.130789,35.545456],[139.130649,35.545353],[139.1306,35.545284],[139.130564,35.545191],[139.130554,35.545103],[139.130545,35.545034],[139.130566,35.544958],[139.130611,35.544903],[139.130702,35.544888],[139.130807,35.544912],[139.130942,35.545006],[139.131269,35.545185],[139.131347,35.545219],[139.131432,35.545241],[139.131503,35.545235],[139.131568,35.545204],[139.131617,35.545145],[139.131635,35.545052],[139.131639,35.544963],[139.131622,35.544764],[139.131564,35.544598],[139.131555,35.544502],[139.131575,35.544385],[139.131615,35.544295],[139.131679,35.54422],[139.131759,35.544171],[139.131842,35.54416],[139.13193,35.544165],[139.132161,35.544239],[139.132246,35.544254],[139.132353,35.544244],[139.132448,35.544197],[139.132503,35.544125],[139.132737,35.543825],[139.132813,35.543732],[139.132894,35.543656],[139.132942,35.543622],[139.133044,35.54358],[139.133232,35.543532],[139.13347,35.543495],[139.133939,35.543426],[139.13419,35.54339],[139.1344,35.54336],[139.134833,35.543299],[139.13506,35.543263],[139.135201,35.543227],[139.135268,35.543201],[139.135433,35.543122],[139.135662,35.543002],[139.135806,35.542916],[139.135905,35.542835],[139.135989,35.542749],[139.136119,35.542578],[139.136264,35.542371],[139.136337,35.542303],[139.136431,35.542254],[139.136529,35.542215],[139.136939,35.54209],[139.137098,35.542056],[139.137254,35.542035],[139.137399,35.54202],[139.137544,35.542005],[139.137668,35.542011],[139.137731,35.54203],[139.137786,35.542067]]}},{"type":"Feature","properties":{"id":152646882,"highway":"trunk"},"geometry":{"type":"LineString","coordinates":[[139.191937,35.564368],[139.192246,35.564372]]}},{"type":"Feature","properties":{"id":152646888,"highway":"trunk"},"geometry":{"type":"LineString","coordinates":[[139.182444,35.560825],[139.182674,35.560827],[139.182911,35.560842],[139.183141,35.560878],[139.183301,35.560915],[139.183483,35.560976],[139.183681,35.561057]]}},{"type":"Feature","properties":{"id":152646891,"highway":"trunk"},"geometry":{"type":"LineString","coordinates":[[139.140988,35.544816],[139.141162,35.544944],[139.141318,35.545099],[139.141421,35.545234],[139.141517,35.545388]]}},{"type":"Feature","properties":{"id":152646893,"highway":"trunk"},"geometry":{"type":"LineString","coordinates":[[139.156679,35.552543],[139.157226,35.552937]]}},{"type":"Feature","properties":{"id":152646895,"highway":"trunk"},"geometry":{"type":"LineString","coordinates":[[139.185327,35.561306],[139.185298,35.561197],[139.185197,35.560755],[139.185098,35.56052],[139.185055,35.560443],[139.185,35.560354],[139.184935,35.560282],[139.184873,35.560221],[139.184785,35.560152],[139.184524,35.559973],[139.184273,35.559796],[139.18392,35.559491],[139.183803,35.559395],[139.183754,35.559368],[139.183694,35.559343],[139.18362,35.559321],[139.183522,35.559302],[139.183136,35.559287],[139.183002,35.559282],[139.182903,35.559283],[139.18284,35.559291],[139.182769,35.559313],[139.182355,35.559509],[139.182147,35.559616],[139.182029,35.559641],[139.181886,35.559655],[139.181559,35.559653],[139.18125,35.55966],[139.181079,35.559666],[139.180974,35.559661],[139.180844,35.559649],[139.180742,35.559638],[139.180613,35.559605],[139.180506,35.55957],[139.18034,35.55953],[139.180068,35.559486],[139.179937,35.559457],[139.179805,35.559429],[139.179665,35.559393],[139.179568,35.559356],[139.179506,35.559325],[139.179443,35.559285],[139.179369,35.559228],[139.179302,35.559163],[139.179127,35.558938],[139.178952,35.558686],[139.178548,35.558112],[139.178503,35.55804],[139.17848,35.557985],[139.178461,35.55792],[139.17845,35.557863],[139.178452,35.557825],[139.178461,35.557788],[139.178697,35.557384],[139.178724,35.557312],[139.17874,35.557238],[139.178743,35.557181],[139.178733,35.557127]]}},{"type":"Feature","properties":{"id":152646900,"highway":"trunk"},"geometry":{"type":"LineString","coordinates":[[139.14841,35.548406],[139.148529,35.548371],[139.148621,35.548348],[139.148727,35.54834],[139.14886,35.548344],[139.148975,35.548364],[139.149111,35.548398]]}},{"type":"Feature","properties":{"id":152646907,"highway":"trunk"},"geometry":{"type":"LineString","coordinates":[[139.122858,35.540801],[139.123626,35.541222]]}},{"type":"Feature","properties":{"id":152646914,"highway":"trunk"},"geometry":{"type":"LineString","coordinates":[[139.173389,35.557877],[139.173659,35.557994],[139.173873,35.558101],[139.174082,35.558208],[139.174306,35.558327],[139.174527,35.558466]]}},{"type":"Feature","properties":{"id":152646917,"highway":"trunk"},"geometry":{"type":"LineString","coordinates":[[139.160038,35.553427],[139.16107,35.553525]]}},{"type":"Feature","properties":{"id":152646921,"highway":"trunk"},"geometry":{"type":"LineString","coordinates":[[139.178075,35.560543],[139.180431,35.560817]]}},{"type":"Feature","properties":{"id":152646923,"highway":"trunk"},"geometry":{"type":"LineString","coordinates":[[139.18541,35.56218],[139.185442,35.562024],[139.185451,35.561942],[139.185443,35.561858],[139.185327,35.561306]]}},{"type":"Feature","properties":{"id":152646925,"highway":"trunk"},"geometry":{"type":"LineString","coordinates":[[139.12746,35.544803],[139.127807,35.54476],[139.128082,35.544735],[139.128297,35.544728]]}},{"type":"Feature","properties":{"id":152646929,"highway":"trunk"},"geometry":{"type":"LineString","coordinates":[[139.123427,35.543473],[139.124423,35.544516]]}},{"type":"Feature","properties":{"id":152646931,"highway":"trunk"},"geometry":{"type":"LineString","coordinates":[[139.123393,35.54219],[139.123309,35.542289],[139.123236,35.542406],[139.123193,35.542494],[139.123152,35.542596],[139.12313,35.5427]]}},{"type":"Feature","properties":{"id":152646965,"highway":"unclassified"},"geometry":{"type":"LineString","coordinates":[[139.132035,35.54641],[139.132139,35.546077],[139.132179,35.545982],[139.132225,35.545904],[139.132243,35.545857],[139.132258,35.545811],[139.132254,35.545767],[139.132239,35.545731],[139.132225,35.545709],[139.132201,35.545687],[139.132168,35.545667],[139.132099,35.545644],[139.13204,35.545637],[139.131976,35.545658],[139.131814,35.545729],[139.131746,35.545769],[139.131708,35.545814],[139.131673,35.545865],[139.131623,35.545914],[139.131553,35.545943],[139.131446,35.545954],[139.131383,35.545958],[139.131337,35.545967],[139.131284,35.54599],[139.131235,35.546031],[139.131178,35.546109],[139.131164,35.546211]]}},{"type":"Feature","properties":{"id":152646972,"highway":"primary"},"geometry":{"type":"LineString","coordinates":[[139.151724,35.596433],[139.152093,35.597168]]}},{"type":"Feature","properties":{"id":152646974,"highway":"primary"},"geometry":{"type":"LineString","coordinates":[[139.150678,35.579712],[139.150681,35.579999],[139.150668,35.580169],[139.150653,35.580267],[139.150625,35.580362],[139.150582,35.580461],[139.150499,35.580608],[139.150386,35.580777],[139.150357,35.580827],[139.150338,35.580877],[139.150317,35.58096],[139.150288,35.581079],[139.150269,35.581156]]}},{"type":"Feature","properties":{"id":152646977,"highway":"primary"},"geometry":{"type":"LineString","coordinates":[[139.14213,35.559715],[139.142291,35.559767],[139.142345,35.55978],[139.14242,35.559782],[139.14255,35.559766],[139.142702,35.559736],[139.142944,35.559697],[139.143206,35.559667],[139.143354,35.559648],[139.143496,35.559635],[139.14361,35.559642],[139.143712,35.559668],[139.143852,35.559713],[139.14395,35.559745],[139.144053,35.559755],[139.14416,35.559745],[139.144264,35.559708],[139.144399,35.559655],[139.144584,35.559574],[139.144754,35.559515],[139.144929,35.559472],[139.145153,35.559432],[139.145404,35.559389],[139.145722,35.559346],[139.145829,35.559342],[139.145899,35.55935],[139.145964,35.559372],[139.146019,35.559404],[139.146061,35.559454],[139.14613,35.559581],[139.146219,35.559736],[139.146255,35.559777],[139.146308,35.559822],[139.146402,35.559864],[139.14649,35.559906],[139.146568,35.55995],[139.146616,35.56001],[139.146664,35.560078],[139.146682,35.560142],[139.146705,35.56022]]}},{"type":"Feature","properties":{"id":152646980,"highway":"primary"},"geometry":{"type":"LineString","coordinates":[[139.14657,35.566348],[139.146416,35.566592],[139.146276,35.566819]]}},{"type":"Feature","properties":{"id":152646990,"highway":"primary"},"geometry":{"type":"LineString","coordinates":[[139.146705,35.56022],[139.146968,35.56125]]}},{"type":"Feature","properties":{"id":152646998,"highway":"primary"},"geometry":{"type":"LineString","coordinates":[[139.140778,35.559247],[139.14213,35.559715]]}},{"type":"Feature","properties":{"id":152647006,"highway":"primary"},"geometry":{"type":"LineString","coordinates":[[139.100645,35.522469],[139.100712,35.522511],[139.100931,35.522572],[139.101047,35.522598],[139.101186,35.522644],[139.101377,35.522739],[139.101535,35.522833],[139.101576,35.522882],[139.101608,35.52293],[139.101645,35.523007],[139.101797,35.523376],[139.101839,35.523444],[139.10188,35.523505],[139.101957,35.523573],[139.102037,35.523618],[139.102112,35.523656],[139.102187,35.523685],[139.102277,35.523706],[139.102423,35.523722],[139.102522,35.52375],[139.102594,35.523778],[139.102865,35.523894],[139.102967,35.523947],[139.103035,35.524012],[139.103085,35.524074],[139.103115,35.524129],[139.103164,35.524268],[139.103159,35.524366],[139.103181,35.524429],[139.103217,35.524479],[139.103276,35.524551],[139.103334,35.524594],[139.103397,35.524625],[139.103484,35.524647],[139.103571,35.524645],[139.103904,35.524577],[139.104082,35.524564],[139.104265,35.524525],[139.104316,35.524521],[139.104428,35.524527],[139.104823,35.524577],[139.104904,35.524602],[139.104975,35.524627],[139.105103,35.524667],[139.105296,35.52471],[139.105424,35.524739],[139.105513,35.52475],[139.105591,35.524751],[139.10567,35.524746],[139.105977,35.524716],[139.106135,35.524703],[139.106239,35.524686],[139.106353,35.524682],[139.106459,35.524684],[139.106544,35.524709]]}},{"type":"Feature","properties":{"id":152647058,"highway":"primary"},"geometry":{"type":"LineString","coordinates":[[139.146968,35.56125],[139.147017,35.561394],[139.147082,35.561513],[139.147157,35.56164],[139.147193,35.561673],[139.147276,35.561708],[139.147413,35.561737],[139.147562,35.561747],[139.147718,35.561738],[139.147872,35.561714],[139.147995,35.561708],[139.148105,35.561709],[139.148167,35.561742],[139.148182,35.561778],[139.14818,35.56182],[139.148142,35.561856],[139.148072,35.561881],[139.147979,35.561896],[139.147854,35.561903],[139.147682,35.561922],[139.147569,35.56194],[139.147449,35.561963],[139.147319,35.562001],[139.147243,35.562037],[139.147186,35.562069],[139.147158,35.562129],[139.147159,35.5622],[139.147194,35.562242],[139.147293,35.562286],[139.147447,35.562335],[139.147509,35.562375],[139.147556,35.562421],[139.147597,35.562497],[139.147632,35.562644],[139.147665,35.56272],[139.147684,35.5628],[139.14768,35.562842],[139.147651,35.562885],[139.147594,35.562925],[139.147512,35.562939],[139.147414,35.562916],[139.147344,35.562887],[139.147274,35.56287],[139.14716,35.562888],[139.147122,35.562917],[139.147079,35.562991],[139.147064,35.56308],[139.147045,35.5632],[139.147022,35.563259],[139.146988,35.563316],[139.146927,35.563384],[139.146847,35.563441],[139.146755,35.563492],[139.146636,35.563549],[139.146513,35.563617],[139.146428,35.563696],[139.146343,35.563824],[139.146305,35.563926],[139.146274,35.564048],[139.146264,35.564146],[139.14628,35.564234],[139.146328,35.564305],[139.146392,35.564344],[139.146495,35.564383],[139.146693,35.564434],[139.146943,35.564476],[139.147088,35.564506],[139.147193,35.564546],[139.147263,35.564592],[139.147331,35.564656],[139.147381,35.564718],[139.147418,35.564788],[139.147443,35.564872],[139.147458,35.564963],[139.147452,35.565064],[139.147431,35.56518],[139.147389,35.565401],[139.147357,35.565662],[139.147341,35.565793],[139.147309,35.56591],[139.147259,35.565974],[139.147179,35.566036],[139.1471,35.566074],[139.146976,35.566121],[139.14682,35.566168],[139.146722,35.56621],[139.14663,35.566282],[139.14657,35.566348]]}},{"type":"Feature","properties":{"id":152647104,"highway":"trunk"},"geometry":{"type":"LineString","coordinates":[[139.123626,35.541222],[139.123686,35.541269],[139.123771,35.541355],[139.123805,35.541419],[139.123833,35.54149],[139.123851,35.541554],[139.123855,35.541613],[139.123849,35.541689],[139.123829,35.541745],[139.123782,35.541824],[139.123727,35.54189],[139.123487,35.542105]]}},{"type":"Feature","properties":{"id":152647105,"highway":"trunk"},"geometry":{"type":"LineString","coordinates":[[139.124423,35.544516],[139.124516,35.544609],[139.124626,35.54469],[139.12476,35.544789],[139.124927,35.544858],[139.125106,35.544927],[139.12532,35.544992],[139.125543,35.545029],[139.125788,35.545037],[139.125976,35.545026],[139.12622,35.544989],[139.12746,35.544803]]}},{"type":"Feature","properties":{"id":152647106,"highway":"trunk"},"geometry":{"type":"LineString","coordinates":[[139.142423,35.546973],[139.142467,35.547058],[139.142583,35.547259],[139.142692,35.547418],[139.142808,35.54755],[139.142908,35.547643],[139.143041,35.547744],[139.143202,35.547836],[139.143443,35.54796],[139.143715,35.548075],[139.144065,35.548215],[139.145057,35.548539],[139.14522,35.548602],[139.145358,35.548662],[139.14555,35.548768],[139.145787,35.548926],[139.145905,35.548999],[139.146024,35.54906],[139.146155,35.54911],[139.146311,35.549145],[139.146467,35.54916],[139.146638,35.54916],[139.146769,35.549154],[139.146891,35.549145],[139.14701,35.549145],[139.147157,35.549145],[139.147297,35.549136],[139.147425,35.549115],[139.147547,35.549075],[139.147649,35.549017],[139.147772,35.548937],[139.148208,35.54853],[139.148282,35.548477],[139.148336,35.548448],[139.14841,35.548406]]}},{"type":"Feature","properties":{"id":152647107,"highway":"trunk"},"geometry":{"type":"LineString","coordinates":[[139.192246,35.564372],[139.194046,35.564396],[139.194267,35.564403],[139.194459,35.564413],[139.195004,35.564454],[139.196156,35.564554],[139.197485,35.564659],[139.198197,35.564717],[139.198518,35.564737],[139.198831,35.564751],[139.199142,35.564755],[139.1995,35.564751],[139.199851,35.564738],[139.200148,35.564719],[139.200661,35.564665],[139.201097,35.564608],[139.201621,35.56452],[139.202266,35.56439]]}},{"type":"Feature","properties":{"id":152647109,"highway":"trunk"},"geometry":{"type":"LineString","coordinates":[[139.141517,35.545388],[139.141576,35.545483],[139.141962,35.546136],[139.142119,35.546429],[139.142172,35.546534]]}},{"type":"Feature","properties":{"id":152647110,"highway":"trunk"},"geometry":{"type":"LineString","coordinates":[[139.149111,35.548398],[139.149178,35.548425],[139.149267,35.548477],[139.149393,35.548582],[139.149833,35.54912],[139.149923,35.549209],[139.150025,35.549289],[139.15013,35.549355],[139.150322,35.549442],[139.150458,35.549477],[139.150624,35.549509],[139.150774,35.549517],[139.150908,35.549502],[139.151025,35.549468],[139.151124,35.549434],[139.15124,35.549387],[139.151356,35.549364],[139.151502,35.549364],[139.151615,35.549358],[139.151724,35.549353],[139.151797,35.549338],[139.151845,35.549316],[139.151944,35.549255],[139.152257,35.548985],[139.152353,35.548926],[139.152426,35.548899],[139.152511,35.548879],[139.152588,35.548869],[139.152675,35.548887],[139.152735,35.548932],[139.15277,35.548979],[139.152786,35.54904],[139.152779,35.549107],[139.152761,35.549161],[139.152729,35.549234],[139.152627,35.549402],[139.152609,35.549458],[139.152602,35.549513],[139.15262,35.549569],[139.152692,35.549674],[139.15292,35.549976],[139.15296,35.550042],[139.152986,35.550117],[139.153006,35.550189],[139.153041,35.550268],[139.153104,35.550341],[139.153193,35.550388],[139.153294,35.550411],[139.153399,35.550406],[139.153494,35.550382],[139.153611,35.550342],[139.153699,35.550328],[139.15378,35.55033],[139.153853,35.55035],[139.153926,35.5504],[139.153981,35.550464],[139.154008,35.55053],[139.154005,35.550618],[139.153992,35.550728],[139.153991,35.550806],[139.154014,35.550893],[139.154073,35.551001],[139.154212,35.551264],[139.154265,35.551343],[139.154324,35.551399],[139.154423,35.55146],[139.154545,35.551519],[139.155701,35.552037],[139.156172,35.552248],[139.156327,35.552317],[139.156462,35.552394],[139.15655,35.552456],[139.156679,35.552543]]}},{"type":"Feature","properties":{"id":152647111,"highway":"trunk"},"geometry":{"type":"LineString","coordinates":[[139.16107,35.553525],[139.161135,35.553526],[139.161322,35.553523],[139.161563,35.5535],[139.162145,35.553388],[139.162328,35.553364],[139.162483,35.55338],[139.162589,35.553417],[139.162671,35.553466],[139.162864,35.553619],[139.16297,35.553674],[139.163085,35.553713],[139.163164,35.553721]]}},{"type":"Feature","properties":{"id":152647113,"highway":"trunk"},"geometry":{"type":"LineString","coordinates":[[139.12313,35.5427],[139.123121,35.542805],[139.123126,35.54291],[139.12315,35.543032],[139.123183,35.54313],[139.123231,35.543234],[139.123342,35.543372],[139.123427,35.543473]]}},{"type":"Feature","properties":{"id":152647115,"highway":"trunk"},"geometry":{"type":"LineString","coordinates":[[139.180431,35.560817],[139.180678,35.560839],[139.180927,35.560854],[139.181213,35.560856],[139.182375,35.560826],[139.182444,35.560825]]}},{"type":"Feature","properties":{"id":152647116,"highway":"trunk"},"geometry":{"type":"LineString","coordinates":[[139.174527,35.558466],[139.174742,35.558607],[139.175035,35.558817],[139.1753,35.559036],[139.176272,35.559786],[139.17645,35.559925],[139.176664,35.560071],[139.17689,35.560198],[139.177118,35.560305],[139.177317,35.560385],[139.177555,35.560455],[139.177821,35.560512],[139.178075,35.560543]]}},{"type":"Feature","properties":{"id":152647117,"highway":"trunk"},"geometry":{"type":"LineString","coordinates":[[139.157226,35.552937],[139.15727,35.552968],[139.15761,35.553212],[139.157745,35.553298],[139.157898,35.553375],[139.15806,35.553437],[139.158263,35.553492],[139.158449,35.553528],[139.158638,35.553543],[139.158834,35.553538],[139.159008,35.553514],[139.159454,35.553455],[139.159643,35.553433],[139.159824,35.553422],[139.160038,35.553427]]}},{"type":"Feature","properties":{"id":152647120,"highway":"residential"},"geometry":{"type":"LineString","coordinates":[[139.197079,35.599355],[139.197195,35.599356],[139.197282,35.599389],[139.197336,35.599416]]}},{"type":"Feature","properties":{"id":152647140,"highway":"tertiary"},"geometry":{"type":"LineString","coordinates":[[139.156609,35.579715],[139.156609,35.57965],[139.156616,35.579579],[139.156637,35.579515],[139.156661,35.57945],[139.156677,35.579377],[139.156677,35.579317],[139.156671,35.57926],[139.156655,35.579206],[139.156636,35.579152],[139.156609,35.579103],[139.156567,35.579043],[139.156493,35.578977],[139.156305,35.578818],[139.156273,35.578773],[139.156245,35.578736],[139.15622,35.578686],[139.156208,35.578631],[139.156199,35.578559],[139.156203,35.57847],[139.156216,35.578423],[139.156239,35.578378],[139.156298,35.578289],[139.156368,35.57821],[139.156447,35.578123],[139.156468,35.578079],[139.156487,35.578024]]}},{"type":"Feature","properties":{"id":152647152,"highway":"unclassified"},"geometry":{"type":"LineString","coordinates":[[139.134501,35.595073],[139.134433,35.595065],[139.134145,35.595056],[139.133837,35.595053],[139.133552,35.595056],[139.133428,35.595061],[139.133364,35.595075],[139.1333,35.595089],[139.13322,35.595114],[139.133123,35.595155],[139.133049,35.595189],[139.132986,35.595208],[139.132939,35.595212],[139.132907,35.595208],[139.132869,35.595197],[139.132842,35.595175],[139.132824,35.595148],[139.132781,35.595035],[139.132745,35.594965],[139.132715,35.594934],[139.132671,35.594903],[139.132587,35.594861],[139.13249,35.594827],[139.132388,35.594795],[139.132321,35.594774]]}},{"type":"Feature","properties":{"id":152647263,"highway":"unclassified"},"geometry":{"type":"LineString","coordinates":[[139.134591,35.59142],[139.13458,35.591465],[139.134463,35.591789],[139.134461,35.592002],[139.134446,35.592121],[139.134423,35.592208],[139.1344,35.592247],[139.134366,35.592287],[139.134297,35.592338],[139.134235,35.592374],[139.13416,35.592403],[139.134086,35.592419],[139.133984,35.592421],[139.13389,35.592409],[139.133739,35.592388],[139.133492,35.592323],[139.133278,35.592258],[139.133095,35.592219],[139.132909,35.592184]]}},{"type":"Feature","properties":{"id":152647264,"highway":"residential"},"geometry":{"type":"LineString","coordinates":[[139.148273,35.585015],[139.148356,35.584967],[139.148373,35.584946],[139.148385,35.584925],[139.148377,35.584818],[139.148348,35.584717],[139.148347,35.584657],[139.148368,35.584603],[139.1484,35.584558],[139.148455,35.584496],[139.148496,35.584434],[139.148511,35.584393],[139.148505,35.584364],[139.148442,35.584218],[139.14835,35.584026],[139.14825,35.583783],[139.148191,35.583599],[139.148193,35.583488],[139.148194,35.583487],[139.148223,35.583412],[139.148348,35.583201]]}},{"type":"Feature","properties":{"id":152647285,"highway":"unclassified"},"geometry":{"type":"LineString","coordinates":[[139.12622,35.544989],[139.126209,35.544933],[139.1262,35.544884],[139.126189,35.544809],[139.126196,35.544749],[139.126221,35.544682],[139.126261,35.544617],[139.126317,35.544559],[139.126423,35.54448],[139.126453,35.544443],[139.126472,35.544408],[139.126517,35.544303]]}},{"type":"Feature","properties":{"id":152647288,"highway":"residential"},"geometry":{"type":"LineString","coordinates":[[139.154536,35.582231],[139.154567,35.582335],[139.154618,35.582456],[139.154619,35.582499],[139.154619,35.582535],[139.154601,35.582572],[139.154557,35.582614],[139.154497,35.58265],[139.154451,35.582666],[139.154396,35.582676],[139.154309,35.582669],[139.154186,35.582641],[139.1541,35.582626],[139.154041,35.582633],[139.153965,35.582651],[139.153738,35.582704],[139.153373,35.582799],[139.152921,35.582953],[139.152801,35.582964],[139.152698,35.582962]]}},{"type":"Feature","properties":{"id":152647338,"highway":"residential"},"geometry":{"type":"LineString","coordinates":[[139.15775,35.552112],[139.157615,35.552106],[139.157448,35.552118],[139.157227,35.552165],[139.156964,35.552261],[139.156654,35.552423],[139.15655,35.552456]]}},{"type":"Feature","properties":{"id":152647345,"highway":"residential"},"geometry":{"type":"LineString","coordinates":[[139.150704,35.585744],[139.150784,35.585654],[139.15088,35.585535],[139.150972,35.585423],[139.151003,35.585376],[139.151004,35.585303],[139.150944,35.585038],[139.150917,35.584969],[139.150891,35.58492],[139.150802,35.584836],[139.150722,35.58476],[139.150653,35.584685],[139.150635,35.584642],[139.150623,35.5846],[139.15062,35.584545],[139.150627,35.584482],[139.15065,35.58442],[139.150778,35.584194],[139.150823,35.584077],[139.150848,35.583954]]}},{"type":"Feature","properties":{"id":152647359,"highway":"residential"},"geometry":{"type":"LineString","coordinates":[[139.199306,35.599468],[139.199398,35.599459],[139.19949,35.599461],[139.199619,35.599481],[139.199694,35.599534],[139.199728,35.59965],[139.199768,35.599784],[139.199786,35.599963],[139.199823,35.600161],[139.199917,35.600317],[139.199936,35.600375],[139.19993,35.600435],[139.199901,35.600499],[139.199838,35.600566],[139.19979,35.600625]]}},{"type":"Feature","properties":{"id":152647372,"highway":"unclassified"},"geometry":{"type":"LineString","coordinates":[[139.131106,35.592547],[139.130853,35.592211],[139.130944,35.592039],[139.131025,35.591878],[139.131124,35.591692],[139.131245,35.591451],[139.131304,35.591387],[139.131384,35.591346],[139.131444,35.591318],[139.131532,35.591296],[139.131603,35.59129],[139.131721,35.591313],[139.131838,35.591311],[139.13198,35.591305]]}},{"type":"Feature","properties":{"id":152647373,"highway":"residential"},"geometry":{"type":"LineString","coordinates":[[139.196282,35.563496],[139.19528,35.563384],[139.194755,35.563327],[139.194271,35.563307],[139.194185,35.563862],[139.192477,35.563723],[139.192405,35.563682],[139.19255,35.562789]]}},{"type":"Feature","properties":{"id":152647428,"highway":"residential"},"geometry":{"type":"LineString","coordinates":[[139.180577,35.558866],[139.180962,35.558939],[139.181078,35.558959],[139.181414,35.558994],[139.181946,35.559028],[139.182174,35.559016],[139.182286,35.559009],[139.182632,35.558953],[139.182713,35.558912],[139.182793,35.558787],[139.182826,35.558772],[139.182871,35.55878],[139.182945,35.558879],[139.183017,35.559084],[139.183024,35.559183],[139.183002,35.559282]]}},{"type":"Feature","properties":{"id":152647438,"highway":"unclassified"},"geometry":{"type":"LineString","coordinates":[[139.133525,35.572387],[139.133535,35.572415],[139.133556,35.572434],[139.133757,35.57253],[139.133841,35.572575],[139.133855,35.572586],[139.133874,35.572627],[139.13388,35.572677],[139.133878,35.572843],[139.133861,35.572901],[139.133829,35.572948],[139.13379,35.57298],[139.133704,35.573006],[139.133643,35.573026],[139.133592,35.573048],[139.13357,35.573072],[139.13355,35.573109],[139.133436,35.573402],[139.13338,35.573515],[139.133353,35.573564],[139.13328,35.57363]]}},{"type":"Feature","properties":{"id":152647439,"highway":"unclassified"},"geometry":{"type":"LineString","coordinates":[[139.151595,35.59617],[139.151745,35.59611],[139.151891,35.596064],[139.151972,35.596001],[139.152025,35.595878],[139.15203,35.595804],[139.152014,35.595747],[139.151985,35.595684],[139.15173,35.595448],[139.151691,35.59537],[139.151723,35.595262],[139.151845,35.595184]]}},{"type":"Feature","properties":{"id":152647454,"highway":"residential"},"geometry":{"type":"LineString","coordinates":[[139.148899,35.547828],[139.148907,35.547828],[139.148967,35.547844],[139.149014,35.547896],[139.149055,35.547991],[139.149075,35.548114],[139.14911,35.548221],[139.149172,35.548329],[139.149178,35.548425]]}},{"type":"Feature","properties":{"id":152647481,"highway":"tertiary"},"geometry":{"type":"LineString","coordinates":[[139.136194,35.589032],[139.136427,35.58934],[139.13647,35.589388],[139.136528,35.589463],[139.136561,35.589546],[139.136576,35.589685],[139.136609,35.589918],[139.136451,35.590284],[139.136388,35.590398],[139.136272,35.590531],[139.136089,35.590728],[139.135921,35.590907],[139.135867,35.590944],[139.135799,35.590977],[139.135739,35.591002],[139.13566,35.591019],[139.135522,35.591033],[139.135399,35.591033],[139.135339,35.591038],[139.13528,35.591069]]}},{"type":"Feature","properties":{"id":152647489,"highway":"residential"},"geometry":{"type":"LineString","coordinates":[[139.165722,35.560601],[139.165808,35.560584],[139.165892,35.560555],[139.165966,35.560514],[139.166012,35.560477],[139.166069,35.560408],[139.16616,35.560279],[139.166208,35.560228],[139.166257,35.560212],[139.16652,35.560201],[139.166672,35.560192],[139.166705,35.560202],[139.166717,35.560226],[139.166727,35.560265],[139.166725,35.560337],[139.166713,35.560356],[139.166697,35.560377],[139.166668,35.560403],[139.166622,35.560439],[139.166412,35.56054],[139.166233,35.560585],[139.166109,35.560636],[139.165985,35.560749],[139.165951,35.560794],[139.165909,35.560952],[139.165902,35.561014]]}},{"type":"Feature","properties":{"id":152647490,"highway":"residential"},"geometry":{"type":"LineString","coordinates":[[139.126805,35.538623],[139.12662,35.538819],[139.126423,35.539046],[139.126353,35.539127],[139.126305,35.5392],[139.126287,35.539244],[139.126294,35.539273],[139.126348,35.539313],[139.12645,35.53938],[139.126483,35.5394],[139.126538,35.539421],[139.126749,35.539502],[139.126828,35.539561],[139.126879,35.539607]]}},{"type":"Feature","properties":{"id":152647495,"highway":"residential"},"geometry":{"type":"LineString","coordinates":[[139.125936,35.586507],[139.125614,35.586356],[139.125549,35.586323],[139.12546,35.586282],[139.125403,35.586247],[139.125367,35.586208],[139.12535,35.586159],[139.125348,35.586115],[139.125353,35.586071],[139.125373,35.586012],[139.125411,35.585953],[139.12548,35.585876],[139.125536,35.585807],[139.125588,35.585713],[139.125646,35.585607],[139.125693,35.585543],[139.125728,35.585528],[139.125848,35.585527],[139.125931,35.585442],[139.126142,35.585558],[139.126215,35.585603],[139.126281,35.585648],[139.12633,35.585692],[139.126444,35.585759],[139.126498,35.585769],[139.126536,35.585765],[139.126567,35.58576],[139.126666,35.585794],[139.126856,35.585856],[139.127209,35.585947],[139.127353,35.585769],[139.127437,35.585644],[139.127457,35.585598],[139.127598,35.585281]]}},{"type":"Feature","properties":{"id":152647499,"highway":"residential"},"geometry":{"type":"LineString","coordinates":[[139.134968,35.548418],[139.134982,35.547902],[139.135,35.547847],[139.135028,35.547802],[139.135085,35.547772],[139.135182,35.54775],[139.135244,35.547697],[139.135289,35.547642],[139.135401,35.547435],[139.13548,35.547362],[139.13552,35.547315],[139.135653,35.547112],[139.135706,35.5471],[139.13577,35.547112],[139.135864,35.547179],[139.135934,35.547199],[139.136107,35.547171],[139.136442,35.547173]]}},{"type":"Feature","properties":{"id":152647502,"highway":"unclassified"},"geometry":{"type":"LineString","coordinates":[[139.151803,35.561968],[139.151745,35.561975],[139.151658,35.561968],[139.151588,35.56195],[139.151368,35.561883],[139.151128,35.561819],[139.150958,35.561783],[139.150843,35.561782],[139.150709,35.561792],[139.150604,35.561805],[139.150523,35.561822],[139.150426,35.561843],[139.150336,35.561858],[139.150189,35.561867],[139.149912,35.56186],[139.149672,35.561846],[139.149437,35.561831],[139.149279,35.56182],[139.148978,35.561781],[139.148687,35.561757],[139.148561,35.561737],[139.148455,35.56172],[139.148333,35.561712],[139.148167,35.561742]]}},{"type":"Feature","properties":{"id":152647517,"highway":"residential"},"geometry":{"type":"LineString","coordinates":[[139.19784,35.562192],[139.197699,35.562178],[139.197349,35.56219],[139.19731,35.562146],[139.197282,35.561941],[139.197532,35.561926],[139.197568,35.561643],[139.197319,35.561589],[139.197233,35.561666],[139.197187,35.56184],[139.196843,35.561797],[139.196615,35.561734],[139.196006,35.561595],[139.195605,35.561549],[139.195019,35.561583],[139.194292,35.561523],[139.1941,35.561483]]}},{"type":"Feature","properties":{"id":152647524,"highway":"residential"},"geometry":{"type":"LineString","coordinates":[[139.148348,35.583201],[139.14853,35.582845],[139.148631,35.58265],[139.148655,35.582612],[139.148689,35.582587],[139.148717,35.582586],[139.148745,35.582591],[139.14879,35.582609],[139.148829,35.582649],[139.148808,35.582803],[139.148793,35.582934],[139.148791,35.583084],[139.148767,35.583331],[139.148767,35.583461],[139.148784,35.583532],[139.148807,35.583598],[139.148845,35.583636],[139.148887,35.583664],[139.149013,35.583715],[139.14911,35.583769],[139.14921,35.583853],[139.149265,35.583896],[139.149312,35.583923],[139.149377,35.583941],[139.149459,35.583946],[139.149542,35.583938],[139.149662,35.583892],[139.149791,35.583839]]}},{"type":"Feature","properties":{"id":152647533,"highway":"residential"},"geometry":{"type":"LineString","coordinates":[[139.197974,35.561481],[139.197943,35.561358],[139.197915,35.5612],[139.197883,35.561018],[139.197808,35.560881],[139.197727,35.560751],[139.197676,35.56068],[139.197603,35.560599],[139.197512,35.560555],[139.197447,35.56052],[139.197342,35.560475],[139.197222,35.560422],[139.197123,35.560383],[139.197041,35.560373]]}},{"type":"Feature","properties":{"id":152647548,"highway":"residential"},"geometry":{"type":"LineString","coordinates":[[139.125936,35.586507],[139.12599,35.586546],[139.126006,35.586586],[139.126023,35.586627],[139.126046,35.586664],[139.12609,35.586683],[139.126158,35.586703],[139.126285,35.586736],[139.126412,35.586764],[139.126539,35.586792],[139.126649,35.586815],[139.126771,35.586841],[139.127015,35.586884],[139.127203,35.586902],[139.127315,35.586919],[139.127418,35.586946],[139.127505,35.586962],[139.127601,35.586971],[139.12769,35.58697],[139.127791,35.586961],[139.127887,35.586951],[139.12798,35.586958],[139.128076,35.586977],[139.128173,35.586991],[139.128228,35.586985],[139.128287,35.586971],[139.128383,35.586947],[139.128496,35.586935],[139.128596,35.586938],[139.128683,35.586939],[139.128782,35.586935],[139.128968,35.586905],[139.129108,35.586877],[139.12926,35.586829],[139.129348,35.586796],[139.12943,35.586764],[139.129482,35.58673],[139.129521,35.586697],[139.129584,35.586626],[139.129718,35.586447]]}},{"type":"Feature","properties":{"id":152647555,"highway":"residential"},"geometry":{"type":"LineString","coordinates":[[139.164468,35.559542],[139.164554,35.559458],[139.164617,35.55938],[139.164643,35.559323],[139.164667,35.559254],[139.164734,35.559009],[139.164759,35.558924],[139.16475,35.558886],[139.164736,35.558859],[139.164667,35.558781],[139.164521,35.558609],[139.164331,35.558532],[139.164152,35.558485],[139.16396,35.55845],[139.163815,35.558388],[139.163697,35.558315],[139.163504,35.558123],[139.16316,35.557937]]}},{"type":"Feature","properties":{"id":152647561,"highway":"residential"},"geometry":{"type":"LineString","coordinates":[[139.150848,35.583954],[139.150918,35.58382],[139.150948,35.583805],[139.150976,35.583803],[139.151042,35.583805],[139.151101,35.583798],[139.15115,35.583783],[139.151176,35.583696],[139.151208,35.58359],[139.151245,35.583475],[139.151282,35.583433],[139.151369,35.583349],[139.151443,35.583291],[139.151491,35.58325],[139.151539,35.583223],[139.151602,35.583197],[139.15167,35.583184],[139.151821,35.583162],[139.152011,35.583142],[139.15224,35.583098],[139.152388,35.583045],[139.152619,35.58297],[139.152698,35.582962],[139.152653,35.582861],[139.152537,35.582576],[139.152426,35.58231],[139.152288,35.58197],[139.152227,35.581828],[139.152195,35.581784],[139.152073,35.581745],[139.151972,35.581718],[139.151863,35.581702],[139.151754,35.581701],[139.15164,35.581718],[139.151416,35.58176],[139.151333,35.581766],[139.151194,35.58176],[139.151128,35.581748],[139.151024,35.581724],[139.150886,35.581646],[139.150811,35.581584],[139.15078,35.58154],[139.150764,35.581505],[139.150767,35.581473]]}},{"type":"Feature","properties":{"id":152647578,"highway":"unclassified"},"geometry":{"type":"LineString","coordinates":[[139.131729,35.575509],[139.131732,35.575425],[139.131746,35.575289],[139.131782,35.575177],[139.131829,35.575055],[139.131858,35.574972],[139.131872,35.574925],[139.131873,35.57483],[139.131848,35.574755],[139.131817,35.57463],[139.131797,35.574545],[139.131773,35.574422],[139.131766,35.574361],[139.131769,35.574297],[139.131778,35.574267],[139.131793,35.574234],[139.13182,35.574207],[139.131857,35.574175],[139.131895,35.574156],[139.131944,35.574137],[139.132027,35.574123],[139.132177,35.574125],[139.132288,35.574131],[139.132325,35.574131],[139.132367,35.574126],[139.132424,35.574115],[139.132468,35.574101],[139.132551,35.574057],[139.132825,35.57387],[139.133043,35.573723],[139.133148,35.573691],[139.13328,35.57363]]}},{"type":"Feature","properties":{"id":152647579,"highway":"unclassified"},"geometry":{"type":"LineString","coordinates":[[139.165722,35.560601],[139.165688,35.560618],[139.16564,35.560631],[139.165597,35.560627],[139.165567,35.560606],[139.165551,35.560588],[139.165543,35.560565],[139.16555,35.560543],[139.165565,35.56052],[139.16564,35.560435],[139.165727,35.560345],[139.165747,35.560321],[139.165755,35.560298],[139.165757,35.560248],[139.165746,35.560209],[139.165727,35.560149],[139.165705,35.56009],[139.16566,35.559978],[139.165635,35.559932],[139.165601,35.559892],[139.165564,35.559866],[139.165504,35.559841],[139.165438,35.559817],[139.165293,35.559778],[139.164973,35.559695],[139.164707,35.559629],[139.164565,35.55959],[139.164512,35.559569],[139.164468,35.559542]]}},{"type":"Feature","properties":{"id":152647583,"highway":"residential"},"geometry":{"type":"LineString","coordinates":[[139.146085,35.560639],[139.146148,35.560615],[139.146368,35.560478],[139.146585,35.560427],[139.146815,35.560408],[139.146862,35.560377],[139.146841,35.560238]]}},{"type":"Feature","properties":{"id":152647589,"highway":"residential"},"geometry":{"type":"LineString","coordinates":[[139.126728,35.543594],[139.126864,35.54357],[139.126913,35.543552],[139.126946,35.543482],[139.126988,35.543343],[139.126999,35.543227],[139.127009,35.543119],[139.127063,35.5428],[139.127059,35.542767],[139.127042,35.542734],[139.126899,35.542541],[139.126836,35.542448],[139.12681,35.542383],[139.126799,35.542323],[139.126805,35.542288],[139.126819,35.542251],[139.12686,35.542153],[139.126875,35.54212],[139.126988,35.541861],[139.127012,35.54178],[139.127017,35.541726],[139.127008,35.541607],[139.127005,35.541576],[139.12699,35.541516],[139.126983,35.541411],[139.126974,35.541285],[139.12697,35.541096],[139.126993,35.540983]]}},{"type":"Feature","properties":{"id":152647592,"highway":"tertiary"},"geometry":{"type":"LineString","coordinates":[[139.139599,35.545726],[139.139049,35.545525],[139.13853,35.545332],[139.138362,35.545293],[139.138253,35.545282],[139.138164,35.545289],[139.138061,35.54533],[139.137956,35.545398],[139.137644,35.545651],[139.137601,35.545682],[139.137539,35.545709],[139.137467,35.545731],[139.137379,35.545736],[139.137303,35.545723],[139.137237,35.545699],[139.137164,35.545654],[139.137111,35.545596],[139.13699,35.545446],[139.136921,35.545361],[139.136821,35.54527],[139.136674,35.545149],[139.136542,35.545059],[139.136387,35.544968],[139.136285,35.54492],[139.136216,35.544897],[139.136138,35.544875]]}},{"type":"Feature","properties":{"id":152647610,"highway":"unclassified"},"geometry":{"type":"LineString","coordinates":[[139.142067,35.591774],[139.142022,35.591794],[139.142004,35.591823],[139.142005,35.591868],[139.14203,35.591953],[139.142044,35.592005],[139.142073,35.592098],[139.142068,35.592152],[139.14204,35.592191],[139.141973,35.592265],[139.141697,35.592519],[139.141498,35.59269],[139.141461,35.592731],[139.141433,35.592766],[139.141395,35.592839],[139.141362,35.592894],[139.141328,35.592936],[139.141283,35.592974],[139.141236,35.593005],[139.141149,35.593049],[139.141035,35.593093],[139.140898,35.593138],[139.140733,35.593173],[139.140433,35.593216],[139.140302,35.593227],[139.140025,35.593233],[139.139895,35.593228],[139.139778,35.593214],[139.13972,35.593193],[139.139665,35.59316],[139.139651,35.593117],[139.139633,35.592981]]}},{"type":"Feature","properties":{"id":152647614,"highway":"residential"},"geometry":{"type":"LineString","coordinates":[[139.125793,35.539301],[139.125741,35.539305],[139.125708,35.539333],[139.125694,35.539378],[139.125702,35.539571],[139.125705,35.539707],[139.1257,35.539857],[139.125676,35.539993],[139.125642,35.540123],[139.125587,35.540198],[139.125569,35.540259],[139.125554,35.540323],[139.125527,35.540362],[139.125484,35.540414],[139.125394,35.540517],[139.125308,35.540588],[139.125239,35.540626],[139.12514,35.54067],[139.125084,35.540697],[139.125039,35.540731],[139.124994,35.540777],[139.124961,35.540819],[139.124939,35.540854],[139.124873,35.541022],[139.124782,35.541252],[139.124686,35.541491],[139.124539,35.541861],[139.124439,35.542112],[139.124394,35.542195],[139.124318,35.542357],[139.124321,35.542412],[139.124332,35.542474],[139.124406,35.542744],[139.12445,35.542924],[139.124494,35.543088],[139.124506,35.543138],[139.124558,35.54336],[139.124605,35.543513],[139.124641,35.543605],[139.124644,35.543639],[139.124592,35.543623]]}},{"type":"Feature","properties":{"id":152647619,"highway":"unclassified"},"geometry":{"type":"LineString","coordinates":[[139.158175,35.558409],[139.15814,35.558457],[139.158114,35.558506],[139.158077,35.558609],[139.158035,35.55883],[139.158019,35.558893],[139.157998,35.558927],[139.157966,35.558959],[139.15794,35.558972],[139.157907,35.558985],[139.157846,35.558994],[139.157796,35.558995],[139.157752,35.558991],[139.157716,35.558981],[139.157676,35.558954],[139.157577,35.558873],[139.157474,35.558787],[139.157378,35.558713],[139.157307,35.558675],[139.157225,35.558633]]}},{"type":"Feature","properties":{"id":152647620,"highway":"residential"},"geometry":{"type":"LineString","coordinates":[[139.197654,35.598428],[139.197485,35.598318],[139.197416,35.598296],[139.197362,35.598289],[139.197188,35.598296],[139.197002,35.59833],[139.196853,35.598375],[139.19678,35.59842],[139.196757,35.598456],[139.196754,35.598499],[139.196933,35.598859],[139.196974,35.599017],[139.196988,35.599191],[139.197079,35.599355]]}},{"type":"Feature","properties":{"id":152647630,"highway":"residential"},"geometry":{"type":"LineString","coordinates":[[139.147157,35.56164],[139.147042,35.561653],[139.14691,35.561661],[139.146743,35.561658],[139.146633,35.561641],[139.146559,35.561625],[139.146293,35.561521],[139.14617,35.561449],[139.145899,35.561323],[139.145774,35.561285],[139.145653,35.561261],[139.145453,35.561257],[139.145422,35.561249],[139.145402,35.561224],[139.145397,35.561196],[139.145415,35.56112],[139.145442,35.561045],[139.145459,35.561009],[139.145479,35.560971],[139.145497,35.560951],[139.145522,35.56094],[139.14556,35.560931],[139.145751,35.560936],[139.145806,35.560932],[139.145856,35.560922],[139.145891,35.560908],[139.145915,35.560892],[139.145972,35.560854],[139.146032,35.560789],[139.146065,35.56074],[139.146082,35.560699],[139.146092,35.560667],[139.146085,35.560639]]}},{"type":"Feature","properties":{"id":152647631,"highway":"residential"},"geometry":{"type":"LineString","coordinates":[[139.13686,35.588905],[139.136863,35.588875],[139.136864,35.588759],[139.136901,35.588683],[139.136941,35.588597],[139.137102,35.588501],[139.137156,35.588453],[139.137212,35.58838],[139.137226,35.588323],[139.137226,35.588165],[139.137164,35.587827],[139.137115,35.587596],[139.137108,35.587427],[139.137005,35.586739],[139.137005,35.586658],[139.137046,35.586521],[139.137094,35.586439],[139.13717,35.58637],[139.137277,35.586301],[139.137374,35.586232]]}},{"type":"Feature","properties":{"id":152647632,"highway":"tertiary"},"geometry":{"type":"LineString","coordinates":[[139.137374,35.586232],[139.137257,35.586261],[139.137111,35.586324],[139.136755,35.586641],[139.13638,35.586971],[139.136216,35.587088],[139.136137,35.58712],[139.135958,35.587228],[139.135832,35.587324],[139.135785,35.587371],[139.135753,35.58742],[139.135709,35.587502],[139.135685,35.587575],[139.135659,35.587719],[139.135657,35.587817],[139.13567,35.587885],[139.135695,35.587956],[139.135753,35.588101],[139.135865,35.588394],[139.135913,35.588505],[139.135965,35.588616],[139.136075,35.588838],[139.136194,35.589032]]}},{"type":"Feature","properties":{"id":152647634,"highway":"tertiary"},"geometry":{"type":"LineString","coordinates":[[139.155967,35.581687],[139.156074,35.58162],[139.156132,35.58157],[139.156179,35.581529],[139.156208,35.581483],[139.156247,35.581358],[139.156268,35.581233],[139.156307,35.581078],[139.156348,35.580982],[139.156379,35.58094],[139.156419,35.580896],[139.156523,35.58082],[139.156563,35.580789],[139.156599,35.580752],[139.156624,35.580716],[139.156642,35.580668],[139.156646,35.580631],[139.156646,35.580601],[139.156638,35.580579],[139.156564,35.580478],[139.156512,35.580391],[139.156501,35.580351],[139.1565,35.580312],[139.156513,35.580283],[139.156525,35.580253],[139.156558,35.580209],[139.156591,35.580161],[139.15662,35.580102],[139.156637,35.580062],[139.156645,35.580003]]}},{"type":"Feature","properties":{"id":152647639,"highway":"unclassified"},"geometry":{"type":"LineString","coordinates":[[139.152523,35.598361],[139.152557,35.59836],[139.152584,35.598323],[139.152613,35.59824],[139.152665,35.598071],[139.152717,35.597877],[139.152762,35.597802],[139.152805,35.597741],[139.152882,35.597672],[139.152936,35.597634],[139.153064,35.597587],[139.153282,35.597517],[139.153886,35.597311],[139.15405,35.597268],[139.154184,35.597239],[139.154325,35.597217],[139.154466,35.597181],[139.154539,35.597146],[139.154592,35.597104],[139.154658,35.597026],[139.154717,35.596942],[139.154817,35.596764],[139.154873,35.596704],[139.154932,35.596664],[139.154988,35.596644],[139.155055,35.596641],[139.155113,35.59666],[139.155165,35.596689],[139.155209,35.596719],[139.155314,35.5968],[139.155413,35.59686],[139.155754,35.596998],[139.155925,35.59707],[139.156046,35.59714],[139.156163,35.597201],[139.156211,35.597227],[139.156229,35.597271],[139.156231,35.597377],[139.156249,35.597463],[139.156286,35.597504],[139.156356,35.597527],[139.156455,35.597537],[139.156593,35.597552],[139.156685,35.597566],[139.15677,35.597593],[139.156821,35.597629],[139.156872,35.597688],[139.156995,35.5979],[139.157051,35.597977],[139.157106,35.598042],[139.157196,35.598095],[139.157328,35.598143],[139.157481,35.598178],[139.157667,35.59821],[139.15791,35.59825],[139.158192,35.598297],[139.158331,35.598325],[139.158464,35.598355],[139.158532,35.598375],[139.1586,35.598395],[139.158719,35.598451],[139.158797,35.598509],[139.158924,35.598613],[139.159042,35.598716],[139.159139,35.598809],[139.159219,35.598899],[139.159283,35.599],[139.159318,35.599088],[139.159361,35.599198],[139.1594,35.599285],[139.159468,35.599405],[139.159552,35.599501],[139.159637,35.599579],[139.159813,35.599734],[139.159928,35.59984],[139.16008,35.599985],[139.160197,35.600091],[139.16029,35.600146]]}},{"type":"Feature","properties":{"id":152647646,"highway":"residential"},"geometry":{"type":"LineString","coordinates":[[139.146604,35.586184],[139.146455,35.586082],[139.146299,35.585969],[139.146199,35.5858],[139.146112,35.585663],[139.146083,35.585577],[139.146077,35.585517],[139.146092,35.585471],[139.146117,35.585434],[139.146138,35.585404],[139.146188,35.585363],[139.146239,35.58534],[139.146334,35.585326],[139.146385,35.585305],[139.14637,35.585276],[139.14634,35.585257],[139.146261,35.585216],[139.146144,35.585166],[139.145971,35.585097],[139.145815,35.585031],[139.145668,35.584955],[139.145605,35.584938],[139.145534,35.584922],[139.145222,35.584914]]}},{"type":"Feature","properties":{"id":152647678,"highway":"residential"},"geometry":{"type":"LineString","coordinates":[[139.199153,35.562086],[139.199247,35.562057],[139.199589,35.561911],[139.19968,35.561864],[139.199726,35.561839],[139.199841,35.561888],[139.20011,35.562],[139.200225,35.562073],[139.200279,35.562137],[139.200382,35.562244],[139.200481,35.562377],[139.200546,35.562466],[139.200626,35.562637],[139.200671,35.562755],[139.20069,35.562823],[139.200701,35.562901],[139.200626,35.562914],[139.200566,35.562952],[139.200549,35.56305],[139.20053,35.563112],[139.200493,35.563209]]}},{"type":"Feature","properties":{"id":152647685,"highway":"residential"},"geometry":{"type":"LineString","coordinates":[[139.150923,35.552968],[139.150923,35.552941],[139.150908,35.552864],[139.150919,35.552778],[139.150925,35.552703],[139.150844,35.55257],[139.15076,35.552418],[139.15067,35.552163],[139.150575,35.551929],[139.150573,35.551863],[139.150634,35.551864],[139.150681,35.55198],[139.150752,35.552139],[139.150853,35.552296],[139.150954,35.552375],[139.151033,35.552441],[139.151182,35.552468]]}},{"type":"Feature","properties":{"id":152647696,"highway":"service"},"geometry":{"type":"LineString","coordinates":[[139.151803,35.561968],[139.151904,35.561976],[139.152359,35.561975],[139.152448,35.561982],[139.152511,35.561999],[139.152568,35.562038],[139.152731,35.56217],[139.152799,35.562212],[139.152878,35.562256],[139.15293,35.56228],[139.152962,35.562318],[139.152957,35.562408],[139.152933,35.562534],[139.152886,35.562676],[139.152846,35.56281],[139.15285,35.562847],[139.15286,35.56288],[139.152892,35.562929],[139.152975,35.562995],[139.153383,35.563138],[139.153502,35.563067],[139.153612,35.563002],[139.153741,35.562857],[139.153791,35.562562],[139.153835,35.562418],[139.153884,35.562349],[139.153952,35.562306],[139.154157,35.562304]]}},{"type":"Feature","properties":{"id":152647700,"highway":"residential"},"geometry":{"type":"LineString","coordinates":[[139.172458,35.582254],[139.172425,35.582176],[139.172433,35.582113],[139.172452,35.582051],[139.172446,35.582005],[139.172409,35.581943],[139.172348,35.581846],[139.172178,35.581743],[139.172153,35.581633],[139.172126,35.581376],[139.172061,35.581067],[139.172031,35.580821],[139.17201,35.580686],[139.17194,35.580564],[139.171637,35.580313],[139.171352,35.58011],[139.171156,35.579997],[139.171007,35.579878],[139.170843,35.579688]]}},{"type":"Feature","properties":{"id":152647710,"highway":"residential"},"geometry":{"type":"LineString","coordinates":[[139.12864,35.546278],[139.128898,35.54636],[139.129295,35.546504],[139.129595,35.546591],[139.130059,35.546727],[139.130619,35.546978]]}},{"type":"Feature","properties":{"id":152647711,"highway":"residential"},"geometry":{"type":"LineString","coordinates":[[139.185298,35.561197],[139.18512,35.561184],[139.18482,35.56108],[139.184758,35.561051],[139.184069,35.560691],[139.183856,35.560554],[139.183708,35.560456]]}},{"type":"Feature","properties":{"id":152647717,"highway":"unclassified"},"geometry":{"type":"LineString","coordinates":[[139.145899,35.592033],[139.145887,35.592008],[139.145804,35.591894],[139.145716,35.591811],[139.14564,35.591739],[139.145563,35.591686],[139.145464,35.591617],[139.145351,35.591544],[139.145244,35.59148],[139.145127,35.591436],[139.144992,35.591405],[139.144923,35.591393],[139.144848,35.591384],[139.144706,35.59138],[139.144525,35.591389],[139.144215,35.591426],[139.143859,35.591473],[139.143423,35.591598],[139.143302,35.591631],[139.143193,35.591657],[139.143101,35.591668],[139.142892,35.591681],[139.142695,35.591683],[139.142342,35.591692],[139.142206,35.591734]]}},{"type":"Feature","properties":{"id":152647762,"highway":"residential"},"geometry":{"type":"LineString","coordinates":[[139.126327,35.54091],[139.126346,35.540941],[139.126424,35.541233],[139.126431,35.541277],[139.126375,35.541496],[139.126274,35.541682],[139.126225,35.541804],[139.1262,35.541932],[139.126096,35.542112],[139.12608,35.542181],[139.126079,35.542235],[139.126082,35.542495],[139.126088,35.542628],[139.126095,35.542793],[139.126098,35.542973],[139.12606,35.543179],[139.12604,35.543272],[139.126,35.543394],[139.125973,35.543428],[139.125843,35.543528],[139.125753,35.543595],[139.125711,35.543641],[139.125669,35.543695],[139.125655,35.54379],[139.125621,35.543999],[139.125613,35.544077]]}},{"type":"Feature","properties":{"id":152647768,"highway":"residential"},"geometry":{"type":"LineString","coordinates":[[139.146085,35.560639],[139.146051,35.560583],[139.145994,35.560505],[139.145885,35.560358],[139.145743,35.560192],[139.145668,35.560083],[139.145597,35.559968],[139.145567,35.559939],[139.145503,35.559886],[139.145424,35.559838],[139.145241,35.55975],[139.14522,35.559731],[139.145213,35.559695],[139.145233,35.559654],[139.14527,35.559621],[139.145324,35.559598],[139.145366,35.559593],[139.145441,35.559592],[139.145626,35.559625],[139.145741,35.559642],[139.145962,35.559625],[139.146068,35.559626],[139.146127,35.559676],[139.146219,35.559736]]}},{"type":"Feature","properties":{"id":152647774,"highway":"residential"},"geometry":{"type":"LineString","coordinates":[[139.148273,35.585015],[139.148057,35.585067],[139.147984,35.585073],[139.147906,35.585067],[139.147796,35.585024],[139.147637,35.584945],[139.147493,35.584823],[139.147361,35.584717],[139.147264,35.584655],[139.147199,35.584638],[139.147138,35.584656]]}},{"type":"Feature","properties":{"id":152647786,"highway":"tertiary"},"geometry":{"type":"LineString","coordinates":[[139.169023,35.5597],[139.168903,35.559682],[139.168732,35.559646],[139.168566,35.559587],[139.16846,35.559551],[139.168307,35.559489],[139.16816,35.5594],[139.168026,35.559352],[139.167847,35.559316],[139.16759,35.559261],[139.167466,35.559259],[139.167246,35.559303],[139.166967,35.559349],[139.166752,35.559391],[139.166488,35.559462],[139.16641,35.559493],[139.166367,35.559516],[139.166309,35.559558],[139.16624,35.559618],[139.166181,35.559697],[139.166129,35.5598],[139.166079,35.559932],[139.165992,35.560165],[139.165913,35.56034],[139.165872,35.560422],[139.165814,35.560502],[139.165771,35.560551],[139.165722,35.560601]]}},{"type":"Feature","properties":{"id":152647794,"highway":"unclassified"},"geometry":{"type":"LineString","coordinates":[[139.139701,35.599227],[139.139677,35.599206],[139.139637,35.599198],[139.139586,35.599207],[139.13939,35.599278],[139.139336,35.59929],[139.13928,35.599296],[139.139231,35.599291],[139.139181,35.599276],[139.139146,35.599255],[139.139128,35.599236],[139.139108,35.599211],[139.139094,35.599187],[139.139073,35.599139],[139.13905,35.599066],[139.139012,35.598955],[139.138985,35.5989],[139.138955,35.598852],[139.138919,35.598803],[139.13888,35.598759],[139.138816,35.598705],[139.138733,35.598648],[139.13865,35.598584],[139.13861,35.598545],[139.138588,35.598512],[139.138559,35.59845],[139.13853,35.598359],[139.138512,35.598295],[139.138504,35.598213],[139.138513,35.598118],[139.138532,35.597999]]}},{"type":"Feature","properties":{"id":152647799,"highway":"unclassified"},"geometry":{"type":"LineString","coordinates":[[139.143709,35.581802],[139.143634,35.581811],[139.143557,35.581828],[139.143502,35.581863],[139.143462,35.581901],[139.143429,35.581961],[139.143413,35.582115],[139.143395,35.582186],[139.143372,35.58223],[139.143327,35.582266],[139.143257,35.582301],[139.143207,35.582328],[139.143044,35.582417],[139.142935,35.582459],[139.142845,35.582485],[139.142738,35.582504],[139.142591,35.582519],[139.142468,35.582525],[139.142362,35.582531],[139.142242,35.582544],[139.142143,35.582575],[139.142065,35.582619],[139.142006,35.582684],[139.141957,35.582797],[139.141891,35.582969],[139.141849,35.583102],[139.141837,35.583141],[139.141816,35.583214],[139.141822,35.583338]]}},{"type":"Feature","properties":{"id":152647806,"highway":"residential"},"geometry":{"type":"LineString","coordinates":[[139.199306,35.599468],[139.199299,35.599546],[139.199271,35.599614],[139.199163,35.599753],[139.199074,35.599802],[139.199001,35.599823],[139.198636,35.599736],[139.198403,35.59973],[139.19834,35.599796],[139.19829,35.599877],[139.198304,35.599965],[139.198506,35.600114],[139.19851,35.600226],[139.19859,35.600281]]}},{"type":"Feature","properties":{"id":152647810,"highway":"residential"},"geometry":{"type":"LineString","coordinates":[[139.12864,35.546278],[139.128412,35.546208],[139.12828,35.546159],[139.128244,35.546132],[139.128222,35.546105],[139.128189,35.54604],[139.128137,35.545919],[139.128084,35.545885],[139.127958,35.545823],[139.127929,35.545826],[139.127904,35.545839],[139.127775,35.545942],[139.127686,35.545992],[139.127567,35.546044],[139.127506,35.546076],[139.127474,35.546103],[139.127454,35.546127],[139.127445,35.546153],[139.127445,35.546187],[139.127453,35.546244],[139.127518,35.546424],[139.12755,35.546489],[139.127575,35.546542],[139.12759,35.546651],[139.12758,35.546689]]}},{"type":"Feature","properties":{"id":152647812,"highway":"residential"},"geometry":{"type":"LineString","coordinates":[[139.146174,35.559018],[139.146117,35.558937],[139.146047,35.558863],[139.145957,35.558789],[139.145844,35.558726],[139.145756,35.558685],[139.145686,35.558685],[139.145523,35.558707]]}},{"type":"Feature","properties":{"id":152647814,"highway":"unclassified"},"geometry":{"type":"LineString","coordinates":[[139.171137,35.589976],[139.171057,35.589971],[139.171005,35.589976],[139.170964,35.589991],[139.170935,35.590011],[139.170915,35.590036],[139.1709,35.590063],[139.170865,35.590174],[139.170849,35.590219],[139.170834,35.590244],[139.17081,35.590269],[139.170789,35.590288],[139.170757,35.590307],[139.170701,35.590319],[139.170628,35.59033],[139.170529,35.590332],[139.170414,35.590336],[139.170381,35.590344],[139.170357,35.590373],[139.170336,35.590424],[139.170283,35.590618],[139.170253,35.590706],[139.170218,35.590784],[139.170201,35.590809],[139.170179,35.590835],[139.170146,35.590865],[139.170092,35.590889],[139.169976,35.590935],[139.169915,35.590968]]}},{"type":"Feature","properties":{"id":152647828,"highway":"unclassified"},"geometry":{"type":"LineString","coordinates":[[139.129066,35.593586],[139.129031,35.593608],[139.129005,35.593639],[139.128965,35.593717],[139.128933,35.593753],[139.128877,35.593787],[139.128834,35.593798],[139.128777,35.593799],[139.128702,35.593793],[139.128631,35.593782],[139.12859,35.593769],[139.12856,35.593755],[139.12852,35.593728],[139.128487,35.5937],[139.12846,35.593666],[139.128442,35.593634],[139.128426,35.593581],[139.12842,35.593536],[139.128419,35.593491],[139.128422,35.593455],[139.12843,35.593417],[139.128447,35.593376],[139.12847,35.593335],[139.128508,35.593261],[139.128514,35.593238],[139.12852,35.593218],[139.128522,35.593185],[139.128521,35.593163],[139.128515,35.59314],[139.1285,35.593117],[139.128471,35.593089],[139.128292,35.593005],[139.128182,35.592954]]}},{"type":"Feature","properties":{"id":152647831,"highway":"residential"},"geometry":{"type":"LineString","coordinates":[[139.182131,35.559951],[139.182235,35.55998],[139.182352,35.559976],[139.182475,35.559962]]}},{"type":"Feature","properties":{"id":152647842,"highway":"tertiary"},"geometry":{"type":"LineString","coordinates":[[139.136138,35.544875],[139.136083,35.54487],[139.136018,35.544871],[139.13593,35.544884]]}},{"type":"Feature","properties":{"id":152647845,"highway":"unclassified"},"geometry":{"type":"LineString","coordinates":[[139.164468,35.559542],[139.16442,35.559499]]}},{"type":"Feature","properties":{"id":152647847,"highway":"unclassified"},"geometry":{"type":"LineString","coordinates":[[139.189462,35.56384],[139.18955,35.563146],[139.189602,35.562727],[139.189675,35.562103],[139.189687,35.561961],[139.189726,35.561875]]}},{"type":"Feature","properties":{"id":152647850,"highway":"residential"},"geometry":{"type":"LineString","coordinates":[[139.132867,35.542483],[139.132939,35.542404],[139.132999,35.542332],[139.13307,35.542277],[139.133121,35.542237],[139.133135,35.542226],[139.133225,35.542172]]}},{"type":"Feature","properties":{"id":152647852,"highway":"unclassified"},"geometry":{"type":"LineString","coordinates":[[139.166685,35.507495],[139.166929,35.507584]]}},{"type":"Feature","properties":{"id":152647897,"highway":"residential"},"geometry":{"type":"LineString","coordinates":[[139.182131,35.559951],[139.181982,35.559772],[139.181918,35.559713],[139.181886,35.559655]]}},{"type":"Feature","properties":{"id":152647938,"highway":"tertiary"},"geometry":{"type":"LineString","coordinates":[[139.141841,35.547557],[139.141766,35.547536]]}},{"type":"Feature","properties":{"id":152647967,"highway":"tertiary"},"geometry":{"type":"LineString","coordinates":[[139.156645,35.580003],[139.156609,35.579715]]}},{"type":"Feature","properties":{"id":152647980,"highway":"tertiary"},"geometry":{"type":"LineString","coordinates":[[139.156555,35.577598],[139.156558,35.577444],[139.156551,35.577351],[139.156535,35.577176],[139.156509,35.577051],[139.156486,35.576969],[139.156395,35.57681],[139.156294,35.576676],[139.156217,35.576574],[139.156172,35.576501],[139.156134,35.576441],[139.156106,35.576344],[139.156113,35.576197],[139.156114,35.576099],[139.156049,35.57566],[139.156021,35.575558],[139.155987,35.575434],[139.155976,35.575369],[139.155971,35.575296],[139.155984,35.575173]]}},{"type":"Feature","properties":{"id":152647983,"highway":"residential"},"geometry":{"type":"LineString","coordinates":[[139.198697,35.561847],[139.198515,35.56173],[139.19828,35.561587],[139.198196,35.561549],[139.198094,35.56151],[139.197974,35.561481]]}},{"type":"Feature","properties":{"id":152648049,"highway":"residential"},"geometry":{"type":"LineString","coordinates":[[139.126299,35.582766],[139.126053,35.583221]]}},{"type":"Feature","properties":{"id":152648059,"highway":"unclassified"},"geometry":{"type":"LineString","coordinates":[[139.142067,35.591774],[139.142206,35.591734]]}},{"type":"Feature","properties":{"id":152648120,"highway":"unclassified"},"geometry":{"type":"LineString","coordinates":[[139.129261,35.593504],[139.129066,35.593586]]}},{"type":"Feature","properties":{"id":152648149,"highway":"tertiary"},"geometry":{"type":"LineString","coordinates":[[139.141653,35.547499],[139.141487,35.547451]]}},{"type":"Feature","properties":{"id":152648165,"highway":"residential"},"geometry":{"type":"LineString","coordinates":[[139.13686,35.588905],[139.136194,35.589032]]}},{"type":"Feature","properties":{"id":152648179,"highway":"service"},"geometry":{"type":"LineString","coordinates":[[139.121763,35.54235],[139.121663,35.542275]]}},{"type":"Feature","properties":{"id":152648187,"highway":"tertiary"},"geometry":{"type":"LineString","coordinates":[[139.156487,35.578024],[139.156555,35.577598]]}},{"type":"Feature","properties":{"id":152648206,"highway":"unclassified"},"geometry":{"type":"LineString","coordinates":[[139.121011,35.544226],[139.120988,35.544742]]}},{"type":"Feature","properties":{"id":152648230,"highway":"residential"},"geometry":{"type":"LineString","coordinates":[[139.157742,35.555232],[139.157378,35.555129]]}},{"type":"Feature","properties":{"id":152648252,"highway":"service"},"geometry":{"type":"LineString","coordinates":[[139.141509,35.583225],[139.141616,35.583035]]}},{"type":"Feature","properties":{"id":152648262,"highway":"residential"},"geometry":{"type":"LineString","coordinates":[[139.187572,35.56271],[139.187755,35.562742],[139.188069,35.562739]]}},{"type":"Feature","properties":{"id":152648310,"highway":"residential"},"geometry":{"type":"LineString","coordinates":[[139.157054,35.576001],[139.156756,35.57524]]}},{"type":"Feature","properties":{"id":152648338,"highway":"residential"},"geometry":{"type":"LineString","coordinates":[[139.129949,35.594385],[139.130011,35.594479],[139.130034,35.594499],[139.130064,35.594515],[139.130132,35.59454],[139.130199,35.594563],[139.130263,35.594589],[139.130388,35.594642],[139.130517,35.594698],[139.130653,35.594743],[139.13079,35.594788],[139.130862,35.594811],[139.130896,35.594827],[139.130909,35.594851],[139.130922,35.594899],[139.13092,35.594937],[139.130865,35.595067],[139.130865,35.595117],[139.130912,35.595188],[139.130936,35.595214],[139.130972,35.595236],[139.131013,35.595246],[139.13105,35.595243],[139.131089,35.595237],[139.131123,35.595227],[139.131173,35.595204],[139.131207,35.595181],[139.131236,35.595161],[139.131274,35.595072],[139.131296,35.595004],[139.131352,35.594844],[139.131388,35.594755],[139.131419,35.594724],[139.13146,35.594705],[139.131495,35.594697],[139.13154,35.594696],[139.131625,35.594698],[139.131701,35.594701],[139.131805,35.594708],[139.131886,35.594716],[139.132097,35.594759],[139.132209,35.594778],[139.132321,35.594774]]}},{"type":"Feature","properties":{"id":152648401,"highway":"residential"},"geometry":{"type":"LineString","coordinates":[[139.199306,35.599468],[139.199126,35.599485],[139.198933,35.599479],[139.198561,35.599417],[139.198409,35.599344],[139.198347,35.599276],[139.198292,35.599197],[139.198257,35.599118],[139.19825,35.598994],[139.198354,35.598644],[139.198349,35.598579],[139.19834,35.598544],[139.19831,35.598506],[139.198279,35.598486],[139.198206,35.598458],[139.198168,35.598456],[139.198106,35.598459],[139.197926,35.598493],[139.19784,35.598501],[139.197781,35.598493],[139.197654,35.598428]]}},{"type":"Feature","properties":{"id":152648406,"highway":"residential"},"geometry":{"type":"LineString","coordinates":[[139.172795,35.58546],[139.172756,35.585434],[139.172696,35.58537],[139.172663,35.585296],[139.172663,35.585196],[139.172688,35.585027],[139.172697,35.584856],[139.172693,35.584707],[139.172685,35.584514],[139.172661,35.584291],[139.172641,35.584027],[139.172647,35.583784],[139.172743,35.583576],[139.172871,35.583318],[139.172907,35.583207],[139.172928,35.583044],[139.172906,35.582889],[139.172838,35.58272],[139.172776,35.582605],[139.172655,35.582445],[139.172556,35.582356],[139.172458,35.582254]]}},{"type":"Feature","properties":{"id":152648408,"highway":"unclassified"},"geometry":{"type":"LineString","coordinates":[[139.138225,35.564718],[139.138037,35.564716],[139.13782,35.564686],[139.137618,35.564657],[139.137511,35.564639],[139.13741,35.564617],[139.137362,35.564583],[139.137323,35.564541],[139.137258,35.56442],[139.137216,35.564355],[139.137162,35.564321],[139.137116,35.564309],[139.137067,35.564309],[139.137022,35.564321],[139.136964,35.564355],[139.136923,35.564385],[139.136883,35.564425],[139.136843,35.564466],[139.136737,35.564538],[139.136677,35.564595],[139.136557,35.564737],[139.136478,35.564836],[139.136414,35.564888],[139.136373,35.564911],[139.136317,35.56493],[139.136231,35.564942],[139.136147,35.564932],[139.13608,35.5649],[139.136016,35.564849],[139.135958,35.564791],[139.135736,35.564556],[139.135496,35.564286],[139.135417,35.56422],[139.135383,35.564207],[139.13533,35.564206],[139.135234,35.564249],[139.135114,35.564335],[139.135013,35.564404]]}},{"type":"Feature","properties":{"id":152648413,"highway":"unclassified"},"geometry":{"type":"LineString","coordinates":[[139.19954,35.569499],[139.199641,35.569403],[139.199583,35.569306],[139.199492,35.569151],[139.199443,35.569069],[139.199427,35.569034],[139.199431,35.568989],[139.19946,35.568939],[139.199592,35.568767],[139.199684,35.568624],[139.199746,35.568459],[139.199793,35.568347],[139.199824,35.568241],[139.199823,35.568178],[139.19981,35.568125],[139.199759,35.568063],[139.199657,35.567991],[139.199563,35.567916],[139.19951,35.56786],[139.199477,35.567764],[139.199439,35.567651],[139.199346,35.567493],[139.199261,35.567365],[139.19925,35.567316],[139.199252,35.56724],[139.199268,35.56711],[139.19928,35.567062],[139.199305,35.566991],[139.199358,35.56692],[139.199418,35.566857],[139.199466,35.566821],[139.19959,35.566761],[139.199643,35.56673],[139.199697,35.5667],[139.199753,35.566639],[139.199918,35.566384],[139.200089,35.56615],[139.200167,35.566045],[139.200193,35.566001],[139.200212,35.565961],[139.200243,35.565883],[139.20025,35.565815],[139.200236,35.565724],[139.200202,35.56564],[139.200121,35.565438],[139.200107,35.565383],[139.200104,35.565319],[139.200125,35.565126],[139.200121,35.565036],[139.200133,35.564884]]}},{"type":"Feature","properties":{"id":152648419,"highway":"residential"},"geometry":{"type":"LineString","coordinates":[[139.13528,35.591069],[139.135395,35.591081],[139.135549,35.5911],[139.13572,35.591128],[139.13583,35.591141],[139.136012,35.591143],[139.13612,35.591126],[139.13623,35.591091],[139.136509,35.590983],[139.136651,35.590905],[139.136753,35.590846],[139.136861,35.590763],[139.13706,35.590527],[139.137215,35.590405],[139.137352,35.590026],[139.137334,35.589848],[139.137268,35.589681],[139.137219,35.589503],[139.137177,35.589387],[139.137039,35.589173],[139.136936,35.589049],[139.136883,35.58898],[139.13686,35.588905]]}},{"type":"Feature","properties":{"id":152648420,"highway":"residential"},"geometry":{"type":"LineString","coordinates":[[139.134501,35.595073],[139.134727,35.595066],[139.134925,35.595108],[139.135013,35.595129],[139.135082,35.595159],[139.135215,35.595224],[139.13536,35.59529],[139.135495,35.595351],[139.135547,35.59537],[139.135601,35.595385],[139.135661,35.595397],[139.135729,35.59541],[139.13586,35.595422],[139.136012,35.595427],[139.136573,35.595456],[139.137168,35.595482],[139.137245,35.595469],[139.137462,35.595407],[139.137535,35.595385]]}},{"type":"Feature","properties":{"id":152648424,"highway":"unclassified"},"geometry":{"type":"LineString","coordinates":[[139.130426,35.578796],[139.130473,35.578768],[139.13056,35.578696],[139.130972,35.57837],[139.131188,35.578197],[139.131508,35.577945],[139.131569,35.577898],[139.13162,35.577859],[139.13168,35.577801],[139.131715,35.577754],[139.131743,35.577706],[139.131749,35.577658],[139.131729,35.577515],[139.131715,35.577424],[139.131674,35.577182],[139.131661,35.577048],[139.13165,35.576933],[139.131647,35.576846],[139.131644,35.576772],[139.131652,35.576675],[139.131663,35.576569],[139.131657,35.576471],[139.131642,35.576423],[139.131616,35.576378],[139.131552,35.576288],[139.131505,35.576221],[139.131475,35.576147],[139.131473,35.57611],[139.131473,35.57607],[139.131481,35.576038],[139.131505,35.576005],[139.13155,35.575973],[139.131605,35.575928],[139.131651,35.575885],[139.131686,35.57583],[139.131707,35.575782],[139.131718,35.575736],[139.131729,35.575509]]}},{"type":"Feature","properties":{"id":152648434,"highway":"residential"},"geometry":{"type":"LineString","coordinates":[[139.176277,35.586571],[139.176248,35.586436],[139.176235,35.586267],[139.176193,35.586187],[139.176145,35.586142],[139.176069,35.586126],[139.17589,35.586132],[139.175793,35.586154],[139.175698,35.586149],[139.175602,35.586115],[139.175505,35.586042],[139.175443,35.58598],[139.175312,35.585895],[139.175264,35.585832],[139.17523,35.585732],[139.175174,35.585631],[139.175106,35.585552],[139.174961,35.585472],[139.174775,35.585427],[139.174699,35.585382],[139.17452,35.585169],[139.174364,35.585094]]}},{"type":"Feature","properties":{"id":152648442,"highway":"residential"},"geometry":{"type":"LineString","coordinates":[[139.192096,35.553439],[139.192033,35.553359],[139.191709,35.553049],[139.191599,35.552914],[139.191509,35.552706],[139.191433,35.55239],[139.191371,35.552244],[139.191268,35.552068],[139.191137,35.551922],[139.19082,35.551668],[139.190655,35.551465],[139.190407,35.551027],[139.190159,35.550767],[139.190131,35.550682],[139.190111,35.550423],[139.190083,35.550327],[139.189994,35.550187],[139.189773,35.549967],[139.189381,35.549708],[139.189319,35.549647],[139.189222,35.549472],[139.189139,35.5492]]}},{"type":"Feature","properties":{"id":152648469,"highway":"tertiary"},"geometry":{"type":"LineString","coordinates":[[139.126756,35.545589],[139.126707,35.545539],[139.126648,35.545498],[139.126572,35.545459],[139.126545,35.545448],[139.126475,35.54542],[139.126372,35.545386],[139.126207,35.545356],[139.125821,35.54529],[139.125643,35.545258],[139.125521,35.545235],[139.125409,35.545211],[139.125281,35.545173],[139.125145,35.545131],[139.12498,35.545079],[139.124844,35.545028],[139.12474,35.544981],[139.124711,35.544931],[139.124709,35.544897],[139.12472,35.544854],[139.12476,35.544789]]}},{"type":"Feature","properties":{"id":152648478,"highway":"unclassified"},"geometry":{"type":"LineString","coordinates":[[139.123686,35.541269],[139.123647,35.541308],[139.123632,35.541342],[139.123632,35.541376],[139.123644,35.541457],[139.123633,35.541588],[139.123631,35.541672],[139.123594,35.541776],[139.123569,35.541802],[139.123531,35.541819],[139.123479,35.541823],[139.123447,35.541806],[139.123424,35.541775],[139.12342,35.541729],[139.123471,35.541576],[139.123478,35.541521],[139.12347,35.541474],[139.123434,35.541425],[139.123386,35.541387],[139.123327,35.541371],[139.12326,35.541374],[139.123211,35.541392],[139.123168,35.541432],[139.123134,35.541471],[139.123054,35.541567],[139.122876,35.541816],[139.122598,35.542203],[139.122532,35.54229],[139.122474,35.542382],[139.122323,35.542701],[139.122285,35.542774],[139.122247,35.542846],[139.122196,35.542907],[139.122129,35.542959],[139.122027,35.542999],[139.121889,35.543044]]}},{"type":"Feature","properties":{"id":152648503,"highway":"tertiary"},"geometry":{"type":"LineString","coordinates":[[139.142004,35.585759],[139.142405,35.585765],[139.142525,35.585702],[139.142612,35.585652],[139.142727,35.585569],[139.143093,35.585286],[139.143154,35.5852],[139.143189,35.585125],[139.143204,35.585058],[139.143197,35.584992],[139.143187,35.584933],[139.14314,35.584811],[139.143018,35.584652],[139.142817,35.584384],[139.142688,35.584227],[139.142603,35.584163],[139.142467,35.584082],[139.142294,35.583966],[139.142053,35.583818],[139.141957,35.58375],[139.141932,35.583691],[139.141921,35.583633],[139.141933,35.583527],[139.141954,35.583454]]}},{"type":"Feature","properties":{"id":152648532,"highway":"unclassified"},"geometry":{"type":"LineString","coordinates":[[139.132321,35.594774],[139.132242,35.594742],[139.132116,35.594676],[139.132015,35.594623],[139.131935,35.594587],[139.131847,35.59456],[139.131647,35.594514],[139.131591,35.594489],[139.131566,35.59447],[139.131548,35.59445],[139.131536,35.594428],[139.131532,35.594402],[139.131517,35.594238],[139.131507,35.594142],[139.131502,35.594101],[139.131482,35.594067],[139.131428,35.594017],[139.131172,35.593832],[139.131013,35.593719],[139.130837,35.593605],[139.130756,35.593567],[139.130638,35.593519],[139.130543,35.593505],[139.130446,35.593488],[139.130383,35.593468],[139.13033,35.593438],[139.130272,35.593396],[139.130222,35.593355],[139.130168,35.593306],[139.130116,35.593278],[139.130051,35.593257],[139.129997,35.593249],[139.129915,35.593246],[139.129866,35.593251],[139.129814,35.593264],[139.129624,35.593339],[139.129261,35.593504]]}},{"type":"Feature","properties":{"id":152648572,"highway":"unclassified"},"geometry":{"type":"LineString","coordinates":[[139.148749,35.588534],[139.14876,35.588619],[139.148632,35.588854],[139.148588,35.588948],[139.148564,35.589071],[139.148582,35.589168],[139.148608,35.589338],[139.148605,35.589393],[139.148588,35.589455],[139.148489,35.589612],[139.148387,35.589782],[139.148356,35.589872],[139.14833,35.590046],[139.148313,35.59011],[139.148286,35.590176],[139.148147,35.590409],[139.14809,35.590624],[139.148069,35.59071],[139.148057,35.590787],[139.148029,35.591005],[139.147994,35.591081],[139.14794,35.591141],[139.147876,35.591183],[139.14779,35.591235],[139.147533,35.59141],[139.147313,35.591547],[139.147158,35.591649],[139.147043,35.591729],[139.147018,35.591766],[139.146997,35.591809],[139.146967,35.591888],[139.146916,35.592031],[139.14689,35.592071],[139.146852,35.592099],[139.146809,35.592118]]}},{"type":"Feature","properties":{"id":152648575,"highway":"residential"},"geometry":{"type":"LineString","coordinates":[[139.13435,35.562961],[139.13412,35.562796],[139.13404,35.562712],[139.134007,35.562655],[139.133952,35.562566],[139.133942,35.562497],[139.133938,35.562424],[139.133998,35.562189],[139.134008,35.562095],[139.133988,35.56201],[139.133946,35.561911],[139.133911,35.56185],[139.133795,35.56166],[139.13376,35.561573],[139.133727,35.561462],[139.133646,35.561297],[139.133602,35.561237],[139.133525,35.561151],[139.133306,35.560936],[139.133166,35.560761],[139.133116,35.560695],[139.133087,35.560616],[139.133052,35.560522],[139.133009,35.560436],[139.132901,35.560252],[139.132826,35.560168],[139.132785,35.560138],[139.132531,35.56003]]}},{"type":"Feature","properties":{"id":152648585,"highway":"unclassified"},"geometry":{"type":"LineString","coordinates":[[139.16042,35.600164],[139.160473,35.600134],[139.1605,35.600096],[139.160438,35.599998],[139.1604,35.599884],[139.160384,35.599797],[139.160381,35.599762],[139.160397,35.599693],[139.160419,35.599651],[139.160457,35.599609],[139.160521,35.599558],[139.160598,35.599506],[139.16078,35.599407],[139.160958,35.599315],[139.161068,35.599264],[139.161183,35.599195],[139.16126,35.599122],[139.161337,35.599018],[139.161414,35.598895],[139.161444,35.598857],[139.161482,35.598817],[139.161521,35.598788],[139.16157,35.598763],[139.161706,35.598711],[139.161876,35.598653],[139.161948,35.598629],[139.161995,35.598612],[139.162027,35.598591],[139.16205,35.598566],[139.162051,35.598529],[139.162028,35.598487],[139.161973,35.598416],[139.161875,35.598318],[139.161811,35.59827],[139.161718,35.598237],[139.161644,35.598184],[139.161558,35.598099],[139.161514,35.598045],[139.161501,35.597982],[139.161521,35.597907],[139.16156,35.59787],[139.161635,35.597838]]}},{"type":"Feature","properties":{"id":152648622,"highway":"tertiary"},"geometry":{"type":"LineString","coordinates":[[139.155984,35.575173],[139.156032,35.574912],[139.156054,35.574807],[139.156051,35.574734],[139.156042,35.574672],[139.156017,35.574575],[139.156012,35.574464],[139.156015,35.574417],[139.156029,35.574362],[139.156066,35.574281],[139.156114,35.574226],[139.156148,35.574197],[139.156194,35.574177],[139.156239,35.574177],[139.156275,35.574187],[139.156306,35.574203],[139.156334,35.574224],[139.156363,35.574273],[139.156393,35.574331],[139.156455,35.574454],[139.156539,35.574571],[139.156658,35.574726],[139.156796,35.574872],[139.156933,35.575011],[139.157029,35.575078],[139.157113,35.575112],[139.157181,35.575105],[139.157261,35.575075],[139.157326,35.57504],[139.157387,35.574973],[139.15743,35.574911],[139.157505,35.574801],[139.157538,35.574758],[139.157587,35.574714],[139.15766,35.574677],[139.157772,35.574656],[139.158728,35.574706]]}},{"type":"Feature","properties":{"id":152648697,"highway":"residential"},"geometry":{"type":"LineString","coordinates":[[139.17075,35.595254],[139.170393,35.594676],[139.170398,35.594518],[139.17043,35.594327],[139.170402,35.594097],[139.170412,35.593826],[139.170361,35.593725],[139.170178,35.593619],[139.170112,35.593556],[139.170097,35.593487],[139.170169,35.593447],[139.170309,35.593417],[139.170369,35.593334],[139.170407,35.593264],[139.170449,35.593175],[139.17051,35.593075],[139.170539,35.592933],[139.170618,35.592891],[139.170695,35.592885],[139.170704,35.592842],[139.170741,35.592776],[139.170799,35.592677],[139.170911,35.592571],[139.171001,35.592562],[139.171068,35.592575],[139.171184,35.592572],[139.171281,35.592502],[139.17131,35.592478],[139.171381,35.592405]]}},{"type":"Feature","properties":{"id":152648801,"highway":"unclassified"},"geometry":{"type":"LineString","coordinates":[[139.176243,35.558615],[139.176269,35.558381],[139.176281,35.558309]]}},{"type":"Feature","properties":{"id":152648841,"highway":"residential"},"geometry":{"type":"LineString","coordinates":[[139.197,35.563074],[139.197105,35.56313],[139.19723,35.563169],[139.197396,35.563193],[139.197726,35.563221],[139.197974,35.563248],[139.198086,35.563301],[139.198262,35.563392],[139.198414,35.563498]]}},{"type":"Feature","properties":{"id":152648878,"highway":"unclassified"},"geometry":{"type":"LineString","coordinates":[[139.188069,35.562739],[139.188097,35.5615]]}},{"type":"Feature","properties":{"id":152648885,"highway":"residential"},"geometry":{"type":"LineString","coordinates":[[139.198957,35.563912],[139.198908,35.56432],[139.198831,35.564751]]}},{"type":"Feature","properties":{"id":152648890,"highway":"residential"},"geometry":{"type":"LineString","coordinates":[[139.14676,35.59302],[139.146769,35.593307],[139.146801,35.593585]]}},{"type":"Feature","properties":{"id":152648905,"highway":"tertiary"},"geometry":{"type":"LineString","coordinates":[[139.181213,35.560856],[139.181188,35.560522],[139.181191,35.560445],[139.181208,35.560389],[139.18123,35.560333],[139.181227,35.560153],[139.181208,35.560078],[139.181178,35.560028],[139.181138,35.559968],[139.181096,35.559891],[139.181074,35.559748],[139.181079,35.559666]]}},{"type":"Feature","properties":{"id":152648954,"highway":"tertiary"},"geometry":{"type":"LineString","coordinates":[[139.141487,35.547451],[139.141335,35.547418],[139.141152,35.547379],[139.14103,35.547336],[139.140947,35.547277],[139.140893,35.547204]]}},{"type":"Feature","properties":{"id":152648980,"highway":"service"},"geometry":{"type":"LineString","coordinates":[[139.187514,35.562515],[139.186624,35.562521],[139.186584,35.56255],[139.186547,35.562602]]}},{"type":"Feature","properties":{"id":152648983,"highway":"unclassified"},"geometry":{"type":"LineString","coordinates":[[139.195118,35.531187],[139.195411,35.531228]]}},{"type":"Feature","properties":{"id":152649086,"highway":"residential"},"geometry":{"type":"LineString","coordinates":[[139.144296,35.581221],[139.144135,35.581361],[139.143766,35.581728],[139.143709,35.581802]]}},{"type":"Feature","properties":{"id":152649104,"highway":"residential"},"geometry":{"type":"LineString","coordinates":[[139.181227,35.560153],[139.181494,35.560159],[139.181612,35.560147],[139.181848,35.560088],[139.181963,35.560044],[139.182052,35.560001],[139.182131,35.559951]]}},{"type":"Feature","properties":{"id":152649179,"highway":"residential"},"geometry":{"type":"LineString","coordinates":[[139.146308,35.559822],[139.146431,35.559667],[139.146467,35.559548]]}},{"type":"Feature","properties":{"id":152649187,"highway":"unclassified"},"geometry":{"type":"LineString","coordinates":[[139.140086,35.559698],[139.139838,35.561191]]}},{"type":"Feature","properties":{"id":152649311,"highway":"residential"},"geometry":{"type":"LineString","coordinates":[[139.176281,35.558309],[139.176324,35.55793],[139.17635,35.557746],[139.176369,35.557639],[139.1764,35.557561],[139.176444,35.557469],[139.176693,35.557438],[139.176943,35.557332],[139.177204,35.557192],[139.17726,35.557128]]}},{"type":"Feature","properties":{"id":152649318,"highway":"unclassified"},"geometry":{"type":"LineString","coordinates":[[139.154644,35.577568],[139.154437,35.577606],[139.15433,35.577635],[139.154213,35.577678],[139.154162,35.577708],[139.15415,35.577733],[139.154145,35.577771],[139.154158,35.577789],[139.154186,35.577818],[139.154243,35.577837],[139.154345,35.577836],[139.15455,35.577843],[139.154754,35.577871],[139.15485,35.577895],[139.154896,35.577922],[139.154979,35.578018],[139.155051,35.578109],[139.155081,35.578185],[139.155082,35.578266],[139.155072,35.578335],[139.15504,35.578426],[139.154964,35.578588],[139.154867,35.578728],[139.154759,35.578882],[139.154737,35.578937],[139.154733,35.578979],[139.154721,35.579399],[139.154725,35.579519],[139.154743,35.57963],[139.154797,35.579853],[139.154833,35.57995],[139.154887,35.580097],[139.154903,35.580258],[139.154948,35.580366],[139.155019,35.58043],[139.155219,35.580621],[139.155309,35.580702],[139.155416,35.580828],[139.155466,35.580886],[139.155534,35.580944],[139.155588,35.580964],[139.155654,35.580983],[139.155715,35.581008],[139.155756,35.581051],[139.155817,35.581147],[139.15586,35.581217],[139.155863,35.581262],[139.155853,35.581306],[139.1558,35.58143],[139.155717,35.581575]]}},{"type":"Feature","properties":{"id":152649321,"highway":"unclassified"},"geometry":{"type":"LineString","coordinates":[[139.130304,35.582538],[139.130213,35.582529],[139.130058,35.582471],[139.129948,35.582425],[139.129826,35.582383],[139.129647,35.582327],[139.129514,35.582299],[139.129465,35.582284],[139.129429,35.582255],[139.129424,35.582222],[139.129552,35.58208],[139.129628,35.581992],[139.129692,35.581913],[139.129747,35.581848],[139.12984,35.58176],[139.129882,35.581715],[139.129911,35.581676],[139.12995,35.581606],[139.129965,35.581523],[139.129954,35.581407],[139.129928,35.581317],[139.129908,35.581218],[139.129893,35.581094],[139.12989,35.580928],[139.129895,35.58085],[139.129903,35.580811],[139.129916,35.58077],[139.129954,35.580676],[139.129985,35.580621],[139.130022,35.58056],[139.130056,35.580524],[139.130093,35.580487],[139.130138,35.580449],[139.130255,35.580385],[139.130308,35.580356],[139.1304,35.580252],[139.13049,35.580187],[139.130685,35.580053],[139.130864,35.579949],[139.130991,35.57987],[139.131012,35.579847],[139.131003,35.579801],[139.130972,35.579732],[139.130954,35.579682],[139.13094,35.579627],[139.130946,35.579577],[139.130978,35.579526],[139.131007,35.579465],[139.131017,35.579422],[139.130997,35.579382],[139.130941,35.579342],[139.130876,35.579302],[139.130545,35.579156],[139.130397,35.579077],[139.130367,35.579055],[139.130337,35.579014],[139.130326,35.578976],[139.130335,35.578942],[139.130384,35.578842],[139.130426,35.578796]]}},{"type":"Feature","properties":{"id":152649393,"highway":"service"},"geometry":{"type":"LineString","coordinates":[[139.132733,35.548268],[139.132776,35.548228],[139.13285,35.548182],[139.132883,35.548137],[139.132911,35.548081],[139.132869,35.547979],[139.132752,35.547902],[139.132568,35.547849],[139.13252,35.547781],[139.132552,35.547398],[139.132531,35.547183],[139.132489,35.546784],[139.132562,35.546557],[139.132681,35.546353],[139.132732,35.546264],[139.132732,35.546197],[139.132642,35.546112],[139.132635,35.546098],[139.132617,35.546076],[139.132609,35.546052],[139.132575,35.545938],[139.132582,35.545857],[139.132623,35.545802],[139.132705,35.54578],[139.132816,35.54578],[139.132918,35.545848],[139.133058,35.545891],[139.133173,35.545944],[139.133285,35.546078],[139.133354,35.546105],[139.133395,35.54605],[139.133481,35.545573],[139.133584,35.545316],[139.133673,35.545289],[139.133655,35.545141],[139.133738,35.544899]]}},{"type":"Feature","properties":{"id":152649420,"highway":"residential"},"geometry":{"type":"LineString","coordinates":[[139.186857,35.597122],[139.186884,35.597122],[139.187153,35.597032],[139.187361,35.597005],[139.18741,35.59702],[139.187466,35.597053],[139.187487,35.597088],[139.187495,35.597115],[139.187483,35.59714],[139.187367,35.59719],[139.187272,35.597247],[139.187255,35.597273],[139.187257,35.597308],[139.187291,35.597348],[139.18747,35.597421],[139.187622,35.59754],[139.187919,35.597815],[139.18803,35.597888],[139.188182,35.59795],[139.188402,35.597973],[139.18858,35.59803],[139.188705,35.598115],[139.188892,35.598272],[139.18894,35.598305],[139.189098,35.598345],[139.18945,35.598587],[139.189515,35.598652],[139.18954,35.598695],[139.189602,35.598773],[139.189657,35.598812],[139.189732,35.598846],[139.189787,35.598852],[139.189816,35.598848]]}},{"type":"Feature","properties":{"id":152649436,"highway":"residential"},"geometry":{"type":"LineString","coordinates":[[139.157378,35.555129],[139.157197,35.555014],[139.1571,35.554941],[139.157043,35.554874],[139.157065,35.554815],[139.157139,35.554769],[139.157267,35.554751],[139.157401,35.554823],[139.157615,35.554884],[139.157764,35.554936],[139.157895,35.554955],[139.158003,35.554951],[139.158088,35.554913],[139.158139,35.554851],[139.158132,35.554721],[139.158084,35.554665],[139.157966,35.554637],[139.157766,35.55462],[139.157514,35.554566],[139.157277,35.554502],[139.15707,35.554424],[139.156876,35.554325],[139.156606,35.554162],[139.156475,35.554004],[139.156483,35.553826],[139.156547,35.553693],[139.156596,35.553651],[139.156706,35.553594],[139.156876,35.553632],[139.157082,35.553693],[139.157306,35.553703],[139.157617,35.553691],[139.157792,35.553617],[139.1579,35.553582],[139.158317,35.553689],[139.158651,35.553699],[139.158934,35.553668],[139.159773,35.553508],[139.159822,35.55348],[139.159824,35.553422]]}},{"type":"Feature","properties":{"id":152649437,"highway":"unclassified"},"geometry":{"type":"LineString","coordinates":[[139.12622,35.544989],[139.126282,35.545043],[139.126336,35.545077],[139.126417,35.545069],[139.126498,35.545065],[139.126781,35.545025],[139.127012,35.545],[139.127362,35.544957],[139.12752,35.544939],[139.12759,35.544919],[139.12763,35.544889],[139.127655,35.544832],[139.127657,35.54471],[139.127658,35.544629],[139.127663,35.544589],[139.12769,35.544562]]}},{"type":"Feature","properties":{"id":152649440,"highway":"residential"},"geometry":{"type":"LineString","coordinates":[[139.143489,35.566731],[139.143399,35.566754],[139.143249,35.566857],[139.143233,35.566907],[139.143275,35.566954],[139.143521,35.567101],[139.143762,35.567135],[139.143954,35.567135],[139.144064,35.567107],[139.144306,35.56696],[139.144429,35.566949],[139.144664,35.566955],[139.14487,35.566842],[139.144987,35.566814],[139.145166,35.566814],[139.145228,35.566831],[139.145288,35.566893],[139.145343,35.567004],[139.145357,35.567305],[139.145331,35.567586],[139.145214,35.56776],[139.145255,35.567822],[139.145366,35.567814],[139.145556,35.56773],[139.14565,35.567689],[139.14576,35.567597],[139.14589,35.56749],[139.145937,35.567434],[139.14598,35.567315],[139.145999,35.567184],[139.14602,35.567039],[139.14612,35.566921],[139.146252,35.566868]]}},{"type":"Feature","properties":{"id":152649441,"highway":"residential"},"geometry":{"type":"LineString","coordinates":[[139.187158,35.595113],[139.187257,35.594864],[139.187367,35.594543],[139.18741,35.594486],[139.187447,35.594462],[139.187512,35.594442],[139.187692,35.59444],[139.187737,35.594452],[139.187808,35.594484],[139.187856,35.59453],[139.187887,35.594576],[139.187885,35.594633],[139.187744,35.59481],[139.18753,35.595056],[139.187354,35.595388],[139.1873,35.595632],[139.187076,35.595926],[139.18725,35.596159],[139.18725,35.596362],[139.187255,35.596514],[139.18723,35.596565],[139.187153,35.59666],[139.187125,35.596711],[139.187118,35.596871],[139.187103,35.596893],[139.187057,35.596925],[139.186995,35.596942],[139.186781,35.596953],[139.186699,35.596967],[139.186677,35.596982],[139.186677,35.597011],[139.186725,35.597077],[139.186808,35.597122],[139.186857,35.597122]]}},{"type":"Feature","properties":{"id":152649443,"highway":"residential"},"geometry":{"type":"LineString","coordinates":[[139.183694,35.559343],[139.183695,35.559259],[139.183653,35.559163],[139.183557,35.559055],[139.183424,35.5589],[139.183243,35.558532],[139.183233,35.558367],[139.1834,35.558012],[139.183435,35.557882],[139.183551,35.55755],[139.183588,35.557442],[139.183635,35.557065]]}},{"type":"Feature","properties":{"id":152649447,"highway":"residential"},"geometry":{"type":"LineString","coordinates":[[139.179328,35.575497],[139.179401,35.575259],[139.179424,35.575119],[139.179472,35.575063],[139.179548,35.575018],[139.179713,35.574962],[139.17981,35.574962],[139.18003,35.574917],[139.180155,35.574877],[139.180314,35.574798],[139.180658,35.574691],[139.180734,35.574674],[139.181024,35.574573],[139.181405,35.574427],[139.18175,35.574395],[139.182046,35.574496],[139.182283,35.574404],[139.18235,35.574331],[139.182412,35.57431],[139.182595,35.574347],[139.182663,35.574311],[139.182677,35.574245],[139.182695,35.574164],[139.182815,35.574127],[139.182958,35.57409],[139.183145,35.573998],[139.183203,35.574002],[139.183299,35.574059],[139.183435,35.574089],[139.183582,35.574022],[139.183672,35.574009],[139.183762,35.574062],[139.183869,35.5741],[139.183982,35.574048],[139.184099,35.573892],[139.184248,35.573726],[139.184496,35.573718],[139.184536,35.573679],[139.184592,35.573644],[139.184764,35.573514],[139.185013,35.573233],[139.185391,35.572929],[139.185499,35.572811]]}},{"type":"Feature","properties":{"id":152649462,"highway":"unclassified"},"geometry":{"type":"LineString","coordinates":[[139.118895,35.539762],[139.118951,35.539831],[139.118976,35.53987],[139.118991,35.53991],[139.118992,35.539958],[139.118984,35.540009],[139.11896,35.540083],[139.118916,35.540182],[139.118886,35.540238],[139.118751,35.540433],[139.118673,35.540517],[139.118567,35.540616],[139.118474,35.540693],[139.118381,35.540761],[139.118321,35.540791],[139.118233,35.54083],[139.118148,35.540864],[139.118081,35.540883],[139.118002,35.540903],[139.117807,35.540929],[139.117234,35.540994],[139.11711,35.541007],[139.116919,35.541029],[139.116777,35.541041],[139.116746,35.541044],[139.116673,35.541052],[139.116618,35.541049],[139.116499,35.541022],[139.116439,35.540998],[139.116397,35.540973],[139.116034,35.540668],[139.115957,35.540604],[139.115867,35.540544],[139.115767,35.5405],[139.115687,35.540482],[139.115583,35.54047],[139.115463,35.540462],[139.115364,35.54047],[139.115293,35.540498],[139.115241,35.540529],[139.115174,35.540582],[139.115149,35.540624],[139.115128,35.540668],[139.11511,35.540756],[139.115126,35.540832],[139.115161,35.540903],[139.115262,35.541051],[139.115324,35.541147],[139.115392,35.541237],[139.115443,35.541341],[139.115476,35.541441],[139.115504,35.541513],[139.115538,35.541558],[139.115565,35.541584],[139.115599,35.541607],[139.11565,35.541616],[139.1157,35.541616],[139.116115,35.541489],[139.116175,35.541504],[139.116236,35.541552]]}},{"type":"Feature","properties":{"id":152649464,"highway":"unclassified"},"geometry":{"type":"LineString","coordinates":[[139.155701,35.552037],[139.155636,35.55205],[139.155389,35.551967],[139.154793,35.551943],[139.154621,35.551976],[139.154496,35.551988],[139.154371,35.551983],[139.154138,35.551929],[139.153901,35.551851],[139.153815,35.551795],[139.153734,35.551696],[139.153626,35.551505],[139.153592,35.551482],[139.153551,35.551465],[139.153482,35.551471],[139.153427,35.551527],[139.153372,35.551606],[139.15333,35.551702],[139.153289,35.551847],[139.153241,35.551882],[139.153179,35.551904],[139.153013,35.55191],[139.152738,35.551887],[139.15229,35.551876],[139.152187,35.551847],[139.152035,35.551724],[139.152001,35.551679],[139.151939,35.551561],[139.151911,35.55146],[139.151891,35.551222],[139.151808,35.551172],[139.151762,35.551169],[139.151719,35.551194],[139.151656,35.551336],[139.151636,35.551392],[139.151608,35.551685],[139.151574,35.551847],[139.151443,35.552299],[139.151401,35.552372],[139.151341,35.552416],[139.151182,35.552468]]}},{"type":"Feature","properties":{"id":152649466,"highway":"residential"},"geometry":{"type":"LineString","coordinates":[[139.130426,35.578796],[139.130349,35.578814],[139.13031,35.578854],[139.130265,35.578919],[139.130242,35.578975],[139.130247,35.579021],[139.130277,35.579078],[139.130376,35.579158],[139.130481,35.579228],[139.130727,35.579348],[139.130791,35.579405],[139.130812,35.579436],[139.130821,35.579484],[139.130816,35.579533],[139.130772,35.579623],[139.130784,35.579659],[139.130837,35.579732],[139.130845,35.579769],[139.130829,35.579803],[139.130746,35.579855],[139.130675,35.579895],[139.13054,35.579942],[139.130395,35.58],[139.13025,35.580042],[139.130127,35.580102],[139.130039,35.580127],[139.129955,35.580146],[139.129829,35.580151],[139.129774,35.580157],[139.129728,35.580181],[139.129413,35.580408],[139.129373,35.580426],[139.12932,35.580443],[139.12925,35.580451],[139.129037,35.580433],[139.128939,35.580428],[139.128873,35.580457],[139.128805,35.580506],[139.128782,35.580539],[139.128774,35.580577],[139.128784,35.580616],[139.128818,35.580706],[139.128869,35.580811],[139.128937,35.580922],[139.128947,35.580968],[139.12893,35.581012],[139.12889,35.581056],[139.128784,35.581146],[139.128725,35.58119],[139.12863,35.581226],[139.128504,35.581232],[139.128193,35.581275],[139.128054,35.581289],[139.127858,35.581298],[139.127658,35.581388],[139.127551,35.581424],[139.12749,35.581456],[139.127451,35.581486],[139.127226,35.581753],[139.127058,35.581972],[139.126726,35.58233],[139.126471,35.582537],[139.126299,35.582766]]}},{"type":"Feature","properties":{"id":152649474,"highway":"unclassified"},"geometry":{"type":"LineString","coordinates":[[139.139838,35.561191],[139.139769,35.561544],[139.139735,35.561649],[139.139713,35.561708],[139.139645,35.561785],[139.139578,35.561861],[139.139565,35.561909],[139.139565,35.561943],[139.139584,35.561972],[139.139624,35.562007],[139.139692,35.562048],[139.13978,35.56207],[139.139903,35.562099],[139.139973,35.562127],[139.140007,35.56215],[139.140031,35.56219],[139.140038,35.562237],[139.140022,35.562289],[139.139998,35.562323],[139.139943,35.562364],[139.13986,35.562402],[139.139798,35.562413],[139.139706,35.562422],[139.139499,35.562416],[139.139315,35.562386],[139.13912,35.562365],[139.139044,35.562362],[139.13893,35.562369],[139.138835,35.562388],[139.13875,35.562422],[139.138678,35.562467],[139.138601,35.56253],[139.138539,35.562609],[139.138504,35.562669],[139.138475,35.562728],[139.138451,35.562807],[139.138437,35.562887],[139.13842,35.563006],[139.138402,35.563083],[139.138331,35.563207],[139.138252,35.563344],[139.137909,35.563924],[139.137832,35.564064],[139.137822,35.564109],[139.137827,35.564159],[139.13784,35.564197],[139.137872,35.56424],[139.137911,35.564276],[139.138047,35.564338],[139.138203,35.5644],[139.138291,35.564425],[139.138377,35.564431],[139.138462,35.564433],[139.138712,35.564426],[139.138751,35.564441],[139.138781,35.564459],[139.138806,35.564506],[139.138812,35.564535],[139.138815,35.564568],[139.138797,35.564614],[139.138777,35.56464],[139.138746,35.564664],[139.138679,35.564687],[139.138574,35.564697],[139.138332,35.564713],[139.138225,35.564718]]}},{"type":"Feature","properties":{"id":152649490,"highway":"unclassified"},"geometry":{"type":"LineString","coordinates":[[139.17259,35.557557],[139.172295,35.55761],[139.172169,35.557636],[139.17211,35.557659],[139.172065,35.557691],[139.172035,35.557721],[139.171999,35.557855],[139.171986,35.557932],[139.171981,35.55814],[139.171956,35.558269],[139.171928,35.558354],[139.171893,35.558421],[139.171799,35.558568],[139.17171,35.558702],[139.171683,35.558731],[139.171638,35.558743],[139.171496,35.558743],[139.171379,35.558717],[139.171144,35.558669],[139.170948,35.558656],[139.170903,35.558645],[139.170854,35.558625],[139.170642,35.558456],[139.170583,35.558419],[139.170493,35.558383],[139.17027,35.558313],[139.170153,35.558284],[139.169891,35.558205],[139.169614,35.558102],[139.169347,35.55799],[139.169241,35.557961],[139.169205,35.557965],[139.169173,35.557982],[139.169157,35.558006],[139.169157,35.558031],[139.169162,35.55808],[139.169204,35.558153],[139.169244,35.558194],[139.169286,35.558226],[139.169349,35.558253],[139.169479,35.558289],[139.169692,35.558352],[139.169913,35.558426],[139.170102,35.558496],[139.170171,35.558526],[139.170277,35.558587],[139.170332,35.558634],[139.170387,35.558693],[139.170455,35.558785],[139.170483,35.55884],[139.170511,35.558904],[139.17053,35.558966],[139.170533,35.559041],[139.170514,35.559107],[139.170475,35.559187],[139.170393,35.559314],[139.17031,35.559396],[139.170266,35.559438],[139.170214,35.559479],[139.170174,35.559502]]}},{"type":"Feature","properties":{"id":152649525,"highway":"residential"},"geometry":{"type":"LineString","coordinates":[[139.14729,35.587276],[139.147308,35.587177],[139.147259,35.587149],[139.14705,35.586924],[139.146962,35.586797],[139.14691,35.586728],[139.146856,35.586633]]}},{"type":"Feature","properties":{"id":152649539,"highway":"residential"},"geometry":{"type":"LineString","coordinates":[[139.187572,35.56271],[139.187473,35.563]]}},{"type":"Feature","properties":{"id":152649547,"highway":"tertiary"},"geometry":{"type":"LineString","coordinates":[[139.169023,35.5597],[139.169171,35.559702],[139.169295,35.559691],[139.169567,35.559644],[139.169961,35.559565],[139.170065,35.55954],[139.170174,35.559502]]}},{"type":"Feature","properties":{"id":152649570,"highway":"residential"},"geometry":{"type":"LineString","coordinates":[[139.14676,35.59302],[139.146749,35.592885],[139.146698,35.592515],[139.146779,35.592178],[139.146809,35.592118]]}},{"type":"Feature","properties":{"id":152649576,"highway":"service"},"geometry":{"type":"LineString","coordinates":[[139.185098,35.56052],[139.185292,35.560616],[139.185548,35.560866],[139.18573,35.560989],[139.185817,35.561014]]}},{"type":"Feature","properties":{"id":152649587,"highway":"residential"},"geometry":{"type":"LineString","coordinates":[[139.197726,35.563221],[139.197761,35.562911]]}},{"type":"Feature","properties":{"id":152649593,"highway":"unclassified"},"geometry":{"type":"LineString","coordinates":[[139.172895,35.58988],[139.172822,35.589848],[139.17275,35.589832],[139.172659,35.589828],[139.172559,35.589833],[139.172322,35.58985],[139.172136,35.589859]]}},{"type":"Feature","properties":{"id":152649618,"highway":"residential"},"geometry":{"type":"LineString","coordinates":[[139.198479,35.563212],[139.198414,35.563498]]}},{"type":"Feature","properties":{"id":152649636,"highway":"residential"},"geometry":{"type":"LineString","coordinates":[[139.198414,35.563498],[139.198417,35.563552],[139.198426,35.563573],[139.198449,35.563589],[139.198939,35.563622],[139.198975,35.563632],[139.198991,35.563657],[139.19899,35.563712],[139.198957,35.563912]]}},{"type":"Feature","properties":{"id":152649664,"highway":"unclassified"},"geometry":{"type":"LineString","coordinates":[[139.121608,35.543242],[139.121629,35.543197],[139.121681,35.543134],[139.121727,35.543098],[139.121801,35.543065],[139.121889,35.543044]]}},{"type":"Feature","properties":{"id":152649670,"highway":"tertiary"},"geometry":{"type":"LineString","coordinates":[[139.134968,35.548418],[139.135242,35.548413],[139.135551,35.548443],[139.135663,35.548461],[139.136128,35.548528]]}},{"type":"Feature","properties":{"id":152649696,"highway":"service"},"geometry":{"type":"LineString","coordinates":[[139.187714,35.561473],[139.187705,35.561532],[139.187514,35.561531],[139.186891,35.561507],[139.186899,35.561446]]}},{"type":"Feature","properties":{"id":152649703,"highway":"tertiary"},"geometry":{"type":"LineString","coordinates":[[139.133005,35.591273],[139.132973,35.591515],[139.132921,35.592059],[139.132909,35.592184]]}},{"type":"Feature","properties":{"id":152649711,"highway":"service"},"geometry":{"type":"LineString","coordinates":[[139.180506,35.55957],[139.180577,35.558866]]}},{"type":"Feature","properties":{"id":152649728,"highway":"residential"},"geometry":{"type":"LineString","coordinates":[[139.142467,35.547058],[139.142521,35.547024],[139.142537,35.547004],[139.142598,35.546782],[139.142623,35.546734],[139.142772,35.546564],[139.14281,35.546515],[139.142825,35.546466],[139.14282,35.546399],[139.142797,35.546339],[139.142734,35.546295],[139.142655,35.54627],[139.142424,35.546304],[139.142119,35.546429]]}},{"type":"Feature","properties":{"id":152649764,"highway":"unclassified"},"geometry":{"type":"LineString","coordinates":[[139.161635,35.597838],[139.161707,35.59781],[139.161878,35.597783],[139.162094,35.597753],[139.162236,35.597722],[139.162351,35.597675],[139.162433,35.597628],[139.162519,35.597567],[139.162581,35.597487],[139.162653,35.597394],[139.162722,35.597341],[139.162818,35.597296],[139.162892,35.597261],[139.162997,35.597246],[139.163186,35.597241],[139.163374,35.597248],[139.16353,35.597254],[139.163595,35.59725],[139.163661,35.597225],[139.163742,35.597177],[139.163781,35.597114],[139.163801,35.597026],[139.163807,35.59694],[139.163815,35.596755],[139.163816,35.596649],[139.163804,35.59657],[139.163776,35.596411],[139.163732,35.596256],[139.163698,35.596102],[139.163677,35.595966],[139.163691,35.595866],[139.163723,35.595778],[139.163819,35.595573],[139.16396,35.595268],[139.16411,35.594937],[139.164215,35.594748],[139.164267,35.594678],[139.164352,35.594609],[139.164442,35.594566],[139.164536,35.594565],[139.164619,35.59458],[139.164687,35.594617],[139.164771,35.594684],[139.164864,35.594789],[139.16492,35.594827],[139.164995,35.594845],[139.165072,35.59485],[139.165179,35.594833],[139.165297,35.594795],[139.16537,35.594758],[139.165405,35.594709],[139.165428,35.594653],[139.165414,35.594549],[139.165398,35.594454],[139.165403,35.594329],[139.16547,35.593825]]}},{"type":"Feature","properties":{"id":152649820,"highway":"unclassified"},"geometry":{"type":"LineString","coordinates":[[139.138532,35.597999],[139.138539,35.597909],[139.138534,35.597843],[139.138523,35.597786],[139.138498,35.597673],[139.138445,35.597507],[139.138406,35.597365],[139.138398,35.597308],[139.138402,35.597261],[139.138418,35.597219],[139.138443,35.597187],[139.13849,35.597159],[139.138574,35.597105],[139.138615,35.597075],[139.13865,35.597043],[139.138686,35.596993],[139.138705,35.596937],[139.138722,35.596882],[139.138732,35.596821],[139.138737,35.596761],[139.138744,35.596632],[139.138741,35.5966],[139.138719,35.596576],[139.138681,35.596561],[139.138646,35.596568],[139.138622,35.596587],[139.138611,35.596621],[139.138613,35.596655],[139.138613,35.596807],[139.138601,35.596848],[139.138574,35.596893],[139.138559,35.596913],[139.138535,35.596933],[139.138503,35.59695],[139.138456,35.596966],[139.138423,35.596966],[139.138384,35.596962],[139.138304,35.596943],[139.138221,35.596922],[139.138051,35.596866],[139.13796,35.59682],[139.13788,35.596773],[139.137828,35.596739],[139.137781,35.596702],[139.137737,35.596663],[139.137675,35.596596],[139.137621,35.596543],[139.137577,35.59653],[139.13752,35.596533],[139.137481,35.596551],[139.137378,35.596659],[139.137247,35.596771],[139.137211,35.596804],[139.137168,35.596834],[139.137121,35.59686],[139.137083,35.596873],[139.137042,35.596878],[139.137003,35.596872],[139.136962,35.596858],[139.136925,35.59684],[139.136886,35.596807],[139.136854,35.59677],[139.136836,35.596719],[139.136828,35.596632],[139.136834,35.596547],[139.136844,35.596489],[139.13686,35.596437],[139.136867,35.596379],[139.136859,35.596334],[139.136838,35.596289],[139.13679,35.596209],[139.136763,35.596162],[139.136742,35.596114],[139.136716,35.596046],[139.13668,35.595999],[139.136639,35.595975],[139.136594,35.595955],[139.136558,35.595938],[139.136509,35.595931],[139.13644,35.595936],[139.136374,35.595958],[139.136242,35.596041],[139.136207,35.596053],[139.136167,35.596057],[139.13612,35.596046],[139.136088,35.596031],[139.136062,35.596012],[139.136024,35.595963],[139.13598,35.595898],[139.135932,35.59583],[139.135874,35.595776],[139.135689,35.595629],[139.135492,35.595484],[139.135326,35.595362],[139.135146,35.595264],[139.135064,35.595219],[139.134995,35.595181],[139.134863,35.595147],[139.13473,35.595115],[139.134501,35.595073]]}},{"type":"Feature","properties":{"id":152649823,"highway":"unclassified"},"geometry":{"type":"LineString","coordinates":[[139.157225,35.558633],[139.157091,35.558561],[139.157019,35.558523],[139.15695,35.558496],[139.156903,35.558492],[139.156851,35.558496],[139.156762,35.558529],[139.156681,35.558559],[139.156544,35.558604],[139.156409,35.558645],[139.156283,35.558682],[139.156138,35.558726],[139.15607,35.558751],[139.155982,35.558778],[139.155916,35.558782],[139.15584,35.558772],[139.155576,35.558735],[139.155397,35.558703],[139.155317,35.558695],[139.155282,35.558696],[139.155246,35.558709],[139.155216,35.558736],[139.155197,35.558763],[139.155174,35.558812],[139.155166,35.558848],[139.15517,35.558885],[139.155187,35.558916],[139.155227,35.558951],[139.155311,35.55901],[139.155382,35.559074],[139.155415,35.55911],[139.155427,35.559148],[139.155433,35.559193],[139.155424,35.55922],[139.155415,35.559247],[139.155386,35.559278],[139.155347,35.5593],[139.155262,35.559313],[139.154997,35.559341],[139.15482,35.559355],[139.154642,35.559368],[139.154609,35.559379],[139.154569,35.559394],[139.15449,35.55943],[139.154433,35.559468],[139.154356,35.559537],[139.1543,35.559574],[139.15414,35.559635],[139.154091,35.559658],[139.154056,35.559682],[139.154023,35.559724],[139.154012,35.559764],[139.154015,35.559803],[139.15402,35.55984],[139.154038,35.55988],[139.15406,35.559918],[139.154102,35.559966],[139.154171,35.560012],[139.154241,35.560036],[139.154367,35.560074],[139.15443,35.560104],[139.154477,35.560132],[139.154522,35.560166],[139.15457,35.560229],[139.154586,35.56026],[139.154602,35.560299],[139.154638,35.560526],[139.154666,35.560655],[139.154662,35.560685],[139.154648,35.560718],[139.154623,35.560747],[139.154574,35.560775],[139.154532,35.560787],[139.154496,35.560792],[139.154216,35.560758],[139.153961,35.560722],[139.153853,35.560712],[139.153754,35.560711],[139.153654,35.560717],[139.153565,35.560735],[139.15345,35.560772],[139.153349,35.560811],[139.153222,35.560865],[139.153165,35.560898],[139.153113,35.56093],[139.153014,35.561002],[139.152936,35.561062],[139.152872,35.561122],[139.152769,35.561241],[139.152731,35.5613],[139.152673,35.561378],[139.152608,35.561462],[139.152542,35.56153],[139.152452,35.561599],[139.152306,35.561691],[139.152146,35.561788],[139.151895,35.561937],[139.151803,35.561968]]}},{"type":"Feature","properties":{"id":152649874,"highway":"residential"},"geometry":{"type":"LineString","coordinates":[[139.162465,35.594396],[139.162231,35.594401],[139.161948,35.59439],[139.161824,35.594373],[139.161693,35.594345],[139.161569,35.594294],[139.161444,35.594221],[139.161417,35.594182],[139.161376,35.594046],[139.161348,35.593793],[139.161348,35.593658],[139.161327,35.593517],[139.161258,35.593348],[139.16099,35.592802],[139.160969,35.592756],[139.160969,35.592413],[139.160893,35.592289],[139.160555,35.59203],[139.160555,35.591872],[139.160596,35.591686],[139.160714,35.591557],[139.160783,35.591551],[139.160914,35.591619],[139.161064,35.591671],[139.16109,35.591666],[139.161086,35.591596],[139.161066,35.591523],[139.161038,35.591264],[139.160976,35.591185],[139.160776,35.591095],[139.16072,35.591042],[139.160701,35.591011],[139.1607,35.590819],[139.160748,35.590729],[139.160866,35.59066],[139.161155,35.590598],[139.161266,35.590536],[139.161397,35.590429],[139.161872,35.589895],[139.162038,35.589753],[139.162093,35.589675],[139.162134,35.589578],[139.162155,35.589522],[139.162176,35.589381],[139.162169,35.589173],[139.162093,35.588925],[139.161927,35.588486],[139.161662,35.588033]]}},{"type":"Feature","properties":{"id":152649914,"highway":"unclassified"},"geometry":{"type":"LineString","coordinates":[[139.13198,35.591305],[139.1324,35.59128],[139.132731,35.591249],[139.132865,35.591256],[139.133005,35.591273]]}},{"type":"Feature","properties":{"id":152649915,"highway":"service"},"geometry":{"type":"LineString","coordinates":[[139.12864,35.546278],[139.12869,35.546164],[139.128862,35.54583],[139.128896,35.545789],[139.129018,35.545569],[139.129056,35.545506],[139.129062,35.545484],[139.129054,35.545458],[139.129036,35.545439],[139.128972,35.545399],[139.128944,35.545373],[139.128917,35.545333],[139.128896,35.545294],[139.128897,35.54527],[139.128902,35.545244],[139.128928,35.54518]]}},{"type":"Feature","properties":{"id":152649918,"highway":"residential"},"geometry":{"type":"LineString","coordinates":[[139.18955,35.563146],[139.190237,35.563214],[139.190787,35.563245],[139.191267,35.563251],[139.192038,35.563218]]}},{"type":"Feature","properties":{"id":152649932,"highway":"unclassified"},"geometry":{"type":"LineString","coordinates":[[139.121608,35.543242],[139.121408,35.54368]]}},{"type":"Feature","properties":{"id":152649959,"highway":"tertiary"},"geometry":{"type":"LineString","coordinates":[[139.126892,35.545986],[139.1269,35.545909],[139.126872,35.545787]]}},{"type":"Feature","properties":{"id":152649964,"highway":"residential"},"geometry":{"type":"LineString","coordinates":[[139.19784,35.562192],[139.197893,35.562006],[139.197918,35.561868],[139.197952,35.561709],[139.197959,35.561588],[139.197963,35.561518],[139.197974,35.561481]]}},{"type":"Feature","properties":{"id":152650011,"highway":"unclassified"},"geometry":{"type":"LineString","coordinates":[[139.121408,35.54368],[139.121378,35.543739],[139.121328,35.543811],[139.12127,35.543873],[139.121196,35.543945],[139.12112,35.544012],[139.121062,35.544068],[139.121026,35.544155],[139.121011,35.544226]]}},{"type":"Feature","properties":{"id":152650022,"highway":"residential"},"geometry":{"type":"LineString","coordinates":[[139.185298,35.561197],[139.185419,35.561165],[139.185817,35.561014],[139.186375,35.561057]]}},{"type":"Feature","properties":{"id":152650061,"highway":"residential"},"geometry":{"type":"LineString","coordinates":[[139.129718,35.586447],[139.129788,35.586355],[139.129874,35.586258],[139.129911,35.586213],[139.129955,35.586172],[139.13004,35.586122],[139.13012,35.586097],[139.130236,35.586072],[139.130266,35.586048],[139.130284,35.586022]]}},{"type":"Feature","properties":{"id":152650069,"highway":"tertiary"},"geometry":{"type":"LineString","coordinates":[[139.13528,35.591069],[139.134862,35.591309],[139.134771,35.591366],[139.134591,35.59142]]}},{"type":"Feature","properties":{"id":152650076,"highway":"unclassified"},"geometry":{"type":"LineString","coordinates":[[139.194826,35.598427],[139.194746,35.598748],[139.194735,35.59888],[139.194714,35.599176],[139.194741,35.59934]]}},{"type":"Feature","properties":{"id":152650082,"highway":"residential"},"geometry":{"type":"LineString","coordinates":[[139.146174,35.559018],[139.146197,35.559251],[139.146237,35.559454],[139.146265,35.559508],[139.146352,35.559537],[139.146378,35.559511],[139.146384,35.559469],[139.14638,35.559325],[139.146413,35.55933],[139.146444,35.559404],[139.146467,35.559548]]}},{"type":"Feature","properties":{"id":152650150,"highway":"tertiary"},"geometry":{"type":"LineString","coordinates":[[139.200726,35.561367],[139.200706,35.561423],[139.200692,35.561502],[139.200692,35.561582],[139.200724,35.56163],[139.20079,35.561683],[139.200904,35.56176],[139.200961,35.561846],[139.201018,35.561948],[139.201076,35.562098],[139.201092,35.562223],[139.201122,35.562492],[139.201143,35.562556],[139.201168,35.562624],[139.201207,35.562683],[139.201238,35.562732],[139.201303,35.56282],[139.201358,35.562913],[139.201376,35.562965],[139.201373,35.563037],[139.201353,35.563083],[139.201331,35.563121],[139.201288,35.563165],[139.201182,35.563244],[139.201054,35.563321],[139.200997,35.563346],[139.200926,35.563357],[139.200838,35.563356],[139.200773,35.563346],[139.200603,35.563274],[139.200546,35.563247],[139.200493,35.563209],[139.200392,35.563168],[139.199817,35.563151],[139.199642,35.563129],[139.199552,35.563112],[139.199474,35.563087],[139.199214,35.562995],[139.199073,35.562971],[139.198919,35.562951],[139.198714,35.562928],[139.198487,35.562915],[139.198108,35.562916],[139.197761,35.562911],[139.197584,35.562914],[139.197443,35.56292],[139.197143,35.563034],[139.197,35.563074],[139.196929,35.563062],[139.196687,35.563022],[139.196379,35.562997],[139.195883,35.562972],[139.195772,35.562946],[139.195686,35.562896],[139.195428,35.56275],[139.195341,35.562697],[139.195212,35.56263],[139.19509,35.562571],[139.195011,35.562546],[139.194926,35.562525],[139.194746,35.562497],[139.19443,35.562435],[139.193958,35.562344],[139.193701,35.562289],[139.193397,35.562225],[139.193223,35.562187],[139.193071,35.562161],[139.192733,35.562141],[139.192451,35.56213]]}},{"type":"Feature","properties":{"id":152650155,"highway":"residential"},"geometry":{"type":"LineString","coordinates":[[139.146856,35.586633],[139.146771,35.586478],[139.146677,35.586317],[139.146604,35.586184]]}},{"type":"Feature","properties":{"id":152650156,"highway":"residential"},"geometry":{"type":"LineString","coordinates":[[139.198697,35.561847],[139.198807,35.561911],[139.198987,35.561993],[139.199076,35.562036],[139.199153,35.562086]]}},{"type":"Feature","properties":{"id":152650160,"highway":"residential"},"geometry":{"type":"LineString","coordinates":[[139.186243,35.57222],[139.186218,35.57223],[139.186135,35.572286],[139.185777,35.572585],[139.185499,35.572811]]}},{"type":"Feature","properties":{"id":152650163,"highway":"residential"},"geometry":{"type":"LineString","coordinates":[[139.179596,35.558778],[139.180001,35.558783],[139.180577,35.558866]]}},{"type":"Feature","properties":{"id":152650182,"highway":"residential"},"geometry":{"type":"LineString","coordinates":[[139.200198,35.564019],[139.200065,35.564014],[139.198957,35.563912]]}},{"type":"Feature","properties":{"id":152650188,"highway":"residential"},"geometry":{"type":"LineString","coordinates":[[139.176277,35.586571],[139.176295,35.586596],[139.176345,35.586641],[139.176533,35.586757],[139.176698,35.586906]]}},{"type":"Feature","properties":{"id":152650192,"highway":"residential"},"geometry":{"type":"LineString","coordinates":[[139.197,35.563074],[139.19694,35.563128],[139.196819,35.563211],[139.196663,35.563299],[139.19644,35.563408],[139.196282,35.563496]]}},{"type":"Feature","properties":{"id":152650197,"highway":"residential"},"geometry":{"type":"LineString","coordinates":[[139.179596,35.558778],[139.179573,35.558867],[139.179546,35.559245],[139.179568,35.559356]]}},{"type":"Feature","properties":{"id":152650208,"highway":"residential"},"geometry":{"type":"LineString","coordinates":[[139.148653,35.585783],[139.148405,35.585279],[139.14833,35.585121],[139.148273,35.585015]]}},{"type":"Feature","properties":{"id":152650224,"highway":"residential"},"geometry":{"type":"LineString","coordinates":[[139.199214,35.562995],[139.199221,35.562886],[139.199202,35.562303],[139.199204,35.562225],[139.199192,35.562141],[139.199153,35.562086]]}},{"type":"Feature","properties":{"id":152650226,"highway":"residential"},"geometry":{"type":"LineString","coordinates":[[139.1941,35.561483],[139.193918,35.561536],[139.193852,35.561596],[139.193701,35.562289]]}},{"type":"Feature","properties":{"id":152650233,"highway":"unclassified"},"geometry":{"type":"LineString","coordinates":[[139.16442,35.559499],[139.164297,35.559361],[139.164154,35.559233],[139.164084,35.55918],[139.163844,35.558994],[139.163533,35.558776],[139.163209,35.558556],[139.162999,35.558411],[139.162894,35.558339],[139.162845,35.558314],[139.162779,35.55829],[139.162648,35.558274],[139.162505,35.558276],[139.162413,35.5583],[139.162338,35.558339],[139.162273,35.558385],[139.162209,35.558437],[139.162117,35.558533],[139.162035,35.558642],[139.162006,35.558698],[139.161988,35.558744],[139.16199,35.558798],[139.162009,35.558843],[139.162038,35.558876],[139.162071,35.558905],[139.162125,35.558934],[139.162167,35.558957],[139.162198,35.55898],[139.162227,35.559012],[139.16225,35.559059],[139.162264,35.559106],[139.162269,35.559162],[139.16227,35.559229],[139.162247,35.55931],[139.162208,35.5594],[139.162065,35.559641],[139.161992,35.559766],[139.161947,35.559818],[139.161905,35.559835],[139.161843,35.559839],[139.161792,35.559835],[139.161729,35.559823],[139.161676,35.559806],[139.161643,35.559786],[139.161619,35.559751],[139.161605,35.559714],[139.161602,35.55961],[139.161593,35.559495],[139.161585,35.559464],[139.161565,35.55944],[139.161528,35.559416],[139.161482,35.55941],[139.161424,35.559415],[139.161334,35.559434],[139.16103,35.559495],[139.160922,35.559514],[139.160754,35.559523],[139.160333,35.559535],[139.160121,35.559543],[139.160047,35.55953],[139.159997,35.5595],[139.159954,35.559456],[139.159935,35.559417],[139.159929,35.559368],[139.159935,35.559318],[139.159953,35.559234],[139.160016,35.559004],[139.160033,35.558937],[139.160037,35.558896],[139.160037,35.558855],[139.160013,35.558793],[139.159969,35.55873],[139.159915,35.558672],[139.159851,35.558615],[139.159798,35.558591],[139.159725,35.558581],[139.159656,35.558587],[139.159588,35.558616],[139.159527,35.558657],[139.159476,35.558706],[139.159353,35.558824],[139.159259,35.558906],[139.159221,35.558926],[139.159169,35.558945],[139.159118,35.558957],[139.15906,35.558958],[139.159019,35.558954],[139.158977,35.558943],[139.158941,35.55893],[139.158904,35.5589],[139.158827,35.558807],[139.158789,35.55874],[139.158716,35.55863],[139.158685,35.558582],[139.158651,35.558547],[139.158589,35.558499],[139.158458,35.558424],[139.15838,35.55839],[139.1583,35.55837],[139.158255,35.558367],[139.158223,35.558379],[139.158175,35.558409]]}},{"type":"Feature","properties":{"id":152650266,"highway":"unclassified"},"geometry":{"type":"LineString","coordinates":[[139.134006,35.569162],[139.133988,35.569169],[139.133941,35.569188],[139.133872,35.569203],[139.133716,35.569246],[139.133686,35.569275],[139.133664,35.569308],[139.133647,35.569366],[139.133622,35.569589],[139.13355,35.569809],[139.133704,35.570186],[139.133734,35.570315],[139.133755,35.57043],[139.133754,35.570542],[139.133748,35.570569],[139.133731,35.570608],[139.133628,35.570719],[139.133509,35.570928],[139.13342,35.571066],[139.133414,35.571108],[139.133433,35.571148],[139.1335,35.571176],[139.133719,35.57122],[139.133894,35.571326],[139.133945,35.571357],[139.13396,35.571393],[139.133964,35.571435],[139.133965,35.571515],[139.133938,35.571668],[139.1339,35.571813],[139.133856,35.57192],[139.133815,35.571996],[139.133728,35.572097],[139.133658,35.572186],[139.133549,35.572316],[139.133531,35.572344],[139.133525,35.572387]]}},{"type":"Feature","properties":{"id":152650269,"highway":"unclassified"},"geometry":{"type":"LineString","coordinates":[[139.189712,35.522615],[139.189657,35.522636],[139.189615,35.522658],[139.189576,35.522689],[139.189548,35.522717],[139.189472,35.522797],[139.189432,35.52284],[139.189399,35.522881],[139.189371,35.522917],[139.189351,35.522959],[139.189346,35.523034],[139.189346,35.523102],[139.189358,35.523137],[139.189372,35.523162],[139.189402,35.523178],[139.189474,35.523196],[139.189585,35.523228],[139.189639,35.523258],[139.189667,35.523277],[139.189686,35.523301],[139.189742,35.523363],[139.189801,35.523435],[139.189849,35.523495],[139.189864,35.523524],[139.189879,35.52357],[139.189894,35.52361],[139.189907,35.523632],[139.189935,35.523657],[139.189974,35.523675],[139.190013,35.523682],[139.190059,35.523684],[139.190148,35.523677],[139.190201,35.523682],[139.190237,35.523696],[139.190296,35.523726],[139.190331,35.523734],[139.190357,35.523735],[139.190412,35.523732],[139.190457,35.523723],[139.190488,35.523716],[139.19052,35.523713],[139.190577,35.523714],[139.190656,35.523719],[139.190867,35.523724],[139.190985,35.52372],[139.191047,35.52371],[139.191117,35.523707],[139.191201,35.52371],[139.191258,35.523723],[139.191299,35.523734],[139.191355,35.523751],[139.191414,35.523756],[139.191498,35.523746],[139.19156,35.523732],[139.191601,35.523717],[139.191658,35.523691],[139.191707,35.52366],[139.191742,35.523635],[139.191795,35.523614],[139.19186,35.523596],[139.191913,35.523587],[139.191959,35.523585],[139.191988,35.52358],[139.192017,35.523564],[139.192067,35.523532],[139.192106,35.523505],[139.192132,35.523473],[139.192166,35.523435],[139.192194,35.523412],[139.19223,35.523388],[139.192302,35.523358],[139.192367,35.523334],[139.19242,35.523318],[139.192466,35.523305],[139.192521,35.523287],[139.192585,35.523256],[139.192638,35.52322],[139.19269,35.523187],[139.192753,35.523155],[139.192859,35.523111],[139.192925,35.523089],[139.192964,35.523071],[139.192996,35.523045],[139.19302,35.52301],[139.193029,35.522984],[139.193035,35.522954],[139.193047,35.522889],[139.193062,35.522853],[139.193083,35.522821],[139.193117,35.522778],[139.193159,35.522734],[139.193193,35.522694],[139.19322,35.522652],[139.193241,35.522611],[139.193254,35.522545],[139.193249,35.522484],[139.19324,35.522449],[139.193229,35.522385],[139.193233,35.522311],[139.193238,35.522274],[139.193249,35.522243],[139.193286,35.522175],[139.193335,35.522101],[139.193409,35.522007],[139.193485,35.521909],[139.193567,35.521821],[139.193661,35.521741],[139.193763,35.521671],[139.193874,35.521606],[139.193963,35.521556],[139.194081,35.521505]]}},{"type":"Feature","properties":{"id":152650306,"highway":"unclassified"},"geometry":{"type":"LineString","coordinates":[[139.16547,35.593825],[139.16549,35.593679],[139.165516,35.59353],[139.165562,35.593398],[139.165634,35.593219],[139.165755,35.592982],[139.165924,35.592696],[139.166071,35.592397],[139.166107,35.592293],[139.166109,35.592195],[139.166088,35.592058],[139.166069,35.591898],[139.166078,35.591825],[139.16611,35.591773],[139.16616,35.591722],[139.166248,35.591678],[139.16632,35.591659],[139.166397,35.591663],[139.166479,35.591698],[139.16664,35.591792],[139.166772,35.591825],[139.166901,35.591828],[139.167023,35.591803],[139.16709,35.591783],[139.167138,35.591737],[139.167142,35.591674],[139.167112,35.591625],[139.167052,35.591592],[139.166946,35.591579],[139.166826,35.591562],[139.166764,35.591536],[139.16671,35.591507],[139.166665,35.591461],[139.166546,35.591344],[139.166461,35.591295],[139.16636,35.59127],[139.166313,35.591254],[139.166262,35.591222],[139.166238,35.591189],[139.166221,35.591143],[139.166204,35.591081],[139.166158,35.590936],[139.166087,35.590812],[139.16602,35.590733],[139.165994,35.590678],[139.166,35.590641],[139.166021,35.590606],[139.166067,35.590567],[139.166159,35.590528],[139.166265,35.59049],[139.166376,35.590437],[139.166502,35.590373],[139.166573,35.590354],[139.166708,35.590345],[139.166821,35.590327],[139.166866,35.590303],[139.1669,35.590269],[139.166912,35.590223],[139.166894,35.590171],[139.166881,35.590149],[139.166777,35.59009],[139.166715,35.590061],[139.166687,35.590022],[139.166672,35.589976],[139.166672,35.589927],[139.166692,35.58988],[139.166733,35.589837],[139.16676,35.58981],[139.16682,35.589793],[139.166878,35.589803],[139.166967,35.589854],[139.167107,35.589985],[139.167242,35.590034]]}},{"type":"Feature","properties":{"id":152650357,"highway":"service"},"geometry":{"type":"LineString","coordinates":[[139.185817,35.561014],[139.18602,35.560693],[139.186116,35.560497],[139.186115,35.560381]]}},{"type":"Feature","properties":{"id":152650375,"highway":"unclassified"},"geometry":{"type":"LineString","coordinates":[[139.185155,35.520047],[139.185352,35.520056],[139.185421,35.520059],[139.185481,35.52007],[139.185528,35.520091],[139.185606,35.52016],[139.185672,35.520218],[139.18571,35.520264],[139.185734,35.520301],[139.18574,35.520331],[139.185732,35.520381],[139.185719,35.520474],[139.185707,35.520562],[139.185701,35.520633],[139.185703,35.520705],[139.185716,35.52077],[139.185725,35.520803],[139.185737,35.52083],[139.185757,35.520864],[139.185778,35.5209],[139.185812,35.520946],[139.185831,35.520978],[139.185838,35.520995],[139.185839,35.521015],[139.18583,35.521088],[139.185829,35.521121],[139.185835,35.521148],[139.185857,35.521204],[139.185894,35.521272],[139.185931,35.521343],[139.185957,35.52139],[139.185981,35.521424],[139.186014,35.52147],[139.186044,35.521499],[139.186074,35.52152],[139.186136,35.521565],[139.186201,35.521609],[139.186317,35.521693],[139.18639,35.521727],[139.186466,35.521742],[139.186596,35.521761],[139.186687,35.521774],[139.186753,35.521781],[139.186826,35.521774],[139.186891,35.521755],[139.186966,35.521733],[139.187023,35.521722],[139.187143,35.521733],[139.187282,35.521755],[139.187365,35.521765],[139.187436,35.521768],[139.187519,35.521763],[139.187587,35.521743],[139.187648,35.521706],[139.187692,35.521673],[139.1879,35.521516],[139.187967,35.52146],[139.188051,35.521392],[139.188074,35.521364],[139.188094,35.521336],[139.18811,35.521307],[139.18812,35.521275],[139.188125,35.521251],[139.188131,35.521197],[139.188145,35.521112],[139.188136,35.521027],[139.188122,35.520938],[139.188108,35.520859],[139.188096,35.520809],[139.188084,35.520764],[139.188067,35.520731],[139.188022,35.520675],[139.187973,35.520609],[139.187946,35.520557],[139.187929,35.520523],[139.187925,35.520488],[139.187931,35.520461],[139.187962,35.520386],[139.188005,35.520302],[139.188079,35.520171],[139.1881,35.520129],[139.188115,35.520111],[139.188136,35.520089],[139.188165,35.520072],[139.1882,35.520064],[139.18824,35.520074],[139.188308,35.520094],[139.188414,35.520145],[139.18851,35.520189],[139.188553,35.520214],[139.188578,35.52023],[139.188597,35.520249],[139.188632,35.520305],[139.188665,35.520363],[139.188687,35.520393],[139.188705,35.520407],[139.188731,35.520415],[139.188779,35.520423],[139.188867,35.520419],[139.188933,35.520425],[139.188999,35.520447],[139.189096,35.5205],[139.189144,35.52052],[139.189189,35.520525],[139.189266,35.520528],[139.189306,35.520534],[139.189348,35.520577],[139.189379,35.520626],[139.189389,35.520662],[139.189393,35.520715],[139.189391,35.520772],[139.189382,35.520832],[139.189363,35.520936],[139.189346,35.521014],[139.189337,35.521052],[139.189336,35.521087],[139.189344,35.521158],[139.18936,35.521223],[139.189377,35.521275],[139.189395,35.521317],[139.189423,35.521349],[139.189451,35.521375],[139.18948,35.521394],[139.189516,35.521411],[139.189603,35.521437],[139.189672,35.521465],[139.1897,35.52148],[139.189722,35.521498],[139.189767,35.52155],[139.189816,35.52159],[139.189849,35.521604],[139.189881,35.521608],[139.189944,35.521604],[139.189991,35.521609],[139.190033,35.521619],[139.190096,35.521659],[139.190169,35.521695],[139.190243,35.521741],[139.190278,35.521774],[139.190299,35.521797],[139.190314,35.521823],[139.19032,35.521853],[139.190318,35.521879],[139.190299,35.521929],[139.190255,35.522011],[139.190203,35.522088],[139.190167,35.522173],[139.190143,35.522226],[139.190125,35.522259],[139.190099,35.522296],[139.190035,35.522373],[139.189975,35.522427],[139.189881,35.522512],[139.189825,35.522556],[139.189799,35.522575],[139.189767,35.522591],[139.189712,35.522615]]}},{"type":"Feature","properties":{"id":152650387,"highway":"unclassified"},"geometry":{"type":"LineString","coordinates":[[139.146809,35.592118],[139.146356,35.592137],[139.14623,35.592132],[139.146123,35.592118],[139.145944,35.592059],[139.145899,35.592033]]}},{"type":"Feature","properties":{"id":152650391,"highway":"residential"},"geometry":{"type":"LineString","coordinates":[[139.148348,35.583201],[139.14818,35.583246],[139.148079,35.583271],[139.148008,35.583295],[139.147886,35.58336],[139.147788,35.583418],[139.147647,35.583475],[139.147572,35.583484]]}},{"type":"Feature","properties":{"id":152650394,"highway":"unclassified"},"geometry":{"type":"LineString","coordinates":[[139.129152,35.541037],[139.129237,35.541001],[139.129285,35.541002],[139.129325,35.541018],[139.129401,35.541072],[139.129555,35.54116],[139.129762,35.541272],[139.129791,35.541291]]}},{"type":"Feature","properties":{"id":152650419,"highway":"residential"},"geometry":{"type":"LineString","coordinates":[[139.186375,35.561057],[139.187038,35.561128],[139.187486,35.561368],[139.18746,35.561467]]}},{"type":"Feature","properties":{"id":152650428,"highway":"residential"},"geometry":{"type":"LineString","coordinates":[[139.145899,35.592033],[139.145814,35.592177],[139.145591,35.592536],[139.145639,35.592649],[139.146177,35.592834],[139.14676,35.59302]]}},{"type":"Feature","properties":{"id":152650442,"highway":"unclassified"},"geometry":{"type":"LineString","coordinates":[[139.140382,35.559018],[139.140253,35.559088],[139.140202,35.559122],[139.140175,35.559164],[139.14014,35.559258],[139.140113,35.55948],[139.140086,35.559698]]}},{"type":"Feature","properties":{"id":152650522,"highway":"unclassified"},"geometry":{"type":"LineString","coordinates":[[139.137726,35.599615],[139.137783,35.599597],[139.137846,35.599578],[139.138037,35.599533],[139.138164,35.5995],[139.138282,35.599456],[139.138385,35.599412],[139.138506,35.59938]]}},{"type":"Feature","properties":{"id":152650527,"highway":"residential"},"geometry":{"type":"LineString","coordinates":[[139.188069,35.562739],[139.188818,35.562737],[139.189393,35.562719],[139.189602,35.562727]]}},{"type":"Feature","properties":{"id":152650543,"highway":"service"},"geometry":{"type":"LineString","coordinates":[[139.182375,35.560826],[139.182379,35.560589],[139.182438,35.560241],[139.182475,35.559962]]}},{"type":"Feature","properties":{"id":152650559,"highway":"service"},"geometry":{"type":"LineString","coordinates":[[139.185499,35.572811],[139.185377,35.572736],[139.18536,35.572673],[139.185412,35.572579],[139.185857,35.572116],[139.185881,35.571898],[139.185906,35.57177],[139.185998,35.571695],[139.186017,35.571635],[139.18599,35.571549]]}},{"type":"Feature","properties":{"id":152650578,"highway":"residential"},"geometry":{"type":"LineString","coordinates":[[139.19784,35.562192],[139.197809,35.562374],[139.19777,35.562605],[139.197724,35.562671],[139.197615,35.562758],[139.197517,35.56282],[139.197469,35.562855],[139.197451,35.562886],[139.197443,35.56292]]}},{"type":"Feature","properties":{"id":152650599,"highway":"unclassified"},"geometry":{"type":"LineString","coordinates":[[139.150169,35.57297],[139.150346,35.572981],[139.150435,35.572998],[139.150459,35.573038],[139.150462,35.573085],[139.150432,35.573129],[139.150351,35.573172],[139.150198,35.573214],[139.150132,35.573239],[139.150072,35.573292],[139.149993,35.573388],[139.149891,35.573534],[139.149822,35.573651],[139.149807,35.573685],[139.149799,35.573714],[139.149797,35.57374],[139.149816,35.573783],[139.149847,35.573816],[139.149896,35.573843],[139.149952,35.573871],[139.150009,35.573889],[139.150101,35.573917],[139.150361,35.573958],[139.150466,35.573985],[139.150557,35.574028],[139.150682,35.574107],[139.150732,35.574132],[139.150789,35.574155],[139.150859,35.574168],[139.151115,35.574214],[139.151223,35.574234],[139.151288,35.574262],[139.151326,35.574319],[139.151337,35.574379],[139.151346,35.574477],[139.151364,35.574524],[139.151409,35.574595],[139.151481,35.574635],[139.151568,35.574658],[139.151614,35.574664],[139.151669,35.574662],[139.151761,35.574638],[139.151896,35.574589],[139.152072,35.574539],[139.152143,35.574522],[139.152193,35.57452],[139.152248,35.574533],[139.152284,35.57456],[139.152304,35.574598],[139.152309,35.574659],[139.152278,35.574753],[139.152234,35.574867],[139.152223,35.574918],[139.152229,35.574968],[139.152249,35.575009],[139.152291,35.575049],[139.152364,35.575098],[139.152442,35.575131],[139.15251,35.575147],[139.152571,35.575146],[139.152635,35.575131],[139.152679,35.57511],[139.152708,35.575089],[139.152949,35.574903],[139.153012,35.574827],[139.153074,35.574721],[139.153108,35.574677],[139.153413,35.574392],[139.153462,35.574353],[139.153495,35.574339],[139.15355,35.574335],[139.153626,35.574363],[139.153669,35.574409],[139.153674,35.574483],[139.153665,35.574818],[139.15368,35.574887],[139.153708,35.574942],[139.153748,35.574986],[139.153795,35.575022],[139.153952,35.575108],[139.154021,35.575163],[139.154057,35.575202],[139.154086,35.575248],[139.154095,35.57534],[139.154126,35.575405],[139.154208,35.575511],[139.154262,35.575617],[139.154261,35.575663],[139.154257,35.575722],[139.154223,35.575855],[139.154246,35.575916],[139.154276,35.576059],[139.154251,35.576335],[139.154251,35.576488],[139.154273,35.576661],[139.154322,35.576774],[139.154426,35.576899],[139.154579,35.577091],[139.15468,35.57724],[139.154754,35.577391],[139.15477,35.577447],[139.154769,35.577486],[139.15473,35.577534],[139.154644,35.577568]]}},{"type":"Feature","properties":{"id":152650608,"highway":"residential"},"geometry":{"type":"LineString","coordinates":[[139.154539,35.597146],[139.154553,35.597075],[139.154619,35.596966],[139.154687,35.596801],[139.154722,35.596666],[139.154734,35.596618],[139.154766,35.59657],[139.154848,35.596487],[139.154895,35.596459],[139.154935,35.596444],[139.15502,35.596453],[139.155108,35.596461],[139.155252,35.596478],[139.155458,35.596469],[139.155505,35.596472],[139.155539,35.596485],[139.155553,35.596511],[139.155561,35.596558],[139.155578,35.596593],[139.155639,35.596613],[139.155694,35.596629],[139.155824,35.596708],[139.155942,35.596764],[139.156003,35.596769],[139.156098,35.596763],[139.156152,35.596795],[139.156424,35.596879],[139.156834,35.59718],[139.156946,35.597224],[139.157018,35.597273],[139.157272,35.597493],[139.15737,35.597524],[139.157492,35.597544],[139.157489,35.597469],[139.157617,35.59746],[139.157755,35.597465],[139.157847,35.597466],[139.157885,35.597455],[139.157927,35.597408],[139.157982,35.597299],[139.157987,35.597264],[139.157982,35.597228],[139.157784,35.597083],[139.157724,35.597061],[139.157555,35.597055],[139.157507,35.597043],[139.157463,35.597018],[139.157418,35.596981],[139.157349,35.596895],[139.15734,35.596857],[139.157339,35.5968],[139.157373,35.596763],[139.157427,35.596743],[139.157605,35.59671],[139.157855,35.596694],[139.157959,35.596707],[139.158281,35.596801],[139.158473,35.596888],[139.158664,35.596892],[139.158962,35.596907],[139.158988,35.596909],[139.159007,35.596921],[139.159015,35.596943],[139.159005,35.596959],[139.158974,35.596968],[139.158831,35.596976],[139.158805,35.596981],[139.158782,35.596992],[139.158762,35.597006],[139.15875,35.597024],[139.158752,35.597039],[139.158765,35.597049],[139.1588,35.597054],[139.158894,35.59705],[139.158939,35.597055],[139.158982,35.597066],[139.159167,35.597145],[139.159467,35.597285],[139.160045,35.597319],[139.160141,35.597319],[139.160259,35.597285],[139.160279,35.597279],[139.16041,35.5972],[139.160553,35.597129],[139.160593,35.59712],[139.160634,35.597119],[139.1607,35.597121],[139.160769,35.597134],[139.161038,35.597245],[139.1613,35.597404],[139.161424,35.597505],[139.161427,35.597532],[139.161428,35.597575],[139.161386,35.59767],[139.161388,35.597697],[139.161403,35.597724],[139.16152,35.597775],[139.161635,35.597838]]}},{"type":"Feature","properties":{"id":152650618,"highway":"unclassified"},"geometry":{"type":"LineString","coordinates":[[139.135736,35.58606],[139.135698,35.58599],[139.135585,35.585919],[139.135454,35.585814],[139.135302,35.585696],[139.13509,35.585543],[139.134797,35.585425],[139.134381,35.585233],[139.134104,35.585091],[139.134007,35.585031],[139.133973,35.584968],[139.133917,35.584523],[139.133752,35.584327],[139.133693,35.584066],[139.13365,35.584033],[139.133586,35.584036],[139.133533,35.584062],[139.133314,35.584292],[139.133261,35.584314],[139.1332,35.584309],[139.133129,35.5843],[139.133055,35.58427],[139.132905,35.584181],[139.132796,35.584099],[139.132726,35.584021],[139.132634,35.583952],[139.132499,35.583892],[139.13237,35.583861],[139.132318,35.583823],[139.132306,35.583774],[139.132322,35.583724],[139.132398,35.583605],[139.1325,35.583423],[139.132639,35.583038],[139.132678,35.582988],[139.132879,35.582825],[139.132949,35.58276],[139.132988,35.582708],[139.132987,35.582657],[139.132966,35.582629],[139.132925,35.582612],[139.132875,35.582609],[139.132562,35.582632],[139.132521,35.582623],[139.13248,35.5826],[139.132455,35.582552],[139.132442,35.582503],[139.132417,35.582405],[139.132392,35.582347],[139.132328,35.582304],[139.132283,35.582295],[139.132229,35.582299],[139.132176,35.582311],[139.132135,35.582327],[139.132098,35.582357],[139.132073,35.582393],[139.132052,35.582466],[139.13203,35.582562],[139.131998,35.582662],[139.131956,35.582773],[139.131917,35.58284],[139.131869,35.582915],[139.131827,35.582946],[139.131786,35.582978],[139.131718,35.583001],[139.131642,35.582991],[139.131589,35.582967],[139.131549,35.582932],[139.131521,35.582888],[139.131485,35.582791],[139.131463,35.582686],[139.131444,35.582585],[139.131417,35.582482],[139.131393,35.582391],[139.131357,35.582317],[139.131318,35.58228],[139.131264,35.58225],[139.131176,35.582232],[139.131109,35.582239],[139.131035,35.582266],[139.130882,35.582327],[139.130683,35.582413],[139.130507,35.582486],[139.130392,35.582525],[139.130304,35.582538]]}},{"type":"Feature","properties":{"id":152650632,"highway":"residential"},"geometry":{"type":"LineString","coordinates":[[139.197041,35.560373],[139.197013,35.560294],[139.197013,35.560097],[139.197041,35.559967],[139.197041,35.559888],[139.196999,35.559787],[139.196924,35.559703],[139.1968,35.559596],[139.196724,35.559505],[139.196655,35.559381],[139.196607,35.559241],[139.196607,35.559004],[139.196634,35.558919],[139.196628,35.558807],[139.196566,35.558643],[139.196531,35.558514],[139.196518,35.558311],[139.19649,35.558221],[139.196497,35.558131],[139.196566,35.557968],[139.196566,35.557844],[139.196518,35.557759],[139.19649,35.557736],[139.196393,35.557579],[139.196366,35.557477],[139.19638,35.557162],[139.196373,35.557128],[139.196194,35.556841],[139.196075,35.556706],[139.19589,35.556531],[139.195822,35.556446],[139.19578,35.556339],[139.195758,35.55608],[139.195725,35.556007],[139.195628,35.555922],[139.195455,35.555866],[139.195235,35.555776],[139.194918,35.555731],[139.194835,35.555708],[139.19465,35.555596],[139.194402,35.555528],[139.194098,35.555494],[139.193988,35.555466],[139.1939,35.55541],[139.193857,35.555353],[139.193837,35.55528],[139.193823,35.5551],[139.193747,35.554964],[139.193651,35.55488],[139.193416,35.554767],[139.193361,35.554734],[139.193285,35.55461],[139.193251,35.554508],[139.193223,35.554469],[139.193141,35.554413],[139.193044,35.554379],[139.192687,35.554367],[139.192604,35.5543],[139.192529,35.554153],[139.192322,35.55399],[139.192274,35.553905],[139.192205,35.553629],[139.192157,35.553517],[139.192096,35.553439]]}},{"type":"Feature","properties":{"id":152650709,"highway":"residential"},"geometry":{"type":"LineString","coordinates":[[139.189551,35.574782],[139.189537,35.574692],[139.189586,35.574624],[139.189703,35.574534],[139.190075,35.574349],[139.190123,35.574303],[139.190282,35.573994],[139.19031,35.573887],[139.19031,35.5737],[139.190427,35.573531],[139.190442,35.573306],[139.19047,35.573217],[139.190565,35.573019],[139.190565,35.57289],[139.190488,35.572794],[139.190419,35.572737],[139.190164,35.57263],[139.18991,35.572477],[139.189772,35.572382],[139.189579,35.572225],[139.189476,35.572184],[139.189297,35.572184],[139.18918,35.572264],[139.189104,35.572382],[139.189091,35.572427],[139.189154,35.572617],[139.189173,35.572934],[139.189173,35.57304],[139.189111,35.573064],[139.189042,35.573058],[139.188994,35.572929],[139.188939,35.572697],[139.188904,35.57264],[139.188843,35.572579],[139.188684,35.5725],[139.188567,35.572505],[139.188257,35.572624],[139.188161,35.57267],[139.188085,35.572703],[139.187961,35.572816],[139.187885,35.572918],[139.187844,35.573013],[139.187816,35.573047],[139.187761,35.573064],[139.187741,35.573064],[139.187692,35.57303],[139.187718,35.57278],[139.187761,35.572595],[139.187775,35.572529],[139.187747,35.572484],[139.18763,35.572405],[139.187472,35.572377],[139.187251,35.572292],[139.18721,35.572264],[139.187079,35.572219],[139.186874,35.572197],[139.186762,35.572253],[139.186607,35.572232],[139.186411,35.572174],[139.186342,35.572179],[139.186243,35.57222]]}},{"type":"Feature","properties":{"id":152650779,"highway":"residential"},"geometry":{"type":"LineString","coordinates":[[139.149791,35.583839],[139.149894,35.58378],[139.149976,35.583767],[139.150094,35.583765],[139.150255,35.583762],[139.150362,35.583779],[139.150699,35.5839],[139.150789,35.583933],[139.150848,35.583954]]}},{"type":"Feature","properties":{"id":152650782,"highway":"unclassified"},"geometry":{"type":"LineString","coordinates":[[139.172749,35.557615],[139.172775,35.557556],[139.172922,35.55746],[139.172982,35.557446],[139.173029,35.557417],[139.173046,35.557375],[139.17304,35.557313],[139.172958,35.557154],[139.172951,35.557105],[139.172968,35.557041]]}},{"type":"Feature","properties":{"id":152650790,"highway":"residential"},"geometry":{"type":"LineString","coordinates":[[139.176272,35.559786],[139.176354,35.559725],[139.176383,35.559673],[139.176432,35.559622],[139.176503,35.559565],[139.176532,35.559515],[139.176529,35.559351],[139.176388,35.55923],[139.176408,35.559121],[139.176387,35.559053],[139.17631,35.558869],[139.176243,35.558615]]}},{"type":"Feature","properties":{"id":152650804,"highway":"tertiary"},"geometry":{"type":"LineString","coordinates":[[139.137374,35.586232],[139.137498,35.586187],[139.137662,35.586107],[139.137741,35.586054],[139.137786,35.58598],[139.137802,35.585935]]}},{"type":"Feature","properties":{"id":152650852,"highway":"unclassified"},"geometry":{"type":"LineString","coordinates":[[139.137225,35.600539],[139.137281,35.600492],[139.137321,35.600451],[139.137386,35.600358],[139.137523,35.60017],[139.13761,35.600048],[139.137691,35.599931],[139.13772,35.599892],[139.137737,35.599861],[139.137741,35.599822],[139.137726,35.599752],[139.137712,35.599679],[139.137716,35.599647],[139.137726,35.599615]]}},{"type":"Feature","properties":{"id":152650975,"highway":"service"},"geometry":{"type":"LineString","coordinates":[[139.200133,35.564884],[139.200056,35.564954],[139.20002,35.565137],[139.198789,35.565107],[139.198831,35.564751]]}},{"type":"Feature","properties":{"id":152650980,"highway":"unclassified"},"geometry":{"type":"LineString","coordinates":[[139.138506,35.59938],[139.138587,35.599366],[139.138648,35.599359],[139.138723,35.599356],[139.138835,35.599367],[139.138911,35.599382],[139.139051,35.599427],[139.139143,35.599454],[139.139208,35.599463],[139.139268,35.599455],[139.139313,35.599443],[139.139401,35.599412],[139.139497,35.599379],[139.139614,35.599328],[139.139674,35.599298],[139.139695,35.599279],[139.139704,35.599259],[139.139701,35.599227]]}},{"type":"Feature","properties":{"id":152650985,"highway":"unclassified"},"geometry":{"type":"LineString","coordinates":[[139.144866,35.58066],[139.144925,35.580732],[139.144952,35.580771],[139.144963,35.58081],[139.144964,35.580866],[139.144959,35.580905],[139.144935,35.580954],[139.144918,35.581],[139.144888,35.581175],[139.14488,35.581285],[139.144859,35.581364],[139.144829,35.581421],[139.144778,35.581503],[139.144749,35.581535],[139.144711,35.581567],[139.144607,35.581618],[139.144416,35.581705],[139.144307,35.581745],[139.144221,35.581764],[139.143848,35.581801],[139.143709,35.581802]]}},{"type":"Feature","properties":{"id":152650989,"highway":"residential"},"geometry":{"type":"LineString","coordinates":[[139.197079,35.599355],[139.197202,35.599574],[139.19725,35.599732],[139.197256,35.599887]]}},{"type":"Feature","properties":{"id":152651001,"highway":"unclassified"},"geometry":{"type":"LineString","coordinates":[[139.120988,35.544742],[139.120993,35.544805],[139.121001,35.544831],[139.121022,35.544857],[139.121057,35.544885],[139.121171,35.544919],[139.121325,35.544958],[139.121389,35.544987],[139.121431,35.545033],[139.121444,35.545072],[139.12145,35.545123],[139.121458,35.54516],[139.121477,35.545192],[139.121556,35.545241],[139.121642,35.54528],[139.122049,35.545472]]}},{"type":"Feature","properties":{"id":152651011,"highway":"unclassified"},"geometry":{"type":"LineString","coordinates":[[139.132909,35.592184],[139.132381,35.592106],[139.132014,35.592102],[139.131926,35.592068],[139.131901,35.592029],[139.131902,35.591989],[139.131928,35.591792],[139.13198,35.591305]]}},{"type":"Feature","properties":{"id":152651020,"highway":"unclassified"},"geometry":{"type":"LineString","coordinates":[[139.13046,35.541798],[139.130514,35.541799],[139.130701,35.541782],[139.130873,35.54177],[139.130988,35.541762],[139.131075,35.54175],[139.131223,35.541725],[139.131378,35.541695],[139.131603,35.541647],[139.131806,35.541634],[139.131895,35.541629],[139.131997,35.541628],[139.132159,35.541626],[139.132275,35.541629],[139.132397,35.541664]]}},{"type":"Feature","properties":{"id":152651039,"highway":"residential"},"geometry":{"type":"LineString","coordinates":[[139.126053,35.583221],[139.126152,35.583298],[139.12628,35.583421],[139.126308,35.583491],[139.126307,35.583524],[139.126294,35.583562],[139.126278,35.583595],[139.126246,35.58363],[139.126094,35.583787],[139.126017,35.58387],[139.125896,35.583976],[139.125843,35.584004]]}},{"type":"Feature","properties":{"id":152651046,"highway":"unclassified"},"geometry":{"type":"LineString","coordinates":[[139.126756,35.545589],[139.126643,35.545694],[139.12648,35.545796],[139.126293,35.545849],[139.126133,35.545926]]}},{"type":"Feature","properties":{"id":152651087,"highway":"unclassified"},"geometry":{"type":"LineString","coordinates":[[139.176243,35.558615],[139.176108,35.558648],[139.176071,35.558678],[139.176045,35.55871],[139.176018,35.558763],[139.175991,35.558804],[139.175954,35.558833],[139.175646,35.558898],[139.175344,35.558971],[139.1753,35.559036]]}},{"type":"Feature","properties":{"id":152651110,"highway":"tertiary"},"geometry":{"type":"LineString","coordinates":[[139.133005,35.591273],[139.133161,35.591278],[139.133683,35.591306],[139.134137,35.591332],[139.134221,35.591354],[139.134591,35.59142]]}},{"type":"Feature","properties":{"id":152651133,"highway":"service"},"geometry":{"type":"LineString","coordinates":[[139.1941,35.561483],[139.193441,35.560875],[139.1933,35.560696],[139.193194,35.560488]]}},{"type":"Feature","properties":{"id":152651167,"highway":"tertiary"},"geometry":{"type":"LineString","coordinates":[[139.13593,35.544884],[139.135853,35.544906],[139.135788,35.544943],[139.135725,35.545006],[139.135664,35.545106],[139.135639,35.545201],[139.135628,35.545297],[139.135629,35.545401],[139.135638,35.545564],[139.135637,35.545635],[139.135632,35.545699],[139.135615,35.545764],[139.135586,35.545828],[139.135528,35.545904],[139.135466,35.545952],[139.135368,35.546007],[139.135277,35.546057]]}},{"type":"Feature","properties":{"id":152651197,"highway":"residential"},"geometry":{"type":"LineString","coordinates":[[139.125955,35.544149],[139.125969,35.544105],[139.126022,35.543959],[139.126055,35.543906],[139.126111,35.543884],[139.126229,35.543874],[139.126274,35.543865],[139.126328,35.543839],[139.126393,35.543794],[139.126503,35.543713],[139.126621,35.543631],[139.126675,35.543608],[139.126728,35.543594]]}},{"type":"Feature","properties":{"id":152651206,"highway":"residential"},"geometry":{"type":"LineString","coordinates":[[139.182475,35.559962],[139.183278,35.559905],[139.183334,35.559927]]}},{"type":"Feature","properties":{"id":152651212,"highway":"residential"},"geometry":{"type":"LineString","coordinates":[[139.179805,35.559429],[139.179795,35.559457],[139.179819,35.559492],[139.179987,35.559705],[139.180127,35.559825],[139.180238,35.559935],[139.180379,35.560009],[139.180601,35.560115],[139.180836,35.560137],[139.181227,35.560153]]}},{"type":"Feature","properties":{"id":152651235,"highway":"residential"},"geometry":{"type":"LineString","coordinates":[[139.140906,35.544776],[139.140855,35.544852],[139.140841,35.544997],[139.140817,35.545101],[139.14082,35.545161],[139.140841,35.54534],[139.140879,35.545429],[139.14094,35.545485],[139.141042,35.545526],[139.14117,35.545537],[139.141262,35.545519],[139.141435,35.545485],[139.141576,35.545483]]}},{"type":"Feature","properties":{"id":152675377,"highway":"primary"},"geometry":{"type":"LineString","coordinates":[[139.127362,35.592965],[139.127294,35.593015],[139.127212,35.593068]]}},{"type":"Feature","properties":{"id":152675396,"highway":"secondary"},"geometry":{"type":"LineString","coordinates":[[139.149165,35.587414],[139.149044,35.587438],[139.14891,35.587492],[139.148804,35.587568],[139.14875,35.587633],[139.148724,35.587706],[139.148732,35.587783],[139.148754,35.587849],[139.148778,35.587909],[139.148855,35.588023],[139.148896,35.588095],[139.148908,35.588151],[139.148912,35.588219],[139.148895,35.588286],[139.148862,35.58836],[139.148799,35.58847],[139.148749,35.588534],[139.148565,35.588834],[139.148524,35.588933],[139.148496,35.589022],[139.148467,35.589211],[139.148445,35.589286],[139.148409,35.589351],[139.148363,35.589403],[139.148318,35.589438],[139.148257,35.589464],[139.1482,35.589483],[139.148132,35.589493],[139.148053,35.589495],[139.147974,35.58948],[139.147918,35.58946],[139.147865,35.589432],[139.147804,35.589387],[139.147757,35.589334],[139.147731,35.589277],[139.147722,35.589217],[139.147714,35.589065],[139.147732,35.588798],[139.147753,35.588686],[139.147836,35.588431],[139.14791,35.588177],[139.147922,35.588117],[139.147929,35.588057],[139.147927,35.587966],[139.147918,35.587888],[139.147903,35.587821],[139.147846,35.587665],[139.147787,35.587563],[139.147737,35.587498],[139.147693,35.587461],[139.147643,35.587427],[139.14729,35.587276],[139.146867,35.587106],[139.146794,35.587067],[139.146729,35.587025],[139.146678,35.586967],[139.146645,35.586918],[139.146622,35.586852],[139.146599,35.586777],[139.146571,35.586708],[139.146545,35.586654],[139.146494,35.586586],[139.146429,35.58652],[139.146203,35.58634],[139.145592,35.585856],[139.145185,35.585526],[139.14511,35.585461],[139.145064,35.585407],[139.145041,35.585352],[139.14502,35.585285],[139.145013,35.585218],[139.145023,35.585156],[139.145038,35.585102],[139.145073,35.585048],[139.145108,35.585005],[139.14518,35.584942],[139.145222,35.584914],[139.145373,35.584843],[139.145433,35.584804],[139.145474,35.584759],[139.145499,35.584719],[139.145518,35.584668],[139.145528,35.584622],[139.145531,35.584556],[139.145515,35.584485],[139.145492,35.584405],[139.145295,35.583838],[139.145272,35.583792],[139.145243,35.583748],[139.145218,35.583716],[139.14519,35.58369],[139.14512,35.583649],[139.145042,35.583618],[139.144977,35.583607],[139.144909,35.583613],[139.144856,35.583624],[139.144792,35.583643],[139.144694,35.583678],[139.144587,35.583712],[139.144533,35.583726],[139.144453,35.583737],[139.144344,35.583748],[139.144282,35.583752],[139.144183,35.583751],[139.144093,35.583742],[139.143971,35.58372],[139.143876,35.583701],[139.143766,35.583669],[139.143574,35.58361],[139.143479,35.583586],[139.143387,35.583571],[139.143304,35.583583],[139.143241,35.583598],[139.143175,35.583627],[139.143095,35.583656],[139.143003,35.583672],[139.142912,35.583676],[139.142832,35.583673],[139.142755,35.583661],[139.142263,35.583545],[139.142075,35.583496],[139.141954,35.583454],[139.141907,35.583433],[139.141873,35.583405],[139.141822,35.583338],[139.141756,35.583252],[139.141705,35.583201],[139.141621,35.583144],[139.141478,35.583081],[139.141409,35.583053],[139.141351,35.583053],[139.141282,35.583073],[139.141098,35.583148],[139.140858,35.583246],[139.140697,35.583329],[139.140662,35.583347],[139.140606,35.583376],[139.140404,35.583497],[139.140315,35.583558],[139.140269,35.583601],[139.140239,35.58365],[139.140224,35.583694],[139.140217,35.583738],[139.140221,35.583798],[139.140232,35.583857],[139.140243,35.583918],[139.140248,35.58399],[139.140239,35.584059],[139.140212,35.584134],[139.140163,35.584192],[139.140077,35.58426],[139.140028,35.584295],[139.139966,35.584323],[139.139778,35.584387],[139.1396,35.584441],[139.139505,35.584484],[139.139459,35.584528],[139.139428,35.584571],[139.139262,35.584913],[139.139237,35.584952],[139.139195,35.584996],[139.139133,35.585047],[139.139061,35.585089],[139.138957,35.585133],[139.138859,35.585173],[139.138799,35.58521],[139.138766,35.585247],[139.138715,35.585374],[139.138681,35.58545],[139.138626,35.585518],[139.13856,35.585575],[139.138462,35.585658],[139.138414,35.585707],[139.13839,35.585742],[139.138364,35.585787],[139.138289,35.585963],[139.138247,35.586007],[139.13819,35.586042],[139.138119,35.58606],[139.138052,35.586061],[139.137976,35.586047],[139.137914,35.586014],[139.137802,35.585935],[139.137757,35.585897],[139.137695,35.585846]]}},{"type":"Feature","properties":{"id":152675415,"highway":"secondary"},"geometry":{"type":"LineString","coordinates":[[139.131128,35.585061],[139.131134,35.585105],[139.131113,35.585154],[139.131075,35.585205],[139.131006,35.585264],[139.130879,35.585375],[139.130705,35.585509],[139.130652,35.585541],[139.130606,35.585561],[139.130545,35.585574],[139.130496,35.585569],[139.130448,35.585553],[139.130392,35.585519],[139.130346,35.585476],[139.130188,35.58533],[139.13012,35.585254],[139.13006,35.585183],[139.130025,35.585138],[139.12997,35.585078],[139.129922,35.585023],[139.129813,35.584923],[139.129756,35.584869],[139.12971,35.584808],[139.129682,35.584742],[139.129617,35.584571],[139.129593,35.584519],[139.129504,35.584385],[139.129466,35.584338],[139.129421,35.584295],[139.129391,35.584275],[139.129358,35.584262],[139.129312,35.584255],[139.129254,35.584251],[139.129161,35.584262],[139.128946,35.584328],[139.128841,35.584356],[139.128719,35.584384],[139.128642,35.58439],[139.128579,35.584385],[139.12845,35.584367],[139.12831,35.584339],[139.12821,35.584325],[139.128143,35.584334],[139.128088,35.584358],[139.128043,35.584394],[139.128002,35.584442],[139.12797,35.584494],[139.127896,35.584624],[139.127815,35.584787],[139.127769,35.58491],[139.12774,35.584995],[139.127721,35.585118],[139.127707,35.585183],[139.127692,35.58524],[139.127659,35.585304]]}},{"type":"Feature","properties":{"id":152675420,"highway":"secondary"},"geometry":{"type":"LineString","coordinates":[[139.131064,35.584826],[139.131128,35.585061]]}},{"type":"Feature","properties":{"id":152675426,"highway":"secondary"},"geometry":{"type":"LineString","coordinates":[[139.149651,35.587538],[139.149581,35.587494],[139.149521,35.587469],[139.149434,35.587443],[139.149349,35.587423],[139.149256,35.587414],[139.149165,35.587414]]}},{"type":"Feature","properties":{"id":152679556,"highway":"trunk"},"geometry":{"type":"LineString","coordinates":[[139.11351,35.539521],[139.113611,35.539607],[139.113672,35.539675],[139.113719,35.539746],[139.113758,35.539826],[139.113784,35.539912],[139.113844,35.540226],[139.113874,35.540331],[139.113912,35.54042],[139.113976,35.540544],[139.114061,35.540693],[139.114261,35.541006],[139.114338,35.541107],[139.114427,35.541198],[139.114534,35.541285],[139.114673,35.541374],[139.115142,35.541654],[139.115269,35.541719],[139.11536,35.541755],[139.115448,35.541771],[139.115538,35.541773],[139.115644,35.541758],[139.115754,35.541722],[139.116236,35.541552],[139.116361,35.541512],[139.11647,35.541488],[139.116569,35.541482],[139.116665,35.541502],[139.11674,35.541526],[139.116812,35.541569],[139.116865,35.541617],[139.116959,35.541715],[139.117027,35.541769],[139.117113,35.541825],[139.117209,35.541865],[139.117382,35.541909],[139.117963,35.542004],[139.118115,35.54203],[139.118234,35.542039],[139.118338,35.54203],[139.118417,35.542002],[139.118498,35.541956],[139.118574,35.541883],[139.118623,35.54182],[139.118719,35.541708],[139.118789,35.541646],[139.118851,35.541602],[139.118968,35.541538],[139.119075,35.541487],[139.119194,35.541424],[139.119292,35.541361],[139.119396,35.541275],[139.119495,35.54119],[139.119716,35.540978],[139.11982,35.540897],[139.119916,35.540838],[139.120005,35.540802],[139.120124,35.540772],[139.120249,35.540766],[139.120354,35.540774],[139.12046,35.540801],[139.120567,35.540834],[139.120771,35.540913],[139.120876,35.540951],[139.120974,35.540978],[139.121089,35.540989],[139.121196,35.540997],[139.121322,35.54099],[139.121437,35.540974],[139.121561,35.540938],[139.121683,35.540881],[139.121801,35.540814],[139.122009,35.540688],[139.122113,35.54064],[139.122225,35.540618],[139.12233,35.54061],[139.122433,35.540621],[139.122545,35.540651],[139.122693,35.540711],[139.122858,35.540801]]}},{"type":"Feature","properties":{"id":220085434,"highway":"unclassified"},"geometry":{"type":"LineString","coordinates":[[139.122193,35.594736],[139.122257,35.594819],[139.122317,35.594875],[139.122388,35.594925],[139.122452,35.594978],[139.122513,35.595043],[139.122561,35.59511],[139.122607,35.595181],[139.122649,35.595265],[139.122697,35.595311],[139.122766,35.595331],[139.122822,35.595338],[139.122878,35.595333],[139.122942,35.595319],[139.122982,35.595274],[139.123014,35.595238],[139.123127,35.595103],[139.123149,35.595056],[139.123189,35.594972],[139.123222,35.594848],[139.123241,35.594748]]}},{"type":"Feature","properties":{"id":233673483,"highway":"unclassified"},"geometry":{"type":"LineString","coordinates":[[139.119449,35.593784],[139.119427,35.59384],[139.11946,35.593937],[139.119462,35.594044],[139.119377,35.594246],[139.11934,35.594338],[139.119296,35.594645],[139.11933,35.594712],[139.119382,35.594764],[139.119491,35.594826],[139.11961,35.594855],[139.11978,35.5949],[139.119914,35.594988],[139.120008,35.595019],[139.120217,35.595054],[139.120291,35.595127],[139.120289,35.595286],[139.120271,35.595465],[139.120336,35.595572],[139.120486,35.595667],[139.120582,35.595684],[139.120724,35.595633],[139.120867,35.59555]]}},{"type":"Feature","properties":{"id":237967598,"highway":"trunk"},"geometry":{"type":"LineString","coordinates":[[139.171497,35.557126],[139.171884,35.557272],[139.17259,35.557557],[139.172749,35.557615],[139.173109,35.557757],[139.173389,35.557877]]}},{"type":"Feature","properties":{"id":250923858,"highway":"service"},"geometry":{"type":"LineString","coordinates":[[139.132845,35.543586],[139.132784,35.543601],[139.132596,35.543628],[139.132469,35.543712],[139.132305,35.543883],[139.132223,35.543899],[139.132168,35.543868],[139.132119,35.543699],[139.132067,35.54346],[139.132003,35.543127],[139.132011,35.542828],[139.132047,35.542728],[139.132451,35.542425],[139.132512,35.542395],[139.132583,35.542372],[139.132647,35.542351],[139.132701,35.542357],[139.132756,35.542367]]}},{"type":"Feature","properties":{"id":250924615,"highway":"tertiary"},"geometry":{"type":"LineString","coordinates":[[139.144065,35.548215],[139.144042,35.54826],[139.144016,35.54829],[139.143978,35.548309],[139.143939,35.548313],[139.143895,35.548301],[139.143752,35.548215],[139.143658,35.548162],[139.143514,35.548115],[139.143302,35.548064],[139.143161,35.548021],[139.142996,35.547967],[139.1428,35.547888],[139.142623,35.547812],[139.142453,35.547745],[139.142247,35.547678],[139.141936,35.547582],[139.141841,35.547557]]}},{"type":"Feature","properties":{"id":250925104,"highway":"tertiary"},"geometry":{"type":"LineString","coordinates":[[139.1343,35.549905],[139.134377,35.549866],[139.134412,35.54982],[139.134432,35.549772],[139.134433,35.549692],[139.134431,35.549415],[139.134437,35.549054],[139.134443,35.548824],[139.134427,35.548677],[139.134446,35.548627],[139.134486,35.548574],[139.134523,35.548535],[139.134708,35.548468],[139.134888,35.548428],[139.134968,35.548418]]}},{"type":"Feature","properties":{"id":250927802,"highway":"service"},"geometry":{"type":"LineString","coordinates":[[139.135645,35.548312],[139.13566,35.548118]]}},{"type":"Feature","properties":{"id":250927803,"highway":"service"},"geometry":{"type":"LineString","coordinates":[[139.135663,35.548461],[139.135691,35.548313],[139.13582,35.548315],[139.135833,35.548121],[139.135754,35.54812],[139.13566,35.548118],[139.135465,35.548114],[139.135462,35.548309],[139.135645,35.548312],[139.135691,35.548313]]}},{"type":"Feature","properties":{"id":250927807,"highway":"residential"},"geometry":{"type":"LineString","coordinates":[[139.136709,35.547659],[139.136128,35.548528]]}},{"type":"Feature","properties":{"id":250958738,"highway":"secondary"},"geometry":{"type":"LineString","coordinates":[[139.172123,35.59323],[139.171717,35.593591],[139.171616,35.593702],[139.171545,35.593813],[139.171524,35.593989],[139.171537,35.594098],[139.171581,35.594206],[139.171682,35.594383],[139.17171,35.594487],[139.171701,35.594622],[139.171624,35.594858],[139.17159,35.594994],[139.17157,35.595252],[139.171593,35.595635],[139.171635,35.595804],[139.171701,35.595953],[139.171778,35.59606],[139.171896,35.596191],[139.172008,35.596312],[139.172095,35.596433],[139.172152,35.596565],[139.172156,35.596694],[139.172127,35.596818],[139.172075,35.596939],[139.171955,35.597148],[139.171924,35.597268],[139.171951,35.597386],[139.172015,35.597506],[139.172132,35.597605],[139.17274,35.597945],[139.172844,35.598025],[139.17294,35.598114],[139.173011,35.598203],[139.173067,35.598307],[139.173108,35.59845],[139.17312,35.598612],[139.173104,35.599176],[139.173141,35.599343],[139.173204,35.599483],[139.17329,35.59962],[139.173524,35.59992],[139.173768,35.600235],[139.173921,35.60039],[139.174073,35.600497],[139.174252,35.600578],[139.17439,35.600619],[139.174542,35.600647],[139.174712,35.600659],[139.175027,35.600672],[139.175206,35.600689],[139.175422,35.600738],[139.175598,35.600808],[139.176143,35.6011],[139.176586,35.601333],[139.176728,35.601402],[139.176912,35.601444],[139.177061,35.601446],[139.177198,35.601424],[139.177331,35.601374],[139.177451,35.601279],[139.177571,35.601179],[139.177692,35.601111],[139.177874,35.601072],[139.178091,35.601068],[139.178907,35.601087],[139.179179,35.601092],[139.179376,35.601057],[139.17952,35.601002],[139.179706,35.600917],[139.180019,35.600786],[139.180194,35.600724],[139.180322,35.600703],[139.180429,35.60071],[139.180578,35.600741]]}},{"type":"Feature","properties":{"id":253570603,"highway":"service"},"geometry":{"type":"LineString","coordinates":[[139.112345,35.539073],[139.11235,35.539119],[139.112331,35.539185],[139.112347,35.539199],[139.112486,35.539209],[139.112557,35.539172],[139.11262,35.539134],[139.112657,35.539102],[139.112676,35.539078]]}},{"type":"Feature","properties":{"id":253570604,"highway":"primary"},"geometry":{"type":"LineString","coordinates":[[139.128376,35.544735],[139.128359,35.544924],[139.128336,35.545125],[139.128353,35.545215],[139.128378,35.545274],[139.128407,35.545328],[139.128448,35.545372],[139.128498,35.545409],[139.128591,35.545465],[139.128644,35.545513],[139.128702,35.54558],[139.128749,35.54565],[139.128862,35.54583],[139.128908,35.545905],[139.129072,35.545981],[139.129225,35.546046],[139.1296,35.546139],[139.129607,35.54614],[139.129861,35.5462],[139.130133,35.546283],[139.130311,35.546363],[139.130524,35.546488],[139.130674,35.546539],[139.13077,35.546552],[139.130849,35.546517],[139.130975,35.546411],[139.131102,35.546258],[139.131164,35.546211],[139.131372,35.546116],[139.131474,35.546104],[139.131561,35.546104],[139.131645,35.546115],[139.131729,35.546141],[139.131854,35.546207],[139.131956,35.546296],[139.132035,35.54641],[139.132205,35.546698],[139.132243,35.546782],[139.132276,35.546885],[139.132318,35.547003],[139.132339,35.547112],[139.132337,35.547213],[139.13231,35.547312],[139.132234,35.54758],[139.132162,35.547867],[139.132153,35.547936],[139.13218,35.548007],[139.132246,35.54808],[139.132357,35.54816],[139.132425,35.548192],[139.132502,35.548226],[139.132588,35.548252],[139.132668,35.548264],[139.132733,35.548268],[139.132804,35.548266],[139.132859,35.548244],[139.132909,35.548208],[139.132947,35.548169],[139.132978,35.548121],[139.133001,35.548071],[139.133017,35.548017],[139.133093,35.547744],[139.133157,35.547452],[139.133211,35.547326],[139.133252,35.54726],[139.133304,35.547175],[139.133351,35.547083],[139.133378,35.546981],[139.133404,35.546798],[139.13343,35.54674],[139.133471,35.546693],[139.133527,35.546642],[139.133579,35.546605],[139.133647,35.546585],[139.133771,35.54657],[139.133881,35.546536],[139.133975,35.546498],[139.13405,35.546445],[139.134102,35.546401],[139.134182,35.546317],[139.134236,35.546241],[139.134273,35.546212],[139.134322,35.546184],[139.134447,35.546151],[139.134562,35.546121],[139.134742,35.546095],[139.134858,35.546091],[139.134899,35.546106],[139.134928,35.546128],[139.134943,35.546159],[139.134951,35.546193],[139.134924,35.546222],[139.13486,35.54625],[139.134661,35.546299],[139.134558,35.546327],[139.134467,35.546362],[139.134382,35.546406],[139.134285,35.546486],[139.134124,35.546641],[139.133951,35.546825],[139.133859,35.546949],[139.133791,35.547061],[139.133737,35.547154],[139.133692,35.547255],[139.133655,35.547366],[139.133616,35.547506],[139.133601,35.547602],[139.133591,35.54775],[139.133593,35.547868],[139.133612,35.548003],[139.133627,35.548072],[139.133665,35.548171],[139.133703,35.54827],[139.133761,35.548375],[139.133834,35.548473],[139.13388,35.548526],[139.133941,35.548598],[139.133998,35.548668],[139.134061,35.548751],[139.134092,35.548816],[139.134128,35.548899],[139.134153,35.548996],[139.134179,35.549109],[139.134206,35.549262],[139.134282,35.549645],[139.134308,35.549815],[139.1343,35.549905],[139.134282,35.549968],[139.134247,35.55004],[139.1342,35.550092],[139.134133,35.55015],[139.134076,35.550181],[139.134002,35.550212],[139.133878,35.550229],[139.133736,35.550223],[139.133616,35.550194],[139.133573,35.550188],[139.133539,35.550191],[139.133513,35.550212],[139.133493,35.550237]]}},{"type":"Feature","properties":{"id":294203113,"highway":"trunk"},"geometry":{"type":"LineString","coordinates":[[139.183681,35.561057],[139.183852,35.561153],[139.184011,35.561266],[139.184149,35.56137],[139.184264,35.561472],[139.184576,35.561788],[139.184677,35.561874],[139.184857,35.561984],[139.185037,35.562059],[139.18541,35.56218]]}},{"type":"Feature","properties":{"id":303501510,"highway":"service"},"geometry":{"type":"LineString","coordinates":[[139.149949,35.581888],[139.150159,35.581775],[139.150319,35.581683]]}},{"type":"Feature","properties":{"id":303501513,"highway":"service"},"geometry":{"type":"LineString","coordinates":[[139.150159,35.581775],[139.150269,35.581886]]}},{"type":"Feature","properties":{"id":303501514,"highway":"service"},"geometry":{"type":"LineString","coordinates":[[139.149908,35.582453],[139.150102,35.582355],[139.150177,35.582259],[139.150279,35.582186],[139.150419,35.582068]]}},{"type":"Feature","properties":{"id":303501515,"highway":"service"},"geometry":{"type":"LineString","coordinates":[[139.150509,35.581762],[139.150637,35.581963],[139.150419,35.582068],[139.150348,35.581982],[139.150269,35.581886],[139.150509,35.581762]]}},{"type":"Feature","properties":{"id":303501516,"highway":"residential"},"geometry":{"type":"LineString","coordinates":[[139.150509,35.581762],[139.150446,35.581623],[139.150393,35.581553],[139.150315,35.581479],[139.150205,35.581404],[139.15008,35.581318]]}},{"type":"Feature","properties":{"id":303566350,"highway":"secondary"},"geometry":{"type":"LineString","coordinates":[[139.189926,35.598702],[139.190014,35.59869]]}},{"type":"Feature","properties":{"id":303566356,"highway":"secondary"},"geometry":{"type":"LineString","coordinates":[[139.190014,35.59869],[139.190098,35.598702],[139.190143,35.598738],[139.190238,35.598846],[139.190281,35.598891],[139.190392,35.598917],[139.190505,35.598923],[139.190685,35.598917],[139.190785,35.598924],[139.190999,35.598958],[139.191121,35.598965],[139.191212,35.59896],[139.191321,35.598941],[139.19141,35.598904],[139.191465,35.59887],[139.191527,35.598836],[139.191615,35.598801],[139.191712,35.598796],[139.191807,35.598817],[139.192017,35.598919],[139.192232,35.599023],[139.192325,35.599057],[139.192399,35.599059],[139.192471,35.599038],[139.192535,35.599007],[139.192588,35.598954],[139.192665,35.598841],[139.192712,35.598785],[139.192769,35.598745],[139.192827,35.598729],[139.192899,35.598746],[139.192981,35.598785],[139.193147,35.598917],[139.193367,35.599085],[139.1935,35.599168],[139.193622,35.599221],[139.193769,35.599262],[139.193913,35.599289],[139.194127,35.599326],[139.194296,35.599333],[139.19451,35.599319],[139.194649,35.599327],[139.194741,35.59934],[139.194798,35.599373],[139.194854,35.599407],[139.194939,35.59951],[139.195369,35.600042],[139.195438,35.600121],[139.195506,35.600187],[139.195589,35.600249],[139.195671,35.600311],[139.19582,35.600387],[139.196036,35.600475],[139.196257,35.600562],[139.19644,35.600648],[139.196552,35.60071],[139.196634,35.600773],[139.196701,35.600836],[139.196767,35.600912],[139.196805,35.600987],[139.196834,35.601059],[139.196892,35.601203],[139.196945,35.601306],[139.197008,35.601379],[139.197101,35.601423],[139.197203,35.601441],[139.197307,35.601439],[139.197399,35.601418],[139.197476,35.601397],[139.197941,35.601211],[139.198381,35.601017],[139.198469,35.600975],[139.198561,35.600909],[139.198629,35.600856],[139.198715,35.600813],[139.198865,35.60076],[139.198967,35.600737],[139.199222,35.600703],[139.199576,35.600639],[139.19972,35.600619],[139.199761,35.600618],[139.19979,35.600625],[139.199825,35.600655],[139.199845,35.600687],[139.199929,35.60091]]}},{"type":"Feature","properties":{"id":307519827,"highway":"primary"},"geometry":{"type":"LineString","coordinates":[[139.152093,35.597168],[139.152173,35.597345],[139.152199,35.597391],[139.152209,35.59742],[139.152355,35.597747],[139.152429,35.59793],[139.152492,35.5981],[139.152523,35.59821],[139.152527,35.598303],[139.152523,35.598361],[139.152499,35.598432],[139.152449,35.598492],[139.152363,35.598609],[139.15228,35.598711],[139.152246,35.598781],[139.152229,35.598878],[139.152229,35.599009],[139.152218,35.599179],[139.152217,35.599247],[139.152206,35.599316],[139.152165,35.599385],[139.152084,35.599498],[139.151983,35.599603],[139.151838,35.599744],[139.151754,35.599839],[139.15172,35.599914],[139.151704,35.599992],[139.151686,35.600083],[139.151691,35.600215],[139.151685,35.60029],[139.151657,35.600367],[139.151598,35.600436],[139.151512,35.60051],[139.151425,35.600572],[139.151304,35.600648],[139.151265,35.600694],[139.151234,35.600739],[139.151206,35.600797],[139.151192,35.600848],[139.151185,35.600899],[139.151186,35.600952],[139.151218,35.601032],[139.151287,35.601172],[139.151399,35.601353],[139.151423,35.601391],[139.151556,35.60158],[139.151643,35.601687],[139.151739,35.60179],[139.151955,35.602006],[139.152036,35.602102],[139.152233,35.602276],[139.152439,35.602474],[139.152501,35.602528],[139.152566,35.602601],[139.152711,35.602779],[139.152892,35.60304],[139.153174,35.60346],[139.153252,35.60357],[139.15333,35.603681],[139.153405,35.603765],[139.153491,35.603842],[139.153585,35.60391],[139.153675,35.603963],[139.153808,35.604032],[139.153964,35.604104],[139.154319,35.604278],[139.154536,35.60439],[139.15467,35.604475],[139.154757,35.604538],[139.154838,35.604605],[139.154896,35.604659],[139.154952,35.604713],[139.155034,35.604798],[139.155124,35.604906],[139.155292,35.605115],[139.155412,35.605266],[139.155535,35.605438],[139.155588,35.605525],[139.155631,35.605607],[139.155659,35.60568],[139.155687,35.605778],[139.155741,35.606057],[139.155763,35.606154],[139.155917,35.606873],[139.155948,35.607024],[139.155974,35.60715],[139.156006,35.607338],[139.156034,35.607476],[139.156043,35.607561],[139.156055,35.607661],[139.156049,35.607791]]}},{"type":"Feature","properties":{"id":307519829,"highway":"unclassified"},"geometry":{"type":"LineString","coordinates":[[139.150447,35.579699],[139.150307,35.579664],[139.150166,35.579606],[139.150123,35.579604],[139.150081,35.579608],[139.149974,35.579713],[139.149932,35.579776],[139.149932,35.579828],[139.149952,35.579867],[139.149987,35.579905],[139.150073,35.579978],[139.15033,35.580185],[139.150556,35.580341],[139.150625,35.580362]]}},{"type":"Feature","properties":{"id":307519830,"highway":"service"},"geometry":{"type":"LineString","coordinates":[[139.150447,35.579699],[139.150424,35.57985]]}},{"type":"Feature","properties":{"id":307519831,"highway":"unclassified"},"geometry":{"type":"LineString","coordinates":[[139.150678,35.579712],[139.150447,35.579699]]}},{"type":"Feature","properties":{"id":307698714,"highway":"primary"},"geometry":{"type":"LineString","coordinates":[[139.128407,35.543901],[139.128387,35.54395],[139.128352,35.54402],[139.128323,35.544097],[139.12832,35.544201],[139.128381,35.544559],[139.128376,35.544735]]}},{"type":"Feature","properties":{"id":355582304,"highway":"residential"},"geometry":{"type":"LineString","coordinates":[[139.12769,35.544562],[139.127789,35.544521]]}},{"type":"Feature","properties":{"id":355582305,"highway":"residential"},"geometry":{"type":"LineString","coordinates":[[139.127789,35.544521],[139.127818,35.544479],[139.127826,35.544409],[139.127809,35.544335],[139.127793,35.544221],[139.127787,35.544131],[139.12782,35.544013],[139.127895,35.543731],[139.127931,35.543702],[139.127967,35.543678],[139.128046,35.54367],[139.128124,35.543681],[139.128212,35.543692],[139.12831,35.543714],[139.128347,35.543756],[139.128407,35.543901]]}},{"type":"Feature","properties":{"id":376554283,"highway":"primary"},"geometry":{"type":"LineString","coordinates":[[139.133493,35.550237],[139.133321,35.550703]]}},{"type":"Feature","properties":{"id":376554284,"highway":"primary"},"geometry":{"type":"LineString","coordinates":[[139.133709,35.550943],[139.133746,35.550956],[139.133791,35.550958],[139.133876,35.550936],[139.134032,35.550887],[139.134083,35.550878],[139.134155,35.550881],[139.134442,35.5509],[139.134484,35.550902],[139.134546,35.550896],[139.134606,35.550874],[139.134649,35.550854],[139.134821,35.550746],[139.134866,35.550725],[139.13491,35.550709],[139.134993,35.550691],[139.135254,35.550669],[139.135351,35.550661],[139.135409,35.550645],[139.135446,35.550621],[139.135475,35.550575],[139.135521,35.550448],[139.135544,35.550405],[139.135617,35.550319],[139.13568,35.55026],[139.135727,35.550227],[139.135759,35.55021],[139.1358,35.550202],[139.135843,35.550198],[139.135885,35.550202],[139.135939,35.550215],[139.136037,35.550246],[139.136398,35.55038],[139.136506,35.550444],[139.136553,35.550482],[139.136587,35.550519],[139.136626,35.550564],[139.136664,35.550623],[139.136744,35.550744],[139.13686,35.550868],[139.136955,35.550938],[139.137075,35.551006],[139.137416,35.551197],[139.137534,35.551268],[139.137595,35.551288],[139.137771,35.551313],[139.138028,35.551346],[139.138131,35.551359],[139.138222,35.551377],[139.138296,35.551397],[139.138355,35.55142],[139.138407,35.551464],[139.138439,35.551519],[139.138473,35.551633],[139.138516,35.551749],[139.138554,35.551816],[139.138596,35.551861],[139.138638,35.551909],[139.138909,35.552148],[139.139087,35.552316],[139.13919,35.55241],[139.139353,35.552577],[139.139443,35.552652],[139.13953,35.552706],[139.139639,35.552754],[139.139759,35.552799],[139.13999,35.552855],[139.140105,35.552882],[139.140212,35.552915],[139.140282,35.552938],[139.140352,35.552982],[139.140391,35.553021],[139.14042,35.553075],[139.140441,35.55315],[139.140434,35.553209],[139.140408,35.553268],[139.14038,35.553326],[139.140322,35.553404],[139.140275,35.553446],[139.140251,35.553459],[139.140195,35.55347],[139.140104,35.553479],[139.14003,35.553492],[139.139977,35.553515],[139.139945,35.553543],[139.139906,35.5536],[139.139866,35.553662],[139.139797,35.55372],[139.139515,35.553945],[139.139424,35.554017],[139.139349,35.554084],[139.139317,35.554125],[139.139294,35.554166],[139.139264,35.554226],[139.139245,35.55429],[139.139211,35.554362],[139.139146,35.554421],[139.139028,35.554511],[139.138832,35.554646],[139.138789,35.554669],[139.138722,35.554684],[139.138616,35.554689],[139.138512,35.554696],[139.138421,35.554722],[139.138365,35.554753],[139.13829,35.554795],[139.138168,35.55487],[139.138109,35.554917],[139.138057,35.554965],[139.138017,35.555007],[139.137962,35.555089],[139.137841,35.555277],[139.137782,35.555368],[139.137772,35.555389]]}},{"type":"Feature","properties":{"id":377152911,"highway":"trunk"},"geometry":{"type":"LineString","coordinates":[[139.189065,35.563677],[139.189462,35.56384]]}},{"type":"Feature","properties":{"id":377152912,"highway":"trunk"},"geometry":{"type":"LineString","coordinates":[[139.189462,35.56384],[139.189886,35.564029],[139.190222,35.564148],[139.190585,35.564248],[139.190943,35.564314],[139.191327,35.564351],[139.191937,35.564368]]}},{"type":"Feature","properties":{"id":377154313,"highway":"trunk"},"geometry":{"type":"LineString","coordinates":[[139.137786,35.542067],[139.137835,35.54213],[139.137856,35.542189]]}},{"type":"Feature","properties":{"id":377154314,"highway":"unclassified"},"geometry":{"type":"LineString","coordinates":[[139.139114,35.544433],[139.139102,35.544531],[139.139119,35.544622],[139.139255,35.544709],[139.139469,35.544812],[139.139547,35.544835],[139.139626,35.544833],[139.139708,35.544814],[139.139793,35.544753],[139.140021,35.544635],[139.140075,35.544582]]}},{"type":"Feature","properties":{"id":377155051,"highway":"secondary"},"geometry":{"type":"LineString","coordinates":[[139.187294,35.576794],[139.18734,35.576785],[139.18737,35.576777],[139.187457,35.57672],[139.187603,35.57658],[139.187974,35.576218],[139.188061,35.57614],[139.188154,35.576058],[139.188483,35.575846],[139.188607,35.575753],[139.188653,35.575709],[139.188724,35.575621],[139.188859,35.575461],[139.188917,35.575398],[139.188968,35.575358],[139.189022,35.57533],[139.189093,35.575298],[139.189182,35.575276],[139.189312,35.575262],[139.18949,35.575252],[139.189672,35.575229],[139.189841,35.57519],[139.189973,35.575156],[139.190074,35.575115],[139.190166,35.575058],[139.19031,35.574952],[139.190527,35.574722],[139.190854,35.574405],[139.190961,35.574284],[139.191045,35.574226],[139.19111,35.574191],[139.191185,35.574167],[139.191268,35.574167],[139.191368,35.574192],[139.191435,35.574225],[139.191562,35.574301],[139.191671,35.574344],[139.191789,35.574363],[139.1919,35.574364],[139.191985,35.574355],[139.192045,35.574343],[139.192215,35.574271],[139.192357,35.574216],[139.19245,35.574189],[139.192518,35.574178],[139.192591,35.574189],[139.192655,35.574219],[139.192688,35.574268],[139.192703,35.574324],[139.192686,35.574384],[139.192615,35.57448],[139.192557,35.574577],[139.192532,35.57465],[139.192525,35.574729],[139.192546,35.574791],[139.192565,35.574839],[139.192625,35.574882],[139.192704,35.574926],[139.192787,35.574957],[139.192862,35.57498],[139.192955,35.574981],[139.193079,35.574952],[139.193395,35.57485],[139.193475,35.574822],[139.193542,35.574782],[139.193602,35.574733],[139.19365,35.574671],[139.193698,35.574609],[139.193748,35.574519],[139.193835,35.574299],[139.193949,35.573955],[139.194026,35.573733],[139.194052,35.573685],[139.194081,35.573654],[139.194122,35.573627],[139.194171,35.573613],[139.194228,35.573622],[139.194281,35.573639],[139.19433,35.573688],[139.194367,35.573731],[139.194383,35.573795],[139.194383,35.573832],[139.194379,35.573926],[139.194379,35.573997],[139.194396,35.574057],[139.194432,35.574105],[139.194481,35.57414],[139.194548,35.574161],[139.1946,35.574163],[139.194682,35.574144],[139.194754,35.574103],[139.194819,35.574043],[139.194934,35.573943],[139.195193,35.57376],[139.195356,35.573654],[139.195479,35.573565],[139.195558,35.573493],[139.195607,35.573422],[139.195651,35.573355],[139.195672,35.573307],[139.195694,35.573221],[139.195695,35.573156],[139.195684,35.573088],[139.195651,35.572976],[139.195573,35.572807],[139.195562,35.572759],[139.195558,35.572704],[139.195564,35.572664],[139.19559,35.572624],[139.195618,35.572603],[139.195652,35.572591],[139.195714,35.572574],[139.195803,35.572578],[139.195881,35.572599],[139.195988,35.572624],[139.196188,35.572651],[139.196316,35.572655],[139.196422,35.572648],[139.196497,35.572631],[139.196575,35.572608],[139.196772,35.572537],[139.197,35.572438],[139.197154,35.572391],[139.19736,35.572349],[139.197554,35.57232],[139.197645,35.572302],[139.19773,35.57228],[139.197826,35.572234],[139.19791,35.572162],[139.197975,35.572091],[139.198061,35.571984],[139.198127,35.571886],[139.198246,35.571724],[139.198281,35.571684],[139.198326,35.571642],[139.198375,35.571612],[139.198435,35.571576],[139.198524,35.571548],[139.19861,35.571528],[139.198695,35.571525],[139.198785,35.571533],[139.198846,35.571552],[139.198914,35.571581],[139.198965,35.571611],[139.199005,35.571652],[139.199032,35.571713],[139.199061,35.571782],[139.199086,35.571836],[139.199122,35.571878],[139.199173,35.571912],[139.199236,35.571928],[139.199296,35.571898],[139.19932,35.571848],[139.199334,35.571787],[139.199316,35.571699],[139.199289,35.571561],[139.199273,35.571461],[139.199283,35.571396],[139.199297,35.57136],[139.199343,35.571305],[139.199403,35.571258],[139.199547,35.571156],[139.199584,35.571121],[139.19964,35.571063],[139.19969,35.571003],[139.199726,35.570959],[139.199785,35.570906],[139.199859,35.570864],[139.199915,35.570835],[139.200021,35.570804],[139.200408,35.570687],[139.200487,35.570669],[139.200545,35.570651],[139.200633,35.570611],[139.200746,35.570556],[139.200794,35.570525],[139.200856,35.570487],[139.200914,35.570433],[139.201119,35.570234],[139.201179,35.570166],[139.201246,35.570118],[139.20132,35.570084],[139.201434,35.570059],[139.201664,35.570031],[139.201779,35.570025],[139.201873,35.570009],[139.201969,35.569984],[139.202078,35.569933],[139.20219,35.569873],[139.202671,35.569653],[139.202835,35.569563],[139.202999,35.569472],[139.203504,35.569133],[139.204198,35.568681],[139.204281,35.568632]]}},{"type":"Feature","properties":{"id":377803374,"highway":"primary"},"geometry":{"type":"LineString","coordinates":[[139.125613,35.584615],[139.125565,35.584694],[139.125548,35.584753],[139.125542,35.584799],[139.125552,35.584836],[139.125581,35.584875],[139.125618,35.584904],[139.125677,35.584917],[139.125727,35.584904],[139.125783,35.584874],[139.125835,35.584823],[139.125874,35.584792],[139.125941,35.584755],[139.125979,35.584738],[139.126027,35.584729],[139.126074,35.584734],[139.126134,35.584765],[139.126226,35.584845],[139.126271,35.584892],[139.126316,35.584929],[139.126386,35.584962],[139.126487,35.584995],[139.12664,35.585049],[139.126761,35.585093],[139.126869,35.58512],[139.127037,35.585131],[139.12714,35.585135],[139.127232,35.585145],[139.127318,35.585172],[139.127536,35.58526],[139.127598,35.585281],[139.127659,35.585304]]}},{"type":"Feature","properties":{"id":377803375,"highway":"primary"},"geometry":{"type":"LineString","coordinates":[[139.127659,35.585304],[139.127716,35.585325],[139.128466,35.585626],[139.129241,35.585956],[139.12944,35.586035],[139.129603,35.586064],[139.129763,35.586068],[139.129988,35.586036],[139.130171,35.586015],[139.130284,35.586022],[139.130348,35.586029],[139.130464,35.586062],[139.130543,35.586092],[139.130779,35.586188],[139.130865,35.586215],[139.130985,35.586227],[139.131225,35.586232],[139.131362,35.586238],[139.13144,35.586247],[139.131518,35.586262],[139.131688,35.586334],[139.131798,35.586411],[139.131914,35.586494],[139.132078,35.586659],[139.132182,35.586793],[139.132323,35.587018],[139.132437,35.587173],[139.132538,35.587271],[139.132653,35.587372],[139.132811,35.587512],[139.132949,35.587631],[139.133011,35.587663],[139.133053,35.587694],[139.13308,35.587721],[139.133094,35.587751],[139.13311,35.58785],[139.133123,35.587929],[139.133196,35.588044],[139.133229,35.588103],[139.133242,35.588155],[139.133236,35.588201],[139.13319,35.588253],[139.133136,35.588283],[139.133063,35.588317],[139.13294,35.588364],[139.132803,35.588417],[139.132663,35.588465],[139.13251,35.588512],[139.13221,35.588601],[139.131727,35.588747],[139.13159,35.58879],[139.131395,35.588867],[139.131234,35.588935],[139.13108,35.588997],[139.131011,35.589029],[139.130901,35.589087],[139.130732,35.589185],[139.130386,35.58938],[139.130062,35.589574],[139.129942,35.589653],[139.12988,35.589691],[139.129818,35.58971],[139.129723,35.589717],[139.129647,35.589727],[139.129575,35.589745],[139.129483,35.589774],[139.129404,35.589813],[139.129331,35.589872],[139.129276,35.589931],[139.129242,35.589976],[139.129215,35.590019],[139.129182,35.590097],[139.129141,35.590209],[139.129118,35.590311],[139.129095,35.590411],[139.129085,35.59047],[139.12906,35.590528],[139.129018,35.590586],[139.128981,35.590611],[139.128919,35.59062],[139.128777,35.590628],[139.128654,35.590632],[139.128582,35.590613],[139.128485,35.590579],[139.128424,35.590566],[139.128393,35.590581],[139.128372,35.590616],[139.128363,35.590652],[139.128361,35.590751],[139.12837,35.590805],[139.128386,35.590855],[139.128412,35.590923],[139.128445,35.590979],[139.128493,35.591045],[139.128541,35.591112],[139.128903,35.591571],[139.128984,35.591645],[139.129153,35.591869],[139.12933,35.592097],[139.129417,35.592195],[139.129509,35.592281],[139.129593,35.59236],[139.129663,35.592433],[139.129682,35.592469],[139.129687,35.592511],[139.12968,35.592534],[139.129663,35.592553],[139.129639,35.592566],[139.129606,35.592578],[139.129552,35.592586],[139.129485,35.59259],[139.12941,35.592595],[139.129326,35.592611],[139.129263,35.592629],[139.129191,35.592664],[139.129156,35.592685],[139.129113,35.592719],[139.129073,35.592749],[139.129031,35.592763],[139.128967,35.592765],[139.128865,35.59279],[139.128817,35.59281],[139.128769,35.592841],[139.128682,35.592903],[139.128577,35.592939],[139.128524,35.592946],[139.12848,35.59295],[139.128313,35.592952],[139.128182,35.592954],[139.127972,35.592959],[139.127828,35.592961],[139.127586,35.592942],[139.12744,35.59294],[139.127397,35.592945],[139.127362,35.592965]]}},{"type":"Feature","properties":{"id":377803391,"highway":"primary"},"geometry":{"type":"LineString","coordinates":[[139.149932,35.590786],[139.149928,35.590885],[139.149938,35.591001],[139.149932,35.59134],[139.149942,35.591415],[139.149964,35.591485],[139.15,35.591631],[139.150006,35.591704],[139.150002,35.59178],[139.149985,35.59189],[139.149946,35.592034],[139.149883,35.592283],[139.149802,35.592638],[139.149713,35.593131],[139.149624,35.593612],[139.149602,35.593668],[139.149577,35.593725],[139.149527,35.593805],[139.149436,35.593885],[139.149369,35.593922],[139.149228,35.593969],[139.149003,35.594038],[139.14889,35.594084],[139.148813,35.594149],[139.148776,35.594232],[139.148764,35.594335],[139.148786,35.594453],[139.148804,35.59455],[139.148849,35.594646],[139.148911,35.594701],[139.149021,35.594766],[139.149123,35.59481],[139.149226,35.594846],[139.149302,35.59487],[139.14939,35.59488],[139.149582,35.594868],[139.149756,35.594852],[139.149899,35.594857],[139.150041,35.594866],[139.150151,35.594881],[139.150255,35.594901],[139.150431,35.594953],[139.150751,35.595071],[139.150871,35.59513],[139.150997,35.595212],[139.151094,35.595292],[139.151157,35.59537],[139.151203,35.595441],[139.151254,35.595525],[139.151303,35.595614],[139.151402,35.595806],[139.151595,35.59617],[139.151724,35.596433]]}},{"type":"Feature","properties":{"id":377803392,"highway":"primary"},"geometry":{"type":"LineString","coordinates":[[139.146276,35.566819],[139.146252,35.566868],[139.146257,35.566943],[139.146283,35.567018],[139.146333,35.567096],[139.146395,35.567164],[139.146467,35.567221],[139.14654,35.567269],[139.146625,35.567291],[139.146769,35.567316],[139.14688,35.567326],[139.146954,35.567348],[139.147025,35.567378],[139.147088,35.567428],[139.147175,35.567531],[139.147277,35.56765],[139.147339,35.567713],[139.147411,35.56776],[139.147549,35.567831],[139.147622,35.567894],[139.147661,35.567958],[139.147687,35.568021],[139.147718,35.56811],[139.14772,35.5682],[139.14771,35.568273],[139.147678,35.568331],[139.147631,35.568363],[139.147553,35.568386],[139.147471,35.568389],[139.147383,35.568379],[139.147222,35.568356],[139.147129,35.568364],[139.147062,35.568398],[139.147008,35.568452],[139.146985,35.568516],[139.146999,35.568584],[139.147023,35.568645],[139.14706,35.568686],[139.147129,35.568717],[139.147228,35.568756],[139.147312,35.568796],[139.14739,35.568846],[139.147539,35.568977],[139.147673,35.56908],[139.147773,35.569148],[139.147878,35.569196],[139.147986,35.569241],[139.148091,35.569264],[139.148208,35.56928],[139.148416,35.569306],[139.148608,35.569336],[139.148722,35.569387],[139.148786,35.569452],[139.148829,35.569515],[139.14886,35.569587],[139.148906,35.569696],[139.148983,35.569795],[139.149063,35.569866],[139.149182,35.56996],[139.149233,35.570027],[139.149251,35.570097],[139.14926,35.570184],[139.149241,35.570271],[139.149196,35.570364],[139.149145,35.570435],[139.149049,35.570519],[139.148944,35.570622],[139.148892,35.570696],[139.148862,35.570765],[139.148871,35.57083],[139.148898,35.57089],[139.148965,35.57095],[139.149065,35.571004],[139.149279,35.57108],[139.149497,35.57116],[139.149584,35.571205],[139.149661,35.571245],[139.149727,35.571295],[139.149766,35.571348],[139.149826,35.571452],[139.149945,35.571756],[139.150046,35.572015],[139.150086,35.572162],[139.150093,35.57227],[139.150092,35.57234],[139.150077,35.572423],[139.150038,35.572511],[139.15002,35.572584],[139.150019,35.572662],[139.150039,35.57272],[139.150063,35.572785],[139.150169,35.57297],[139.150173,35.573049],[139.150136,35.573113],[139.150086,35.573155],[139.149991,35.573204],[139.149832,35.573274],[139.149741,35.573319],[139.149653,35.573372],[139.14959,35.573427],[139.149546,35.573478],[139.149384,35.573701],[139.14932,35.573806],[139.149285,35.573895],[139.149276,35.574042],[139.149255,35.574146],[139.149199,35.574266],[139.149141,35.574339],[139.149078,35.574384],[139.149,35.574407],[139.148899,35.57442],[139.148719,35.57443],[139.148437,35.574454],[139.148339,35.574475],[139.14831,35.574499],[139.1483,35.574525],[139.148305,35.57456],[139.148325,35.57459],[139.148375,35.574622],[139.148455,35.57465],[139.148563,35.574671],[139.148711,35.574689],[139.148804,35.574735],[139.148861,35.574797],[139.148925,35.574886],[139.149028,35.575088],[139.149101,35.575225],[139.149192,35.575353],[139.149355,35.575593],[139.149485,35.575796],[139.149648,35.576066],[139.149737,35.576197],[139.149838,35.576329],[139.149909,35.576457],[139.150025,35.576717],[139.150155,35.577032],[139.150273,35.577336],[139.150417,35.57775],[139.150446,35.577844],[139.150458,35.577938],[139.150477,35.578053],[139.150552,35.578299],[139.150593,35.578475],[139.15063,35.578628],[139.150667,35.578745],[139.150699,35.578832],[139.150708,35.578929],[139.150698,35.579009],[139.150678,35.579114],[139.150676,35.579253],[139.150679,35.579392],[139.150685,35.579533],[139.150678,35.579712]]}},{"type":"Feature","properties":{"id":377803408,"highway":"trunk"},"geometry":{"type":"LineString","coordinates":[[139.123487,35.542105],[139.123393,35.54219]]}},{"type":"Feature","properties":{"id":401034592,"highway":"primary"},"geometry":{"type":"LineString","coordinates":[[139.096758,35.518071],[139.096812,35.518103],[139.09683,35.518114],[139.096909,35.51814],[139.097045,35.518165],[139.097203,35.518197],[139.097372,35.518254],[139.097454,35.518288],[139.0975,35.518317],[139.097537,35.518349],[139.0976,35.518454],[139.09778,35.518755],[139.097986,35.51902],[139.098036,35.51913],[139.098175,35.519293],[139.098271,35.519388],[139.098371,35.519475],[139.098405,35.519529],[139.098439,35.51959],[139.09853,35.519792],[139.098604,35.519875],[139.098707,35.51997],[139.098782,35.52006],[139.098976,35.520255],[139.099088,35.520387],[139.099152,35.52048],[139.099356,35.520781],[139.09941,35.520862],[139.099458,35.520943],[139.099497,35.521029],[139.099505,35.521128],[139.099522,35.521223],[139.099572,35.521281],[139.099631,35.521332],[139.099768,35.521452],[139.100013,35.521696],[139.100156,35.521852],[139.100207,35.521919]]}},{"type":"Feature","properties":{"id":401034593,"highway":"primary"},"geometry":{"type":"LineString","coordinates":[[139.100207,35.521919],[139.100459,35.522275],[139.100645,35.522469]]}},{"type":"Feature","properties":{"id":413672822,"highway":"residential"},"geometry":{"type":"LineString","coordinates":[[139.173188,35.584787],[139.173212,35.584625],[139.173259,35.58458],[139.17337,35.584533],[139.173507,35.584509],[139.173612,35.58451],[139.17371,35.584532],[139.17379,35.584526],[139.173895,35.584509],[139.174035,35.584471],[139.174129,35.584455],[139.174216,35.58445],[139.17434,35.584428],[139.174483,35.584377],[139.174646,35.584306],[139.174732,35.584278],[139.174819,35.584268],[139.174881,35.584271],[139.174985,35.584301]]}},{"type":"Feature","properties":{"id":443334592,"highway":"service"},"geometry":{"type":"LineString","coordinates":[[139.19529,35.563192],[139.195308,35.562816],[139.195341,35.562697]]}},{"type":"Feature","properties":{"id":448888744,"highway":"service"},"geometry":{"type":"LineString","coordinates":[[139.150507,35.594803],[139.150562,35.594709],[139.150565,35.594656]]}},{"type":"Feature","properties":{"id":448888757,"highway":"service"},"geometry":{"type":"LineString","coordinates":[[139.151634,35.59515],[139.151686,35.594941],[139.151678,35.594762]]}},{"type":"Feature","properties":{"id":448888758,"highway":"service"},"geometry":{"type":"LineString","coordinates":[[139.150272,35.594744],[139.150507,35.594803],[139.150962,35.595089],[139.151226,35.595157],[139.151368,35.59516],[139.151634,35.59515],[139.151838,35.595136]]}},{"type":"Feature","properties":{"id":448888759,"highway":"service"},"geometry":{"type":"LineString","coordinates":[[139.153109,35.594573],[139.152449,35.594477],[139.152116,35.59451],[139.152055,35.594541],[139.151934,35.594724],[139.151813,35.594951],[139.151838,35.595136],[139.151845,35.595184]]}},{"type":"Feature","properties":{"id":451701725,"highway":"service"},"geometry":{"type":"LineString","coordinates":[[139.151845,35.595184],[139.151935,35.595213],[139.152021,35.595306],[139.151997,35.595375],[139.152245,35.595726],[139.152374,35.595864]]}},{"type":"Feature","properties":{"id":451701726,"highway":"service"},"geometry":{"type":"LineString","coordinates":[[139.152021,35.595306],[139.152115,35.59527],[139.152148,35.595228],[139.152151,35.595205]]}},{"type":"Feature","properties":{"id":503718731,"highway":"secondary"},"geometry":{"type":"LineString","coordinates":[[139.180986,35.577583],[139.181112,35.577498],[139.181231,35.577426],[139.181334,35.577376],[139.181422,35.577352],[139.181497,35.577352],[139.18158,35.577354],[139.181681,35.577336],[139.181809,35.577287],[139.181883,35.577243],[139.181983,35.577142],[139.182048,35.577084],[139.182112,35.577044],[139.182206,35.577022],[139.182308,35.577011],[139.182402,35.577018],[139.182472,35.577065],[139.182513,35.577115],[139.182597,35.5772],[139.182671,35.577245],[139.182745,35.577277],[139.182838,35.577286],[139.182927,35.577275],[139.18303,35.577244],[139.183103,35.577235],[139.183174,35.577239],[139.183269,35.577251],[139.183364,35.577242],[139.183436,35.577229],[139.183544,35.577192],[139.183644,35.577183],[139.183727,35.577196],[139.183806,35.577246],[139.18387,35.577291],[139.183937,35.577307],[139.184027,35.577295]]}},{"type":"Feature","properties":{"id":503718732,"highway":"secondary"},"geometry":{"type":"LineString","coordinates":[[139.1753,35.584212],[139.175426,35.584203],[139.175538,35.584182],[139.175633,35.584142],[139.175746,35.58407],[139.175884,35.583964],[139.176076,35.583802],[139.176236,35.583631],[139.176392,35.583429],[139.176524,35.58322],[139.176646,35.582909],[139.176764,35.58266],[139.17686,35.58248],[139.177048,35.582047],[139.177211,35.58167],[139.177263,35.581574],[139.177335,35.58149],[139.177429,35.581426],[139.177559,35.581375],[139.177701,35.58135],[139.177831,35.581323],[139.177952,35.581288],[139.178042,35.581235],[139.178127,35.581163],[139.178182,35.581082],[139.1783,35.580851],[139.178412,35.580661],[139.178479,35.580574],[139.178563,35.580491],[139.17866,35.580392],[139.178717,35.580312],[139.178736,35.580248],[139.178723,35.58016],[139.178708,35.580067],[139.178721,35.580038],[139.17877,35.580003],[139.178832,35.579991],[139.178865,35.579997],[139.178888,35.580035],[139.17889,35.58014],[139.178896,35.580209],[139.178915,35.580236],[139.178978,35.58027],[139.179042,35.580288],[139.179126,35.580301],[139.179191,35.580285],[139.17927,35.580245],[139.179352,35.580199],[139.179444,35.580156],[139.179558,35.580098],[139.179726,35.580013],[139.179854,35.579957],[139.180006,35.579906],[139.180165,35.579868],[139.180254,35.579848],[139.180318,35.579823],[139.180386,35.579772],[139.180417,35.579732],[139.180549,35.579561],[139.180596,35.579508],[139.180653,35.579457],[139.180733,35.579397],[139.180929,35.579307],[139.181031,35.579257],[139.181118,35.579178],[139.181197,35.579082],[139.18123,35.57902],[139.181317,35.578834],[139.181342,35.57869],[139.181407,35.578449],[139.181415,35.578317],[139.181446,35.578251],[139.181494,35.578204],[139.181547,35.578187],[139.181626,35.578165],[139.181727,35.578153],[139.181796,35.578135],[139.181854,35.578107],[139.18188,35.578055],[139.181871,35.578018],[139.181836,35.577983],[139.181787,35.577961],[139.181725,35.577958],[139.181563,35.577988],[139.181449,35.577994],[139.181384,35.577987],[139.181277,35.57796],[139.181082,35.57785],[139.181016,35.577797],[139.180967,35.577742],[139.180938,35.577695],[139.180935,35.57765],[139.180958,35.577609],[139.180986,35.577583]]}},{"type":"Feature","properties":{"id":527284364,"highway":"residential"},"geometry":{"type":"LineString","coordinates":[[139.196379,35.562997],[139.196442,35.562428]]}},{"type":"Feature","properties":{"id":527284366,"highway":"service"},"geometry":{"type":"LineString","coordinates":[[139.186202,35.563144],[139.186513,35.5631],[139.187126,35.563113]]}},{"type":"Feature","properties":{"id":527284368,"highway":"unclassified"},"geometry":{"type":"LineString","coordinates":[[139.126879,35.539607],[139.126928,35.539573],[139.126977,35.539544],[139.127056,35.539483],[139.127064,35.539477],[139.127119,35.539429],[139.127154,35.539376],[139.127178,35.539323],[139.127199,35.539267],[139.127214,35.539195],[139.127236,35.53908],[139.127233,35.538967],[139.12722,35.538881],[139.127224,35.538794],[139.127238,35.538709],[139.127251,35.538663],[139.12728,35.538617],[139.127314,35.538596],[139.127377,35.538574],[139.127454,35.538581],[139.127638,35.538681],[139.127768,35.538775],[139.127879,35.538867],[139.128096,35.539113],[139.128364,35.539427],[139.128402,35.539483],[139.128457,35.539531],[139.128538,35.539549],[139.128612,35.539542],[139.128654,35.539515],[139.128681,35.539488],[139.128705,35.539447],[139.128712,35.5394],[139.128699,35.539369],[139.128672,35.539323],[139.128592,35.53924],[139.128509,35.539153],[139.128414,35.539065],[139.128319,35.538973],[139.128234,35.53887],[139.128159,35.538764],[139.128072,35.538638],[139.12786,35.53837],[139.127809,35.538273],[139.127787,35.538226],[139.127772,35.538175],[139.127762,35.538097],[139.127749,35.537971]]}},{"type":"Feature","properties":{"id":527284370,"highway":"residential"},"geometry":{"type":"LineString","coordinates":[[139.126805,35.538623],[139.126826,35.538649],[139.126756,35.538792],[139.12675,35.538844],[139.12684,35.538896],[139.126959,35.538951],[139.127075,35.538975],[139.127233,35.538967]]}},{"type":"Feature","properties":{"id":527284371,"highway":"service"},"geometry":{"type":"LineString","coordinates":[[139.127181,35.540533],[139.127594,35.540534],[139.127805,35.540458],[139.127484,35.54011]]}},{"type":"Feature","properties":{"id":527284373,"highway":"service"},"geometry":{"type":"LineString","coordinates":[[139.127181,35.540533],[139.127238,35.54068],[139.127268,35.540773],[139.127584,35.540911],[139.127796,35.540986]]}},{"type":"Feature","properties":{"id":527284374,"highway":"service"},"geometry":{"type":"LineString","coordinates":[[139.127653,35.541597],[139.127714,35.541265],[139.127796,35.540986]]}},{"type":"Feature","properties":{"id":527284375,"highway":"residential"},"geometry":{"type":"LineString","coordinates":[[139.126327,35.54091],[139.126293,35.540836],[139.126272,35.5407],[139.126258,35.540625],[139.126262,35.540579],[139.126395,35.540362],[139.126486,35.540214],[139.126574,35.540068],[139.126632,35.53992],[139.126636,35.539765],[139.126663,35.539677],[139.126749,35.539502]]}},{"type":"Feature","properties":{"id":527284376,"highway":"tertiary"},"geometry":{"type":"LineString","coordinates":[[139.126892,35.545986],[139.126907,35.546087],[139.126946,35.546179],[139.126977,35.54627],[139.127016,35.546359],[139.127076,35.546463],[139.127151,35.546572],[139.127223,35.546652],[139.12741,35.546846],[139.12756,35.547011],[139.127613,35.547065],[139.127766,35.547204],[139.127859,35.547273],[139.127964,35.547337],[139.128084,35.5474],[139.128156,35.547435],[139.12827,35.547462],[139.128396,35.547477],[139.128544,35.547488],[139.128719,35.5475],[139.129144,35.547516],[139.129524,35.547528],[139.129879,35.547547],[139.130031,35.547556],[139.13018,35.547559],[139.130345,35.547571],[139.130496,35.547576],[139.130591,35.547571],[139.130683,35.547564],[139.130788,35.547542],[139.130865,35.547514],[139.130927,35.547487],[139.130982,35.54746],[139.131074,35.547405],[139.131158,35.547335],[139.13121,35.547269],[139.131253,35.547208],[139.131287,35.547138],[139.131311,35.54707],[139.13133,35.546994],[139.131339,35.546918],[139.131336,35.546792],[139.131322,35.546721],[139.131308,35.546671],[139.131189,35.546317],[139.131164,35.546273],[139.131164,35.546211]]}},{"type":"Feature","properties":{"id":590816471,"highway":"service"},"geometry":{"type":"LineString","coordinates":[[139.187514,35.561531],[139.187514,35.562515],[139.187572,35.56271]]}},{"type":"Feature","properties":{"id":593825075,"highway":"trunk"},"geometry":{"type":"LineString","coordinates":[[139.140018,35.544576],[139.139251,35.544493]]}},{"type":"Feature","properties":{"id":593825076,"highway":"trunk"},"geometry":{"type":"LineString","coordinates":[[139.137856,35.542189],[139.137864,35.542251],[139.137844,35.542314],[139.137804,35.542386],[139.137709,35.542501],[139.137616,35.542611],[139.13757,35.542681],[139.137551,35.542738],[139.137544,35.542813],[139.137548,35.54288],[139.137582,35.542952],[139.137634,35.543033],[139.137696,35.543134],[139.137843,35.543475],[139.137845,35.543571],[139.137837,35.543634],[139.13782,35.543717],[139.137823,35.543771],[139.137834,35.543812],[139.137883,35.543865],[139.137946,35.543908],[139.138038,35.543937],[139.138179,35.543959],[139.138291,35.543963],[139.138351,35.543954],[139.138401,35.543948],[139.138586,35.543898],[139.138632,35.543892],[139.138706,35.543895],[139.138753,35.54391],[139.1388,35.543934],[139.138853,35.543976],[139.138921,35.544061],[139.139028,35.54423],[139.139054,35.5443],[139.139081,35.544381],[139.139114,35.544433],[139.139143,35.544464],[139.139187,35.544485],[139.139251,35.544493]]}},{"type":"Feature","properties":{"id":593825078,"highway":"trunk"},"geometry":{"type":"LineString","coordinates":[[139.140018,35.544576],[139.140075,35.544582],[139.140233,35.5446],[139.140383,35.544621],[139.14054,35.544657],[139.140689,35.544696],[139.140789,35.544728],[139.140906,35.544776],[139.140988,35.544816]]}},{"type":"Feature","properties":{"id":593825079,"highway":"service"},"geometry":{"type":"LineString","coordinates":[[139.142825,35.546466],[139.142751,35.546439],[139.142696,35.546415],[139.142595,35.546404],[139.142495,35.546425],[139.142397,35.546487],[139.142109,35.546817],[139.141942,35.54708],[139.14195,35.547135],[139.141954,35.547218],[139.141926,35.547287],[139.141808,35.54748],[139.141956,35.547528],[139.141936,35.547582]]}},{"type":"Feature","properties":{"id":593825080,"highway":"trunk"},"geometry":{"type":"LineString","coordinates":[[139.142172,35.546534],[139.142423,35.546973]]}},{"type":"Feature","properties":{"id":609821587,"highway":"trunk"},"geometry":{"type":"LineString","coordinates":[[139.112345,35.539073],[139.112541,35.539066],[139.112676,35.539078]]}},{"type":"Feature","properties":{"id":609821588,"highway":"trunk"},"geometry":{"type":"LineString","coordinates":[[139.112676,35.539078],[139.112764,35.539095],[139.112844,35.539113]]}},{"type":"Feature","properties":{"id":638411980,"highway":"trunk"},"geometry":{"type":"LineString","coordinates":[[139.18541,35.56218],[139.1858,35.562307],[139.186187,35.562457],[139.186547,35.562602],[139.187473,35.563],[139.189065,35.563677]]}},{"type":"Feature","properties":{"id":654035204,"highway":"service"},"geometry":{"type":"LineString","coordinates":[[139.131603,35.541647],[139.131575,35.541547],[139.131571,35.541448],[139.131559,35.541419],[139.131539,35.54141],[139.131408,35.541419],[139.131381,35.541437],[139.131365,35.541505],[139.13136,35.541622]]}},{"type":"Feature","properties":{"id":654035205,"highway":"service"},"geometry":{"type":"LineString","coordinates":[[139.131806,35.541634],[139.131685,35.541795],[139.131595,35.541953]]}},{"type":"Feature","properties":{"id":654035206,"highway":"service"},"geometry":{"type":"LineString","coordinates":[[139.130293,35.541677],[139.130504,35.541407],[139.130552,35.541368],[139.130828,35.541283],[139.130908,35.541279],[139.131001,35.541296],[139.13112,35.541384]]}},{"type":"Feature","properties":{"id":654035207,"highway":"service"},"geometry":{"type":"LineString","coordinates":[[139.130003,35.542375],[139.130102,35.542383],[139.130191,35.542375],[139.130267,35.542374],[139.13043,35.54238],[139.130599,35.542381],[139.130769,35.542401],[139.130911,35.542399],[139.130953,35.542353]]}},{"type":"Feature","properties":{"id":654035208,"highway":"service"},"geometry":{"type":"LineString","coordinates":[[139.129325,35.541556],[139.129389,35.541689],[139.129412,35.541757],[139.129445,35.541869],[139.12944,35.541902],[139.129419,35.541987],[139.129467,35.54208],[139.129537,35.542193],[139.12956,35.542232],[139.129575,35.542269],[139.129614,35.542364],[139.129653,35.542486],[139.129677,35.542515],[139.129719,35.542535]]}},{"type":"Feature","properties":{"id":654035209,"highway":"residential"},"geometry":{"type":"LineString","coordinates":[[139.128787,35.543329],[139.128963,35.543307],[139.129278,35.543267],[139.129294,35.543265],[139.129593,35.543261],[139.129665,35.543313],[139.129705,35.543448],[139.129714,35.543478],[139.129723,35.543576],[139.129744,35.543636],[139.129793,35.543698],[139.130048,35.543729],[139.130178,35.543724]]}},{"type":"Feature","properties":{"id":654035211,"highway":"residential"},"geometry":{"type":"LineString","coordinates":[[139.127922,35.543383],[139.127961,35.543301],[139.128044,35.543216],[139.12818,35.543139],[139.128216,35.543121]]}},{"type":"Feature","properties":{"id":684925384,"highway":"residential"},"geometry":{"type":"LineString","coordinates":[[139.121441,35.580639],[139.121499,35.580752],[139.122193,35.580789],[139.12245,35.580622],[139.1229,35.580608],[139.123341,35.580548]]}},{"type":"Feature","properties":{"id":684925385,"highway":"service"},"geometry":{"type":"LineString","coordinates":[[139.123341,35.580548],[139.123411,35.580504],[139.123591,35.580391],[139.123399,35.580247],[139.123236,35.580104],[139.122892,35.580303],[139.12302,35.5804],[139.123199,35.580409],[139.123309,35.580429],[139.123411,35.580504]]}},{"type":"Feature","properties":{"id":730916405,"highway":"unclassified"},"geometry":{"type":"LineString","coordinates":[[139.121763,35.54235],[139.121839,35.542412],[139.121902,35.542482],[139.122083,35.542646],[139.122191,35.542719],[139.122285,35.542774]]}},{"type":"Feature","properties":{"id":730919996,"highway":"tertiary"},"geometry":{"type":"LineString","coordinates":[[139.126261,35.54593],[139.126133,35.545926],[139.126069,35.545952],[139.125978,35.545989],[139.125798,35.546094],[139.125645,35.546188],[139.125562,35.546254],[139.125479,35.54632],[139.125405,35.546427],[139.125384,35.546477],[139.125371,35.546527],[139.125367,35.546602],[139.125377,35.54667],[139.125417,35.546766],[139.125449,35.546816],[139.12549,35.546866]]}},{"type":"Feature","properties":{"id":730919998,"highway":"residential"},"geometry":{"type":"LineString","coordinates":[[139.130109,35.548733],[139.129673,35.548627],[139.129305,35.548477],[139.12898,35.548304],[139.128728,35.548253],[139.128512,35.548284],[139.127985,35.548532],[139.127936,35.548621],[139.127896,35.548733],[139.127836,35.548834],[139.127744,35.548875],[139.127695,35.548875],[139.127603,35.548811],[139.127606,35.548687],[139.127701,35.548033],[139.127708,35.547849],[139.12765,35.547675],[139.127325,35.547341],[139.127214,35.547224]]}},{"type":"Feature","properties":{"id":730920459,"highway":"service"},"geometry":{"type":"LineString","coordinates":[[139.130619,35.546978],[139.130734,35.546702],[139.130767,35.546561],[139.13077,35.546552]]}},{"type":"Feature","properties":{"id":730920460,"highway":"service"},"geometry":{"type":"LineString","coordinates":[[139.131311,35.54707],[139.130993,35.547051],[139.130911,35.546913],[139.13099,35.546637]]}},{"type":"Feature","properties":{"id":730920871,"highway":"tertiary"},"geometry":{"type":"LineString","coordinates":[[139.128846,35.544818],[139.12881,35.544903],[139.128771,35.545024],[139.128827,35.545086],[139.128896,35.545148],[139.128928,35.54518],[139.129128,35.545315],[139.129332,35.545438],[139.129441,35.545487],[139.129562,35.545532],[139.129907,35.545605],[139.129971,35.545586],[139.130025,35.545533]]}},{"type":"Feature","properties":{"id":730920872,"highway":"residential"},"geometry":{"type":"LineString","coordinates":[[139.12758,35.546689],[139.127539,35.546658],[139.127439,35.546607],[139.127426,35.546585],[139.127428,35.546504],[139.127417,35.546464],[139.127381,35.546401],[139.127309,35.546334],[139.127258,35.546292],[139.127215,35.546263],[139.127165,35.546245],[139.127104,35.546237],[139.12706,35.546219],[139.127036,35.546181],[139.127015,35.546138],[139.126995,35.546051],[139.126892,35.545986]]}},{"type":"Feature","properties":{"id":730953717,"highway":"service"},"geometry":{"type":"LineString","coordinates":[[139.118324,35.538985],[139.118334,35.539029],[139.118245,35.539251],[139.118192,35.539332],[139.118149,35.539383],[139.118058,35.539502]]}},{"type":"Feature","properties":{"id":730953718,"highway":"service"},"geometry":{"type":"LineString","coordinates":[[139.116777,35.541041],[139.116815,35.541113],[139.116866,35.5412],[139.117061,35.541427],[139.117101,35.541462],[139.117183,35.54149],[139.117517,35.541576],[139.117584,35.541579],[139.117772,35.541609],[139.117824,35.5416],[139.117951,35.541539],[139.118002,35.541497],[139.118036,35.541454],[139.118198,35.541222],[139.118294,35.541009],[139.118332,35.540886],[139.118381,35.540761]]}},{"type":"Feature","properties":{"id":730953719,"highway":"service"},"geometry":{"type":"LineString","coordinates":[[139.116919,35.541029],[139.116892,35.540973],[139.116895,35.540931],[139.116976,35.54078],[139.117174,35.540436],[139.117212,35.540401],[139.117279,35.540359],[139.117344,35.540326],[139.117385,35.540315],[139.117428,35.540316],[139.117468,35.540325],[139.117658,35.540395],[139.117695,35.540408],[139.117742,35.540404],[139.117841,35.540365],[139.11791,35.54034],[139.11797,35.540343],[139.118089,35.540381],[139.118215,35.540384],[139.118262,35.540401],[139.118315,35.540432],[139.118478,35.540498]]}},{"type":"Feature","properties":{"id":730955554,"highway":"service"},"geometry":{"type":"LineString","coordinates":[[139.141653,35.547499],[139.141615,35.547583],[139.141584,35.547673],[139.141569,35.54777],[139.141565,35.547838],[139.141561,35.54793],[139.141501,35.547999],[139.141425,35.548059]]}},{"type":"Feature","properties":{"id":730955555,"highway":"service"},"geometry":{"type":"LineString","coordinates":[[139.141267,35.547775],[139.14135,35.54801],[139.141425,35.548059],[139.141649,35.548226],[139.141797,35.548359]]}},{"type":"Feature","properties":{"id":730956132,"highway":"service"},"geometry":{"type":"LineString","coordinates":[[139.146991,35.549662],[139.147053,35.549601],[139.147061,35.549413],[139.147087,35.54937],[139.14737,35.549344],[139.147301,35.549171],[139.147297,35.549136],[139.147224,35.548952],[139.147171,35.548765],[139.147171,35.548641]]}},{"type":"Feature","properties":{"id":730956133,"highway":"residential"},"geometry":{"type":"LineString","coordinates":[[139.146102,35.549932],[139.146414,35.550108],[139.14659,35.550167],[139.147185,35.55034]]}},{"type":"Feature","properties":{"id":730956134,"highway":"residential"},"geometry":{"type":"LineString","coordinates":[[139.14659,35.550167],[139.146702,35.550019],[139.146991,35.549662]]}},{"type":"Feature","properties":{"id":730956135,"highway":"residential"},"geometry":{"type":"LineString","coordinates":[[139.143978,35.548309],[139.144113,35.54837],[139.144354,35.548393],[139.144541,35.548488],[139.145002,35.548661],[139.145285,35.548851],[139.145582,35.549076],[139.145784,35.549159],[139.146123,35.549358],[139.146417,35.549418],[139.146637,35.549456],[139.146991,35.549662],[139.147274,35.549839],[139.147493,35.549945],[139.147543,35.54994],[139.147766,35.549614],[139.147773,35.549485],[139.14778,35.549326],[139.147861,35.549211],[139.147989,35.549122],[139.148112,35.549096],[139.148279,35.549015],[139.148371,35.548756],[139.148392,35.548624],[139.148336,35.548448]]}},{"type":"Feature","properties":{"id":730981319,"highway":"service"},"geometry":{"type":"LineString","coordinates":[[139.145523,35.558707],[139.145351,35.558718],[139.145275,35.558684],[139.145186,35.558611],[139.145071,35.558388],[139.144791,35.558081]]}},{"type":"Feature","properties":{"id":730999375,"highway":"service"},"geometry":{"type":"LineString","coordinates":[[139.145567,35.559939],[139.145649,35.559932],[139.14596,35.560015],[139.146253,35.560195],[139.146391,35.560183],[139.146499,35.560115],[139.146616,35.56001]]}},{"type":"Feature","properties":{"id":730999376,"highway":"service"},"geometry":{"type":"LineString","coordinates":[[139.145915,35.560892],[139.145852,35.560854],[139.145774,35.560785],[139.145717,35.560745],[139.14563,35.560681],[139.145609,35.560619],[139.145629,35.560475],[139.14559,35.560353]]}},{"type":"Feature","properties":{"id":731257629,"highway":"service"},"geometry":{"type":"LineString","coordinates":[[139.187222,35.577484],[139.187189,35.57723],[139.18734,35.576785]]}},{"type":"Feature","properties":{"id":731257630,"highway":"service"},"geometry":{"type":"LineString","coordinates":[[139.188249,35.576622],[139.188212,35.576425],[139.187974,35.576218]]}},{"type":"Feature","properties":{"id":731469492,"highway":"service"},"geometry":{"type":"LineString","coordinates":[[139.185921,35.561395],[139.185911,35.561483],[139.185883,35.562024],[139.185877,35.56218],[139.185863,35.562232],[139.1858,35.562307]]}},{"type":"Feature","properties":{"id":731469493,"highway":"residential"},"geometry":{"type":"LineString","coordinates":[[139.186233,35.564808],[139.186245,35.564711],[139.186273,35.564584],[139.186275,35.564356],[139.186249,35.564244],[139.186184,35.564123],[139.186128,35.563952],[139.186133,35.563849],[139.186191,35.56334],[139.186202,35.563144],[139.1862,35.563085],[139.186197,35.562971],[139.186181,35.562723],[139.186151,35.562505],[139.186187,35.562457]]}},{"type":"Feature","properties":{"id":731469494,"highway":"service"},"geometry":{"type":"LineString","coordinates":[[139.187396,35.564107],[139.187151,35.564135],[139.186733,35.564219],[139.186472,35.564253],[139.186249,35.564244]]}},{"type":"Feature","properties":{"id":731532768,"highway":"service"},"geometry":{"type":"LineString","coordinates":[[139.182174,35.559016],[139.182173,35.558877],[139.182204,35.55885],[139.182222,35.558644]]}},{"type":"Feature","properties":{"id":732293627,"highway":"service"},"geometry":{"type":"LineString","coordinates":[[139.12144,35.542108],[139.121098,35.542073],[139.121042,35.542031],[139.120958,35.541662],[139.120916,35.541605],[139.120767,35.541636],[139.120706,35.541693]]}},{"type":"Feature","properties":{"id":732486614,"highway":"service"},"geometry":{"type":"LineString","coordinates":[[139.137747,35.547605],[139.13778,35.547634],[139.13792,35.547655],[139.137954,35.547663],[139.13813,35.547701],[139.138401,35.547858],[139.138452,35.547938],[139.138473,35.548069],[139.138468,35.548197]]}},{"type":"Feature","properties":{"id":732489249,"highway":"service"},"geometry":{"type":"LineString","coordinates":[[139.129719,35.542535],[139.129762,35.542503],[139.129883,35.542418],[139.129961,35.542382],[139.130003,35.542375],[139.130037,35.54234],[139.130058,35.542287],[139.130087,35.542168],[139.130116,35.5421],[139.130181,35.542008],[139.130249,35.541942],[139.130301,35.541892],[139.130369,35.541847],[139.13046,35.541798]]}},{"type":"Feature","properties":{"id":734087649,"highway":"tertiary"},"geometry":{"type":"LineString","coordinates":[[139.192451,35.56213],[139.192278,35.562127]]}},{"type":"Feature","properties":{"id":734087650,"highway":"tertiary"},"geometry":{"type":"LineString","coordinates":[[139.192278,35.562127],[139.191271,35.562132],[139.190853,35.562129],[139.190743,35.562124],[139.190636,35.562111],[139.19016,35.561991],[139.189726,35.561875],[139.189128,35.56172],[139.188815,35.561641],[139.188661,35.561608],[139.188331,35.561545],[139.188097,35.5615],[139.187863,35.561478],[139.187714,35.561473],[139.18746,35.561467],[139.186899,35.561446],[139.185983,35.561402],[139.185921,35.561395],[139.185831,35.561378],[139.185579,35.561305],[139.185496,35.561297],[139.185327,35.561306]]}},{"type":"Feature","properties":{"id":734215336,"highway":"service"},"geometry":{"type":"LineString","coordinates":[[139.145999,35.567184],[139.145751,35.567101],[139.145698,35.567015],[139.145661,35.566926],[139.145645,35.566654],[139.145592,35.566605],[139.145503,35.566572],[139.145417,35.566529]]}},{"type":"Feature","properties":{"id":734302920,"highway":"primary"},"geometry":{"type":"LineString","coordinates":[[139.128795,35.543247],[139.128787,35.543329]]}},{"type":"Feature","properties":{"id":734302921,"highway":"primary"},"geometry":{"type":"LineString","coordinates":[[139.128787,35.543329],[139.128764,35.543399],[139.128686,35.543543],[139.12863,35.543693],[139.12859,35.543751],[139.128525,35.543815],[139.128473,35.543859],[139.128439,35.543889],[139.128407,35.543901]]}},{"type":"Feature","properties":{"id":734302922,"highway":"unclassified"},"geometry":{"type":"LineString","coordinates":[[139.132867,35.542483],[139.132871,35.542609],[139.132866,35.542749],[139.132867,35.542832],[139.132868,35.542931],[139.132867,35.542994],[139.132857,35.543271],[139.132848,35.54351],[139.132845,35.543586],[139.132852,35.543616],[139.132894,35.543656]]}},{"type":"Feature","properties":{"id":734302923,"highway":"unclassified"},"geometry":{"type":"LineString","coordinates":[[139.132397,35.541664],[139.132475,35.541705],[139.13256,35.541749]]}},{"type":"Feature","properties":{"id":734302924,"highway":"primary"},"geometry":{"type":"LineString","coordinates":[[139.124046,35.537453],[139.124053,35.537679]]}},{"type":"Feature","properties":{"id":734302925,"highway":"primary"},"geometry":{"type":"LineString","coordinates":[[139.125782,35.5392],[139.125792,35.539239],[139.125793,35.539301],[139.125782,35.539378],[139.125764,35.539484],[139.125763,35.539561],[139.125771,35.539651],[139.125799,35.539827],[139.125815,35.539998],[139.125791,35.540122],[139.125697,35.540399],[139.125678,35.540482],[139.125689,35.540553],[139.125714,35.540595],[139.125756,35.54064],[139.125805,35.540673],[139.126019,35.540768],[139.126211,35.540861],[139.126327,35.54091],[139.126398,35.540928],[139.126619,35.540898],[139.126767,35.540875],[139.126827,35.540867],[139.126882,35.540878],[139.126945,35.540931],[139.126993,35.540983],[139.127382,35.541369],[139.12753,35.541492],[139.127653,35.541597],[139.127675,35.541603],[139.127733,35.541619],[139.127818,35.541619],[139.127886,35.5416],[139.127955,35.541547],[139.128113,35.541429],[139.128191,35.541382],[139.128277,35.541361],[139.128367,35.541361],[139.128434,35.541387],[139.128452,35.541393],[139.12846,35.541398],[139.128477,35.541405],[139.128528,35.541436],[139.128605,35.541449],[139.128704,35.541444],[139.128808,35.54142],[139.128872,35.541382],[139.128911,35.541336],[139.128926,35.541268],[139.128912,35.541158],[139.128929,35.541091],[139.128988,35.541053],[139.12904,35.541037],[139.129099,35.541026],[139.129152,35.541037],[139.129196,35.541081],[139.129305,35.541243],[139.129361,35.541349],[139.129372,35.541419],[139.129351,35.541507],[139.129348,35.541516]]}},{"type":"Feature","properties":{"id":734633416,"highway":"residential"},"geometry":{"type":"LineString","coordinates":[[139.147067,35.584705],[139.147036,35.584758],[139.147023,35.584851],[139.147016,35.584942],[139.146964,35.585024],[139.1469,35.585118],[139.146877,35.585191],[139.146883,35.585243],[139.146906,35.585297],[139.147084,35.585525],[139.147161,35.585626],[139.147189,35.585679],[139.147223,35.585763],[139.147227,35.585809],[139.14722,35.585859],[139.14718,35.585901],[139.147045,35.585995],[139.146933,35.586028],[139.146812,35.586061],[139.146681,35.586115],[139.146604,35.586184]]}},{"type":"Feature","properties":{"id":734633417,"highway":"residential"},"geometry":{"type":"LineString","coordinates":[[139.147138,35.584656],[139.147067,35.584705]]}},{"type":"Feature","properties":{"id":734635692,"highway":"residential"},"geometry":{"type":"LineString","coordinates":[[139.129278,35.543267],[139.129256,35.543149]]}},{"type":"Feature","properties":{"id":734635860,"highway":"tertiary"},"geometry":{"type":"LineString","coordinates":[[139.128368,35.54363],[139.128405,35.543738]]}},{"type":"Feature","properties":{"id":734635861,"highway":"tertiary"},"geometry":{"type":"LineString","coordinates":[[139.128405,35.543738],[139.128422,35.543808],[139.128421,35.543858],[139.128418,35.543872],[139.128407,35.543901]]}},{"type":"Feature","properties":{"id":734663051,"highway":"unclassified"},"geometry":{"type":"LineString","coordinates":[[139.197256,35.599887],[139.197257,35.599935]]}},{"type":"Feature","properties":{"id":734663052,"highway":"residential"},"geometry":{"type":"LineString","coordinates":[[139.197257,35.599935],[139.197221,35.600082],[139.197252,35.600247],[139.197313,35.600393],[139.197356,35.600483]]}},{"type":"Feature","properties":{"id":735249400,"highway":"service"},"geometry":{"type":"LineString","coordinates":[[139.152151,35.595205],[139.152077,35.59515]]}},{"type":"Feature","properties":{"id":735249401,"highway":"service"},"geometry":{"type":"LineString","coordinates":[[139.152077,35.59515],[139.152029,35.595154],[139.151992,35.595176],[139.151935,35.595213]]}},{"type":"Feature","properties":{"id":736665357,"highway":"residential"},"geometry":{"type":"LineString","coordinates":[[139.184935,35.560282],[139.184832,35.560433],[139.184633,35.560714],[139.184419,35.560613],[139.184619,35.560331],[139.184832,35.560433]]}},{"type":"Feature","properties":{"id":806264185,"highway":"residential"},"geometry":{"type":"LineString","coordinates":[[139.152545,35.597622],[139.152832,35.597629],[139.152882,35.597672]]}},{"type":"Feature","properties":{"id":806264188,"highway":"residential"},"geometry":{"type":"LineString","coordinates":[[139.151834,35.597437],[139.15191,35.597597],[139.152037,35.597874],[139.15209,35.598014],[139.152112,35.598066],[139.152136,35.598101],[139.152195,35.598137],[139.152279,35.598162],[139.152344,35.598188],[139.15239,35.598217],[139.152436,35.598265],[139.152523,35.598361]]}},{"type":"Feature","properties":{"id":806264189,"highway":"residential"},"geometry":{"type":"LineString","coordinates":[[139.15313,35.597972],[139.153165,35.597925],[139.153211,35.597882],[139.153243,35.597834],[139.153246,35.597794],[139.153199,35.597742],[139.153064,35.597587]]}},{"type":"Feature","properties":{"id":810649935,"highway":"primary"},"geometry":{"type":"LineString","coordinates":[[139.150269,35.581156],[139.150226,35.581214],[139.15008,35.581318],[139.149948,35.581435],[139.149847,35.581557],[139.149763,35.581671],[139.149618,35.581877],[139.149567,35.581978],[139.149533,35.582066],[139.14948,35.58226],[139.149451,35.582357],[139.149405,35.582462],[139.149342,35.582568],[139.149266,35.582688],[139.149189,35.582847],[139.149154,35.582955],[139.14913,35.583055],[139.149119,35.583189],[139.149113,35.583304],[139.14912,35.583385],[139.149133,35.583458],[139.149175,35.583575],[139.14923,35.583672],[139.149274,35.583715],[139.149318,35.583753],[139.149415,35.583812],[139.149521,35.583844],[139.149663,35.583853],[139.149791,35.583839],[139.149932,35.583851],[139.150002,35.583884],[139.150036,35.583913],[139.15007,35.584021],[139.150212,35.58444],[139.150297,35.584706],[139.150396,35.584962],[139.150586,35.585434],[139.150704,35.585744],[139.150744,35.585922],[139.150754,35.58603],[139.150757,35.586129],[139.150737,35.586229],[139.150699,35.586299],[139.150624,35.586404],[139.150579,35.586483],[139.15057,35.586573],[139.150581,35.586656],[139.150609,35.586813],[139.150614,35.586937],[139.150595,35.587078],[139.150573,35.587198],[139.150525,35.587385],[139.150403,35.587945],[139.150367,35.588124],[139.150352,35.588304],[139.150356,35.588439],[139.150372,35.588578],[139.150418,35.58883],[139.150435,35.588971],[139.150452,35.589107],[139.150454,35.589501],[139.150467,35.589884],[139.150468,35.589967],[139.150462,35.590044],[139.150442,35.590113],[139.150405,35.59019],[139.150353,35.590254],[139.15024,35.590356],[139.150143,35.590437],[139.15007,35.590516],[139.150014,35.590595],[139.149962,35.590698],[139.149932,35.590786]]}},{"type":"Feature","properties":{"id":817103370,"highway":"residential"},"geometry":{"type":"LineString","coordinates":[[139.119671,35.580339],[139.119648,35.580561],[139.11965,35.580594],[139.119664,35.580642],[139.119713,35.580775],[139.119709,35.580816],[139.119662,35.580846],[139.119459,35.580935],[139.119284,35.581018],[139.119022,35.581122],[139.118863,35.581175],[139.118763,35.581206],[139.118662,35.581229],[139.118483,35.581266],[139.118367,35.581287],[139.118227,35.581314],[139.118149,35.581324],[139.118062,35.581335]]}},{"type":"Feature","properties":{"id":835321669,"highway":"residential"},"geometry":{"type":"LineString","coordinates":[[139.148838,35.547829],[139.148899,35.547828]]}},{"type":"Feature","properties":{"id":835321670,"highway":"residential"},"geometry":{"type":"LineString","coordinates":[[139.148336,35.548448],[139.148348,35.54835],[139.148443,35.548115],[139.148517,35.547981],[139.14866,35.547848],[139.148721,35.54783],[139.148838,35.547829]]}},{"type":"Feature","properties":{"id":835321671,"highway":"primary"},"geometry":{"type":"LineString","coordinates":[[139.137779,35.555464],[139.137787,35.555474],[139.137831,35.555513],[139.137887,35.555552],[139.137938,35.555573],[139.137996,35.555581],[139.138064,35.555583],[139.138129,35.555568],[139.138197,35.555541],[139.138278,35.555503],[139.138374,35.555466],[139.138424,35.555453],[139.13848,35.555456],[139.138535,35.555474],[139.138581,35.555504],[139.138607,35.55554],[139.138632,35.555582],[139.138731,35.555823],[139.13879,35.555961],[139.138823,35.556023],[139.138866,35.556074],[139.138997,35.556222],[139.139246,35.556526],[139.139311,35.556624],[139.13937,35.556736],[139.139435,35.55688],[139.139501,35.557071],[139.139513,35.557142],[139.139516,35.557183],[139.139507,35.557226],[139.139456,35.557291],[139.139404,35.557341],[139.139341,35.55742],[139.139309,35.557481],[139.139307,35.557527],[139.139321,35.55756],[139.139343,35.55759],[139.139376,35.557614],[139.139404,35.557622],[139.139439,35.557625],[139.139534,35.557589],[139.139645,35.55755],[139.139709,35.55754],[139.139776,35.557544],[139.139835,35.557556],[139.139884,35.557574],[139.139949,35.557614],[139.140002,35.557663],[139.140107,35.557791],[139.140151,35.557858],[139.140195,35.557935],[139.140255,35.558041],[139.14034,35.558204],[139.140406,35.558317],[139.14043,35.558376],[139.140451,35.558447],[139.140457,35.55851],[139.140453,35.558578],[139.140434,35.558678],[139.140395,35.558804],[139.140376,35.558865],[139.14037,35.558919],[139.140382,35.559018],[139.140401,35.559053],[139.140427,35.559083],[139.140468,35.55912],[139.140512,35.559149],[139.14064,35.559199],[139.140778,35.559247]]}},{"type":"Feature","properties":{"id":835321672,"highway":"primary"},"geometry":{"type":"LineString","coordinates":[[139.137772,35.555389],[139.137773,35.555428],[139.137779,35.555464]]}},{"type":"Feature","properties":{"id":835321674,"highway":"service"},"geometry":{"type":"LineString","coordinates":[[139.136709,35.547659],[139.136878,35.547583],[139.137308,35.547491],[139.13738,35.547447],[139.137514,35.54743],[139.137676,35.54754],[139.137689,35.547552]]}},{"type":"Feature","properties":{"id":835321677,"highway":"tertiary"},"geometry":{"type":"LineString","coordinates":[[139.125702,35.547001],[139.125858,35.547056],[139.125968,35.547078],[139.126198,35.547092],[139.126537,35.547088]]}},{"type":"Feature","properties":{"id":835321678,"highway":"tertiary"},"geometry":{"type":"LineString","coordinates":[[139.12549,35.546866],[139.12556,35.546923],[139.125637,35.546973],[139.125702,35.547001]]}},{"type":"Feature","properties":{"id":835321679,"highway":"tertiary"},"geometry":{"type":"LineString","coordinates":[[139.126535,35.546087],[139.126478,35.54602],[139.126394,35.545969],[139.126338,35.545941],[139.126261,35.54593]]}},{"type":"Feature","properties":{"id":835321680,"highway":"tertiary"},"geometry":{"type":"LineString","coordinates":[[139.126977,35.54627],[139.126859,35.546297],[139.126757,35.546312],[139.126679,35.546286],[139.126638,35.546239],[139.126535,35.546087]]}},{"type":"Feature","properties":{"id":835321681,"highway":"tertiary"},"geometry":{"type":"LineString","coordinates":[[139.126787,35.545623],[139.126756,35.545589]]}},{"type":"Feature","properties":{"id":835321682,"highway":"tertiary"},"geometry":{"type":"LineString","coordinates":[[139.126872,35.545787],[139.126856,35.545738],[139.126829,35.545688],[139.126787,35.545623]]}},{"type":"Feature","properties":{"id":835321683,"highway":"residential"},"geometry":{"type":"LineString","coordinates":[[139.128268,35.543099],[139.128361,35.543071],[139.128465,35.543069],[139.12861,35.543084],[139.128683,35.543093],[139.128721,35.543097]]}},{"type":"Feature","properties":{"id":835321684,"highway":"residential"},"geometry":{"type":"LineString","coordinates":[[139.128216,35.543121],[139.128268,35.543099]]}},{"type":"Feature","properties":{"id":835321685,"highway":"primary"},"geometry":{"type":"LineString","coordinates":[[139.129325,35.541556],[139.129177,35.541711],[139.129026,35.541871],[139.128894,35.542001],[139.128825,35.542101],[139.128769,35.542224],[139.12871,35.542396],[139.128628,35.542612],[139.128643,35.542708],[139.12874,35.542852],[139.12875,35.542893],[139.128751,35.542939],[139.128721,35.543097],[139.128746,35.543145],[139.128787,35.543202],[139.128795,35.543247]]}},{"type":"Feature","properties":{"id":835321686,"highway":"primary"},"geometry":{"type":"LineString","coordinates":[[139.129348,35.541516],[139.129325,35.541556]]}},{"type":"Feature","properties":{"id":835321687,"highway":"tertiary"},"geometry":{"type":"LineString","coordinates":[[139.128118,35.543392],[139.128141,35.5434],[139.128193,35.54342],[139.128274,35.543472],[139.128311,35.543503],[139.12835,35.54358],[139.128368,35.54363]]}},{"type":"Feature","properties":{"id":835321688,"highway":"tertiary"},"geometry":{"type":"LineString","coordinates":[[139.128029,35.543376],[139.128118,35.543392]]}},{"type":"Feature","properties":{"id":835321689,"highway":"service"},"geometry":{"type":"LineString","coordinates":[[139.121591,35.542221],[139.12144,35.542108]]}},{"type":"Feature","properties":{"id":835321690,"highway":"service"},"geometry":{"type":"LineString","coordinates":[[139.121663,35.542275],[139.121591,35.542221]]}},{"type":"Feature","properties":{"id":835321691,"highway":"primary"},"geometry":{"type":"LineString","coordinates":[[139.125653,35.539089],[139.125782,35.5392]]}},{"type":"Feature","properties":{"id":835321692,"highway":"primary"},"geometry":{"type":"LineString","coordinates":[[139.124053,35.537679],[139.124056,35.537725],[139.124066,35.537764],[139.124088,35.537805],[139.124117,35.537837],[139.124152,35.537862],[139.124196,35.537878],[139.124381,35.537923],[139.124427,35.537944],[139.12446,35.53797],[139.124493,35.538027],[139.124509,35.538091],[139.124497,35.538137],[139.124481,35.538176],[139.124403,35.538326],[139.124387,35.538368],[139.124378,35.53841],[139.124357,35.538589],[139.124339,35.53867],[139.124348,35.538755],[139.124383,35.538822],[139.124477,35.538915],[139.124515,35.539116],[139.124612,35.539515],[139.124655,35.539582],[139.124719,35.53965],[139.124809,35.539708],[139.124861,35.539727],[139.124913,35.539736],[139.125029,35.539741],[139.125117,35.539738],[139.125167,35.539719],[139.125204,35.539692],[139.12523,35.539657],[139.125247,35.539629],[139.125265,35.539578],[139.125311,35.539471],[139.125381,35.539367],[139.125527,35.539165],[139.125582,35.539104],[139.125618,35.539088],[139.125653,35.539089]]}},{"type":"Feature","properties":{"id":837516955,"highway":"trunk"},"geometry":{"type":"LineString","coordinates":[[139.107595,35.536358],[139.107542,35.536312],[139.107482,35.536242],[139.10745,35.536173],[139.107434,35.536112]]}},{"type":"Feature","properties":{"id":837516956,"highway":"unclassified"},"geometry":{"type":"LineString","coordinates":[[139.107158,35.536403],[139.107179,35.536348],[139.107357,35.536157],[139.107434,35.536112]]}},{"type":"Feature","properties":{"id":837516957,"highway":"unclassified"},"geometry":{"type":"LineString","coordinates":[[139.107162,35.536471],[139.107158,35.536403]]}},{"type":"Feature","properties":{"id":837596516,"highway":"trunk"},"geometry":{"type":"LineString","coordinates":[[139.163276,35.553727],[139.163409,35.553738],[139.163571,35.553777],[139.163664,35.553817],[139.163783,35.553896],[139.163852,35.553942],[139.163947,35.553981],[139.164064,35.553998],[139.164261,35.554014],[139.164362,35.554044],[139.164427,35.554082],[139.164491,35.554155],[139.164537,35.554239],[139.164625,35.554392],[139.164682,35.554467],[139.164744,35.554543],[139.164842,35.554635],[139.165204,35.554887],[139.16528,35.554953],[139.165367,35.555011],[139.165468,35.555067],[139.165588,35.555107],[139.165734,35.555134],[139.165859,35.555152],[139.165984,35.55519],[139.16607,35.555228],[139.166478,35.555527],[139.166549,35.555566],[139.166637,35.555602],[139.166738,35.555621],[139.166842,35.555619],[139.166976,35.55561]]}},{"type":"Feature","properties":{"id":837596517,"highway":"trunk"},"geometry":{"type":"LineString","coordinates":[[139.163164,35.553721],[139.163276,35.553727]]}},{"type":"Feature","properties":{"id":837596518,"highway":"trunk"},"geometry":{"type":"LineString","coordinates":[[139.167221,35.555647],[139.167336,35.555699],[139.167414,35.555754],[139.16748,35.55581],[139.167526,35.555876],[139.167657,35.556135],[139.167758,35.556319],[139.167819,35.556401],[139.167896,35.556475],[139.168017,35.556559],[139.168126,35.556594],[139.168585,35.556714],[139.168723,35.556735],[139.168875,35.556741],[139.169019,35.556709],[139.169246,35.556657],[139.169387,35.556647],[139.169505,35.556653],[139.169605,35.556681],[139.169794,35.556786],[139.169873,35.556826],[139.169961,35.556859],[139.170103,35.556882],[139.17037,35.556908],[139.170813,35.556964],[139.171032,35.557005],[139.171286,35.557065],[139.171497,35.557126]]}},{"type":"Feature","properties":{"id":837596519,"highway":"trunk"},"geometry":{"type":"LineString","coordinates":[[139.166976,35.55561],[139.16706,35.55561],[139.167146,35.555624],[139.167221,35.555647]]}},{"type":"Feature","properties":{"id":837596522,"highway":"trunk"},"geometry":{"type":"LineString","coordinates":[[139.178694,35.557044],[139.178643,35.556973],[139.178597,35.556918],[139.178546,35.556884],[139.178507,35.556868],[139.178462,35.556862],[139.178398,35.55686],[139.178345,35.556866],[139.178284,35.556881],[139.178212,35.55691],[139.178093,35.556981],[139.177959,35.557077],[139.177922,35.557112],[139.17786,35.557203],[139.177752,35.557361],[139.177645,35.557504],[139.177476,35.557686],[139.17731,35.557862],[139.177209,35.558009],[139.17713,35.558197],[139.177105,35.558253],[139.177058,35.558316],[139.177003,35.558356],[139.176916,35.558391],[139.17684,35.5584],[139.176746,35.558397],[139.176661,35.558386],[139.176555,35.558369],[139.176281,35.558309],[139.176075,35.558255],[139.175756,35.558173],[139.175501,35.558104],[139.175426,35.558082],[139.17527,35.558019],[139.175012,35.557901],[139.17471,35.557766],[139.174514,35.557684],[139.174397,35.557616],[139.174241,35.557508],[139.174136,35.557431],[139.174027,35.557368],[139.173929,35.557324],[139.173764,35.557273],[139.173631,35.557234],[139.173351,35.557157],[139.172968,35.557041],[139.172881,35.557024],[139.172618,35.557001],[139.172304,35.556988],[139.171735,35.556984],[139.171665,35.556989],[139.171615,35.557007],[139.171497,35.557126]]}},{"type":"Feature","properties":{"id":837596523,"highway":"trunk"},"geometry":{"type":"LineString","coordinates":[[139.178733,35.557127],[139.178694,35.557044]]}},{"type":"Feature","properties":{"id":837596524,"highway":"residential"},"geometry":{"type":"LineString","coordinates":[[139.183427,35.559964],[139.18344,35.559968],[139.183445,35.560115],[139.183512,35.560274],[139.183708,35.560456]]}},{"type":"Feature","properties":{"id":837596525,"highway":"residential"},"geometry":{"type":"LineString","coordinates":[[139.183334,35.559927],[139.183427,35.559964]]}},{"type":"Feature","properties":{"id":952831894,"highway":"service"},"geometry":{"type":"LineString","coordinates":[[139.136398,35.55038],[139.136398,35.550341],[139.136365,35.550189],[139.136368,35.550071],[139.136454,35.549886],[139.136564,35.549701],[139.136848,35.549446],[139.137085,35.549272],[139.137235,35.54905],[139.137284,35.548846],[139.137341,35.548535],[139.137596,35.5482],[139.137946,35.547898],[139.137954,35.547663]]}},{"type":"Feature","properties":{"id":966411651,"highway":"residential"},"geometry":{"type":"LineString","coordinates":[[139.147572,35.583484],[139.147561,35.583459],[139.147551,35.583411],[139.147518,35.583207],[139.147496,35.583062],[139.14751,35.583005],[139.147558,35.582952],[139.147621,35.5829],[139.147595,35.582765],[139.147575,35.582714],[139.14757,35.582641],[139.147577,35.582473],[139.147585,35.582332],[139.147572,35.582203],[139.147562,35.582149],[139.147552,35.582113],[139.147512,35.581987],[139.147473,35.581911],[139.147423,35.581851],[139.147265,35.581754],[139.147057,35.581656],[139.146915,35.581381],[139.146988,35.581159],[139.146705,35.581031]]}},{"type":"Feature","properties":{"id":966411652,"highway":"residential"},"geometry":{"type":"LineString","coordinates":[[139.146915,35.581381],[139.146445,35.581207]]}},{"type":"Feature","properties":{"id":966411653,"highway":"residential"},"geometry":{"type":"LineString","coordinates":[[139.148194,35.583487],[139.14818,35.583413],[139.14818,35.583246],[139.148213,35.583133],[139.148254,35.582964],[139.148281,35.582885],[139.148372,35.58265],[139.14828,35.582624],[139.14817,35.582603],[139.148123,35.582625],[139.147854,35.582839],[139.147775,35.582891],[139.147698,35.582901],[139.147621,35.5829]]}},{"type":"Feature","properties":{"id":966411654,"highway":"residential"},"geometry":{"type":"LineString","coordinates":[[139.147308,35.587177],[139.147347,35.587006],[139.147348,35.586919],[139.147336,35.586855],[139.147231,35.586782],[139.147158,35.586709],[139.147111,35.58663],[139.147092,35.586545],[139.147119,35.586411],[139.147121,35.586364],[139.146933,35.586028]]}},{"type":"Feature","properties":{"id":966411655,"highway":"residential"},"geometry":{"type":"LineString","coordinates":[[139.146203,35.58634],[139.146127,35.586373],[139.146055,35.586344],[139.145919,35.586287],[139.145687,35.586173],[139.145642,35.586121],[139.145611,35.586057],[139.14557,35.585902],[139.145592,35.585856]]}},{"type":"Feature","properties":{"id":966411656,"highway":"residential"},"geometry":{"type":"LineString","coordinates":[[139.14518,35.584942],[139.145121,35.584899],[139.14461,35.58466],[139.144428,35.584578],[139.144109,35.584471],[139.143484,35.584214],[139.143165,35.584128],[139.143014,35.584088],[139.142838,35.584059],[139.142556,35.584063],[139.142467,35.584082],[139.142274,35.583999],[139.142147,35.583945],[139.14211,35.583933],[139.142021,35.583913],[139.141858,35.583878],[139.14181,35.583863],[139.14177,35.583841],[139.141735,35.583804],[139.141684,35.583733],[139.141656,35.583689],[139.141633,35.583633],[139.141612,35.583567],[139.141604,35.583491],[139.1416,35.583428],[139.141599,35.583362],[139.141587,35.583337],[139.141558,35.583304],[139.141536,35.583274],[139.141535,35.583235],[139.141565,35.583181]]}},{"type":"Feature","properties":{"id":973481234,"highway":"service"},"geometry":{"type":"LineString","coordinates":[[139.100207,35.521919],[139.10009,35.52189],[139.099751,35.521594],[139.099525,35.521388],[139.099415,35.521269],[139.099124,35.520904],[139.098791,35.520546],[139.098622,35.52034],[139.098372,35.519962]]}},{"type":"Feature","properties":{"id":978021683,"highway":"residential"},"geometry":{"type":"LineString","coordinates":[[139.118449,35.581805],[139.118736,35.58186],[139.118922,35.58186],[139.119335,35.581756],[139.119502,35.581727]]}},{"type":"Feature","properties":{"id":978021684,"highway":"residential"},"geometry":{"type":"LineString","coordinates":[[139.12326,35.582403],[139.123294,35.582341],[139.123305,35.582247],[139.123254,35.581931],[139.123267,35.581809],[139.123461,35.581569],[139.123899,35.581365],[139.124032,35.58136],[139.12431,35.581387],[139.124637,35.58137],[139.125526,35.5812]]}},{"type":"Feature","properties":{"id":978021685,"highway":"service"},"geometry":{"type":"LineString","coordinates":[[139.121199,35.582377],[139.121235,35.582125],[139.121247,35.582068],[139.121289,35.582044],[139.121404,35.582022],[139.121516,35.581972],[139.121575,35.581937],[139.121719,35.581849]]}},{"type":"Feature","properties":{"id":978021687,"highway":"service"},"geometry":{"type":"LineString","coordinates":[[139.122021,35.582397],[139.12204,35.582562],[139.122111,35.582996],[139.122076,35.583086],[139.121719,35.583322],[139.121546,35.583386],[139.121365,35.583512],[139.121187,35.583514],[139.12106,35.583522]]}},{"type":"Feature","properties":{"id":978036587,"highway":"residential"},"geometry":{"type":"LineString","coordinates":[[139.133721,35.563715],[139.133655,35.563629],[139.133533,35.56348],[139.133477,35.563353],[139.133466,35.563247],[139.133482,35.563197],[139.133535,35.563165],[139.13361,35.563163],[139.133758,35.563271],[139.133899,35.563413],[139.13401,35.563517],[139.134153,35.563506],[139.134217,35.56343],[139.133917,35.563057],[139.133915,35.56299],[139.134018,35.562851],[139.13412,35.562796]]}},{"type":"Feature","properties":{"id":978036589,"highway":"residential"},"geometry":{"type":"LineString","coordinates":[[139.136037,35.550246],[139.136004,35.550313],[139.135997,35.550361],[139.136017,35.550542],[139.135985,35.550808],[139.136005,35.550853],[139.136067,35.550886],[139.136204,35.551036],[139.136451,35.551191],[139.13655,35.55123],[139.13671,35.551277],[139.136782,35.551306],[139.136826,35.551394],[139.136859,35.551562],[139.136895,35.551611],[139.137008,35.551659]]}},{"type":"Feature","properties":{"id":978036591,"highway":"service"},"geometry":{"type":"LineString","coordinates":[[139.122049,35.545472],[139.122041,35.54553],[139.122011,35.545625],[139.121983,35.545723],[139.121954,35.54578],[139.121916,35.545834],[139.121873,35.545886],[139.121813,35.545934],[139.121747,35.54598],[139.121578,35.546061],[139.121453,35.546124],[139.121438,35.546149],[139.121441,35.546193],[139.121446,35.546252],[139.121453,35.546289],[139.121478,35.546316],[139.121514,35.546348],[139.121602,35.54641],[139.121858,35.546545]]}},{"type":"Feature","properties":{"id":978094309,"highway":"service"},"geometry":{"type":"LineString","coordinates":[[139.194116,35.52149],[139.194378,35.52128],[139.194673,35.521202],[139.19474,35.52117],[139.19475,35.521148],[139.194738,35.521115],[139.194708,35.521092],[139.19466,35.521094],[139.194441,35.521155],[139.1944,35.521155],[139.194259,35.521085]]}},{"type":"Feature","properties":{"id":978172141,"highway":"unclassified"},"geometry":{"type":"LineString","coordinates":[[139.204157,35.529303],[139.20393,35.529333],[139.203665,35.529367],[139.20354,35.52938],[139.203328,35.529406],[139.203209,35.52942],[139.203146,35.529431],[139.203099,35.529449],[139.203058,35.529472],[139.203012,35.529507],[139.202931,35.529579],[139.202873,35.52962],[139.202823,35.529649],[139.202765,35.52967],[139.202698,35.529691],[139.202637,35.529705],[139.202537,35.529716],[139.202329,35.529725],[139.202105,35.529743],[139.202001,35.529751],[139.201969,35.529762],[139.201945,35.529773],[139.201906,35.529803],[139.201889,35.529833],[139.20188,35.529874],[139.201889,35.529964],[139.201899,35.530062],[139.201894,35.530088],[139.201881,35.530113],[139.201856,35.530156],[139.20183,35.530192],[139.201806,35.530216],[139.201771,35.53024],[139.201719,35.530272],[139.201678,35.530297],[139.201646,35.530304],[139.201613,35.530295],[139.201579,35.530264],[139.201527,35.530198],[139.201508,35.530171],[139.201482,35.530147],[139.201428,35.530119],[139.201304,35.530067],[139.201146,35.530011],[139.2011,35.530004],[139.20107,35.530009],[139.201032,35.530025],[139.200993,35.530047],[139.200894,35.530113],[139.200806,35.530174],[139.200734,35.53022],[139.200692,35.530254],[139.200655,35.530298],[139.20063,35.53034],[139.200612,35.530397],[139.20059,35.530489],[139.20057,35.530569],[139.20055,35.530608],[139.200521,35.530651],[139.20049,35.530688],[139.200403,35.530777],[139.200259,35.530912],[139.200152,35.531002],[139.200101,35.53103],[139.199993,35.531092],[139.19991,35.531141],[139.199884,35.531165],[139.199876,35.531189],[139.199868,35.5313],[139.199862,35.531362],[139.199849,35.53139],[139.19982,35.531418],[139.199795,35.531439],[139.199761,35.53146],[139.199736,35.531473],[139.199704,35.531483],[139.199667,35.531474],[139.199635,35.531458],[139.199593,35.531436],[139.199533,35.531415],[139.199465,35.531397],[139.199362,35.53138],[139.199254,35.531371],[139.199127,35.531365],[139.198743,35.531357],[139.19866,35.531356],[139.198401,35.531318],[139.198213,35.531287],[139.198139,35.53128],[139.198001,35.53128],[139.19785,35.531283],[139.197744,35.531281],[139.197696,35.531278],[139.197606,35.531261],[139.197504,35.531239],[139.197405,35.531203],[139.197361,35.531173],[139.19733,35.531146],[139.19729,35.531088],[139.197268,35.531063],[139.197242,35.531039],[139.197201,35.531009],[139.197137,35.53098],[139.197035,35.530954],[139.19692,35.530933],[139.196657,35.5309],[139.196519,35.530884],[139.196399,35.530868],[139.196327,35.530875],[139.196249,35.530896],[139.196174,35.53093],[139.196085,35.530962],[139.196005,35.530995],[139.195816,35.531092],[139.19564,35.53119],[139.195581,35.531218],[139.195537,35.531231],[139.195475,35.531235],[139.195411,35.531228]]}},{"type":"Feature","properties":{"id":998812796,"highway":"service"},"geometry":{"type":"LineString","coordinates":[[139.170977,35.510164],[139.171229,35.510097],[139.171301,35.510069],[139.171396,35.510013],[139.171495,35.509963],[139.171607,35.509972],[139.171628,35.510016],[139.171611,35.510085],[139.171583,35.510132]]}},{"type":"Feature","properties":{"id":1024592981,"highway":"secondary"},"geometry":{"type":"LineString","coordinates":[[139.180578,35.600741],[139.180917,35.600848],[139.181224,35.600954],[139.181289,35.600996],[139.181333,35.601046],[139.181367,35.601139],[139.181396,35.601227],[139.181432,35.601295],[139.181489,35.601347],[139.181591,35.601402],[139.181704,35.601451],[139.181833,35.601481],[139.182086,35.601498],[139.182252,35.601501],[139.182401,35.601472],[139.182594,35.601408],[139.182768,35.601361],[139.182909,35.601339],[139.18299,35.60131],[139.183034,35.601265],[139.183061,35.601201],[139.18306,35.601122],[139.183037,35.601024],[139.18305,35.600936],[139.183082,35.600862],[139.183193,35.600712],[139.183268,35.600614],[139.183392,35.600441],[139.183463,35.600382],[139.183536,35.60037],[139.183616,35.600377],[139.183688,35.600433],[139.183733,35.600502],[139.183796,35.600648],[139.183848,35.600721],[139.183915,35.600778],[139.184009,35.600822],[139.184319,35.600883],[139.184936,35.601032],[139.185084,35.601041],[139.185221,35.601023],[139.185315,35.600993],[139.185386,35.600942],[139.185453,35.600857],[139.185493,35.600772],[139.185524,35.600653],[139.185562,35.600577],[139.185621,35.60051],[139.185671,35.600478],[139.185732,35.600459],[139.185846,35.600439],[139.185951,35.600438],[139.186033,35.600467],[139.186088,35.600503],[139.186122,35.600562],[139.186131,35.600646],[139.186129,35.60079],[139.186161,35.600874],[139.186218,35.600927],[139.186297,35.600964],[139.186382,35.600967],[139.186465,35.600954],[139.186568,35.600912],[139.186656,35.600846],[139.186714,35.600779],[139.186742,35.600721],[139.186755,35.600505],[139.18679,35.600384],[139.186851,35.600273],[139.186935,35.600214],[139.187046,35.600186],[139.187332,35.600174],[139.187672,35.600162],[139.187782,35.600176],[139.187881,35.600191],[139.188101,35.600251],[139.188271,35.600263],[139.188409,35.600249],[139.188483,35.600225],[139.188589,35.600175],[139.188788,35.600066],[139.189083,35.599944],[139.189177,35.599874],[139.189282,35.599769],[139.189361,35.599714],[139.18945,35.599658],[139.189657,35.599587],[139.189863,35.599528],[139.190037,35.59949],[139.190125,35.59945],[139.190165,35.599412],[139.19017,35.599366],[139.190127,35.599316],[139.190081,35.599267],[139.189931,35.599147],[139.189863,35.599058],[139.189831,35.598953],[139.189816,35.598848],[139.189838,35.598789],[139.189868,35.598746],[139.189926,35.598702]]}},{"type":"Feature","properties":{"id":1037270657,"highway":"unclassified"},"geometry":{"type":"LineString","coordinates":[[139.172136,35.589859],[139.171876,35.589865],[139.171768,35.589868],[139.171664,35.589886],[139.171606,35.5899],[139.171541,35.58992],[139.171466,35.589951],[139.17141,35.589974],[139.171354,35.589984],[139.171301,35.589984],[139.171222,35.589983]]}},{"type":"Feature","properties":{"id":1037270658,"highway":"unclassified"},"geometry":{"type":"LineString","coordinates":[[139.171222,35.589983],[139.171137,35.589976]]}},{"type":"Feature","properties":{"id":1037294420,"highway":"tertiary"},"geometry":{"type":"LineString","coordinates":[[139.127214,35.547224],[139.127028,35.547158],[139.126864,35.547129],[139.126702,35.547098],[139.126537,35.547088]]}},{"type":"Feature","properties":{"id":1037294421,"highway":"unclassified"},"geometry":{"type":"LineString","coordinates":[[139.13256,35.541749],[139.132632,35.541796],[139.132695,35.541874],[139.132726,35.541937],[139.132735,35.541978],[139.132742,35.542018],[139.13273,35.542108],[139.132723,35.542211],[139.132727,35.542278],[139.132738,35.542321],[139.132756,35.542367],[139.132813,35.54243],[139.132867,35.542483]]}},{"type":"Feature","properties":{"id":1037294422,"highway":"unclassified"},"geometry":{"type":"LineString","coordinates":[[139.126879,35.539607],[139.126864,35.539648],[139.126864,35.539686],[139.126873,35.539756],[139.1269,35.539851],[139.126951,35.540069],[139.12696,35.540139],[139.126948,35.540195],[139.126916,35.540267],[139.126883,35.540341],[139.126831,35.540797],[139.126827,35.540867]]}},{"type":"Feature","properties":{"id":1037294423,"highway":"service"},"geometry":{"type":"LineString","coordinates":[[139.127749,35.537971],[139.127809,35.53791],[139.127873,35.537941],[139.127972,35.538091],[139.128015,35.538224],[139.128011,35.53835],[139.128047,35.538419],[139.12822,35.538627],[139.12828,35.538647],[139.128369,35.538644],[139.128429,35.538598],[139.128443,35.538512],[139.128397,35.538258]]}},{"type":"Feature","properties":{"id":1065886380,"highway":"secondary"},"geometry":{"type":"LineString","coordinates":[[139.168806,35.590239],[139.169061,35.590413],[139.169376,35.590616],[139.169915,35.590968],[139.170123,35.591135],[139.170226,35.591248],[139.170419,35.591487],[139.170655,35.591747],[139.170931,35.592078],[139.171047,35.592187],[139.171207,35.592304],[139.171381,35.592405],[139.171585,35.592521],[139.171771,35.592644],[139.171854,35.592715],[139.171905,35.592778],[139.171946,35.592849],[139.171998,35.593041],[139.172047,35.593158],[139.172083,35.593196],[139.172123,35.59323]]}},{"type":"Feature","properties":{"id":1195170824,"highway":"secondary"},"geometry":{"type":"LineString","coordinates":[[139.137518,35.585728],[139.137485,35.58571],[139.137411,35.585689],[139.137348,35.585679],[139.137277,35.585673],[139.137216,35.585675],[139.13715,35.585695],[139.137093,35.585723],[139.137,35.585777],[139.136549,35.586075],[139.136485,35.586112],[139.1364,35.586152],[139.136346,35.586166],[139.136288,35.586169],[139.136204,35.586162],[139.136128,35.586149],[139.135736,35.58606],[139.135443,35.585991],[139.135281,35.585947],[139.135068,35.585877],[139.134903,35.585795],[139.134468,35.585533],[139.134208,35.585392],[139.133981,35.585281],[139.133875,35.585225],[139.133832,35.585199],[139.133803,35.585169],[139.133781,35.585136],[139.133754,35.58505],[139.133719,35.58492],[139.133705,35.584884],[139.133687,35.584855],[139.133655,35.584824],[139.133614,35.584806],[139.133555,35.584803],[139.133497,35.58481],[139.133438,35.584821],[139.133388,35.584825],[139.133328,35.584818],[139.13328,35.584799],[139.133208,35.584755],[139.133126,35.584687],[139.133031,35.584611],[139.132994,35.584588],[139.132955,35.584575],[139.132916,35.58457],[139.132867,35.584575],[139.132716,35.584612],[139.132553,35.584632],[139.132415,35.584635],[139.132292,35.584624],[139.132134,35.584596],[139.132031,35.584577],[139.131909,35.584572],[139.131623,35.584594],[139.131503,35.584596],[139.131441,35.584587],[139.131382,35.584573],[139.131267,35.584538],[139.131161,35.5845],[139.131122,35.584496],[139.131076,35.584497],[139.131021,35.584521],[139.130997,35.584551],[139.130987,35.584594],[139.130996,35.584635],[139.131023,35.584712],[139.131064,35.584826]]}},{"type":"Feature","properties":{"id":1195170825,"highway":"secondary"},"geometry":{"type":"LineString","coordinates":[[139.137695,35.585846],[139.137518,35.585728]]}},{"type":"Feature","properties":{"id":1263668094,"highway":"primary"},"geometry":{"type":"LineString","coordinates":[[139.120004,35.59464],[139.120089,35.594776],[139.120213,35.594906],[139.120325,35.594994],[139.120425,35.595054],[139.120537,35.595129],[139.120623,35.595192],[139.120716,35.595274],[139.120783,35.595361],[139.120831,35.595442],[139.120867,35.59555],[139.120914,35.595674],[139.120973,35.595864],[139.121062,35.596065],[139.121156,35.596234],[139.121242,35.596355],[139.121306,35.596418],[139.121413,35.596509],[139.121578,35.596608]]}},{"type":"Feature","properties":{"id":1280057980,"highway":"residential"},"geometry":{"type":"LineString","coordinates":[[139.15727,35.552968],[139.157312,35.552902],[139.157667,35.552404],[139.15782,35.552248],[139.157821,35.552177],[139.157832,35.552182]]}},{"type":"Feature","properties":{"id":1280057981,"highway":"residential"},"geometry":{"type":"LineString","coordinates":[[139.157832,35.552182],[139.15775,35.552112]]}},{"type":"Feature","properties":{"id":1286567884,"highway":"service"},"geometry":{"type":"LineString","coordinates":[[139.11863,35.54012],[139.11872,35.539776]]}},{"type":"Feature","properties":{"id":1286567885,"highway":"service"},"geometry":{"type":"LineString","coordinates":[[139.118381,35.540761],[139.118469,35.540526],[139.118478,35.540498],[139.118547,35.540387],[139.11856,35.540339],[139.118576,35.540254],[139.11863,35.54012]]}},{"type":"Feature","properties":{"id":1286567886,"highway":"service"},"geometry":{"type":"LineString","coordinates":[[139.11863,35.54012],[139.118765,35.540178],[139.118886,35.540238]]}},{"type":"Feature","properties":{"id":1286567887,"highway":"residential"},"geometry":{"type":"LineString","coordinates":[[139.135013,35.564404],[139.134924,35.564334],[139.134806,35.564196],[139.13475,35.564016],[139.134691,35.563756],[139.134671,35.563634],[139.134667,35.563566],[139.134673,35.563481],[139.134664,35.563433],[139.134631,35.563373],[139.134485,35.563095],[139.134425,35.56303]]}},{"type":"Feature","properties":{"id":1286567888,"highway":"residential"},"geometry":{"type":"LineString","coordinates":[[139.134425,35.56303],[139.13435,35.562961]]}},{"type":"Feature","properties":{"id":1286567889,"highway":"unclassified"},"geometry":{"type":"LineString","coordinates":[[139.135013,35.564404],[139.135128,35.564573],[139.135153,35.564717],[139.135169,35.56488],[139.135189,35.564937],[139.135213,35.564999],[139.13522,35.565034],[139.135221,35.565072],[139.135196,35.565448],[139.135195,35.56557],[139.135323,35.565922],[139.135346,35.566028],[139.135388,35.566139],[139.135427,35.566192],[139.135467,35.566245],[139.135557,35.566351],[139.13561,35.566413],[139.135646,35.566452]]}},{"type":"Feature","properties":{"id":1286567891,"highway":"unclassified"},"geometry":{"type":"LineString","coordinates":[[139.135646,35.566452],[139.135683,35.566502],[139.13569,35.566536],[139.135689,35.566571],[139.135643,35.566695],[139.13558,35.5669],[139.13555,35.567],[139.135534,35.567092],[139.135515,35.567235],[139.135485,35.567347],[139.135438,35.567475],[139.13535,35.567681],[139.135299,35.567818],[139.135261,35.567863],[139.135194,35.567912],[139.13504,35.567991],[139.13501,35.568017],[139.134989,35.568064],[139.134994,35.568126],[139.135028,35.568259],[139.135111,35.568484],[139.135144,35.568582],[139.135157,35.568651],[139.135163,35.568686],[139.135154,35.568715],[139.135133,35.568744],[139.135098,35.568775],[139.135016,35.56881],[139.134846,35.568873],[139.134544,35.568957],[139.134385,35.569011],[139.134326,35.569043],[139.134184,35.569063],[139.134092,35.569083],[139.134046,35.569104]]}},{"type":"Feature","properties":{"id":1286567892,"highway":"unclassified"},"geometry":{"type":"LineString","coordinates":[[139.134046,35.569104],[139.134006,35.569162]]}},{"type":"Feature","properties":{"id":1286580638,"highway":"service"},"geometry":{"type":"LineString","coordinates":[[139.123511,35.542534],[139.123444,35.542561],[139.123419,35.542575],[139.123384,35.5426],[139.123339,35.542641],[139.123296,35.542692],[139.123256,35.542741],[139.123213,35.542768],[139.123121,35.542805],[139.123037,35.542836],[139.122881,35.54291],[139.122731,35.542983],[139.122298,35.543197],[139.122252,35.543219],[139.122022,35.543387],[139.12191,35.543495],[139.12184,35.543583],[139.121662,35.543695]]}},{"type":"Feature","properties":{"id":1286580639,"highway":"residential"},"geometry":{"type":"LineString","coordinates":[[139.12758,35.546689],[139.12763,35.546792],[139.127677,35.546895],[139.127735,35.546995],[139.127792,35.547077],[139.127857,35.54714],[139.12802,35.547269],[139.128084,35.5474]]}},{"type":"Feature","properties":{"id":1286580640,"highway":"residential"},"geometry":{"type":"LineString","coordinates":[[139.130619,35.546978],[139.130837,35.54705]]}},{"type":"Feature","properties":{"id":1286580641,"highway":"service"},"geometry":{"type":"LineString","coordinates":[[139.13099,35.546637],[139.130767,35.546561]]}},{"type":"Feature","properties":{"id":1286580642,"highway":"service"},"geometry":{"type":"LineString","coordinates":[[139.126819,35.542251],[139.126969,35.542268],[139.127383,35.542329],[139.127585,35.54236],[139.127779,35.542394],[139.127799,35.542446],[139.127833,35.542504],[139.127837,35.542549],[139.127822,35.542589],[139.127792,35.542597]]}},{"type":"Feature","properties":{"id":1286580643,"highway":"unclassified"},"geometry":{"type":"LineString","coordinates":[[139.125581,35.536277],[139.125798,35.536819],[139.125816,35.536863],[139.125842,35.536901],[139.12595,35.53703],[139.126111,35.537228],[139.126193,35.537315],[139.126275,35.53741],[139.126346,35.537469],[139.126421,35.53751],[139.126436,35.537516],[139.126533,35.537556],[139.126595,35.537573],[139.126696,35.53759],[139.126794,35.53759],[139.126886,35.53757],[139.126962,35.537537],[139.127056,35.537489],[139.127108,35.53748],[139.127145,35.53748],[139.127218,35.537508],[139.127246,35.537536],[139.127272,35.537582],[139.127264,35.537647],[139.127223,35.537727],[139.127164,35.537802],[139.127124,35.537864],[139.127114,35.537942],[139.127168,35.538223],[139.127231,35.538526],[139.12728,35.538617]]}},{"type":"Feature","properties":{"id":1286580645,"highway":"service"},"geometry":{"type":"LineString","coordinates":[[139.127796,35.540986],[139.127937,35.54102],[139.128166,35.541075],[139.128269,35.541066],[139.128364,35.541053]]}},{"type":"Feature","properties":{"id":1286580646,"highway":"service"},"geometry":{"type":"LineString","coordinates":[[139.1269,35.539851],[139.126961,35.539891],[139.127163,35.540148],[139.127207,35.540267],[139.127181,35.540533]]}},{"type":"Feature","properties":{"id":1286580647,"highway":"primary"},"geometry":{"type":"LineString","coordinates":[[139.114893,35.536667],[139.114963,35.536716],[139.115016,35.536775],[139.115057,35.536817],[139.115269,35.53701],[139.11535,35.5371],[139.115419,35.53719],[139.115436,35.537261],[139.115431,35.537323],[139.115404,35.537384],[139.115363,35.537428],[139.115308,35.537467],[139.115063,35.537618],[139.114943,35.53769],[139.114889,35.537727],[139.114864,35.53777],[139.114852,35.537823],[139.114853,35.537872],[139.114865,35.537912],[139.114891,35.537953],[139.114942,35.538004],[139.115054,35.538053],[139.115131,35.538086],[139.115286,35.538204],[139.11538,35.538276],[139.115442,35.538322],[139.11546,35.53836],[139.115466,35.538404],[139.115447,35.538458],[139.115411,35.538522],[139.115323,35.538658],[139.115293,35.538719],[139.115294,35.538768],[139.115303,35.53881],[139.115336,35.538878],[139.115395,35.53894],[139.115478,35.539005],[139.11562,35.539092],[139.115758,35.539151],[139.115822,35.539174],[139.116085,35.539238],[139.116182,35.53925],[139.116273,35.539248],[139.116372,35.539237],[139.116472,35.539199],[139.116536,35.53916],[139.116607,35.539101],[139.116738,35.538979],[139.116795,35.538929],[139.116835,35.538886],[139.116873,35.538829],[139.116906,35.538742],[139.116934,35.53869],[139.116965,35.538649],[139.117007,35.53863],[139.117048,35.538622],[139.117131,35.538622],[139.117202,35.538646],[139.117248,35.538678],[139.11727,35.53871],[139.11728,35.538756],[139.117299,35.538896],[139.117315,35.538974],[139.11733,35.539043],[139.117362,35.539095],[139.117405,35.539141],[139.117514,35.539222],[139.117702,35.539319],[139.117873,35.539397],[139.117982,35.539459],[139.118058,35.539502],[139.118167,35.539555],[139.118317,35.539618],[139.118581,35.539727],[139.118665,35.539763],[139.11872,35.539776],[139.118801,35.539781],[139.118856,35.539773],[139.118895,35.539762],[139.118935,35.539726],[139.119,35.539641],[139.119067,35.539547],[139.119093,35.539477],[139.119104,35.539391],[139.119116,35.539291],[139.119145,35.539221],[139.119168,35.53918],[139.119205,35.539134],[139.119236,35.539108],[139.119308,35.539065],[139.119383,35.539046],[139.119486,35.539037],[139.119624,35.539012],[139.119703,35.538986],[139.119747,35.538948],[139.119788,35.538887],[139.119818,35.538833],[139.119887,35.5387],[139.119922,35.53866],[139.11996,35.538631],[139.120006,35.538608],[139.120058,35.538592],[139.120114,35.538588],[139.12016,35.53859],[139.120235,35.538602],[139.120554,35.538677],[139.120767,35.538727],[139.120902,35.538758],[139.12097,35.53878],[139.121032,35.538804],[139.12117,35.538889],[139.121247,35.538934],[139.121312,35.538964],[139.121414,35.538996],[139.12152,35.539014],[139.121601,35.539018],[139.12178,35.539007],[139.121885,35.539014],[139.121993,35.539042],[139.122056,35.539073],[139.122112,35.539109],[139.122275,35.539228],[139.122355,35.539281],[139.122447,35.539316],[139.122507,35.53933],[139.122579,35.539321],[139.122645,35.539297],[139.12268,35.539271],[139.122747,35.539195],[139.122818,35.539102],[139.122867,35.53904],[139.122909,35.53895],[139.122911,35.538836],[139.122888,35.538709],[139.122872,35.538604],[139.122887,35.538514],[139.122931,35.538419],[139.122991,35.538315],[139.123065,35.538144],[139.123105,35.537981],[139.123185,35.537624],[139.123208,35.537535],[139.123238,35.537455],[139.123275,35.537399],[139.123325,35.537361],[139.123382,35.537331],[139.123445,35.53729],[139.123475,35.537262],[139.123493,35.537242],[139.123511,35.537198],[139.123514,35.537162],[139.123517,35.537025],[139.123533,35.536923],[139.123556,35.536875],[139.123582,35.53684],[139.123642,35.536789],[139.123746,35.536743],[139.123844,35.536732],[139.123928,35.536745],[139.123981,35.536778],[139.12402,35.536823],[139.124044,35.536885],[139.124041,35.536974],[139.124042,35.537206],[139.124046,35.537453]]}},{"type":"Feature","properties":{"id":1286580648,"highway":"primary"},"geometry":{"type":"LineString","coordinates":[[139.114522,35.536625],[139.114593,35.536609],[139.114703,35.536607],[139.114757,35.536614],[139.1148,35.536627],[139.114849,35.536645],[139.114893,35.536667]]}},{"type":"Feature","properties":{"id":1286580649,"highway":"primary"},"geometry":{"type":"LineString","coordinates":[[139.112099,35.533914],[139.112086,35.534092],[139.112086,35.53416],[139.112102,35.534229],[139.112156,35.534308],[139.112225,35.534383],[139.112388,35.534523],[139.112539,35.534654],[139.112703,35.53474],[139.112824,35.534804],[139.112926,35.534842],[139.113003,35.534873],[139.113061,35.534923],[139.113077,35.534957],[139.113094,35.534992],[139.113095,35.535031],[139.113085,35.535073],[139.113064,35.535114],[139.11303,35.535158],[139.112981,35.535221],[139.112956,35.535272],[139.112942,35.535314],[139.112928,35.535422],[139.11289,35.535814],[139.112885,35.53591],[139.112887,35.535965],[139.112912,35.536029],[139.112953,35.536089],[139.113007,35.536143],[139.113069,35.536183],[139.113137,35.536207],[139.113211,35.536222],[139.113351,35.536244],[139.113418,35.53626],[139.113641,35.536331],[139.113708,35.53636],[139.113763,35.536388],[139.113813,35.536443],[139.11385,35.536527],[139.113884,35.536651],[139.113925,35.536757],[139.113969,35.536804],[139.114018,35.536823],[139.114073,35.536835],[139.11415,35.536832],[139.114219,35.536801],[139.114265,35.536771],[139.114312,35.536739],[139.114443,35.536661],[139.114522,35.536625]]}},{"type":"Feature","properties":{"id":1286580650,"highway":"primary"},"geometry":{"type":"LineString","coordinates":[[139.112126,35.533558],[139.112099,35.533914]]}},{"type":"Feature","properties":{"id":1286580651,"highway":"primary"},"geometry":{"type":"LineString","coordinates":[[139.11003,35.531307],[139.110142,35.531328],[139.110266,35.531343],[139.110313,35.531337],[139.11036,35.531318],[139.1104,35.531273],[139.110421,35.531231],[139.110441,35.531104],[139.11045,35.530962],[139.110466,35.530901],[139.11049,35.530857],[139.110527,35.530812],[139.110568,35.530791],[139.110631,35.530784],[139.110673,35.530796],[139.110718,35.530813],[139.110765,35.530863],[139.110772,35.530899],[139.110776,35.530939],[139.110776,35.53104],[139.110792,35.531123],[139.110843,35.531238],[139.110875,35.531288],[139.110912,35.531329],[139.110967,35.531376],[139.110981,35.53142],[139.11099,35.531468],[139.111007,35.531549],[139.111027,35.531677],[139.111026,35.531785],[139.111024,35.531885],[139.111036,35.531944],[139.111081,35.531996],[139.111162,35.532029],[139.111332,35.532023],[139.11141,35.532027],[139.111492,35.532052],[139.111527,35.532078],[139.11155,35.532112],[139.111568,35.532141],[139.111573,35.532179],[139.11156,35.532311],[139.111545,35.532392],[139.111546,35.532457],[139.111568,35.532511],[139.11161,35.532551],[139.111654,35.53258],[139.111701,35.532599],[139.111847,35.532669],[139.111958,35.532724],[139.112016,35.532771],[139.112062,35.532819],[139.112099,35.53287],[139.112131,35.532933],[139.112157,35.533032],[139.112158,35.533095],[139.112155,35.533161],[139.11214,35.533354],[139.112126,35.533558]]}},{"type":"Feature","properties":{"id":1286580652,"highway":"primary"},"geometry":{"type":"LineString","coordinates":[[139.109767,35.531261],[139.11003,35.531307]]}},{"type":"Feature","properties":{"id":1286580653,"highway":"primary"},"geometry":{"type":"LineString","coordinates":[[139.108241,35.528524],[139.108201,35.528589],[139.108089,35.528676],[139.10799,35.528737],[139.107836,35.528777],[139.10774,35.528798],[139.107599,35.528842],[139.107526,35.528866],[139.107436,35.528989],[139.107354,35.529093],[139.107321,35.529135],[139.107288,35.529187],[139.10727,35.529238],[139.107269,35.529282],[139.107327,35.52952],[139.10734,35.529596],[139.107354,35.529722],[139.107369,35.529842],[139.107373,35.52995],[139.107365,35.530009],[139.107341,35.530078],[139.107317,35.530125],[139.107285,35.530179],[139.107221,35.530283],[139.107101,35.530487],[139.10707,35.530543],[139.107055,35.53058],[139.107055,35.530686],[139.107065,35.530796],[139.107076,35.530918],[139.107104,35.531005],[139.107135,35.53106],[139.107321,35.531296],[139.107389,35.531394],[139.107431,35.531492],[139.107473,35.531642],[139.1075,35.531701],[139.107533,35.53174],[139.107571,35.531771],[139.107633,35.53179],[139.1077,35.531791],[139.107752,35.531781],[139.107805,35.53176],[139.107969,35.531671],[139.108256,35.53151],[139.108553,35.531347],[139.108812,35.531203],[139.108932,35.531166],[139.109039,35.53115],[139.109132,35.531151],[139.109212,35.531162],[139.109433,35.531209],[139.109767,35.531261]]}},{"type":"Feature","properties":{"id":1286580654,"highway":"primary"},"geometry":{"type":"LineString","coordinates":[[139.108307,35.528444],[139.108241,35.528524]]}},{"type":"Feature","properties":{"id":1286580655,"highway":"primary"},"geometry":{"type":"LineString","coordinates":[[139.106506,35.525108],[139.106362,35.525203],[139.1062,35.52528],[139.106117,35.525338],[139.10608,35.525371],[139.106042,35.52542],[139.106024,35.52547],[139.106014,35.525526],[139.106018,35.525582],[139.106043,35.525645],[139.106087,35.525703],[139.106157,35.525771],[139.10655,35.526138],[139.106998,35.526494],[139.107233,35.526678],[139.107436,35.526838],[139.107484,35.526882],[139.107531,35.526939],[139.107607,35.527036],[139.107737,35.527223],[139.107767,35.527285],[139.107792,35.527353],[139.107827,35.5275],[139.107834,35.527569],[139.107895,35.527859],[139.107942,35.528061],[139.107959,35.528106],[139.107989,35.528143],[139.108034,35.528174],[139.108083,35.528198],[139.108195,35.528238],[139.108298,35.528281],[139.108336,35.528304],[139.108353,35.528338],[139.108345,35.528376],[139.108307,35.528444]]}},{"type":"Feature","properties":{"id":1286580656,"highway":"primary"},"geometry":{"type":"LineString","coordinates":[[139.106544,35.524709],[139.106601,35.524746],[139.106647,35.524802],[139.106673,35.52486],[139.106673,35.52491],[139.10667,35.524951],[139.106658,35.524981],[139.106639,35.525018],[139.106596,35.525062],[139.106506,35.525108]]}},{"type":"Feature","properties":{"id":1286594918,"highway":"tertiary"},"geometry":{"type":"LineString","coordinates":[[139.135066,35.546167],[139.134951,35.546193]]}},{"type":"Feature","properties":{"id":1286594919,"highway":"tertiary"},"geometry":{"type":"LineString","coordinates":[[139.135277,35.546057],[139.135066,35.546167]]}},{"type":"Feature","properties":{"id":1286594920,"highway":"tertiary"},"geometry":{"type":"LineString","coordinates":[[139.140893,35.547204],[139.140867,35.547164],[139.140831,35.547089],[139.140817,35.546989],[139.140819,35.546968],[139.140822,35.546932],[139.14084,35.546852],[139.140918,35.546674],[139.140985,35.546531],[139.141002,35.546453],[139.141009,35.546398],[139.141004,35.546349],[139.14099,35.546305],[139.140966,35.54626],[139.140914,35.54621],[139.140832,35.546152]]}},{"type":"Feature","properties":{"id":1286594921,"highway":"tertiary"},"geometry":{"type":"LineString","coordinates":[[139.140192,35.545927],[139.139599,35.545726]]}},{"type":"Feature","properties":{"id":1286594922,"highway":"tertiary"},"geometry":{"type":"LineString","coordinates":[[139.140526,35.546035],[139.140192,35.545927]]}},{"type":"Feature","properties":{"id":1286594923,"highway":"tertiary"},"geometry":{"type":"LineString","coordinates":[[139.140832,35.546152],[139.140636,35.546071],[139.140526,35.546035]]}},{"type":"Feature","properties":{"id":1286594924,"highway":"tertiary"},"geometry":{"type":"LineString","coordinates":[[139.141766,35.547536],[139.141653,35.547499]]}},{"type":"Feature","properties":{"id":1286594925,"highway":"primary"},"geometry":{"type":"LineString","coordinates":[[139.133321,35.550703],[139.133326,35.550728],[139.133338,35.550745],[139.133368,35.550762],[139.133452,35.550804],[139.133492,35.550826]]}},{"type":"Feature","properties":{"id":1286594926,"highway":"primary"},"geometry":{"type":"LineString","coordinates":[[139.133492,35.550826],[139.133709,35.550943]]}},{"type":"Feature","properties":{"id":1287051933,"highway":"residential"},"geometry":{"type":"LineString","coordinates":[[139.152641,35.581509],[139.152782,35.581479],[139.152864,35.581485],[139.152923,35.581486],[139.152945,35.581479],[139.152964,35.581463],[139.152974,35.581439],[139.152973,35.581404],[139.152966,35.581376],[139.152945,35.581357],[139.152878,35.581307],[139.15283,35.581278],[139.152789,35.581259],[139.152706,35.581233],[139.152673,35.581221],[139.152636,35.581203],[139.152612,35.581181],[139.152577,35.581144],[139.15256,35.581122],[139.152545,35.581103],[139.152535,35.581078],[139.152539,35.581053],[139.152559,35.58104],[139.152603,35.581041],[139.152637,35.581053],[139.152688,35.581071],[139.152725,35.58108],[139.152763,35.581085],[139.152819,35.581085],[139.15286,35.581079],[139.152999,35.581059],[139.153093,35.581049],[139.153173,35.581045],[139.15322,35.581053],[139.153251,35.581073],[139.153288,35.581109],[139.153308,35.581124],[139.153327,35.581127]]}},{"type":"Feature","properties":{"id":1287051937,"highway":"residential"},"geometry":{"type":"LineString","coordinates":[[139.14982,35.580059],[139.149909,35.58014],[139.150024,35.580254],[139.150152,35.580379],[139.150266,35.580456],[139.150416,35.58055],[139.150499,35.580608]]}},{"type":"Feature","properties":{"id":1287051938,"highway":"residential"},"geometry":{"type":"LineString","coordinates":[[139.152248,35.581495],[139.152062,35.581429],[139.151959,35.581401],[139.151929,35.58139],[139.151895,35.581367],[139.151846,35.581321],[139.151812,35.581297],[139.151745,35.581279],[139.151438,35.581193],[139.15137,35.581167],[139.151354,35.581151],[139.151351,35.581134],[139.151409,35.580976],[139.151441,35.580908],[139.151492,35.580889]]}},{"type":"Feature","properties":{"id":1287066674,"highway":"residential"},"geometry":{"type":"LineString","coordinates":[[139.144296,35.581221],[139.144434,35.581279],[139.144594,35.581375],[139.144735,35.581475],[139.144778,35.581503]]}},{"type":"Feature","properties":{"id":1287066675,"highway":"residential"},"geometry":{"type":"LineString","coordinates":[[139.141835,35.582782],[139.14185,35.582818],[139.141803,35.583004],[139.141813,35.583072],[139.141837,35.583141]]}},{"type":"Feature","properties":{"id":1287066676,"highway":"residential"},"geometry":{"type":"LineString","coordinates":[[139.141619,35.583082],[139.141646,35.583034],[139.141674,35.583027],[139.141708,35.583007],[139.141744,35.582963],[139.141785,35.582896],[139.141835,35.582782],[139.141832,35.582754],[139.141799,35.582716],[139.141762,35.582689],[139.14173,35.582666],[139.141713,35.582644],[139.141702,35.582616],[139.141708,35.582578],[139.141716,35.58254],[139.141737,35.582521],[139.141765,35.582512],[139.141819,35.58249],[139.141866,35.582466],[139.141929,35.582427],[139.141968,35.582406],[139.142016,35.582393],[139.142065,35.582381],[139.142274,35.582353],[139.142717,35.582332],[139.143081,35.582344],[139.143207,35.582328]]}},{"type":"Feature","properties":{"id":1287066677,"highway":"residential"},"geometry":{"type":"LineString","coordinates":[[139.141565,35.583181],[139.141619,35.583082]]}},{"type":"Feature","properties":{"id":1287066678,"highway":"residential"},"geometry":{"type":"LineString","coordinates":[[139.1416,35.583428],[139.141503,35.58342],[139.141475,35.583415],[139.141459,35.583406],[139.141441,35.583385],[139.141429,35.583368],[139.141412,35.583354],[139.141391,35.583346],[139.141344,35.583344],[139.141307,35.583349],[139.14115,35.583349],[139.141106,35.583345],[139.141069,35.583346],[139.141043,35.583355],[139.141018,35.583367],[139.140907,35.58346],[139.140878,35.583479],[139.140841,35.5835],[139.140793,35.583523],[139.140743,35.58354],[139.140662,35.583551],[139.140614,35.583565],[139.140576,35.58358],[139.140519,35.583593]]}},{"type":"Feature","properties":{"id":1287066679,"highway":"residential"},"geometry":{"type":"LineString","coordinates":[[139.140524,35.583836],[139.140481,35.583716],[139.140472,35.583678],[139.140475,35.583651],[139.140485,35.583623],[139.140519,35.583593],[139.140528,35.583584],[139.1406,35.583514],[139.140626,35.583486],[139.140645,35.58345],[139.14066,35.583395],[139.140662,35.583347]]}},{"type":"Feature","properties":{"id":1287066680,"highway":"residential"},"geometry":{"type":"LineString","coordinates":[[139.141646,35.583034],[139.141671,35.582978],[139.141673,35.582947],[139.141671,35.582903],[139.14166,35.58285],[139.141651,35.582826],[139.141629,35.582804],[139.141621,35.582798],[139.141603,35.582783],[139.141571,35.582765],[139.141536,35.582749],[139.141457,35.582729],[139.141409,35.582715],[139.141365,35.582691],[139.141309,35.582655],[139.141278,35.582631],[139.141252,35.582608],[139.141238,35.582579],[139.14123,35.582555],[139.141227,35.582525],[139.141235,35.58249],[139.141264,35.582426],[139.141285,35.582379],[139.141301,35.582328],[139.141307,35.582278],[139.141295,35.582225],[139.141275,35.582184],[139.141238,35.582116],[139.141229,35.58208],[139.141226,35.582023],[139.141226,35.581983]]}},{"type":"Feature","properties":{"id":1287066681,"highway":"residential"},"geometry":{"type":"LineString","coordinates":[[139.141621,35.582798],[139.141636,35.582767],[139.141631,35.582742],[139.141622,35.582726],[139.141619,35.582703],[139.141626,35.582651],[139.14164,35.582616],[139.141656,35.582591],[139.141716,35.58254]]}},{"type":"Feature","properties":{"id":1287066682,"highway":"residential"},"geometry":{"type":"LineString","coordinates":[[139.143446,35.582841],[139.143273,35.583073],[139.143226,35.583161],[139.143197,35.583265],[139.143188,35.583447],[139.143205,35.58352],[139.143241,35.583598]]}},{"type":"Feature","properties":{"id":1287066683,"highway":"residential"},"geometry":{"type":"LineString","coordinates":[[139.143446,35.582841],[139.143321,35.582743],[139.143121,35.582602],[139.143077,35.582576],[139.143038,35.582562],[139.143,35.582558],[139.142869,35.582564],[139.142795,35.582572],[139.142683,35.582576],[139.142582,35.582572],[139.142522,35.58256],[139.142468,35.582525]]}},{"type":"Feature","properties":{"id":1300686662,"highway":"service"},"geometry":{"type":"LineString","coordinates":[[139.128397,35.538258],[139.128376,35.538222],[139.128355,35.538055],[139.12834,35.537935],[139.128287,35.537514],[139.128251,35.537493],[139.128067,35.537529],[139.128038,35.537537],[139.127989,35.537609],[139.128011,35.53772],[139.128065,35.537757],[139.12809,35.537858],[139.128276,35.53788],[139.12834,35.537935]]}},{"type":"Feature","properties":{"id":1300686663,"highway":"service"},"geometry":{"type":"LineString","coordinates":[[139.128355,35.538055],[139.128155,35.538069],[139.128152,35.538015],[139.128098,35.537943],[139.12809,35.537858]]}},{"type":"Feature","properties":{"id":1314143366,"highway":"residential"},"geometry":{"type":"LineString","coordinates":[[139.11704,35.577801],[139.11709,35.57778],[139.117161,35.577816],[139.11723,35.577823],[139.1174,35.577758],[139.117537,35.577725],[139.118088,35.577632],[139.118547,35.577562],[139.118983,35.577495],[139.119181,35.577489],[139.119309,35.577509],[139.119431,35.577551],[139.119564,35.577601],[139.119694,35.577661]]}},{"type":"Feature","properties":{"id":1314146377,"highway":"residential"},"geometry":{"type":"LineString","coordinates":[[139.117657,35.580545],[139.117932,35.58042],[139.118545,35.580164],[139.118635,35.580131],[139.118771,35.580079],[139.118896,35.580052],[139.119074,35.58001],[139.119241,35.579995],[139.119329,35.579968],[139.119385,35.579929],[139.119411,35.579874],[139.119478,35.579622]]}},{"type":"Feature","properties":{"id":1314146379,"highway":"residential"},"geometry":{"type":"LineString","coordinates":[[139.120084,35.580092],[139.120107,35.579995],[139.120127,35.579841],[139.119605,35.579484],[139.119565,35.579441],[139.119554,35.579403],[139.119565,35.579363],[139.11959,35.579327],[139.119585,35.579286],[139.119591,35.579244],[139.119731,35.578966],[139.119782,35.578901],[139.120014,35.578427],[139.120144,35.578122],[139.120186,35.57807],[139.120282,35.578014]]}},{"type":"Feature","properties":{"id":1354412683,"highway":"secondary"},"geometry":{"type":"LineString","coordinates":[[139.172123,35.59323],[139.172299,35.593078],[139.17273,35.592644],[139.17288,35.592496],[139.172946,35.592398],[139.172983,35.592312],[139.172983,35.592241],[139.172958,35.592143],[139.172857,35.591918],[139.172784,35.591737],[139.172758,35.591605],[139.172772,35.591471],[139.172749,35.591349],[139.172727,35.591278],[139.172657,35.591125],[139.172564,35.590957],[139.172524,35.590848],[139.172503,35.590752],[139.17251,35.590667],[139.172524,35.590532],[139.17254,35.590406],[139.172579,35.590296],[139.172626,35.590219],[139.172717,35.590112],[139.172821,35.589988],[139.172895,35.58988],[139.172899,35.589873]]}},{"type":"Feature","properties":{"id":1354412684,"highway":"secondary"},"geometry":{"type":"LineString","coordinates":[[139.172899,35.589873],[139.17295,35.589803]]}},{"type":"Feature","properties":{"id":1354412685,"highway":"secondary"},"geometry":{"type":"LineString","coordinates":[[139.17295,35.589803],[139.172995,35.58974],[139.173169,35.589461],[139.173249,35.589306],[139.173308,35.589186],[139.173336,35.589095],[139.173364,35.588966],[139.173363,35.588705],[139.173351,35.588446],[139.17333,35.588328],[139.173298,35.588259],[139.173252,35.588191],[139.173202,35.588128],[139.1731,35.588025],[139.172981,35.587891],[139.172926,35.587808],[139.172901,35.587737],[139.172907,35.587678],[139.172916,35.58763],[139.172949,35.587583],[139.173019,35.587513],[139.173055,35.587465],[139.173073,35.587412],[139.173084,35.587336],[139.173079,35.587274],[139.173071,35.5872],[139.173056,35.587101],[139.172967,35.586843],[139.172932,35.586732],[139.172921,35.58666],[139.172937,35.586602],[139.172969,35.586543],[139.173064,35.586454],[139.173116,35.586377],[139.173159,35.586316],[139.173182,35.586238],[139.173202,35.58613],[139.173229,35.585971],[139.173246,35.585912],[139.173283,35.585861],[139.173327,35.58582],[139.173383,35.585774],[139.173442,35.585735],[139.173544,35.585689],[139.173789,35.585582],[139.173903,35.585528],[139.173992,35.585472],[139.174061,35.585419],[139.174117,35.58536],[139.174268,35.585191],[139.174364,35.585094],[139.174387,35.585066]]}},{"type":"Feature","properties":{"id":1354412686,"highway":"secondary"},"geometry":{"type":"LineString","coordinates":[[139.174387,35.585066],[139.174451,35.584991]]}},{"type":"Feature","properties":{"id":1354412687,"highway":"secondary"},"geometry":{"type":"LineString","coordinates":[[139.174451,35.584991],[139.174709,35.584712],[139.174824,35.584582],[139.174871,35.584505],[139.174931,35.584394],[139.174985,35.584301],[139.175015,35.584273],[139.175052,35.584249],[139.175123,35.584227],[139.175205,35.584221]]}},{"type":"Feature","properties":{"id":1354412688,"highway":"secondary"},"geometry":{"type":"LineString","coordinates":[[139.175205,35.584221],[139.1753,35.584212]]}},{"type":"Feature","properties":{"id":1354427592,"highway":"residential"},"geometry":{"type":"LineString","coordinates":[[139.173064,35.586454],[139.173013,35.586218],[139.173026,35.586108],[139.173068,35.585922],[139.173108,35.585787],[139.173113,35.585734],[139.173096,35.585688],[139.173051,35.585635],[139.172962,35.585575],[139.172834,35.585487]]}},{"type":"Feature","properties":{"id":1354427593,"highway":"residential"},"geometry":{"type":"LineString","coordinates":[[139.172834,35.585487],[139.172795,35.58546]]}},{"type":"Feature","properties":{"id":1354978877,"highway":"secondary"},"geometry":{"type":"LineString","coordinates":[[139.184027,35.577295],[139.184164,35.577253],[139.184326,35.577176],[139.184519,35.577069],[139.184805,35.576896],[139.184996,35.576767],[139.18509,35.576682],[139.185234,35.576561],[139.185313,35.576498],[139.185386,35.576458],[139.185544,35.576417],[139.185683,35.576366],[139.185746,35.576321],[139.185807,35.576268],[139.18588,35.576183],[139.186045,35.575849],[139.186202,35.575541],[139.186261,35.575416],[139.186287,35.575386],[139.186335,35.575366],[139.186402,35.575358],[139.186494,35.575367],[139.186571,35.575406],[139.186664,35.575429],[139.186746,35.575435],[139.186824,35.575431],[139.186925,35.575397],[139.187105,35.575305],[139.187185,35.575278],[139.187277,35.575268],[139.18735,35.575288],[139.187424,35.575351],[139.187484,35.575416],[139.187645,35.575632],[139.187675,35.575699],[139.187676,35.575766],[139.187659,35.57591],[139.187591,35.576141],[139.187569,35.576184],[139.187537,35.576254],[139.187474,35.576335],[139.187238,35.576502],[139.187159,35.576568],[139.18714,35.57662],[139.187144,35.576659],[139.187157,35.576708],[139.187184,35.576752],[139.187223,35.576785]]}},{"type":"Feature","properties":{"id":1354978878,"highway":"secondary"},"geometry":{"type":"LineString","coordinates":[[139.187223,35.576785],[139.187294,35.576794]]}},{"type":"Feature","properties":{"id":1354978879,"highway":"residential"},"geometry":{"type":"LineString","coordinates":[[139.189672,35.575229],[139.189698,35.575136],[139.189996,35.574876],[139.190037,35.57483],[139.190049,35.574803],[139.19004,35.574757],[139.189978,35.574732],[139.18994,35.574736],[139.189792,35.574821],[139.189737,35.574844],[139.189613,35.574844],[139.189597,35.574828]]}},{"type":"Feature","properties":{"id":1354978880,"highway":"residential"},"geometry":{"type":"LineString","coordinates":[[139.189597,35.574828],[139.189551,35.574782]]}},{"type":"Feature","properties":{"id":1355722966,"highway":"secondary"},"geometry":{"type":"LineString","coordinates":[[139.167242,35.590034],[139.167271,35.590109],[139.167333,35.590184],[139.16738,35.590228],[139.16744,35.590258],[139.167495,35.590283],[139.167568,35.590292],[139.16764,35.590287],[139.167724,35.590274],[139.167795,35.59025],[139.167968,35.59019],[139.16821,35.590115],[139.168352,35.590098],[139.168488,35.590119],[139.168593,35.590148]]}},{"type":"Feature","properties":{"id":1355722967,"highway":"secondary"},"geometry":{"type":"LineString","coordinates":[[139.168593,35.590148],[139.168698,35.590184],[139.168806,35.590239]]}},{"type":"Feature","properties":{"id":1427987523,"highway":"residential"},"geometry":{"type":"LineString","coordinates":[[139.137535,35.595385],[139.137617,35.59536],[139.137725,35.595329],[139.138041,35.59521],[139.138125,35.59517],[139.138222,35.595104],[139.138321,35.59504]]}},{"type":"Feature","properties":{"id":1429653798,"highway":"service"},"geometry":{"type":"LineString","coordinates":[[139.126983,35.541411],[139.127151,35.541523]]}},{"type":"Feature","properties":{"id":1429699281,"highway":"service"},"geometry":{"type":"LineString","coordinates":[[139.127073,35.539725],[139.127051,35.539654],[139.127059,35.539541],[139.127064,35.539477]]}},{"type":"Feature","properties":{"id":1429699830,"highway":"service"},"geometry":{"type":"LineString","coordinates":[[139.126927,35.54215],[139.12686,35.542153]]}},{"type":"Feature","properties":{"id":1443646711,"highway":"unclassified"},"geometry":{"type":"LineString","coordinates":[[139.129607,35.54614],[139.129628,35.5461],[139.12971,35.545943]]}},{"type":"Feature","properties":{"id":1443646712,"highway":"unclassified"},"geometry":{"type":"LineString","coordinates":[[139.129595,35.546591],[139.129777,35.546233]]}},{"type":"Feature","properties":{"id":1476803811,"highway":"unclassified"},"geometry":{"type":"LineString","coordinates":[[139.129791,35.541291],[139.130293,35.541677],[139.130331,35.54171],[139.13046,35.541798]]}},{"type":"Feature","properties":{"id":1554362605,"highway":"trunk"},"geometry":{"type":"LineString","coordinates":[[139.128297,35.544728],[139.128376,35.544735]]}},{"type":"Feature","properties":{"id":1557989475,"highway":"unclassified"},"geometry":{"type":"LineString","coordinates":[[139.123771,35.541355],[139.123849,35.541207],[139.124035,35.541045],[139.124137,35.540903],[139.124222,35.540712],[139.124238,35.54054],[139.124176,35.5404]]}},{"type":"Feature","properties":{"id":1557993265,"highway":"service"},"geometry":{"type":"LineString","coordinates":[[139.126111,35.537228],[139.12605,35.53725],[139.125956,35.537288],[139.125854,35.537338],[139.125803,35.537386],[139.125905,35.537445]]}},{"type":"Feature","properties":{"id":1558278672,"highway":"service"},"geometry":{"type":"LineString","coordinates":[[139.127008,35.541607],[139.127151,35.541652],[139.127276,35.541711]]}},{"type":"Feature","properties":{"id":1558278676,"highway":"service"},"geometry":{"type":"LineString","coordinates":[[139.124506,35.543138],[139.12454,35.543099],[139.124592,35.54312],[139.12464,35.543198],[139.124687,35.543372],[139.12472,35.543489],[139.124753,35.543571]]}},{"type":"Feature","properties":{"id":1558278685,"highway":"service"},"geometry":{"type":"LineString","coordinates":[[139.125691,35.543188],[139.125832,35.543201],[139.125857,35.543233],[139.12604,35.543272]]}},{"type":"Feature","properties":{"id":1558279701,"highway":"service"},"geometry":{"type":"LineString","coordinates":[[139.132565,35.54267],[139.132473,35.54281],[139.132617,35.542851],[139.132799,35.542963],[139.132867,35.542994]]}},{"type":"Feature","properties":{"id":1558279702,"highway":"service"},"geometry":{"type":"LineString","coordinates":[[139.133183,35.542919],[139.133056,35.542908],[139.132953,35.542881],[139.132901,35.542836],[139.132867,35.542832]]}},{"type":"Feature","properties":{"id":1558279703,"highway":"service"},"geometry":{"type":"LineString","coordinates":[[139.132326,35.542856],[139.132392,35.542868],[139.132424,35.54282],[139.132473,35.54281]]}},{"type":"Feature","properties":{"id":1558279953,"highway":"service"},"geometry":{"type":"LineString","coordinates":[[139.134253,35.542856],[139.134383,35.542893],[139.134389,35.543304],[139.1344,35.54336]]}},{"type":"Feature","properties":{"id":1558279954,"highway":"service"},"geometry":{"type":"LineString","coordinates":[[139.133953,35.543049],[139.133933,35.543224],[139.133939,35.543426]]}},{"type":"Feature","properties":{"id":1558280292,"highway":"service"},"geometry":{"type":"LineString","coordinates":[[139.128922,35.54152],[139.129018,35.541462],[139.129054,35.541462],[139.129282,35.541503],[139.129314,35.541509],[139.129351,35.541507]]}}]}